transaction_ref,transaction_cur,ref_ns,cur_ns,depth_stamp_ns,status,triggered,observation_available,quality_passed,quality_rejection_reason,detected,tracked,depth_associated,depth_fraction,grid_occupancy,hull_fraction,median_parallax_px,pnp_inliers,inlier_ratio,reprojection_rmse_px,innovation_chi_square,visual_information_rowmajor,projected_weak_information_rowmajor,projected_eigenvalues,visual_effective_rank,visual_measurement_rank,visual_condition,visual_subspace_status,trigger_reason,measurement_map_xyz,innovation_map_xyz,innovation_norm_m,position_correction_norm_m,velocity_correction_norm_m,anchor_projected_covariance_rowmajor,current_position_covariance_rowmajor,effective_noise_rowmajor,update_ms
1,2,1660857393704842966,1660857393786305998,1660857393702086285,REJECTED_INSUFFICIENT_IMAGE_PARALLAX,1,1,0,INSUFFICIENT_IMAGE_PARALLAX,161,161,41,0.25465838509316768,0.41666666666666669,0.20688679785798361,0.01857355609536171,41,1,0.031106582524735922,9.1266562323332887e-06,0.7372267777;-0.9552938597;-0.9719133701;0;9.79757335;-9.630036945;-0.9552938597;2.894143705;-0.3685585677;-9.79757335;0;25.39504568;-0.9719133701;-0.3685585677;2.881429517;9.630036945;-25.39504568;0;0;-9.79757335;9.630036945;256;0;0;9.79757335;0;-25.39504568;0;256;0;-9.630036945;25.39504568;0;0;0;256,256.0508734;-0.9345900359;-0.06889551696;-4.20058718;0;0;-0.9345900359;242.1215135;3.338776403;-60.31163219;0;0;-0.06889551696;3.338776403;256.1648776;12.28370913;0;0;-4.20058718;-60.31163219;12.28370913;15.77169828;0;0;0;0;0;0;0;0;0;0;0;0;0;0,257.3204699;256.8008864;255.9876065;0;0;0,3,3,1.005206749391518,VISUAL_COMPLEMENTS_LIDAR_WEAK_SUBSPACE,UOBS_JOINT_WEAK_SUBSPACE,-0.07344390052;-0.02953694443;-0.03091948227,-0.006200396691;-0.000564756882;-0.0003297283555,0.0062347887094258876,0,0,1.041821783;0.0005569591919;-0.009382993835;0.0005569591919;1.055232325;-0.0007698263593;-0.009382993835;-0.0007698263593;1.028846578,1.09059868;-0.005562987033;-0.02222505309;-0.005562987033;1.180817233;-0.00180122046;-0.02222505309;-0.00180122046;1.065556636,3.176742248;-0.00444906865;-0.04099104076;-0.00444906865;3.293781885;-0.003340873178;-0.04099104076;-0.003340873178;3.125749792,0
3,4,1660857393908525486,1660857393989997350,1660857393903806285,REJECTED_INSUFFICIENT_IMAGE_PARALLAX,1,1,0,INSUFFICIENT_IMAGE_PARALLAX,163,163,45,0.27607361963190186,0.5,0.23016919310792222,0.026055954396724701,45,1,0.035469821724464841,3.0950237001935858e-05,0.7337819396;-0.958250871;-0.9658192592;0;9.729490394;-9.653247806;-0.958250871;2.892395339;-0.3668796164;-9.729490394;0;25.41240295;-0.9658192592;-0.3668796164;2.886622721;9.653247806;-25.41240295;0;0;-9.729490394;9.653247806;256;0;0;9.729490394;0;-25.41240295;0;256;0;-9.653247806;25.41240295;0;0;0;256,256.0721429;-0.7491060181;-0.07752476294;-3.494164072;0;0;-0.7491060181;243.2401814;3.73731749;-58.12918859;0;0;-0.07752476294;3.73731749;255.8933035;14.50783286;0;0;-3.494164072;-58.12918859;14.50783286;14.87132329;0;0;0;0;0;0;0;0;0;0;0;0;0;0,257.3037596;256.7846792;255.9885123;0;0;0,3,3,1.0051379153447881,VISUAL_COMPLEMENTS_LIDAR_WEAK_SUBSPACE,UOBS_JOINT_WEAK_SUBSPACE,-0.05336435533;-0.02388834104;-0.029430339,-0.01214775022;-0.0025916086;-0.0004140527133,0.012428021170211931,0,0,1.19898985;-0.02216711597;-0.05233099624;-0.02216711597;1.576733256;-0.007428851969;-0.05233099624;-0.007428851969;1.143388882,1.298916966;-0.05536255682;-0.07976968443;-0.05536255682;2.154375494;-0.01139288046;-0.07976968443;-0.01139288046;1.213500807,3.699396667;-0.09969678876;-0.1844316769;-0.09969678876;5.310342008;-0.02625058439;-0.1844316769;-0.02625058439;3.502778573,0
5,6,1660857394112203838,1660857394193683222,1660857394105470255,REJECTED_INSUFFICIENT_IMAGE_PARALLAX,1,1,0,INSUFFICIENT_IMAGE_PARALLAX,163,162,39,0.24074074074074073,0.41666666666666669,0.1975605845648219,0.024588704109191895,39,1,0.049451354376781873,5.3803736480037071e-05,0.7336687745;-0.9570412602;-0.9669132085;0;9.74029217;-9.640846161;-0.9570412602;2.893330021;-0.3668150718;-9.74029217;0;25.41297294;-0.9669132085;-0.3668150718;2.885801205;9.640846161;-25.41297294;0;0;-9.74029217;9.640846161;256;0;0;9.74029217;0;-25.41297294;0;256;0;-9.640846161;25.41297294;0;0;0;256,255.9618941;-1.473332764;0.09034591435;-6.43096162;0;0;-1.473332764;242.0096713;3.669639738;-60.5065258;0;0;0.09034591435;3.669639738;255.9688959;13.62620322;0;0;-6.43096162;-60.5065258;13.62620322;16.13514523;0;0;0;0;0;0;0;0;0;0;0;0;0;0,257.3022777;256.7843276;255.9890012;0;0;0,3,3,1.0051302067893808,VISUAL_COMPLEMENTS_LIDAR_WEAK_SUBSPACE,UOBS_JOINT_WEAK_SUBSPACE,-0.01811580618;-0.01907874111;-0.0279556631,-0.0179620781;-0.003415602453;-0.0003040501099,0.018286471400990673,0,0,1.481507236;-0.03734612552;-0.1300305346;-0.03734612552;2.678578669;-0.03376712598;-0.1300305346;-0.03376712598;1.323887067,1.639577985;-0.08263270682;-0.1744916014;-0.08263270682;3.733803473;-0.04625329336;-0.1744916014;-0.04625329336;1.423531668,4.605092458;-0.1573249579;-0.4345526707;-0.1573249579;9.093460812;-0.1137875453;-0.4345526707;-0.1137875453;4.073805803,0
7,8,1660857394315901478,1660857394397370190,1660857394307190255,REJECTED_INSUFFICIENT_IMAGE_PARALLAX,1,1,0,INSUFFICIENT_IMAGE_PARALLAX,155,155,40,0.25806451612903225,0.5,0.20027019238881413,0.019653018563985825,40,1,0.033372008664892254,7.5726062888159686e-05,0.7328039684;-0.9556399177;-0.9674985964;0;9.744519038;-9.62507998;-0.9556399177;2.894516544;-0.3663741215;-9.744519038;0;25.41732842;-0.9674985964;-0.3663741215;2.885479487;9.62507998;-25.41732842;0;0;-9.744519038;9.62507998;256;0;0;9.744519038;0;-25.41732842;0;256;0;-9.62507998;25.41732842;0;0;0;256,255.843207;-2.003043189;0.2103830381;-8.64901127;0;0;-2.003043189;241.8333675;3.770775184;-60.95671993;0;0;0.2103830381;3.770775184;255.9641035;13.94981837;0;0;-8.64901127;-60.95671993;13.94981837;16.56093154;0;0;0;0;0;0;0;0;0;0;0;0;0;0,257.3650718;256.850114;255.9864238;0;0;0,3,3,1.0053856293647196,VISUAL_COMPLEMENTS_LIDAR_WEAK_SUBSPACE,UOBS_JOINT_WEAK_SUBSPACE,0.03065401243;-0.01510977651;-0.02116968993,-0.02416803868;-0.003055776007;-0.0009222484133,0.024377908092766184,0,0,1.899197271;0.07359846659;-0.2363014953;0.07359846659;3.315804126;-0.07850177972;-0.2363014953;-0.07850177972;1.529709963,2.122190821;0.07063035684;-0.2985615642;0.07063035684;4.358573793;-0.09833745606;-0.2985615642;-0.09833745606;1.650359586,5.923085365;0.21782729;-0.7711645548;0.21782729;10.99268205;-0.2553410155;-0.7711645548;-0.2553410155;4.712279512,0
9,10,1660857394519585350,1660857394601056710,1660857394508910254,REJECTED_INSUFFICIENT_IMAGE_PARALLAX,1,1,0,INSUFFICIENT_IMAGE_PARALLAX,179,175,38,0.21714285714285714,0.5,0.18248684056625489,0.025029761716723442,38,1,0.042153812393524656,9.3167521901412655e-05,0.731956698;-0.9525643668;-0.9697444564;0;9.765499852;-9.592493281;-0.9525643668;2.896962784;-0.3659198895;-9.765499852;0;25.42159486;-0.9697444564;-0.3659198895;2.883880518;9.592493281;-25.42159486;0;0;-9.765499852;9.592493281;256;0;0;9.765499852;0;-25.42159486;0;256;0;-9.592493281;25.42159486;0;0;0;256,255.8093935;-2.152545982;0.2545304482;-9.006968029;0;0;-2.152545982;241.1726464;3.928943547;-62.09992531;0;0;0.2545304482;3.928943547;255.9045731;14.27823745;0;0;-9.006968029;-62.09992531;14.27823745;17.2626715;0;0;0;0;0;0;0;0;0;0;0;0;0;0,257.3353583;256.8262767;255.9876495;0;0;0,3,3,1.0052647417013472,VISUAL_COMPLEMENTS_LIDAR_WEAK_SUBSPACE,UOBS_JOINT_WEAK_SUBSPACE,0.09657630248;-0.02041681696;-0.01876580036,-0.03038074236;-0.001278017116;-0.001268151481,0.030434044130108973,0,0,2.467313279;0.3059164372;-0.3357551724;0.3059164372;3.24044977;-0.134079273;-0.3357551724;-0.134079273;1.683402931,2.765351387;0.3661203324;-0.4104479392;0.3661203324;4.019957301;-0.1594989749;-0.4104479392;-0.1594989749;1.811008475,7.702477946;0.9779532069;-1.081958284;0.9779532069;10.50335684;-0.427657521;-1.081958284;-0.427657521;5.180314338,0
11,12,1660857394723268574,1660857394804753086,1660857394710630253,REJECTED_INSUFFICIENT_IMAGE_PARALLAX,1,1,0,INSUFFICIENT_IMAGE_PARALLAX,183,172,41,0.23837209302325582,0.5,0.18396418949712218,0.020113520324230194,39,0.95121951219512191,0.047056300738472043,9.9924075861440963e-05,0.7331719694;-0.9546809764;-0.9687849595;0;9.758186633;-9.616122805;-0.9546809764;2.895189774;-0.3665465665;-9.758186633;0;25.41547513;-0.9687849595;-0.3665465665;2.884438256;9.616122805;-25.41547513;0;0;-9.758186633;9.616122805;256;0;0;9.758186633;0;-25.41547513;0;256;0;-9.616122805;25.41547513;0;0;0;256,255.8449716;-2.057042109;0.3012187021;-8.383668172;0;0;-2.057042109;240.5410117;4.540653189;-63.15977127;0;0;0.3012187021;4.540653189;255.5964266;16.33490939;0;0;-8.383668172;-63.15977127;16.33490939;18.09931671;0;0;0;0;0;0;0;0;0;0;0;0;0;0,257.307242;256.785138;255.9893466;0;0;0,3,3,1.0051482434837913,VISUAL_COMPLEMENTS_LIDAR_WEAK_SUBSPACE,UOBS_JOINT_WEAK_SUBSPACE,0.170375657;-0.005197405649;-0.005337331656,-0.03564317637;-0.00351039444;-0.001635026618,0.035852924603643067,0,0,3.191443568;0.5997924399;-0.3873939958;0.5997924399;3.117167012;-0.1822554836;-0.3873939958;-0.1822554836;1.747097412,3.573411253;0.7176117549;-0.4645666914;0.7176117549;3.709746178;-0.2102586063;-0.4645666914;-0.2102586063;1.869657959,9.958798389;1.917196635;-1.239354683;1.917196635;9.946580203;-0.5747695735;-1.239354683;-0.5747695735;5.366352784,0
13,14,1660857394926956902,1660857395008447158,1660857394912349299,REJECTED_INSUFFICIENT_IMAGE_PARALLAX,1,1,0,INSUFFICIENT_IMAGE_PARALLAX,168,156,38,0.24358974358974358,0.41666666666666669,0.193840817727715,0.022962689399719238,34,0.89473684210526316,0.03803956847267681,9.6323931575061143e-05,0.7377058316;-0.9604701815;-0.9672395807;0;9.751385472;-9.683138657;-0.9604701815;2.890137601;-0.3688438189;-9.751385472;0;25.39263096;-0.9672395807;-0.3688438189;2.884956568;9.683138657;-25.39263096;0;0;-9.751385472;9.683138657;256;0;0;9.751385472;0;-25.39263096;0;256;0;-9.683138657;25.39263096;0;0;0;256,255.8684586;-1.994826013;0.224001814;-8.106254132;0;0;-1.994826013;240.3925298;4.140756838;-63.42548294;0;0;0.224001814;4.140756838;255.8164204;14.70076688;0;0;-8.106254132;-63.42548294;14.70076688;18.0019053;0;0;0;0;0;0;0;0;0;0;0;0;0;0,257.3062419;256.7830515;255.9900206;0;0;0,3,3,1.0051416897750789,VISUAL_COMPLEMENTS_LIDAR_WEAK_SUBSPACE,UOBS_JOINT_WEAK_SUBSPACE,0.2380685088;0.04320786069;0.03411118617,-0.03921968868;-0.009002582514;-0.003350618946,0.040378919241247556,0,0,4.068501963;0.9662352453;-0.3656170648;0.9662352453;3.049074776;-0.1963921199;-0.3656170648;-0.1963921199;1.730319313,4.540434844;1.138360904;-0.4351181636;1.138360904;3.52518311;-0.2198730252;-0.4351181636;-0.2198730252;1.841518001,12.67993877;3.070831395;-1.166352293;3.070831395;9.625832663;-0.612657265;-1.166352293;-0.612657265;5.304656629,0
15,16,1660857395130652646,1660857395212127838,1660857395114014462,REJECTED_INSUFFICIENT_IMAGE_PARALLAX,1,1,0,INSUFFICIENT_IMAGE_PARALLAX,175,161,36,0.2236024844720497,0.5,0.19457996831469737,0.030173808336257935,32,0.88888888888888884,0.4713765896951439,9.6543948687544768e-05,0.73967085;-0.9611388786;-0.9683817665;0;9.766711215;-9.693662345;-0.9611388786;2.889341056;-0.3698250029;-9.766711215;0;25.3827237;-0.9683817665;-0.3698250029;2.883788094;9.693662345;-25.3827237;0;0;-9.766711215;9.693662345;256;0;0;9.766711215;0;-25.3827237;0;256;0;-9.693662345;25.3827237;0;0;0;256,255.900462;-1.81344803;0.208253426;-7.529725965;0;0;-1.81344803;241.1482255;4.15625214;-62.06570922;0;0;0.208253426;4.15625214;255.7191353;15.20180576;0;0;-7.529725965;-62.06570922;15.20180576;17.26070741;0;0;0;0;0;0;0;0;0;0;0;0;0;0,257.2829089;256.7540252;255.9915961;0;0;0,3,3,1.0050443561855551,VISUAL_COMPLEMENTS_LIDAR_WEAK_SUBSPACE,UOBS_JOINT_WEAK_SUBSPACE,0.3221093764;0.06956793677;0.06657986709,-0.04515754411;-0.01248624808;-0.001200332543,0.04686737649396653,0,0,5.100537107;1.396001818;-0.2514645849;1.396001818;3.021857228;-0.174558814;-0.2514645849;-0.174558814;1.646368141,5.665617316;1.619015981;-0.3034826418;1.619015981;3.421023758;-0.1898043523;-0.3034826418;-0.1898043523;1.744030977,15.86919153;4.411019617;-0.8064118116;4.411019617;9.467238216;-0.5389219804;-0.8064118116;-0.5389219804;5.03926726,0
17,18,1660857395334336774,1660857395415807742,1660857395315734461,REJECTED_INSUFFICIENT_IMAGE_PARALLAX,1,1,0,INSUFFICIENT_IMAGE_PARALLAX,186,174,35,0.20114942528735633,0.5,0.20186631576508263,0.035559281706809998,32,0.91428571428571426,0.14779499684526187,9.1573589559485336e-05,0.7435145807;-0.9633432326;-0.9697096292;0;9.787580513;-9.723322495;-0.9633432326;2.887091405;-0.3717492257;-9.787580513;0;25.36333313;-0.9697096292;-0.3717492257;2.882194014;9.723322495;-25.36333313;0;0;-9.787580513;9.723322495;256;0;0;9.787580513;0;-25.36333313;0;256;0;-9.723322495;25.36333313;0;0;0;256,255.9302153;-1.662350264;0.1460970424;-7.072977847;0;0;-1.662350264;241.4493858;3.985676321;-61.58399436;0;0;0.1460970424;3.985676321;255.8866638;14.53466421;0;0;-7.072977847;-61.58399436;14.53466421;16.87318368;0;0;0;0;0;0;0;0;0;0;0;0;0;0,257.3417304;256.8101813;255.9875368;0;0;0,3,3,1.0052900761511041,VISUAL_COMPLEMENTS_LIDAR_WEAK_SUBSPACE,UOBS_JOINT_WEAK_SUBSPACE,0.4005881897;0.1201402272;0.1093688356,-0.04717993114;-0.0140764099;-0.006365874654,0.049644894781489438,0,0,6.263144919;1.856117362;-0.04400681408;1.856117362;3.076406941;-0.1129714019;-0.04400681408;-0.1129714019;1.558363993,6.923228066;2.126727536;-0.07154531111;2.126727536;3.433348918;-0.1175525429;-0.07154531111;-0.1175525429;1.645056473,19.45201791;5.83896226;-0.1595589393;5.83896226;9.588662801;-0.3434953466;-0.1595589393;-0.3434953466;4.764284461,0
20,21,1660857395619490966,1660857395700967678,1660857395618314341,REJECTED_INSUFFICIENT_IMAGE_PARALLAX,1,1,0,INSUFFICIENT_IMAGE_PARALLAX,162,147,35,0.23809523809523808,0.41666666666666669,0.19541758861975345,0.028453808277845383,32,0.91428571428571426,0.73773508438122926,6.7969606178832593e-05,0.7498412681;-0.9647991055;-0.974004037;0;9.843324375;-9.750298964;-0.9647991055;2.885039336;-0.3749037322;-9.843324375;0;25.33138439;-0.974004037;-0.3749037322;2.877919395;9.750298964;-25.33138439;0;0;-9.843324375;9.750298964;256;0;0;9.843324375;0;-25.33138439;0;256;0;-9.750298964;25.33138439;0;0;0;256,255.9555599;-1.476749644;0.1580899022;-6.512620632;0;0;-1.476749644;242.5387084;4.317395244;-59.57564869;0;0;0.1580899022;4.317395244;255.623672;16.49560431;0;0;-6.512620632;-59.57564869;16.49560431;16.0252563;0;0;0;0;0;0;0;0;0;0;0;0;0;0,257.3472181;256.8111328;255.9848457;0;0;0,3,3,1.005322082531968,VISUAL_COMPLEMENTS_LIDAR_WEAK_SUBSPACE,UOBS_JOINT_WEAK_SUBSPACE,0.4959472977;0.190069765;0.1940729535,-0.04580280201;-0.01667862996;-0.008026389504,0.049401379510975348,0,0,8.06674722;2.573451928;0.4277378217;2.573451928;3.189712734;0.05580554553;0.4277378217;0.05580554553;1.439441155,8.852472078;2.905155479;0.4459761876;2.905155479;3.503044345;0.07127170727;0.4459761876;0.07127170727;1.515130656,24.98846652;8.052059336;1.301451831;8.052059336;9.884969813;0.1828827983;1.301451831;0.1828827983;4.396512966,0
22,23,1660857395823180446,1660857395904671646,1660857395820034340,REJECTED_INSUFFICIENT_IMAGE_PARALLAX,1,1,0,INSUFFICIENT_IMAGE_PARALLAX,162,153,34,0.22222222222222221,0.5,0.20674919641598347,0.029079589992761612,33,0.97058823529411764,0.38033299517176888,6.6837337903201741e-05,0.7518670646;-0.9638676036;-0.9767471878;0;9.87503807;-9.744823839;-0.9638676036;2.885456283;-0.3759004156;-9.87503807;0;25.32114594;-0.9767471878;-0.3759004156;2.875476653;9.744823839;-25.32114594;0;0;-9.87503807;9.744823839;256;0;0;9.87503807;0;-25.32114594;0;256;0;-9.744823839;25.32114594;0;0;0;256,256.047519;-1.047274871;-0.01176683297;-4.53357436;0;0;-1.047274871;241.7902821;4.254763226;-61.1103557;0;0;-0.01176683297;4.254763226;255.7317941;15.85496223;0;0;-4.53357436;-61.1103557;15.85496223;16.65621121;0;0;0;0;0;0;0;0;0;0;0;0;0;0,257.3895436;256.851878;255.984385;0;0;0,3,3,1.0054892356219405,VISUAL_COMPLEMENTS_LIDAR_WEAK_SUBSPACE,UOBS_JOINT_WEAK_SUBSPACE,0.5848080919;0.2196988474;0.2342759593,-0.04992793896;-0.01939515694;-0.008897075242,0.05429667715194568,0,0,9.562567722;3.238205381;0.8256372786;3.238205381;3.444754006;0.2064755903;0.8256372786;0.2064755903;1.424336154,10.44580634;3.621402757;0.8747788914;3.621402757;3.759830383;0.2371016489;0.8747788914;0.2371016489;1.498731881,29.57344178;10.09781352;2.526053448;10.09781352;10.6518384;0.6500528296;2.526053448;0.6500528296;4.349904189,0
24,25,1660857396026882678,1660857396108396710,1660857396021698311,REJECTED_INSUFFICIENT_IMAGE_PARALLAX,1,1,0,INSUFFICIENT_IMAGE_PARALLAX,162,145,31,0.21379310344827587,0.5,0.20080875390285086,0.024147924035787582,30,0.967741935483871,0.31808494571163526,6.6950306639934406e-05,0.7547344597;-0.9632422075;-0.9799273644;0;9.912866216;-9.744080514;-0.9632422075;2.885512871;-0.3773115881;-9.912866216;0;25.30664692;-0.9799273644;-0.3773115881;2.872552669;9.744080514;-25.30664692;0;0;-9.912866216;9.744080514;256;0;0;9.912866216;0;-25.30664692;0;256;0;-9.744080514;25.30664692;0;0;0;256,255.9974194;-1.31085689;0.07925995256;-5.65461015;0;0;-1.31085689;241.8755143;3.888339456;-60.69992781;0;0;0.07925995256;3.888339456;255.7902514;14.47151965;0;0;-5.65461015;-60.69992781;14.47151965;16.30621035;0;0;0;0;0;0;0;0;0;0;0;0;0;0,257.2640686;256.7134755;255.9918514;0;0;0,3,3,1.0049697564011189,VISUAL_COMPLEMENTS_LIDAR_WEAK_SUBSPACE,UOBS_JOINT_WEAK_SUBSPACE,0.666799105;0.2549742578;0.2822335778,-0.05485756984;-0.02119400785;-0.009782327286,0.059617387264406206,0,0,11.23680685;3.913374412;1.30223575;3.913374412;3.627521916;0.387423018;1.30223575;0.387423018;1.417275203,12.22102187;4.338856195;1.384935808;4.338856195;3.933552908;0.4329491243;1.384935808;0.4329491243;1.491482924,34.69713557;12.16560502;3.989407309;12.16560502;11.19109674;1.20779516;3.989407309;1.20779516;4.328533331,0
26,27,1660857396230573766,1660857396312038766,1660857396223418311,REJECTED_INSUFFICIENT_IMAGE_PARALLAX,1,1,0,INSUFFICIENT_IMAGE_PARALLAX,158,143,35,0.24475524475524477,0.5,0.19069196418221074,0.020427022129297256,35,1,0.33715962880417993,5.5607601885504129e-05,0.7570485085;-0.9629235226;-0.9822976171;0;9.941442499;-9.745365013;-0.9629235226;2.885415081;-0.3784491637;-9.941442499;0;25.29493985;-0.9822976171;-0.3784491637;2.87033641;9.745365013;-25.29493985;0;0;-9.941442499;9.745365013;256;0;0;9.941442499;0;-25.29493985;0;256;0;-9.745365013;25.29493985;0;0;0;256,255.9886767;-1.331242385;0.0958266772;-5.780892208;0;0;-1.331242385;241.9289369;3.93985936;-60.5413548;0;0;0.0958266772;3.93985936;255.7911866;14.65576405;0;0;-5.780892208;-60.5413548;14.65576405;16.25324149;0;0;0;0;0;0;0;0;0;0;0;0;0;0,257.2540786;256.7164439;255.9915191;0;0;0,3,3,1.0049320362662202,VISUAL_COMPLEMENTS_LIDAR_WEAK_SUBSPACE,UOBS_JOINT_WEAK_SUBSPACE,0.7648197112;0.2984026721;0.3268568144,-0.05442488458;-0.02288400492;-0.009313514055,0.059770287657749686,0,0,13.32034154;4.746723428;1.72932679;4.746723428;4.014319521;0.5618463648;1.72932679;0.5618463648;1.503326943,14.43412816;5.225077629;1.837762908;5.225077629;4.343817897;0.6192921215;1.837762908;0.6192921215;1.581766002,41.07731125;14.71852448;5.296416488;14.71852448;12.37495694;1.742984851;5.296416488;1.742984851;4.590919888,0
28,29,1660857396434254902,1660857396515720870,1660857396425138310,REJECTED_INSUFFICIENT_IMAGE_PARALLAX,1,1,0,INSUFFICIENT_IMAGE_PARALLAX,157,155,42,0.2709677419354839,0.5,0.19992956092315958,0.018675517290830612,37,0.88095238095238093,0.29479475146009065,5.1950297475320421e-05,0.7606548589;-0.96224494;-0.986146715;0;9.987605915;-9.745530871;-0.96224494;2.885402453;-0.3802129757;-9.987605915;0;25.27668404;-0.986146715;-0.3802129757;2.866742688;9.745530871;-25.27668404;0;0;-9.987605915;9.745530871;256;0;0;9.987605915;0;-25.27668404;0;256;0;-9.745530871;25.27668404;0;0;0;256,255.7958204;-2.280852327;0.3616035954;-9.184403727;0;0;-2.280852327;240.2788642;4.582885117;-63.57267157;0;0;0.3616035954;4.582885117;255.565222;16.30583949;0;0;-9.184403727;-63.57267157;16.30583949;18.39791645;0;0;0;0;0;0;0;0;0;0;0;0;0;0,257.2956275;256.7513011;255.9908944;0;0;0,3,3,1.0050967951076326,VISUAL_COMPLEMENTS_LIDAR_WEAK_SUBSPACE,UOBS_JOINT_WEAK_SUBSPACE,0.8298845501;0.3329689803;0.3796791263,-0.05418508506;-0.02538041993;-0.01114317468,0.060863449631480743,0,0,15.10586526;5.431306308;2.391779464;5.431306308;4.175122479;0.8122876679;2.391779464;0.8122876679;1.558090653,16.30173751;5.939167992;2.539504648;5.939167992;4.487685744;0.884814345;2.539504648;0.884814345;1.639391783,46.51596802;16.80178061;7.323063577;16.80178061;12.8404307;2.509389681;7.323063577;2.509389681;4.75807309,0
30,31,1660857396637936350,1660857396719405734,1660857396626858309,REJECTED_INSUFFICIENT_IMAGE_PARALLAX,1,1,0,INSUFFICIENT_IMAGE_PARALLAX,161,155,38,0.24516129032258063,0.5,0.17736392257822217,0.024055924266576767,35,0.92105263157894735,0.048551083930582842,4.4630497566857912e-05,0.7641489916;-0.9613954118;-0.9900353311;0;10.03401592;-9.743750114;-0.9613954118;2.885538022;-0.3819099367;-10.03401592;0;25.25898371;-0.9900353311;-0.3819099367;2.863112986;9.743750114;-25.25898371;0;0;-10.03401592;9.743750114;256;0;0;10.03401592;0;-25.25898371;0;256;0;-9.743750114;25.25898371;0;0;0;256,255.8457783;-2.094679945;0.2488885632;-8.435426443;0;0;-2.094679945;240.0564971;4.111571524;-63.96582891;0;0;0.2488885632;4.111571524;255.8300229;14.38367656;0;0;-8.435426443;-63.96582891;14.38367656;18.29866143;0;0;0;0;0;0;0;0;0;0;0;0;0;0,257.2936752;256.7467334;255.9905512;0;0;0,3,3,1.0050905161345007,VISUAL_COMPLEMENTS_LIDAR_WEAK_SUBSPACE,UOBS_JOINT_WEAK_SUBSPACE,0.8906290502;0.3658560009;0.4311124583,-0.05526636273;-0.02359310585;-0.01126362093,0.061138160337278293,0,0,17.14050836;6.250763022;3.091118822;6.250763022;4.447753586;1.085969813;3.091118822;1.085969813;1.662755083,18.42860355;6.795924974;3.275978932;6.795924974;4.759525084;1.173681646;3.275978932;1.173681646;1.748955114,52.71212028;19.29745102;9.458216575;19.29745102;13.65753226;3.345621271;9.458216575;3.345621271;5.07696528,0
32,33,1660857396841649614,1660857396923118062,1660857396828577355,REJECTED_INSUFFICIENT_IMAGE_PARALLAX,1,1,0,INSUFFICIENT_IMAGE_PARALLAX,157,151,39,0.25827814569536423,0.41666666666666669,0.20064244897091157,0.024213351309299469,39,1,0.057601288958565269,5.5503770504471607e-05,0.7613473132;-0.9621715338;-0.986827036;0;9.99588294;-9.746139565;-0.9621715338;2.885356108;-0.3805518368;-9.99588294;0;25.27317724;-0.986827036;-0.3805518368;2.866096579;9.746139565;-25.27317724;0;0;-9.99588294;9.746139565;256;0;0;9.99588294;0;-25.27317724;0;256;0;-9.746139565;25.27317724;0;0;0;256,255.9340084;1.503638556;-0.115278052;6.607812125;0;0;1.503638556;242.592039;4.334710167;-59.78650152;0;0;-0.115278052;4.334710167;255.7896993;16.55227086;0;0;6.607812125;-59.78650152;16.55227086;16.13931691;0;0;0;0;0;0;0;0;0;0;0;0;0;0,257.4977287;256.9929389;255.964396;0;0;0,3,3,1.0059904140015004,VISUAL_COMPLEMENTS_LIDAR_WEAK_SUBSPACE,UOBS_JOINT_WEAK_SUBSPACE,1.17050554;0.446517776;0.4629122126,-0.06511916696;-0.0234536195;-0.0117229945,0.070199763342858199,0,0,18.61657045;6.915408145;3.772798815;6.915408145;4.736897606;1.370605677;3.772798815;1.370605677;1.842112836,19.94403942;7.483921936;3.986671098;7.483921936;5.054655554;1.472120228;3.986671098;1.472120228;1.93578523,57.17968032;21.31473823;11.53226873;21.31473823;14.53095077;4.213331583;11.53226873;4.213331583;5.622510903,0
34,35,1660857397045303838,1660857397126780454,1660857397030242279,REJECTED_INSUFFICIENT_IMAGE_PARALLAX,1,1,0,INSUFFICIENT_IMAGE_PARALLAX,166,164,41,0.25,0.5,0.20873493751989278,0.043406642973423004,41,1,0.32928615751837004,0.00010695470298843006,0.7513091936;-0.9637142455;-0.9763977707;0;9.87040619;-9.74218842;-0.9637142455;2.885656894;-0.3756224878;-9.87040619;0;25.32396585;-0.9763977707;-0.3756224878;2.875833913;9.74218842;-25.32396585;0;0;-9.87040619;9.74218842;256;0;0;9.87040619;0;-25.32396585;0;256;0;-9.74218842;25.32396585;0;0;0;256,256.084028;0.7297257189;0.1514100059;3.139325465;0;0;0.7297257189;241.5696796;3.773925033;-61.52507278;0;0;0.1514100059;3.773925033;256.0595849;13.90990249;0;0;3.139325465;-61.52507278;13.90990249;16.57656912;0;0;0;0;0;0;0;0;0;0;0;0;0;0,257.3858803;256.92172;255.9822613;0;0;0,3,3,1.0054832664818776,VISUAL_COMPLEMENTS_LIDAR_WEAK_SUBSPACE,UOBS_JOINT_WEAK_SUBSPACE,1.678223529;0.5359697569;0.4354273757,-0.08330492715;-0.02154390802;-0.01100659993,0.086746735400702046,0,0,19.99913206;7.437341255;4.457939273;7.437341255;4.944126444;1.645895325;4.457939273;1.645895325;2.060272623,21.35570902;8.01127279;4.697702441;8.01127279;5.256721769;1.757338279;4.697702441;1.757338279;2.162256968,61.35647315;22.8859553;13.61358099;22.8859553;15.14747466;5.049128929;13.61358099;5.049128929;6.285302216,0
36,37,1660857397249019254,1660857397330480062,1660857397231962279,REJECTED_INSUFFICIENT_IMAGE_PARALLAX,1,1,0,INSUFFICIENT_IMAGE_PARALLAX,161,161,42,0.2608695652173913,0.41666666666666669,0.19487280654176553,0.030752530321478844,42,1,0.062691793459472983,0.0003051613423309581,0.7328074955;-0.9633958855;-0.9597790738;0;9.666775773;-9.703203852;-0.9633958855;2.888618106;-0.3664011559;-9.666775773;0;25.41731066;-0.9597790738;-0.3664011559;2.891374399;9.703203852;-25.41731066;0;0;-9.666775773;9.703203852;256;0;0;9.666775773;0;-25.41731066;0;256;0;-9.703203852;25.41731066;0;0;0;256,256.107214;-0.3534355118;0.2346755772;1.511188084;0;0;-0.3534355118;241.2580567;-3.246946587;61.8312972;0;0;0.2346755772;-3.246946587;256.2546857;11.63141763;0;0;1.511188084;61.8312972;11.63141763;16.46273379;0;0;0;0;0;0;0;0;0;0;0;0;0;0,257.2934356;256.8006929;255.9885617;0;0;0,3,3,1.0050973914650201,VISUAL_COMPLEMENTS_LIDAR_WEAK_SUBSPACE,UOBS_JOINT_WEAK_SUBSPACE,2.366280245;0.580896339;0.3269132709,-0.1142912554;-0.01578700128;-0.008760536205,0.11570854536225364,0,0,21.6821451;7.973945475;5.183717084;7.973945475;5.068493912;1.902945829;5.183717084;1.902945829;2.277823333,23.08487666;8.547907005;5.449298968;8.547907005;5.365180688;2.020600145;5.449298968;2.020600145;2.387210812,66.45166686;24.49579796;15.81673314;24.49579796;15.50466851;5.826491803;15.81673314;5.826491803;6.94535748,0
38,39,1660857397452681742,1660857397534155606,1660857397433682278,REJECTED_INSUFFICIENT_IMAGE_PARALLAX,1,1,0,INSUFFICIENT_IMAGE_PARALLAX,162,162,41,0.25308641975308643,0.5,0.18692925643362931,0.023243498057126999,41,1,0.089258306041988048,0.0006229033518557216,0.7144337379;-0.9627050316;-0.9430087382;0;9.463478692;-9.66113906;-0.9627050316;2.891799969;-0.3571405611;-9.463478692;0;25.50967195;-0.9430087382;-0.3571405611;2.906566293;9.66113906;-25.50967195;0;0;-9.463478692;9.66113906;256;0;0;9.463478692;0;-25.50967195;0;256;0;-9.66113906;25.50967195;0;0;0;256,256.1083032;-0.3408107493;0.3843650176;-1.481458704;0;0;-0.3408107493;243.7905843;2.591716112;-56.81904315;0;0;0.3843650176;2.591716112;256.4282087;10.02146333;0;0;-1.481458704;-56.81904315;10.02146333;13.6925697;0;0;0;0;0;0;0;0;0;0;0;0;0;0,257.2506808;256.7806072;255.9883779;0;0;0,3,3,1.004931094821031,VISUAL_COMPLEMENTS_LIDAR_WEAK_SUBSPACE,UOBS_JOINT_WEAK_SUBSPACE,3.16586645;0.6514969109;0.2522863857,-0.145420589;-0.01166888652;-0.007578762092,0.14608472974380951,0,0,23.51653916;8.602437861;5.959933984;8.602437861;5.239754631;2.181580945;5.959933984;2.181580945;2.525594203,24.96890301;9.182741222;6.251403592;9.182741222;5.526321716;2.306334144;6.251403592;2.306334144;2.642900891,72.00448133;26.38761694;18.17127156;26.38761694;16.00833098;6.669496035;18.17127156;6.669496035;7.696589297,0
41,42,1660857397737842934,1660857397819318838,1660857397736262396,REJECTED_INSUFFICIENT_IMAGE_PARALLAX,1,1,0,INSUFFICIENT_IMAGE_PARALLAX,169,169,37,0.21893491124260356,0.5,0.20146461341301006,0.029320977628231049,37,1,0.048487045953381595,0.001371807146671924,0.6854885488;-0.9610185564;-0.9158458899;0;9.139003087;-9.589770125;-0.9610185564;2.897166832;-0.3423474171;-9.139003087;0;25.65449924;-0.9158458899;-0.3423474171;2.930144619;9.589770125;-25.65449924;0;0;-9.139003087;9.589770125;256;0;0;9.139003087;0;-25.65449924;0;256;0;-9.589770125;25.65449924;0;0;0;256,256.0983296;0.06301078037;0.2853988708;-0.2255814148;0;0;0.06301078037;245.6196982;-2.726755311;52.60123365;0;0;0.2853988708;-2.726755311;256.2734088;11.39827646;0;0;-0.2255814148;52.60123365;11.39827646;11.82548646;0;0;0;0;0;0;0;0;0;0;0;0;0;0,257.1651819;256.6591138;255.9926273;0;0;0,3,3,1.0045804234044371,VISUAL_COMPLEMENTS_LIDAR_WEAK_SUBSPACE,UOBS_JOINT_WEAK_SUBSPACE,4.534267102;0.7781891551;0.153255179,-0.1939717331;-0.008835442619;-0.005278652941,0.19424459441692146,0,0,26.703554;9.889823526;7.208584828;9.889823526;5.696715182;2.66402943;7.208584828;2.66402943;2.921806364,28.25089918;10.50607541;7.540646122;10.50607541;5.98701027;2.804252351;7.540646122;2.804252351;3.050891503,81.66050717;30.28572246;21.95781578;30.28572246;17.38294063;8.13231121;21.95781578;8.13231121;8.897004231,0
43,44,1660857397941528478,1660857398023000998,1660857397937982395,REJECTED_INSUFFICIENT_IMAGE_PARALLAX,1,1,0,INSUFFICIENT_IMAGE_PARALLAX,162,162,39,0.24074074074074073,0.41666666666666669,0.20822679037771272,0.027493814006447792,39,1,0.14668492926306767,0.0027037208816516282,0.6548044307;-0.9720250209;-0.8710359719;0;8.640446418;-9.642231068;-0.9720250209;2.893225703;-0.3254421128;-8.640446418;0;25.80713982;-0.8710359719;-0.3254421128;2.964769866;9.642231068;-25.80713982;0;0;-8.640446418;9.642231068;256;0;0;8.640446418;0;-25.80713982;0;256;0;-9.642231068;25.80713982;0;0;0;256,256.064166;0.4382991759;-0.2149350501;-2.070556894;0;0;0.4382991759;249.4338006;0.1364200431;41.72967954;0;0;-0.2149350501;0.1364200431;256.9203326;0.009207344886;0;0;-2.070556894;41.72967954;0.009207344886;6.999226319;0;0;0;0;0;0;0;0;0;0;0;0;0;0,256.994027;256.4289467;255.9945517;0;0;0,3,3,1.0039042835186804,VISUAL_COMPLEMENTS_LIDAR_WEAK_SUBSPACE,UOBS_JOINT_WEAK_SUBSPACE,6.352336274;1.116343523;0.06318382824,-0.2604583101;-0.01066147957;-0.003824813566,0.26070448332852653,0,0,28.13870866;10.40082844;7.951709784;10.40082844;5.856471575;2.947026781;7.951709784;2.947026781;3.194921214,29.69085071;11.01721338;8.300458965;11.01721338;6.143347717;3.092939261;8.300458965;3.092939261;3.330666202,85.97076803;31.81887025;24.20387853;31.81887025;17.85879087;8.986992822;24.20387853;8.986992822;9.723008631,0
45,46,1660857398145220318,1660857398226690478,1660857398139646366,REJECTED_INSUFFICIENT_IMAGE_PARALLAX,1,1,0,INSUFFICIENT_IMAGE_PARALLAX,158,158,40,0.25316455696202533,0.41666666666666669,0.20339825588270155,0.027042489498853683,40,1,0.058308710314599374,0.0043020235074846709,0.6301034665;-0.9793662497;-0.8340745163;0;8.234798083;-9.669259949;-0.9793662497;2.891186766;-0.3110328253;-8.234798083;0;25.92936391;-0.8340745163;-0.3110328253;2.991509768;9.669259949;-25.92936391;0;0;-8.234798083;9.669259949;256;0;0;8.234798083;0;-25.92936391;0;256;0;-9.669259949;25.92936391;0;0;0;256,256.0917386;-0.3025738264;-0.2199438634;-0.7060573378;0;0;-0.3025738264;250.3553906;0.9022788635;-39.4692388;0;0;-0.2199438634;0.9022788635;257.0186999;5.853322778;0;0;-0.7060573378;-39.4692388;5.853322778;6.364488889;0;0;0;0;0;0;0;0;0;0;0;0;0;0,257.2063173;256.6404791;255.9835216;0;0;0,3,3,1.0047768531095831,VISUAL_COMPLEMENTS_LIDAR_WEAK_SUBSPACE,UOBS_JOINT_WEAK_SUBSPACE,8.103991295;1.411622216;-0.0003755638243,-0.3197089525;-0.01229373347;-0.002776711847,0.31995727889769632,0,0,30.15331901;11.11841536;8.834454711;11.11841536;6.095264671;3.27369465;8.834454711;3.27369465;3.513563035,31.74155598;11.74218285;9.204957121;11.74218285;6.380763624;3.425805643;9.204957121;3.425805643;3.657261686,92.050694;33.97901357;26.87386654;33.97901357;18.57379297;9.973194942;26.87386654;9.973194942;10.68688776,0
47,48,1660857398348900414,1660857398430375254,1660857398341366366,REJECTED_INSUFFICIENT_IMAGE_PARALLAX,1,1,0,INSUFFICIENT_IMAGE_PARALLAX,158,158,39,0.24683544303797469,0.58333333333333337,0.19488577963840914,0.024355340749025345,39,1,0.072322497556154386,0.0067906672565098422,0.6075411098;-0.9939791031;-0.7882234534;0;7.748897641;-9.771648247;-0.9939791031;2.883411291;-0.2957793049;-7.748897641;0;26.04050452;-0.7882234534;-0.2957793049;3.021847599;9.771648247;-26.04050452;0;0;-7.748897641;9.771648247;256;0;0;7.748897641;0;-26.04050452;0;256;0;-9.771648247;26.04050452;0;0;0;256,256.0419415;0.5619936894;-0.1262196947;2.694411109;0;0;0.5619936894;241.5624857;-1.171510173;-60.27365924;0;0;-0.1262196947;-1.171510173;256.8042551;-3.642043557;0;0;2.694411109;-60.27365924;-3.642043557;15.13084878;0;0;0;0;0;0;0;0;0;0;0;0;0;0,257.0266935;256.5189847;255.9938529;0;0;0,3,3,1.0040346306055565,VISUAL_COMPLEMENTS_LIDAR_WEAK_SUBSPACE,UOBS_JOINT_WEAK_SUBSPACE,10.03154929;1.707756388;-0.1826620874,-0.3876562119;-0.01171463961;0.0014455761,0.38783586871929981,0,0,32.5207575;11.96767525;9.750557401;11.96767525;6.413821901;3.617435952;9.750557401;3.617435952;3.824801004,34.16486181;12.6051758;10.1431999;12.6051758;6.703220675;3.775700129;10.1431999;3.775700129;3.975332498,99.2088768;36.5405263;29.64431471;36.5405263;19.53336448;11.01057203;29.64431471;11.01057203;11.62743451,0
49,50,1660857398552582806,1660857398634069510,1660857398543086365,REJECTED_INSUFFICIENT_IMAGE_PARALLAX,1,1,0,INSUFFICIENT_IMAGE_PARALLAX,153,152,42,0.27631578947368424,0.5,0.205692764170437,0.033009395003318787,42,1,0.083420175180041495,0.0065496637924258114,0.605430373;-0.9936017472;-0.7859599851;0;7.723569208;-9.764049068;-0.9936017472;2.883991195;-0.2945832372;-7.723569208;0;26.05087761;-0.7859599851;-0.2945832372;3.023378432;9.764049068;-26.05087761;0;0;-7.723569208;9.764049068;256;0;0;7.723569208;0;-26.05087761;0;256;0;-9.764049068;26.05087761;0;0;0;256,256.0581166;-0.26378661;0.2885236806;1.041781164;8.959822576;-5.743432724;-0.26378661;242.3168528;3.272869948;59.40478142;0.7677231043;23.27090913;0.2885236806;3.272869948;256.153723;-12.36304774;22.96884748;-0.7512454957;1.041781164;59.40478142;-12.36304774;15.24496352;-0.9528483939;5.734677512;8.959822576;0.7677231043;22.96884748;-0.9528483939;2.37224969;-0.2212676529;-5.743432724;23.27090913;-0.7512454957;5.734677512;-0.2212676529;2.366894438,259.2564;259.2564;256;0;0;0,3,3,1.0127203125000006,VISUAL_COMPLEMENTS_LIDAR_WEAK_SUBSPACE,UOBS_AND_UNONLOCAL_WEAK_SUBSPACE,11.01465606;1.736311107;-0.1872718459,-0.4074396177;-0.009782705733;0.002132910058,0.40756262425459622,0,0,36.76518802;13.61143925;10.7481404;13.61143925;7.169918521;4.020266626;10.7481404;4.020266626;4.207778455,38.59257714;14.31709173;11.16191952;14.31709173;7.504537869;4.18805402;11.16191952;4.18805402;4.36723281,112.1254532;41.53997023;32.65820032;41.53997023;21.84687491;12.22858727;32.65820032;12.22858727;12.78528972,0
51,52,1660857398756270998,1660857398837745806,1660857398744805410,REJECTED_INSUFFICIENT_IMAGE_PARALLAX,1,1,0,INSUFFICIENT_IMAGE_PARALLAX,150,149,37,0.24832214765100671,0.5,0.20952604101880523,0.024828188121318817,37,1,0.21687154476292825,0.0063017240572195068,0.6033394609;-0.993218199;-0.7837178859;0;7.698500829;-9.756433107;-0.993218199;2.884571926;-0.2933980796;-7.698500829;0;26.06114921;-0.7837178859;-0.2933980796;3.024888613;9.756433107;-26.06114921;0;0;-7.698500829;9.756433107;256;0;0;7.698500829;0;-26.06114921;0;256;0;-9.756433107;26.06114921;0;0;0;256,256.0413847;-0.5110014337;0.01752782402;-2.439978565;4.491154258;11.59567331;-0.5110014337;246.0365276;4.20171087;-51.09754614;23.93562506;3.90370768;0.01752782402;4.20171087;255.0603628;18.77342981;4.311293353;-23.43755109;-2.439978565;-51.09754614;18.77342981;12.15110396;-4.715526299;-2.737162746;4.491154258;23.93562506;4.311293353;-4.715526299;2.468818573;0.2258634019;11.59567331;3.90370768;-23.43755109;-2.737162746;0.2258634019;2.754602342,259.2564;259.2564;256;0;0;0,3,3,1.0127203125000004,VISUAL_COMPLEMENTS_LIDAR_WEAK_SUBSPACE,UOBS_AND_UNONLOCAL_WEAK_SUBSPACE,12.04682678;1.759972167;-0.1940387854,-0.4276181056;-0.00769134893;0.003401022084,0.4277007926616932,0,0,41.48013428;15.42940438;11.79808019;15.42940438;8.043728463;4.446859163;11.79808019;4.446859163;4.613114586,43.50774242;16.20837555;12.23216611;16.20837555;8.43016709;4.624031631;12.23216611;4.624031631;4.781563966,126.470511;47.06718431;35.82832649;47.06718431;24.52012402;13.51774996;35.82832649;13.51774996;14.01029314,0
53,54,1660857398959959838,1660857399041450798,1660857398946525410,REJECTED_INSUFFICIENT_IMAGE_PARALLAX,1,1,0,INSUFFICIENT_IMAGE_PARALLAX,157,153,42,0.27450980392156865,0.5,0.20718467525722056,0.037846848368644714,40,0.95238095238095233,0.068228747674680013,0.0059683209719913572,0.6013181477;-0.9928790393;-0.781498634;0;7.673778313;-9.7493883;-0.9928790393;2.885108702;-0.2922447051;-7.673778313;0;26.07107505;-0.781498634;-0.2922447051;3.02637315;9.7493883;-26.07107505;0;0;-7.673778313;9.7493883;256;0;0;7.673778313;0;-26.07107505;0;256;0;-9.7493883;26.07107505;0;0;0;256,255.9919561;-0.8422020673;-0.3209261151;4.504448261;6.898752165;8.202868142;-0.8422020673;246.9168379;-1.682009731;48.12145548;5.276045045;-25.72986653;-0.3209261151;-1.682009731;256.2955297;7.320064795;-24.20503875;-4.915629543;4.504448261;48.12145548;7.320064795;9.692079994;0.4328499374;-5.018206428;6.898752165;5.276045045;-24.20503875;0.4328499374;2.577253021;0.148431001;8.202868142;-25.72986653;-4.915629543;-5.018206428;0.148431001;3.039143325,259.2564;259.2564;256;0;0;0,3,3,1.0127203125000006,VISUAL_COMPLEMENTS_LIDAR_WEAK_SUBSPACE,UOBS_AND_UNONLOCAL_WEAK_SUBSPACE,13.12985338;1.777980646;-0.2036030983,-0.4471330971;-0.00603446292;0.004745929301,0.44719899941110136,0,0,46.71049345;17.4352877;12.89836107;17.4352877;9.052720979;4.896924542;12.89836107;4.896924542;5.041113808,48.95827209;18.29366578;13.35224497;18.29366578;9.498420108;5.083539143;13.35224497;5.083539143;5.218782306,142.381759;53.16424117;39.1489671;53.16424117;27.60636207;14.87738823;39.1489671;14.87738823;15.30350992,0
55,56,1660857399163666998,1660857399245131870,1660857399148189381,REJECTED_INSUFFICIENT_IMAGE_PARALLAX,1,1,0,INSUFFICIENT_IMAGE_PARALLAX,157,156,40,0.25641025641025639,0.5,0.2046212202299777,0.024737246334552765,39,0.97499999999999998,0.050243604402740588,0.0056194000500228627,0.5992456651;-0.9925126378;-0.7792348044;0;7.64856452;-9.74198907;-0.9925126378;2.885672066;-0.2910634061;-7.64856452;0;26.08124824;-0.7792348044;-0.2910634061;3.027882269;9.74198907;-26.08124824;0;0;-7.64856452;9.74198907;256;0;0;7.64856452;0;-26.08124824;0;256;0;-9.74198907;26.08124824;0;0;0;256,256.0594347;-0.0929490607;0.1659343262;-0.8559945873;-0.2686169892;-11.84504039;-0.0929490607;251.399063;-1.620614288;-36.25701856;16.03207082;-18.17906624;0.1659343262;-1.620614288;256.3683534;-9.2917632;-18.16860073;-15.42450171;-0.8559945873;-36.25701856;-9.2917632;5.585871549;-1.640064095;3.239207476;-0.2686169892;16.03207082;-18.16860073;-1.640064095;2.295671638;-0.05248961132;-11.84504039;-18.17906624;-15.42450171;3.239207476;-0.05248961132;2.80440574,259.2564;259.2564;256;0;0;0,3,3,1.0127203124999995,VISUAL_COMPLEMENTS_LIDAR_WEAK_SUBSPACE,UOBS_AND_UNONLOCAL_WEAK_SUBSPACE,14.2624733;1.791049434;-0.2162226442,-0.46739592;-0.003850144447;0.005963694496,0.46744982111089561,0,0,52.50600101;19.64403094;14.04717015;19.64403094;10.21605779;5.370416689;14.04717015;5.370416689;5.492242769,54.99346739;20.58742675;14.51943166;20.58742675;10.72932721;5.566186441;14.51943166;5.566186441;5.679208978,160.0079694;59.87548863;42.61377195;59.87548863;31.1639428;16.30701982;42.61377195;16.30701982;16.66619452,0
57,58,1660857399367342838,1660857399448813030,1660857399349909380,REJECTED_INSUFFICIENT_IMAGE_PARALLAX,1,1,0,INSUFFICIENT_IMAGE_PARALLAX,161,155,38,0.24516129032258063,0.5,0.19923489090754704,0.016937263309955597,37,0.97368421052631582,0.059314428243731988,0.008729962634623268,0.5700483158;-0.9996366388;-0.7294359763;0;7.120749826;-9.758447148;-0.9996366388;2.884418396;-0.2714353939;-7.120749826;0;26.22414977;-0.7294359763;-0.2714353939;3.058333289;9.758447148;-26.22414977;0;0;-7.120749826;9.758447148;256;0;0;7.120749826;0;-26.22414977;0;256;0;-9.758447148;26.22414977;0;0;0;256,255.9903333;-0.4569142475;-0.1317771456;2.628348094;0.9918760589;-9.325337015;-0.4569142475;250.9206526;0.5138947142;37.02695196;-6.477033065;24.37412319;-0.1317771456;0.5138947142;256.9002698;-3.270570514;23.71212854;5.108954064;2.628348094;37.02695196;-3.270570514;5.535802848;-1.254387828;3.433205951;0.9918760589;-6.477033065;23.71212854;-1.254387828;2.362147038;-0.1979155297;-9.325337015;24.37412319;5.108954064;3.433205951;-0.1979155297;2.803594457,259.2564;259.2564;256;0;0;0,3,3,1.0127203125000008,VISUAL_COMPLEMENTS_LIDAR_WEAK_SUBSPACE,UOBS_AND_UNONLOCAL_WEAK_SUBSPACE,16.59618429;2.072192367;-0.5347719581,-0.5391831893;-0.01028986884;0.01435107742,0.53947228510296263,0,0,56.56229839;20.93770528;15.67736815;20.93770528;10.3590519;5.86631156;15.67736815;5.86631156;5.818181377,59.11703225;21.88630994;16.19875224;21.88630994;10.82396696;6.069006401;16.19875224;6.069006401;6.007914799,172.244129;63.76172049;47.55348855;63.76172049;31.54457077;17.80162952;47.55348855;17.80162952;17.64677755,0
59,60,1660857399571026870,1660857399652498934,1660857399551629379,REJECTED_INSUFFICIENT_IMAGE_PARALLAX,1,1,0,INSUFFICIENT_IMAGE_PARALLAX,169,164,44,0.26829268292682928,0.5,0.198835959142664,0.023630145937204361,41,0.93181818181818177,0.12365372317970866,0.0082048327563331337,0.5675679213;-0.9993036611;-0.726283021;0;7.086699762;-9.750696096;-0.9993036611;2.885009085;-0.2699228738;-7.086699762;0;26.23625377;-0.726283021;-0.2699228738;3.060222994;9.750696096;-26.23625377;0;0;-7.086699762;9.750696096;256;0;0;7.086699762;0;-26.23625377;0;256;0;-9.750696096;26.23625377;0;0;0;256,256.0145172;-0.01277852808;0.1139465059;-0.6073054361;2.672077531;-11.1293954;-0.01277852808;249.9837061;-1.381479467;-40.17066006;10.20873494;-21.83341639;0.1139465059;-1.381479467;256.7231413;-7.853005047;-21.90418087;-9.834545824;-0.6073054361;-40.17066006;-7.853005047;6.710581329;-0.9595976497;3.847947456;2.672077531;10.20873494;-21.90418087;-0.9595976497;2.304356161;-0.1609563945;-11.1293954;-21.83341639;-9.834545824;3.847947456;-0.1609563945;2.776498036,259.2564;259.2564;256;0;0;0,3,3,1.0127203125000006,VISUAL_COMPLEMENTS_LIDAR_WEAK_SUBSPACE,UOBS_AND_UNONLOCAL_WEAK_SUBSPACE,17.96173109;2.096199291;-0.5715426026,-0.5630924372;-0.007622100899;0.01565406228,0.5633615525769412,0,0,63.13624644;23.37325027;16.99587025;23.37325027;11.56686698;6.379315644;16.99587025;6.379315644;6.299199005,65.94498839;24.40845734;17.53683016;24.40845734;12.09431028;6.590228805;17.53683016;6.590228805;6.49785547,192.2199813;71.15495789;51.52857066;71.15495789;35.23054425;19.34886009;51.52857066;19.34886009;19.09875348,0
60,61,1660857399652498934,1660857399733991806,1660857399652489260,REJECTED_INSUFFICIENT_IMAGE_PARALLAX,1,1,0,INSUFFICIENT_IMAGE_PARALLAX,173,170,43,0.25294117647058822,0.41666666666666669,0.20363008692679255,0.018092986196279526,39,0.90697674418604646,0.14317966541898239,0.0079879419874711536,0.5665553452;-0.9991435821;-0.7250227372;0;7.07307087;-9.747298951;-0.9991435821;2.885267825;-0.2693099073;-7.07307087;0;26.24119341;-0.7250227372;-0.2693099073;3.06097683;9.747298951;-26.24119341;0;0;-7.07307087;9.747298951;256;0;0;7.07307087;0;-26.24119341;0;256;0;-9.747298951;26.24119341;0;0;0;256,256.014452;-0.01280707629;0.1138832404;-0.60692847;2.676436504;-11.11623597;-0.01280707629;249.9805642;-1.379663715;-40.17994774;10.21068748;-21.83788357;0.1138832404;-1.379663715;256.7229875;-7.843062057;-21.90896437;-9.837153593;-0.60692847;-40.17994774;-7.843062057;6.713006111;-0.9610316992;3.849156908;2.676436504;10.21068748;-21.90896437;-0.9610316992;2.305438198;-0.1609728454;-11.11623597;-21.83788357;-9.837153593;3.849156908;-0.1609728454;2.776351989,259.2564;259.2564;256;0;0;0,3,3,1.0127203124999999,VISUAL_COMPLEMENTS_LIDAR_WEAK_SUBSPACE,UOBS_AND_UNONLOCAL_WEAK_SUBSPACE,18.52434399;2.104147429;-0.5874536716,-0.5730401765;-0.006730403977;0.01614662168,0.57330712152047059,0,0,65.94492267;24.40843213;17.53693507;24.40843213;12.09419676;6.590272137;17.53693507;6.590272137;6.49786607,68.86218076;25.48019998;18.08540359;25.48019998;12.64907203;6.804407341;18.08540359;6.804407341;6.700186239,200.7545261;74.29706423;53.15927372;74.29706423;36.83996555;19.98495162;53.15927372;19.98495162;19.69841838,0
64,65,1660857400059895382,1660857400141359510,1660857400055864409,REJECTED_INSUFFICIENT_IMAGE_PARALLAX,1,1,0,INSUFFICIENT_IMAGE_PARALLAX,169,168,38,0.22619047619047619,0.5,0.20876421009879739,0.029018186032772064,38,1,0.21487046828232795,0.0068489624108042848,0.5616099782;-0.9984812091;-0.7186488994;0;7.004453914;-9.731894975;-0.9984812091;2.886439923;-0.2662758197;-7.004453914;0;26.26530498;-0.7186488994;-0.2662758197;3.064750099;9.731894975;-26.26530498;0;0;-7.004453914;9.731894975;256;0;0;7.004453914;0;-26.26530498;0;256;0;-9.731894975;26.26530498;0;0;0;256,255.9413073;-0.7851684033;-0.2711665901;4.025233438;0.9836844852;-8.913519162;-0.7851684033;248.5114447;-0.8783611019;44.51602189;-5.301781791;24.20972925;-0.2711665901;-0.8783611019;256.9095673;4.869065381;23.54632581;4.305845267;4.025233438;44.51602189;4.869065381;8.140509295;-0.4732237927;4.2786756;0.9836844852;-5.301781791;23.54632581;-0.4732237927;2.271619022;-0.1485611129;-8.913519162;24.20972925;4.305845267;4.2786756;-0.1485611129;2.73835235,259.2564;259.2564;256;0;0;0,3,3,1.0127203125000006,VISUAL_COMPLEMENTS_LIDAR_WEAK_SUBSPACE,UOBS_AND_UNONLOCAL_WEAK_SUBSPACE,21.48261408;2.130826912;-0.6762629998,-0.6210108712;-0.002118636824;0.01954690338,0.62132203578847189,0,0,81.67977463;30.14901838;20.34842133;30.14901838;15.16808744;7.691815564;20.34842133;7.691815564;7.546298262,85.191175;31.41695902;20.9297156;31.41695902;15.88070969;7.92098439;20.9297156;7.92098439;7.767234037,248.5532243;91.71499578;61.62655826;91.71499578;46.21938457;23.30461552;61.62655826;23.30461552;22.86233056,0
66,67,1660857400263560574,1660857400345054606,1660857400257584408,REJECTED_INSUFFICIENT_IMAGE_PARALLAX,1,1,0,INSUFFICIENT_IMAGE_PARALLAX,170,169,42,0.24852071005917159,0.5,0.21456268554162156,0.0292619988322258,40,0.95238095238095233,0.19954904394166714,0.014142308632445878,0.5252515117;-1.005629989;-0.6505752812;0;6.298612409;-9.736111581;-1.005629989;2.886119263;-0.2395468485;-6.298612409;0;26.44189882;-0.6505752812;-0.2395468485;3.101429225;9.736111581;-26.44189882;0;0;-6.298612409;9.736111581;256;0;0;6.298612409;0;-26.44189882;0;256;0;-9.736111581;26.44189882;0;0;0;256,255.958104;0.631324317;0.2403884577;3.1158958;0;0;0.631324317;248.0332204;-0.9543811264;-45.5833735;0;0;0.2403884577;-0.9543811264;256.7920595;-5.444130348;0;0;3.1158958;-45.5833735;-5.444130348;8.541201098;0;0;0;0;0;0;0;0;0;0;0;0;0;0,256.9481379;256.4151895;255.9612577;0;0;0,3,3,1.0038555840611039,VISUAL_COMPLEMENTS_LIDAR_WEAK_SUBSPACE,UOBS_JOINT_WEAK_SUBSPACE,25.77473772;3.255822758;-0.7125589993,-0.7256709919;-0.0329737809;0.02543353088,0.72686485898966013,0,0,72.93771533;28.12326365;21.49392748;28.12326365;13.95259011;8.341042295;21.49392748;8.341042295;8.081906665,75.72104071;29.22661422;22.10328394;29.22661422;14.5246752;8.593441182;22.10328394;8.593441182;8.313046851,221.5989714;85.47314152;65.09113889;85.47314152;42.43235543;25.27552577;65.09113889;25.27552577;24.47936018,0
68,69,1660857400467244574,1660857400548723902,1660857400459304407,REJECTED_INSUFFICIENT_IMAGE_PARALLAX,1,1,0,INSUFFICIENT_IMAGE_PARALLAX,174,174,42,0.2413793103448276,0.5,0.20747559695068313,0.036473065614700317,42,1,0.33562406855465921,0.028962443032434358,0.4815564696;-0.9773509142;-0.6172755015;0;5.928977117;-9.387528246;-0.9773509142;2.912159037;-0.2174157819;-5.928977117;0;26.65257856;-0.6172755015;-0.2174157819;3.119084494;9.387528246;-26.65257856;0;0;-5.928977117;9.387528246;256;0;0;5.928977117;0;-26.65257856;0;256;0;-9.387528246;26.65257856;0;0;0;256,256.0092563;-0.1034777247;0.1108468792;-1.026682174;1.60003268;-10.85608487;-0.1034777247;250.424813;-2.049421036;-38.06135019;5.20247662;-24.75732155;0.1108468792;-2.049421036;255.9399831;-13.99811403;-25.17311705;-3.55050469;-1.026682174;-38.06135019;-13.99811403;6.589132008;0.6079017;4.016622145;1.60003268;5.20247662;-25.17311705;0.6079017;2.58595133;-0.2142372464;-10.85608487;-24.75732155;-3.55050469;4.016622145;-0.2142372464;2.963664331,259.2564;259.2564;256;0;0;0,3,3,1.0127203125000004,VISUAL_COMPLEMENTS_LIDAR_WEAK_SUBSPACE,UOBS_AND_UNONLOCAL_WEAK_SUBSPACE,29.66740062;3.187480836;-0.5004369312,-0.8090422905;-0.007644432273;0.02741462682,0.80954272708368202,0,0,6.396045058;1.661683803;-0.4046105791;1.661683803;2.950253307;-0.6304294757;-0.4046105791;-0.6304294757;0.632644566,6.850424762;1.827917405;-0.469167661;1.827917405;3.098343726;-0.673265237;-0.469167661;-0.673265237;0.6566472813,19.64501488;5.151285011;-1.278388819;5.151285011;9.001350342;-1.934124189;-1.278388819;-1.934124189;1.924436414,0
70,71,1660857400670951646,1660857400752402678,1660857400661023453,REJECTED_INSUFFICIENT_IMAGE_PARALLAX,1,1,0,INSUFFICIENT_IMAGE_PARALLAX,167,167,36,0.21556886227544911,0.41666666666666669,0.18187926070043886,0.023475624620914459,36,1,0.15823896679926028,0.032531339372810691,0.4844062585;-0.9960751259;-0.5921194647;0;5.690274243;-9.57229237;-0.9960751259;2.898475073;-0.2127694091;-5.690274243;0;26.63888882;-0.5921194647;-0.2127694091;3.129918668;9.57229237;-26.63888882;0;0;-5.690274243;9.57229237;256;0;0;5.690274243;0;-26.63888882;0;256;0;-9.57229237;26.63888882;0;0;0;256,255.6946171;1.453095775;-0.02118423822;8.259367895;0;0;1.453095775;249.1919256;0.6913009363;-42.636847;0;0;-0.02118423822;0.6913009363;256.9001631;2.635422211;0;0;8.259367895;-42.636847;2.635422211;7.60782286;0;0;0;0;0;0;0;0;0;0;0;0;0;0,257.0384624;256.392071;255.9639952;0;0;0,3,3,1.0041977279975645,VISUAL_COMPLEMENTS_LIDAR_WEAK_SUBSPACE,UOBS_JOINT_WEAK_SUBSPACE,32.44221946;3.289175715;-0.7461272923,-0.8679583969;-0.0002767919181;0.03436916923,0.86863864475571506,0,0,6.645960676;1.579289358;-0.249831416;1.579289358;2.804535944;-0.5056801182;-0.249831416;-0.5056801182;0.571958614,7.108136913;1.73452473;-0.3038390072;1.73452473;2.936024029;-0.5395807051;-0.3038390072;-0.5395807051;0.5947776777,20.40255827;4.893103446;-0.8035018393;4.893103446;8.547595917;-1.550940942;-0.8035018393;-1.550940942;1.741194907,0
72,73,1660857400874629774,1660857400956093030,1660857400862743452,REJECTED_INSUFFICIENT_IMAGE_PARALLAX,1,1,0,INSUFFICIENT_IMAGE_PARALLAX,166,166,44,0.26506024096385544,0.41666666666666669,0.19010865908522723,0.026455648243427277,44,1,0.19914875655566303,0.033956683773840819,0.4834172257;-1.002115819;-0.5798892353;0;5.571747715;-9.628625924;-1.002115819;2.894249855;-0.2095635722;-5.571747715;0;26.64364071;-0.5798892353;-0.2095635722;3.13513292;9.628625924;-26.64364071;0;0;-5.571747715;9.628625924;256;0;0;5.571747715;0;-26.64364071;0;256;0;-9.628625924;26.64364071;0;0;0;256,256.0076429;-0.3051295556;-0.1285866305;1.358357781;5.631899099;7.93211252;-0.3051295556;250.0465416;-0.08501680387;39.74529582;-15.31332504;-19.82915164;-0.1285866305;-0.08501680387;256.7828471;1.017650655;-19.33207936;16.13001357;1.358357781;39.74529582;1.017650655;6.329455805;-2.480925413;-3.043611469;5.631899099;-15.31332504;-19.33207936;-2.480925413;2.51668134;0.1734622811;7.93211252;-19.82915164;16.13001357;-3.043611469;0.1734622811;2.829631264,259.2564;259.2564;256;0;0;0,3,3,1.0127203125000002,VISUAL_COMPLEMENTS_LIDAR_WEAK_SUBSPACE,UOBS_AND_UNONLOCAL_WEAK_SUBSPACE,34.89625897;3.296493743;-0.8939813064,-0.9106439969;0.002857753483;0.03946326557,0.91150315699140749,0,0,7.156815298;1.613644072;-0.1545760833;1.613644072;2.755358405;-0.4232395871;-0.1545760833;-0.4232395871;0.5424034413,7.648036894;1.768643437;-0.2030672001;1.768643437;2.883575;-0.4520341269;-0.2030672001;-0.4520341269;0.5655116987,21.96416749;4.995931581;-0.5122193667;4.995931581;8.396791812;-1.298513301;-0.5122193667;-1.298513301;1.652818582,0
74,75,1660857401078326126,1660857401159781094,1660857401064417437,REJECTED_INSUFFICIENT_IMAGE_PARALLAX,1,1,0,INSUFFICIENT_IMAGE_PARALLAX,160,160,41,0.25624999999999998,0.41666666666666669,0.19290319947430021,0.024375522509217262,41,1,0.12441701880030047,0.039503002116026885,0.4856533041;-1.017916563;-0.5562986231;0;5.347238507;-9.784389925;-1.017916563;2.882437944;-0.2043729163;-5.347238507;0;26.63289609;-0.5562986231;-0.2043729163;3.144708751;9.784389925;-26.63289609;0;0;-5.347238507;9.784389925;256;0;0;5.347238507;0;-26.63289609;0;256;0;-9.784389925;26.63289609;0;0;0;256,255.8653129;0.852791588;0.3112708626;0;0;0;0.852791588;251.052211;-1.319064556;0;0;0;0.3112708626;-1.319064556;256.7193402;0;0;0;0;0;0;0;0;0;0;0;0;0;0;0;0;0;0;0;0;0,257.0251997;256.0054841;250.6061803;0;0;0,3,3,1.0256139706636345,VISUAL_COMPLEMENTS_LIDAR_WEAK_SUBSPACE,UOBS_JOINT_WEAK_SUBSPACE,37.80099886;3.374865926;-1.1504593,-0.9678512066;0.01244842597;0.04808484983,0.96912490125918793,0,0,6.406968704;0.4536747319;-0.1028459337;0.4536747319;1.457711094;-0.4814869907;-0.1028459337;-0.4814869907;0.4495030357,6.840589329;0.54098172;-0.147359294;0.54098172;1.515677483;-0.5118409911;-0.147359294;-0.5118409911;0.4691890041,19.65702674;1.448331184;-0.3530511615;1.448331184;4.433599673;-1.474814973;-0.3530511615;-1.474814973;1.370695076,0
76,77,1660857401281996998,1660857401363471550,1660857401266137436,REJECTED_INSUFFICIENT_IMAGE_PARALLAX,1,1,0,INSUFFICIENT_IMAGE_PARALLAX,165,165,41,0.24848484848484848,0.5,0.18920565582352802,0.02326536551117897,41,1,0.31234043490299856,0.037007057255706452,0.4835133896;-1.020645433;-0.546818713;0;5.254087435;-9.806833993;-1.020645433;2.88072034;-0.201273294;-5.254087435;0;26.64317872;-0.546818713;-0.201273294;3.14856627;9.806833993;-26.64317872;0;0;-5.254087435;9.806833993;256;0;0;5.254087435;0;-26.64317872;0;256;0;-9.806833993;26.64317872;0;0;0;256,255.6975627;-1.346872697;-0.3512947044;8.275955736;2.779258739;4.220047553;-1.346872697;250.0379255;-0.9815915613;40.60764584;-19.85734624;-15.56410642;-0.3512947044;-0.9815915613;256.7101998;7.039971946;-13.83529301;20.27767182;8.275955736;40.60764584;7.039971946;7.079712905;-3.526908948;-1.822213377;2.779258739;-19.85734624;-13.83529301;-3.526908948;2.358629319;0.183547847;4.220047553;-15.56410642;20.27767182;-1.822213377;0.183547847;2.628769808,259.2564;259.2564;256;0;0;0,3,3,1.0127203125000004,VISUAL_COMPLEMENTS_LIDAR_WEAK_SUBSPACE,UOBS_AND_UNONLOCAL_WEAK_SUBSPACE,40.30332693;3.423455611;-1.286172404,-1.006133674;0.01379039601;0.05220909878,1.0075817261635289,0,0,7.46874011;0.5624954334;-0.2029299172;0.5624954334;1.431354735;-0.5328853607;-0.2029299172;-0.5328853607;0.497719337,7.977145765;0.6573784068;-0.2564419409;0.6573784068;1.492211062;-0.5660299326;-0.2564419409;-0.5660299326;0.5216147682,22.91712599;1.782369274;-0.6623017753;1.782369274;4.357420533;-1.631800654;-0.6623017753;-1.631800654;1.519553443,0
78,79,1660857401485693414,1660857401567160998,1660857401467857435,REJECTED_INSUFFICIENT_IMAGE_PARALLAX,1,1,0,INSUFFICIENT_IMAGE_PARALLAX,165,165,39,0.23636363636363636,0.41666666666666669,0.19713471361179777,0.017622996121644974,39,1,0.073827684378382635,0.040403509266413111,0.4759620691;-1.024056372;-0.5241102341;0;5.029050776;-9.826237225;-1.024056372;2.879232273;-0.1930337732;-5.029050776;0;26.67943235;-0.5241102341;-0.1930337732;3.157605657;9.826237225;-26.67943235;0;0;-5.029050776;9.826237225;256;0;0;5.029050776;0;-26.67943235;0;256;0;-9.826237225;26.67943235;0;0;0;256,255.8962937;-0.6265287891;-0.2324031506;3.770160284;4.244088577;-7.662770235;-0.6265287891;250.194346;-1.751987223;39.47624111;-4.447734806;25.0004279;-0.2324031506;-1.751987223;256.4757652;10.34139048;23.84996938;5.683691534;3.770160284;39.47624111;10.34139048;6.727034649;0.3488431344;4.072062679;4.244088577;-4.447734806;23.84996938;0.3488431344;2.361970467;-0.02659209941;-7.662770235;25.0004279;5.683691534;4.072062679;-0.02659209941;2.857390022,259.2564;259.2564;256;0;0;0,3,3,1.0127203125000004,VISUAL_COMPLEMENTS_LIDAR_WEAK_SUBSPACE,UOBS_AND_UNONLOCAL_WEAK_SUBSPACE,43.68589289;3.45856688;-1.45254199,-1.068737607;0.02556655395;0.05878974187,1.0706586544671406,0,0,7.984074;0.7416755977;-0.3132168932;0.7416755977;1.592793114;-0.6164143359;-0.3132168932;-0.6164143359;0.5597330562,8.531315159;0.8603826851;-0.3749723148;0.8603826851;1.676648512;-0.6543779005;-0.3749723148;-0.6543779005;0.5882572617,24.50196316;2.343733881;-1.001406101;2.343733881;4.864734741;-1.887206572;-1.001406101;-1.887206572;1.710223375,0
80,81,1660857401689375478,1660857401770894414,1660857401669577435,REJECTED_INSUFFICIENT_IMAGE_PARALLAX,1,1,0,INSUFFICIENT_IMAGE_PARALLAX,165,165,42,0.25454545454545452,0.41666666666666669,0.20484478820398333,0.024524353444576263,42,1,0.093288327698684767,0.043127613028058807,0.4690808437;-1.027924529;-0.5008484644;0;4.799908731;-9.851171106;-1.027924529;2.877315734;-0.1847059461;-4.799908731;0;26.71242602;-0.5008484644;-0.1847059461;3.166403423;9.851171106;-26.71242602;0;0;-4.799908731;9.851171106;256;0;0;4.799908731;0;-26.71242602;0;256;0;-9.851171106;26.71242602;0;0;0;256,255.9784599;-0.2567529582;-0.184952696;1.571456834;-1.300951146;8.502948672;-0.2567529582;250.2572864;-1.076211028;38.36265764;-0.2908080746;-26.65005861;-0.184952696;-1.076211028;256.2576846;7.768603195;-26.54954303;1.356586708;1.571456834;38.36265764;7.768603195;6.136554128;-0.8749292329;-3.993280728;-1.300951146;-0.2908080746;-26.54954303;-0.8749292329;2.75812087;-0.1414434501;8.502948672;-26.65005861;1.356586708;-3.993280728;-0.1414434501;3.124694099,259.2564;259.2564;256;0;0;0,3,3,1.0127203124999999,VISUAL_COMPLEMENTS_LIDAR_WEAK_SUBSPACE,UOBS_AND_UNONLOCAL_WEAK_SUBSPACE,46.66498468;3.598192028;-1.789257489,-1.120414253;0.02292036206;0.06838934954,1.122733514166999,0,0,8.347426234;0.6752863779;-0.3303745678;0.6752863779;1.514793513;-0.626461427;-0.3303745678;-0.626461427;0.5300677114,8.913390107;0.7922823316;-0.3939641089;0.7922823316;1.596864191;-0.6646333545;-0.3939641089;-0.6646333545;0.5580314779,25.61074258;2.142855087;-1.054713244;2.142855087;4.628951218;-1.917556209;-1.054713244;-1.917556209;1.620666902,0
81,82,1660857401770894414,1660857401852331062,1660857401770437316,REJECTED_INSUFFICIENT_IMAGE_PARALLAX,1,1,0,INSUFFICIENT_IMAGE_PARALLAX,163,163,42,0.25766871165644173,0.5,0.20178407373030705,0.017786892130970955,42,1,0.055840391308009905,0.04199632679809652,0.4676794035;-1.027692586;-0.4980714142;0;4.772095185;-9.846473219;-1.027692586;2.877677208;-0.1835480759;-4.772095185;0;26.71914057;-0.4980714142;-0.1835480759;3.167443389;9.846473219;-26.71914057;0;0;-4.772095185;9.846473219;256;0;0;4.772095185;0;-26.71914057;0;256;0;-9.846473219;26.71914057;0;0;0;256,255.9782727;-0.256964661;-0.1847813435;1.572731828;-1.320623149;8.482589817;-0.256964661;250.2516754;-1.072930607;38.3809426;-0.2900872094;-26.65574992;-0.1847813435;-1.072930607;256.2573366;7.748232226;-26.55696817;1.356766865;1.572731828;38.3809426;7.748232226;6.14102444;-0.8730477451;-3.996363179;-1.320623149;-0.2900872094;-26.55696817;-0.8730477451;2.759864438;-0.1421454003;8.482589817;-26.65574992;1.356766865;-3.996363179;-0.1421454003;3.12462645,259.2564;259.2564;256;0;0;0,3,3,1.0127203124999997,VISUAL_COMPLEMENTS_LIDAR_WEAK_SUBSPACE,UOBS_AND_UNONLOCAL_WEAK_SUBSPACE,47.78529608;3.575152732;-1.857828159,-1.134954963;0.02444408198;0.0701056696,1.1373808006721597,0,0,8.913309571;0.7922964904;-0.3939478231;0.7922964904;1.596849533;-0.6646266207;-0.3939478231;-0.6646266207;0.5580258511,9.517288268;0.9179795444;-0.4628520805;0.9179795444;1.688778151;-0.7049419588;-0.4628520805;-0.7049419588;0.5880668533,27.34640741;2.502572525;-1.250747727;2.502572525;4.884977218;-2.0341952;-1.250747727;-2.0341952;1.706618556,0
83,84,1660857401974536414,1660857402056019870,1660857401972157315,REJECTED_INSUFFICIENT_IMAGE_PARALLAX,1,1,0,INSUFFICIENT_IMAGE_PARALLAX,165,165,42,0.25454545454545452,0.41666666666666669,0.20582955116853555,0.029803778976202011,42,1,0.052787343285754525,0.039536104559023358,0.4643272112;-1.027283091;-0.491044623;0;4.701945321;-9.83663948;-1.027283091;2.878433296;-0.1806693007;-4.701945321;0;26.73519467;-0.491044623;-0.1806693007;3.170039493;9.83663948;-26.73519467;0;0;-4.701945321;9.83663948;256;0;0;4.701945321;0;-26.73519467;0;256;0;-9.83663948;26.73519467;0;0;0;256,255.9949732;-0.06506732739;-0.1267025637;0.2885318253;0.7689826478;9.186238232;-0.06506732739;246.98649;-1.562283111;47.45717932;-2.482494248;-26.26001458;-0.1267025637;-1.562283111;256.195093;8.330235885;-26.47821427;3.290938116;0.2885318253;47.45717932;8.330235885;9.409759606;-1.368630346;-4.929506513;0.7689826478;-2.482494248;-26.47821427;-1.368630346;2.767102217;-0.03213463464;9.186238232;-26.26001458;3.290938116;-4.929506513;-0.03213463464;3.159381853,259.2564;259.2564;256;0;0;0,3,3,1.0127203124999995,VISUAL_COMPLEMENTS_LIDAR_WEAK_SUBSPACE,UOBS_AND_UNONLOCAL_WEAK_SUBSPACE,50.65245766;3.509932604;-2.037298618,-1.174966283;0.03041782519;0.07488044238,1.1777427946012191,0,0,10.49997381;1.12421053;-0.5771281202;1.12421053;1.847088637;-0.7697381155;-0.5771281202;-0.7697381155;0.637295007,11.20928803;1.274177318;-0.6612601897;1.274177318;1.967575539;-0.8160023411;-0.6612601897;-0.8160023411;0.6730643786,32.21173565;3.522598379;-1.81551643;3.522598379;5.664252814;-2.355478572;-1.81551643;-2.355478572;1.950154394,0
85,86,1660857402178236094,1660857402259713286,1660857402173822478,REJECTED_INSUFFICIENT_IMAGE_PARALLAX,1,1,0,INSUFFICIENT_IMAGE_PARALLAX,157,157,39,0.24840764331210191,0.41666666666666669,0.19721199432506487,0.029372880235314369,39,1,0.056855146486638447,0.054589387268324269,0.4218213468;-1.026853705;-0.3758420591;0;3.571750427;-9.758527741;-1.026853705;2.884412251;-0.1361524438;-3.571750427;0;26.93793116;-0.3758420591;-0.1361524438;3.206566402;9.758527741;-26.93793116;0;0;-3.571750427;9.758527741;256;0;0;3.571750427;0;-26.93793116;0;256;0;-9.758527741;26.93793116;0;0;0;256,255.9852723;-0.1214971748;0.1147049914;-6.629883501;-3.909565337;0;-0.1214971748;250.4457821;-1.038296469;-44.68199964;9.294378492;0;0.1147049914;-1.038296469;256.3671319;0.6977328813;24.91491131;0;-6.629883501;-44.68199964;0.6977328813;8.145581362;-1.506562916;0;-3.909565337;9.294378492;24.91491131;-1.506562916;2.833717433;0;0;0;0;0;0;0,259.2564;258.6069567;255.9141284;0;0;0,3,3,1.0130601292702872,VISUAL_COMPLEMENTS_LIDAR_WEAK_SUBSPACE,UOBS_AND_UNONLOCAL_WEAK_SUBSPACE,56.48667143;4.383301151;-2.731317332,-1.320926973;0.00488595202;0.096591998,1.3244628931518032,0,0,8.684917238;0.2977048246;-0.1563797617;0.2977048246;1.767119494;-0.6762317042;-0.1563797617;-0.6762317042;0.6185703175,9.235590515;0.3875659291;-0.2124710451;0.3875659291;1.894697299;-0.7147243368;-0.2124710451;-0.7147243368;0.6532015304,26.60792499;0.9829755784;-0.5252305684;0.9829755784;5.431436289;-2.067187745;-0.5252305684;-2.067187745;1.892842166,0
87,88,1660857402381933806,1660857402463388734,1660857402375542477,REJECTED_INSUFFICIENT_IMAGE_PARALLAX,1,1,0,INSUFFICIENT_IMAGE_PARALLAX,165,165,36,0.21818181818181817,0.41666666666666669,0.18555706181932125,0.035405401140451431,36,1,0.076472797873638851,0.050111227650824236,0.4185124168;-1.026470787;-0.3661269108;0;3.477395118;-9.749200064;-1.026470787;2.885123039;-0.1324289871;-3.477395118;0;26.9536495;-0.3661269108;-0.1324289871;3.209164544;9.749200064;-26.9536495;0;0;-3.477395118;9.749200064;256;0;0;3.477395118;0;-26.9536495;0;256;0;-9.749200064;26.9536495;0;0;0;256,255.9733305;-0.4546393952;0.701414292;-4.498053574;-1.984791852;8.84348104;-0.4546393952;253.9634563;4.21598056;-24.13364256;24.79489181;11.2224711;0.701414292;4.21598056;247.6033114;45.75308171;14.0027282;-22.05744208;-4.498053574;-24.13364256;45.75308171;10.98427011;0.2140542212;-5.376888688;-1.984791852;24.79489181;14.0027282;0.2140542212;3.182310179;-0.1946817546;8.84348104;11.2224711;-22.05744208;-5.376888688;-0.1946817546;2.806121593,259.2564;259.2564;256;0;0;0,3,3,1.0127203125000002,VISUAL_COMPLEMENTS_LIDAR_WEAK_SUBSPACE,UOBS_AND_UNONLOCAL_WEAK_SUBSPACE,59.82300431;4.368583827;-2.978347538,-1.366746745;0.009281628643;0.1031980791,1.3706686900746021,0,0,10.12922795;0.5352238245;-0.3068293019;0.5352238245;2.113308569;-0.7764695189;-0.3068293019;-0.7764695189;0.7096853037,10.77234521;0.6427055012;-0.3772297575;0.6427055012;2.278899043;-0.8204787479;-0.3772297575;-0.8204787479;0.7505570238,31.03330112;1.71315315;-0.9908883613;1.71315315;6.508016182;-2.373417786;-0.9908883613;-2.373417786;2.172427632,0
89,90,1660857402585596806,1660857402667069934,1660857402577262476,REJECTED_INSUFFICIENT_IMAGE_PARALLAX,1,1,0,INSUFFICIENT_IMAGE_PARALLAX,165,165,43,0.26060606060606062,0.41666666666666669,0.20480655613170826,0.031073598191142082,43,1,0.062567512229890682,0.045872690630149343,0.4152726289;-1.026090409;-0.3563438012;0;3.382546994;-9.740029201;-1.026090409;2.885821215;-0.1286957285;-3.382546994;0;26.96903052;-0.3563438012;-0.1286957285;3.211706156;9.740029201;-26.96903052;0;0;-3.382546994;9.740029201;256;0;0;3.382546994;0;-26.96903052;0;256;0;-9.740029201;26.96903052;0;0;0;256,255.8672378;-0.8963459401;0.9774535828;-6.784470781;-0.8235759401;9.999119563;-0.8963459401;252.2608077;4.842109491;-31.00885723;24.02245622;13.6190421;0.9774535828;4.842109491;249.5506695;39.51335274;16.19371154;-21.8502202;-6.784470781;-31.00885723;39.51335274;10.45501087;-0.401312485;-5.508740692;-0.8235759401;24.02245622;16.19371154;-0.401312485;3.282344899;-0.1293251683;9.999119563;13.6190421;-21.8502202;-5.508740692;-0.1293251683;3.096729226,259.2564;259.2564;256;0;0;0,3,3,1.0127203125000015,VISUAL_COMPLEMENTS_LIDAR_WEAK_SUBSPACE,UOBS_AND_UNONLOCAL_WEAK_SUBSPACE,63.27450302;4.341641129;-3.241806089,-1.413448082;0.01353960694;0.1101895746,1.4178013062974686,0,0,11.81342439;0.8186878444;-0.4950869554;0.8186878444;2.559874682;-0.8909692947;-0.4950869554;-0.8909692947;0.8169981998,12.5616647;0.94622264;-0.5826134647;0.94622264;2.770825582;-0.9411532939;-0.5826134647;-0.9411532939;0.864950748,36.19101348;2.583598329;-1.572787376;2.583598329;7.893074947;-2.723091883;-1.572787376;-2.723091883;2.501447149,0
91,92,1660857402789283478,1660857402870796582,1660857402778981283,REJECTED_INSUFFICIENT_IMAGE_PARALLAX,1,1,0,INSUFFICIENT_IMAGE_PARALLAX,177,177,42,0.23728813559322035,0.41666666666666669,0.19965232792869264,0.017839953303337097,42,1,0.060753920287579449,0.041961344165046086,0.412141675;-1.025731558;-0.346572014;0;3.287978385;-9.731262351;-1.025731558;2.88648802;-0.1249850792;-3.287978385;0;26.98388651;-0.346572014;-0.1249850792;3.214170305;9.731262351;-26.98388651;0;0;-3.287978385;9.731262351;256;0;0;3.287978385;0;-26.98388651;0;256;0;-9.731262351;26.98388651;0;0;0;256,256.0012236;0.05216516746;0.4811968187;-2.70702593;-4.843868842;-8.270428866;0.05216516746;256.0219951;1.695303214;-8.354726274;-26.24890979;7.179724827;0.4811968187;1.695303214;247.5706937;46.25506832;6.562828461;24.99636756;-2.70702593;-8.354726274;46.25506832;8.966340491;2.169759711;4.523675813;-4.843868842;-26.24890979;6.562828461;2.169759711;2.966460023;0.1004880079;-8.270428866;7.179724827;24.99636756;4.523675813;0.1004880079;2.986087082,259.2564;259.2564;256;0;0;0,3,3,1.0127203125000004,VISUAL_COMPLEMENTS_LIDAR_WEAK_SUBSPACE,UOBS_AND_UNONLOCAL_WEAK_SUBSPACE,66.8431959;4.303420839;-3.522518917,-1.461205506;0.01898086785;0.1172168725,1.4660223734447697,0,0,13.77005217;1.154147355;-0.7285034182;1.154147355;3.125944427;-1.021423753;-0.7285034182;-1.021423753;0.9426971144,14.63682934;1.304445628;-0.8363705887;1.304445628;3.39070754;-1.078482388;-0.8363705887;-1.078482388;0.9986797896,42.17943369;3.612740338;-2.293377425;3.612740338;9.645096395;-3.121329893;-2.293377425;-3.121329893;2.886574019,0
93,94,1660857402992969574,1660857403074442382,1660857402980701283,REJECTED_INSUFFICIENT_IMAGE_PARALLAX,1,1,0,INSUFFICIENT_IMAGE_PARALLAX,178,178,39,0.21910112359550563,0.41666666666666669,0.18888129045054997,0.013951960019767284,39,1,0.018421902731224141,0.043853261067606383,0.384456366;-0.9866487465;-0.3614709726;0;3.412757693;-9.315251721;-0.9866487465;2.917439396;-0.1241824101;-3.412757693;0;27.11489573;-0.3614709726;-0.1241824101;3.210904238;9.315251721;-27.11489573;0;0;-3.412757693;9.315251721;256;0;0;3.412757693;0;-27.11489573;0;256;0;-9.315251721;27.11489573;0;0;0;256,253.7937425;-0.1562690505;1.04779323;0;0;0;-0.1562690505;256.0372886;0.221391936;0;0;0;1.04779323;0.221391936;255.5130856;0;0;0;0;0;0;0;0;0;0;0;0;0;0;0;0;0;0;0;0;0,256.1681562;255.8980914;253.2778691;0;0;0,3,3,1.0114115263055701,VISUAL_COMPLEMENTS_LIDAR_WEAK_SUBSPACE,UOBS_JOINT_WEAK_SUBSPACE,69.97923957;4.024055163;-3.545703509,-1.482303353;0.02561890838;0.115741325,1.4870358477990817,0,0,14.31495246;0.5742611995;-0.5047122264;0.5742611995;0.8780917044;-0.2477564818;-0.5047122264;-0.2477564818;0.4652459208,15.15320751;0.6485045777;-0.5864520161;0.6485045777;0.9151815614;-0.2593043117;-0.5864520161;-0.2593043117;0.4971700433,43.78561243;1.797026977;-1.595876469;1.797026977;2.673864971;-0.7548172752;-1.595876469;-0.7548172752;1.430161886,0
95,96,1660857403196666222,1660857403278139094,1660857403182365254,REJECTED_INSUFFICIENT_IMAGE_PARALLAX,1,1,0,INSUFFICIENT_IMAGE_PARALLAX,177,177,41,0.23163841807909605,0.41666666666666669,0.19327596357606297,0.02394893579185009,41,1,0.043613648567487492,0.066343470224586393,0.2604208762;-0.8464725578;-0.2523880293;0;2.333024738;-7.824623945;-0.8464725578;3.01724086;-0.07130875479;-2.333024738;0;27.69423506;-0.2523880293;-0.07130875479;3.235138264;7.824623945;-27.69423506;0;0;-2.333024738;7.824623945;256;0;0;2.333024738;0;-27.69423506;0;256;0;-7.824623945;27.69423506;0;0;0;256,252.0300681;-0.8363110742;-1.057416736;-4.326756463;36.10041147;0;-0.8363110742;255.7617433;-0.06206232645;7.658318778;12.73547415;0;-1.057416736;-0.06206232645;255.3491973;12.69040737;17.40884622;0;-4.326756463;7.658318778;12.69040737;0.9318313714;0.6362335942;0;36.10041147;12.73547415;17.40884622;0.6362335942;7.02520913;0;0;0;0;0;0;0,259.2564;256.1734097;255.6682395;0;0;0,3,3,1.0140344399135959,VISUAL_COMPLEMENTS_LIDAR_WEAK_SUBSPACE,UOBS_AND_UNONLOCAL_WEAK_SUBSPACE,77.030137;4.30344853;-4.311713674,-1.624525261;0.01565429699;0.1433522025,1.6309130063045587,0,0,11.97419227;0.3112701763;-0.1024070438;0.3112701763;0.9045762445;-0.180670479;-0.1024070438;-0.180670479;0.424233745,12.66642483;0.3583147326;-0.1568333931;0.3583147326;0.9478496487;-0.1855235157;-0.1568333931;-0.1855235157;0.4526146303,36.61730938;0.9808550852;-0.3616474808;0.9808550852;2.759502139;-0.5468644737;-0.3616474808;-0.5468644737;1.303582121,0
99,100,1660857403604034478,1660857403685532478,1660857403585805253,REJECTED_INSUFFICIENT_IMAGE_PARALLAX,1,1,0,INSUFFICIENT_IMAGE_PARALLAX,174,174,38,0.21839080459770116,0.41666666666666669,0.1934877284016947,0.01895708404481411,38,1,0.036429018081087103,0.088997579702839058,0.2891456391;-0.8876367128;-0.2647068656;0;2.458712787;-8.244756822;-0.8876367128;2.990868691;-0.07918550399;-2.458712787;0;27.56115231;-0.2647068656;-0.07918550399;3.23278567;8.244756822;-27.56115231;0;0;-2.458712787;8.244756822;256;0;0;2.458712787;0;-27.56115231;0;256;0;-8.244756822;27.56115231;0;0;0;256,247.0951635;1.954134617;2.398069276;41.38700396;-31.46771326;0;1.954134617;254.2917436;-1.837164626;-17.64125566;-5.869657591;0;2.398069276;-1.837164626;254.1806015;-20.71805554;6.535318205;0;41.38700396;-17.64125566;-20.71805554;9.978787047;-5.442035597;0;-31.46771326;-5.869657591;6.535318205;-5.442035597;4.31360715;0;0;0;0;0;0;0,259.2564;256.0001527;254.6033501;0;0;0,3,3,1.0182756820122634,VISUAL_COMPLEMENTS_LIDAR_WEAK_SUBSPACE,UOBS_AND_UNONLOCAL_WEAK_SUBSPACE,83.55300525;4.406200502;-5.04321916,-1.679305867;0.00743734987;0.1551579448,1.686474872569222,0,0,9.735001724;0.8661353658;-0.1180987037;0.8661353658;0.9323038765;-0.02237263558;-0.1180987037;-0.02237263558;0.3843698035,10.27911326;0.9669279906;-0.1644153819;0.9669279906;0.9822577701;-0.01792861518;-0.1644153819;-0.01792861518;0.4117376037,29.75161671;2.699198722;-0.4006127892;2.699198722;2.849365524;-0.06267388633;-0.4006127892;-0.06267388633;1.182977212,0
102,103,1660857403889193382,1660857403970667222,1660857403888385370,REJECTED_INSUFFICIENT_IMAGE_PARALLAX,1,1,0,INSUFFICIENT_IMAGE_PARALLAX,162,162,36,0.22222222222222221,0.41666666666666669,0.19450329671199729,0.024266190826892853,36,1,0.043560651485639985,0.21552824529378076,0.09735323407;-0.5423048791;-0.1159691222;0;1.043961121;-4.881861643;-0.5423048791;3.163304011;-0.0199081006;-1.043961121;0;28.43793192;-0.1159691222;-0.0199081006;3.252142755;4.881861643;-28.43793192;0;0;-1.043961121;4.881861643;256;0;0;1.043961121;0;-28.43793192;0;256;0;-4.881861643;28.43793192;0;0;0;256,244.2377996;1.655707687;1.908511424;57.1647136;-4.49282424;0;1.655707687;251.7209047;-1.596838409;0.857074163;41.24671141;0;1.908511424;-1.596838409;255.269899;-11.05498445;16.08500725;0;57.1647136;0.857074163;-11.05498445;13.89848853;-1.712658386;0;-4.49282424;41.24671141;16.08500725;-1.712658386;7.903266004;0;0;0;0;0;0;0,259.2564;258.2639719;255.509986;0;0;0,3,3,1.0146624955059109,VISUAL_COMPLEMENTS_LIDAR_WEAK_SUBSPACE,UOBS_AND_UNONLOCAL_WEAK_SUBSPACE,95.92371592;5.358717482;-4.988956389,-1.895861658;-0.05718372159;0.1595340477,1.9034212659217524,0,0,4.7492219;0.9442451165;-0.3566525128;0.9442451165;1.003220949;-0.1125626653;-0.3566525128;-0.1125626653;0.3885560436,5.058959852;1.034681105;-0.4072777398;1.034681105;1.056887635;-0.1192400232;-0.4072777398;-0.1192400232;0.4173147357,14.55990365;2.923171338;-1.120582765;2.923171338;3.065829535;-0.3443653538;-1.120582765;-0.3443653538;1.196926824,0
104,105,1660857404092875062,1660857404174360646,1660857404090050295,REJECTED_INSUFFICIENT_IMAGE_PARALLAX,1,1,0,INSUFFICIENT_IMAGE_PARALLAX,168,168,41,0.24404761904761904,0.5,0.19861219576648692,0.020026462152600288,41,1,0.061724061100184018,0.20135883046590591,0.09383843293;-0.5349770571;-0.1028074405;0;0.924964437;-4.813219257;-0.5349770571;3.165903595;-0.01739084625;-0.924964437;0;28.45374775;-0.1028074405;-0.01739084625;3.253057972;4.813219257;-28.45374775;0;0;-0.924964437;4.813219257;256;0;0;0.924964437;0;-28.45374775;0;256;0;-4.813219257;28.45374775;0;0;0;256,253.3280625;-0.1788708738;0.3850753682;-8.302427904;-28.58502174;-23.90685925;-0.1788708738;256.0043474;-0.1852887669;0.9996047305;-6.407360007;-2.339162362;0.3850753682;-0.1852887669;252.5120418;14.45956315;-24.98301108;29.41280403;-8.302427904;0.9996047305;14.45956315;1.105483123;-0.5178194151;2.462169258;-28.58502174;-6.407360007;-24.98301108;-0.5178194151;5.850953892;-0.1521960135;-23.90685925;-2.339162362;29.41280403;2.462169258;-0.1521960135;5.711911221,259.2564;259.2564;256;0;0;0,3,3,1.0127203125000008,VISUAL_COMPLEMENTS_LIDAR_WEAK_SUBSPACE,UOBS_AND_UNONLOCAL_WEAK_SUBSPACE,100.7050934;5.501329825;-5.395072183,-1.952323083;-0.05604820794;0.1693406938,1.9604548177743397,0,0,5.56474701;1.179350745;-0.4918709557;1.179350745;1.148376431;-0.1307631752;-0.4918709557;-0.1307631752;0.464750503,5.931090013;1.282116012;-0.5545584796;1.282116012;1.217387934;-0.1395474268;-0.5545584796;-0.1395474268;0.4994527481,17.06308403;3.640817502;-1.538300391;3.640817502;3.516640797;-0.4010737771;-1.538300391;-0.4010737771;1.431453755,0
106,107,1660857404296572774,1660857404378040158,1660857404291770295,REJECTED_INSUFFICIENT_IMAGE_PARALLAX,1,1,0,INSUFFICIENT_IMAGE_PARALLAX,165,164,36,0.21951219512195122,0.5,0.20074181119640153,0.018325479701161385,36,1,0.035732300983630588,0.18698213922785245,0.09046374766;-0.5275876021;-0.0897428569;0;0.8069911845;-4.744205374;-0.5275876021;3.168480138;-0.01495520279;-0.8069911845;0;28.46892482;-0.0897428569;-0.01495520279;3.253856114;4.744205374;-28.46892482;0;0;-0.8069911845;4.744205374;256;0;0;0.8069911845;0;-28.46892482;0;256;0;-4.744205374;28.46892482;0;0;0;256,252.6703559;-0.2716571329;0.6990315984;5.334648249;-20.02699651;34.25007227;-0.2716571329;255.6862301;-1.268685564;-5.633975315;3.38143015;11.07804035;0.6990315984;-1.268685564;250.6002891;-24.94011758;34.58890691;17.92971786;5.334648249;-5.633975315;-24.94011758;2.727181346;-3.95231792;-1.305091863;-20.02699651;3.38143015;34.58890691;-3.95231792;6.425697262;-0.09415976571;34.25007227;11.07804035;17.92971786;-1.305091863;-0.09415976571;6.403046237,259.2564;259.2564;256;0;0;0,3,3,1.0127203125000011,VISUAL_COMPLEMENTS_LIDAR_WEAK_SUBSPACE,UOBS_AND_UNONLOCAL_WEAK_SUBSPACE,105.6280983;5.641013492;-5.825767705,-2.008580573;-0.05492635638;0.1792235291,2.0173085777292714,0,0,6.52741125;1.446159675;-0.658931663;1.446159675;1.334076965;-0.1545079701;-0.658931663;-0.1545079701;0.5564543825,6.957982975;1.562455518;-0.7359512889;1.562455518;1.421371766;-0.1657586189;-0.7359512889;-0.1657586189;0.5979672691,20.01530548;4.454774869;-2.053814615;4.454774869;4.092025697;-0.4747745592;-2.053814615;-0.4747745592;1.713376035,0
108,109,1660857404500251966,1660857404581776614,1660857404493490294,REJECTED_INSUFFICIENT_IMAGE_PARALLAX,1,1,0,INSUFFICIENT_IMAGE_PARALLAX,160,159,43,0.27044025157232704,0.5,0.20907917375738502,0.024280659854412079,43,1,0.17383326609246696,0.17299978669822627,0.08724684299;-0.5202215395;-0.07660390174;0;0.6884925721;-4.675592987;-0.5202215395;3.171004806;-0.01257465251;-0.6884925721;0;28.48338477;-0.07660390174;-0.01257465251;3.254548351;4.675592987;-28.48338477;0;0;-0.6884925721;4.675592987;256;0;0;0.6884925721;0;-28.48338477;0;256;0;-4.675592987;28.48338477;0;0;0;256,251.7386259;-0.03954716371;0.08613144937;14.6562972;39.22665864;-11.66172227;-0.03954716371;252.3751093;0.9788927399;1.909596317;11.45981135;38.53227283;0.08613144937;0.9788927399;255.7494637;-2.755219492;-2.205089165;-13.00102676;14.6562972;1.909596317;-2.755219492;0.8977289696;2.395139317;-0.244787024;39.22665864;11.45981135;-2.205089165;2.395139317;6.653363582;0.04968892901;-11.66172227;38.53227283;-13.00102676;-0.244787024;0.04968892901;7.098508621,259.2564;259.2564;256;0;0;0,3,3,1.0127203125000008,VISUAL_COMPLEMENTS_LIDAR_WEAK_SUBSPACE,UOBS_AND_UNONLOCAL_WEAK_SUBSPACE,110.6928216;5.777466527;-6.281626528,-2.067863668;-0.0538701503;0.189331212,2.0772117009995297,0,0,7.656929537;1.747815494;-0.8637179845;1.747815494;1.56797247;-0.1847189353;-0.8637179845;-0.1847189353;0.6659207362,8.160711251;1.879046588;-0.9577861052;1.879046588;1.677080315;-0.1988649681;-0.9577861052;-0.1988649681;0.71530078,23.47707033;5.374677577;-2.685222074;5.374677577;4.815525255;-0.5683028387;-2.685222074;-0.5683028387;2.049642253,0
110,111,1660857404703948870,1660857404785420934,1660857404695210293,REJECTED_INSUFFICIENT_IMAGE_PARALLAX,1,1,0,INSUFFICIENT_IMAGE_PARALLAX,164,164,36,0.21951219512195122,0.41666666666666669,0.19645493236485437,0.018251333385705948,36,1,0.032135873499096912,0.15866417813398181,0.08415244753;-0.5127718138;-0.06338345773;0;0.5693933288;-4.606388803;-0.5127718138;3.173513993;-0.01024549631;-0.5693933288;0;28.49728712;-0.06338345773;-0.01024549631;3.25513356;4.606388803;-28.49728712;0;0;-0.5693933288;4.606388803;256;0;0;0.5693933288;0;-28.49728712;0;256;0;-4.606388803;28.49728712;0;0;0;256,251.1731659;1.116052135;-0.422085871;-34.17316033;-28.85742499;-5.26960758;1.116052135;255.7708354;0.1435040257;7.760853453;-0.05214248409;-1.619673689;-0.422085871;0.1435040257;256.12493;-2.364454348;4.30985055;-27.8029001;-34.17316033;7.760853453;-2.364454348;4.917184854;3.888157851;0.9310328815;-28.85742499;-0.05214248409;4.30985055;3.888157851;3.386366677;0.1422450924;-5.26960758;-1.619673689;-27.8029001;0.9310328815;0.1422450924;3.140317099,259.2564;259.2564;256;0;0;0,3,3,1.0127203124999999,VISUAL_COMPLEMENTS_LIDAR_WEAK_SUBSPACE,UOBS_AND_UNONLOCAL_WEAK_SUBSPACE,115.9026968;5.910790979;-6.762762036,-2.124459535;-0.0523608466;0.1998090954,2.1344773717536398,0,0,8.975464424;2.087677091;-1.113067249;2.087677091;1.858991771;-0.2224612355;-1.113067249;-0.2224612355;0.7957811429,9.560982748;2.235100322;-1.226907873;2.235100322;1.993544985;-0.2399096232;-1.226907873;-0.2399096232;0.854057025,27.5144116;6.410454504;-3.453042371;6.410454504;5.714028527;-0.6848320941;-3.453042371;-0.6848320941;2.448119312,0
112,113,1660857404907638806,1660857404989113774,1660857404896929339,REJECTED_INSUFFICIENT_IMAGE_PARALLAX,1,1,0,INSUFFICIENT_IMAGE_PARALLAX,160,159,40,0.25157232704402516,0.5,0.2084602252969277,0.017419228330254555,40,1,0.036237281772989058,0.14509526807456008,0.08118051035;-0.5052213137;-0.05017332768;0;0.4505116363;-4.536435816;-0.5052213137;3.176012305;-0.007983270009;-0.4505116363;0;28.51063292;-0.05017332768;-0.007983270009;3.255607185;4.536435816;-28.51063292;0;0;-0.4505116363;4.536435816;256;0;0;0.4505116363;0;-28.51063292;0;256;0;-4.536435816;28.51063292;0;0;0;256,252.3790224;0.999548061;0.9130618706;-16.50249366;36.52257449;1.942429433;0.999548061;253.4133603;-0.7519833853;10.91425917;-1.459405673;36.0973765;0.9130618706;-0.7519833853;255.7505459;5.708670176;-11.85497957;8.225006825;-16.50249366;10.91425917;5.708670176;1.686368752;-2.729642724;1.625518659;36.52257449;-1.459405673;-11.85497957;-2.729642724;5.857752394;-0.3377358072;1.942429433;36.0973765;8.225006825;1.625518659;-0.3377358072;5.425750181,259.2564;259.2564;256;0;0;0,3,3,1.0127203125000008,VISUAL_COMPLEMENTS_LIDAR_WEAK_SUBSPACE,UOBS_AND_UNONLOCAL_WEAK_SUBSPACE,121.2580385;6.04054752;-7.270334231,-2.183263231;-0.0506014114;0.2103994101,2.1939614289140148,0,0,10.50668459;2.469313557;-1.414409258;2.469313557;2.216977438;-0.268843078;-1.414409258;-0.268843078;0.9488864805,11.18449657;2.634530751;-1.55135286;2.634530751;2.38138163;-0.2900847451;-1.55135286;-0.2900847451;1.017350372,32.20036574;7.573157865;-4.380171376;7.573157865;6.817836507;-0.8277709011;-4.380171376;-0.8277709011;2.917623335,0
114,115,1660857405111320478,1660857405192800446,1660857405098593310,REJECTED_INSUFFICIENT_IMAGE_PARALLAX,1,1,0,INSUFFICIENT_IMAGE_PARALLAX,171,170,41,0.2411764705882353,0.5,0.20385144843056802,0.018074162304401398,39,0.95121951219512191,0.053615886311256203,0.13227986450684517,0.07838459583;-0.4977390381;-0.0369229319;0;0.3313890568;-4.467285286;-0.4977390381;3.178444383;-0.005782849443;-0.3313890568;0;28.52318256;-0.0369229319;-0.005782849443;3.255971021;4.467285286;-28.52318256;0;0;-0.3313890568;4.467285286;256;0;0;0.3313890568;0;-28.52318256;0;256;0;-4.467285286;28.52318256;0;0;0;256,250.9482273;1.79659653;-0.7162279624;24.42193443;36.64293203;-2.054886643;1.79659653;252.764791;0.3854551194;-16.11822223;2.894754496;36.42578999;-0.7162279624;0.3854551194;255.8533912;0.1902173165;12.41341262;-8.069135603;24.42193443;-16.11822223;0.1902173165;3.427321037;3.410291116;-2.558091615;36.64293203;2.894754496;12.41341262;3.410291116;5.990009764;-0.3182322466;-2.054886643;36.42578999;-8.069135603;-2.558091615;-0.3182322466;5.529059631,259.2564;259.2564;256;0;0;0,3,3,1.0127203124999995,VISUAL_COMPLEMENTS_LIDAR_WEAK_SUBSPACE,UOBS_AND_UNONLOCAL_WEAK_SUBSPACE,126.760545;6.166180961;-7.804699377,-2.242805435;-0.04869866459;0.2212568132,2.2542187903427542,0,0,12.2766676;2.896544131;-1.776141102;2.896544131;2.653090714;-0.3250917628;-1.776141102;-0.3250917628;1.128471435,13.05786832;3.081147668;-1.939810562;3.081147668;2.852179967;-0.3506445744;-1.939810562;-0.3506445744;1.208520517,37.61370351;8.874235929;-5.492092766;8.874235929;8.160861396;-1.0008281;-5.492092766;-1.0008281;3.467963387,0
116,117,1660857405315010646,1660857405396477646,1660857405300313309,REJECTED_INSUFFICIENT_IMAGE_PARALLAX,1,1,0,INSUFFICIENT_IMAGE_PARALLAX,169,165,40,0.24242424242424243,0.5,0.19040828738921942,0.018660146743059158,38,0.94999999999999996,0.068180633924274259,0.12030819639042439,0.07574697128;-0.4902695378;-0.02367728697;0;0.212419202;-4.398420481;-0.4902695378;3.180829286;-0.003649644408;-0.212419202;0;28.53501665;-0.02367728697;-0.003649644408;3.256223743;4.398420481;-28.53501665;0;0;-0.212419202;4.398420481;256;0;0;0.212419202;0;-28.53501665;0;256;0;-4.398420481;28.53501665;0;0;0;256,252.2407117;0.3336790313;0.4823732117;-1.340297142;39.20855634;-12.5479939;0.3336790313;251.9180467;-0.9285954106;8.968133156;12.68425247;39.06622891;0.4823732117;-0.9285954106;255.8260357;4.991043678;-4.638063134;12.24131567;-1.340297142;8.968133156;4.991043678;0.4252793373;0.1497659508;1.702113939;39.20855634;12.68425247;-4.638063134;0.1497659508;6.813188954;-0.217029721;-12.5479939;39.06622891;12.24131567;1.702113939;-0.217029721;7.289537631,259.2564;259.2564;256;0;0;0,3,3,1.0127203124999993,VISUAL_COMPLEMENTS_LIDAR_WEAK_SUBSPACE,UOBS_AND_UNONLOCAL_WEAK_SUBSPACE,132.4123093;6.286998893;-8.366523166,-2.302438419;-0.04697507428;0.2323168289,2.3146058926045052,0,0,14.31388091;3.373459833;-2.207612581;3.373459833;3.179831434;-0.3925320957;-2.207612581;-0.3925320957;1.338152053,15.21036265;3.579079827;-2.401977421;3.579079827;3.418926016;-0.4229500271;-2.401977421;-0.4229500271;1.431313659,43.84062448;10.32599949;-6.817202583;10.32599949;9.781088884;-1.208014218;-6.817202583;-1.208014218;4.110117766,0
118,119,1660857405518693806,1660857405600166646,1660857405502033309,NOT_TRIGGERED,0,1,0,INSUFFICIENT_IMAGE_PARALLAX,163,160,44,0.27500000000000002,0.41666666666666669,0.19494723660363833,0.022030320018529892,40,0.90909090909090906,0.026734559306920983,0.11914610514018692,0;0;0;0;0;0;0;0;0;0;0;0;0;0;0;0;0;0;0;0;0;0;0;0;0;0;0;0;0;0;0;0;0;0;0;0,0;0;0;0;0;0;0;0;0;0;0;0;0;0;0;0;0;0;0;0;0;0;0;0;0;0;0;0;0;0;0;0;0;0;0;0,0;0;0;0;0;0,0,0,inf,LIDAR_WEAK_SUBSPACE_UNAVAILABLE,NO_WEAK_LIDAR_DIRECTION,137.8718755;6.881882328;-8.664763904,-2.347644957;-0.07472931711;0.2355494538,2.3606153559223055,0,0,16.33250047;4.347159073;-2.449519448;4.347159073;3.191653759;-0.8495173238;-2.449519448;-0.8495173238;1.352454282,17.32789533;4.624486463;-2.65863772;4.624486463;3.397561672;-0.9201077492;-2.65863772;-0.9201077492;1.447235397,49.99539628;13.31880461;-7.557676616;13.31880461;9.783369191;-2.619142397;-7.557676616;-2.619142397;4.154643962,0
120,121,1660857405722382350,1660857405803855670,1660857405703753308,NOT_TRIGGERED,0,1,0,INSUFFICIENT_IMAGE_PARALLAX,173,170,43,0.25294117647058822,0.41666666666666669,0.20705064231645187,0.016739336773753166,43,1,0.30884452955585506,0.10902982934073377,0;0;0;0;0;0;0;0;0;0;0;0;0;0;0;0;0;0;0;0;0;0;0;0;0;0;0;0;0;0;0;0;0;0;0;0,0;0;0;0;0;0;0;0;0;0;0;0;0;0;0;0;0;0;0;0;0;0;0;0;0;0;0;0;0;0;0;0;0;0;0;0,0;0;0;0;0;0,0,0,inf,LIDAR_WEAK_SUBSPACE_UNAVAILABLE,NO_WEAK_LIDAR_DIRECTION,143.7870555;7.068565074;-9.261165134,-2.407609418;-0.07433821299;0.2480089741,2.4214908077086146,0,0,18.92234759;5.065581745;-2.999532718;5.065581745;3.731465302;-1.034533176;-2.999532718;-1.034533176;1.600551728,20.05525462;5.376930165;-3.245710393;5.376930165;3.971539117;-1.116699777;-3.245710393;-1.116699777;1.710496292,57.9024498;15.50809366;-9.244775828;15.50809366;11.43696972;-3.185766128;-9.244775828;-3.185766128;4.914099749,0
123,124,1660857406007547678,1660857406089021902,1660857406006278351,REJECTED_INSUFFICIENT_IMAGE_PARALLAX,1,1,0,INSUFFICIENT_IMAGE_PARALLAX,171,171,36,0.21052631578947367,0.5,0.20319950457439007,0.020518161356449127,36,1,0.14890176353070658,0.09621823883714696,0;0;0;0;0;0;0;0;0;0;0;0;0;0;0;0;0;0;0;0;0;0;0;0;0;0;0;0;0;0;0;0;0;0;0;0,0;0;0;0;0;0;0;0;0;0;0;0;0;0;0;0;0;0;0;0;0;0;0;0;0;0;0;0;0;0;0;0;0;0;0;0,0;0;0;0;0;0,0,0,inf,LIDAR_MAP_SUPPORT_INSUFFICIENT,UOBS_JOINT_WEAK_SUBSPACE,152.3226514;7.327468558;-10.14644975,-2.493604982;-0.07465448097;0.2635696456,2.5086067961011111,0,0,23.15301434;6.220036375;-3.934654129;6.220036375;4.639166854;-1.344615982;-3.934654129;-1.344615982;2.015206469,24.50444013;6.584328935;-4.241679527;6.584328935;4.935022721;-1.445278716;-4.241679527;-1.445278716;2.149833689,70.81296882;19.02440169;-12.11098778;19.02440169;14.21585643;-4.134510679;-12.11098778;-4.134510679;6.182746628,0
125,126,1660857406211239646,1660857406292712710,1660857406207998350,REJECTED_INSUFFICIENT_IMAGE_PARALLAX,1,1,0,INSUFFICIENT_IMAGE_PARALLAX,156,156,37,0.23717948717948717,0.41666666666666669,0.19924813624103763,0.024383168667554855,37,1,0.034702525239497004,0.088154868057975969,0.05363438819;-0.4136000535;0.02670898405;0;-0.2387892508;-3.697753787;-0.4136000535;3.202988347;0.00344915569;0.2387892508;0;28.63403563;0.02670898405;0.00344915569;3.256177264;3.697753787;-28.63403563;0;0;0.2387892508;3.697753787;256;0;0;-0.2387892508;0;-28.63403563;0;256;0;-3.697753787;28.63403563;0;0;0;256,253.8655223;-0.003570693597;-0.6141874418;1.367081984;-28.33052154;15.79850677;-0.003570693597;253.7310558;-3.867781865;-18.22368405;-15.84106498;-28.32643789;-0.6141874418;-3.867781865;244.7476143;-51.80771343;-16.60790273;8.971720913;1.367081984;-18.22368405;-51.80771343;12.40204669;4.586233652;0.2936653995;-28.33052154;-15.84106498;-16.60790273;4.586233652;5.320359156;-0.5876401939;15.79850677;-28.32643789;8.971720913;0.2936653995;-0.5876401939;4.446201839,259.2564;259.2564;256;0;0;0,3,3,1.0127203124999997,VISUAL_COMPLEMENTS_LIDAR_WEAK_SUBSPACE,UOBS_AND_UNONLOCAL_WEAK_SUBSPACE,158.6039165;7.51250134;-10.81372509,-2.555953636;-0.07319743084;0.2752373411,2.571772238616433,0,0,26.66026144;7.161686643;-4.738956016;7.161686643;5.412506361;-1.607232852;-4.738956016;-1.607232852;2.366602647,28.18693922;7.567880595;-5.096251912;7.567880595;5.754440113;-1.722812321;-5.096251912;-1.722812321;2.521505546,81.5099621;21.89125388;-14.57416395;21.89125388;16.58195284;-4.937278024;-14.57416395;-4.937278024;7.257210842,0
127,128,1660857406414992934,1660857406496393382,1660857406409718350,NOT_TRIGGERED,0,1,0,INSUFFICIENT_IMAGE_PARALLAX,161,161,39,0.24223602484472051,0.41666666666666669,0.19190912655091968,0.017906641587615013,39,1,0.028428636566639187,0.080611505355493274,0;0;0;0;0;0;0;0;0;0;0;0;0;0;0;0;0;0;0;0;0;0;0;0;0;0;0;0;0;0;0;0;0;0;0;0,0;0;0;0;0;0;0;0;0;0;0;0;0;0;0;0;0;0;0;0;0;0;0;0;0;0;0;0;0;0;0;0;0;0;0;0,0;0;0;0;0;0,0,0,inf,LIDAR_WEAK_SUBSPACE_UNAVAILABLE,NO_WEAK_LIDAR_DIRECTION,165.0430571;7.695349773;-11.5109132,-2.616146167;-0.07219319192;0.2871662855,2.6328496156968626,0,0,30.62011057;8.210960002;-5.67388184;8.210960002;6.305459617;-1.908361663;-5.67388184;-1.908361663;2.770642068,32.33820347;8.662187632;-6.087339325;8.662187632;6.698765338;-2.040253366;-6.087339325;-2.040253366;2.948110411,93.58092462;25.08410764;-17.43510301;25.08410764;19.31218457;-5.856976693;-17.43510301;-5.856976693;8.491894548,0
129,130,1660857406618627030,1660857406700083710,1660857406611438349,REJECTED_INSUFFICIENT_IMAGE_PARALLAX,1,1,0,INSUFFICIENT_IMAGE_PARALLAX,160,160,41,0.25624999999999998,0.5,0.20506261618989205,0.027989210560917854,41,1,0.06597048872466936,0.074039621651438792,0;0;0;0;0;0;0;0;0;0;0;0;0;0;0;0;0;0;0;0;0;0;0;0;0;0;0;0;0;0;0;0;0;0;0;0,0;0;0;0;0;0;0;0;0;0;0;0;0;0;0;0;0;0;0;0;0;0;0;0;0;0;0;0;0;0;0;0;0;0;0;0,0;0;0;0;0;0,0,0,inf,LIDAR_MAP_SUPPORT_INSUFFICIENT,UOBS_JOINT_WEAK_SUBSPACE,171.6349962;7.875519132;-12.23830385,-2.681412162;-0.07195672471;0.2997759847,2.6990766190811,0,0,35.07386094;9.3759998;-6.754561208;9.3759998;7.331717407;-2.251575295;-6.754561208;-2.251575295;3.233202794,37.00511145;9.87662075;-7.231845369;9.87662075;7.783300916;-2.401656721;-7.231845369;-2.401656721;3.436305757,107.1553333;28.62862035;-20.74096779;28.62862035;22.44923573;-6.904807312;-20.74096779;-6.904807312;9.905211346,0
131,132,1660857406822299966,1660857406903768582,1660857406813157394,NOT_TRIGGERED,0,1,0,INSUFFICIENT_IMAGE_PARALLAX,161,161,38,0.2360248447204969,0.41666666666666669,0.20548539069392652,0.024544566869735718,38,1,0.052654270913955144,0.06807313862631828,0;0;0;0;0;0;0;0;0;0;0;0;0;0;0;0;0;0;0;0;0;0;0;0;0;0;0;0;0;0;0;0;0;0;0;0,0;0;0;0;0;0;0;0;0;0;0;0;0;0;0;0;0;0;0;0;0;0;0;0;0;0;0;0;0;0;0;0;0;0;0;0,0;0;0;0;0;0,0,0,inf,LIDAR_WEAK_SUBSPACE_UNAVAILABLE,NO_WEAK_LIDAR_DIRECTION,178.3872154;8.05437548;-12.99705112,-2.745302334;-0.07076251271;0.3126015872,2.7639486233829449,0,0,40.0733807;10.66698757;-7.999779538;10.66698757;8.508189458;-2.641384817;-7.999779538;-2.641384817;3.761794844,42.23705102;11.22085998;-8.547965853;11.22085998;9.024536851;-2.811282292;-8.547965853;-2.811282292;3.993305402,122.3863124;32.55483513;-24.54752493;32.55483513;26.04341577;-8.094051927;-24.54752493;-8.094051927;11.51939509,0
135,136,1660857407229665318,1660857407311142638,1660857407216541365,NOT_TRIGGERED,0,1,0,INSUFFICIENT_IMAGE_PARALLAX,158,158,44,0.27848101265822783,0.5,0.21011368149374582,0.017376778647303581,44,1,0.059260141664296634,0.057970823624313716,0;0;0;0;0;0;0;0;0;0;0;0;0;0;0;0;0;0;0;0;0;0;0;0;0;0;0;0;0;0;0;0;0;0;0;0,0;0;0;0;0;0;0;0;0;0;0;0;0;0;0;0;0;0;0;0;0;0;0;0;0;0;0;0;0;0;0;0;0;0;0;0,0;0;0;0;0;0,0,0,inf,LIDAR_WEAK_SUBSPACE_UNAVAILABLE,NO_WEAK_LIDAR_DIRECTION,192.372656;8.404147387;-14.61137733,-2.875342311;-0.06844548742;0.3386841731,2.8960292051750183,0,0,51.91789391;13.66759222;-11.0608607;13.66759222;11.38192754;-3.578479225;-11.0608607;-3.578479225;5.047663135,54.61299948;14.34056355;-11.7761938;14.34056355;12.05069285;-3.793759489;-11.7761938;-3.793759489;5.346202352,158.4512873;41.67574799;-33.8979152;41.67574799;34.81704793;-10.95071794;-33.8979152;-10.95071794;15.44402862,0
137,138,1660857407433350478,1660857407514836118,1660857407418261364,NOT_TRIGGERED,0,1,0,INSUFFICIENT_IMAGE_PARALLAX,159,159,42,0.26415094339622641,0.41666666666666669,0.19377788078297387,0.019152861088514328,42,1,0.15580250656006145,0.053662447539761557,0;0;0;0;0;0;0;0;0;0;0;0;0;0;0;0;0;0;0;0;0;0;0;0;0;0;0;0;0;0;0;0;0;0;0;0,0;0;0;0;0;0;0;0;0;0;0;0;0;0;0;0;0;0;0;0;0;0;0;0;0;0;0;0;0;0;0;0;0;0;0;0,0;0;0;0;0;0,0,0,inf,LIDAR_WEAK_SUBSPACE_UNAVAILABLE,NO_WEAK_LIDAR_DIRECTION,199.6099354;8.573926975;-15.46819559,-2.940709411;-0.06790625818;0.3519921167,2.962478953403433,0,0,58.87730797;15.39892239;-12.92047304;15.39892239;13.11882112;-4.135588105;-12.92047304;-4.135588105;5.822626518,61.87497958;16.13832299;-13.73322145;16.13832299;13.87634164;-4.376637803;-13.73322145;-4.376637803;6.160261684,179.6320955;46.93616777;-39.57416754;46.93616777;40.11648388;-12.64781401;-39.57416754;-12.64781401;17.80801472,0
139,140,1660857407637040638,1660857407718525574,1660857407619981363,NOT_TRIGGERED,0,1,0,INSUFFICIENT_IMAGE_PARALLAX,164,164,40,0.24390243902439024,0.5,0.20536444829382938,0.018457107245922089,40,1,0.025826615467272138,0.04986156745652328,0;0;0;0;0;0;0;0;0;0;0;0;0;0;0;0;0;0;0;0;0;0;0;0;0;0;0;0;0;0;0;0;0;0;0;0,0;0;0;0;0;0;0;0;0;0;0;0;0;0;0;0;0;0;0;0;0;0;0;0;0;0;0;0;0;0;0;0;0;0;0;0,0;0;0;0;0;0,0,0,inf,LIDAR_WEAK_SUBSPACE_UNAVAILABLE,NO_WEAK_LIDAR_DIRECTION,207.0109973;8.741744776;-16.35851407,-3.00721585;-0.06589202046;0.3659201799,3.0301132830101047,0,0,66.61176097;17.29974722;-15.03114394;17.29974722;15.08441663;-4.7587277;-15.03114394;-4.7587277;6.698433749,69.93749525;18.11035508;-15.95165496;18.11035508;15.94011183;-5.027743706;-15.95165496;-5.027743706;7.079449885,203.1635172;52.70984952;-46.01394283;52.70984952;46.1114451;-14.54519911;-46.01394283;-14.54519911;20.47881738,0
141,142,1660857407840741542,1660857407922225646,1660857407821701363,NOT_TRIGGERED,0,1,0,INSUFFICIENT_IMAGE_PARALLAX,159,159,42,0.26415094339622641,0.41666666666666669,0.20243834385161241,0.014654409140348434,42,1,0.027648421305875796,0.046440774404411272,0;0;0;0;0;0;0;0;0;0;0;0;0;0;0;0;0;0;0;0;0;0;0;0;0;0;0;0;0;0;0;0;0;0;0;0,0;0;0;0;0;0;0;0;0;0;0;0;0;0;0;0;0;0;0;0;0;0;0;0;0;0;0;0;0;0;0;0;0;0;0;0,0;0;0;0;0;0,0,0,inf,LIDAR_WEAK_SUBSPACE_UNAVAILABLE,NO_WEAK_LIDAR_DIRECTION,214.5788028;8.905370058;-17.28373177,-3.073985313;-0.0643927643;0.3797541066,3.0980228068686673,0,0,75.1878763;19.38244047;-17.41947594;19.38244047;17.3028842;-5.453567893;-17.41947594;-5.453567893;7.686084925,78.87011388;20.26936536;-18.45881534;20.26936536;18.26675309;-5.752906623;-18.45881534;-5.752906623;8.115030499,229.2483665;59.0342463;-53.29776723;59.0342463;52.87502149;-16.66004241;-53.29776723;-16.66004241;23.48970035,0
144,145,1660857408125891870,1660857408207362742,1660857408124225453,NOT_TRIGGERED,0,1,0,INSUFFICIENT_IMAGE_PARALLAX,181,181,44,0.24309392265193369,0.5,0.20889961650022429,0.021302323788404465,44,1,0.048639409529580339,0.04220927650988647,0;0;0;0;0;0;0;0;0;0;0;0;0;0;0;0;0;0;0;0;0;0;0;0;0;0;0;0;0;0;0;0;0;0;0;0,0;0;0;0;0;0;0;0;0;0;0;0;0;0;0;0;0;0;0;0;0;0;0;0;0;0;0;0;0;0;0;0;0;0;0;0,0;0;0;0;0;0,0,0,inf,LIDAR_WEAK_SUBSPACE_UNAVAILABLE,NO_WEAK_LIDAR_DIRECTION,225.4543018;9.127890199;-18.63774021,-3.167920008;-0.06190255539;0.4000088277,3.1936743988505758,0,0,88.7438369;22.62795321;-21.28334665;22.62795321;20.88215903;-6.558064488;-21.28334665;-6.558064488;9.278926946,92.97439213;23.63047427;-22.50893999;23.63047427;22.01549907;-6.90394804;-22.50893999;-6.90394804;9.783291929,270.4645659;68.88638069;-65.07563329;68.88638069;63.78231713;-20.02007702;-65.07563329;-20.02007702;28.34364582,0
146,147,1660857408329583222,1660857408411051030,1660857408325945452,NOT_TRIGGERED,0,1,0,INSUFFICIENT_IMAGE_PARALLAX,182,182,46,0.25274725274725274,0.5,0.20373325680356591,0.018048573285341263,46,1,0.026055846898224346,0.039567232217330529,0;0;0;0;0;0;0;0;0;0;0;0;0;0;0;0;0;0;0;0;0;0;0;0;0;0;0;0;0;0;0;0;0;0;0;0,0;0;0;0;0;0;0;0;0;0;0;0;0;0;0;0;0;0;0;0;0;0;0;0;0;0;0;0;0;0;0;0;0;0;0;0,0;0;0;0;0;0,0,0,inf,LIDAR_WEAK_SUBSPACE_UNAVAILABLE,NO_WEAK_LIDAR_DIRECTION,233.4260759;9.281343885;-19.64843935,-3.236146335;-0.06022500849;0.4145856013,3.263150528384021,0,0,99.63862456;25.2005561;-24.45707845;25.2005561;23.81524685;-7.449776169;-24.45707845;-7.449776169;10.58444375,104.2998459;26.29246218;-25.83159462;26.29246218;25.08394332;-7.832152593;-25.83159462;-7.832152593;11.1493802,303.579595;76.69357438;-74.74575152;76.69357438;72.71693701;-22.73170493;-74.74575152;-22.73170493;32.3207677,0
148,149,1660857408533268062,1660857408614738126,1660857408527663141,NOT_TRIGGERED,0,1,0,INSUFFICIENT_IMAGE_PARALLAX,179,179,42,0.23463687150837989,0.41666666666666669,0.1982566732300548,0.018849635496735573,42,1,0.049868969703763713,0.037201702149813026,0;0;0;0;0;0;0;0;0;0;0;0;0;0;0;0;0;0;0;0;0;0;0;0;0;0;0;0;0;0;0;0;0;0;0;0,0;0;0;0;0;0;0;0;0;0;0;0;0;0;0;0;0;0;0;0;0;0;0;0;0;0;0;0;0;0;0;0;0;0;0;0,0;0;0;0;0;0,0,0,inf,LIDAR_WEAK_SUBSPACE_UNAVAILABLE,NO_WEAK_LIDAR_DIRECTION,241.5685606;9.430383402;-20.6960017,-3.305245846;-0.05814654896;0.4293941488,3.3335282301211944,0,0,111.6354065;28.0010776;-28.01335472;28.0010776;27.09604481;-8.434752541;-28.01335472;-8.434752541;12.04569902,116.7618325;29.18840653;-29.55102229;29.18840653;28.51295755;-8.856442304;-29.55102229;-8.856442304;12.67724988,340.0351454;85.19056174;-85.57773173;85.19056174;82.70754716;-25.72594739;-85.57773173;-25.72594739;36.77114791,0
150,151,1660857408736956350,1660857408818439742,1660857408729384259,NOT_TRIGGERED,0,1,0,INSUFFICIENT_IMAGE_PARALLAX,177,177,46,0.25988700564971751,0.41666666666666669,0.20598489350425173,0.020032986998558044,46,1,0.056784491155647723,0.035060776810155972,0;0;0;0;0;0;0;0;0;0;0;0;0;0;0;0;0;0;0;0;0;0;0;0;0;0;0;0;0;0;0;0;0;0;0;0,0;0;0;0;0;0;0;0;0;0;0;0;0;0;0;0;0;0;0;0;0;0;0;0;0;0;0;0;0;0;0;0;0;0;0;0,0;0;0;0;0;0,0,0,inf,LIDAR_WEAK_SUBSPACE_UNAVAILABLE,UNONLOCAL_TERMINAL_RESPONSE,249.8838805;9.574345031;-21.7807772,-3.375135207;-0.0559161146;0.4447861602,3.404775911478422,0,0,124.8219553;31.04471306;-31.98850758;31.04471306;30.75732883;-9.520174985;-31.98850758;-9.520174985;13.67817015,130.4502789;32.33379162;-33.70447172;32.33379162;32.33616329;-9.984140054;-33.70447172;-9.984140054;14.3828092,380.0966895;94.42321774;-97.68148689;94.42321774;93.85332096;-29.02449002;-97.68148689;-29.02449002;41.7416495,0
152,153,1660857408940642806,1660857409022124966,1660857408931104258,NOT_TRIGGERED,0,1,0,INSUFFICIENT_IMAGE_PARALLAX,183,183,45,0.24590163934426229,0.5,0.20882731721236439,0.022714592516422272,45,1,0.042683765154103846,0.033117861338508289,0;0;0;0;0;0;0;0;0;0;0;0;0;0;0;0;0;0;0;0;0;0;0;0;0;0;0;0;0;0;0;0;0;0;0;0,0;0;0;0;0;0;0;0;0;0;0;0;0;0;0;0;0;0;0;0;0;0;0;0;0;0;0;0;0;0;0;0;0;0;0;0,0;0;0;0;0;0,0,0,inf,LIDAR_WEAK_SUBSPACE_UNAVAILABLE,NO_WEAK_LIDAR_DIRECTION,258.3730748;9.712658153;-22.90397646,-3.444983637;-0.05369067453;0.4601074626,3.4759881799271497,0,0,139.2891789;34.34692384;-36.4206914;34.34692384;34.83353077;-10.71341002;-36.4206914;-10.71341002;15.49826398,145.4569878;35.74400851;-38.33083609;35.74400851;36.58857892;-11.22268448;-38.33083609;-11.22268448;16.28284012,424.0378455;104.4378562;-111.1722189;104.4378562;106.2581405;-32.64950452;-111.1722189;-32.64950452;47.28186809,0
154,155,1660857409144333478,1660857409225806742,1660857409132769421,NOT_TRIGGERED,0,1,0,INSUFFICIENT_IMAGE_PARALLAX,164,164,39,0.23780487804878048,0.41666666666666669,0.20591708645392978,0.019960198551416397,39,1,0.031018144097315271,0.031341097093470265,0;0;0;0;0;0;0;0;0;0;0;0;0;0;0;0;0;0;0;0;0;0;0;0;0;0;0;0;0;0;0;0;0;0;0;0,0;0;0;0;0;0;0;0;0;0;0;0;0;0;0;0;0;0;0;0;0;0;0;0;0;0;0;0;0;0;0;0;0;0;0;0,0;0;0;0;0;0,0,0,inf,LIDAR_WEAK_SUBSPACE_UNAVAILABLE,NO_WEAK_LIDAR_DIRECTION,267.0378544;9.845056401;-24.06591703,-3.515085796;-0.05147603965;0.4759014787,3.5475287390880821,0,0,155.1352127;37.92421113;-41.35127296;37.92421113;39.36188445;-12.02235963;-41.35127296;-12.02235963;17.52385983,161.8818607;39.43573882;-43.47257081;39.43573882;41.30836303;-12.58013798;-43.47257081;-12.58013798;18.39580205,472.154786;115.2841611;-126.1751167;115.2841611;120.0346319;-36.62485723;-126.1751167;-36.62485723;53.44602171,0
156,157,1660857409348024190,1660857409429500478,1660857409334489420,NOT_TRIGGERED,0,1,0,INSUFFICIENT_IMAGE_PARALLAX,167,167,45,0.26946107784431139,0.5,0.20974095104097729,0.016677793115377426,45,1,0.051168634785447878,0.029744868768473588,0;0;0;0;0;0;0;0;0;0;0;0;0;0;0;0;0;0;0;0;0;0;0;0;0;0;0;0;0;0;0;0;0;0;0;0,0;0;0;0;0;0;0;0;0;0;0;0;0;0;0;0;0;0;0;0;0;0;0;0;0;0;0;0;0;0;0;0;0;0;0;0,0;0;0;0;0;0,0,0,inf,LIDAR_WEAK_SUBSPACE_UNAVAILABLE,NO_WEAK_LIDAR_DIRECTION,275.879383;9.971827552;-25.26761366,-3.586331364;-0.04871036962;0.4918950958,3.6202356469100772,0,0,172.4616447;41.79316977;-46.82394319;41.79316977;44.38154176;-13.45525768;-46.82394319;-13.45525768;19.77409982,179.8307023;43.426445;-49.17504315;43.426445;46.53624363;-14.06497253;-49.17504315;-14.06497253;20.7415655,524.7564918;127.0127845;-142.8229295;127.0127845;135.3018271;-40.97548789;-142.8229295;-40.97548789;60.29226514,0
158,159,1660857409551710318,1660857409633173902,1660857409536209419,NOT_TRIGGERED,0,1,0,INSUFFICIENT_IMAGE_PARALLAX,162,162,43,0.26543209876543211,0.5,0.21131579685391899,0.015630006790161133,43,1,0.042028376542842888,0.028272460657021346,0;0;0;0;0;0;0;0;0;0;0;0;0;0;0;0;0;0;0;0;0;0;0;0;0;0;0;0;0;0;0;0;0;0;0;0,0;0;0;0;0;0;0;0;0;0;0;0;0;0;0;0;0;0;0;0;0;0;0;0;0;0;0;0;0;0;0;0;0;0;0;0,0;0;0;0;0;0,0,0,inf,LIDAR_WEAK_SUBSPACE_UNAVAILABLE,NO_WEAK_LIDAR_DIRECTION,284.8988919;10.09167965;-26.50944965,-3.65747994;-0.04626441192;0.5081931388,3.6929067378855511,0,0,191.3761379;45.97160165;-52.88519918;45.97160165;49.9343524;-15.02054731;-52.88519918;-15.02054731;22.26939044,199.4107302;47.7333679;-55.48520257;47.7333679;52.3142821;-15.68568822;-55.48520257;-15.68568822;23.3408978,582.165506;139.6765712;-161.2556009;139.6765712;152.1854869;-45.72678284;-161.2556009;-45.72678284;67.88217868,0
160,161,1660857409755392094,1660857409836884806,1660857409737929419,NOT_TRIGGERED,0,1,0,INSUFFICIENT_IMAGE_PARALLAX,163,163,45,0.27607361963190186,0.5,0.21069913396796891,0.014556661248207092,45,1,0.03066742088687055,0.026959979973279813,0;0;0;0;0;0;0;0;0;0;0;0;0;0;0;0;0;0;0;0;0;0;0;0;0;0;0;0;0;0;0;0;0;0;0;0,0;0;0;0;0;0;0;0;0;0;0;0;0;0;0;0;0;0;0;0;0;0;0;0;0;0;0;0;0;0;0;0;0;0;0;0,0;0;0;0;0;0,0,0,inf,LIDAR_WEAK_SUBSPACE_UNAVAILABLE,NO_WEAK_LIDAR_DIRECTION,294.0980353;10.20527703;-27.79232494,-3.731107469;-0.0432099403;0.5250301541,3.7681144762698975,0,0,211.9922306;50.47746511;-59.585073;50.47746511;56.06484824;-16.72740703;-59.585073;-16.72740703;25.03205814,220.7435155;52.37626325;-62.45606383;52.37626325;58.68983777;-17.45195963;-62.45606383;-17.45195963;26.21740939,644.7304768;153.3311935;-181.6262098;153.3311935;170.8220343;-50.90677368;-181.6262098;-50.90677368;76.28402568,0
162,163,1660857409959080806,1660857410040561318,1660857409939649418,NOT_TRIGGERED,0,1,0,INSUFFICIENT_IMAGE_PARALLAX,162,162,46,0.2839506172839506,0.5,0.19766582877541622,0.017892837524414062,46,1,0.040557761782967335,0.025736376364186665,0;0;0;0;0;0;0;0;0;0;0;0;0;0;0;0;0;0;0;0;0;0;0;0;0;0;0;0;0;0;0;0;0;0;0;0,0;0;0;0;0;0;0;0;0;0;0;0;0;0;0;0;0;0;0;0;0;0;0;0;0;0;0;0;0;0;0;0;0;0;0;0,0;0;0;0;0;0,0,0,inf,LIDAR_WEAK_SUBSPACE_UNAVAILABLE,NO_WEAK_LIDAR_DIRECTION,303.478543;10.31129953;-29.11711513,-3.803647474;-0.04044376174;0.5417791259,3.8422512184097539,0,0,234.4296565;55.33012239;-66.97635153;55.33012239;62.82037403;-18.58509849;-66.97635153;-18.58509849;28.08568334,243.9430716;57.37269109;-70.13930966;57.37269109;65.70894311;-19.37271227;-70.13930966;-19.37271227;29.39444118,712.8048847;168.0329359;-204.0920127;168.0329359;191.3521912;-56.54290926;-204.0920127;-56.54290926;85.56830787,0
163,164,1660857410040561318,1660857410122037062,1660857410040453270,NOT_TRIGGERED,0,1,0,INSUFFICIENT_IMAGE_PARALLAX,162,162,47,0.29012345679012347,0.5,0.21073818699615685,0.018450306728482246,47,1,0.057243041990304167,0.025279275580704835,0;0;0;0;0;0;0;0;0;0;0;0;0;0;0;0;0;0;0;0;0;0;0;0;0;0;0;0;0;0;0;0;0;0;0;0,0;0;0;0;0;0;0;0;0;0;0;0;0;0;0;0;0;0;0;0;0;0;0;0;0;0;0;0;0;0;0;0;0;0;0;0,0;0;0;0;0;0,0,0,inf,LIDAR_WEAK_SUBSPACE_UNAVAILABLE,NO_WEAK_LIDAR_DIRECTION,307.2820666;10.35179741;-29.65904057,-3.832802651;-0.03914021383;0.5484658079,3.8720437572769417,0,0,243.9427887;57.37263413;-70.13914307;57.37263413;65.70881873;-19.37268498;-70.13914307;-19.37268498;29.39436345,253.7755816;59.47503351;-73.42534264;59.47503351;68.70860739;-20.18661589;-73.42534264;-20.18661589;30.75538593,741.6636591;174.2203018;-213.7036288;174.2203018;200.1287449;-58.93198585;-213.7036288;-58.93198585;89.54661282,0
165,166,1660857410244237190,1660857410325729646,1660857410242173270,NOT_TRIGGERED,0,1,0,INSUFFICIENT_IMAGE_PARALLAX,160,160,43,0.26874999999999999,0.41666666666666669,0.18573672327336455,0.02011856809258461,43,1,0.039097951012804548,0.024200764016956748,0;0;0;0;0;0;0;0;0;0;0;0;0;0;0;0;0;0;0;0;0;0;0;0;0;0;0;0;0;0;0;0;0;0;0;0,0;0;0;0;0;0;0;0;0;0;0;0;0;0;0;0;0;0;0;0;0;0;0;0;0;0;0;0;0;0;0;0;0;0;0;0,0;0;0;0;0;0,0,0,inf,LIDAR_WEAK_SUBSPACE_UNAVAILABLE,NO_WEAK_LIDAR_DIRECTION,316.918557;10.44729673;-31.04330393,-3.907117296;-0.03607714932;0.5660175386,3.9480682594974956,0,0,269.1405902;62.74333462;-78.59360698;62.74333462;73.42381907;-21.45820082;-78.59360698;-21.45820082;32.89856808,279.8118421;65.00160124;-82.20561162;65.00160124;76.71744241;-22.34106312;-82.20561162;-22.34106312;34.39830235,818.0955225;190.4882705;-239.3928256;190.4882705;223.5675806;-65.25746475;-239.3928256;-65.25746475;100.1979385,0
167,168,1660857410447975742,1660857410529409606,1660857410443893269,NOT_TRIGGERED,0,1,0,INSUFFICIENT_IMAGE_PARALLAX,161,161,45,0.27950310559006208,0.5,0.21232349878814338,0.016196217387914658,45,1,0.027945203715120555,0.023174574948308276,0;0;0;0;0;0;0;0;0;0;0;0;0;0;0;0;0;0;0;0;0;0;0;0;0;0;0;0;0;0;0;0;0;0;0;0,0;0;0;0;0;0;0;0;0;0;0;0;0;0;0;0;0;0;0;0;0;0;0;0;0;0;0;0;0;0;0;0;0;0;0;0,0;0;0;0;0;0,0,0,inf,LIDAR_WEAK_SUBSPACE_UNAVAILABLE,NO_WEAK_LIDAR_DIRECTION,326.7425764;10.53500416;-32.47162977,-3.978634028;-0.03258136453;0.5832043103,4.0212830714276713,0,0,296.4791299;68.51068318;-87.88279045;68.51068318;81.8912657;-23.71955007;-87.88279045;-23.71955007;36.75881572,308.0342945;70.93121649;-91.84279681;70.93121649;85.49827227;-24.67478883;-91.84279681;-24.67478883;38.40764794,900.9950544;207.9525829;-267.6083777;207.9525829;249.2833037;-72.11388896;-267.6083777;-72.11388896;111.9277794,0
169,170,1660857410651619286,1660857410733088678,1660857410645612314,NOT_TRIGGERED,0,1,0,INSUFFICIENT_IMAGE_PARALLAX,168,168,47,0.27976190476190477,0.5,0.21060205962344355,0.01747296005487442,47,1,0.030886612396216973,0.022277682828460935,0;0;0;0;0;0;0;0;0;0;0;0;0;0;0;0;0;0;0;0;0;0;0;0;0;0;0;0;0;0;0;0;0;0;0;0,0;0;0;0;0;0;0;0;0;0;0;0;0;0;0;0;0;0;0;0;0;0;0;0;0;0;0;0;0;0;0;0;0;0;0;0,0;0;0;0;0;0,0,0,inf,LIDAR_WEAK_SUBSPACE_UNAVAILABLE,NO_WEAK_LIDAR_DIRECTION,336.7482334;10.61406251;-33.94352862,-4.05517368;-0.02920021267;0.6013526324,4.0996233018890047,0,0,326.0772089;74.69156407;-98.0641424;74.69156407;91.16181744;-26.16573515;-98.0641424;-26.16573515;41.0019775,338.5873289;77.28577871;-102.4033368;77.28577871;95.10991724;-27.19888847;-102.4033368;-27.19888847;42.8141454,990.7442467;226.6689068;-298.5316216;226.6689068;277.4360521;-79.53035877;-298.5316216;-79.53035877;124.8206004,0
171,172,1660857410855307774,1660857410936788190,1660857410847332314,NOT_TRIGGERED,0,1,0,INSUFFICIENT_IMAGE_PARALLAX,177,177,44,0.24858757062146894,0.41666666666666669,0.20749076128895466,0.018623050302267075,44,1,0.027141485006630345,0.021436444267937189,0;0;0;0;0;0;0;0;0;0;0;0;0;0;0;0;0;0;0;0;0;0;0;0;0;0;0;0;0;0;0;0;0;0;0;0,0;0;0;0;0;0;0;0;0;0;0;0;0;0;0;0;0;0;0;0;0;0;0;0;0;0;0;0;0;0;0;0;0;0;0;0,0;0;0;0;0;0,0,0,inf,LIDAR_WEAK_SUBSPACE_UNAVAILABLE,NO_WEAK_LIDAR_DIRECTION,346.9434718;10.68438757;-35.46066038,-4.131341292;-0.02563309532;0.6197621835,4.1776480334346422,0,0,358.1021602;81.31225465;-109.2124292;81.31225465;101.3018763;-28.80960818;-109.2124292;-28.80960818;45.66237898,371.6245052;84.08841619;-113.9584094;84.08841619;105.6152532;-29.92508771;-113.9584094;-29.92508771;47.65094559,1087.831326;246.7129255;-332.3832678;246.7129255;308.2215058;-87.54430407;-332.3832678;-87.54430407;138.9782035,0
173,174,1660857411058986350,1660857411140464094,1660857411048997476,NOT_TRIGGERED,0,1,0,INSUFFICIENT_IMAGE_PARALLAX,176,176,43,0.24431818181818182,0.41666666666666669,0.20678967924571376,0.015776880085468292,43,1,0.10123121986288884,0.020654573201314658,0;0;0;0;0;0;0;0;0;0;0;0;0;0;0;0;0;0;0;0;0;0;0;0;0;0;0;0;0;0;0;0;0;0;0;0,0;0;0;0;0;0;0;0;0;0;0;0;0;0;0;0;0;0;0;0;0;0;0;0;0;0;0;0;0;0;0;0;0;0;0;0,0;0;0;0;0;0,0,0,inf,LIDAR_WEAK_SUBSPACE_UNAVAILABLE,NO_WEAK_LIDAR_DIRECTION,357.3271959;10.74592175;-37.02357723,-4.20738426;-0.021509596;0.6382874146,4.255579372721459,0,0,392.6992552;88.39358182;-121.3972568;88.39358182;112.3725305;-31.66231551;-121.3972568;-31.66231551;50.77293421,407.2951918;91.36073509;-126.5792163;91.36073509;117.0769423;-32.86462301;-126.5792163;-32.86462301;52.95167431,1192.696202;268.1478987;-369.3737299;268.1478987;341.8245033;-96.18925403;-369.3737299;-96.18925403;154.5000427,0
175,176,1660857411262674254,1660857411344159062,1660857411250717476,NOT_TRIGGERED,0,1,0,INSUFFICIENT_IMAGE_PARALLAX,178,178,44,0.24719101123595505,0.5,0.20742100491179485,0.01619381457567215,44,1,0.039741946319535336,0.019926817054616491,0;0;0;0;0;0;0;0;0;0;0;0;0;0;0;0;0;0;0;0;0;0;0;0;0;0;0;0;0;0;0;0;0;0;0;0,0;0;0;0;0;0;0;0;0;0;0;0;0;0;0;0;0;0;0;0;0;0;0;0;0;0;0;0;0;0;0;0;0;0;0;0,0;0;0;0;0;0,0,0,inf,LIDAR_WEAK_SUBSPACE_UNAVAILABLE,UNONLOCAL_TERMINAL_RESPONSE,367.90215;10.79719205;-38.63299752,-4.284200051;-0.01797091113;0.6572436423,4.334358341530443,0,0,430.0327446;95.96014892;-134.6963581;95.96014892;124.4422372;-34.73603276;-134.6963581;-34.73603276;56.37034921,445.770744;99.1280831;-140.3463911;99.1280831;129.5658818;-36.03043568;-140.3463911;-36.03043568;58.75445049,1305.838733;291.0483809;-409.7391074;291.0483809;378.4528561;-105.5025012;-409.7391074;-105.5025012;171.4976489,0
177,178,1660857411466363350,1660857411547844582,1660857411452437475,NOT_TRIGGERED,0,1,0,INSUFFICIENT_IMAGE_PARALLAX,176,176,46,0.26136363636363635,0.41666666666666669,0.21132408754705692,0.025250867009162903,46,1,0.034190294833877241,0.019254496410142305,0;0;0;0;0;0;0;0;0;0;0;0;0;0;0;0;0;0;0;0;0;0;0;0;0;0;0;0;0;0;0;0;0;0;0;0,0;0;0;0;0;0;0;0;0;0;0;0;0;0;0;0;0;0;0;0;0;0;0;0;0;0;0;0;0;0;0;0;0;0;0;0,0;0;0;0;0;0,0,0,inf,LIDAR_WEAK_SUBSPACE_UNAVAILABLE,NO_WEAK_LIDAR_DIRECTION,378.6689478;10.83896811;-40.28990758,-4.361211062;-0.01395429976;0.6761919634,4.4133425227940553,0,0,470.269586;104.0355752;-149.1894477;104.0355752;137.5808483;-38.04346637;-149.1894477;-38.04346637;62.49264866,487.2175589;107.4140157;-155.3405707;107.4140157;143.1526222;-39.43494303;-155.3405707;-39.43494303;65.09796869,1427.759231;315.485166;-453.7194661;315.485166;418.3168188;-115.5218758;-453.7194661;-115.5218758;190.085766,0
179,180,1660857411670052582,1660857411751534966,1660857411654157475,NOT_TRIGGERED,0,1,0,INSUFFICIENT_IMAGE_PARALLAX,175,175,45,0.25714285714285712,0.41666666666666669,0.20615875313067553,0.026229610666632652,45,1,0.085606927975805297,0.018621770107127747,0;0;0;0;0;0;0;0;0;0;0;0;0;0;0;0;0;0;0;0;0;0;0;0;0;0;0;0;0;0;0;0;0;0;0;0,0;0;0;0;0;0;0;0;0;0;0;0;0;0;0;0;0;0;0;0;0;0;0;0;0;0;0;0;0;0;0;0;0;0;0;0,0;0;0;0;0;0,0,0,inf,LIDAR_WEAK_SUBSPACE_UNAVAILABLE,NO_WEAK_LIDAR_DIRECTION,389.6294628;10.87021721;-41.99464304,-4.438608109;-0.01007679982;0.6956598772,4.4928038186692927,0,0,513.5859121;112.6451813;-164.9621909;112.6451813;151.8631915;-41.59762732;-164.9621909;-41.59762732;69.18109339,531.8166569;116.2443918;-171.6492057;116.2443918;157.913675;-43.09154571;-171.6492057;-43.09154571;72.02434242,1558.990981;341.5347544;-501.5735876;341.5347544;461.6425579;-126.2868004;-501.5735876;-126.2868004;210.3890292,0
181,182,1660857411873750190,1660857411955299870,1660857411855877474,NOT_TRIGGERED,0,1,0,INSUFFICIENT_IMAGE_PARALLAX,177,177,42,0.23728813559322035,0.5,0.20927229251822041,0.03638235479593277,42,1,0.042000461472920497,0.018069471507178858,0;0;0;0;0;0;0;0;0;0;0;0;0;0;0;0;0;0;0;0;0;0;0;0;0;0;0;0;0;0;0;0;0;0;0;0,0;0;0;0;0;0;0;0;0;0;0;0;0;0;0;0;0;0;0;0;0;0;0;0;0;0;0;0;0;0;0;0;0;0;0;0,0;0;0;0;0;0,0,0,inf,LIDAR_WEAK_SUBSPACE_UNAVAILABLE,NO_WEAK_LIDAR_DIRECTION,400.7846464;10.89124738;-43.74823863,-4.520932416;-0.005483905584;0.7160801721,4.5772951400381707,0,0,560.1665356;121.8149357;-182.1032749;121.8149357;167.3670887;-45.41210449;-182.1032749;-45.41210449;76.47837448,579.7713459;125.6486748;-189.3702632;125.6486748;173.9345482;-47.01534272;-189.3702632;-47.01534272;79.58092715,1700.106917;369.2785462;-553.5768129;369.2785462;508.6712255;-137.8395517;-553.5768129;-137.8395517;232.5401761,0
183,184,1660857412077429190,1660857412158913062,1660857412057548359,NOT_TRIGGERED,0,1,1,NONE,168,143,38,0.26573426573426573,0.58333333333333337,0.17484948372120546,5.1082534790039062,38,1,0.48628508199146148,0.017626405651259572,0;0;0;0;0;0;0;0;0;0;0;0;0;0;0;0;0;0;0;0;0;0;0;0;0;0;0;0;0;0;0;0;0;0;0;0,0;0;0;0;0;0;0;0;0;0;0;0;0;0;0;0;0;0;0;0;0;0;0;0;0;0;0;0;0;0;0;0;0;0;0;0,0;0;0;0;0;0,0,0,inf,LIDAR_WEAK_SUBSPACE_UNAVAILABLE,NO_WEAK_LIDAR_DIRECTION,412.1705257;10.89574776;-45.53771471,-4.59993018;-0.008494434611;0.7305608368,4.6575904665810217,0,0,610.2459339;131.5747349;-200.7818223;131.5747349;184.2176588;-49.51388984;-200.7818223;-49.51388984;84.47921992,631.295161;135.6471661;-208.6701055;135.6471661;191.3331988;-51.23537592;-208.6701055;-51.23537592;87.86308386,1851.789529;398.7966359;-610.23375;398.7966359;559.7710164;-150.2631556;-610.23375;-150.2631556;256.8240237,0
184,185,1660857412158913062,1660857412240374190,1660857412158408478,NOT_TRIGGERED,0,1,1,NONE,120,118,31,0.26271186440677968,0.5,0.14760259444631629,5.7344207763671875,29,0.93548387096774188,0.59791628910362127,0.017564316199317156,0;0;0;0;0;0;0;0;0;0;0;0;0;0;0;0;0;0;0;0;0;0;0;0;0;0;0;0;0;0;0;0;0;0;0;0,0;0;0;0;0;0;0;0;0;0;0;0;0;0;0;0;0;0;0;0;0;0;0;0;0;0;0;0;0;0;0;0;0;0;0;0,0;0;0;0;0;0,0,0,inf,LIDAR_WEAK_SUBSPACE_UNAVAILABLE,NO_WEAK_LIDAR_DIRECTION,416.7967905;10.906334;-46.25158086,-4.632607711;-0.0004922295385;0.7327157579,4.690194753766165,0,0,631.3620382;135.6523597;-208.7349176;135.6523597;191.3733913;-51.2492647;-208.7349176;-51.2492647;87.90194421,653.0241411;139.8319386;-216.8853399;139.8319386;198.7222338;-53.01713455;-216.8853399;-53.01713455;91.40335912,1915.750718;411.1366579;-634.3551751;411.1366579;581.4715165;-155.515664;-634.3551751;-155.515664;267.2097475,0
186,187,1660857412362591222,1660857412444065774,1660857412360128477,NOT_TRIGGERED,0,1,1,NONE,127,122,30,0.24590163934426229,0.33333333333333331,0.14963968949959736,4.3845958709716797,28,0.93333333333333335,0.51020399276645256,0.016817515297939241,0;0;0;0;0;0;0;0;0;0;0;0;0;0;0;0;0;0;0;0;0;0;0;0;0;0;0;0;0;0;0;0;0;0;0;0,0;0;0;0;0;0;0;0;0;0;0;0;0;0;0;0;0;0;0;0;0;0;0;0;0;0;0;0;0;0;0;0;0;0;0;0,0;0;0;0;0;0,0,0,inf,LIDAR_WEAK_SUBSPACE_UNAVAILABLE,NO_WEAK_LIDAR_DIRECTION,428.5268219;10.88668353;-47.99056971,-4.704873436;0.002691191268;0.7618700817,4.7661606470126916,0,0,687.1219336;146.370047;-229.8711407;146.370047;210.3819808;-55.80490578;-229.8711407;-55.80490578;97.01286784,710.3131148;150.8062144;-238.6746172;150.8062144;218.3140892;-57.69306851;-238.6746172;-57.69306851;100.8091978,2084.559482;443.5463084;-698.4168985;443.5463084;639.0805509;-169.3028801;-698.4168985;-169.3028801;294.8374334,0
190,191,1660857412769964542,1660857412851441902,1660857412763567284,NOT_TRIGGERED,0,1,1,NONE,181,181,46,0.2541436464088398,0.58333333333333337,0.23002091233795832,2.1313323974609375,46,1,0.2362797540786048,0.015912183643306654,0;0;0;0;0;0;0;0;0;0;0;0;0;0;0;0;0;0;0;0;0;0;0;0;0;0;0;0;0;0;0;0;0;0;0;0,0;0;0;0;0;0;0;0;0;0;0;0;0;0;0;0;0;0;0;0;0;0;0;0;0;0;0;0;0;0;0;0;0;0;0;0,0;0;0;0;0;0,0,0,inf,LIDAR_WEAK_SUBSPACE_UNAVAILABLE,NO_WEAK_LIDAR_DIRECTION,452.4619583;10.83013127;-51.72123477,-4.867419882;0.01659959896;0.8051249649,4.9335867338499684,0,0,810.4192162;169.7719321;-277.1075822;169.7719321;252.8697278;-65.81681024;-277.1075822;-65.81681024;117.4594736,836.9868615;174.7683636;-287.3936298;174.7683636;262.1135598;-67.96905166;-287.3936298;-67.96905166;121.9361079,2457.827794;514.3122278;-841.6087943;514.3122278;767.8555154;-199.6026721;-841.6087943;-199.6026721;356.8575551,0
192,193,1660857412973651606,1660857413055144934,1660857412965287284,NOT_TRIGGERED,0,1,1,NONE,191,188,56,0.2978723404255319,0.5,0.24542906906232853,0.49854665994644165,55,0.9821428571428571,0.17856352706650361,0.015535878874068113,0;0;0;0;0;0;0;0;0;0;0;0;0;0;0;0;0;0;0;0;0;0;0;0;0;0;0;0;0;0;0;0;0;0;0;0,0;0;0;0;0;0;0;0;0;0;0;0;0;0;0;0;0;0;0;0;0;0;0;0;0;0;0;0;0;0;0;0;0;0;0;0,0;0;0;0;0;0,0,0,inf,LIDAR_WEAK_SUBSPACE_UNAVAILABLE,NO_WEAK_LIDAR_DIRECTION,464.6900834;10.78122023;-53.74237232,-4.950430881;0.02175971522;0.8255100348,5.0188351448498549,0,0,878.2235551;182.4928121;-303.4237935;182.4928121;276.5148417;-71.30166236;-303.4237935;-71.30166236;128.9242625,906.62725;187.7894956;-314.5244117;187.7894956;286.4776113;-73.59779793;-314.5244117;-73.59779793;133.7775914,2663.07686;552.7751198;-921.3719987;552.7751198;839.5097947;-216.2011227;-921.3719987;-216.2011227;391.6286164,0
194,195,1660857413177354158,1660857413258816382,1660857413166945294,NOT_TRIGGERED,0,1,1,NONE,162,159,47,0.29559748427672955,0.5,0.24465115816052843,0.45348137617111206,47,1,0.16521894488876904,0.015132928837608826,0;0;0;0;0;0;0;0;0;0;0;0;0;0;0;0;0;0;0;0;0;0;0;0;0;0;0;0;0;0;0;0;0;0;0;0,0;0;0;0;0;0;0;0;0;0;0;0;0;0;0;0;0;0;0;0;0;0;0;0;0;0;0;0;0;0;0;0;0;0;0;0,0;0;0;0;0;0,0,0,inf,LIDAR_WEAK_SUBSPACE_UNAVAILABLE,NO_WEAK_LIDAR_DIRECTION,477.1212327;10.72126003;-55.82501382,-5.030087466;0.02748376804;0.8471021964,5.100991805982142,0,0,950.6305615;195.9631058;-331.7925527;195.9631058;301.9697829;-77.14860786;-331.7925527;-77.14860786;141.342302,980.9422968;201.5688121;-343.7475799;201.5688121;312.6856155;-79.59323948;-343.7475799;-79.59323948;146.5933893,2882.20592;593.4950238;-1007.332685;593.4950238;916.6276814;-233.8904552;-1007.332685;-233.8904552;429.2804934,0
196,197,1660857413381029646,1660857413462503158,1660857413368665293,NOT_TRIGGERED,0,1,1,NONE,174,171,50,0.29239766081871343,0.58333333333333337,0.24333413827846015,0.30807885527610779,48,0.95999999999999996,0.18777028138779037,0.014770534920244143,0;0;0;0;0;0;0;0;0;0;0;0;0;0;0;0;0;0;0;0;0;0;0;0;0;0;0;0;0;0;0;0;0;0;0;0,0;0;0;0;0;0;0;0;0;0;0;0;0;0;0;0;0;0;0;0;0;0;0;0;0;0;0;0;0;0;0;0;0;0;0;0,0;0;0;0;0;0,0,0,inf,LIDAR_WEAK_SUBSPACE_UNAVAILABLE,NO_WEAK_LIDAR_DIRECTION,489.7560148;10.64740046;-57.96338454,-5.11348312;0.03343198355;0.8696734112,5.1870183297623171,0,0,1027.896576;210.217739;-362.3451944;210.217739;329.3471038;-83.37409702;-362.3451944;-83.37409702;154.7798709,1060.233752;216.1485124;-375.2155713;216.1485124;340.8676018;-85.97586154;-375.2155713;-85.97586154;160.4600634,3116.029403;636.5839904;-1099.90596;636.5839904;999.5643095;-252.7240556;-1099.90596;-252.7240556;470.0223052,0
198,199,1660857413584710094,1660857413666196606,1660857413570385293,NOT_TRIGGERED,0,1,1,NONE,176,174,47,0.27011494252873564,0.58333333333333337,0.24454389611249439,0.43330204486846924,42,0.8936170212765957,0.30445549918337955,0.014433797902157024,0;0;0;0;0;0;0;0;0;0;0;0;0;0;0;0;0;0;0;0;0;0;0;0;0;0;0;0;0;0;0;0;0;0;0;0,0;0;0;0;0;0;0;0;0;0;0;0;0;0;0;0;0;0;0;0;0;0;0;0;0;0;0;0;0;0;0;0;0;0;0;0,0;0;0;0;0;0,0,0,inf,LIDAR_WEAK_SUBSPACE_UNAVAILABLE,NO_WEAK_LIDAR_DIRECTION,502.5993631;10.56269124;-60.1572505,-5.1974163;0.04011197058;0.892304707,5.2736090922148433,0,0,1110.298887;225.2909767;-395.2286281;225.2909767;358.7699165;-90.00078638;-395.2286281;-90.00078638;169.3135424,1144.767135;231.5613123;-409.0699886;231.5613123;371.1429204;-92.76678685;-409.0699886;-92.76678685;175.4516928,3365.367409;682.1432657;-1199.527245;682.1432657;1088.685253;-272.7683596;-1199.527245;-272.7683596;514.0812775,0
200,201,1660857413788409774,1660857413869872094,1660857413772105292,NOT_TRIGGERED,0,1,1,NONE,199,194,59,0.30412371134020616,0.5,0.24224440414062315,1.0833417177200317,56,0.94915254237288138,0.36943494267135485,0.014071382227326425,0;0;0;0;0;0;0;0;0;0;0;0;0;0;0;0;0;0;0;0;0;0;0;0;0;0;0;0;0;0;0;0;0;0;0;0,0;0;0;0;0;0;0;0;0;0;0;0;0;0;0;0;0;0;0;0;0;0;0;0;0;0;0;0;0;0;0;0;0;0;0;0,0;0;0;0;0;0,0,0,inf,LIDAR_WEAK_SUBSPACE_UNAVAILABLE,UNONLOCAL_TERMINAL_RESPONSE,515.6743301;10.45083645;-62.4196519,-5.280448119;0.03979179866;0.9171687635,5.3596561707806814,0,0,1198.025645;241.2120804;-430.6295774;241.2120804;390.3726424;-97.04731228;-430.6295774;-97.04731228;185.0633223,1234.705142;247.8250264;-445.496961;247.8250264;403.6394932;-99.98944191;-445.496961;-99.98944191;191.6924825,3630.758933;730.2491872;-1306.756116;730.2491872;1184.387278;-294.0840665;-1306.756116;-294.0840665;561.8216271,0
202,203,1660857413992089126,1660857414073559838,1660857413973825291,NOT_TRIGGERED,0,1,1,NONE,171,166,41,0.24698795180722891,0.58333333333333337,0.22979618916097905,0.88538312911987305,39,0.95121951219512191,0.24419735022208558,0.013768842754725539,0;0;0;0;0;0;0;0;0;0;0;0;0;0;0;0;0;0;0;0;0;0;0;0;0;0;0;0;0;0;0;0;0;0;0;0,0;0;0;0;0;0;0;0;0;0;0;0;0;0;0;0;0;0;0;0;0;0;0;0;0;0;0;0;0;0;0;0;0;0;0;0,0;0;0;0;0;0,0,0,inf,LIDAR_WEAK_SUBSPACE_UNAVAILABLE,NO_WEAK_LIDAR_DIRECTION,528.9743097;10.31862515;-64.75189796,-5.36469458;0.04972289326;0.9410685208,5.4468367205520556,0,0,1291.318915;258.007444;-468.6782221;258.007444;424.2650523;-104.5332125;-468.6782221;-104.5332125;202.0999091,1330.338568;264.9892308;-484.6313169;264.9892308;438.4827838;-107.6519787;-484.6313169;-107.6519787;209.2483465,3912.978899;781.0041188;-1421.987761;781.0041188;1287.015388;-316.7184038;-1421.987761;-316.7184038;613.4506648,0
205,206,1660857414277250350,1660857414358750158,1660857414276348427,NOT_TRIGGERED,0,1,1,NONE,155,145,42,0.28965517241379313,0.5,0.20787520109893762,6.5045347213745117,36,0.8571428571428571,0.74205478497820632,0.013548499748718554,0;0;0;0;0;0;0;0;0;0;0;0;0;0;0;0;0;0;0;0;0;0;0;0;0;0;0;0;0;0;0;0;0;0;0;0,0;0;0;0;0;0;0;0;0;0;0;0;0;0;0;0;0;0;0;0;0;0;0;0;0;0;0;0;0;0;0;0;0;0;0;0,0;0;0;0;0;0,0,0,inf,LIDAR_WEAK_SUBSPACE_UNAVAILABLE,NO_WEAK_LIDAR_DIRECTION,548.046626;10.01911664;-68.1815646,-5.486073213;0.06099227772;0.9657124381,5.5707557717152705,0,0,1431.464366;283.0512849;-526.8476611;283.0512849;475.8504297;-115.7612186;-526.8476611;-115.7612186;228.4483204,1474.031719;290.5826369;-544.4542942;290.5826369;491.5109644;-119.1437286;-544.4542942;-119.1437286;236.3914752,4336.962951;856.6852066;-1598.149616;856.6852066;1443.214324;-350.6661657;-1598.149616;-350.6661657;693.2906159,0
302,303,1660857424064242870,1660857424145715806,1660857424059207275,NOT_TRIGGERED,0,1,1,NONE,459,212,43,0.20283018867924529,0.58333333333333337,0.19967660309969584,27.402528762817383,36,0.83720930232558144,0.80486007203950827,0.0083219672416227734,0;0;0;0;0;0;0;0;0;0;0;0;0;0;0;0;0;0;0;0;0;0;0;0;0;0;0;0;0;0;0;0;0;0;0;0,0;0;0;0;0;0;0;0;0;0;0;0;0;0;0;0;0;0;0;0;0;0;0;0;0;0;0;0;0;0;0;0;0;0;0;0,0;0;0;0;0;0,0,0,inf,LIDAR_WEAK_SUBSPACE_UNAVAILABLE,NO_WEAK_LIDAR_DIRECTION,1483.399475;-26.81939517;-276.2674117,-10.15861659;0.5786709625;2.523443577,10.483325737212555,0,0,21865.87308;3163.813416;-11309.06513;3163.813416;9544.119639;-1555.762159;-11309.06513;-1555.762159;6117.357587,22263.49979;3214.992314;-11536.73657;3214.992314;9733.468309;-1581.917334;-11536.73657;-1581.917334;6250.200443,65995.24845;9542.619146;-34154.86683;9542.619146;28821.71009;-4693.441651;-34154.86683;-4693.441651;18484.91812,0
304,305,1660857424267928158,1660857424349407710,1660857424260927275,NOT_TRIGGERED,0,1,1,NONE,500,282,44,0.15602836879432624,0.41666666666666669,0.13075296446462156,23.367218017578125,32,0.72727272727272729,0.89676987524803353,0.0082944920701659309,0;0;0;0;0;0;0;0;0;0;0;0;0;0;0;0;0;0;0;0;0;0;0;0;0;0;0;0;0;0;0;0;0;0;0;0,0;0;0;0;0;0;0;0;0;0;0;0;0;0;0;0;0;0;0;0;0;0;0;0;0;0;0;0;0;0;0;0;0;0;0;0,0;0;0;0;0;0,0,0,inf,LIDAR_WEAK_SUBSPACE_UNAVAILABLE,NO_WEAK_LIDAR_DIRECTION,1508.995385;-28.26784562;-282.7373132,-10.2811205;0.6011855545;2.568561933,10.614159092436955,0,0,22865.13678;3292.902902;-11886.15599;3292.902902;10023.01914;-1621.692748;-11886.15599;-1621.692748;6456.567775,23276.66838;3346.832425;-12123.13987;3346.832425;10220.72711;-1649.122306;-12123.13987;-1649.122306;6595.557506,69006.94444;9932.63823;-35895.45185;9932.63823;30266.76789;-4892.507801;-35895.45185;-4892.507801;19508.69556,0
306,307,1660857424471614838,1660857424553236766,1660857424462647275,NOT_TRIGGERED,0,1,0,INSUFFICIENT_VALID_DEPTH_ASSOCIATION,500,330,40,0.12121212121212122,0.25,0.11685023020615062,28.418472290039062,29,0.72499999999999998,0.76290908889103781,0.0081359500630853211,0;0;0;0;0;0;0;0;0;0;0;0;0;0;0;0;0;0;0;0;0;0;0;0;0;0;0;0;0;0;0;0;0;0;0;0,0;0;0;0;0;0;0;0;0;0;0;0;0;0;0;0;0;0;0;0;0;0;0;0;0;0;0;0;0;0;0;0;0;0;0;0,0;0;0;0;0;0,0,0,inf,LIDAR_WEAK_SUBSPACE_UNAVAILABLE,NO_WEAK_LIDAR_DIRECTION,1534.805934;-29.75952473;-289.2291105,-10.40018566;0.6016427013;2.637206841,10.746194476408188,0,0,23902.52184;3429.776429;-12485.61555;3429.776429;10523.23294;-1691.30382;-12485.61555;-1691.30382;6809.219561,24327.64435;3486.692987;-12731.7392;3486.692987;10729.22529;-1720.198731;-12731.7392;-1720.198731;6954.280442,72132.69053;10346.24584;-37702.97031;10346.24584;31775.69368;-5102.80637;-37702.97031;-5102.80637;20572.72206,0
310,311,1660857424878988710,1660857424960465414,1660857424866087273,NOT_TRIGGERED,0,1,0,INSUFFICIENT_VALID_DEPTH_ASSOCIATION,500,310,44,0.14193548387096774,0.33333333333333331,0.17728042978049341,31.711328506469727,35,0.79545454545454541,0.88538731316084929,0.0080599707708177287,0;0;0;0;0;0;0;0;0;0;0;0;0;0;0;0;0;0;0;0;0;0;0;0;0;0;0;0;0;0;0;0;0;0;0;0,0;0;0;0;0;0;0;0;0;0;0;0;0;0;0;0;0;0;0;0;0;0;0;0;0;0;0;0;0;0;0;0;0;0;0;0,0;0;0;0;0;0,0,0,inf,LIDAR_WEAK_SUBSPACE_UNAVAILABLE,NO_WEAK_LIDAR_DIRECTION,1587.161578;-32.76115834;-302.499733,-10.62098789;0.6254187341;2.717323073,10.980909659739286,0,0,26078.65889;3729.574564;-13749.4046;3729.574564;11585.95121;-1842.936189;-13749.4046;-1842.936189;7556.279538,26529.54094;3794.613686;-14011.95993;3794.613686;11808.4141;-1875.11939;-14011.95993;-1875.11939;7711.930266,78686.86123;11253.76281;-41510.76914;11253.76281;34980.31903;-5560.991767;-41510.76914;-5560.991767;22824.49184,0
321,322,1660857425978908414,1660857426060374670,1660857425975491360,NOT_TRIGGERED,0,1,1,NONE,142,117,33,0.28205128205128205,0.5,0.17354310421506589,16.703264236450195,32,0.96969696969696972,0.53750058699131653,0.0077879477121631244,0;0;0;0;0;0;0;0;0;0;0;0;0;0;0;0;0;0;0;0;0;0;0;0;0;0;0;0;0;0;0;0;0;0;0;0,0;0;0;0;0;0;0;0;0;0;0;0;0;0;0;0;0;0;0;0;0;0;0;0;0;0;0;0;0;0;0;0;0;0;0;0,0;0;0;0;0;0,0,0,inf,LIDAR_WEAK_SUBSPACE_UNAVAILABLE,NO_WEAK_LIDAR_DIRECTION,1734.048034;-41.55588552;-340.4978173,-11.21122808;0.6873996606;2.942173023,11.611224549103978,0,0,32517.8575;4760.298353;-17501.45449;4760.298353;14832.30703;-2340.798217;-17501.45449;-2340.798217;9785.049883,33018.1145;4849.684459;-17791.97463;4849.684459;15089.99014;-2382.641803;-17791.97463;-2382.641803;9957.442387,98053.832;14370.28117;-52794.8836;14370.28117;44754.6067;-7064.238237;-52794.8836;-7064.238237;29527.54465,0
323,324,1660857426182589774,1660857426264058414,1660857426177155331,NOT_TRIGGERED,0,1,1,NONE,199,187,47,0.25133689839572193,0.5,0.21841703160338913,9.5368108749389648,46,0.97872340425531912,0.24382355847051765,0.0076827289476893088,0;0;0;0;0;0;0;0;0;0;0;0;0;0;0;0;0;0;0;0;0;0;0;0;0;0;0;0;0;0;0;0;0;0;0;0,0;0;0;0;0;0;0;0;0;0;0;0;0;0;0;0;0;0;0;0;0;0;0;0;0;0;0;0;0;0;0;0;0;0;0;0,0;0;0;0;0;0,0,0,inf,LIDAR_WEAK_SUBSPACE_UNAVAILABLE,NO_WEAK_LIDAR_DIRECTION,1762.132515;-43.18967911;-347.8698229,-11.3062843;0.6890350189;2.987719735,11.714661883769857,0,0,33769.93085;4987.010912;-18231.41551;4987.010912;15480.10163;-2446.84588;-18231.41551;-2446.84588;10219.78796,34275.22492;5080.252809;-18524.82008;5080.252809;15742.30613;-2490.318246;-18524.82008;-2490.318246;10393.98977,101815.0891;15054.27463;-54987.65109;15054.27463;46702.5119;-7384.010005;-54987.65109;-7384.010005;30833.56819,0
325,326,1660857426386267966,1660857426467751678,1660857426378875331,NOT_TRIGGERED,0,1,1,NONE,272,206,44,0.21359223300970873,0.58333333333333337,0.28437867182080528,3.5544989109039307,43,0.97727272727272729,0.37937670305824378,0.0076581405604534414,0;0;0;0;0;0;0;0;0;0;0;0;0;0;0;0;0;0;0;0;0;0;0;0;0;0;0;0;0;0;0;0;0;0;0;0,0;0;0;0;0;0;0;0;0;0;0;0;0;0;0;0;0;0;0;0;0;0;0;0;0;0;0;0;0;0;0;0;0;0;0;0,0;0;0;0;0;0,0,0,inf,LIDAR_WEAK_SUBSPACE_UNAVAILABLE,UNONLOCAL_TERMINAL_RESPONSE,1790.437234;-44.76650329;-355.3082943,-11.42851421;0.7081359934;3.030972333,11.844795771352519,0,0,35030.88655;5223.784281;-18968.9262;5223.784281;16138.94308;-2557.448392;-18968.9262;-2557.448392;10660.58864,35541.15821;5321.14706;-19264.13847;5321.14706;16405.2542;-2602.428185;-19264.13847;-2602.428185;10835.424,105602.9338;15768.71562;-57201.99088;15768.71562;48683.14286;-7717.324969;-57201.99088;-7717.324969;32156.60377,0
327,328,1660857426589969158,1660857426671431870,1660857426580595330,NOT_TRIGGERED,0,1,1,NONE,276,185,30,0.16216216216216217,0.58333333333333337,0.25484166203398445,7.2802224159240723,29,0.96666666666666667,0.55256870838288608,0.0075889726794411503,0;0;0;0;0;0;0;0;0;0;0;0;0;0;0;0;0;0;0;0;0;0;0;0;0;0;0;0;0;0;0;0;0;0;0;0,0;0;0;0;0;0;0;0;0;0;0;0;0;0;0;0;0;0;0;0;0;0;0;0;0;0;0;0;0;0;0;0;0;0;0;0,0;0;0;0;0;0,0,0,inf,LIDAR_WEAK_SUBSPACE_UNAVAILABLE,NO_WEAK_LIDAR_DIRECTION,1819.018514;-46.319173;-362.8461496,-11.53378;0.7136069756;3.074478611,11.957831526215907,0,0,36301.60617;5470.969921;-19712.1015;5470.969921;16808.18941;-2671.991501;-19712.1015;-2671.991501;11105.11264,36816.16545;5572.470506;-20009.21995;5572.470506;17078.55538;-2718.529595;-20009.21995;-2718.529595;11280.89963,109419.3803;16514.41035;-59433.42294;16514.41035;50694.93669;-8062.512597;-59433.42294;-8062.512597;33491.12741,0
329,330,1660857426793640838,1660857426875158182,1660857426782315329,NOT_TRIGGERED,0,1,1,NONE,411,229,44,0.19213973799126638,0.5,0.26219782014285536,7.6324191093444824,43,0.97727272727272729,0.54982999374673536,0.007528805942876326,0;0;0;0;0;0;0;0;0;0;0;0;0;0;0;0;0;0;0;0;0;0;0;0;0;0;0;0;0;0;0;0;0;0;0;0,0;0;0;0;0;0;0;0;0;0;0;0;0;0;0;0;0;0;0;0;0;0;0;0;0;0;0;0;0;0;0;0;0;0;0;0,0;0;0;0;0;0,0,0,inf,LIDAR_WEAK_SUBSPACE_UNAVAILABLE,NO_WEAK_LIDAR_DIRECTION,1847.886585;-47.90229024;-370.4820982,-11.64204209;0.7103813643;3.116879311,12.072974877785432,0,0,37582.53183;5728.813993;-20459.1478;5728.813993;17487.38913;-2790.512763;-20459.1478;-2790.512763;11551.19907,38101.04513;5834.58827;-20758.40341;5834.58827;17762.0751;-2838.767124;-20758.40341;-2838.767124;11728.30097,113266.1113;17292.21626;-61676.69901;17292.21626;52736.85587;-8419.79265;-61676.69901;-8419.79265;34830.70161,0
331,332,1660857426997335902,1660857427078818158,1660857426984035328,NOT_TRIGGERED,0,1,1,NONE,379,188,30,0.15957446808510639,0.58333333333333337,0.28255870598409627,6.590545654296875,28,0.93333333333333335,0.56208348177507117,0.0074526317081170098,0;0;0;0;0;0;0;0;0;0;0;0;0;0;0;0;0;0;0;0;0;0;0;0;0;0;0;0;0;0;0;0;0;0;0;0,0;0;0;0;0;0;0;0;0;0;0;0;0;0;0;0;0;0;0;0;0;0;0;0;0;0;0;0;0;0;0;0;0;0;0;0,0;0;0;0;0;0,0,0,inf,LIDAR_WEAK_SUBSPACE_UNAVAILABLE,NO_WEAK_LIDAR_DIRECTION,1877.006976;-49.46159305;-378.2069383,-11.75610091;0.7305933658;3.167692255,12.197292712209743,0,0,38871.37396;5997.417107;-21211.20372;5997.417107;18176.96429;-2913.469693;-21211.20372;-2913.469693;12000.83288,39394.14718;6107.52623;-21511.45504;6107.52623;18455.55545;-2963.178557;-21511.45504;-2963.178557;12177.87393,117136.8976;18102.36045;-63933.86248;18102.36045;54809.48654;-8790.117944;-63933.86248;-8790.117944;36179.54219,0
