mode,transaction_id,prediction_ms,nominal_ndt_ms,local_curvature_ms,gradient_gate_ms,extra_probe_ms,ikfom_update_ms,total_ms,ndt_call_count,probe_trigger,decision,vision_assist_status,vision_assist_trigger_requested,vision_assist_trigger_reason
UNONLOCAL_ONLY,1,0.36987999999999999,132.856447,0.001397,0,0,0.031428999999999999,135.63641699999999,1,BELOW_TRIGGER,NORMAL_UPDATE,DISABLED_NOT_IMPLEMENTED,0,NOT_REQUESTED
UNONLOCAL_ONLY,2,0.207848,8.6020210000000006,0.00097799999999999992,0,0,0.035688999999999999,11.049196,1,BELOW_TRIGGER,NORMAL_UPDATE,DISABLED_NOT_IMPLEMENTED,0,NOT_REQUESTED
UNONLOCAL_ONLY,3,0.21650900000000001,21.646657999999999,0.001467,0,0,0.028985,24.215495000000001,1,BELOW_TRIGGER,NORMAL_UPDATE,DISABLED_NOT_IMPLEMENTED,0,NOT_REQUESTED
UNONLOCAL_ONLY,4,0.198071,11.083978,0.001467,0,0,0.025352,13.111333999999999,1,BELOW_TRIGGER,NORMAL_UPDATE,DISABLED_NOT_IMPLEMENTED,0,NOT_REQUESTED
UNONLOCAL_ONLY,5,0.200515,11.304118000000001,0.000977,0,0,0.027657000000000001,13.412281,1,BELOW_TRIGGER,NORMAL_UPDATE,DISABLED_NOT_IMPLEMENTED,0,NOT_REQUESTED
UNONLOCAL_ONLY,6,0.26602599999999998,37.086785999999996,0.0014660000000000001,0,0,0.030589999999999999,39.302016000000002,1,BELOW_TRIGGER,NORMAL_UPDATE,DISABLED_NOT_IMPLEMENTED,0,NOT_REQUESTED
UNONLOCAL_ONLY,7,0.205683,11.848879999999999,0.001397,0,0,0.025142999999999999,13.960326999999999,1,BELOW_TRIGGER,NORMAL_UPDATE,DISABLED_NOT_IMPLEMENTED,0,NOT_REQUESTED
UNONLOCAL_ONLY,8,0.201213,17.299306999999999,0.001397,0,0,0.034780999999999999,19.3993,1,BELOW_TRIGGER,NORMAL_UPDATE,DISABLED_NOT_IMPLEMENTED,0,NOT_REQUESTED
UNONLOCAL_ONLY,9,0.18920000000000001,12.373390000000001,0.0014660000000000001,0,0,0.025212999999999999,14.312258,1,BELOW_TRIGGER,NORMAL_UPDATE,DISABLED_NOT_IMPLEMENTED,0,NOT_REQUESTED
UNONLOCAL_ONLY,10,0.19751199999999999,11.621267,0.001397,0,0,0.027307999999999999,13.680612,1,BELOW_TRIGGER,NORMAL_UPDATE,DISABLED_NOT_IMPLEMENTED,0,NOT_REQUESTED
UNONLOCAL_ONLY,11,0.19206400000000001,10.989691000000001,0.0014660000000000001,0,0,0.033314000000000003,12.999796999999999,1,BELOW_TRIGGER,NORMAL_UPDATE,DISABLED_NOT_IMPLEMENTED,0,NOT_REQUESTED
UNONLOCAL_ONLY,12,0.27147399999999999,19.162956000000001,0.00090799999999999995,0,0,0.028216000000000001,21.809318000000001,1,BELOW_TRIGGER,NORMAL_UPDATE,DISABLED_NOT_IMPLEMENTED,0,NOT_REQUESTED
UNONLOCAL_ONLY,13,0.18906100000000001,63.221803000000001,0.001467,0,0,0.029961999999999999,65.285269,1,BELOW_TRIGGER,NORMAL_UPDATE,DISABLED_NOT_IMPLEMENTED,0,NOT_REQUESTED
UNONLOCAL_ONLY,14,0.190108,25.964396000000001,0.001397,0,0,0.028635000000000001,27.955575,1,BELOW_TRIGGER,NORMAL_UPDATE,DISABLED_NOT_IMPLEMENTED,0,NOT_REQUESTED
UNONLOCAL_ONLY,15,0.19800100000000001,22.031554,0.001397,0,0,0.027446999999999999,24.026154999999999,1,BELOW_TRIGGER,NORMAL_UPDATE,DISABLED_NOT_IMPLEMENTED,0,NOT_REQUESTED
UNONLOCAL_ONLY,16,0.19611500000000001,19.841674999999999,0.001467,0,0,0.028983999999999999,21.825451999999999,1,BELOW_TRIGGER,NORMAL_UPDATE,DISABLED_NOT_IMPLEMENTED,0,NOT_REQUESTED
UNONLOCAL_ONLY,17,0.20833699999999999,47.035139999999998,0.001397,0,0,0.033803,49.073602000000001,1,BELOW_TRIGGER,NORMAL_UPDATE,DISABLED_NOT_IMPLEMENTED,0,NOT_REQUESTED
UNONLOCAL_ONLY,18,0.19981699999999999,52.600664999999999,0.00097799999999999992,0,0,0.029961999999999999,54.645414000000002,1,BELOW_TRIGGER,NORMAL_UPDATE,DISABLED_NOT_IMPLEMENTED,0,NOT_REQUESTED
UNONLOCAL_ONLY,19,0.18661700000000001,55.172576999999997,0.00090799999999999995,0,0,0.031008999999999998,57.112561999999997,1,BELOW_TRIGGER,NORMAL_UPDATE,DISABLED_NOT_IMPLEMENTED,0,NOT_REQUESTED
UNONLOCAL_ONLY,20,0.20575299999999999,23.815863,0.000977,0,0,0.031008999999999998,25.950147999999999,1,BELOW_TRIGGER,NORMAL_UPDATE,DISABLED_NOT_IMPLEMENTED,0,NOT_REQUESTED
UNONLOCAL_ONLY,21,0.20575199999999999,21.095329,0.00097799999999999992,0,0,0.027378,23.169550000000001,1,BELOW_TRIGGER,NORMAL_UPDATE,DISABLED_NOT_IMPLEMENTED,0,NOT_REQUESTED
UNONLOCAL_ONLY,22,0.208896,28.233892999999998,0.00097799999999999992,0,0,0.029613,30.329205999999999,1,BELOW_TRIGGER,NORMAL_UPDATE,DISABLED_NOT_IMPLEMENTED,0,NOT_REQUESTED
UNONLOCAL_ONLY,23,0.21518100000000001,27.354099999999999,0.001467,0,0,0.031428999999999999,29.507311999999999,1,BELOW_TRIGGER,NORMAL_UPDATE,DISABLED_NOT_IMPLEMENTED,0,NOT_REQUESTED
UNONLOCAL_ONLY,24,0.20680100000000001,42.606563999999999,0.00097799999999999992,0,0,0.040578000000000003,44.766970000000001,1,BELOW_TRIGGER,NORMAL_UPDATE,DISABLED_NOT_IMPLEMENTED,0,NOT_REQUESTED
UNONLOCAL_ONLY,25,0.20561299999999999,43.520090000000003,0.001397,0,84.411489000000003,0.033314000000000003,130.05063699999999,3,PERIODIC_CHECK,DIRECTIONAL_UPDATE,DISABLED_NOT_IMPLEMENTED,0,NOT_REQUESTED
UNONLOCAL_ONLY,26,0.206871,39.059317,0.001467,0,0,0.033383999999999997,41.244236000000001,1,BELOW_TRIGGER,NORMAL_UPDATE,DISABLED_NOT_IMPLEMENTED,0,NOT_REQUESTED
UNONLOCAL_ONLY,27,0.20477500000000001,41.408295000000003,0.00097799999999999992,0,0,0.031988000000000003,43.467498999999997,1,BELOW_TRIGGER,NORMAL_UPDATE,DISABLED_NOT_IMPLEMENTED,0,NOT_REQUESTED
UNONLOCAL_ONLY,28,0.221746,27.251014000000001,0.001397,0,0,0.028424999999999999,29.358060999999999,1,BELOW_TRIGGER,NORMAL_UPDATE,DISABLED_NOT_IMPLEMENTED,0,NOT_REQUESTED
UNONLOCAL_ONLY,29,0.212807,24.873750999999999,0.001467,0,0,0.037226000000000002,27.003287,1,BELOW_TRIGGER,NORMAL_UPDATE,DISABLED_NOT_IMPLEMENTED,0,NOT_REQUESTED
UNONLOCAL_ONLY,30,0.205124,38.896307,0.001397,0,0,0.030032,40.962077000000001,1,BELOW_TRIGGER,NORMAL_UPDATE,DISABLED_NOT_IMPLEMENTED,0,NOT_REQUESTED
UNONLOCAL_ONLY,31,0.20386699999999999,29.392004,0.00090799999999999995,0,0,0.043512000000000002,31.487805999999999,1,BELOW_TRIGGER,NORMAL_UPDATE,DISABLED_NOT_IMPLEMENTED,0,NOT_REQUESTED
UNONLOCAL_ONLY,32,0.20589199999999999,31.604302000000001,0.001467,0,0,0.052801000000000001,33.715677999999997,1,BELOW_TRIGGER,NORMAL_UPDATE,DISABLED_NOT_IMPLEMENTED,0,NOT_REQUESTED
UNONLOCAL_ONLY,33,0.20316899999999999,24.547661999999999,0.0013960000000000001,0,0,0.029613,26.700873999999999,1,BELOW_TRIGGER,NORMAL_UPDATE,DISABLED_NOT_IMPLEMENTED,0,NOT_REQUESTED
UNONLOCAL_ONLY,34,0.204286,29.840734999999999,0.00097799999999999992,0,0,0.030102,31.943940000000001,1,BELOW_TRIGGER,NORMAL_UPDATE,DISABLED_NOT_IMPLEMENTED,0,NOT_REQUESTED
UNONLOCAL_ONLY,35,0.21217800000000001,22.332082,0.001397,0,0,0.032895000000000001,24.42062,1,BELOW_TRIGGER,NORMAL_UPDATE,DISABLED_NOT_IMPLEMENTED,0,NOT_REQUESTED
UNONLOCAL_ONLY,36,0.187524,27.646038000000001,0.0013960000000000001,0,0,0.030100999999999999,29.556760000000001,1,BELOW_TRIGGER,NORMAL_UPDATE,DISABLED_NOT_IMPLEMENTED,0,NOT_REQUESTED
UNONLOCAL_ONLY,37,0.19422900000000001,30.070862999999999,0.0014660000000000001,0,0,0.029124000000000001,32.091794,1,BELOW_TRIGGER,NORMAL_UPDATE,DISABLED_NOT_IMPLEMENTED,0,NOT_REQUESTED
UNONLOCAL_ONLY,38,0.196324,12.651149,0.001467,0,0,0.027587,14.634577,1,BELOW_TRIGGER,NORMAL_UPDATE,DISABLED_NOT_IMPLEMENTED,0,NOT_REQUESTED
UNONLOCAL_ONLY,39,0.199048,34.700651999999998,0.001467,0,0,0.029613,36.696300999999998,1,BELOW_TRIGGER,NORMAL_UPDATE,DISABLED_NOT_IMPLEMENTED,0,NOT_REQUESTED
UNONLOCAL_ONLY,40,0.195137,25.890782000000002,0.001467,0,0,0.031708,27.891739999999999,1,BELOW_TRIGGER,NORMAL_UPDATE,DISABLED_NOT_IMPLEMENTED,0,NOT_REQUESTED
UNONLOCAL_ONLY,41,0.20589299999999999,25.941976,0.0014660000000000001,0,0,0.028076,27.924356,1,BELOW_TRIGGER,NORMAL_UPDATE,DISABLED_NOT_IMPLEMENTED,0,NOT_REQUESTED
UNONLOCAL_ONLY,42,0.19695299999999999,21.609921,0.000977,0,0,0.027168000000000001,23.629944999999999,1,BELOW_TRIGGER,NORMAL_UPDATE,DISABLED_NOT_IMPLEMENTED,0,NOT_REQUESTED
UNONLOCAL_ONLY,43,0.19408900000000001,19.288042000000001,0.001467,0,0,0.027937,21.272656999999999,1,BELOW_TRIGGER,NORMAL_UPDATE,DISABLED_NOT_IMPLEMENTED,0,NOT_REQUESTED
UNONLOCAL_ONLY,44,0.196045,23.878231,0.001467,0,0,0.03073,25.917252000000001,1,BELOW_TRIGGER,NORMAL_UPDATE,DISABLED_NOT_IMPLEMENTED,0,NOT_REQUESTED
UNONLOCAL_ONLY,45,0.198489,21.518708,0.001397,0,0,0.027727000000000002,23.491589000000001,1,BELOW_TRIGGER,NORMAL_UPDATE,DISABLED_NOT_IMPLEMENTED,0,NOT_REQUESTED
UNONLOCAL_ONLY,46,0.196464,19.42109,0.001467,0,0,0.028426,21.364359,1,BELOW_TRIGGER,NORMAL_UPDATE,DISABLED_NOT_IMPLEMENTED,0,NOT_REQUESTED
UNONLOCAL_ONLY,47,0.20721899999999999,32.796633999999997,0.001397,0,0,0.029404,34.817636999999998,1,BELOW_TRIGGER,NORMAL_UPDATE,DISABLED_NOT_IMPLEMENTED,0,NOT_REQUESTED
UNONLOCAL_ONLY,48,0.196743,23.815234,0.0014660000000000001,0,0,0.030311000000000001,25.839448999999998,1,BELOW_TRIGGER,NORMAL_UPDATE,DISABLED_NOT_IMPLEMENTED,0,NOT_REQUESTED
UNONLOCAL_ONLY,49,0.19709199999999999,19.418994000000001,0.0013960000000000001,0,0,0.052520999999999998,21.532257000000001,1,BELOW_TRIGGER,NORMAL_UPDATE,DISABLED_NOT_IMPLEMENTED,0,NOT_REQUESTED
UNONLOCAL_ONLY,50,0.19842000000000001,21.792766,0.0014660000000000001,0,64.260974000000004,0.032896000000000002,88.186418000000003,3,PERIODIC_CHECK,DIRECTIONAL_UPDATE,DISABLED_NOT_IMPLEMENTED,0,NOT_REQUESTED
UNONLOCAL_ONLY,51,0.200934,19.495819999999998,0.001397,0,0,0.031987000000000002,21.521920999999999,1,BELOW_TRIGGER,NORMAL_UPDATE,DISABLED_NOT_IMPLEMENTED,0,NOT_REQUESTED
UNONLOCAL_ONLY,52,0.20938399999999999,22.308056000000001,0.0013960000000000001,0,0,0.065301999999999999,24.638665,1,BELOW_TRIGGER,NORMAL_UPDATE,DISABLED_NOT_IMPLEMENTED,0,NOT_REQUESTED
UNONLOCAL_ONLY,53,0.21734700000000001,19.473400999999999,0.0013960000000000001,0,0,0.031497999999999998,21.719432999999999,1,BELOW_TRIGGER,NORMAL_UPDATE,DISABLED_NOT_IMPLEMENTED,0,NOT_REQUESTED
UNONLOCAL_ONLY,54,0.200236,23.979292000000001,0.001397,0,0,0.030521,25.995894,1,BELOW_TRIGGER,NORMAL_UPDATE,DISABLED_NOT_IMPLEMENTED,0,NOT_REQUESTED
UNONLOCAL_ONLY,55,0.19800100000000001,23.979641000000001,0.00097799999999999992,0,0,0.030311999999999999,26.054490999999999,1,BELOW_TRIGGER,NORMAL_UPDATE,DISABLED_NOT_IMPLEMENTED,0,NOT_REQUESTED
UNONLOCAL_ONLY,56,0.199188,21.723413000000001,0.001397,0,0,0.029543,23.787576999999999,1,BELOW_TRIGGER,NORMAL_UPDATE,DISABLED_NOT_IMPLEMENTED,0,NOT_REQUESTED
UNONLOCAL_ONLY,57,0.19744200000000001,35.158602000000002,0.001467,0,0,0.029822000000000001,37.178137,1,BELOW_TRIGGER,NORMAL_UPDATE,DISABLED_NOT_IMPLEMENTED,0,NOT_REQUESTED
UNONLOCAL_ONLY,58,0.20707999999999999,21.675502000000002,0.000977,0,0,0.029961999999999999,23.692104,1,BELOW_TRIGGER,NORMAL_UPDATE,DISABLED_NOT_IMPLEMENTED,0,NOT_REQUESTED
UNONLOCAL_ONLY,59,0.19792999999999999,19.59695,0.00097799999999999992,0,0,0.057828999999999998,21.660556,1,BELOW_TRIGGER,NORMAL_UPDATE,DISABLED_NOT_IMPLEMENTED,0,NOT_REQUESTED
UNONLOCAL_ONLY,60,0.21057100000000001,24.818507,0.00090799999999999995,0,0,0.030519999999999999,26.945668000000001,1,BELOW_TRIGGER,NORMAL_UPDATE,DISABLED_NOT_IMPLEMENTED,0,NOT_REQUESTED
UNONLOCAL_ONLY,61,0.193741,31.263964000000001,0.001467,0,0,0.031498999999999999,33.213797,1,BELOW_TRIGGER,NORMAL_UPDATE,DISABLED_NOT_IMPLEMENTED,0,NOT_REQUESTED
UNONLOCAL_ONLY,62,0.19450799999999999,26.09046,0.0013960000000000001,0,0,0.028216000000000001,28.092673000000001,1,BELOW_TRIGGER,NORMAL_UPDATE,DISABLED_NOT_IMPLEMENTED,0,NOT_REQUESTED
UNONLOCAL_ONLY,63,0.196045,10.508623999999999,0.00090799999999999995,0,0,0.026818999999999999,12.594787,1,BELOW_TRIGGER,NORMAL_UPDATE,DISABLED_NOT_IMPLEMENTED,0,NOT_REQUESTED
UNONLOCAL_ONLY,64,0.20561399999999999,26.090878,0.00090799999999999995,0,0,0.029054,28.128153000000001,1,BELOW_TRIGGER,NORMAL_UPDATE,DISABLED_NOT_IMPLEMENTED,0,NOT_REQUESTED
UNONLOCAL_ONLY,65,0.19807,24.629446000000002,0.001467,0,0,0.027657999999999999,26.668676000000001,1,BELOW_TRIGGER,NORMAL_UPDATE,DISABLED_NOT_IMPLEMENTED,0,NOT_REQUESTED
UNONLOCAL_ONLY,66,0.19534699999999999,28.170687000000001,0.00090799999999999995,0,0,0.029124000000000001,30.183796999999998,1,BELOW_TRIGGER,NORMAL_UPDATE,DISABLED_NOT_IMPLEMENTED,0,NOT_REQUESTED
UNONLOCAL_ONLY,67,0.196743,28.389989,0.0014660000000000001,0,0,0.031708,30.387384000000001,1,BELOW_TRIGGER,NORMAL_UPDATE,DISABLED_NOT_IMPLEMENTED,0,NOT_REQUESTED
UNONLOCAL_ONLY,68,0.19709199999999999,37.131901999999997,0.001397,0,0,0.029961999999999999,39.232802999999997,1,BELOW_TRIGGER,NORMAL_UPDATE,DISABLED_NOT_IMPLEMENTED,0,NOT_REQUESTED
UNONLOCAL_ONLY,69,0.198071,28.526039999999998,0.00097799999999999992,0,0,0.029543,30.595441999999998,1,BELOW_TRIGGER,NORMAL_UPDATE,DISABLED_NOT_IMPLEMENTED,0,NOT_REQUESTED
UNONLOCAL_ONLY,70,0.221886,19.471585000000001,0.001467,0,0,0.028983999999999999,21.490352999999999,1,BELOW_TRIGGER,NORMAL_UPDATE,DISABLED_NOT_IMPLEMENTED,0,NOT_REQUESTED
UNONLOCAL_ONLY,71,0.196325,30.714731,0.001467,0,0,0.030311000000000001,32.724139999999998,1,BELOW_TRIGGER,NORMAL_UPDATE,DISABLED_NOT_IMPLEMENTED,0,NOT_REQUESTED
UNONLOCAL_ONLY,72,0.196883,23.86552,0.001397,0,0,0.027237999999999998,25.890992000000001,1,BELOW_TRIGGER,NORMAL_UPDATE,DISABLED_NOT_IMPLEMENTED,0,NOT_REQUESTED
UNONLOCAL_ONLY,73,0.195137,32.874437999999998,0.00097799999999999992,0,0,0.028704,34.996918999999998,1,BELOW_TRIGGER,NORMAL_UPDATE,DISABLED_NOT_IMPLEMENTED,0,NOT_REQUESTED
UNONLOCAL_ONLY,74,0.21043300000000001,35.169637999999999,0.001397,0,0,0.030032,37.259293,1,BELOW_TRIGGER,NORMAL_UPDATE,DISABLED_NOT_IMPLEMENTED,0,NOT_REQUESTED
UNONLOCAL_ONLY,75,0.19758200000000001,28.365473999999999,0.00090799999999999995,0,68.058463000000003,0.032406999999999998,98.482933000000003,3,PERIODIC_CHECK,DIRECTIONAL_UPDATE,DISABLED_NOT_IMPLEMENTED,0,NOT_REQUESTED
UNONLOCAL_ONLY,76,0.207848,21.802053999999998,0.001397,0,0,0.027587,23.863216000000001,1,BELOW_TRIGGER,NORMAL_UPDATE,DISABLED_NOT_IMPLEMENTED,0,NOT_REQUESTED
UNONLOCAL_ONLY,77,0.19653399999999999,26.259475999999999,0.00097799999999999992,0,0,0.029613,28.277963,1,BELOW_TRIGGER,NORMAL_UPDATE,DISABLED_NOT_IMPLEMENTED,0,NOT_REQUESTED
UNONLOCAL_ONLY,78,0.20365800000000001,19.397902999999999,0.001397,0,0,0.029124000000000001,21.415203000000002,1,BELOW_TRIGGER,NORMAL_UPDATE,DISABLED_NOT_IMPLEMENTED,0,NOT_REQUESTED
UNONLOCAL_ONLY,79,0.19807,23.933126999999999,0.001397,0,0,0.029054,25.919696999999999,1,BELOW_TRIGGER,NORMAL_UPDATE,DISABLED_NOT_IMPLEMENTED,0,NOT_REQUESTED
UNONLOCAL_ONLY,80,0.19897799999999999,23.92754,0.0018860000000000001,0,0,0.03073,25.931919000000001,1,BELOW_TRIGGER,NORMAL_UPDATE,DISABLED_NOT_IMPLEMENTED,0,NOT_REQUESTED
UNONLOCAL_ONLY,81,0.20868600000000001,21.541126999999999,0.001467,0,0,0.028216000000000001,23.634974,1,BELOW_TRIGGER,NORMAL_UPDATE,DISABLED_NOT_IMPLEMENTED,0,NOT_REQUESTED
UNONLOCAL_ONLY,82,0.196883,28.392363,0.00090700000000000004,0,0,0.029543,30.425588000000001,1,BELOW_TRIGGER,NORMAL_UPDATE,DISABLED_NOT_IMPLEMENTED,0,NOT_REQUESTED
UNONLOCAL_ONLY,83,0.20302899999999999,19.242505999999999,0.001397,0,0,0.028705000000000001,21.405844999999999,1,BELOW_TRIGGER,NORMAL_UPDATE,DISABLED_NOT_IMPLEMENTED,0,NOT_REQUESTED
UNONLOCAL_ONLY,84,0.199188,26.156110000000002,0.001397,0,0,0.028216000000000001,28.168171999999998,1,BELOW_TRIGGER,NORMAL_UPDATE,DISABLED_NOT_IMPLEMENTED,0,NOT_REQUESTED
UNONLOCAL_ONLY,85,0.19583500000000001,21.612575,0.001467,0,0,0.028216000000000001,23.729050000000001,1,BELOW_TRIGGER,NORMAL_UPDATE,DISABLED_NOT_IMPLEMENTED,0,NOT_REQUESTED
UNONLOCAL_ONLY,86,0.196604,32.922978000000001,0.00090799999999999995,0,0,0.031427999999999998,34.950265999999999,1,BELOW_TRIGGER,NORMAL_UPDATE,DISABLED_NOT_IMPLEMENTED,0,NOT_REQUESTED
UNONLOCAL_ONLY,87,0.20687,32.892597000000002,0.0014660000000000001,0,0,0.031987000000000002,34.950195999999998,1,BELOW_TRIGGER,NORMAL_UPDATE,DISABLED_NOT_IMPLEMENTED,0,NOT_REQUESTED
UNONLOCAL_ONLY,88,0.200795,21.807223,0.001397,0,0,0.039181000000000001,23.928238,1,BELOW_TRIGGER,NORMAL_UPDATE,DISABLED_NOT_IMPLEMENTED,0,NOT_REQUESTED
UNONLOCAL_ONLY,89,0.19772100000000001,28.291373,0.00090799999999999995,0,0,0.029124000000000001,30.339753000000002,1,BELOW_TRIGGER,NORMAL_UPDATE,DISABLED_NOT_IMPLEMENTED,0,NOT_REQUESTED
UNONLOCAL_ONLY,90,0.19751199999999999,21.774747000000001,0.00097799999999999992,0,0,0.029961999999999999,23.752447,1,BELOW_TRIGGER,NORMAL_UPDATE,DISABLED_NOT_IMPLEMENTED,0,NOT_REQUESTED
UNONLOCAL_ONLY,91,0.19681399999999999,44.030073000000002,0.001397,0,0,0.028566000000000001,45.998623000000002,1,BELOW_TRIGGER,NORMAL_UPDATE,DISABLED_NOT_IMPLEMENTED,0,NOT_REQUESTED
UNONLOCAL_ONLY,92,0.19751199999999999,35.702178000000004,0.001397,0,0,0.033314000000000003,37.771999999999998,1,BELOW_TRIGGER,NORMAL_UPDATE,DISABLED_NOT_IMPLEMENTED,0,NOT_REQUESTED
UNONLOCAL_ONLY,93,0.20868600000000001,21.788575999999999,0.00097799999999999992,0,0,0.038133,23.934524,1,BELOW_TRIGGER,NORMAL_UPDATE,DISABLED_NOT_IMPLEMENTED,0,NOT_REQUESTED
UNONLOCAL_ONLY,94,0.19800000000000001,28.556070999999999,0.001397,0,0,0.032197000000000003,30.606407000000001,1,BELOW_TRIGGER,NORMAL_UPDATE,DISABLED_NOT_IMPLEMENTED,0,NOT_REQUESTED
UNONLOCAL_ONLY,95,0.197163,21.685419,0.0013960000000000001,0,0,0.028076,23.710262,1,BELOW_TRIGGER,NORMAL_UPDATE,DISABLED_NOT_IMPLEMENTED,0,NOT_REQUESTED
UNONLOCAL_ONLY,96,0.204426,26.243760999999999,0.001467,0,0,0.027657000000000001,28.407727999999999,1,BELOW_TRIGGER,NORMAL_UPDATE,DISABLED_NOT_IMPLEMENTED,0,NOT_REQUESTED
UNONLOCAL_ONLY,97,0.198629,39.502181999999998,0.001397,0,0,0.029402999999999999,41.582619000000001,1,BELOW_TRIGGER,NORMAL_UPDATE,DISABLED_NOT_IMPLEMENTED,0,NOT_REQUESTED
UNONLOCAL_ONLY,98,0.19925699999999999,21.738779000000001,0.001467,0,0,0.027866999999999999,23.74211,1,BELOW_TRIGGER,NORMAL_UPDATE,DISABLED_NOT_IMPLEMENTED,0,NOT_REQUESTED
UNONLOCAL_ONLY,99,0.20868600000000001,19.441064000000001,0.001397,0,0,0.037783999999999998,21.542524,1,BELOW_TRIGGER,NORMAL_UPDATE,DISABLED_NOT_IMPLEMENTED,0,NOT_REQUESTED
UNONLOCAL_ONLY,100,0.20184099999999999,28.518287000000001,0.00097799999999999992,0,74.855222999999995,0.032895000000000001,105.436347,3,PERIODIC_CHECK,DIRECTIONAL_UPDATE,DISABLED_NOT_IMPLEMENTED,0,NOT_REQUESTED
UNONLOCAL_ONLY,101,0.19995599999999999,33.963686000000003,0.001397,0,0,0.031428999999999999,36.011296999999999,1,BELOW_TRIGGER,NORMAL_UPDATE,DISABLED_NOT_IMPLEMENTED,0,NOT_REQUESTED
UNONLOCAL_ONLY,102,0.19911799999999999,19.594715999999998,0.00090700000000000004,0,0,0.030521,21.669566,1,BELOW_TRIGGER,NORMAL_UPDATE,DISABLED_NOT_IMPLEMENTED,0,NOT_REQUESTED
UNONLOCAL_ONLY,103,0.19883799999999999,26.095766999999999,0.001467,0,0,0.029124000000000001,28.11656,1,BELOW_TRIGGER,NORMAL_UPDATE,DISABLED_NOT_IMPLEMENTED,0,NOT_REQUESTED
UNONLOCAL_ONLY,104,0.19569500000000001,21.678785000000001,0.0014660000000000001,0,0,0.028844999999999999,23.699577000000001,1,BELOW_TRIGGER,NORMAL_UPDATE,DISABLED_NOT_IMPLEMENTED,0,NOT_REQUESTED
UNONLOCAL_ONLY,105,0.206731,19.460062000000001,0.0013960000000000001,0,0,0.046234999999999998,21.544549,1,BELOW_TRIGGER,NORMAL_UPDATE,DISABLED_NOT_IMPLEMENTED,0,NOT_REQUESTED
UNONLOCAL_ONLY,106,0.19883899999999999,26.336790000000001,0.001397,0,0,0.030589999999999999,28.353183000000001,1,BELOW_TRIGGER,NORMAL_UPDATE,DISABLED_NOT_IMPLEMENTED,0,NOT_REQUESTED
UNONLOCAL_ONLY,107,0.19709199999999999,19.428214000000001,0.001467,0,0,0.028146000000000001,21.449285,1,BELOW_TRIGGER,NORMAL_UPDATE,DISABLED_NOT_IMPLEMENTED,0,NOT_REQUESTED
UNONLOCAL_ONLY,108,0.19555600000000001,21.790251999999999,0.00097799999999999992,0,0,0.027098000000000001,23.838491999999999,1,BELOW_TRIGGER,NORMAL_UPDATE,DISABLED_NOT_IMPLEMENTED,0,NOT_REQUESTED
UNONLOCAL_ONLY,109,0.195766,30.722273999999999,0.001397,0,0,0.033873,32.741669999999999,1,BELOW_TRIGGER,NORMAL_UPDATE,DISABLED_NOT_IMPLEMENTED,0,NOT_REQUESTED
UNONLOCAL_ONLY,110,0.19744200000000001,21.796188000000001,0.0014660000000000001,0,0,0.027796000000000001,23.841633999999999,1,BELOW_TRIGGER,NORMAL_UPDATE,DISABLED_NOT_IMPLEMENTED,0,NOT_REQUESTED
UNONLOCAL_ONLY,111,0.205683,30.752516,0.0014660000000000001,0,0,0.029472999999999999,32.784272999999999,1,BELOW_TRIGGER,NORMAL_UPDATE,DISABLED_NOT_IMPLEMENTED,0,NOT_REQUESTED
UNONLOCAL_ONLY,112,0.19695299999999999,22.870488999999999,0.001397,0,0,0.031498999999999999,24.969574000000001,1,BELOW_TRIGGER,NORMAL_UPDATE,DISABLED_NOT_IMPLEMENTED,0,NOT_REQUESTED
UNONLOCAL_ONLY,113,0.198908,24.159413000000001,0.001397,0,0,0.030591,26.192496999999999,1,BELOW_TRIGGER,NORMAL_UPDATE,DISABLED_NOT_IMPLEMENTED,0,NOT_REQUESTED
UNONLOCAL_ONLY,114,0.207709,19.494982,0.0013960000000000001,0,0,0.03499,21.639603999999999,1,BELOW_TRIGGER,NORMAL_UPDATE,DISABLED_NOT_IMPLEMENTED,0,NOT_REQUESTED
UNONLOCAL_ONLY,115,0.21413399999999999,21.727813999999999,0.001397,0,0,0.029613,23.797494,1,BELOW_TRIGGER,NORMAL_UPDATE,DISABLED_NOT_IMPLEMENTED,0,NOT_REQUESTED
UNONLOCAL_ONLY,116,0.20798800000000001,21.747858000000001,0.00097799999999999992,0,0,0.035340000000000003,23.857838000000001,1,BELOW_TRIGGER,NORMAL_UPDATE,DISABLED_NOT_IMPLEMENTED,0,NOT_REQUESTED
UNONLOCAL_ONLY,117,0.21238799999999999,21.815882999999999,0.001467,0,0,0.029613,23.923767999999999,1,BELOW_TRIGGER,NORMAL_UPDATE,DISABLED_NOT_IMPLEMENTED,0,NOT_REQUESTED
UNONLOCAL_ONLY,118,0.19744200000000001,23.890383,0.00048799999999999999,0,0,0.054337000000000003,25.973405,1,BELOW_TRIGGER,NORMAL_UPDATE,DISABLED_NOT_IMPLEMENTED,0,NOT_REQUESTED
UNONLOCAL_ONLY,119,0.24248900000000001,19.474029999999999,0.0014660000000000001,0,0,0.029543,21.612575,1,BELOW_TRIGGER,NORMAL_UPDATE,DISABLED_NOT_IMPLEMENTED,0,NOT_REQUESTED
UNONLOCAL_ONLY,120,0.19800100000000001,27.524304000000001,0.00097799999999999992,0,0,0.029472999999999999,29.599782000000001,1,BELOW_TRIGGER,NORMAL_UPDATE,DISABLED_NOT_IMPLEMENTED,0,NOT_REQUESTED
UNONLOCAL_ONLY,121,0.18815299999999999,22.601111,0.001467,0,0,0.037295000000000002,24.562118999999999,1,BELOW_TRIGGER,NORMAL_UPDATE,DISABLED_NOT_IMPLEMENTED,0,NOT_REQUESTED
UNONLOCAL_ONLY,122,0.25813399999999997,33.592688000000003,0.001397,0,0,0.031498999999999999,35.930838999999999,1,BELOW_TRIGGER,NORMAL_UPDATE,DISABLED_NOT_IMPLEMENTED,0,NOT_REQUESTED
UNONLOCAL_ONLY,123,0.20561299999999999,22.609632000000001,0.0014660000000000001,0,0,0.030519999999999999,24.737490999999999,1,BELOW_TRIGGER,NORMAL_UPDATE,DISABLED_NOT_IMPLEMENTED,0,NOT_REQUESTED
UNONLOCAL_ONLY,124,0.20763799999999999,20.342229,0.001397,0,0,0.031009999999999999,22.409465999999998,1,BELOW_TRIGGER,NORMAL_UPDATE,DISABLED_NOT_IMPLEMENTED,0,NOT_REQUESTED
UNONLOCAL_ONLY,125,0.20435600000000001,29.535667,0.0013960000000000001,0,63.534832000000002,0.034082000000000001,95.241660999999993,3,PERIODIC_CHECK,DIRECTIONAL_UPDATE,DISABLED_NOT_IMPLEMENTED,0,NOT_REQUESTED
UNONLOCAL_ONLY,126,0.208895,24.837852000000002,0.0013960000000000001,0,0,0.032475999999999998,26.941267,1,BELOW_TRIGGER,NORMAL_UPDATE,DISABLED_NOT_IMPLEMENTED,0,NOT_REQUESTED
UNONLOCAL_ONLY,127,0.207429,31.810962,0.001397,0,0,0.058597000000000003,34.067678999999998,1,BELOW_TRIGGER,NORMAL_UPDATE,DISABLED_NOT_IMPLEMENTED,0,NOT_REQUESTED
UNONLOCAL_ONLY,128,0.21601899999999999,22.879708000000001,0.001397,0,0,0.031497999999999998,24.992971000000001,1,BELOW_TRIGGER,NORMAL_UPDATE,DISABLED_NOT_IMPLEMENTED,0,NOT_REQUESTED
UNONLOCAL_ONLY,129,0.221886,20.077249999999999,0.0018860000000000001,0,0,0.027028,22.141763000000001,1,BELOW_TRIGGER,NORMAL_UPDATE,DISABLED_NOT_IMPLEMENTED,0,NOT_REQUESTED
UNONLOCAL_ONLY,130,0.204147,22.349891,0.001467,0,0,0.029124000000000001,24.471744000000001,1,BELOW_TRIGGER,NORMAL_UPDATE,DISABLED_NOT_IMPLEMENTED,0,NOT_REQUESTED
UNONLOCAL_ONLY,131,0.204985,20.086959,0.001397,0,0,0.028076,22.160761000000001,1,BELOW_TRIGGER,NORMAL_UPDATE,DISABLED_NOT_IMPLEMENTED,0,NOT_REQUESTED
UNONLOCAL_ONLY,132,0.201352,17.718844000000001,0.0013960000000000001,0,0,0.026818999999999999,19.781402,1,BELOW_TRIGGER,NORMAL_UPDATE,DISABLED_NOT_IMPLEMENTED,0,NOT_REQUESTED
UNONLOCAL_ONLY,133,0.20344799999999999,22.493065999999999,0.00090799999999999995,0,0,0.029054,24.554995000000002,1,BELOW_TRIGGER,NORMAL_UPDATE,DISABLED_NOT_IMPLEMENTED,0,NOT_REQUESTED
UNONLOCAL_ONLY,134,0.21455299999999999,33.877361999999998,0.00090799999999999995,0,0,0.042952999999999998,36.028965999999997,1,BELOW_TRIGGER,NORMAL_UPDATE,DISABLED_NOT_IMPLEMENTED,0,NOT_REQUESTED
UNONLOCAL_ONLY,135,0.21140999999999999,20.067820999999999,0.00097799999999999992,0,0,0.027098000000000001,22.245826999999998,1,BELOW_TRIGGER,NORMAL_UPDATE,DISABLED_NOT_IMPLEMENTED,0,NOT_REQUESTED
UNONLOCAL_ONLY,136,0.20477500000000001,22.443408999999999,0.001397,0,0,0.028146000000000001,24.518467999999999,1,BELOW_TRIGGER,NORMAL_UPDATE,DISABLED_NOT_IMPLEMENTED,0,NOT_REQUESTED
UNONLOCAL_ONLY,137,0.20994399999999999,22.325796,0.0014660000000000001,0,0,0.029124000000000001,24.377388,1,BELOW_TRIGGER,NORMAL_UPDATE,DISABLED_NOT_IMPLEMENTED,0,NOT_REQUESTED
UNONLOCAL_ONLY,138,0.20282,20.123625000000001,0.00090799999999999995,0,0,0.030100999999999999,22.188977000000001,1,BELOW_TRIGGER,NORMAL_UPDATE,DISABLED_NOT_IMPLEMENTED,0,NOT_REQUESTED
UNONLOCAL_ONLY,139,0.20491500000000001,29.333686,0.001397,0,0,0.028426,31.454910000000002,1,BELOW_TRIGGER,NORMAL_UPDATE,DISABLED_NOT_IMPLEMENTED,0,NOT_REQUESTED
UNONLOCAL_ONLY,140,0.21231800000000001,22.273554000000001,0.00097799999999999992,0,0,0.035688999999999999,24.423901999999998,1,BELOW_TRIGGER,NORMAL_UPDATE,DISABLED_NOT_IMPLEMENTED,0,NOT_REQUESTED
UNONLOCAL_ONLY,141,0.2024,24.679801999999999,0.001397,0,0,0.041416000000000001,26.791179,1,BELOW_TRIGGER,NORMAL_UPDATE,DISABLED_NOT_IMPLEMENTED,0,NOT_REQUESTED
UNONLOCAL_ONLY,142,0.20365800000000001,26.861996999999999,0.00090799999999999995,0,0,0.030450999999999999,28.904928999999999,1,BELOW_TRIGGER,NORMAL_UPDATE,DISABLED_NOT_IMPLEMENTED,0,NOT_REQUESTED
UNONLOCAL_ONLY,143,0.20330799999999999,22.898845000000001,0.00097799999999999992,0,0,0.034710999999999999,24.950576999999999,1,BELOW_TRIGGER,NORMAL_UPDATE,DISABLED_NOT_IMPLEMENTED,0,NOT_REQUESTED
UNONLOCAL_ONLY,144,0.201213,19.933308,0.001467,0,0,0.028635000000000001,21.979102999999999,1,BELOW_TRIGGER,NORMAL_UPDATE,DISABLED_NOT_IMPLEMENTED,0,NOT_REQUESTED
UNONLOCAL_ONLY,145,0.213087,36.816639000000002,0.00090799999999999995,0,0,0.030102,38.914675000000003,1,BELOW_TRIGGER,NORMAL_UPDATE,DISABLED_NOT_IMPLEMENTED,0,NOT_REQUESTED
UNONLOCAL_ONLY,146,0.20798800000000001,26.779305000000001,0.001397,0,0,0.029124000000000001,28.784803,1,BELOW_TRIGGER,NORMAL_UPDATE,DISABLED_NOT_IMPLEMENTED,0,NOT_REQUESTED
UNONLOCAL_ONLY,147,0.20603299999999999,32.033406999999997,0.001467,0,0,0.032405999999999997,34.137031,1,BELOW_TRIGGER,NORMAL_UPDATE,DISABLED_NOT_IMPLEMENTED,0,NOT_REQUESTED
UNONLOCAL_ONLY,148,0.20365800000000001,27.181732,0.001397,0,0,0.038134000000000001,29.279489000000002,1,BELOW_TRIGGER,NORMAL_UPDATE,DISABLED_NOT_IMPLEMENTED,0,NOT_REQUESTED
UNONLOCAL_ONLY,149,0.20274900000000001,17.979213000000001,0.00090799999999999995,0,0,0.043999999999999997,20.139409000000001,1,BELOW_TRIGGER,NORMAL_UPDATE,DISABLED_NOT_IMPLEMENTED,0,NOT_REQUESTED
UNONLOCAL_ONLY,150,0.22090899999999999,20.449994,0.000977,0,60.961944000000003,0.032895000000000001,83.528204000000002,3,PERIODIC_CHECK,DIRECTIONAL_UPDATE,DISABLED_NOT_IMPLEMENTED,0,NOT_REQUESTED
UNONLOCAL_ONLY,151,0.22237499999999999,22.307286999999999,0.001467,0,0,0.031988000000000003,24.422993999999999,1,BELOW_TRIGGER,NORMAL_UPDATE,DISABLED_NOT_IMPLEMENTED,0,NOT_REQUESTED
UNONLOCAL_ONLY,152,0.20358799999999999,23.036363000000001,0.0013960000000000001,0,0,0.032686,25.208501999999999,1,BELOW_TRIGGER,NORMAL_UPDATE,DISABLED_NOT_IMPLEMENTED,0,NOT_REQUESTED
UNONLOCAL_ONLY,153,0.20247000000000001,22.505358000000001,0.00090700000000000004,0,0,0.030311000000000001,24.569941,1,BELOW_TRIGGER,NORMAL_UPDATE,DISABLED_NOT_IMPLEMENTED,0,NOT_REQUESTED
UNONLOCAL_ONLY,154,0.204286,32.185453000000003,0.001467,0,0,0.059853999999999997,34.436442,1,BELOW_TRIGGER,NORMAL_UPDATE,DISABLED_NOT_IMPLEMENTED,0,NOT_REQUESTED
UNONLOCAL_ONLY,155,0.20603299999999999,29.238841000000001,0.001397,0,0,0.031498999999999999,31.307196000000001,1,BELOW_TRIGGER,NORMAL_UPDATE,DISABLED_NOT_IMPLEMENTED,0,NOT_REQUESTED
UNONLOCAL_ONLY,156,0.219722,10.891774,0.001467,0,0,0.024235,13.05148,1,BELOW_TRIGGER,NORMAL_UPDATE,DISABLED_NOT_IMPLEMENTED,0,NOT_REQUESTED
UNONLOCAL_ONLY,157,0.21287700000000001,17.828635999999999,0.00097799999999999992,0,0,0.029054,19.872475999999999,1,BELOW_TRIGGER,NORMAL_UPDATE,DISABLED_NOT_IMPLEMENTED,0,NOT_REQUESTED
UNONLOCAL_ONLY,158,0.20198199999999999,33.921081999999998,0.000977,0,0,0.048120999999999997,36.049919000000003,1,BELOW_TRIGGER,NORMAL_UPDATE,DISABLED_NOT_IMPLEMENTED,0,NOT_REQUESTED
UNONLOCAL_ONLY,159,0.213785,24.519375,0.0018860000000000001,0,0,0.030032,26.649051,1,BELOW_TRIGGER,NORMAL_UPDATE,DISABLED_NOT_IMPLEMENTED,0,NOT_REQUESTED
UNONLOCAL_ONLY,160,0.203379,24.931719999999999,0.001397,0,0,0.031987000000000002,27.023401,1,BELOW_TRIGGER,NORMAL_UPDATE,DISABLED_NOT_IMPLEMENTED,0,NOT_REQUESTED
UNONLOCAL_ONLY,161,0.206731,22.58812,0.0013960000000000001,0,0,0.030521,24.703478,1,BELOW_TRIGGER,NORMAL_UPDATE,DISABLED_NOT_IMPLEMENTED,0,NOT_REQUESTED
UNONLOCAL_ONLY,162,0.205264,34.856189000000001,0.0014660000000000001,0,0,0.037156000000000002,36.975527999999997,1,BELOW_TRIGGER,NORMAL_UPDATE,DISABLED_NOT_IMPLEMENTED,0,NOT_REQUESTED
UNONLOCAL_ONLY,163,0.22845199999999999,25.018602999999999,0.0013960000000000001,0,0,0.030589999999999999,27.151071000000002,1,BELOW_TRIGGER,NORMAL_UPDATE,DISABLED_NOT_IMPLEMENTED,0,NOT_REQUESTED
UNONLOCAL_ONLY,164,0.20805699999999999,20.395029000000001,0.0018860000000000001,0,0,0.05287,22.598386999999999,1,BELOW_TRIGGER,NORMAL_UPDATE,DISABLED_NOT_IMPLEMENTED,0,NOT_REQUESTED
UNONLOCAL_ONLY,165,0.21560099999999999,20.048615999999999,0.00097799999999999992,0,0,0.026190999999999999,22.152170000000002,1,BELOW_TRIGGER,NORMAL_UPDATE,DISABLED_NOT_IMPLEMENTED,0,NOT_REQUESTED
UNONLOCAL_ONLY,166,0.20400699999999999,20.117059999999999,0.001467,0,0,0.028285999999999999,22.178919,1,BELOW_TRIGGER,NORMAL_UPDATE,DISABLED_NOT_IMPLEMENTED,0,NOT_REQUESTED
UNONLOCAL_ONLY,167,0.203378,22.444106999999999,0.00090799999999999995,0,0,0.028635000000000001,24.484874000000001,1,BELOW_TRIGGER,NORMAL_UPDATE,DISABLED_NOT_IMPLEMENTED,0,NOT_REQUESTED
UNONLOCAL_ONLY,168,0.20533399999999999,29.382923999999999,0.001397,0,0,0.031009999999999999,31.430814999999999,1,BELOW_TRIGGER,NORMAL_UPDATE,DISABLED_NOT_IMPLEMENTED,0,NOT_REQUESTED
UNONLOCAL_ONLY,169,0.21595,20.124113999999999,0.0023749999999999999,0,0,0.027657000000000001,22.229485,1,BELOW_TRIGGER,NORMAL_UPDATE,DISABLED_NOT_IMPLEMENTED,0,NOT_REQUESTED
UNONLOCAL_ONLY,170,0.20477500000000001,20.228667000000002,0.00090799999999999995,0,0,0.030521,22.277115999999999,1,BELOW_TRIGGER,NORMAL_UPDATE,DISABLED_NOT_IMPLEMENTED,0,NOT_REQUESTED
UNONLOCAL_ONLY,171,0.20505499999999999,20.090800000000002,0.001397,0,0,0.05287,22.267129000000001,1,BELOW_TRIGGER,NORMAL_UPDATE,DISABLED_NOT_IMPLEMENTED,0,NOT_REQUESTED
UNONLOCAL_ONLY,172,0.20638100000000001,22.589866000000001,0.00090799999999999995,0,0,0.028635000000000001,24.690418000000001,1,BELOW_TRIGGER,NORMAL_UPDATE,DISABLED_NOT_IMPLEMENTED,0,NOT_REQUESTED
UNONLOCAL_ONLY,173,0.20435600000000001,20.226012999999998,0.00097799999999999992,0,0,0.027657000000000001,22.283052999999999,1,BELOW_TRIGGER,NORMAL_UPDATE,DISABLED_NOT_IMPLEMENTED,0,NOT_REQUESTED
UNONLOCAL_ONLY,174,0.21168999999999999,34.018510999999997,0.00097799999999999992,0,0,0.031497999999999998,36.155239000000002,1,BELOW_TRIGGER,NORMAL_UPDATE,DISABLED_NOT_IMPLEMENTED,0,NOT_REQUESTED
UNONLOCAL_ONLY,175,0.207709,34.167971000000001,0.00097799999999999992,0,61.021307999999998,0.033453999999999998,97.341025000000002,3,PERIODIC_CHECK,DIRECTIONAL_UPDATE,DISABLED_NOT_IMPLEMENTED,0,NOT_REQUESTED
UNONLOCAL_ONLY,176,0.20421600000000001,32.036900000000003,0.001397,0,0,0.032825,34.225521000000001,1,BELOW_TRIGGER,NORMAL_UPDATE,DISABLED_NOT_IMPLEMENTED,0,NOT_REQUESTED
UNONLOCAL_ONLY,177,0.21601999999999999,41.546160999999998,0.0018860000000000001,0,0,0.031987000000000002,43.678210999999997,1,BELOW_TRIGGER,NORMAL_UPDATE,DISABLED_NOT_IMPLEMENTED,0,NOT_REQUESTED
UNONLOCAL_ONLY,178,0.20219100000000001,26.844187999999999,0.001397,0,0,0.02647,28.874129,1,BELOW_TRIGGER,NORMAL_UPDATE,DISABLED_NOT_IMPLEMENTED,0,NOT_REQUESTED
UNONLOCAL_ONLY,179,0.21504200000000001,23.133233000000001,0.001397,0,0,0.030939999999999999,25.337427999999999,1,BELOW_TRIGGER,NORMAL_UPDATE,DISABLED_NOT_IMPLEMENTED,0,NOT_REQUESTED
UNONLOCAL_ONLY,180,0.21881400000000001,21.518777,0.001397,0,0,0.030939999999999999,23.96707,1,BELOW_TRIGGER,NORMAL_UPDATE,DISABLED_NOT_IMPLEMENTED,0,NOT_REQUESTED
UNONLOCAL_ONLY,181,0.209874,21.414294999999999,0.000977,0,0,0.029333000000000001,23.528884999999999,1,BELOW_TRIGGER,NORMAL_UPDATE,DISABLED_NOT_IMPLEMENTED,0,NOT_REQUESTED
UNONLOCAL_ONLY,182,0.221607,31.828772000000001,0.0013960000000000001,0,0,0.031917000000000001,34.101900999999998,1,BELOW_TRIGGER,NORMAL_UPDATE,DISABLED_NOT_IMPLEMENTED,0,NOT_REQUESTED
UNONLOCAL_ONLY,183,0.217975,24.639154000000001,0.001397,0,0,0.030939999999999999,26.865629999999999,1,BELOW_TRIGGER,NORMAL_UPDATE,DISABLED_NOT_IMPLEMENTED,0,NOT_REQUESTED
UNONLOCAL_ONLY,184,0.26721400000000001,39.353140000000003,0.0014660000000000001,0,0,0.043790999999999997,41.652459999999998,1,BELOW_TRIGGER,NORMAL_UPDATE,DISABLED_NOT_IMPLEMENTED,0,NOT_REQUESTED
UNONLOCAL_ONLY,185,0.23592399999999999,39.882469,0.001467,0,0,0.031009999999999999,42.428468000000002,1,BELOW_TRIGGER,NORMAL_UPDATE,DISABLED_NOT_IMPLEMENTED,0,NOT_REQUESTED
UNONLOCAL_ONLY,186,0.219023,14.206588,0.001397,0,0,0.030102,16.403032,1,BELOW_TRIGGER,NORMAL_UPDATE,DISABLED_NOT_IMPLEMENTED,0,NOT_REQUESTED
UNONLOCAL_ONLY,187,0.21762599999999999,19.177344000000002,0.001397,0,0,0.069072999999999996,21.437273000000001,1,BELOW_TRIGGER,NORMAL_UPDATE,DISABLED_NOT_IMPLEMENTED,0,NOT_REQUESTED
UNONLOCAL_ONLY,188,0.21015200000000001,22.164182,0.0013960000000000001,0,0,0.037156000000000002,24.317674,1,BELOW_TRIGGER,NORMAL_UPDATE,DISABLED_NOT_IMPLEMENTED,0,NOT_REQUESTED
UNONLOCAL_ONLY,189,0.28006399999999998,33.578301000000003,0.001467,0,0,0.035200000000000002,36.447457,1,BELOW_TRIGGER,NORMAL_UPDATE,DISABLED_NOT_IMPLEMENTED,0,NOT_REQUESTED
UNONLOCAL_ONLY,190,0.231873,23.044604,0.00097799999999999992,0,0,0.028983999999999999,25.012944999999998,1,BELOW_TRIGGER,NORMAL_UPDATE,DISABLED_NOT_IMPLEMENTED,0,NOT_REQUESTED
UNONLOCAL_ONLY,191,0.18892100000000001,26.058681,0.001397,0,0,0.029891999999999998,27.995175,1,BELOW_TRIGGER,NORMAL_UPDATE,DISABLED_NOT_IMPLEMENTED,0,NOT_REQUESTED
UNONLOCAL_ONLY,192,0.205124,27.557199000000001,0.00097799999999999992,0,0,0.031008999999999998,29.545725000000001,1,BELOW_TRIGGER,NORMAL_UPDATE,DISABLED_NOT_IMPLEMENTED,0,NOT_REQUESTED
UNONLOCAL_ONLY,193,0.200655,22.234583000000001,0.00090799999999999995,0,0,0.028913999999999999,24.290924,1,BELOW_TRIGGER,NORMAL_UPDATE,DISABLED_NOT_IMPLEMENTED,0,NOT_REQUESTED
UNONLOCAL_ONLY,194,0.21217800000000001,17.216684999999998,0.00090799999999999995,0,0,0.029124000000000001,19.225463999999999,1,BELOW_TRIGGER,NORMAL_UPDATE,DISABLED_NOT_IMPLEMENTED,0,NOT_REQUESTED
UNONLOCAL_ONLY,195,0.187385,17.408189,0.001467,0,0,0.032405999999999997,19.534233,1,BELOW_TRIGGER,NORMAL_UPDATE,DISABLED_NOT_IMPLEMENTED,0,NOT_REQUESTED
UNONLOCAL_ONLY,196,0.19925799999999999,10.530414,0.001397,0,0,0.027727000000000002,12.572368000000001,1,BELOW_TRIGGER,NORMAL_UPDATE,DISABLED_NOT_IMPLEMENTED,0,NOT_REQUESTED
UNONLOCAL_ONLY,197,0.19555600000000001,28.862676,0.0019550000000000001,0,0,0.030521,30.937735,1,BELOW_TRIGGER,NORMAL_UPDATE,DISABLED_NOT_IMPLEMENTED,0,NOT_REQUESTED
UNONLOCAL_ONLY,198,0.20819699999999999,12.794114,0.00090700000000000004,0,0,0.028146000000000001,14.845846999999999,1,BELOW_TRIGGER,NORMAL_UPDATE,DISABLED_NOT_IMPLEMENTED,0,NOT_REQUESTED
UNONLOCAL_ONLY,199,0.19772100000000001,21.928957,0.001397,0,0,0.030100999999999999,23.969933000000001,1,BELOW_TRIGGER,NORMAL_UPDATE,DISABLED_NOT_IMPLEMENTED,0,NOT_REQUESTED
UNONLOCAL_ONLY,200,0.19737199999999999,12.76066,0.00090799999999999995,0,30.023371000000001,0.032895000000000001,44.930048999999997,3,PERIODIC_CHECK,DIRECTIONAL_UPDATE,DISABLED_NOT_IMPLEMENTED,0,NOT_REQUESTED
UNONLOCAL_ONLY,201,0.20226,15.078697999999999,0.00097799999999999992,0,0,0.030032,17.146494000000001,1,BELOW_TRIGGER,NORMAL_UPDATE,DISABLED_NOT_IMPLEMENTED,0,NOT_REQUESTED
UNONLOCAL_ONLY,202,0.19807,10.490954,0.00097799999999999992,0,0,0.025212999999999999,12.537307,1,BELOW_TRIGGER,NORMAL_UPDATE,DISABLED_NOT_IMPLEMENTED,0,NOT_REQUESTED
UNONLOCAL_ONLY,203,0.19667399999999999,18.402452,0.001397,0,0,0.030241000000000001,20.448388000000001,1,BELOW_TRIGGER,NORMAL_UPDATE,DISABLED_NOT_IMPLEMENTED,0,NOT_REQUESTED
UNONLOCAL_ONLY,204,0.20652200000000001,26.934283000000001,0.0013960000000000001,0,0,0.038483000000000003,29.011856999999999,1,BELOW_TRIGGER,NORMAL_UPDATE,DISABLED_NOT_IMPLEMENTED,0,NOT_REQUESTED
UNONLOCAL_ONLY,205,0.19807,31.233514,0.000977,0,0,0.030241000000000001,33.307105,1,BELOW_TRIGGER,NORMAL_UPDATE,DISABLED_NOT_IMPLEMENTED,0,NOT_REQUESTED
UNONLOCAL_ONLY,206,0.19939799999999999,13.028432,0.000977,0,0,0.024864000000000001,15.066965,1,BELOW_TRIGGER,NORMAL_UPDATE,DISABLED_NOT_IMPLEMENTED,0,NOT_REQUESTED
UNONLOCAL_ONLY,207,0.19534699999999999,22.012837000000001,0.0013960000000000001,0,0,0.030032,24.017914999999999,1,BELOW_TRIGGER,NORMAL_UPDATE,DISABLED_NOT_IMPLEMENTED,0,NOT_REQUESTED
UNONLOCAL_ONLY,208,0.200376,37.663466,0.0013960000000000001,0,0,0.030800000000000001,39.763598000000002,1,BELOW_TRIGGER,NORMAL_UPDATE,DISABLED_NOT_IMPLEMENTED,0,NOT_REQUESTED
UNONLOCAL_ONLY,209,0.20547299999999999,15.210629000000001,0.001397,0,0,0.026610000000000002,17.245249999999999,1,BELOW_TRIGGER,NORMAL_UPDATE,DISABLED_NOT_IMPLEMENTED,0,NOT_REQUESTED
UNONLOCAL_ONLY,210,0.18515000000000001,17.462247000000001,0.00097799999999999992,0,0,0.028076,19.521661000000002,1,BELOW_TRIGGER,NORMAL_UPDATE,DISABLED_NOT_IMPLEMENTED,0,NOT_REQUESTED
UNONLOCAL_ONLY,211,0.19800100000000001,10.687837,0.0014660000000000001,0,0,0.025631000000000001,12.723015999999999,1,BELOW_TRIGGER,NORMAL_UPDATE,DISABLED_NOT_IMPLEMENTED,0,NOT_REQUESTED
UNONLOCAL_ONLY,212,0.19667399999999999,26.782169,0.0014660000000000001,0,0,0.028705000000000001,28.872384,1,BELOW_TRIGGER,NORMAL_UPDATE,DISABLED_NOT_IMPLEMENTED,0,NOT_REQUESTED
UNONLOCAL_ONLY,213,0.19967699999999999,15.272159,0.00097799999999999992,0,0,0.028635000000000001,17.350989999999999,1,BELOW_TRIGGER,NORMAL_UPDATE,DISABLED_NOT_IMPLEMENTED,0,NOT_REQUESTED
UNONLOCAL_ONLY,214,0.19869899999999999,10.801747000000001,0.001397,0,0,0.053358999999999997,12.954959000000001,1,BELOW_TRIGGER,NORMAL_UPDATE,DISABLED_NOT_IMPLEMENTED,0,NOT_REQUESTED
UNONLOCAL_ONLY,215,0.20617199999999999,20.123835,0.00097799999999999992,0,0,0.032405999999999997,22.247502999999998,1,BELOW_TRIGGER,NORMAL_UPDATE,DISABLED_NOT_IMPLEMENTED,0,NOT_REQUESTED
UNONLOCAL_ONLY,216,0.19911799999999999,29.290873999999999,0.001397,0,0,0.030521,31.536346000000002,1,BELOW_TRIGGER,NORMAL_UPDATE,DISABLED_NOT_IMPLEMENTED,0,NOT_REQUESTED
UNONLOCAL_ONLY,217,0.20624200000000001,77.275228999999996,0.001397,0,0,0.031497999999999998,79.449184000000002,1,BELOW_TRIGGER,NORMAL_UPDATE,DISABLED_NOT_IMPLEMENTED,0,NOT_REQUESTED
UNONLOCAL_ONLY,218,0.19758200000000001,29.360016000000002,0.0014660000000000001,0,0,0.030939999999999999,31.457215000000001,1,BELOW_TRIGGER,NORMAL_UPDATE,DISABLED_NOT_IMPLEMENTED,0,NOT_REQUESTED
UNONLOCAL_ONLY,219,0.19779099999999999,20.027383,0.0014660000000000001,0,0,0.027168000000000001,22.138062000000001,1,BELOW_TRIGGER,NORMAL_UPDATE,DISABLED_NOT_IMPLEMENTED,0,NOT_REQUESTED
UNONLOCAL_ONLY,220,0.19562599999999999,13.03416,0.0014660000000000001,0,0,0.027657000000000001,15.288223,1,BELOW_TRIGGER,NORMAL_UPDATE,DISABLED_NOT_IMPLEMENTED,0,NOT_REQUESTED
UNONLOCAL_ONLY,221,0.204706,26.829450999999999,0.00097799999999999992,0,0,0.030591,28.905487999999998,1,BELOW_TRIGGER,NORMAL_UPDATE,DISABLED_NOT_IMPLEMENTED,0,NOT_REQUESTED
UNONLOCAL_ONLY,222,0.20275000000000001,17.776603999999999,0.001467,0,0,0.029543,19.890982999999999,1,BELOW_TRIGGER,NORMAL_UPDATE,DISABLED_NOT_IMPLEMENTED,0,NOT_REQUESTED
UNONLOCAL_ONLY,223,0.196324,15.432445,0.000977,0,0,0.025770999999999999,17.512114,1,BELOW_TRIGGER,NORMAL_UPDATE,DISABLED_NOT_IMPLEMENTED,0,NOT_REQUESTED
UNONLOCAL_ONLY,224,0.19667399999999999,29.590563,0.00090799999999999995,0,0,0.031497999999999998,31.616174999999998,1,BELOW_TRIGGER,NORMAL_UPDATE,DISABLED_NOT_IMPLEMENTED,0,NOT_REQUESTED
UNONLOCAL_ONLY,225,0.197022,22.685130000000001,0.001397,0,43.656419999999997,0.032895000000000001,68.520464000000004,3,PERIODIC_CHECK,DIRECTIONAL_UPDATE,DISABLED_NOT_IMPLEMENTED,0,NOT_REQUESTED
UNONLOCAL_ONLY,226,0.19855900000000001,27.589047000000001,0.001397,0,0,0.030032,29.721585999999999,1,BELOW_TRIGGER,NORMAL_UPDATE,DISABLED_NOT_IMPLEMENTED,0,NOT_REQUESTED
UNONLOCAL_ONLY,227,0.195137,25.150811999999998,0.001397,0,0,0.029124000000000001,27.154423999999999,1,BELOW_TRIGGER,NORMAL_UPDATE,DISABLED_NOT_IMPLEMENTED,0,NOT_REQUESTED
UNONLOCAL_ONLY,228,0.196185,18.041232999999998,0.00090799999999999995,0,0,0.031987000000000002,20.089752000000001,1,BELOW_TRIGGER,NORMAL_UPDATE,DISABLED_NOT_IMPLEMENTED,0,NOT_REQUESTED
UNONLOCAL_ONLY,229,0.195766,34.832372999999997,0.00097799999999999992,0,0,0.029054,36.851000999999997,1,BELOW_TRIGGER,NORMAL_UPDATE,DISABLED_NOT_IMPLEMENTED,0,NOT_REQUESTED
UNONLOCAL_ONLY,230,0.19506699999999999,20.627739999999999,0.000977,0,0,0.026889,22.661733000000002,1,BELOW_TRIGGER,NORMAL_UPDATE,DISABLED_NOT_IMPLEMENTED,0,NOT_REQUESTED
UNONLOCAL_ONLY,231,0.201353,28.015429000000001,0.001467,0,0,0.029054,30.120868999999999,1,BELOW_TRIGGER,NORMAL_UPDATE,DISABLED_NOT_IMPLEMENTED,0,NOT_REQUESTED
UNONLOCAL_ONLY,232,0.219023,13.621805,0.001467,0,0,0.031498999999999999,15.672351000000001,1,BELOW_TRIGGER,NORMAL_UPDATE,DISABLED_NOT_IMPLEMENTED,0,NOT_REQUESTED
UNONLOCAL_ONLY,233,0.20673,23.521342000000001,0.0018860000000000001,0,0,0.031918000000000002,25.582782000000002,1,BELOW_TRIGGER,NORMAL_UPDATE,DISABLED_NOT_IMPLEMENTED,0,NOT_REQUESTED
UNONLOCAL_ONLY,234,0.19995599999999999,20.958508999999999,0.000977,0,0,0.027588000000000001,23.004725000000001,1,BELOW_TRIGGER,NORMAL_UPDATE,DISABLED_NOT_IMPLEMENTED,0,NOT_REQUESTED
UNONLOCAL_ONLY,235,0.18759400000000001,23.562826999999999,0.00097799999999999992,0,0,0.028635000000000001,25.636769000000001,1,BELOW_TRIGGER,NORMAL_UPDATE,DISABLED_NOT_IMPLEMENTED,0,NOT_REQUESTED
UNONLOCAL_ONLY,236,0.19772100000000001,11.186014999999999,0.00090799999999999995,0,0,0.024235,13.187811,1,BELOW_TRIGGER,NORMAL_UPDATE,DISABLED_NOT_IMPLEMENTED,0,NOT_REQUESTED
UNONLOCAL_ONLY,237,0.193601,13.656377000000001,0.001467,0,0,0.039948999999999998,15.699310000000001,1,BELOW_TRIGGER,NORMAL_UPDATE,DISABLED_NOT_IMPLEMENTED,0,NOT_REQUESTED
UNONLOCAL_ONLY,238,0.21573999999999999,20.910178999999999,0.001467,0,0,0.028565,22.935860000000002,1,BELOW_TRIGGER,NORMAL_UPDATE,DISABLED_NOT_IMPLEMENTED,0,NOT_REQUESTED
UNONLOCAL_ONLY,239,0.19136600000000001,11.05185,0.001397,0,0,0.031917000000000001,13.012997,1,BELOW_TRIGGER,NORMAL_UPDATE,DISABLED_NOT_IMPLEMENTED,0,NOT_REQUESTED
UNONLOCAL_ONLY,240,0.20358799999999999,16.006053000000001,0.00097799999999999992,0,0,0.025842,17.978655,1,BELOW_TRIGGER,NORMAL_UPDATE,DISABLED_NOT_IMPLEMENTED,0,NOT_REQUESTED
UNONLOCAL_ONLY,241,0.191855,23.246376000000001,0.001397,0,0,0.027937,25.193275,1,BELOW_TRIGGER,NORMAL_UPDATE,DISABLED_NOT_IMPLEMENTED,0,NOT_REQUESTED
UNONLOCAL_ONLY,242,0.19367100000000001,23.448426999999999,0.0013960000000000001,0,0,0.031009999999999999,25.393162,1,BELOW_TRIGGER,NORMAL_UPDATE,DISABLED_NOT_IMPLEMENTED,0,NOT_REQUESTED
UNONLOCAL_ONLY,243,0.19653300000000001,35.459549000000003,0.001467,0,0,0.029891999999999998,37.444023999999999,1,BELOW_TRIGGER,NORMAL_UPDATE,DISABLED_NOT_IMPLEMENTED,0,NOT_REQUESTED
UNONLOCAL_ONLY,244,0.204565,25.864242000000001,0.001397,0,0,0.029543,27.833492,1,BELOW_TRIGGER,NORMAL_UPDATE,DISABLED_NOT_IMPLEMENTED,0,NOT_REQUESTED
UNONLOCAL_ONLY,245,0.194299,23.715990000000001,0.000977,0,0,0.028774000000000001,25.736782999999999,1,BELOW_TRIGGER,NORMAL_UPDATE,DISABLED_NOT_IMPLEMENTED,0,NOT_REQUESTED
UNONLOCAL_ONLY,246,0.19541700000000001,8.8121740000000006,0.0014660000000000001,0,0,0.022349000000000001,10.763614,1,BELOW_TRIGGER,NORMAL_UPDATE,DISABLED_NOT_IMPLEMENTED,0,NOT_REQUESTED
UNONLOCAL_ONLY,247,0.19206400000000001,18.61065,0.001397,0,0,0.031008999999999998,20.591982000000002,1,BELOW_TRIGGER,NORMAL_UPDATE,DISABLED_NOT_IMPLEMENTED,0,NOT_REQUESTED
UNONLOCAL_ONLY,248,0.19639400000000001,20.905709999999999,0.001397,0,0,0.046654000000000001,22.959187,1,BELOW_TRIGGER,NORMAL_UPDATE,DISABLED_NOT_IMPLEMENTED,0,NOT_REQUESTED
UNONLOCAL_ONLY,249,0.20261000000000001,11.159126000000001,0.00090799999999999995,0,0,0.026329999999999999,13.167767,1,BELOW_TRIGGER,NORMAL_UPDATE,DISABLED_NOT_IMPLEMENTED,0,NOT_REQUESTED
UNONLOCAL_ONLY,250,0.20156199999999999,13.636333,0.001467,0,49.063823999999997,0.031497999999999998,64.735545999999999,3,PERIODIC_CHECK,DIRECTIONAL_UPDATE,DISABLED_NOT_IMPLEMENTED,0,NOT_REQUESTED
UNONLOCAL_ONLY,251,0.21993099999999999,13.647926,0.001397,0,0,0.025352,15.643715,1,BELOW_TRIGGER,NORMAL_UPDATE,DISABLED_NOT_IMPLEMENTED,0,NOT_REQUESTED
UNONLOCAL_ONLY,252,0.19402,28.258756999999999,0.001397,0,0,0.028006,30.207751999999999,1,BELOW_TRIGGER,NORMAL_UPDATE,DISABLED_NOT_IMPLEMENTED,0,NOT_REQUESTED
UNONLOCAL_ONLY,253,0.19409000000000001,11.319972,0.00090799999999999995,0,0,0.024584000000000002,13.256185,1,BELOW_TRIGGER,NORMAL_UPDATE,DISABLED_NOT_IMPLEMENTED,0,NOT_REQUESTED
UNONLOCAL_ONLY,254,0.19178500000000001,13.604345,0.00090799999999999995,0,0,0.025352,15.516325,1,BELOW_TRIGGER,NORMAL_UPDATE,DISABLED_NOT_IMPLEMENTED,0,NOT_REQUESTED
UNONLOCAL_ONLY,255,0.19464799999999999,11.229666,0.0014660000000000001,0,0,0.026679000000000001,13.162808,1,BELOW_TRIGGER,NORMAL_UPDATE,DISABLED_NOT_IMPLEMENTED,0,NOT_REQUESTED
UNONLOCAL_ONLY,256,0.20316799999999999,20.843062,0.001397,0,0,0.027446999999999999,22.785283,1,BELOW_TRIGGER,NORMAL_UPDATE,DISABLED_NOT_IMPLEMENTED,0,NOT_REQUESTED
UNONLOCAL_ONLY,257,0.184032,18.667152000000002,0.001397,0,0,0.027168000000000001,20.606228999999999,1,BELOW_TRIGGER,NORMAL_UPDATE,DISABLED_NOT_IMPLEMENTED,0,NOT_REQUESTED
UNONLOCAL_ONLY,258,0.194718,18.665755000000001,0.001397,0,0,0.046724000000000002,20.674185999999999,1,BELOW_TRIGGER,NORMAL_UPDATE,DISABLED_NOT_IMPLEMENTED,0,NOT_REQUESTED
UNONLOCAL_ONLY,259,0.19178500000000001,23.477900999999999,0.001397,0,0,0.028565,25.397841,1,BELOW_TRIGGER,NORMAL_UPDATE,DISABLED_NOT_IMPLEMENTED,0,NOT_REQUESTED
UNONLOCAL_ONLY,260,0.192972,13.713926000000001,0.00097799999999999992,0,0,0.025212999999999999,15.660757,1,BELOW_TRIGGER,NORMAL_UPDATE,DISABLED_NOT_IMPLEMENTED,0,NOT_REQUESTED
UNONLOCAL_ONLY,261,0.194439,21.732493000000002,0.001467,0,0,0.027657000000000001,23.649571000000002,1,BELOW_TRIGGER,NORMAL_UPDATE,DISABLED_NOT_IMPLEMENTED,0,NOT_REQUESTED
UNONLOCAL_ONLY,262,0.201492,23.114096,0.001397,0,0,0.035340000000000003,25.131955000000001,1,BELOW_TRIGGER,NORMAL_UPDATE,DISABLED_NOT_IMPLEMENTED,0,NOT_REQUESTED
UNONLOCAL_ONLY,263,0.193111,24.52196,0.001467,0,0,0.054057000000000001,26.489253999999999,1,BELOW_TRIGGER,NORMAL_UPDATE,DISABLED_NOT_IMPLEMENTED,0,NOT_REQUESTED
UNONLOCAL_ONLY,264,0.18696599999999999,16.074497000000001,0.0014660000000000001,0,0,0.025281999999999999,17.938565000000001,1,BELOW_TRIGGER,NORMAL_UPDATE,DISABLED_NOT_IMPLEMENTED,0,NOT_REQUESTED
UNONLOCAL_ONLY,265,0.196604,27.043794999999999,0.0013960000000000001,0,0,0.031219,29.058371999999999,1,BELOW_TRIGGER,NORMAL_UPDATE,DISABLED_NOT_IMPLEMENTED,0,NOT_REQUESTED
UNONLOCAL_ONLY,266,0.20372799999999999,14.43923,0.0014660000000000001,0,0,0.030032,16.476434999999999,1,BELOW_TRIGGER,NORMAL_UPDATE,DISABLED_NOT_IMPLEMENTED,0,NOT_REQUESTED
UNONLOCAL_ONLY,267,0.204845,19.880996,0.0018860000000000001,0,0,0.030591,21.921693999999999,1,BELOW_TRIGGER,NORMAL_UPDATE,DISABLED_NOT_IMPLEMENTED,0,NOT_REQUESTED
UNONLOCAL_ONLY,268,0.21036199999999999,9.2745949999999997,0.0014660000000000001,0,0,0.031008999999999998,11.3118,1,BELOW_TRIGGER,NORMAL_UPDATE,DISABLED_NOT_IMPLEMENTED,0,NOT_REQUESTED
UNONLOCAL_ONLY,269,0.202679,19.931630999999999,0.001397,0,0,0.029124000000000001,21.938175000000001,1,BELOW_TRIGGER,NORMAL_UPDATE,DISABLED_NOT_IMPLEMENTED,0,NOT_REQUESTED
UNONLOCAL_ONLY,270,0.19639400000000001,19.275192000000001,0.001467,0,0,0.036178000000000002,21.338797,1,BELOW_TRIGGER,NORMAL_UPDATE,DISABLED_NOT_IMPLEMENTED,0,NOT_REQUESTED
UNONLOCAL_ONLY,271,0.205543,19.406493000000001,0.001397,0,0,0.031918000000000002,21.40326,1,BELOW_TRIGGER,NORMAL_UPDATE,DISABLED_NOT_IMPLEMENTED,0,NOT_REQUESTED
UNONLOCAL_ONLY,272,0.21148,37.964064,0.001397,0,0,0.030521,40.082842999999997,1,BELOW_TRIGGER,NORMAL_UPDATE,DISABLED_NOT_IMPLEMENTED,0,NOT_REQUESTED
UNONLOCAL_ONLY,273,0.21301600000000001,19.433800999999999,0.00097799999999999992,0,0,0.026957999999999999,21.506276,1,BELOW_TRIGGER,NORMAL_UPDATE,DISABLED_NOT_IMPLEMENTED,0,NOT_REQUESTED
UNONLOCAL_ONLY,274,0.202959,11.843643,0.0014660000000000001,0,0,0.029124000000000001,13.864993999999999,1,BELOW_TRIGGER,NORMAL_UPDATE,DISABLED_NOT_IMPLEMENTED,0,NOT_REQUESTED
UNONLOCAL_ONLY,275,0.21245800000000001,22.239052000000001,0.001397,0,51.429214999999999,0.034361999999999997,75.872463999999994,3,PERIODIC_CHECK,DIRECTIONAL_UPDATE,DISABLED_NOT_IMPLEMENTED,0,NOT_REQUESTED
UNONLOCAL_ONLY,276,0.20596300000000001,17.046759999999999,0.00097799999999999992,0,0,0.031918000000000002,19.143470000000001,1,BELOW_TRIGGER,NORMAL_UPDATE,DISABLED_NOT_IMPLEMENTED,0,NOT_REQUESTED
UNONLOCAL_ONLY,277,0.206451,24.717935000000001,0.00097799999999999992,0,0,0.028565,26.737331000000001,1,BELOW_TRIGGER,NORMAL_UPDATE,DISABLED_NOT_IMPLEMENTED,0,NOT_REQUESTED
UNONLOCAL_ONLY,278,0.20282,22.182690999999998,0.0014660000000000001,0,0,0.029543,24.170797,1,BELOW_TRIGGER,NORMAL_UPDATE,DISABLED_NOT_IMPLEMENTED,0,NOT_REQUESTED
UNONLOCAL_ONLY,279,0.21127099999999999,28.528065000000002,0.00090799999999999995,0,0,0.028635000000000001,30.567784,1,BELOW_TRIGGER,NORMAL_UPDATE,DISABLED_NOT_IMPLEMENTED,0,NOT_REQUESTED
UNONLOCAL_ONLY,280,0.196604,27.003077000000001,0.0013960000000000001,0,0,0.031497999999999998,29.016117000000001,1,BELOW_TRIGGER,NORMAL_UPDATE,DISABLED_NOT_IMPLEMENTED,0,NOT_REQUESTED
UNONLOCAL_ONLY,281,0.20519499999999999,27.347186000000001,0.00090799999999999995,0,0,0.030521,29.442150000000002,1,BELOW_TRIGGER,NORMAL_UPDATE,DISABLED_NOT_IMPLEMENTED,0,NOT_REQUESTED
UNONLOCAL_ONLY,282,0.21818499999999999,17.099630999999999,0.00097799999999999992,0,0,0.027168000000000001,19.262619999999998,1,BELOW_TRIGGER,NORMAL_UPDATE,DISABLED_NOT_IMPLEMENTED,0,NOT_REQUESTED
UNONLOCAL_ONLY,283,0.20198199999999999,19.690539000000001,0.001467,0,0,0.029333000000000001,21.764899,1,BELOW_TRIGGER,NORMAL_UPDATE,DISABLED_NOT_IMPLEMENTED,0,NOT_REQUESTED
UNONLOCAL_ONLY,284,0.20254,19.719522000000001,0.0014660000000000001,0,0,0.028007000000000001,21.779565999999999,1,BELOW_TRIGGER,NORMAL_UPDATE,DISABLED_NOT_IMPLEMENTED,0,NOT_REQUESTED
UNONLOCAL_ONLY,285,0.21217800000000001,19.493306,0.00097799999999999992,0,0,0.031009999999999999,21.611318000000001,1,BELOW_TRIGGER,NORMAL_UPDATE,DISABLED_NOT_IMPLEMENTED,0,NOT_REQUESTED
UNONLOCAL_ONLY,286,0.226356,19.535350000000001,0.001397,0,0,0.029541999999999999,21.650918000000001,1,BELOW_TRIGGER,NORMAL_UPDATE,DISABLED_NOT_IMPLEMENTED,0,NOT_REQUESTED
UNONLOCAL_ONLY,287,0.20421700000000001,22.168443,0.000977,0,0,0.028565,24.273254000000001,1,BELOW_TRIGGER,NORMAL_UPDATE,DISABLED_NOT_IMPLEMENTED,0,NOT_REQUESTED
UNONLOCAL_ONLY,288,0.20170199999999999,19.535281000000001,0.001397,0,0,0.036735999999999998,21.687653999999998,1,BELOW_TRIGGER,NORMAL_UPDATE,DISABLED_NOT_IMPLEMENTED,0,NOT_REQUESTED
UNONLOCAL_ONLY,289,0.19150500000000001,22.247223999999999,0.001885,0,0,0.031008999999999998,24.352734999999999,1,BELOW_TRIGGER,NORMAL_UPDATE,DISABLED_NOT_IMPLEMENTED,0,NOT_REQUESTED
UNONLOCAL_ONLY,290,0.20316899999999999,16.778848,0.001397,0,0,0.030032,18.965026000000002,1,BELOW_TRIGGER,NORMAL_UPDATE,DISABLED_NOT_IMPLEMENTED,0,NOT_REQUESTED
UNONLOCAL_ONLY,291,0.213505,19.127686000000001,0.001397,0,0,0.029613,21.369107,1,BELOW_TRIGGER,NORMAL_UPDATE,DISABLED_NOT_IMPLEMENTED,0,NOT_REQUESTED
UNONLOCAL_ONLY,292,0.208756,14.162588,0.0014660000000000001,0,0,0.036178000000000002,16.406803,1,BELOW_TRIGGER,NORMAL_UPDATE,DISABLED_NOT_IMPLEMENTED,0,NOT_REQUESTED
UNONLOCAL_ONLY,293,0.208896,11.66855,0.001467,0,0,0.024794,13.929945999999999,1,BELOW_TRIGGER,NORMAL_UPDATE,DISABLED_NOT_IMPLEMENTED,0,NOT_REQUESTED
UNONLOCAL_ONLY,294,0.19967599999999999,14.433153000000001,0.001397,0,0,0.027168999999999999,16.679534,1,BELOW_TRIGGER,NORMAL_UPDATE,DISABLED_NOT_IMPLEMENTED,0,NOT_REQUESTED
UNONLOCAL_ONLY,295,0.219302,11.771077,0.001397,0,0,0.025352,14.028352999999999,1,BELOW_TRIGGER,NORMAL_UPDATE,DISABLED_NOT_IMPLEMENTED,0,NOT_REQUESTED
UNONLOCAL_ONLY,296,0.20226,11.846995,0.00097799999999999992,0,0,0.027168000000000001,14.083876,1,BELOW_TRIGGER,NORMAL_UPDATE,DISABLED_NOT_IMPLEMENTED,0,NOT_REQUESTED
UNONLOCAL_ONLY,297,0.217695,14.334607,0.001397,0,0,0.025842,16.576447999999999,1,BELOW_TRIGGER,NORMAL_UPDATE,DISABLED_NOT_IMPLEMENTED,0,NOT_REQUESTED
UNONLOCAL_ONLY,298,0.20184199999999999,11.922143999999999,0.0013960000000000001,0,0,0.037783999999999998,14.165661,1,BELOW_TRIGGER,NORMAL_UPDATE,DISABLED_NOT_IMPLEMENTED,0,NOT_REQUESTED
UNONLOCAL_ONLY,299,0.21853300000000001,17.095510000000001,0.001397,0,0,0.027099000000000002,19.368079999999999,1,BELOW_TRIGGER,NORMAL_UPDATE,DISABLED_NOT_IMPLEMENTED,0,NOT_REQUESTED
UNONLOCAL_ONLY,300,0.20170199999999999,14.436226,0.001397,0,38.824021000000002,0.032965000000000001,55.584083,3,PERIODIC_CHECK,DIRECTIONAL_UPDATE,DISABLED_NOT_IMPLEMENTED,0,NOT_REQUESTED
UNONLOCAL_ONLY,301,0.22859099999999999,14.653294000000001,0.0014660000000000001,0,0,0.030521,17.098862,1,BELOW_TRIGGER,NORMAL_UPDATE,DISABLED_NOT_IMPLEMENTED,0,NOT_REQUESTED
UNONLOCAL_ONLY,302,0.21182899999999999,19.705904,0.0014660000000000001,0,0,0.030521,22.068639999999998,1,BELOW_TRIGGER,NORMAL_UPDATE,DISABLED_NOT_IMPLEMENTED,0,NOT_REQUESTED
UNONLOCAL_ONLY,303,0.20414599999999999,17.113807999999999,0.001397,0,0,0.030521,19.405096,1,BELOW_TRIGGER,NORMAL_UPDATE,DISABLED_NOT_IMPLEMENTED,0,NOT_REQUESTED
UNONLOCAL_ONLY,304,0.22426099999999999,17.067921999999999,0.0013960000000000001,0,0,0.029543,19.390149999999998,1,BELOW_TRIGGER,NORMAL_UPDATE,DISABLED_NOT_IMPLEMENTED,0,NOT_REQUESTED
UNONLOCAL_ONLY,305,0.20407600000000001,22.973714999999999,0.000977,0,0,0.028635000000000001,25.256761999999998,1,BELOW_TRIGGER,NORMAL_UPDATE,DISABLED_NOT_IMPLEMENTED,0,NOT_REQUESTED
UNONLOCAL_ONLY,306,0.20072400000000001,19.5181,0.001467,0,0,0.029543,21.798701999999999,1,BELOW_TRIGGER,NORMAL_UPDATE,DISABLED_NOT_IMPLEMENTED,0,NOT_REQUESTED
UNONLOCAL_ONLY,307,0.23599400000000001,19.606169999999999,0.001397,0,0,0.028216000000000001,21.937897,1,BELOW_TRIGGER,NORMAL_UPDATE,DISABLED_NOT_IMPLEMENTED,0,NOT_REQUESTED
UNONLOCAL_ONLY,308,0.21043200000000001,17.139999,0.001397,0,0,0.036736999999999999,19.367452,1,BELOW_TRIGGER,NORMAL_UPDATE,DISABLED_NOT_IMPLEMENTED,0,NOT_REQUESTED
UNONLOCAL_ONLY,309,0.19422900000000001,17.001573,0.001397,0,0,0.048680000000000001,19.342448000000001,1,BELOW_TRIGGER,NORMAL_UPDATE,DISABLED_NOT_IMPLEMENTED,0,NOT_REQUESTED
UNONLOCAL_ONLY,310,0.211061,17.122608,0.000977,0,0,0.031219,19.380372000000001,1,BELOW_TRIGGER,NORMAL_UPDATE,DISABLED_NOT_IMPLEMENTED,0,NOT_REQUESTED
UNONLOCAL_ONLY,311,0.20302899999999999,19.708278,0.00097799999999999992,0,0,0.030032,22.039656000000001,1,BELOW_TRIGGER,NORMAL_UPDATE,DISABLED_NOT_IMPLEMENTED,0,NOT_REQUESTED
UNONLOCAL_ONLY,312,0.204565,19.590107,0.001467,0,0,0.031497999999999998,21.853109,1,BELOW_TRIGGER,NORMAL_UPDATE,DISABLED_NOT_IMPLEMENTED,0,NOT_REQUESTED
UNONLOCAL_ONLY,313,0.20610200000000001,20.070824999999999,0.00097799999999999992,0,0,0.030032,22.481821,1,BELOW_TRIGGER,NORMAL_UPDATE,DISABLED_NOT_IMPLEMENTED,0,NOT_REQUESTED
UNONLOCAL_ONLY,314,0.214064,20.270780999999999,0.00097799999999999992,0,0,0.035340000000000003,22.517091000000001,1,BELOW_TRIGGER,NORMAL_UPDATE,DISABLED_NOT_IMPLEMENTED,0,NOT_REQUESTED
UNONLOCAL_ONLY,315,0.24737899999999999,17.189865000000001,0.00097799999999999992,0,0,0.027028,19.863606000000001,1,BELOW_TRIGGER,NORMAL_UPDATE,DISABLED_NOT_IMPLEMENTED,0,NOT_REQUESTED
UNONLOCAL_ONLY,316,0.187803,19.903904000000001,0.00097799999999999992,0,0,0.050424999999999998,22.062563000000001,1,BELOW_TRIGGER,NORMAL_UPDATE,DISABLED_NOT_IMPLEMENTED,0,NOT_REQUESTED
UNONLOCAL_ONLY,317,0.21245800000000001,19.859555,0.001467,0,0,0.038691999999999997,22.131916,1,BELOW_TRIGGER,NORMAL_UPDATE,DISABLED_NOT_IMPLEMENTED,0,NOT_REQUESTED
UNONLOCAL_ONLY,318,0.21518200000000001,19.892030999999999,0.0013960000000000001,0,0,0.028146000000000001,22.159293000000002,1,BELOW_TRIGGER,NORMAL_UPDATE,DISABLED_NOT_IMPLEMENTED,0,NOT_REQUESTED
UNONLOCAL_ONLY,319,0.20282,19.300404,0.00090700000000000004,0,41.241723,0.035339000000000002,62.876716999999999,3,HIGH_NORMALIZED_INNOVATION,DIRECTIONAL_UPDATE,DISABLED_NOT_IMPLEMENTED,0,NOT_REQUESTED
UNONLOCAL_ONLY,320,0.21671799999999999,19.289997,0.001397,0,38.154102000000002,0.060761999999999997,59.898676999999999,3,HIGH_NORMALIZED_INNOVATION,DIRECTIONAL_UPDATE,DISABLED_NOT_IMPLEMENTED,0,NOT_REQUESTED
UNONLOCAL_ONLY,321,0.21860299999999999,19.355090000000001,0.001397,0,30.624566000000002,0.032406999999999998,52.277648999999997,3,HIGH_NORMALIZED_INNOVATION,DIRECTIONAL_UPDATE,DISABLED_NOT_IMPLEMENTED,0,NOT_REQUESTED
UNONLOCAL_ONLY,322,0.20330899999999999,21.788575999999999,0.0014660000000000001,0,43.886687999999999,0.033105000000000002,68.001611999999994,3,HIGH_NORMALIZED_INNOVATION,DIRECTIONAL_UPDATE,DISABLED_NOT_IMPLEMENTED,0,NOT_REQUESTED
UNONLOCAL_ONLY,323,0.20763899999999999,19.524384999999999,0.00097799999999999992,0,40.920940999999999,0.042882000000000003,62.851154999999999,3,HIGH_NORMALIZED_INNOVATION,DIRECTIONAL_UPDATE,DISABLED_NOT_IMPLEMENTED,0,NOT_REQUESTED
UNONLOCAL_ONLY,324,0.23809,19.363052,0.001467,0,46.068185999999997,0.030521,67.774137999999994,3,HIGH_NORMALIZED_INNOVATION,DIRECTIONAL_UPDATE,DISABLED_NOT_IMPLEMENTED,0,NOT_REQUESTED
UNONLOCAL_ONLY,325,0.18710499999999999,19.306480000000001,0.00090799999999999995,0,41.281323,0.033873,62.872107,3,HIGH_NORMALIZED_INNOVATION,DIRECTIONAL_UPDATE,DISABLED_NOT_IMPLEMENTED,0,NOT_REQUESTED
UNONLOCAL_ONLY,326,0.22516900000000001,22.234722999999999,0.00097799999999999992,0,45.109820999999997,0.031988000000000003,69.775445000000005,3,HIGH_NORMALIZED_INNOVATION,DIRECTIONAL_UPDATE,DISABLED_NOT_IMPLEMENTED,0,NOT_REQUESTED
UNONLOCAL_ONLY,327,0.19555700000000001,21.765038000000001,0.00090799999999999995,0,40.521867,0.051542999999999999,64.568835000000007,3,HIGH_NORMALIZED_INNOVATION,DIRECTIONAL_UPDATE,DISABLED_NOT_IMPLEMENTED,0,NOT_REQUESTED
UNONLOCAL_ONLY,328,0.202261,23.406243,0.001467,0,39.997357999999998,0.032615999999999999,65.735466000000002,3,HIGH_NORMALIZED_INNOVATION,DIRECTIONAL_UPDATE,DISABLED_NOT_IMPLEMENTED,0,NOT_REQUESTED
UNONLOCAL_ONLY,329,0.21427399999999999,22.742190999999998,0.001467,0,42.541542,0.040508000000000002,67.800818000000007,3,HIGH_NORMALIZED_INNOVATION,DIRECTIONAL_UPDATE,DISABLED_NOT_IMPLEMENTED,0,NOT_REQUESTED
UNONLOCAL_ONLY,330,0.21071200000000001,20.046728999999999,0.001397,0,40.133828000000001,0.032405999999999997,62.623542,3,HIGH_NORMALIZED_INNOVATION,DIRECTIONAL_UPDATE,DISABLED_NOT_IMPLEMENTED,0,NOT_REQUESTED
UNONLOCAL_ONLY,331,0.22042,22.541117,0.0018860000000000001,0,44.800564000000001,0.032896000000000002,69.705603999999994,3,HIGH_NORMALIZED_INNOVATION,DIRECTIONAL_UPDATE,DISABLED_NOT_IMPLEMENTED,0,NOT_REQUESTED
UNONLOCAL_ONLY,332,0.211061,20.422896000000001,0.001397,0,42.724176999999997,0.034780999999999999,65.605631000000002,3,HIGH_NORMALIZED_INNOVATION,DIRECTIONAL_UPDATE,DISABLED_NOT_IMPLEMENTED,0,NOT_REQUESTED
UNONLOCAL_ONLY,333,0.21134,21.343824999999999,0.00097799999999999992,0,41.697647000000003,0.033873,65.431726999999995,3,HIGH_NORMALIZED_INNOVATION,DIRECTIONAL_UPDATE,DISABLED_NOT_IMPLEMENTED,0,NOT_REQUESTED
UNONLOCAL_ONLY,334,0.204147,15.353104999999999,0.001397,0,41.438186000000002,0.032406999999999998,59.144179999999999,3,HIGH_NORMALIZED_INNOVATION,DIRECTIONAL_UPDATE,DISABLED_NOT_IMPLEMENTED,0,NOT_REQUESTED
UNONLOCAL_ONLY,335,0.214064,17.855245,0.0014660000000000001,0,0,0.030032,20.196259999999999,1,BELOW_TRIGGER,NORMAL_UPDATE,DISABLED_NOT_IMPLEMENTED,0,NOT_REQUESTED
UNONLOCAL_ONLY,336,0.21085100000000001,20.777550000000002,0.001397,0,0,0.039181000000000001,23.215785,1,BELOW_TRIGGER,NORMAL_UPDATE,DISABLED_NOT_IMPLEMENTED,0,NOT_REQUESTED
UNONLOCAL_ONLY,337,0.36380400000000002,20.871486999999998,0.001467,0,0,0.032475999999999998,23.534890999999998,1,BELOW_TRIGGER,NORMAL_UPDATE,DISABLED_NOT_IMPLEMENTED,0,NOT_REQUESTED
UNONLOCAL_ONLY,338,0.23955599999999999,20.687386,0.001397,0,0,0.030939999999999999,23.045860999999999,1,BELOW_TRIGGER,NORMAL_UPDATE,DISABLED_NOT_IMPLEMENTED,0,NOT_REQUESTED
UNONLOCAL_ONLY,339,0.211899,21.203513999999998,0.001467,0,0,0.030102,23.498573,1,BELOW_TRIGGER,NORMAL_UPDATE,DISABLED_NOT_IMPLEMENTED,0,NOT_REQUESTED
UNONLOCAL_ONLY,340,0.209874,20.137104000000001,0.001397,0,0,0.030591,22.436215000000001,1,BELOW_TRIGGER,NORMAL_UPDATE,DISABLED_NOT_IMPLEMENTED,0,NOT_REQUESTED
UNONLOCAL_ONLY,341,0.20924499999999999,19.957122999999999,0.001397,0,0,0.030521,21.964925000000001,1,BELOW_TRIGGER,NORMAL_UPDATE,DISABLED_NOT_IMPLEMENTED,0,NOT_REQUESTED
UNONLOCAL_ONLY,342,0.21071200000000001,22.509619000000001,0.001397,0,0,0.027237999999999998,24.502124999999999,1,BELOW_TRIGGER,NORMAL_UPDATE,DISABLED_NOT_IMPLEMENTED,0,NOT_REQUESTED
UNONLOCAL_ONLY,343,0.21867400000000001,22.458912999999999,0.001397,0,44.960360999999999,0.035409999999999997,69.399838000000003,3,HIGH_NORMALIZED_INNOVATION,DIRECTIONAL_UPDATE,DISABLED_NOT_IMPLEMENTED,0,NOT_REQUESTED
UNONLOCAL_ONLY,344,0.22356300000000001,19.998259000000001,0.001397,0,42.098466999999999,0.033453999999999998,64.047747999999999,3,HIGH_NORMALIZED_INNOVATION,DIRECTIONAL_UPDATE,DISABLED_NOT_IMPLEMENTED,0,NOT_REQUESTED
UNONLOCAL_ONLY,345,0.21357499999999999,22.444316000000001,0.00090799999999999995,0,47.090175000000002,0.032335999999999997,71.444027000000006,3,HIGH_NORMALIZED_INNOVATION,DIRECTIONAL_UPDATE,DISABLED_NOT_IMPLEMENTED,0,NOT_REQUESTED
UNONLOCAL_ONLY,346,0.200934,16.948494,0.00097799999999999992,0,36.080928,0.031918000000000002,54.916049000000001,3,HIGH_NORMALIZED_INNOVATION,DIRECTIONAL_UPDATE,DISABLED_NOT_IMPLEMENTED,0,NOT_REQUESTED
UNONLOCAL_ONLY,347,0.210781,14.243463999999999,0.001467,0,0,0.027588000000000001,16.108999000000001,1,BELOW_TRIGGER,NORMAL_UPDATE,DISABLED_NOT_IMPLEMENTED,0,NOT_REQUESTED
UNONLOCAL_ONLY,348,0.19953699999999999,18.990727,0.000977,0,40.134247000000002,0.033943000000000001,60.930934000000001,3,HIGH_NORMALIZED_INNOVATION,DIRECTIONAL_UPDATE,DISABLED_NOT_IMPLEMENTED,0,NOT_REQUESTED
UNONLOCAL_ONLY,349,0.209873,12.903975000000001,0.0014660000000000001,0,0,0.028146000000000001,14.615719,1,BELOW_TRIGGER,NORMAL_UPDATE,DISABLED_NOT_IMPLEMENTED,0,NOT_REQUESTED
UNONLOCAL_ONLY,350,0.20721899999999999,22.741911000000002,0.001397,0,44.451217,0.034851,68.964167000000003,3,PERIODIC_CHECK,DIRECTIONAL_UPDATE,DISABLED_NOT_IMPLEMENTED,0,NOT_REQUESTED
UNONLOCAL_ONLY,351,0.22628599999999999,17.179459000000001,0.001467,0,0,0.029543,18.927030999999999,1,BELOW_TRIGGER,NORMAL_UPDATE,DISABLED_NOT_IMPLEMENTED,0,NOT_REQUESTED
UNONLOCAL_ONLY,352,0.20994299999999999,14.590297,0.00090799999999999995,0,0,0.025701999999999999,16.265235000000001,1,BELOW_TRIGGER,NORMAL_UPDATE,DISABLED_NOT_IMPLEMENTED,0,NOT_REQUESTED
UNONLOCAL_ONLY,353,0.208895,17.489974,0.00097799999999999992,0,0,0.031498999999999999,19.19201,1,BELOW_TRIGGER,NORMAL_UPDATE,DISABLED_NOT_IMPLEMENTED,0,NOT_REQUESTED
UNONLOCAL_ONLY,354,0.28013399999999999,17.191471,0.0013960000000000001,0,0,0.030800000000000001,19.098981999999999,1,BELOW_TRIGGER,NORMAL_UPDATE,DISABLED_NOT_IMPLEMENTED,0,NOT_REQUESTED
UNONLOCAL_ONLY,355,0.19639400000000001,19.020060000000001,0.000977,0,35.281035000000003,0.031848000000000001,55.909542999999999,3,HIGH_NORMALIZED_INNOVATION,DIRECTIONAL_UPDATE,DISABLED_NOT_IMPLEMENTED,0,NOT_REQUESTED
UNONLOCAL_ONLY,356,0.201353,18.431505999999999,0.001397,0,0,0.027727000000000002,20.052178000000001,1,BELOW_TRIGGER,NORMAL_UPDATE,DISABLED_NOT_IMPLEMENTED,0,NOT_REQUESTED
UNONLOCAL_ONLY,357,0.191575,15.586446,0.001397,0,0,0.023885,17.069040000000001,1,BELOW_TRIGGER,NORMAL_UPDATE,DISABLED_NOT_IMPLEMENTED,0,NOT_REQUESTED
UNONLOCAL_ONLY,358,0.19869899999999999,16.872156,0.001467,0,0,0.028635000000000001,18.414954000000002,1,BELOW_TRIGGER,NORMAL_UPDATE,DISABLED_NOT_IMPLEMENTED,0,NOT_REQUESTED
UNONLOCAL_ONLY,359,0.19611400000000001,15.344583999999999,0.00090799999999999995,0,0,0.026259999999999999,16.879909000000001,1,BELOW_TRIGGER,NORMAL_UPDATE,DISABLED_NOT_IMPLEMENTED,0,NOT_REQUESTED
UNONLOCAL_ONLY,360,0.20316899999999999,13.159174999999999,0.001397,0,0,0.028146000000000001,14.728653,1,BELOW_TRIGGER,NORMAL_UPDATE,DISABLED_NOT_IMPLEMENTED,0,NOT_REQUESTED
UNONLOCAL_ONLY,361,0.21148,15.657334000000001,0.0013960000000000001,0,32.817517000000002,0.032266999999999997,50.175072,3,HIGH_NORMALIZED_INNOVATION,DIRECTIONAL_UPDATE,DISABLED_NOT_IMPLEMENTED,0,NOT_REQUESTED
UNONLOCAL_ONLY,362,0.202121,34.880563000000002,0.0013960000000000001,0,0,0.031497999999999998,36.543069000000003,1,BELOW_TRIGGER,NORMAL_UPDATE,DISABLED_NOT_IMPLEMENTED,0,NOT_REQUESTED
UNONLOCAL_ONLY,363,0.201213,28.972815000000001,0.00097799999999999992,0,0,0.030521,30.709841999999998,1,BELOW_TRIGGER,NORMAL_UPDATE,DISABLED_NOT_IMPLEMENTED,0,NOT_REQUESTED
UNONLOCAL_ONLY,364,0.20302899999999999,25.657582000000001,0.00090700000000000004,0,52.852862999999999,0.039600000000000003,80.365084999999993,3,HIGH_NORMALIZED_INNOVATION,DIRECTIONAL_UPDATE,DISABLED_NOT_IMPLEMENTED,0,NOT_REQUESTED
UNONLOCAL_ONLY,365,0.20707900000000001,19.486532,0.001467,0,0,0.029124000000000001,21.356676,1,BELOW_TRIGGER,NORMAL_UPDATE,DISABLED_NOT_IMPLEMENTED,0,NOT_REQUESTED
UNONLOCAL_ONLY,366,0.21050199999999999,25.045839999999998,0.001397,0,40.732438999999999,0.032965000000000001,67.794252999999998,3,HIGH_NORMALIZED_INNOVATION,DIRECTIONAL_UPDATE,DISABLED_NOT_IMPLEMENTED,0,NOT_REQUESTED
UNONLOCAL_ONLY,367,0.202401,15.898776,0.001467,0,31.479565000000001,0.031427999999999998,49.318536999999999,3,HIGH_NORMALIZED_INNOVATION,DIRECTIONAL_UPDATE,DISABLED_NOT_IMPLEMENTED,0,NOT_REQUESTED
UNONLOCAL_ONLY,368,0.20205200000000001,27.133192000000001,0.00090799999999999995,0,50.198188999999999,0.036178000000000002,79.304541999999998,3,HIGH_NORMALIZED_INNOVATION,DIRECTIONAL_UPDATE,DISABLED_NOT_IMPLEMENTED,0,NOT_REQUESTED
UNONLOCAL_ONLY,369,0.20156299999999999,26.347055999999998,0.001397,0,52.759554999999999,0.034292000000000003,81.04562,3,HIGH_NORMALIZED_INNOVATION,DIRECTIONAL_UPDATE,DISABLED_NOT_IMPLEMENTED,0,NOT_REQUESTED
UNONLOCAL_ONLY,370,0.20421600000000001,13.979953,0.001397,0,0,0.027657000000000001,15.86637,1,BELOW_TRIGGER,NORMAL_UPDATE,DISABLED_NOT_IMPLEMENTED,0,NOT_REQUESTED
UNONLOCAL_ONLY,371,0.200934,28.243041999999999,0.001397,0,59.717089000000001,0.032686,89.963464000000002,3,HIGH_NORMALIZED_INNOVATION,DIRECTIONAL_UPDATE,DISABLED_NOT_IMPLEMENTED,0,NOT_REQUESTED
UNONLOCAL_ONLY,372,0.21252699999999999,22.910508,0.00097799999999999992,0,0,0.027657000000000001,24.832125999999999,1,BELOW_TRIGGER,NORMAL_UPDATE,DISABLED_NOT_IMPLEMENTED,0,NOT_REQUESTED
UNONLOCAL_ONLY,373,0.216997,20.813099000000001,0.001397,0,0,0.028635000000000001,22.732621999999999,1,BELOW_TRIGGER,NORMAL_UPDATE,DISABLED_NOT_IMPLEMENTED,0,NOT_REQUESTED
UNONLOCAL_ONLY,374,0.200654,28.185842999999998,0.001397,0,0,0.028146000000000001,30.031192999999998,1,BELOW_TRIGGER,NORMAL_UPDATE,DISABLED_NOT_IMPLEMENTED,0,NOT_REQUESTED
UNONLOCAL_ONLY,375,0.19988600000000001,15.224736999999999,0.00097799999999999992,0,32.186430000000001,0.033663999999999999,49.371197000000002,3,PERIODIC_CHECK,DIRECTIONAL_UPDATE,DISABLED_NOT_IMPLEMENTED,0,NOT_REQUESTED
UNONLOCAL_ONLY,376,0.20463500000000001,15.918680999999999,0.0014660000000000001,0,0,0.031008999999999998,17.860552999999999,1,BELOW_TRIGGER,NORMAL_UPDATE,DISABLED_NOT_IMPLEMENTED,0,NOT_REQUESTED
UNONLOCAL_ONLY,377,0.227543,16.432435000000002,0.00090799999999999995,0,0,0.028635000000000001,18.399379,1,BELOW_TRIGGER,NORMAL_UPDATE,DISABLED_NOT_IMPLEMENTED,0,NOT_REQUESTED
UNONLOCAL_ONLY,378,0.20868600000000001,14.844101,0.001467,0,0,0.026748999999999998,16.817052,1,BELOW_TRIGGER,NORMAL_UPDATE,DISABLED_NOT_IMPLEMENTED,0,NOT_REQUESTED
UNONLOCAL_ONLY,379,0.19946700000000001,16.03378,0.00097799999999999992,0,0,0.027657000000000001,17.976489999999998,1,BELOW_TRIGGER,NORMAL_UPDATE,DISABLED_NOT_IMPLEMENTED,0,NOT_REQUESTED
UNONLOCAL_ONLY,380,0.20142299999999999,18.405735,0.001397,0,0,0.027168000000000001,20.305561999999998,1,BELOW_TRIGGER,NORMAL_UPDATE,DISABLED_NOT_IMPLEMENTED,0,NOT_REQUESTED
UNONLOCAL_ONLY,381,0.20030500000000001,22.949688999999999,0.001467,0,0,0.030100999999999999,24.908951999999999,1,BELOW_TRIGGER,NORMAL_UPDATE,DISABLED_NOT_IMPLEMENTED,0,NOT_REQUESTED
UNONLOCAL_ONLY,382,0.20191100000000001,19.022853999999999,0.001397,0,0,0.029543,20.992591999999998,1,BELOW_TRIGGER,NORMAL_UPDATE,DISABLED_NOT_IMPLEMENTED,0,NOT_REQUESTED
UNONLOCAL_ONLY,383,0.19129599999999999,18.044025999999999,0.001397,0,0,0.026610000000000002,20.123486,1,BELOW_TRIGGER,NORMAL_UPDATE,DISABLED_NOT_IMPLEMENTED,0,NOT_REQUESTED
UNONLOCAL_ONLY,384,0.19827900000000001,28.182559999999999,0.00090799999999999995,0,0,0.031008999999999998,30.261040999999999,1,BELOW_TRIGGER,NORMAL_UPDATE,DISABLED_NOT_IMPLEMENTED,0,NOT_REQUESTED
UNONLOCAL_ONLY,385,0.20128299999999999,19.549738000000001,0.0028639999999999998,0,0,0.031498999999999999,21.46039,1,BELOW_TRIGGER,NORMAL_UPDATE,DISABLED_NOT_IMPLEMENTED,0,NOT_REQUESTED
UNONLOCAL_ONLY,386,0.17488300000000001,18.342109000000001,0.00097799999999999992,0,0,0.045187999999999999,20.284959000000001,1,BELOW_TRIGGER,NORMAL_UPDATE,DISABLED_NOT_IMPLEMENTED,0,NOT_REQUESTED
UNONLOCAL_ONLY,387,0.20994399999999999,16.690918,0.001467,0,0,0.033383999999999997,18.951895,1,BELOW_TRIGGER,NORMAL_UPDATE,DISABLED_NOT_IMPLEMENTED,0,NOT_REQUESTED
UNONLOCAL_ONLY,388,0.24661,18.014832999999999,0.001397,0,0,0.030589999999999999,20.304863999999998,1,BELOW_TRIGGER,NORMAL_UPDATE,DISABLED_NOT_IMPLEMENTED,0,NOT_REQUESTED
UNONLOCAL_ONLY,389,0.20421600000000001,26.927159,0.00090799999999999995,0,0,0.029543,28.854993,1,BELOW_TRIGGER,NORMAL_UPDATE,DISABLED_NOT_IMPLEMENTED,0,NOT_REQUESTED
UNONLOCAL_ONLY,390,0.21399399999999999,24.260334,0.0014660000000000001,0,0,0.031009999999999999,26.187467999999999,1,BELOW_TRIGGER,NORMAL_UPDATE,DISABLED_NOT_IMPLEMENTED,0,NOT_REQUESTED
UNONLOCAL_ONLY,391,0.20449600000000001,19.630334999999999,0.001397,0,0,0.028146000000000001,21.560611999999999,1,BELOW_TRIGGER,NORMAL_UPDATE,DISABLED_NOT_IMPLEMENTED,0,NOT_REQUESTED
UNONLOCAL_ONLY,392,0.204985,19.400486000000001,0.00097799999999999992,0,0,0.030102,21.388943000000001,1,BELOW_TRIGGER,NORMAL_UPDATE,DISABLED_NOT_IMPLEMENTED,0,NOT_REQUESTED
UNONLOCAL_ONLY,393,0.2024,14.249331,0.00097799999999999992,0,0,0.028496,16.133234000000002,1,BELOW_TRIGGER,NORMAL_UPDATE,DISABLED_NOT_IMPLEMENTED,0,NOT_REQUESTED
UNONLOCAL_ONLY,394,0.20519499999999999,19.414106,0.001397,0,0,0.031009999999999999,21.320986999999999,1,BELOW_TRIGGER,NORMAL_UPDATE,DISABLED_NOT_IMPLEMENTED,0,NOT_REQUESTED
UNONLOCAL_ONLY,395,0.214064,19.523548000000002,0.001467,0,0,0.026190000000000001,21.471076,1,BELOW_TRIGGER,NORMAL_UPDATE,DISABLED_NOT_IMPLEMENTED,0,NOT_REQUESTED
UNONLOCAL_ONLY,396,0.20233000000000001,16.822011,0.0014660000000000001,0,0,0.057618999999999997,18.843501,1,BELOW_TRIGGER,NORMAL_UPDATE,DISABLED_NOT_IMPLEMENTED,0,NOT_REQUESTED
UNONLOCAL_ONLY,397,0.218115,37.037965999999997,0.001467,0,0,0.031497999999999998,39.080269999999999,1,BELOW_TRIGGER,NORMAL_UPDATE,DISABLED_NOT_IMPLEMENTED,0,NOT_REQUESTED
UNONLOCAL_ONLY,398,0.20177100000000001,19.201229000000001,0.001397,0,0,0.030521,21.086668,1,BELOW_TRIGGER,NORMAL_UPDATE,DISABLED_NOT_IMPLEMENTED,0,NOT_REQUESTED
UNONLOCAL_ONLY,399,0.20505499999999999,11.702842,0.0013960000000000001,0,0,0.026748999999999998,13.629277999999999,1,BELOW_TRIGGER,NORMAL_UPDATE,DISABLED_NOT_IMPLEMENTED,0,NOT_REQUESTED
UNONLOCAL_ONLY,400,0.204286,21.989090000000001,0.001467,0,46.355651999999999,0.032197000000000003,70.291922999999997,3,PERIODIC_CHECK,DIRECTIONAL_UPDATE,DISABLED_NOT_IMPLEMENTED,0,NOT_REQUESTED
UNONLOCAL_ONLY,401,0.21455199999999999,16.898486999999999,0.001397,0,0,0.031498999999999999,18.848949000000001,1,BELOW_TRIGGER,NORMAL_UPDATE,DISABLED_NOT_IMPLEMENTED,0,NOT_REQUESTED
UNONLOCAL_ONLY,402,0.205683,19.631871,0.00097799999999999992,0,0,0.030521,21.579051,1,BELOW_TRIGGER,NORMAL_UPDATE,DISABLED_NOT_IMPLEMENTED,0,NOT_REQUESTED
UNONLOCAL_ONLY,403,0.20791799999999999,21.103361,0.00097799999999999992,0,0,0.029961000000000002,23.161449000000001,1,BELOW_TRIGGER,NORMAL_UPDATE,DISABLED_NOT_IMPLEMENTED,0,NOT_REQUESTED
UNONLOCAL_ONLY,404,0.19388,16.573864,0.001397,0,0,0.037156000000000002,18.455601999999999,1,BELOW_TRIGGER,NORMAL_UPDATE,DISABLED_NOT_IMPLEMENTED,0,NOT_REQUESTED
UNONLOCAL_ONLY,405,0.28334599999999999,19.607008,0.00090799999999999995,0,0,0.026261,21.978892999999999,1,BELOW_TRIGGER,NORMAL_UPDATE,DISABLED_NOT_IMPLEMENTED,0,NOT_REQUESTED
UNONLOCAL_ONLY,406,0.18612699999999999,41.912269999999999,0.001397,0,0,0.029263999999999998,43.748891,1,BELOW_TRIGGER,NORMAL_UPDATE,DISABLED_NOT_IMPLEMENTED,0,NOT_REQUESTED
UNONLOCAL_ONLY,407,0.199048,35.392919999999997,0.001467,0,0,0.03108,37.231636000000002,1,BELOW_TRIGGER,NORMAL_UPDATE,DISABLED_NOT_IMPLEMENTED,0,NOT_REQUESTED
UNONLOCAL_ONLY,408,0.240814,30.682814,0.001397,0,0,0.031219,32.694177000000003,1,BELOW_TRIGGER,NORMAL_UPDATE,DISABLED_NOT_IMPLEMENTED,0,NOT_REQUESTED
UNONLOCAL_ONLY,409,0.20819699999999999,17.214728999999998,0.0014660000000000001,0,0,0.028635000000000001,19.179577999999999,1,BELOW_TRIGGER,NORMAL_UPDATE,DISABLED_NOT_IMPLEMENTED,0,NOT_REQUESTED
UNONLOCAL_ONLY,410,0.20561399999999999,35.794020000000003,0.0013960000000000001,0,0,0.030519999999999999,37.753072000000003,1,BELOW_TRIGGER,NORMAL_UPDATE,DISABLED_NOT_IMPLEMENTED,0,NOT_REQUESTED
UNONLOCAL_ONLY,411,0.20791799999999999,46.292096999999998,0.0014660000000000001,0,0,0.033943000000000001,48.273639000000003,1,BELOW_TRIGGER,NORMAL_UPDATE,DISABLED_NOT_IMPLEMENTED,0,NOT_REQUESTED
UNONLOCAL_ONLY,412,0.21671799999999999,19.876944999999999,0.00090799999999999995,0,0,0.028565,21.875249,1,BELOW_TRIGGER,NORMAL_UPDATE,DISABLED_NOT_IMPLEMENTED,0,NOT_REQUESTED
UNONLOCAL_ONLY,413,0.21818499999999999,17.266901000000001,0.001467,0,0,0.028146000000000001,19.229026000000001,1,BELOW_TRIGGER,NORMAL_UPDATE,DISABLED_NOT_IMPLEMENTED,0,NOT_REQUESTED
UNONLOCAL_ONLY,414,0.20519399999999999,11.845877,0.001467,0,0,0.024235,13.77434,1,BELOW_TRIGGER,NORMAL_UPDATE,DISABLED_NOT_IMPLEMENTED,0,NOT_REQUESTED
UNONLOCAL_ONLY,415,0.204985,17.153617000000001,0.00097799999999999992,0,0,0.031219,19.113019000000001,1,BELOW_TRIGGER,NORMAL_UPDATE,DISABLED_NOT_IMPLEMENTED,0,NOT_REQUESTED
UNONLOCAL_ONLY,416,0.20854600000000001,17.112062000000002,0.001467,0,0,0.033873,19.186212999999999,1,BELOW_TRIGGER,NORMAL_UPDATE,DISABLED_NOT_IMPLEMENTED,0,NOT_REQUESTED
UNONLOCAL_ONLY,417,0.21099100000000001,15.849189000000001,0.001397,0,0,0.035270000000000003,17.861111999999999,1,BELOW_TRIGGER,NORMAL_UPDATE,DISABLED_NOT_IMPLEMENTED,0,NOT_REQUESTED
UNONLOCAL_ONLY,418,0.20233100000000001,25.848807000000001,0.001397,0,0,0.039530000000000003,27.807580999999999,1,BELOW_TRIGGER,NORMAL_UPDATE,DISABLED_NOT_IMPLEMENTED,0,NOT_REQUESTED
UNONLOCAL_ONLY,419,0.276362,29.203012999999999,0.00097799999999999992,0,0,0.031917000000000001,31.373615000000001,1,BELOW_TRIGGER,NORMAL_UPDATE,DISABLED_NOT_IMPLEMENTED,0,NOT_REQUESTED
UNONLOCAL_ONLY,420,0.20275000000000001,14.919181,0.001397,0,0,0.033383999999999997,16.888988999999999,1,BELOW_TRIGGER,NORMAL_UPDATE,DISABLED_NOT_IMPLEMENTED,0,NOT_REQUESTED
UNONLOCAL_ONLY,421,0.212806,19.949300999999998,0.0013960000000000001,0,0,0.033803,22.104119000000001,1,BELOW_TRIGGER,NORMAL_UPDATE,DISABLED_NOT_IMPLEMENTED,0,NOT_REQUESTED
UNONLOCAL_ONLY,422,0.213226,16.927330999999999,0.0014660000000000001,0,0,0.033383999999999997,19.004695000000002,1,BELOW_TRIGGER,NORMAL_UPDATE,DISABLED_NOT_IMPLEMENTED,0,NOT_REQUESTED
UNONLOCAL_ONLY,423,0.212947,17.147472,0.001467,0,0,0.035548999999999997,19.245578999999999,1,BELOW_TRIGGER,NORMAL_UPDATE,DISABLED_NOT_IMPLEMENTED,0,NOT_REQUESTED
UNONLOCAL_ONLY,424,0.21427299999999999,38.801113000000001,0.0014660000000000001,0,0,0.034361999999999997,40.907741000000001,1,BELOW_TRIGGER,NORMAL_UPDATE,DISABLED_NOT_IMPLEMENTED,0,NOT_REQUESTED
UNONLOCAL_ONLY,425,0.22467999999999999,15.158526999999999,0.001397,0,42.085546999999998,0.037713999999999998,59.444847000000003,3,PERIODIC_CHECK,DIRECTIONAL_UPDATE,DISABLED_NOT_IMPLEMENTED,0,NOT_REQUESTED
UNONLOCAL_ONLY,426,0.217417,21.991256,0.0014660000000000001,0,0,0.031987000000000002,24.079445,1,BELOW_TRIGGER,NORMAL_UPDATE,DISABLED_NOT_IMPLEMENTED,0,NOT_REQUESTED
UNONLOCAL_ONLY,427,0.207149,16.627433,0.001397,0,0,0.041137,18.580269000000001,1,BELOW_TRIGGER,NORMAL_UPDATE,DISABLED_NOT_IMPLEMENTED,0,NOT_REQUESTED
UNONLOCAL_ONLY,428,0.26616600000000001,20.600503,0.001397,0,0,0.032405999999999997,23.047957,1,BELOW_TRIGGER,NORMAL_UPDATE,DISABLED_NOT_IMPLEMENTED,0,NOT_REQUESTED
UNONLOCAL_ONLY,429,0.217696,9.0652799999999996,0.00097799999999999992,0,0,0.033873,11.126929000000001,1,BELOW_TRIGGER,NORMAL_UPDATE,DISABLED_NOT_IMPLEMENTED,0,NOT_REQUESTED
UNONLOCAL_ONLY,430,0.22656599999999999,13.536250000000001,0.0014660000000000001,0,0,0.031008999999999998,15.595105999999999,1,BELOW_TRIGGER,NORMAL_UPDATE,DISABLED_NOT_IMPLEMENTED,0,NOT_REQUESTED
UNONLOCAL_ONLY,431,0.20170199999999999,9.6471289999999996,0.00097799999999999992,0,0,0.068793999999999994,11.736924999999999,1,BELOW_TRIGGER,NORMAL_UPDATE,DISABLED_NOT_IMPLEMENTED,0,NOT_REQUESTED
UNONLOCAL_ONLY,432,0.21476200000000001,31.289944999999999,0.00097799999999999992,0,45.502538999999999,0.034851,78.831575999999998,3,HIGH_NORMALIZED_INNOVATION,CAUTIOUS_UPDATE,DISABLED_NOT_IMPLEMENTED,0,NOT_REQUESTED
UNONLOCAL_ONLY,433,0.217416,8.8738440000000001,0.00090799999999999995,0,0,0.035758999999999999,10.921106999999999,1,BELOW_TRIGGER,NORMAL_UPDATE,DISABLED_NOT_IMPLEMENTED,0,NOT_REQUESTED
UNONLOCAL_ONLY,434,0.21748600000000001,9.7721450000000001,0.00097799999999999992,0,0,0.028635000000000001,11.981719,1,BELOW_TRIGGER,NORMAL_UPDATE,DISABLED_NOT_IMPLEMENTED,0,NOT_REQUESTED
UNONLOCAL_ONLY,435,0.20072400000000001,9.3667149999999992,0.00097799999999999992,0,0,0.029543,11.359292,1,BELOW_TRIGGER,NORMAL_UPDATE,DISABLED_NOT_IMPLEMENTED,0,NOT_REQUESTED
UNONLOCAL_ONLY,436,0.22495899999999999,10.053884999999999,0.001467,0,0,0.044628000000000001,12.267301,1,BELOW_TRIGGER,NORMAL_UPDATE,DISABLED_NOT_IMPLEMENTED,0,NOT_REQUESTED
UNONLOCAL_ONLY,437,0.268959,8.0573289999999993,0.001397,0,0,0.031987000000000002,10.406236,1,BELOW_TRIGGER,NORMAL_UPDATE,DISABLED_NOT_IMPLEMENTED,0,NOT_REQUESTED
UNONLOCAL_ONLY,438,0.21148,12.090602000000001,0.00090799999999999995,0,0,0.032127000000000003,14.120404000000001,1,BELOW_TRIGGER,NORMAL_UPDATE,DISABLED_NOT_IMPLEMENTED,0,NOT_REQUESTED
UNONLOCAL_ONLY,439,0.237042,10.454286,0.000977,0,0,0.029474,12.534583,1,BELOW_TRIGGER,NORMAL_UPDATE,DISABLED_NOT_IMPLEMENTED,0,NOT_REQUESTED
UNONLOCAL_ONLY,440,0.21455299999999999,12.713867,0.001467,0,0,0.030939999999999999,14.769579999999999,1,BELOW_TRIGGER,NORMAL_UPDATE,DISABLED_NOT_IMPLEMENTED,0,NOT_REQUESTED
UNONLOCAL_ONLY,441,0.21560000000000001,12.235872000000001,0.00090700000000000004,0,25.778058000000001,0.031497999999999998,40.204087999999999,3,HIGH_NORMALIZED_INNOVATION,DIRECTIONAL_UPDATE,DISABLED_NOT_IMPLEMENTED,0,NOT_REQUESTED
UNONLOCAL_ONLY,442,0.21057200000000001,11.353495000000001,0.00097799999999999992,0,22.64085,0.031988000000000003,35.915823000000003,3,HIGH_NORMALIZED_INNOVATION,DIRECTIONAL_UPDATE,DISABLED_NOT_IMPLEMENTED,0,NOT_REQUESTED
UNONLOCAL_ONLY,443,0.19730200000000001,10.109828,0.0013960000000000001,0,23.760059999999999,0.032475999999999998,35.824680000000001,3,HIGH_NORMALIZED_INNOVATION,DIRECTIONAL_UPDATE,DISABLED_NOT_IMPLEMENTED,0,NOT_REQUESTED
UNONLOCAL_ONLY,444,0.194299,12.358095,0.001397,0,22.930693000000002,0.032895000000000001,37.460228000000001,3,HIGH_NORMALIZED_INNOVATION,DIRECTIONAL_UPDATE,DISABLED_NOT_IMPLEMENTED,0,NOT_REQUESTED
UNONLOCAL_ONLY,445,0.19709199999999999,16.657952000000002,0.0014660000000000001,0,0,0.030870000000000002,18.571608000000001,1,BELOW_TRIGGER,NORMAL_UPDATE,DISABLED_NOT_IMPLEMENTED,0,NOT_REQUESTED
UNONLOCAL_ONLY,446,0.19346099999999999,13.779927000000001,0.001467,0,0,0.030521,15.784865,1,BELOW_TRIGGER,NORMAL_UPDATE,DISABLED_NOT_IMPLEMENTED,0,NOT_REQUESTED
UNONLOCAL_ONLY,447,0.200375,11.842663999999999,0.00090799999999999995,0,0,0.028844000000000002,13.817221999999999,1,BELOW_TRIGGER,NORMAL_UPDATE,DISABLED_NOT_IMPLEMENTED,0,NOT_REQUESTED
UNONLOCAL_ONLY,448,0.20519399999999999,10.675473999999999,0.001467,0,0,0.026190999999999999,12.576140000000001,1,BELOW_TRIGGER,NORMAL_UPDATE,DISABLED_NOT_IMPLEMENTED,0,NOT_REQUESTED
UNONLOCAL_ONLY,449,0.19841900000000001,10.749926,0.00090799999999999995,0,0,0.025073000000000002,12.714494999999999,1,BELOW_TRIGGER,NORMAL_UPDATE,DISABLED_NOT_IMPLEMENTED,0,NOT_REQUESTED
UNONLOCAL_ONLY,450,0.19842000000000001,11.171628,0.001467,0,24.489692999999999,0.030521,37.589644,3,HIGH_NORMALIZED_INNOVATION,DIRECTIONAL_UPDATE,DISABLED_NOT_IMPLEMENTED,0,NOT_REQUESTED
UNONLOCAL_ONLY,451,0.19855900000000001,11.660657,0.00097799999999999992,0,0,0.029054,13.687595999999999,1,BELOW_TRIGGER,NORMAL_UPDATE,DISABLED_NOT_IMPLEMENTED,0,NOT_REQUESTED
UNONLOCAL_ONLY,452,0.19939799999999999,15.534623,0.00090799999999999995,0,0,0.027657000000000001,17.46951,1,BELOW_TRIGGER,NORMAL_UPDATE,DISABLED_NOT_IMPLEMENTED,0,NOT_REQUESTED
UNONLOCAL_ONLY,453,0.19855900000000001,8.2400339999999996,0.000977,0,0,0.024305,10.188401000000001,1,BELOW_TRIGGER,NORMAL_UPDATE,DISABLED_NOT_IMPLEMENTED,0,NOT_REQUESTED
UNONLOCAL_ONLY,454,0.204287,10.769970000000001,0.001467,0,0,0.027865999999999998,12.89287,1,BELOW_TRIGGER,NORMAL_UPDATE,DISABLED_NOT_IMPLEMENTED,0,NOT_REQUESTED
UNONLOCAL_ONLY,455,0.199188,11.468035,0.0014660000000000001,0,0,0.029054,13.379595,1,BELOW_TRIGGER,NORMAL_UPDATE,DISABLED_NOT_IMPLEMENTED,0,NOT_REQUESTED
UNONLOCAL_ONLY,456,0.19583500000000001,9.5720489999999998,0.0014660000000000001,0,0,0.025212999999999999,11.509380999999999,1,BELOW_TRIGGER,NORMAL_UPDATE,DISABLED_NOT_IMPLEMENTED,0,NOT_REQUESTED
UNONLOCAL_ONLY,457,0.19751099999999999,22.095039,0.0014660000000000001,0,0,0.035340000000000003,24.083984000000001,1,BELOW_TRIGGER,NORMAL_UPDATE,DISABLED_NOT_IMPLEMENTED,0,NOT_REQUESTED
UNONLOCAL_ONLY,458,0.300039,14.446144,0.001885,0,29.635960000000001,0.031917000000000001,46.392040000000001,3,HIGH_NORMALIZED_INNOVATION,DIRECTIONAL_UPDATE,DISABLED_NOT_IMPLEMENTED,0,NOT_REQUESTED
UNONLOCAL_ONLY,459,0.20924499999999999,14.290118,0.0018860000000000001,0,0,0.025842,16.233946,1,BELOW_TRIGGER,NORMAL_UPDATE,DISABLED_NOT_IMPLEMENTED,0,NOT_REQUESTED
UNONLOCAL_ONLY,460,0.20694000000000001,15.817411,0.001467,0,24.729109999999999,0.030032,42.526316999999999,3,HIGH_NORMALIZED_INNOVATION,CAUTIOUS_UPDATE,DISABLED_NOT_IMPLEMENTED,0,NOT_REQUESTED
UNONLOCAL_ONLY,461,0.19779099999999999,9.0844159999999992,0.00097799999999999992,0,0,0.027657000000000001,11.243354999999999,1,BELOW_TRIGGER,NORMAL_UPDATE,DISABLED_NOT_IMPLEMENTED,0,NOT_REQUESTED
UNONLOCAL_ONLY,462,0.19932800000000001,7.273288,0.001397,0,0,0.024864000000000001,9.1912739999999999,1,BELOW_TRIGGER,NORMAL_UPDATE,DISABLED_NOT_IMPLEMENTED,0,NOT_REQUESTED
UNONLOCAL_ONLY,463,0.19681299999999999,6.8981700000000004,0.001467,0,0,0.022768,8.8061679999999996,1,BELOW_TRIGGER,NORMAL_UPDATE,DISABLED_NOT_IMPLEMENTED,0,NOT_REQUESTED
UNONLOCAL_ONLY,464,0.195137,9.8086020000000005,0.00097799999999999992,0,0,0.025770999999999999,11.751103000000001,1,BELOW_TRIGGER,NORMAL_UPDATE,DISABLED_NOT_IMPLEMENTED,0,NOT_REQUESTED
UNONLOCAL_ONLY,465,0.20694000000000001,13.339366999999999,0.000977,0,0,0.027378,15.28487,1,BELOW_TRIGGER,NORMAL_UPDATE,DISABLED_NOT_IMPLEMENTED,0,NOT_REQUESTED
UNONLOCAL_ONLY,466,0.20016500000000001,8.2848009999999999,0.0018159999999999999,0,0,0.022908000000000001,10.171428000000001,1,BELOW_TRIGGER,NORMAL_UPDATE,DISABLED_NOT_IMPLEMENTED,0,NOT_REQUESTED
UNONLOCAL_ONLY,467,0.194439,15.694070999999999,0.001397,0,0,0.063346,18.027612999999999,1,BELOW_TRIGGER,NORMAL_UPDATE,DISABLED_NOT_IMPLEMENTED,0,NOT_REQUESTED
UNONLOCAL_ONLY,468,0.3483,15.036025,0.000977,0,0,0.060623000000000003,18.194534000000001,1,BELOW_TRIGGER,NORMAL_UPDATE,DISABLED_NOT_IMPLEMENTED,0,NOT_REQUESTED
UNONLOCAL_ONLY,469,0.35800700000000002,12.478362000000001,0.00090799999999999995,0,0,0.035270000000000003,15.534274,1,BELOW_TRIGGER,NORMAL_UPDATE,DISABLED_NOT_IMPLEMENTED,0,NOT_REQUESTED
UNONLOCAL_ONLY,470,0.21245800000000001,9.4653320000000001,0.00090799999999999995,0,0,0.027657999999999999,11.489127999999999,1,BELOW_TRIGGER,NORMAL_UPDATE,DISABLED_NOT_IMPLEMENTED,0,NOT_REQUESTED
UNONLOCAL_ONLY,471,0.207568,9.1521629999999998,0.001397,0,0,0.027168000000000001,11.076783000000001,1,BELOW_TRIGGER,NORMAL_UPDATE,DISABLED_NOT_IMPLEMENTED,0,NOT_REQUESTED
UNONLOCAL_ONLY,472,0.19534699999999999,10.532859,0.00090700000000000004,0,0,0.028146000000000001,12.375833999999999,1,BELOW_TRIGGER,NORMAL_UPDATE,DISABLED_NOT_IMPLEMENTED,0,NOT_REQUESTED
UNONLOCAL_ONLY,473,0.196604,7.4893070000000002,0.0014660000000000001,0,0,0.046164999999999998,9.3178959999999993,1,BELOW_TRIGGER,NORMAL_UPDATE,DISABLED_NOT_IMPLEMENTED,0,NOT_REQUESTED
UNONLOCAL_ONLY,474,0.194159,9.3987730000000003,0.001397,0,0,0.024863,11.215279000000001,1,BELOW_TRIGGER,NORMAL_UPDATE,DISABLED_NOT_IMPLEMENTED,0,NOT_REQUESTED
UNONLOCAL_ONLY,475,0.19653399999999999,10.839043999999999,0.001397,0,27.722165,0.031918000000000002,40.485829000000003,3,PERIODIC_CHECK,DIRECTIONAL_UPDATE,DISABLED_NOT_IMPLEMENTED,0,NOT_REQUESTED
UNONLOCAL_ONLY,476,0.19842000000000001,7.6753660000000004,0.00097799999999999992,0,0,0.025352,9.6013830000000002,1,BELOW_TRIGGER,NORMAL_UPDATE,DISABLED_NOT_IMPLEMENTED,0,NOT_REQUESTED
UNONLOCAL_ONLY,477,0.212947,8.8496790000000001,0.000977,0,0,0.023257,10.76117,1,BELOW_TRIGGER,NORMAL_UPDATE,DISABLED_NOT_IMPLEMENTED,0,NOT_REQUESTED
UNONLOCAL_ONLY,478,0.194718,11.396587,0.001397,0,0,0.028494999999999999,13.265544999999999,1,BELOW_TRIGGER,NORMAL_UPDATE,DISABLED_NOT_IMPLEMENTED,0,NOT_REQUESTED
UNONLOCAL_ONLY,479,0.203518,10.153619000000001,0.001397,0,0,0.028076,12.000437,1,BELOW_TRIGGER,NORMAL_UPDATE,DISABLED_NOT_IMPLEMENTED,0,NOT_REQUESTED
UNONLOCAL_ONLY,480,0.20624100000000001,10.071275999999999,0.0013960000000000001,0,0,0.025283,11.939954,1,BELOW_TRIGGER,NORMAL_UPDATE,DISABLED_NOT_IMPLEMENTED,0,NOT_REQUESTED
UNONLOCAL_ONLY,481,0.20449600000000001,7.9894420000000004,0.001397,0,0,0.022629,9.8741129999999995,1,BELOW_TRIGGER,NORMAL_UPDATE,DISABLED_NOT_IMPLEMENTED,0,NOT_REQUESTED
UNONLOCAL_ONLY,482,0.19464899999999999,7.3029010000000003,0.001467,0,0,0.028077000000000001,9.1258320000000008,1,BELOW_TRIGGER,NORMAL_UPDATE,DISABLED_NOT_IMPLEMENTED,0,NOT_REQUESTED
UNONLOCAL_ONLY,483,0.20687,7.3180560000000003,0.001397,0,0,0.030032,9.1950450000000004,1,BELOW_TRIGGER,NORMAL_UPDATE,DISABLED_NOT_IMPLEMENTED,0,NOT_REQUESTED
UNONLOCAL_ONLY,484,0.19367000000000001,6.4934390000000004,0.001397,0,0,0.026539,8.2944399999999998,1,BELOW_TRIGGER,NORMAL_UPDATE,DISABLED_NOT_IMPLEMENTED,0,NOT_REQUESTED
UNONLOCAL_ONLY,485,0.19723199999999999,13.991616,0.00090700000000000004,0,19.694659000000001,0.030450999999999999,35.583587999999999,3,HIGH_NORMALIZED_INNOVATION,CAUTIOUS_UPDATE,DISABLED_NOT_IMPLEMENTED,0,NOT_REQUESTED
UNONLOCAL_ONLY,486,0.20379700000000001,5.7874119999999998,0.001467,0,0,0.022838000000000001,7.6317839999999997,1,BELOW_TRIGGER,NORMAL_UPDATE,DISABLED_NOT_IMPLEMENTED,0,NOT_REQUESTED
UNONLOCAL_ONLY,487,0.19436899999999999,7.1375159999999997,0.00090799999999999995,0,0,0.026190000000000001,8.9508100000000006,1,BELOW_TRIGGER,NORMAL_UPDATE,DISABLED_NOT_IMPLEMENTED,0,NOT_REQUESTED
UNONLOCAL_ONLY,488,0.20296,12.614832,0.00090799999999999995,0,26.064966999999999,0.052519999999999997,40.575854,3,HIGH_NORMALIZED_INNOVATION,CAUTIOUS_UPDATE,DISABLED_NOT_IMPLEMENTED,0,NOT_REQUESTED
UNONLOCAL_ONLY,489,0.25471199999999999,6.6471600000000004,0.001467,0,0,0.027657000000000001,8.9123970000000003,1,BELOW_TRIGGER,NORMAL_UPDATE,DISABLED_NOT_IMPLEMENTED,0,NOT_REQUESTED
UNONLOCAL_ONLY,490,0.18626799999999999,7.8819559999999997,0.00097799999999999992,0,16.966583,0.057758999999999998,26.654078999999999,3,HIGH_NORMALIZED_INNOVATION,DIRECTIONAL_UPDATE,DISABLED_NOT_IMPLEMENTED,0,NOT_REQUESTED
UNONLOCAL_ONLY,491,0.201353,9.2616739999999993,0.001397,0,20.096945999999999,0.062507999999999994,31.376339000000002,3,HIGH_NORMALIZED_INNOVATION,DIRECTIONAL_UPDATE,DISABLED_NOT_IMPLEMENTED,0,NOT_REQUESTED
UNONLOCAL_ONLY,492,0.202121,5.979336,0.001467,0,0,0.029194000000000001,7.8512959999999996,1,BELOW_TRIGGER,NORMAL_UPDATE,DISABLED_NOT_IMPLEMENTED,0,NOT_REQUESTED
UNONLOCAL_ONLY,493,0.19828000000000001,8.6419709999999998,0.0014660000000000001,0,0,0.060063999999999999,10.591036000000001,1,BELOW_TRIGGER,NORMAL_UPDATE,DISABLED_NOT_IMPLEMENTED,0,NOT_REQUESTED
UNONLOCAL_ONLY,494,0.213226,7.8260129999999997,0.0013960000000000001,0,16.383965,0.031498999999999999,26.169658999999999,3,HIGH_NORMALIZED_INNOVATION,CAUTIOUS_UPDATE,DISABLED_NOT_IMPLEMENTED,0,NOT_REQUESTED
UNONLOCAL_ONLY,495,0.19800100000000001,6.6065820000000004,0.000977,0,0,0.036108000000000001,8.4580090000000006,1,BELOW_TRIGGER,NORMAL_UPDATE,DISABLED_NOT_IMPLEMENTED,0,NOT_REQUESTED
UNONLOCAL_ONLY,496,0.20184099999999999,13.898517999999999,0.0018860000000000001,0,23.912244999999999,0.033804000000000001,39.695991999999997,3,HIGH_NORMALIZED_INNOVATION,DIRECTIONAL_UPDATE,DISABLED_NOT_IMPLEMENTED,0,NOT_REQUESTED
UNONLOCAL_ONLY,497,0.19911799999999999,6.7505940000000004,0.00097799999999999992,0,20.486450999999999,0.032127000000000003,29.174237999999999,3,HIGH_NORMALIZED_INNOVATION,DIRECTIONAL_UPDATE,DISABLED_NOT_IMPLEMENTED,0,NOT_REQUESTED
UNONLOCAL_ONLY,498,0.20030500000000001,13.531221,0.001467,0,23.556681000000001,0.031708,39.020485000000001,3,HIGH_NORMALIZED_INNOVATION,DIRECTIONAL_UPDATE,DISABLED_NOT_IMPLEMENTED,0,NOT_REQUESTED
UNONLOCAL_ONLY,499,0.199048,6.7123220000000003,0.00097799999999999992,0,0,0.025701999999999999,8.5143009999999997,1,BELOW_TRIGGER,NORMAL_UPDATE,DISABLED_NOT_IMPLEMENTED,0,NOT_REQUESTED
UNONLOCAL_ONLY,500,0.211899,6.6757949999999999,0.00097799999999999992,0,18.211995000000002,0.032965000000000001,26.729717000000001,3,PERIODIC_CHECK,DIRECTIONAL_UPDATE,DISABLED_NOT_IMPLEMENTED,0,NOT_REQUESTED
UNONLOCAL_ONLY,501,0.19925799999999999,10.395339999999999,0.001467,0,0,0.030870000000000002,12.221555,1,BELOW_TRIGGER,NORMAL_UPDATE,DISABLED_NOT_IMPLEMENTED,0,NOT_REQUESTED
UNONLOCAL_ONLY,502,0.19653300000000001,7.1495990000000003,0.001397,0,0,0.030030999999999999,8.9265749999999997,1,BELOW_TRIGGER,NORMAL_UPDATE,DISABLED_NOT_IMPLEMENTED,0,NOT_REQUESTED
UNONLOCAL_ONLY,503,0.19939699999999999,20.616287,0.001397,0,43.578617000000001,0.034851,66.086769000000004,3,HIGH_NORMALIZED_INNOVATION,DIRECTIONAL_UPDATE,DISABLED_NOT_IMPLEMENTED,0,NOT_REQUESTED
UNONLOCAL_ONLY,504,0.190807,10.906300999999999,0.0014660000000000001,0,23.184007000000001,0.032896000000000002,35.923506000000003,3,HIGH_NORMALIZED_INNOVATION,DIRECTIONAL_UPDATE,DISABLED_NOT_IMPLEMENTED,0,NOT_REQUESTED
UNONLOCAL_ONLY,505,0.199048,9.7065640000000002,0.0014660000000000001,0,18.530681999999999,0.04854,30.080431999999998,3,HIGH_NORMALIZED_INNOVATION,DIRECTIONAL_UPDATE,DISABLED_NOT_IMPLEMENTED,0,NOT_REQUESTED
UNONLOCAL_ONLY,506,0.21287700000000001,9.0043780000000009,0.001467,0,17.474678999999998,0.031009999999999999,28.355836,3,HIGH_NORMALIZED_INNOVATION,DIRECTIONAL_UPDATE,DISABLED_NOT_IMPLEMENTED,0,NOT_REQUESTED
UNONLOCAL_ONLY,507,0.199188,6.9150710000000002,0.000977,0,16.030078,0.031848000000000001,24.697541000000001,3,HIGH_NORMALIZED_INNOVATION,DIRECTIONAL_UPDATE,DISABLED_NOT_IMPLEMENTED,0,NOT_REQUESTED
UNONLOCAL_ONLY,508,0.19751199999999999,5.3209400000000002,0.001467,0,12.094023999999999,0.026539,19.183558999999999,3,HIGH_NORMALIZED_INNOVATION,DIRECTIONAL_UPDATE,DISABLED_NOT_IMPLEMENTED,0,NOT_REQUESTED
UNONLOCAL_ONLY,509,0.19960700000000001,8.1894679999999997,0.001397,0,0,0.023885,9.9146920000000005,1,BELOW_TRIGGER,NORMAL_UPDATE,DISABLED_NOT_IMPLEMENTED,0,NOT_REQUESTED
UNONLOCAL_ONLY,510,0.212668,11.2942,0.00097799999999999992,0,0,0.026679999999999999,12.913753,1,BELOW_TRIGGER,NORMAL_UPDATE,DISABLED_NOT_IMPLEMENTED,0,NOT_REQUESTED
UNONLOCAL_ONLY,511,0.194858,9.0438379999999992,0.0014660000000000001,0,0,0.026679000000000001,10.605003999999999,1,BELOW_TRIGGER,NORMAL_UPDATE,DISABLED_NOT_IMPLEMENTED,0,NOT_REQUESTED
UNONLOCAL_ONLY,512,0.20491500000000001,9.9373199999999997,0.001397,0,0,0.025283,11.494854999999999,1,BELOW_TRIGGER,NORMAL_UPDATE,DISABLED_NOT_IMPLEMENTED,0,NOT_REQUESTED
UNONLOCAL_ONLY,513,0.18689500000000001,10.114717000000001,0.001467,0,0,0.024305,11.615539999999999,1,BELOW_TRIGGER,NORMAL_UPDATE,DISABLED_NOT_IMPLEMENTED,0,NOT_REQUESTED
UNONLOCAL_ONLY,514,0.19541600000000001,13.413399,0.00097799999999999992,0,0,0.026190999999999999,14.918901,1,BELOW_TRIGGER,NORMAL_UPDATE,DISABLED_NOT_IMPLEMENTED,0,NOT_REQUESTED
UNONLOCAL_ONLY,515,0.199188,7.8618420000000002,0.001467,0,0,0.031009999999999999,9.4110639999999997,1,BELOW_TRIGGER,NORMAL_UPDATE,DISABLED_NOT_IMPLEMENTED,0,NOT_REQUESTED
UNONLOCAL_ONLY,516,0.19541600000000001,12.270443,0.001397,0,20.587582000000001,0.032475999999999998,34.469825999999998,3,HIGH_NORMALIZED_INNOVATION,DIRECTIONAL_UPDATE,DISABLED_NOT_IMPLEMENTED,0,NOT_REQUESTED
UNONLOCAL_ONLY,517,0.19800000000000001,7.9214869999999999,0.0013960000000000001,0,0,0.023257,9.4821629999999999,1,BELOW_TRIGGER,NORMAL_UPDATE,DISABLED_NOT_IMPLEMENTED,0,NOT_REQUESTED
UNONLOCAL_ONLY,518,0.205125,8.8237679999999994,0.0013960000000000001,0,18.262001000000001,0.031008999999999998,28.719989999999999,3,HIGH_NORMALIZED_INNOVATION,DIRECTIONAL_UPDATE,DISABLED_NOT_IMPLEMENTED,0,NOT_REQUESTED
UNONLOCAL_ONLY,519,0.19800000000000001,9.0491469999999996,0.0013960000000000001,0,0,0.024723999999999999,10.704529000000001,1,BELOW_TRIGGER,NORMAL_UPDATE,DISABLED_NOT_IMPLEMENTED,0,NOT_REQUESTED
UNONLOCAL_ONLY,520,0.19828000000000001,8.3855129999999996,0.0013960000000000001,0,17.603746000000001,0.029961999999999999,27.786767999999999,3,HIGH_NORMALIZED_INNOVATION,DIRECTIONAL_UPDATE,DISABLED_NOT_IMPLEMENTED,0,NOT_REQUESTED
UNONLOCAL_ONLY,521,0.19667299999999999,7.4065459999999996,0.00097799999999999992,0,0,0.023327000000000001,9.1294640000000005,1,BELOW_TRIGGER,NORMAL_UPDATE,DISABLED_NOT_IMPLEMENTED,0,NOT_REQUESTED
UNONLOCAL_ONLY,522,0.19562599999999999,5.5281599999999997,0.001467,0,0,0.022838000000000001,7.1925520000000001,1,BELOW_TRIGGER,NORMAL_UPDATE,DISABLED_NOT_IMPLEMENTED,0,NOT_REQUESTED
UNONLOCAL_ONLY,523,0.20533399999999999,14.649383,0.001397,0,30.64461,0.030519999999999999,47.027248,3,HIGH_NORMALIZED_INNOVATION,DIRECTIONAL_UPDATE,DISABLED_NOT_IMPLEMENTED,0,NOT_REQUESTED
UNONLOCAL_ONLY,524,0.19765099999999999,8.9468979999999991,0.0019559999999999998,0,0,0.024164999999999999,10.643697,1,BELOW_TRIGGER,NORMAL_UPDATE,DISABLED_NOT_IMPLEMENTED,0,NOT_REQUESTED
UNONLOCAL_ONLY,525,0.19625500000000001,6.3656280000000001,0.001467,0,16.721788,0.029054,24.786100000000001,3,PERIODIC_CHECK,DIRECTIONAL_UPDATE,DISABLED_NOT_IMPLEMENTED,0,NOT_REQUESTED
UNONLOCAL_ONLY,526,0.196604,6.9570460000000001,0.001397,0,0,0.024235,8.6973559999999992,1,BELOW_TRIGGER,NORMAL_UPDATE,DISABLED_NOT_IMPLEMENTED,0,NOT_REQUESTED
UNONLOCAL_ONLY,527,0.194439,7.5845719999999996,0.001467,0,0,0.022629,9.2405120000000007,1,BELOW_TRIGGER,NORMAL_UPDATE,DISABLED_NOT_IMPLEMENTED,0,NOT_REQUESTED
UNONLOCAL_ONLY,528,0.194159,6.1255139999999999,0.001397,0,0,0.024445000000000001,7.8400509999999999,1,BELOW_TRIGGER,NORMAL_UPDATE,DISABLED_NOT_IMPLEMENTED,0,NOT_REQUESTED
UNONLOCAL_ONLY,529,0.20589299999999999,16.138472,0.00090799999999999995,0,19.621535000000002,0.031988000000000003,37.498221999999998,3,HIGH_NORMALIZED_INNOVATION,CAUTIOUS_UPDATE,DISABLED_NOT_IMPLEMENTED,0,NOT_REQUESTED
UNONLOCAL_ONLY,530,0.19779099999999999,5.3009659999999998,0.001467,0,0,0.028146000000000001,7.021649,1,BELOW_TRIGGER,NORMAL_UPDATE,DISABLED_NOT_IMPLEMENTED,0,NOT_REQUESTED
UNONLOCAL_ONLY,531,0.19611500000000001,6.1748219999999998,0.00097799999999999992,0,0,0.032405999999999997,7.9429980000000002,1,BELOW_TRIGGER,NORMAL_UPDATE,DISABLED_NOT_IMPLEMENTED,0,NOT_REQUESTED
UNONLOCAL_ONLY,532,0.201213,5.3393790000000001,0.001467,0,0,0.022488999999999999,7.0863230000000001,1,BELOW_TRIGGER,NORMAL_UPDATE,DISABLED_NOT_IMPLEMENTED,0,NOT_REQUESTED
UNONLOCAL_ONLY,533,0.195137,9.4283850000000005,0.000977,0,0,0.027168000000000001,11.120155,1,BELOW_TRIGGER,NORMAL_UPDATE,DISABLED_NOT_IMPLEMENTED,0,NOT_REQUESTED
UNONLOCAL_ONLY,534,0.19625400000000001,5.3441280000000004,0.00097799999999999992,0,0,0.025142999999999999,7.0603410000000002,1,BELOW_TRIGGER,NORMAL_UPDATE,DISABLED_NOT_IMPLEMENTED,0,NOT_REQUESTED
UNONLOCAL_ONLY,535,0.209315,7.6085269999999996,0.00097799999999999992,0,0,0.027727000000000002,9.3155909999999995,1,BELOW_TRIGGER,NORMAL_UPDATE,DISABLED_NOT_IMPLEMENTED,0,NOT_REQUESTED
UNONLOCAL_ONLY,536,0.19464799999999999,7.6199810000000001,0.00097799999999999992,0,0,0.024305,9.3269760000000002,1,BELOW_TRIGGER,NORMAL_UPDATE,DISABLED_NOT_IMPLEMENTED,0,NOT_REQUESTED
UNONLOCAL_ONLY,537,0.200934,6.0201229999999999,0.0014660000000000001,0,0,0.021580999999999999,7.7440199999999999,1,BELOW_TRIGGER,NORMAL_UPDATE,DISABLED_NOT_IMPLEMENTED,0,NOT_REQUESTED
UNONLOCAL_ONLY,538,0.19492699999999999,9.2883530000000007,0.001397,0,20.633468000000001,0.030311000000000001,31.674351999999999,3,HIGH_NORMALIZED_INNOVATION,DIRECTIONAL_UPDATE,DISABLED_NOT_IMPLEMENTED,0,NOT_REQUESTED
UNONLOCAL_ONLY,539,0.194439,10.930256,0.0019550000000000001,0,23.855672999999999,0.030521,36.574916999999999,3,HIGH_NORMALIZED_INNOVATION,DIRECTIONAL_UPDATE,DISABLED_NOT_IMPLEMENTED,0,NOT_REQUESTED
UNONLOCAL_ONLY,540,0.19583600000000001,9.7468629999999994,0.001397,0,16.320060000000002,0.030032,27.852768000000001,3,HIGH_NORMALIZED_INNOVATION,DIRECTIONAL_UPDATE,DISABLED_NOT_IMPLEMENTED,0,NOT_REQUESTED
UNONLOCAL_ONLY,541,0.20638200000000001,3.308389,0.010965000000000001,0,0,0.027657999999999999,5.1337659999999996,1,BELOW_TRIGGER,NORMAL_UPDATE,DISABLED_NOT_IMPLEMENTED,0,NOT_REQUESTED
UNONLOCAL_ONLY,542,0.19855900000000001,7.7755179999999999,0.0013960000000000001,0,16.003748000000002,0.033873,25.620705999999998,3,HIGH_NORMALIZED_INNOVATION,DIRECTIONAL_UPDATE,DISABLED_NOT_IMPLEMENTED,0,NOT_REQUESTED
UNONLOCAL_ONLY,543,0.21301600000000001,11.837496,0.00090700000000000004,0,23.496897000000001,0.035968,37.338354000000002,3,HIGH_NORMALIZED_INNOVATION,DIRECTIONAL_UPDATE,DISABLED_NOT_IMPLEMENTED,0,NOT_REQUESTED
UNONLOCAL_ONLY,544,0.21266699999999999,13.563696999999999,0.001397,0,27.798919999999999,0.034851,43.358547000000002,3,HIGH_NORMALIZED_INNOVATION,DIRECTIONAL_UPDATE,DISABLED_NOT_IMPLEMENTED,0,NOT_REQUESTED
UNONLOCAL_ONLY,545,0.21022299999999999,14.767834000000001,0.0018860000000000001,0,32.913200000000003,0.035688999999999999,49.642460999999997,3,HIGH_NORMALIZED_INNOVATION,DIRECTIONAL_UPDATE,DISABLED_NOT_IMPLEMENTED,0,NOT_REQUESTED
UNONLOCAL_ONLY,546,0.21476300000000001,15.035117,0.000977,0,31.122814999999999,0.038552000000000003,48.222304999999999,3,HIGH_NORMALIZED_INNOVATION,DIRECTIONAL_UPDATE,DISABLED_NOT_IMPLEMENTED,0,NOT_REQUESTED
UNONLOCAL_ONLY,547,0.26721400000000001,21.588339999999999,0.001397,0,27.614470000000001,0.048819000000000001,51.650193000000002,3,HIGH_NORMALIZED_INNOVATION,CAUTIOUS_UPDATE,DISABLED_NOT_IMPLEMENTED,0,NOT_REQUESTED
UNONLOCAL_ONLY,548,0.209315,12.006792000000001,0.001467,0,40.185299999999998,0.033175000000000003,54.115665999999997,3,HIGH_NORMALIZED_INNOVATION,CAUTIOUS_UPDATE,DISABLED_NOT_IMPLEMENTED,0,NOT_REQUESTED
UNONLOCAL_ONLY,549,0.207569,15.320349,0.00090799999999999995,0,35.856667999999999,0.033175000000000003,53.099682999999999,3,HIGH_NORMALIZED_INNOVATION,CAUTIOUS_UPDATE,DISABLED_NOT_IMPLEMENTED,0,NOT_REQUESTED
UNONLOCAL_ONLY,550,0.207429,24.752786,0.00090799999999999995,0,49.670817,0.035270000000000003,76.379442999999995,3,HIGH_NORMALIZED_INNOVATION,DIRECTIONAL_UPDATE,DISABLED_NOT_IMPLEMENTED,0,NOT_REQUESTED
UNONLOCAL_ONLY,551,0.20854700000000001,24.153407000000001,0.000977,0,40.275536000000002,0.051333999999999998,66.488007999999994,3,HIGH_NORMALIZED_INNOVATION,DIRECTIONAL_UPDATE,DISABLED_NOT_IMPLEMENTED,0,NOT_REQUESTED
UNONLOCAL_ONLY,552,0.221049,14.419674000000001,0.00090700000000000004,0,31.858733999999998,0.029822000000000001,48.244444000000001,3,HIGH_NORMALIZED_INNOVATION,CAUTIOUS_UPDATE,DISABLED_NOT_IMPLEMENTED,0,NOT_REQUESTED
UNONLOCAL_ONLY,553,0.18892100000000001,21.183119999999999,0.00097799999999999992,0,26.853546000000001,0.033175000000000003,49.854430000000001,3,HIGH_NORMALIZED_INNOVATION,CAUTIOUS_UPDATE,DISABLED_NOT_IMPLEMENTED,0,NOT_REQUESTED
UNONLOCAL_ONLY,554,0.20777799999999999,24.936119999999999,0.0019550000000000001,0,31.419362,0.030030999999999999,58.295955999999997,3,HIGH_NORMALIZED_INNOVATION,CAUTIOUS_UPDATE,DISABLED_NOT_IMPLEMENTED,0,NOT_REQUESTED
UNONLOCAL_ONLY,555,0.190109,20.785722,0.001467,0,26.860949999999999,0.032896000000000002,49.535463999999997,3,HIGH_NORMALIZED_INNOVATION,CAUTIOUS_UPDATE,DISABLED_NOT_IMPLEMENTED,0,NOT_REQUESTED
UNONLOCAL_ONLY,556,0.208617,23.203982,0.001397,0,23.383474,0.031917000000000001,48.545602000000002,3,HIGH_NORMALIZED_INNOVATION,CAUTIOUS_UPDATE,DISABLED_NOT_IMPLEMENTED,0,NOT_REQUESTED
UNONLOCAL_ONLY,557,0.20735899999999999,14.318892999999999,0.0013960000000000001,0,34.146599999999999,0.032475999999999998,50.299039999999998,3,HIGH_NORMALIZED_INNOVATION,DIRECTIONAL_UPDATE,DISABLED_NOT_IMPLEMENTED,0,NOT_REQUESTED
UNONLOCAL_ONLY,558,0.20791799999999999,11.415514,0.001467,0,20.868973,0.033383999999999997,34.112586999999998,3,HIGH_NORMALIZED_INNOVATION,DIRECTIONAL_UPDATE,DISABLED_NOT_IMPLEMENTED,0,NOT_REQUESTED
UNONLOCAL_ONLY,559,0.20980399999999999,10.733862,0.001397,0,21.888936999999999,0.032476999999999999,34.507050999999997,3,HIGH_NORMALIZED_INNOVATION,DIRECTIONAL_UPDATE,DISABLED_NOT_IMPLEMENTED,0,NOT_REQUESTED
UNONLOCAL_ONLY,560,0.21029200000000001,6.456423,0.00090799999999999995,0,18.483537999999999,0.030519999999999999,26.876315000000002,3,HIGH_NORMALIZED_INNOVATION,DIRECTIONAL_UPDATE,DISABLED_NOT_IMPLEMENTED,0,NOT_REQUESTED
UNONLOCAL_ONLY,561,0.20393700000000001,7.1024560000000001,0.00090799999999999995,0,13.558109999999999,0.03073,22.535739,3,HIGH_NORMALIZED_INNOVATION,DIRECTIONAL_UPDATE,DISABLED_NOT_IMPLEMENTED,0,NOT_REQUESTED
UNONLOCAL_ONLY,562,0.20763899999999999,8.2132839999999998,0.00097799999999999992,0,17.70299,0.032547,27.758133000000001,3,HIGH_NORMALIZED_INNOVATION,DIRECTIONAL_UPDATE,DISABLED_NOT_IMPLEMENTED,0,NOT_REQUESTED
UNONLOCAL_ONLY,563,0.20882600000000001,7.3771420000000001,0.001467,0,15.417918,0.032197000000000003,24.765846,3,HIGH_NORMALIZED_INNOVATION,DIRECTIONAL_UPDATE,DISABLED_NOT_IMPLEMENTED,0,NOT_REQUESTED
UNONLOCAL_ONLY,564,0.219023,7.5094919999999998,0.0014660000000000001,0,15.476305999999999,0.029822999999999999,24.847142000000002,3,HIGH_NORMALIZED_INNOVATION,DIRECTIONAL_UPDATE,DISABLED_NOT_IMPLEMENTED,0,NOT_REQUESTED
UNONLOCAL_ONLY,565,0.20980399999999999,7.5852000000000004,0.0014660000000000001,0,12.002392,0.032895000000000001,21.540078999999999,3,HIGH_NORMALIZED_INNOVATION,DIRECTIONAL_UPDATE,DISABLED_NOT_IMPLEMENTED,0,NOT_REQUESTED
UNONLOCAL_ONLY,566,0.21846399999999999,15.119834000000001,0.00090799999999999995,0,30.013871999999999,0.033803,46.951191000000001,3,HIGH_NORMALIZED_INNOVATION,DIRECTIONAL_UPDATE,DISABLED_NOT_IMPLEMENTED,0,NOT_REQUESTED
UNONLOCAL_ONLY,567,0.28669899999999998,15.190794,0.0024450000000000001,0,31.912931,0.070051000000000002,49.308478999999998,3,HIGH_NORMALIZED_INNOVATION,DIRECTIONAL_UPDATE,DISABLED_NOT_IMPLEMENTED,0,NOT_REQUESTED
UNONLOCAL_ONLY,568,0.21343599999999999,9.3375210000000006,0.001467,0,18.698022000000002,0.033384999999999998,29.871466000000002,3,HIGH_NORMALIZED_INNOVATION,DIRECTIONAL_UPDATE,DISABLED_NOT_IMPLEMENTED,0,NOT_REQUESTED
UNONLOCAL_ONLY,569,0.207848,16.383406000000001,0.001397,0,29.501795000000001,0.030521,47.727898000000003,3,HIGH_NORMALIZED_INNOVATION,DIRECTIONAL_UPDATE,DISABLED_NOT_IMPLEMENTED,0,NOT_REQUESTED
UNONLOCAL_ONLY,570,0.215531,7.5374980000000003,0.001467,0,16.927541000000002,0.046234999999999998,26.288809000000001,3,HIGH_NORMALIZED_INNOVATION,DIRECTIONAL_UPDATE,DISABLED_NOT_IMPLEMENTED,0,NOT_REQUESTED
UNONLOCAL_ONLY,571,0.208617,15.367213,0.001397,0,30.389899,0.031987000000000002,47.642690999999999,3,HIGH_NORMALIZED_INNOVATION,DIRECTIONAL_UPDATE,DISABLED_NOT_IMPLEMENTED,0,NOT_REQUESTED
UNONLOCAL_ONLY,572,0.25017200000000001,14.586456,0.00097799999999999992,0,31.321722999999999,0.042393,47.874983999999998,3,HIGH_NORMALIZED_INNOVATION,DIRECTIONAL_UPDATE,DISABLED_NOT_IMPLEMENTED,0,NOT_REQUESTED
UNONLOCAL_ONLY,573,0.24940399999999999,13.073060999999999,0.001397,0,25.138100999999999,0.058178000000000001,40.496305,3,HIGH_NORMALIZED_INNOVATION,DIRECTIONAL_UPDATE,DISABLED_NOT_IMPLEMENTED,0,NOT_REQUESTED
UNONLOCAL_ONLY,574,0.20379700000000001,8.3645600000000009,0.001397,0,17.197617000000001,0.035130000000000002,27.376031000000001,3,HIGH_NORMALIZED_INNOVATION,DIRECTIONAL_UPDATE,DISABLED_NOT_IMPLEMENTED,0,NOT_REQUESTED
UNONLOCAL_ONLY,575,0.215251,6.1109169999999997,0.001397,0,12.717359,0.026259999999999999,20.663779000000002,3,HIGH_NORMALIZED_INNOVATION,DIRECTIONAL_UPDATE,DISABLED_NOT_IMPLEMENTED,0,NOT_REQUESTED
UNONLOCAL_ONLY,576,0.211759,7.976801,0.0014660000000000001,0,17.114995,0.060062999999999998,27.045819999999999,3,HIGH_NORMALIZED_INNOVATION,DIRECTIONAL_UPDATE,DISABLED_NOT_IMPLEMENTED,0,NOT_REQUESTED
UNONLOCAL_ONLY,577,0.221886,13.135847999999999,0.000977,0,26.159672,0.032895000000000001,41.199539000000001,3,HIGH_NORMALIZED_INNOVATION,DIRECTIONAL_UPDATE,DISABLED_NOT_IMPLEMENTED,0,NOT_REQUESTED
UNONLOCAL_ONLY,578,0.204147,8.2454110000000007,0.00097799999999999992,0,13.759952,0.027587,23.767112999999998,3,HIGH_NORMALIZED_INNOVATION,DIRECTIONAL_UPDATE,DISABLED_NOT_IMPLEMENTED,0,NOT_REQUESTED
UNONLOCAL_ONLY,579,0.195137,9.1385439999999996,0.00090799999999999995,0,15.624788000000001,0.034849999999999999,26.569431999999999,3,HIGH_NORMALIZED_INNOVATION,DIRECTIONAL_UPDATE,DISABLED_NOT_IMPLEMENTED,0,NOT_REQUESTED
UNONLOCAL_ONLY,580,0.19122600000000001,8.0858930000000004,0.001397,0,16.023793000000001,0.035829,25.863405,3,HIGH_NORMALIZED_INNOVATION,DIRECTIONAL_UPDATE,DISABLED_NOT_IMPLEMENTED,0,NOT_REQUESTED
UNONLOCAL_ONLY,581,0.218254,4.3944239999999999,0.001397,0,8.7280850000000001,0.024374,15.021777,3,HIGH_NORMALIZED_INNOVATION,DIRECTIONAL_UPDATE,DISABLED_NOT_IMPLEMENTED,0,NOT_REQUESTED
UNONLOCAL_ONLY,582,0.20400699999999999,9.2226320000000008,0.0013960000000000001,0,18.256413999999999,0.030521,29.385508999999999,3,HIGH_NORMALIZED_INNOVATION,DIRECTIONAL_UPDATE,DISABLED_NOT_IMPLEMENTED,0,NOT_REQUESTED
UNONLOCAL_ONLY,583,0.20533399999999999,4.3494450000000002,0.000977,0,0,0.030241000000000001,6.0983460000000003,1,BELOW_TRIGGER,NORMAL_UPDATE,DISABLED_NOT_IMPLEMENTED,0,NOT_REQUESTED
UNONLOCAL_ONLY,584,0.20882600000000001,5.5056710000000004,0.00097799999999999992,0,0,0.022488999999999999,7.4152750000000003,1,BELOW_TRIGGER,NORMAL_UPDATE,DISABLED_NOT_IMPLEMENTED,0,NOT_REQUESTED
UNONLOCAL_ONLY,585,0.19758200000000001,15.949202,0.00090799999999999995,0,32.135725000000001,0.032405999999999997,49.882437000000003,3,HIGH_NORMALIZED_INNOVATION,DIRECTIONAL_UPDATE,DISABLED_NOT_IMPLEMENTED,0,NOT_REQUESTED
UNONLOCAL_ONLY,586,0.20582300000000001,5.4562929999999996,0.001397,0,13.149887,0.029054,20.42981,3,HIGH_NORMALIZED_INNOVATION,DIRECTIONAL_UPDATE,DISABLED_NOT_IMPLEMENTED,0,NOT_REQUESTED
UNONLOCAL_ONLY,587,0.210922,9.9617649999999998,0.000977,0,18.622313999999999,0.030032,30.453734000000001,3,HIGH_NORMALIZED_INNOVATION,DIRECTIONAL_UPDATE,DISABLED_NOT_IMPLEMENTED,0,NOT_REQUESTED
UNONLOCAL_ONLY,588,0.20170199999999999,5.2719820000000004,0.0014660000000000001,0,11.632441999999999,0.029613,18.708707,3,HIGH_NORMALIZED_INNOVATION,DIRECTIONAL_UPDATE,DISABLED_NOT_IMPLEMENTED,0,NOT_REQUESTED
UNONLOCAL_ONLY,589,0.20533399999999999,5.0659489999999998,0.001397,0,12.008258,0.028146000000000001,18.836656000000001,3,HIGH_NORMALIZED_INNOVATION,DIRECTIONAL_UPDATE,DISABLED_NOT_IMPLEMENTED,0,NOT_REQUESTED
UNONLOCAL_ONLY,590,0.200375,4.6795869999999997,0.001397,0,8.6755639999999996,0.026748999999999998,15.083518,3,HIGH_NORMALIZED_INNOVATION,DIRECTIONAL_UPDATE,DISABLED_NOT_IMPLEMENTED,0,NOT_REQUESTED
UNONLOCAL_ONLY,591,0.202121,7.5252059999999998,0.00097799999999999992,0,12.543245000000001,0.027448,21.796396999999999,3,HIGH_NORMALIZED_INNOVATION,DIRECTIONAL_UPDATE,DISABLED_NOT_IMPLEMENTED,0,NOT_REQUESTED
UNONLOCAL_ONLY,592,0.20282,11.533056999999999,0.0018860000000000001,0,19.809547999999999,0.032406999999999998,33.222526999999999,3,HIGH_NORMALIZED_INNOVATION,DIRECTIONAL_UPDATE,DISABLED_NOT_IMPLEMENTED,0,NOT_REQUESTED
UNONLOCAL_ONLY,593,0.21413399999999999,6.5349940000000002,0.00097799999999999992,0,13.109379000000001,0.031428999999999999,21.537426,3,HIGH_NORMALIZED_INNOVATION,DIRECTIONAL_UPDATE,DISABLED_NOT_IMPLEMENTED,0,NOT_REQUESTED
UNONLOCAL_ONLY,594,0.205264,6.3054249999999996,0.001397,0,18.118547,0.030102,26.233284999999999,3,HIGH_NORMALIZED_INNOVATION,DIRECTIONAL_UPDATE,DISABLED_NOT_IMPLEMENTED,0,NOT_REQUESTED
UNONLOCAL_ONLY,595,0.20205100000000001,7.4497770000000001,0.00090799999999999995,0,11.701305,0.030731000000000001,20.911436999999999,3,HIGH_NORMALIZED_INNOVATION,DIRECTIONAL_UPDATE,DISABLED_NOT_IMPLEMENTED,0,NOT_REQUESTED
UNONLOCAL_ONLY,596,0.29333399999999998,6.9267349999999999,0.00097799999999999992,0,0,0.027448,9.2289180000000002,1,BELOW_TRIGGER,NORMAL_UPDATE,DISABLED_NOT_IMPLEMENTED,0,NOT_REQUESTED
UNONLOCAL_ONLY,597,0.230127,5.2024900000000001,0.00090799999999999995,0,0,0.026818999999999999,7.1535799999999998,1,BELOW_TRIGGER,NORMAL_UPDATE,DISABLED_NOT_IMPLEMENTED,0,NOT_REQUESTED
UNONLOCAL_ONLY,598,0.23089599999999999,5.7373349999999999,0.00097799999999999992,0,17.385770999999998,0.027588000000000001,24.925923000000001,3,HIGH_NORMALIZED_INNOVATION,DIRECTIONAL_UPDATE,DISABLED_NOT_IMPLEMENTED,0,NOT_REQUESTED
UNONLOCAL_ONLY,599,0.194858,10.174572,0.0014660000000000001,0,39.093539,0.032895000000000001,50.891157,3,HIGH_NORMALIZED_INNOVATION,CAUTIOUS_UPDATE,DISABLED_NOT_IMPLEMENTED,0,NOT_REQUESTED
UNONLOCAL_ONLY,600,0.21748700000000001,11.273526,0.00097799999999999992,0,23.189594,0.035340000000000003,36.265799000000001,3,HIGH_NORMALIZED_INNOVATION,DIRECTIONAL_UPDATE,DISABLED_NOT_IMPLEMENTED,0,NOT_REQUESTED
UNONLOCAL_ONLY,601,0.218254,6.5978519999999996,0.001397,0,27.754221999999999,0.034431999999999997,36.116618000000003,3,HIGH_NORMALIZED_INNOVATION,CAUTIOUS_UPDATE,DISABLED_NOT_IMPLEMENTED,0,NOT_REQUESTED
UNONLOCAL_ONLY,602,0.21853400000000001,8.6135450000000002,0.00097799999999999992,0,14.838653000000001,0.054826,25.48207,3,HIGH_NORMALIZED_INNOVATION,DIRECTIONAL_UPDATE,DISABLED_NOT_IMPLEMENTED,0,NOT_REQUESTED
UNONLOCAL_ONLY,603,0.22544800000000001,9.8257829999999995,0.001467,0,20.424572000000001,0.029822999999999999,32.092004000000003,3,HIGH_NORMALIZED_INNOVATION,DIRECTIONAL_UPDATE,DISABLED_NOT_IMPLEMENTED,0,NOT_REQUESTED
UNONLOCAL_ONLY,604,0.20707999999999999,11.418657,0.0018159999999999999,0,23.200979,0.032266999999999997,36.435304000000002,3,HIGH_NORMALIZED_INNOVATION,DIRECTIONAL_UPDATE,DISABLED_NOT_IMPLEMENTED,0,NOT_REQUESTED
UNONLOCAL_ONLY,605,0.21895300000000001,12.368290999999999,0.001397,0,24.891282,0.030521,39.227285000000002,3,HIGH_NORMALIZED_INNOVATION,DIRECTIONAL_UPDATE,DISABLED_NOT_IMPLEMENTED,0,NOT_REQUESTED
UNONLOCAL_ONLY,606,0.20938499999999999,7.4535489999999998,0.001397,0,21.122357999999998,0.033175000000000003,30.501505000000002,3,HIGH_NORMALIZED_INNOVATION,DIRECTIONAL_UPDATE,DISABLED_NOT_IMPLEMENTED,0,NOT_REQUESTED
UNONLOCAL_ONLY,607,0.23327100000000001,12.306342000000001,0.0023739999999999998,0,26.190263000000002,0.032686,40.335948999999999,3,HIGH_NORMALIZED_INNOVATION,DIRECTIONAL_UPDATE,DISABLED_NOT_IMPLEMENTED,0,NOT_REQUESTED
UNONLOCAL_ONLY,608,0.213226,14.444468000000001,0.00097799999999999992,0,32.065534,0.037504000000000003,48.347600999999997,3,HIGH_NORMALIZED_INNOVATION,DIRECTIONAL_UPDATE,DISABLED_NOT_IMPLEMENTED,0,NOT_REQUESTED
UNONLOCAL_ONLY,609,0.24416599999999999,7.7938859999999996,0.001397,0,15.333131,0.029961999999999999,25.264026000000001,3,HIGH_NORMALIZED_INNOVATION,DIRECTIONAL_UPDATE,DISABLED_NOT_IMPLEMENTED,0,NOT_REQUESTED
UNONLOCAL_ONLY,610,0.2024,7.653016,0.001397,0,18.372630000000001,0.031498999999999999,27.8124,3,HIGH_NORMALIZED_INNOVATION,DIRECTIONAL_UPDATE,DISABLED_NOT_IMPLEMENTED,0,NOT_REQUESTED
UNONLOCAL_ONLY,611,0.22328400000000001,11.739858,0.001397,0,24.064008999999999,0.031009999999999999,37.659694000000002,3,HIGH_NORMALIZED_INNOVATION,DIRECTIONAL_UPDATE,DISABLED_NOT_IMPLEMENTED,0,NOT_REQUESTED
UNONLOCAL_ONLY,612,0.20603199999999999,8.5473359999999996,0.001397,0,12.285041,0.039600000000000003,22.690857000000001,3,HIGH_NORMALIZED_INNOVATION,DIRECTIONAL_UPDATE,DISABLED_NOT_IMPLEMENTED,0,NOT_REQUESTED
UNONLOCAL_ONLY,613,0.22670499999999999,10.673938,0.001467,0,22.20036,0.051054000000000002,34.840474999999998,3,HIGH_NORMALIZED_INNOVATION,DIRECTIONAL_UPDATE,DISABLED_NOT_IMPLEMENTED,0,NOT_REQUESTED
UNONLOCAL_ONLY,614,0.209873,8.9399840000000008,0.0014660000000000001,0,18.031455000000001,0.032476999999999999,28.919526999999999,3,HIGH_NORMALIZED_INNOVATION,DIRECTIONAL_UPDATE,DISABLED_NOT_IMPLEMENTED,0,NOT_REQUESTED
UNONLOCAL_ONLY,615,0.204845,8.2715320000000006,0.001467,0,16.51352,0.029054,26.576346000000001,3,HIGH_NORMALIZED_INNOVATION,DIRECTIONAL_UPDATE,DISABLED_NOT_IMPLEMENTED,0,NOT_REQUESTED
UNONLOCAL_ONLY,616,0.21504200000000001,6.9631920000000003,0.001467,0,13.189138,0.029543,22.076810999999999,3,HIGH_NORMALIZED_INNOVATION,DIRECTIONAL_UPDATE,DISABLED_NOT_IMPLEMENTED,0,NOT_REQUESTED
UNONLOCAL_ONLY,617,0.204706,13.328192,0.001467,0,22.715091999999999,0.045116999999999997,37.875433999999998,3,HIGH_NORMALIZED_INNOVATION,DIRECTIONAL_UPDATE,DISABLED_NOT_IMPLEMENTED,0,NOT_REQUESTED
UNONLOCAL_ONLY,618,0.203518,11.783509,0.001397,0,20.174889,0.031427999999999998,33.846840999999998,3,HIGH_NORMALIZED_INNOVATION,DIRECTIONAL_UPDATE,DISABLED_NOT_IMPLEMENTED,0,NOT_REQUESTED
UNONLOCAL_ONLY,619,0.20694100000000001,10.443251999999999,0.0014660000000000001,0,21.381958999999998,0.032406999999999998,33.758211000000003,3,HIGH_NORMALIZED_INNOVATION,DIRECTIONAL_UPDATE,DISABLED_NOT_IMPLEMENTED,0,NOT_REQUESTED
UNONLOCAL_ONLY,620,0.20749899999999999,9.5035349999999994,0.001467,0,15.799811,0.030939000000000001,27.234532000000002,3,HIGH_NORMALIZED_INNOVATION,DIRECTIONAL_UPDATE,DISABLED_NOT_IMPLEMENTED,0,NOT_REQUESTED
UNONLOCAL_ONLY,621,0.20533399999999999,6.1831329999999998,0.001467,0,12.539821999999999,0.035758999999999999,20.579060999999999,3,HIGH_NORMALIZED_INNOVATION,DIRECTIONAL_UPDATE,DISABLED_NOT_IMPLEMENTED,0,NOT_REQUESTED
UNONLOCAL_ONLY,622,0.216998,4.9135549999999997,0.00090799999999999995,0,13.823159,0.035688999999999999,20.787678,3,HIGH_NORMALIZED_INNOVATION,DIRECTIONAL_UPDATE,DISABLED_NOT_IMPLEMENTED,0,NOT_REQUESTED
UNONLOCAL_ONLY,623,0.25457200000000002,11.141876,0.001467,0,15.869513,0.028844000000000002,29.223196999999999,3,HIGH_NORMALIZED_INNOVATION,DIRECTIONAL_UPDATE,DISABLED_NOT_IMPLEMENTED,0,NOT_REQUESTED
UNONLOCAL_ONLY,624,0.18899099999999999,8.8688160000000007,0.001397,0,15.111243999999999,0.047282999999999999,25.844826999999999,3,HIGH_NORMALIZED_INNOVATION,DIRECTIONAL_UPDATE,DISABLED_NOT_IMPLEMENTED,0,NOT_REQUESTED
UNONLOCAL_ONLY,625,0.19744200000000001,6.9595599999999997,0.0013960000000000001,0,14.382448999999999,0.036665999999999997,23.450592,3,HIGH_NORMALIZED_INNOVATION,DIRECTIONAL_UPDATE,DISABLED_NOT_IMPLEMENTED,0,NOT_REQUESTED
UNONLOCAL_ONLY,626,0.26190600000000003,4.7863740000000004,0.000977,0,0,0.024792999999999999,7.0453260000000002,1,BELOW_TRIGGER,NORMAL_UPDATE,DISABLED_NOT_IMPLEMENTED,0,NOT_REQUESTED
UNONLOCAL_ONLY,627,0.188223,11.532359,0.0013960000000000001,0,21.571857000000001,0.035270000000000003,34.918069000000003,3,HIGH_NORMALIZED_INNOVATION,DIRECTIONAL_UPDATE,DISABLED_NOT_IMPLEMENTED,0,NOT_REQUESTED
UNONLOCAL_ONLY,628,0.232293,8.0690609999999996,0.0014660000000000001,0,15.756091,0.032475999999999998,25.791048,3,HIGH_NORMALIZED_INNOVATION,DIRECTIONAL_UPDATE,DISABLED_NOT_IMPLEMENTED,0,NOT_REQUESTED
UNONLOCAL_ONLY,629,0.204147,4.8454600000000001,0.001467,0,14.445306,0.031009999999999999,21.211265999999998,3,HIGH_NORMALIZED_INNOVATION,DIRECTIONAL_UPDATE,DISABLED_NOT_IMPLEMENTED,0,NOT_REQUESTED
UNONLOCAL_ONLY,630,0.21469299999999999,7.3429200000000003,0.0014660000000000001,0,15.245968,0.033803,24.457705000000001,3,HIGH_NORMALIZED_INNOVATION,DIRECTIONAL_UPDATE,DISABLED_NOT_IMPLEMENTED,0,NOT_REQUESTED
UNONLOCAL_ONLY,631,0.21581,4.7197449999999996,0.00097799999999999992,0,0,0.026190999999999999,6.5904489999999996,1,BELOW_TRIGGER,NORMAL_UPDATE,DISABLED_NOT_IMPLEMENTED,0,NOT_REQUESTED
UNONLOCAL_ONLY,632,0.22007099999999999,6.9769509999999997,0.001397,0,0,0.035409000000000003,8.9809110000000008,1,BELOW_TRIGGER,NORMAL_UPDATE,DISABLED_NOT_IMPLEMENTED,0,NOT_REQUESTED
UNONLOCAL_ONLY,633,0.267702,6.7093179999999997,0.00097799999999999992,0,15.321747,0.025770999999999999,23.969304999999999,3,HIGH_NORMALIZED_INNOVATION,CAUTIOUS_UPDATE,DISABLED_NOT_IMPLEMENTED,0,NOT_REQUESTED
UNONLOCAL_ONLY,634,0.19772100000000001,4.1005310000000001,0.00090799999999999995,0,0,0.020952999999999999,5.7757480000000001,1,BELOW_TRIGGER,NORMAL_UPDATE,DISABLED_NOT_IMPLEMENTED,0,NOT_REQUESTED
UNONLOCAL_ONLY,635,0.18899099999999999,4.4153060000000002,0.001467,0,0,0.020114,6.0512030000000001,1,BELOW_TRIGGER,NORMAL_UPDATE,DISABLED_NOT_IMPLEMENTED,0,NOT_REQUESTED
UNONLOCAL_ONLY,636,0.190388,5.0205529999999996,0.00090799999999999995,0,10.100191000000001,0.023466999999999998,16.752168999999999,3,HIGH_NORMALIZED_INNOVATION,DIRECTIONAL_UPDATE,DISABLED_NOT_IMPLEMENTED,0,NOT_REQUESTED
UNONLOCAL_ONLY,637,0.19409000000000001,4.9016820000000001,0.00090799999999999995,0,11.307959,0.028635000000000001,17.861252,3,HIGH_NORMALIZED_INNOVATION,DIRECTIONAL_UPDATE,DISABLED_NOT_IMPLEMENTED,0,NOT_REQUESTED
UNONLOCAL_ONLY,638,0.19569600000000001,4.2559279999999999,0.001467,0,9.3752359999999992,0.025211999999999998,15.331803000000001,3,HIGH_NORMALIZED_INNOVATION,DIRECTIONAL_UPDATE,DISABLED_NOT_IMPLEMENTED,0,NOT_REQUESTED
UNONLOCAL_ONLY,639,0.19597500000000001,5.2328010000000003,0.001467,0,10.326965,0.026190000000000001,17.195941999999999,3,HIGH_NORMALIZED_INNOVATION,DIRECTIONAL_UPDATE,DISABLED_NOT_IMPLEMENTED,0,NOT_REQUESTED
UNONLOCAL_ONLY,640,0.20372799999999999,2.4808379999999999,0.00090799999999999995,0,12.008049,0.025142999999999999,16.156282000000001,3,HIGH_NORMALIZED_INNOVATION,CAUTIOUS_UPDATE,DISABLED_NOT_IMPLEMENTED,0,NOT_REQUESTED
UNONLOCAL_ONLY,641,0.19583500000000001,6.7308300000000001,0.00090799999999999995,0,11.548842,0.050984000000000002,20.062094999999999,3,HIGH_NORMALIZED_INNOVATION,DIRECTIONAL_UPDATE,DISABLED_NOT_IMPLEMENTED,0,NOT_REQUESTED
UNONLOCAL_ONLY,642,0.20994399999999999,7.4157650000000004,0.000977,0,11.375216,0.030032,20.575499000000001,3,HIGH_NORMALIZED_INNOVATION,DIRECTIONAL_UPDATE,DISABLED_NOT_IMPLEMENTED,0,NOT_REQUESTED
UNONLOCAL_ONLY,643,0.209314,6.3913310000000001,0.001397,0,11.309424999999999,0.027727000000000002,19.467255000000002,3,HIGH_NORMALIZED_INNOVATION,DIRECTIONAL_UPDATE,DISABLED_NOT_IMPLEMENTED,0,NOT_REQUESTED
UNONLOCAL_ONLY,644,0.21029200000000001,5.421163,0.00097799999999999992,0,9.3588229999999992,0.024584000000000002,16.443470000000001,3,HIGH_NORMALIZED_INNOVATION,DIRECTIONAL_UPDATE,DISABLED_NOT_IMPLEMENTED,0,NOT_REQUESTED
UNONLOCAL_ONLY,645,0.20582300000000001,6.8255350000000004,0.001397,0,14.097566,0.027727000000000002,22.648043999999999,3,HIGH_NORMALIZED_INNOVATION,DIRECTIONAL_UPDATE,DISABLED_NOT_IMPLEMENTED,0,NOT_REQUESTED
UNONLOCAL_ONLY,646,0.19744100000000001,5.525995,0.001467,0,10.082241,0.028146000000000001,17.360068999999999,3,HIGH_NORMALIZED_INNOVATION,DIRECTIONAL_UPDATE,DISABLED_NOT_IMPLEMENTED,0,NOT_REQUESTED
UNONLOCAL_ONLY,647,0.19821,4.037674,0.001467,0,9.2833249999999996,0.026748999999999998,15.046151999999999,3,HIGH_NORMALIZED_INNOVATION,DIRECTIONAL_UPDATE,DISABLED_NOT_IMPLEMENTED,0,NOT_REQUESTED
UNONLOCAL_ONLY,648,0.19814000000000001,5.1920130000000002,0.001467,0,11.111075,0.027657000000000001,18.035226000000002,3,HIGH_NORMALIZED_INNOVATION,DIRECTIONAL_UPDATE,DISABLED_NOT_IMPLEMENTED,0,NOT_REQUESTED
UNONLOCAL_ONLY,649,0.19897899999999999,4.5649759999999997,0.00097799999999999992,0,10.981450000000001,0.033383999999999997,17.304335999999999,3,HIGH_NORMALIZED_INNOVATION,DIRECTIONAL_UPDATE,DISABLED_NOT_IMPLEMENTED,0,NOT_REQUESTED
UNONLOCAL_ONLY,650,0.26295299999999999,6.6145440000000004,0.000977,0,12.586686,0.062507999999999994,21.656226,3,HIGH_NORMALIZED_INNOVATION,DIRECTIONAL_UPDATE,DISABLED_NOT_IMPLEMENTED,0,NOT_REQUESTED
UNONLOCAL_ONLY,651,0.28942299999999999,6.6794960000000003,0.0018860000000000001,0,12.884001,0.035270000000000003,21.985249,3,HIGH_NORMALIZED_INNOVATION,DIRECTIONAL_UPDATE,DISABLED_NOT_IMPLEMENTED,0,NOT_REQUESTED
UNONLOCAL_ONLY,652,0.200095,5.2227430000000004,0.001467,0,8.7710380000000008,0.031498999999999999,15.713138000000001,3,HIGH_NORMALIZED_INNOVATION,DIRECTIONAL_UPDATE,DISABLED_NOT_IMPLEMENTED,0,NOT_REQUESTED
UNONLOCAL_ONLY,653,0.198909,4.5672119999999996,0.001467,0,8.3206299999999995,0.027098000000000001,14.599446,3,HIGH_NORMALIZED_INNOVATION,DIRECTIONAL_UPDATE,DISABLED_NOT_IMPLEMENTED,0,NOT_REQUESTED
UNONLOCAL_ONLY,654,0.19737199999999999,4.2730389999999998,0.00097799999999999992,0,7.9516580000000001,0.028146000000000001,13.897819,3,HIGH_NORMALIZED_INNOVATION,DIRECTIONAL_UPDATE,DISABLED_NOT_IMPLEMENTED,0,NOT_REQUESTED
UNONLOCAL_ONLY,655,0.207429,3.7857560000000001,0.00090799999999999995,0,7.556006,0.023047999999999999,13.140179,3,HIGH_NORMALIZED_INNOVATION,DIRECTIONAL_UPDATE,DISABLED_NOT_IMPLEMENTED,0,NOT_REQUESTED
UNONLOCAL_ONLY,656,0.19709199999999999,4.4596559999999998,0.001467,0,10.771715,0.028565,17.020150999999998,3,HIGH_NORMALIZED_INNOVATION,DIRECTIONAL_UPDATE,DISABLED_NOT_IMPLEMENTED,0,NOT_REQUESTED
UNONLOCAL_ONLY,657,0.207429,5.1406790000000004,0.001467,0,9.7196940000000005,0.026190000000000001,16.623799999999999,3,HIGH_NORMALIZED_INNOVATION,DIRECTIONAL_UPDATE,DISABLED_NOT_IMPLEMENTED,0,NOT_REQUESTED
UNONLOCAL_ONLY,658,0.19737099999999999,6.5912860000000002,0.001467,0,11.060789,0.030032,19.393433000000002,3,HIGH_NORMALIZED_INNOVATION,DIRECTIONAL_UPDATE,DISABLED_NOT_IMPLEMENTED,0,NOT_REQUESTED
UNONLOCAL_ONLY,659,0.198071,2.48,0.001397,0,6.8028360000000001,0.025142999999999999,11.054434000000001,3,HIGH_NORMALIZED_INNOVATION,DIRECTIONAL_UPDATE,DISABLED_NOT_IMPLEMENTED,0,NOT_REQUESTED
UNONLOCAL_ONLY,660,0.21490200000000001,2.5895809999999999,0.001885,0,6.2902699999999996,0.029543,10.658713000000001,3,HIGH_NORMALIZED_INNOVATION,DIRECTIONAL_UPDATE,DISABLED_NOT_IMPLEMENTED,0,NOT_REQUESTED
UNONLOCAL_ONLY,661,0.19723199999999999,4.555199,0.00097799999999999992,0,9.4079219999999992,0.027099000000000002,15.721309,3,HIGH_NORMALIZED_INNOVATION,DIRECTIONAL_UPDATE,DISABLED_NOT_IMPLEMENTED,0,NOT_REQUESTED
UNONLOCAL_ONLY,662,0.19779099999999999,2.1612439999999999,0.001397,0,0,0.021021999999999999,3.8414190000000001,1,BELOW_TRIGGER,NORMAL_UPDATE,DISABLED_NOT_IMPLEMENTED,0,NOT_REQUESTED
UNONLOCAL_ONLY,663,0.205543,3.738054,0.001467,0,6.9558590000000002,0.021999999999999999,12.434431,3,HIGH_NORMALIZED_INNOVATION,DIRECTIONAL_UPDATE,DISABLED_NOT_IMPLEMENTED,0,NOT_REQUESTED
UNONLOCAL_ONLY,664,0.19709199999999999,3.3075510000000001,0.0013960000000000001,0,8.0363059999999997,0.024794,13.088077,3,HIGH_NORMALIZED_INNOVATION,DIRECTIONAL_UPDATE,DISABLED_NOT_IMPLEMENTED,0,NOT_REQUESTED
UNONLOCAL_ONLY,665,0.19981699999999999,3.9288599999999998,0.001397,0,8.2907379999999993,0.024863,14.07333,3,HIGH_NORMALIZED_INNOVATION,DIRECTIONAL_UPDATE,DISABLED_NOT_IMPLEMENTED,0,NOT_REQUESTED
UNONLOCAL_ONLY,666,0.19772100000000001,7.9637409999999997,0.001397,0,12.922483,0.031498999999999999,22.744354999999999,3,HIGH_NORMALIZED_INNOVATION,DIRECTIONAL_UPDATE,DISABLED_NOT_IMPLEMENTED,0,NOT_REQUESTED
UNONLOCAL_ONLY,667,0.198908,15.577366,0.001397,0,26.370524,0.031987000000000002,43.750776999999999,3,HIGH_NORMALIZED_INNOVATION,DIRECTIONAL_UPDATE,DISABLED_NOT_IMPLEMENTED,0,NOT_REQUESTED
UNONLOCAL_ONLY,668,0.20114299999999999,11.821153000000001,0.001397,0,22.752597000000002,0.034292000000000003,36.440682000000002,3,HIGH_NORMALIZED_INNOVATION,DIRECTIONAL_UPDATE,DISABLED_NOT_IMPLEMENTED,0,NOT_REQUESTED
UNONLOCAL_ONLY,669,0.22425999999999999,6.9989509999999999,0.001397,0,16.629946,0.029543,25.528305,3,HIGH_NORMALIZED_INNOVATION,CAUTIOUS_UPDATE,DISABLED_NOT_IMPLEMENTED,0,NOT_REQUESTED
UNONLOCAL_ONLY,670,0.198908,10.775138,0.001467,0,21.320498000000001,0.034780999999999999,33.931837999999999,3,HIGH_NORMALIZED_INNOVATION,DIRECTIONAL_UPDATE,DISABLED_NOT_IMPLEMENTED,0,NOT_REQUESTED
UNONLOCAL_ONLY,671,0.20184199999999999,7.0875789999999999,0.00090799999999999995,0,16.351908000000002,0.029054,25.252082000000001,3,HIGH_NORMALIZED_INNOVATION,DIRECTIONAL_UPDATE,DISABLED_NOT_IMPLEMENTED,0,NOT_REQUESTED
UNONLOCAL_ONLY,672,0.19981699999999999,9.5263740000000006,0.0018860000000000001,0,18.122598,0.030800999999999999,29.487826999999999,3,HIGH_NORMALIZED_INNOVATION,DIRECTIONAL_UPDATE,DISABLED_NOT_IMPLEMENTED,0,NOT_REQUESTED
UNONLOCAL_ONLY,673,0.21050199999999999,7.7893460000000001,0.001467,0,14.675364,0.031427999999999998,24.392893000000001,3,HIGH_NORMALIZED_INNOVATION,DIRECTIONAL_UPDATE,DISABLED_NOT_IMPLEMENTED,0,NOT_REQUESTED
UNONLOCAL_ONLY,674,0.19814000000000001,4.336176,0.001397,0,13.872745999999999,0.035688999999999999,20.006011999999998,3,HIGH_NORMALIZED_INNOVATION,DIRECTIONAL_UPDATE,DISABLED_NOT_IMPLEMENTED,0,NOT_REQUESTED
UNONLOCAL_ONLY,675,0.21154999999999999,8.4618500000000001,0.00097799999999999992,0,17.211796,0.032895000000000001,27.509357999999999,3,HIGH_NORMALIZED_INNOVATION,DIRECTIONAL_UPDATE,DISABLED_NOT_IMPLEMENTED,0,NOT_REQUESTED
UNONLOCAL_ONLY,676,0.19967699999999999,9.5059090000000008,0.001397,0,19.749206000000001,0.070540000000000005,31.199082000000001,3,HIGH_NORMALIZED_INNOVATION,DIRECTIONAL_UPDATE,DISABLED_NOT_IMPLEMENTED,0,NOT_REQUESTED
UNONLOCAL_ONLY,677,0.20924499999999999,9.3476490000000005,0.00090799999999999995,0,21.676480000000002,0.047631,33.059448000000003,3,HIGH_NORMALIZED_INNOVATION,DIRECTIONAL_UPDATE,DISABLED_NOT_IMPLEMENTED,0,NOT_REQUESTED
UNONLOCAL_ONLY,678,0.21790499999999999,10.552833,0.00090799999999999995,0,21.504251,0.032406999999999998,33.881692000000001,3,HIGH_NORMALIZED_INNOVATION,DIRECTIONAL_UPDATE,DISABLED_NOT_IMPLEMENTED,0,NOT_REQUESTED
UNONLOCAL_ONLY,679,0.202261,8.1783640000000002,0.00097799999999999992,0,16.246376999999999,0.031918000000000002,26.240758,3,HIGH_NORMALIZED_INNOVATION,DIRECTIONAL_UPDATE,DISABLED_NOT_IMPLEMENTED,0,NOT_REQUESTED
UNONLOCAL_ONLY,680,0.21357499999999999,6.8955849999999996,0.0013960000000000001,0,14.302410999999999,0.058666999999999997,23.069327999999999,3,HIGH_NORMALIZED_INNOVATION,DIRECTIONAL_UPDATE,DISABLED_NOT_IMPLEMENTED,0,NOT_REQUESTED
UNONLOCAL_ONLY,681,0.20128299999999999,7.7498860000000001,0.00097799999999999992,0,15.324959,0.029124000000000001,24.848050000000001,3,HIGH_NORMALIZED_INNOVATION,DIRECTIONAL_UPDATE,DISABLED_NOT_IMPLEMENTED,0,NOT_REQUESTED
UNONLOCAL_ONLY,682,0.19821,7.1414980000000003,0.00090799999999999995,0,15.308267000000001,0.029543,24.288550000000001,3,HIGH_NORMALIZED_INNOVATION,DIRECTIONAL_UPDATE,DISABLED_NOT_IMPLEMENTED,0,NOT_REQUESTED
UNONLOCAL_ONLY,683,0.19583600000000001,6.1456280000000003,0.001467,0,12.324361,0.024235,20.329167999999999,3,HIGH_NORMALIZED_INNOVATION,DIRECTIONAL_UPDATE,DISABLED_NOT_IMPLEMENTED,0,NOT_REQUESTED
UNONLOCAL_ONLY,684,0.194997,5.8326690000000001,0.0014660000000000001,0,16.991375999999999,0.029054,24.609121999999999,3,HIGH_NORMALIZED_INNOVATION,DIRECTIONAL_UPDATE,DISABLED_NOT_IMPLEMENTED,0,NOT_REQUESTED
UNONLOCAL_ONLY,685,0.19786100000000001,7.6864699999999999,0.001467,0,14.563129,0.030380999999999998,24.016726999999999,3,HIGH_NORMALIZED_INNOVATION,DIRECTIONAL_UPDATE,DISABLED_NOT_IMPLEMENTED,0,NOT_REQUESTED
UNONLOCAL_ONLY,686,0.208756,8.7412159999999997,0.001397,0,18.493106999999998,0.027657000000000001,29.036301000000002,3,HIGH_NORMALIZED_INNOVATION,DIRECTIONAL_UPDATE,DISABLED_NOT_IMPLEMENTED,0,NOT_REQUESTED
UNONLOCAL_ONLY,687,0.197023,5.7498370000000003,0.001467,0,10.617226,0.028635000000000001,18.125530999999999,3,HIGH_NORMALIZED_INNOVATION,DIRECTIONAL_UPDATE,DISABLED_NOT_IMPLEMENTED,0,NOT_REQUESTED
UNONLOCAL_ONLY,688,0.19534699999999999,6.0620969999999996,0.00097799999999999992,0,12.737752,0.031498999999999999,20.601061000000001,3,HIGH_NORMALIZED_INNOVATION,DIRECTIONAL_UPDATE,DISABLED_NOT_IMPLEMENTED,0,NOT_REQUESTED
UNONLOCAL_ONLY,689,0.19807,6.7647029999999999,0.001467,0,15.436356,0.035409999999999997,23.976568,3,HIGH_NORMALIZED_INNOVATION,DIRECTIONAL_UPDATE,DISABLED_NOT_IMPLEMENTED,0,NOT_REQUESTED
UNONLOCAL_ONLY,690,0.19939699999999999,4.6892940000000003,0.001397,0,11.494854,0.026259999999999999,17.946178,3,HIGH_NORMALIZED_INNOVATION,DIRECTIONAL_UPDATE,DISABLED_NOT_IMPLEMENTED,0,NOT_REQUESTED
UNONLOCAL_ONLY,691,0.19611500000000001,4.9749460000000001,0.001397,0,11.231203000000001,0.046375,17.987594999999999,3,HIGH_NORMALIZED_INNOVATION,DIRECTIONAL_UPDATE,DISABLED_NOT_IMPLEMENTED,0,NOT_REQUESTED
UNONLOCAL_ONLY,692,0.205264,5.1658920000000004,0.0013960000000000001,0,12.695289000000001,0.033592999999999998,19.678664999999999,3,HIGH_NORMALIZED_INNOVATION,DIRECTIONAL_UPDATE,DISABLED_NOT_IMPLEMENTED,0,NOT_REQUESTED
UNONLOCAL_ONLY,693,0.227404,6.4412669999999999,0.001397,0,13.625158000000001,0.030521,21.928887,3,HIGH_NORMALIZED_INNOVATION,DIRECTIONAL_UPDATE,DISABLED_NOT_IMPLEMENTED,0,NOT_REQUESTED
UNONLOCAL_ONLY,694,0.20477500000000001,5.4957539999999998,0.001397,0,0,0.021580999999999999,7.2637200000000002,1,BELOW_TRIGGER,NORMAL_UPDATE,DISABLED_NOT_IMPLEMENTED,0,NOT_REQUESTED
UNONLOCAL_ONLY,695,0.19709299999999999,6.0078310000000004,0.00097799999999999992,0,0,0.024444,7.7222980000000003,1,BELOW_TRIGGER,NORMAL_UPDATE,DISABLED_NOT_IMPLEMENTED,0,NOT_REQUESTED
UNONLOCAL_ONLY,696,0.19583600000000001,5.2040959999999998,0.001397,0,11.924588,0.030521,18.940370999999999,3,HIGH_NORMALIZED_INNOVATION,DIRECTIONAL_UPDATE,DISABLED_NOT_IMPLEMENTED,0,NOT_REQUESTED
UNONLOCAL_ONLY,697,0.20701,6.310314,0.00090799999999999995,0,0,0.022488999999999999,8.0995120000000007,1,BELOW_TRIGGER,NORMAL_UPDATE,DISABLED_NOT_IMPLEMENTED,0,NOT_REQUESTED
UNONLOCAL_ONLY,698,0.23194300000000001,11.132447000000001,0.001397,0,20.691506,0.041346000000000001,33.695703999999999,3,HIGH_NORMALIZED_INNOVATION,DIRECTIONAL_UPDATE,DISABLED_NOT_IMPLEMENTED,0,NOT_REQUESTED
UNONLOCAL_ONLY,699,0.25617800000000002,9.4658899999999999,0.00097799999999999992,0,0,0.031009999999999999,11.641242,1,BELOW_TRIGGER,NORMAL_UPDATE,DISABLED_NOT_IMPLEMENTED,0,NOT_REQUESTED
UNONLOCAL_ONLY,700,0.19695299999999999,6.8830140000000002,0.001467,0,13.777132999999999,0.030032,22.396964000000001,3,HIGH_NORMALIZED_INNOVATION,DIRECTIONAL_UPDATE,DISABLED_NOT_IMPLEMENTED,0,NOT_REQUESTED
UNONLOCAL_ONLY,701,0.20142199999999999,7.2399040000000001,0.00097799999999999992,0,14.404519000000001,0.030450000000000001,23.597818,3,HIGH_NORMALIZED_INNOVATION,DIRECTIONAL_UPDATE,DISABLED_NOT_IMPLEMENTED,0,NOT_REQUESTED
UNONLOCAL_ONLY,702,0.20058400000000001,5.6640009999999998,0.0014660000000000001,0,14.902279,0.027727000000000002,22.396545,3,HIGH_NORMALIZED_INNOVATION,DIRECTIONAL_UPDATE,DISABLED_NOT_IMPLEMENTED,0,NOT_REQUESTED
UNONLOCAL_ONLY,703,0.19262299999999999,17.405325999999999,0.001885,0,35.379649999999998,0.051823000000000001,54.616079999999997,3,HIGH_NORMALIZED_INNOVATION,DIRECTIONAL_UPDATE,DISABLED_NOT_IMPLEMENTED,0,NOT_REQUESTED
UNONLOCAL_ONLY,704,0.215112,18.523347999999999,0.0018159999999999999,0,37.441510000000001,0.033383999999999997,57.861333000000002,3,HIGH_NORMALIZED_INNOVATION,DIRECTIONAL_UPDATE,DISABLED_NOT_IMPLEMENTED,0,NOT_REQUESTED
UNONLOCAL_ONLY,705,0.20561299999999999,10.432636,0.0014660000000000001,0,21.653362000000001,0.031918000000000002,34.017254000000001,3,HIGH_NORMALIZED_INNOVATION,DIRECTIONAL_UPDATE,DISABLED_NOT_IMPLEMENTED,0,NOT_REQUESTED
UNONLOCAL_ONLY,706,0.21245700000000001,7.4677959999999999,0.00097799999999999992,0,18.970752000000001,0.033873,28.371690000000001,3,HIGH_NORMALIZED_INNOVATION,DIRECTIONAL_UPDATE,DISABLED_NOT_IMPLEMENTED,0,NOT_REQUESTED
UNONLOCAL_ONLY,707,0.205403,5.7260910000000003,0.00097799999999999992,0,0,0.022908000000000001,7.5296760000000003,1,BELOW_TRIGGER,NORMAL_UPDATE,DISABLED_NOT_IMPLEMENTED,0,NOT_REQUESTED
UNONLOCAL_ONLY,708,0.19883899999999999,15.623392000000001,0.001467,0,32.636767999999996,0.037085,50.070239999999998,3,HIGH_NORMALIZED_INNOVATION,DIRECTIONAL_UPDATE,DISABLED_NOT_IMPLEMENTED,0,NOT_REQUESTED
UNONLOCAL_ONLY,709,0.209874,12.353904,0.00097799999999999992,0,0,0.025211999999999998,14.138353,1,BELOW_TRIGGER,NORMAL_UPDATE,DISABLED_NOT_IMPLEMENTED,0,NOT_REQUESTED
UNONLOCAL_ONLY,710,0.19869899999999999,12.222322999999999,0.001467,0,23.462185999999999,0.030450999999999999,37.482647,3,HIGH_NORMALIZED_INNOVATION,DIRECTIONAL_UPDATE,DISABLED_NOT_IMPLEMENTED,0,NOT_REQUESTED
UNONLOCAL_ONLY,711,0.200654,11.032643999999999,0.001397,0,0,0.054266000000000002,12.938337000000001,1,BELOW_TRIGGER,NORMAL_UPDATE,DISABLED_NOT_IMPLEMENTED,0,NOT_REQUESTED
UNONLOCAL_ONLY,712,0.21315600000000001,10.553671,0.001467,0,0,0.032686,12.400976999999999,1,BELOW_TRIGGER,NORMAL_UPDATE,DISABLED_NOT_IMPLEMENTED,0,NOT_REQUESTED
UNONLOCAL_ONLY,713,0.20288900000000001,11.019584,0.001467,0,0,0.053358999999999997,12.865982000000001,1,BELOW_TRIGGER,NORMAL_UPDATE,DISABLED_NOT_IMPLEMENTED,0,NOT_REQUESTED
UNONLOCAL_ONLY,714,0.23571400000000001,14.939992999999999,0.0013960000000000001,0,0,0.034780999999999999,17.008277,1,BELOW_TRIGGER,NORMAL_UPDATE,DISABLED_NOT_IMPLEMENTED,0,NOT_REQUESTED
UNONLOCAL_ONLY,715,0.21134,12.935892000000001,0.001397,0,0,0.039460000000000002,14.820843999999999,1,BELOW_TRIGGER,NORMAL_UPDATE,DISABLED_NOT_IMPLEMENTED,0,NOT_REQUESTED
UNONLOCAL_ONLY,716,0.23746100000000001,7.0577579999999998,0.001397,0,0,0.063905000000000003,9.1433619999999998,1,BELOW_TRIGGER,NORMAL_UPDATE,DISABLED_NOT_IMPLEMENTED,0,NOT_REQUESTED
UNONLOCAL_ONLY,717,0.23047699999999999,10.66437,0.00097799999999999992,0,0,0.032896000000000002,12.593251,1,BELOW_TRIGGER,NORMAL_UPDATE,DISABLED_NOT_IMPLEMENTED,0,NOT_REQUESTED
UNONLOCAL_ONLY,718,0.20784900000000001,18.848459999999999,0.00097799999999999992,0,28.071162999999999,0.039530999999999997,48.842567000000003,3,HIGH_NORMALIZED_INNOVATION,DIRECTIONAL_UPDATE,DISABLED_NOT_IMPLEMENTED,0,NOT_REQUESTED
UNONLOCAL_ONLY,719,0.21085100000000001,7.3790279999999999,0.001467,0,0,0.032266999999999997,9.2630009999999992,1,BELOW_TRIGGER,NORMAL_UPDATE,DISABLED_NOT_IMPLEMENTED,0,NOT_REQUESTED
UNONLOCAL_ONLY,720,0.20777799999999999,8.3980840000000008,0.0014660000000000001,0,0,0.031427999999999998,10.298050999999999,1,BELOW_TRIGGER,NORMAL_UPDATE,DISABLED_NOT_IMPLEMENTED,0,NOT_REQUESTED
UNONLOCAL_ONLY,721,0.261486,13.507056,0.00097799999999999992,0,0,0.027657000000000001,15.711531000000001,1,BELOW_TRIGGER,NORMAL_UPDATE,DISABLED_NOT_IMPLEMENTED,0,NOT_REQUESTED
UNONLOCAL_ONLY,722,0.20156299999999999,14.456899999999999,0.00097799999999999992,0,0,0.032686,16.224378000000002,1,BELOW_TRIGGER,NORMAL_UPDATE,DISABLED_NOT_IMPLEMENTED,0,NOT_REQUESTED
UNONLOCAL_ONLY,723,0.201492,5.6146240000000001,0.001397,0,0,0.026120999999999998,7.3824500000000004,1,BELOW_TRIGGER,NORMAL_UPDATE,DISABLED_NOT_IMPLEMENTED,0,NOT_REQUESTED
UNONLOCAL_ONLY,724,0.199188,6.6503019999999999,0.001397,0,0,0.030800000000000001,8.4679959999999994,1,BELOW_TRIGGER,NORMAL_UPDATE,DISABLED_NOT_IMPLEMENTED,0,NOT_REQUESTED
UNONLOCAL_ONLY,725,0.20184199999999999,11.268359,0.001397,0,23.539152000000001,0.037156000000000002,36.644759000000001,3,PERIODIC_CHECK,DIRECTIONAL_UPDATE,DISABLED_NOT_IMPLEMENTED,0,NOT_REQUESTED
UNONLOCAL_ONLY,726,0.202959,5.1165839999999996,0.001397,0,0,0.027237999999999998,6.9727610000000002,1,BELOW_TRIGGER,NORMAL_UPDATE,DISABLED_NOT_IMPLEMENTED,0,NOT_REQUESTED
UNONLOCAL_ONLY,727,0.22090799999999999,7.5335169999999998,0.0014660000000000001,0,0,0.033383999999999997,9.3996809999999993,1,BELOW_TRIGGER,NORMAL_UPDATE,DISABLED_NOT_IMPLEMENTED,0,NOT_REQUESTED
UNONLOCAL_ONLY,728,0.201073,14.315611000000001,0.00097799999999999992,0,0,0.032406999999999998,16.169550999999998,1,BELOW_TRIGGER,NORMAL_UPDATE,DISABLED_NOT_IMPLEMENTED,0,NOT_REQUESTED
UNONLOCAL_ONLY,729,0.20449600000000001,13.234743999999999,0.001467,0,0,0.031009999999999999,15.142184,1,BELOW_TRIGGER,NORMAL_UPDATE,DISABLED_NOT_IMPLEMENTED,0,NOT_REQUESTED
UNONLOCAL_ONLY,730,0.200375,8.5581610000000001,0.001397,0,0,0.038482000000000002,10.486972,1,BELOW_TRIGGER,NORMAL_UPDATE,DISABLED_NOT_IMPLEMENTED,0,NOT_REQUESTED
UNONLOCAL_ONLY,731,0.25142900000000001,9.6314840000000004,0.001397,0,0,0.034292000000000003,11.951757000000001,1,BELOW_TRIGGER,NORMAL_UPDATE,DISABLED_NOT_IMPLEMENTED,0,NOT_REQUESTED
UNONLOCAL_ONLY,732,0.20142299999999999,8.1471440000000008,0.0013960000000000001,0,0,0.031987000000000002,10.009745000000001,1,BELOW_TRIGGER,NORMAL_UPDATE,DISABLED_NOT_IMPLEMENTED,0,NOT_REQUESTED
UNONLOCAL_ONLY,733,0.21252799999999999,9.7555230000000002,0.0014660000000000001,0,0,0.033383999999999997,11.663311,1,BELOW_TRIGGER,NORMAL_UPDATE,DISABLED_NOT_IMPLEMENTED,0,NOT_REQUESTED
UNONLOCAL_ONLY,734,0.20791799999999999,8.8123140000000006,0.00048899999999999996,0,0,0.033943000000000001,10.841487000000001,1,BELOW_TRIGGER,NORMAL_UPDATE,DISABLED_NOT_IMPLEMENTED,0,NOT_REQUESTED
UNONLOCAL_ONLY,735,0.20749899999999999,9.2325499999999998,0.00090799999999999995,0,0,0.031987000000000002,11.195793,1,BELOW_TRIGGER,NORMAL_UPDATE,DISABLED_NOT_IMPLEMENTED,0,NOT_REQUESTED
UNONLOCAL_ONLY,736,0.20435600000000001,8.9596800000000005,0.001397,0,0,0.032895000000000001,10.871869,1,BELOW_TRIGGER,NORMAL_UPDATE,DISABLED_NOT_IMPLEMENTED,0,NOT_REQUESTED
UNONLOCAL_ONLY,737,0.204705,13.170769999999999,0.0018159999999999999,0,0,0.033383999999999997,15.092387,1,BELOW_TRIGGER,NORMAL_UPDATE,DISABLED_NOT_IMPLEMENTED,0,NOT_REQUESTED
UNONLOCAL_ONLY,738,0.21217800000000001,13.067613,0.00090799999999999995,0,0,0.030519999999999999,14.978686,1,BELOW_TRIGGER,NORMAL_UPDATE,DISABLED_NOT_IMPLEMENTED,0,NOT_REQUESTED
UNONLOCAL_ONLY,739,0.204705,13.508034,0.001397,0,0,0.031428999999999999,15.431747,1,BELOW_TRIGGER,NORMAL_UPDATE,DISABLED_NOT_IMPLEMENTED,0,NOT_REQUESTED
UNONLOCAL_ONLY,740,0.20749799999999999,11.467337000000001,0.00090799999999999995,0,0,0.033873,13.432815,1,BELOW_TRIGGER,NORMAL_UPDATE,DISABLED_NOT_IMPLEMENTED,0,NOT_REQUESTED
UNONLOCAL_ONLY,741,0.204706,17.940591000000001,0.001397,0,0,0.030521,19.944621000000001,1,BELOW_TRIGGER,NORMAL_UPDATE,DISABLED_NOT_IMPLEMENTED,0,NOT_REQUESTED
UNONLOCAL_ONLY,742,0.20156199999999999,15.348705000000001,0.00097799999999999992,0,0,0.035270000000000003,17.306571000000002,1,BELOW_TRIGGER,NORMAL_UPDATE,DISABLED_NOT_IMPLEMENTED,0,NOT_REQUESTED
UNONLOCAL_ONLY,743,0.24465500000000001,10.381721000000001,0.0018860000000000001,0,0,0.032896000000000002,12.423467,1,BELOW_TRIGGER,NORMAL_UPDATE,DISABLED_NOT_IMPLEMENTED,0,NOT_REQUESTED
UNONLOCAL_ONLY,744,0.23236200000000001,12.074818,0.0014660000000000001,0,0,0.030032,14.095470000000001,1,BELOW_TRIGGER,NORMAL_UPDATE,DISABLED_NOT_IMPLEMENTED,0,NOT_REQUESTED
UNONLOCAL_ONLY,745,0.20547399999999999,11.703469999999999,0.00090799999999999995,0,0,0.032896000000000002,13.650651,1,BELOW_TRIGGER,NORMAL_UPDATE,DISABLED_NOT_IMPLEMENTED,0,NOT_REQUESTED
UNONLOCAL_ONLY,746,0.20707999999999999,15.08268,0.00097799999999999992,0,0,0.042254,17.198385999999999,1,BELOW_TRIGGER,NORMAL_UPDATE,DISABLED_NOT_IMPLEMENTED,0,NOT_REQUESTED
UNONLOCAL_ONLY,747,0.20386699999999999,15.974555000000001,0.000977,0,0,0.034780999999999999,17.984940000000002,1,BELOW_TRIGGER,NORMAL_UPDATE,DISABLED_NOT_IMPLEMENTED,0,NOT_REQUESTED
UNONLOCAL_ONLY,748,0.20519399999999999,10.591525000000001,0.0013960000000000001,0,0,0.034153000000000003,12.569504999999999,1,BELOW_TRIGGER,NORMAL_UPDATE,DISABLED_NOT_IMPLEMENTED,0,NOT_REQUESTED
UNONLOCAL_ONLY,749,0.21853300000000001,9.4044299999999996,0.0023050000000000002,0,0,0.033803,11.480467000000001,1,BELOW_TRIGGER,NORMAL_UPDATE,DISABLED_NOT_IMPLEMENTED,0,NOT_REQUESTED
UNONLOCAL_ONLY,750,0.21154999999999999,11.430389999999999,0.001397,0,25.273035,0.070540000000000005,38.860059999999997,3,PERIODIC_CHECK,DIRECTIONAL_UPDATE,DISABLED_NOT_IMPLEMENTED,0,NOT_REQUESTED
UNONLOCAL_ONLY,751,0.234178,12.298869,0.00097799999999999992,0,0,0.031497999999999998,14.441675,1,BELOW_TRIGGER,NORMAL_UPDATE,DISABLED_NOT_IMPLEMENTED,0,NOT_REQUESTED
UNONLOCAL_ONLY,752,0.21867400000000001,14.439648999999999,0.001397,0,0,0.030311999999999999,16.476224999999999,1,BELOW_TRIGGER,NORMAL_UPDATE,DISABLED_NOT_IMPLEMENTED,0,NOT_REQUESTED
UNONLOCAL_ONLY,753,0.214203,17.645999,0.001397,0,0,0.031219,19.781751,1,BELOW_TRIGGER,NORMAL_UPDATE,DISABLED_NOT_IMPLEMENTED,0,NOT_REQUESTED
UNONLOCAL_ONLY,754,0.21224799999999999,20.400687000000001,0.000977,0,0,0.031357999999999997,22.417287999999999,1,BELOW_TRIGGER,NORMAL_UPDATE,DISABLED_NOT_IMPLEMENTED,0,NOT_REQUESTED
UNONLOCAL_ONLY,755,0.24186099999999999,17.875429,0.001397,0,0,0.030032,19.994627999999999,1,BELOW_TRIGGER,NORMAL_UPDATE,DISABLED_NOT_IMPLEMENTED,0,NOT_REQUESTED
UNONLOCAL_ONLY,756,0.22006999999999999,17.901479999999999,0.001467,0,0,0.032406999999999998,20.055948999999998,1,BELOW_TRIGGER,NORMAL_UPDATE,DISABLED_NOT_IMPLEMENTED,0,NOT_REQUESTED
UNONLOCAL_ONLY,757,0.21099100000000001,17.889537000000001,0.000977,0,0,0.043581000000000002,20.117759,1,BELOW_TRIGGER,NORMAL_UPDATE,DISABLED_NOT_IMPLEMENTED,0,NOT_REQUESTED
UNONLOCAL_ONLY,758,0.218115,18.010223,0.001397,0,0,0.031009999999999999,20.228666,1,BELOW_TRIGGER,NORMAL_UPDATE,DISABLED_NOT_IMPLEMENTED,0,NOT_REQUESTED
UNONLOCAL_ONLY,759,0.22475000000000001,20.651416999999999,0.00097799999999999992,0,0,0.030311000000000001,22.817968,1,BELOW_TRIGGER,NORMAL_UPDATE,DISABLED_NOT_IMPLEMENTED,0,NOT_REQUESTED
UNONLOCAL_ONLY,760,0.20938499999999999,18.391278,0.0014660000000000001,0,0,0.031708,20.583041999999999,1,BELOW_TRIGGER,NORMAL_UPDATE,DISABLED_NOT_IMPLEMENTED,0,NOT_REQUESTED
UNONLOCAL_ONLY,761,0.208895,18.054223,0.00090799999999999995,0,0,0.032475999999999998,20.302209999999999,1,BELOW_TRIGGER,NORMAL_UPDATE,DISABLED_NOT_IMPLEMENTED,0,NOT_REQUESTED
UNONLOCAL_ONLY,762,0.20910599999999999,18.175606999999999,0.00097799999999999992,0,0,0.032476999999999999,20.401454000000001,1,BELOW_TRIGGER,NORMAL_UPDATE,DISABLED_NOT_IMPLEMENTED,0,NOT_REQUESTED
UNONLOCAL_ONLY,763,0.20980299999999999,18.005962,0.001397,0,0,0.031918000000000002,20.186342,1,BELOW_TRIGGER,NORMAL_UPDATE,DISABLED_NOT_IMPLEMENTED,0,NOT_REQUESTED
UNONLOCAL_ONLY,764,0.20854700000000001,19.222601000000001,0.001467,0,0,0.029054,21.394110999999999,1,BELOW_TRIGGER,NORMAL_UPDATE,DISABLED_NOT_IMPLEMENTED,0,NOT_REQUESTED
UNONLOCAL_ONLY,765,0.20044500000000001,12.444419,0.001467,0,0,0.033383999999999997,14.500411,1,BELOW_TRIGGER,NORMAL_UPDATE,DISABLED_NOT_IMPLEMENTED,0,NOT_REQUESTED
UNONLOCAL_ONLY,766,0.20952399999999999,12.632292,0.0019550000000000001,0,0,0.058597000000000003,14.946489,1,BELOW_TRIGGER,NORMAL_UPDATE,DISABLED_NOT_IMPLEMENTED,0,NOT_REQUESTED
UNONLOCAL_ONLY,767,0.22908000000000001,15.889977,0.00097799999999999992,0,0,0.039391000000000002,18.161010000000001,1,BELOW_TRIGGER,NORMAL_UPDATE,DISABLED_NOT_IMPLEMENTED,0,NOT_REQUESTED
UNONLOCAL_ONLY,768,0.27629300000000001,16.146784,0.00097799999999999992,0,0,0.038203000000000001,18.934504,1,BELOW_TRIGGER,NORMAL_UPDATE,DISABLED_NOT_IMPLEMENTED,0,NOT_REQUESTED
UNONLOCAL_ONLY,769,0.247029,14.525484000000001,0.001467,0,0,0.032196000000000002,16.947516,1,BELOW_TRIGGER,NORMAL_UPDATE,DISABLED_NOT_IMPLEMENTED,0,NOT_REQUESTED
UNONLOCAL_ONLY,770,0.196324,16.917902000000002,0.001397,0,0,0.031918000000000002,18.937438,1,BELOW_TRIGGER,NORMAL_UPDATE,DISABLED_NOT_IMPLEMENTED,0,NOT_REQUESTED
UNONLOCAL_ONLY,771,0.19374,17.023921999999999,0.00097799999999999992,0,0,0.043232,19.114066999999999,1,BELOW_TRIGGER,NORMAL_UPDATE,DISABLED_NOT_IMPLEMENTED,0,NOT_REQUESTED
UNONLOCAL_ONLY,772,0.19639400000000001,14.240182000000001,0.00097799999999999992,0,0,0.031708,16.263978000000002,1,BELOW_TRIGGER,NORMAL_UPDATE,DISABLED_NOT_IMPLEMENTED,0,NOT_REQUESTED
UNONLOCAL_ONLY,773,0.20631099999999999,14.353324000000001,0.001397,0,0,0.028913999999999999,16.401634999999999,1,BELOW_TRIGGER,NORMAL_UPDATE,DISABLED_NOT_IMPLEMENTED,0,NOT_REQUESTED
UNONLOCAL_ONLY,774,0.213086,14.332652,0.001467,0,0,0.067677000000000001,16.457508000000001,1,BELOW_TRIGGER,NORMAL_UPDATE,DISABLED_NOT_IMPLEMENTED,0,NOT_REQUESTED
UNONLOCAL_ONLY,775,0.27657199999999998,16.972659,0.001397,0,42.510601999999999,0.034292000000000003,61.751361000000003,3,PERIODIC_CHECK,DIRECTIONAL_UPDATE,DISABLED_NOT_IMPLEMENTED,0,NOT_REQUESTED
UNONLOCAL_ONLY,776,0.20002600000000001,18.003098999999999,0.0013960000000000001,0,0,0.032896000000000002,20.074876,1,BELOW_TRIGGER,NORMAL_UPDATE,DISABLED_NOT_IMPLEMENTED,0,NOT_REQUESTED
UNONLOCAL_ONLY,777,0.201074,17.5932,0.00097799999999999992,0,0,0.031988000000000003,19.735447000000001,1,BELOW_TRIGGER,NORMAL_UPDATE,DISABLED_NOT_IMPLEMENTED,0,NOT_REQUESTED
UNONLOCAL_ONLY,778,0.20666000000000001,17.026297,0.001397,0,0,0.027237999999999998,19.263736999999999,1,BELOW_TRIGGER,NORMAL_UPDATE,DISABLED_NOT_IMPLEMENTED,0,NOT_REQUESTED
UNONLOCAL_ONLY,779,0.207429,17.319071999999998,0.0014660000000000001,0,0,0.029124000000000001,19.26681,1,BELOW_TRIGGER,NORMAL_UPDATE,DISABLED_NOT_IMPLEMENTED,0,NOT_REQUESTED
UNONLOCAL_ONLY,780,0.234178,20.102184000000001,0.001397,0,0,0.032895000000000001,22.006830000000001,1,BELOW_TRIGGER,NORMAL_UPDATE,DISABLED_NOT_IMPLEMENTED,0,NOT_REQUESTED
UNONLOCAL_ONLY,781,0.200655,17.868653999999999,0.0014660000000000001,0,0,0.033383999999999997,19.761498,1,BELOW_TRIGGER,NORMAL_UPDATE,DISABLED_NOT_IMPLEMENTED,0,NOT_REQUESTED
UNONLOCAL_ONLY,782,0.200934,21.185914,0.00097799999999999992,0,0,0.033873,23.066673000000002,1,BELOW_TRIGGER,NORMAL_UPDATE,DISABLED_NOT_IMPLEMENTED,0,NOT_REQUESTED
UNONLOCAL_ONLY,783,0.25247700000000001,21.062992999999999,0.001397,0,0,0.043442000000000001,23.3767,1,BELOW_TRIGGER,NORMAL_UPDATE,DISABLED_NOT_IMPLEMENTED,0,NOT_REQUESTED
UNONLOCAL_ONLY,784,0.198071,18.588370000000001,0.001397,0,0,0.032896000000000002,20.451809999999998,1,BELOW_TRIGGER,NORMAL_UPDATE,DISABLED_NOT_IMPLEMENTED,0,NOT_REQUESTED
UNONLOCAL_ONLY,785,0.20715,21.068859,0.00097799999999999992,0,0,0.030521,23.022463999999999,1,BELOW_TRIGGER,NORMAL_UPDATE,DISABLED_NOT_IMPLEMENTED,0,NOT_REQUESTED
UNONLOCAL_ONLY,786,0.19353100000000001,20.248152000000001,0.001397,0,0,0.029054,22.307566999999999,1,BELOW_TRIGGER,NORMAL_UPDATE,DISABLED_NOT_IMPLEMENTED,0,NOT_REQUESTED
UNONLOCAL_ONLY,787,0.199327,17.794900999999999,0.00097799999999999992,0,0,0.030032,19.906279000000001,1,BELOW_TRIGGER,NORMAL_UPDATE,DISABLED_NOT_IMPLEMENTED,0,NOT_REQUESTED
UNONLOCAL_ONLY,788,0.19059799999999999,20.318133,0.00097799999999999992,0,0,0.062507999999999994,22.614799000000001,1,BELOW_TRIGGER,NORMAL_UPDATE,DISABLED_NOT_IMPLEMENTED,0,NOT_REQUESTED
UNONLOCAL_ONLY,789,0.20288999999999999,23.688752000000001,0.001467,0,0,0.031917000000000001,25.885545,1,BELOW_TRIGGER,NORMAL_UPDATE,DISABLED_NOT_IMPLEMENTED,0,NOT_REQUESTED
UNONLOCAL_ONLY,790,0.19178400000000001,17.685600000000001,0.00097799999999999992,0,0,0.032196000000000002,19.854666000000002,1,BELOW_TRIGGER,NORMAL_UPDATE,DISABLED_NOT_IMPLEMENTED,0,NOT_REQUESTED
UNONLOCAL_ONLY,791,0.206591,20.697372000000001,0.001397,0,0,0.032405999999999997,23.205238999999999,1,BELOW_TRIGGER,NORMAL_UPDATE,DISABLED_NOT_IMPLEMENTED,0,NOT_REQUESTED
UNONLOCAL_ONLY,792,0.20184199999999999,22.7424,0.001467,0,0,0.031357999999999997,25.013434,1,BELOW_TRIGGER,NORMAL_UPDATE,DISABLED_NOT_IMPLEMENTED,0,NOT_REQUESTED
UNONLOCAL_ONLY,793,0.19925799999999999,23.430966000000002,0.00090799999999999995,0,0,0.031988000000000003,25.720438999999999,1,BELOW_TRIGGER,NORMAL_UPDATE,DISABLED_NOT_IMPLEMENTED,0,NOT_REQUESTED
UNONLOCAL_ONLY,794,0.24032400000000001,17.953931000000001,0.0013270000000000001,0,0,0.032197000000000003,20.280559,1,BELOW_TRIGGER,NORMAL_UPDATE,DISABLED_NOT_IMPLEMENTED,0,NOT_REQUESTED
UNONLOCAL_ONLY,795,0.20058400000000001,20.415353,0.001397,0,0,0.038274000000000002,22.644203000000001,1,BELOW_TRIGGER,NORMAL_UPDATE,DISABLED_NOT_IMPLEMENTED,0,NOT_REQUESTED
UNONLOCAL_ONLY,796,0.196883,22.998718,0.00097799999999999992,0,0,0.040926999999999998,25.483955999999999,1,BELOW_TRIGGER,NORMAL_UPDATE,DISABLED_NOT_IMPLEMENTED,0,NOT_REQUESTED
UNONLOCAL_ONLY,797,0.21008299999999999,20.448108000000001,0.001397,0,0,0.030939999999999999,22.668927,1,BELOW_TRIGGER,NORMAL_UPDATE,DISABLED_NOT_IMPLEMENTED,0,NOT_REQUESTED
UNONLOCAL_ONLY,798,0.195906,17.484456000000002,0.000977,0,0,0.031428999999999999,19.646608000000001,1,BELOW_TRIGGER,NORMAL_UPDATE,DISABLED_NOT_IMPLEMENTED,0,NOT_REQUESTED
UNONLOCAL_ONLY,799,0.19751099999999999,20.292711000000001,0.00097799999999999992,0,0,0.030591,22.512830999999998,1,BELOW_TRIGGER,NORMAL_UPDATE,DISABLED_NOT_IMPLEMENTED,0,NOT_REQUESTED
UNONLOCAL_ONLY,800,0.19779099999999999,20.353891999999998,0.00090799999999999995,0,43.251620000000003,0.033874000000000001,65.888977999999994,3,PERIODIC_CHECK,DIRECTIONAL_UPDATE,DISABLED_NOT_IMPLEMENTED,0,NOT_REQUESTED
UNONLOCAL_ONLY,801,0.201074,20.698070999999999,0.001397,0,0,0.031918000000000002,23.002979,1,BELOW_TRIGGER,NORMAL_UPDATE,DISABLED_NOT_IMPLEMENTED,0,NOT_REQUESTED
UNONLOCAL_ONLY,802,0.21036299999999999,20.508381,0.001467,0,0,0.031009999999999999,22.720400000000001,1,BELOW_TRIGGER,NORMAL_UPDATE,DISABLED_NOT_IMPLEMENTED,0,NOT_REQUESTED
UNONLOCAL_ONLY,803,0.19653399999999999,20.455302,0.001397,0,0,0.043441,22.712437000000001,1,BELOW_TRIGGER,NORMAL_UPDATE,DISABLED_NOT_IMPLEMENTED,0,NOT_REQUESTED
UNONLOCAL_ONLY,804,0.25520100000000001,23.243023000000001,0.001467,0,0,0.033175000000000003,25.530540999999999,1,BELOW_TRIGGER,NORMAL_UPDATE,DISABLED_NOT_IMPLEMENTED,0,NOT_REQUESTED
UNONLOCAL_ONLY,805,0.20791799999999999,20.215187,0.001467,0,0,0.032406999999999998,22.408418999999999,1,BELOW_TRIGGER,NORMAL_UPDATE,DISABLED_NOT_IMPLEMENTED,0,NOT_REQUESTED
UNONLOCAL_ONLY,806,0.2112,23.868803,0.00097799999999999992,0,0,0.031428999999999999,26.066852000000001,1,BELOW_TRIGGER,NORMAL_UPDATE,DISABLED_NOT_IMPLEMENTED,0,NOT_REQUESTED
UNONLOCAL_ONLY,807,0.200515,18.388204999999999,0.00090799999999999995,0,0,0.032475999999999998,20.602667,1,BELOW_TRIGGER,NORMAL_UPDATE,DISABLED_NOT_IMPLEMENTED,0,NOT_REQUESTED
UNONLOCAL_ONLY,808,0.21595,23.704466,0.001467,0,0,0.034851,26.073557999999998,1,BELOW_TRIGGER,NORMAL_UPDATE,DISABLED_NOT_IMPLEMENTED,0,NOT_REQUESTED
UNONLOCAL_ONLY,809,0.20177200000000001,21.326784,0.001467,0,0,0.039530000000000003,23.547671000000001,1,BELOW_TRIGGER,NORMAL_UPDATE,DISABLED_NOT_IMPLEMENTED,0,NOT_REQUESTED
UNONLOCAL_ONLY,810,0.21692800000000001,21.357862999999998,0.00097799999999999992,0,0,0.033383999999999997,23.770745000000002,1,BELOW_TRIGGER,NORMAL_UPDATE,DISABLED_NOT_IMPLEMENTED,0,NOT_REQUESTED
UNONLOCAL_ONLY,811,0.22544800000000001,21.051677999999999,0.001467,0,0,0.034640999999999998,23.306369,1,BELOW_TRIGGER,NORMAL_UPDATE,DISABLED_NOT_IMPLEMENTED,0,NOT_REQUESTED
UNONLOCAL_ONLY,812,0.209594,21.645399999999999,0.00097799999999999992,0,0,0.033943000000000001,24.006250000000001,1,BELOW_TRIGGER,NORMAL_UPDATE,DISABLED_NOT_IMPLEMENTED,0,NOT_REQUESTED
UNONLOCAL_ONLY,813,0.20938499999999999,21.281806,0.00097799999999999992,0,0,0.031988000000000003,23.568275,1,BELOW_TRIGGER,NORMAL_UPDATE,DISABLED_NOT_IMPLEMENTED,0,NOT_REQUESTED
UNONLOCAL_ONLY,814,0.21937200000000001,18.407689999999999,0.001397,0,0,0.040717000000000003,20.695765999999999,1,BELOW_TRIGGER,NORMAL_UPDATE,DISABLED_NOT_IMPLEMENTED,0,NOT_REQUESTED
UNONLOCAL_ONLY,815,0.20980399999999999,20.885035999999999,0.001397,0,0,0.032405999999999997,23.181494000000001,1,BELOW_TRIGGER,NORMAL_UPDATE,DISABLED_NOT_IMPLEMENTED,0,NOT_REQUESTED
UNONLOCAL_ONLY,816,0.20749799999999999,18.355029999999999,0.0019550000000000001,0,0,0.036736999999999999,20.586742999999998,1,BELOW_TRIGGER,NORMAL_UPDATE,DISABLED_NOT_IMPLEMENTED,0,NOT_REQUESTED
UNONLOCAL_ONLY,817,0.19939699999999999,17.975093000000001,0.001467,0,0,0.034640999999999998,20.173352000000001,1,BELOW_TRIGGER,NORMAL_UPDATE,DISABLED_NOT_IMPLEMENTED,0,NOT_REQUESTED
UNONLOCAL_ONLY,818,0.20805799999999999,18.013155999999999,0.001397,0,0,0.039949999999999999,20.369537000000001,1,BELOW_TRIGGER,NORMAL_UPDATE,DISABLED_NOT_IMPLEMENTED,0,NOT_REQUESTED
UNONLOCAL_ONLY,819,0.22928999999999999,20.856192,0.001397,0,0,0.034292999999999997,23.228286000000001,1,BELOW_TRIGGER,NORMAL_UPDATE,DISABLED_NOT_IMPLEMENTED,0,NOT_REQUESTED
UNONLOCAL_ONLY,820,0.26064799999999999,17.882902000000001,0.001397,0,0,0.031918000000000002,20.133194,1,BELOW_TRIGGER,NORMAL_UPDATE,DISABLED_NOT_IMPLEMENTED,0,NOT_REQUESTED
UNONLOCAL_ONLY,821,0.20547299999999999,22.899473,0.001467,0,0,0.032406999999999998,25.12106,1,BELOW_TRIGGER,NORMAL_UPDATE,DISABLED_NOT_IMPLEMENTED,0,NOT_REQUESTED
UNONLOCAL_ONLY,822,0.20805799999999999,20.189695,0.00097799999999999992,0,0,0.030032,22.376151,1,BELOW_TRIGGER,NORMAL_UPDATE,DISABLED_NOT_IMPLEMENTED,0,NOT_REQUESTED
UNONLOCAL_ONLY,823,0.204985,20.037371,0.001397,0,0,0.030521,22.240869,1,BELOW_TRIGGER,NORMAL_UPDATE,DISABLED_NOT_IMPLEMENTED,0,NOT_REQUESTED
UNONLOCAL_ONLY,824,0.20421700000000001,28.337119000000001,0.00097799999999999992,0,0,0.031987000000000002,30.511702,1,BELOW_TRIGGER,NORMAL_UPDATE,DISABLED_NOT_IMPLEMENTED,0,NOT_REQUESTED
UNONLOCAL_ONLY,825,0.19737199999999999,25.825690000000002,0.000977,0,56.813361999999998,0.039042,84.820409999999995,3,PERIODIC_CHECK,DIRECTIONAL_UPDATE,DISABLED_NOT_IMPLEMENTED,0,NOT_REQUESTED
UNONLOCAL_ONLY,826,0.218255,23.104388,0.001467,0,0,0.031987000000000002,25.256482999999999,1,BELOW_TRIGGER,NORMAL_UPDATE,DISABLED_NOT_IMPLEMENTED,0,NOT_REQUESTED
UNONLOCAL_ONLY,827,0.20812700000000001,23.603753999999999,0.001467,0,0,0.033383999999999997,25.697880000000001,1,BELOW_TRIGGER,NORMAL_UPDATE,DISABLED_NOT_IMPLEMENTED,0,NOT_REQUESTED
UNONLOCAL_ONLY,828,0.20777799999999999,23.515405000000001,0.00097799999999999992,0,0,0.031358999999999998,25.669246000000001,1,BELOW_TRIGGER,NORMAL_UPDATE,DISABLED_NOT_IMPLEMENTED,0,NOT_REQUESTED
UNONLOCAL_ONLY,829,0.205822,23.500319000000001,0.0014660000000000001,0,0,0.031988000000000003,25.567556,1,BELOW_TRIGGER,NORMAL_UPDATE,DISABLED_NOT_IMPLEMENTED,0,NOT_REQUESTED
UNONLOCAL_ONLY,830,0.205264,20.967449999999999,0.00097799999999999992,0,0,0.031988000000000003,23.089511999999999,1,BELOW_TRIGGER,NORMAL_UPDATE,DISABLED_NOT_IMPLEMENTED,0,NOT_REQUESTED
UNONLOCAL_ONLY,831,0.204426,21.621583999999999,0.00097799999999999992,0,0,0.032686,23.711310999999998,1,BELOW_TRIGGER,NORMAL_UPDATE,DISABLED_NOT_IMPLEMENTED,0,NOT_REQUESTED
UNONLOCAL_ONLY,832,0.222305,21.414923999999999,0.001467,0,0,0.035340000000000003,23.533494000000001,1,BELOW_TRIGGER,NORMAL_UPDATE,DISABLED_NOT_IMPLEMENTED,0,NOT_REQUESTED
UNONLOCAL_ONLY,833,0.23278099999999999,28.691006000000002,0.001397,0,0,0.049237999999999997,31.005410999999999,1,BELOW_TRIGGER,NORMAL_UPDATE,DISABLED_NOT_IMPLEMENTED,0,NOT_REQUESTED
UNONLOCAL_ONLY,834,0.23152500000000001,21.326854000000001,0.001467,0,0,0.032895000000000001,23.443118999999999,1,BELOW_TRIGGER,NORMAL_UPDATE,DISABLED_NOT_IMPLEMENTED,0,NOT_REQUESTED
UNONLOCAL_ONLY,835,0.21008299999999999,24.426905999999999,0.001467,0,0,0.034361999999999997,26.600721,1,BELOW_TRIGGER,NORMAL_UPDATE,DISABLED_NOT_IMPLEMENTED,0,NOT_REQUESTED
UNONLOCAL_ONLY,836,0.23333999999999999,21.149177000000002,0.00097799999999999992,0,0,0.035758999999999999,23.352884,1,BELOW_TRIGGER,NORMAL_UPDATE,DISABLED_NOT_IMPLEMENTED,0,NOT_REQUESTED
UNONLOCAL_ONLY,837,0.22614699999999999,24.103680000000001,0.001397,0,0,0.072496000000000005,26.338395999999999,1,BELOW_TRIGGER,NORMAL_UPDATE,DISABLED_NOT_IMPLEMENTED,0,NOT_REQUESTED
UNONLOCAL_ONLY,838,0.23452700000000001,20.952224000000001,0.0019559999999999998,0,0,0.034361999999999997,23.111999999999998,1,BELOW_TRIGGER,NORMAL_UPDATE,DISABLED_NOT_IMPLEMENTED,0,NOT_REQUESTED
UNONLOCAL_ONLY,839,0.21895300000000001,24.1386,0.001467,0,0,0.033453999999999998,26.125171000000002,1,BELOW_TRIGGER,NORMAL_UPDATE,DISABLED_NOT_IMPLEMENTED,0,NOT_REQUESTED
UNONLOCAL_ONLY,840,0.21329600000000001,20.887131,0.00097799999999999992,0,0,0.035339000000000002,22.807141999999999,1,BELOW_TRIGGER,NORMAL_UPDATE,DISABLED_NOT_IMPLEMENTED,0,NOT_REQUESTED
UNONLOCAL_ONLY,841,0.212947,27.793472999999999,0.00097799999999999992,0,0,0.051472999999999998,29.754760000000001,1,BELOW_TRIGGER,NORMAL_UPDATE,DISABLED_NOT_IMPLEMENTED,0,NOT_REQUESTED
UNONLOCAL_ONLY,842,0.335449,31.137899999999998,0.0013960000000000001,0,0,0.051124000000000003,33.672936,1,BELOW_TRIGGER,NORMAL_UPDATE,DISABLED_NOT_IMPLEMENTED,0,NOT_REQUESTED
UNONLOCAL_ONLY,843,0.34515600000000002,18.542973,0.001397,0,0,0.031918000000000002,21.176345000000001,1,BELOW_TRIGGER,NORMAL_UPDATE,DISABLED_NOT_IMPLEMENTED,0,NOT_REQUESTED
UNONLOCAL_ONLY,844,0.20058500000000001,19.759820999999999,0.001467,0,0,0.034851,21.538333999999999,1,BELOW_TRIGGER,NORMAL_UPDATE,DISABLED_NOT_IMPLEMENTED,0,NOT_REQUESTED
UNONLOCAL_ONLY,845,0.20994299999999999,20.56635,0.001467,0,0,0.065860000000000002,22.647345999999999,1,BELOW_TRIGGER,NORMAL_UPDATE,DISABLED_NOT_IMPLEMENTED,0,NOT_REQUESTED
UNONLOCAL_ONLY,846,0.31253999999999998,31.887160000000002,0.00090799999999999995,0,0,0.053220000000000003,34.531357,1,BELOW_TRIGGER,NORMAL_UPDATE,DISABLED_NOT_IMPLEMENTED,0,NOT_REQUESTED
UNONLOCAL_ONLY,847,0.241233,23.427963999999999,0.0014660000000000001,0,0,0.039111,25.830718000000001,1,BELOW_TRIGGER,NORMAL_UPDATE,DISABLED_NOT_IMPLEMENTED,0,NOT_REQUESTED
UNONLOCAL_ONLY,848,0.28404600000000002,19.078308,0.000977,0,0,0.052520999999999998,21.94502,1,BELOW_TRIGGER,NORMAL_UPDATE,DISABLED_NOT_IMPLEMENTED,0,NOT_REQUESTED
UNONLOCAL_ONLY,849,0.28481400000000001,21.880766000000001,0.00090799999999999995,0,0,0.033105000000000002,24.384091999999999,1,BELOW_TRIGGER,NORMAL_UPDATE,DISABLED_NOT_IMPLEMENTED,0,NOT_REQUESTED
UNONLOCAL_ONLY,850,0.204985,21.758474,0.001467,0,51.437804999999997,0.074940000000000007,75.566627999999994,3,PERIODIC_CHECK,DIRECTIONAL_UPDATE,DISABLED_NOT_IMPLEMENTED,0,NOT_REQUESTED
UNONLOCAL_ONLY,851,0.22139800000000001,21.971489999999999,0.001397,0,0,0.035270000000000003,24.373058,1,BELOW_TRIGGER,NORMAL_UPDATE,DISABLED_NOT_IMPLEMENTED,0,NOT_REQUESTED
UNONLOCAL_ONLY,852,0.210642,26.39406,0.001397,0,0,0.033803,28.681507,1,BELOW_TRIGGER,NORMAL_UPDATE,DISABLED_NOT_IMPLEMENTED,0,NOT_REQUESTED
UNONLOCAL_ONLY,853,0.225658,26.42493,0.001397,0,0,0.039111,28.675291000000001,1,BELOW_TRIGGER,NORMAL_UPDATE,DISABLED_NOT_IMPLEMENTED,0,NOT_REQUESTED
UNONLOCAL_ONLY,854,0.26169599999999998,26.926670000000001,0.0014660000000000001,0,0,0.031427999999999998,29.490480999999999,1,BELOW_TRIGGER,NORMAL_UPDATE,DISABLED_NOT_IMPLEMENTED,0,NOT_REQUESTED
UNONLOCAL_ONLY,855,0.20100399999999999,25.870039999999999,0.001397,0,0,0.029543,27.839148999999999,1,BELOW_TRIGGER,NORMAL_UPDATE,DISABLED_NOT_IMPLEMENTED,0,NOT_REQUESTED
UNONLOCAL_ONLY,856,0.222305,26.458524000000001,0.00097799999999999992,0,0,0.032405999999999997,28.589735000000001,1,BELOW_TRIGGER,NORMAL_UPDATE,DISABLED_NOT_IMPLEMENTED,0,NOT_REQUESTED
UNONLOCAL_ONLY,857,0.21231800000000001,21.193386,0.0014660000000000001,0,0,0.031987000000000002,23.201049000000001,1,BELOW_TRIGGER,NORMAL_UPDATE,DISABLED_NOT_IMPLEMENTED,0,NOT_REQUESTED
UNONLOCAL_ONLY,858,0.21127000000000001,30.163751999999999,0.00097799999999999992,0,0,0.034083000000000002,32.116588,1,BELOW_TRIGGER,NORMAL_UPDATE,DISABLED_NOT_IMPLEMENTED,0,NOT_REQUESTED
UNONLOCAL_ONLY,859,0.22090899999999999,34.529401,0.00097799999999999992,0,0,0.040018999999999999,36.883057000000001,1,BELOW_TRIGGER,NORMAL_UPDATE,DISABLED_NOT_IMPLEMENTED,0,NOT_REQUESTED
UNONLOCAL_ONLY,860,0.21420400000000001,23.601030999999999,0.0024450000000000001,0,0,0.068304000000000004,25.804389,1,BELOW_TRIGGER,NORMAL_UPDATE,DISABLED_NOT_IMPLEMENTED,0,NOT_REQUESTED
UNONLOCAL_ONLY,861,0.223492,23.941227999999999,0.001397,0,0,0.030870000000000002,26.005462000000001,1,BELOW_TRIGGER,NORMAL_UPDATE,DISABLED_NOT_IMPLEMENTED,0,NOT_REQUESTED
UNONLOCAL_ONLY,862,0.21036299999999999,26.509437999999999,0.001397,0,0,0.034431999999999997,28.588338,1,BELOW_TRIGGER,NORMAL_UPDATE,DISABLED_NOT_IMPLEMENTED,0,NOT_REQUESTED
UNONLOCAL_ONLY,863,0.21057200000000001,25.39442,0.001397,0,0,0.039530000000000003,27.493784000000002,1,BELOW_TRIGGER,NORMAL_UPDATE,DISABLED_NOT_IMPLEMENTED,0,NOT_REQUESTED
UNONLOCAL_ONLY,864,0.203239,20.643874,0.0018159999999999999,0,0,0.036665999999999997,22.686736,1,BELOW_TRIGGER,NORMAL_UPDATE,DISABLED_NOT_IMPLEMENTED,0,NOT_REQUESTED
UNONLOCAL_ONLY,865,0.21217800000000001,22.610958,0.001397,0,0,0.034083000000000002,24.745103,1,BELOW_TRIGGER,NORMAL_UPDATE,DISABLED_NOT_IMPLEMENTED,0,NOT_REQUESTED
UNONLOCAL_ONLY,866,0.227543,30.796865,0.00090799999999999995,0,0,0.052940000000000001,33.346845999999999,1,BELOW_TRIGGER,NORMAL_UPDATE,DISABLED_NOT_IMPLEMENTED,0,NOT_REQUESTED
UNONLOCAL_ONLY,867,0.31268000000000001,34.455229000000003,0.001397,0,0,0.037226000000000002,37.545783,1,BELOW_TRIGGER,NORMAL_UPDATE,DISABLED_NOT_IMPLEMENTED,0,NOT_REQUESTED
UNONLOCAL_ONLY,868,0.22020999999999999,26.687533999999999,0.001397,0,0,0.031917000000000001,28.975190000000001,1,BELOW_TRIGGER,NORMAL_UPDATE,DISABLED_NOT_IMPLEMENTED,0,NOT_REQUESTED
UNONLOCAL_ONLY,869,0.208617,23.838840000000001,0.001397,0,0,0.035618999999999998,25.980180000000001,1,BELOW_TRIGGER,NORMAL_UPDATE,DISABLED_NOT_IMPLEMENTED,0,NOT_REQUESTED
UNONLOCAL_ONLY,870,0.21196799999999999,23.302458000000001,0.00097799999999999992,0,0,0.046234999999999998,25.488426,1,BELOW_TRIGGER,NORMAL_UPDATE,DISABLED_NOT_IMPLEMENTED,0,NOT_REQUESTED
UNONLOCAL_ONLY,871,0.21057200000000001,23.702580000000001,0.001397,0,0,0.059435000000000002,26.026693999999999,1,BELOW_TRIGGER,NORMAL_UPDATE,DISABLED_NOT_IMPLEMENTED,0,NOT_REQUESTED
UNONLOCAL_ONLY,872,0.22516900000000001,20.588698999999998,0.001397,0,0,0.056850999999999999,22.943403,1,BELOW_TRIGGER,NORMAL_UPDATE,DISABLED_NOT_IMPLEMENTED,0,NOT_REQUESTED
UNONLOCAL_ONLY,873,0.312471,28.436433000000001,0.0013960000000000001,0,67.725528999999995,0.038064000000000001,99.175061999999997,3,HIGH_NORMALIZED_INNOVATION,DIRECTIONAL_UPDATE,DISABLED_NOT_IMPLEMENTED,0,NOT_REQUESTED
UNONLOCAL_ONLY,874,0.234318,37.544804999999997,0.0013960000000000001,0,71.115144000000001,0.056222000000000001,111.331593,3,HIGH_NORMALIZED_INNOVATION,DIRECTIONAL_UPDATE,DISABLED_NOT_IMPLEMENTED,0,NOT_REQUESTED
UNONLOCAL_ONLY,875,0.23333999999999999,30.046348999999999,0.00097799999999999992,0,66.342039999999997,0.039879999999999999,98.874673999999999,3,HIGH_NORMALIZED_INNOVATION,DIRECTIONAL_UPDATE,DISABLED_NOT_IMPLEMENTED,0,NOT_REQUESTED
UNONLOCAL_ONLY,876,0.22894,29.231648,0.0013960000000000001,0,60.207445999999997,0.054406999999999997,91.824948000000006,3,HIGH_NORMALIZED_INNOVATION,DIRECTIONAL_UPDATE,DISABLED_NOT_IMPLEMENTED,0,NOT_REQUESTED
UNONLOCAL_ONLY,877,0.22761300000000001,29.642873999999999,0.00090799999999999995,0,69.519336999999993,0.053988000000000001,101.573836,3,HIGH_NORMALIZED_INNOVATION,DIRECTIONAL_UPDATE,DISABLED_NOT_IMPLEMENTED,0,NOT_REQUESTED
UNONLOCAL_ONLY,878,0.31959399999999999,26.513838,0.001467,0,59.706614000000002,0.039111,89.292218000000005,3,HIGH_NORMALIZED_INNOVATION,DIRECTIONAL_UPDATE,DISABLED_NOT_IMPLEMENTED,0,NOT_REQUESTED
UNONLOCAL_ONLY,879,0.232293,36.232413999999999,0.001467,0,64.552212999999995,0.033873,103.12417600000001,3,HIGH_NORMALIZED_INNOVATION,DIRECTIONAL_UPDATE,DISABLED_NOT_IMPLEMENTED,0,NOT_REQUESTED
UNONLOCAL_ONLY,880,0.209594,32.476551000000001,0.0023050000000000002,0,58.300984999999997,0.077383999999999994,93.028176000000002,3,HIGH_NORMALIZED_INNOVATION,DIRECTIONAL_UPDATE,DISABLED_NOT_IMPLEMENTED,0,NOT_REQUESTED
UNONLOCAL_ONLY,881,0.199188,19.862279000000001,0.001467,0,52.562950999999998,0.031498999999999999,74.6494,3,HIGH_NORMALIZED_INNOVATION,DIRECTIONAL_UPDATE,DISABLED_NOT_IMPLEMENTED,0,NOT_REQUESTED
UNONLOCAL_ONLY,882,0.199049,21.979941,0.00090799999999999995,0,51.636643999999997,0.035688999999999999,75.712596000000005,3,HIGH_NORMALIZED_INNOVATION,DIRECTIONAL_UPDATE,DISABLED_NOT_IMPLEMENTED,0,NOT_REQUESTED
UNONLOCAL_ONLY,883,0.20372799999999999,23.808389999999999,0.0018159999999999999,0,76.627519000000007,0.034851,102.642201,3,HIGH_NORMALIZED_INNOVATION,DIRECTIONAL_UPDATE,DISABLED_NOT_IMPLEMENTED,0,NOT_REQUESTED
UNONLOCAL_ONLY,884,0.25101000000000001,27.322113000000002,0.0019559999999999998,0,55.349974000000003,0.05713,84.939139999999995,3,HIGH_NORMALIZED_INNOVATION,DIRECTIONAL_UPDATE,DISABLED_NOT_IMPLEMENTED,0,NOT_REQUESTED
UNONLOCAL_ONLY,885,0.213365,24.120092,0.0014660000000000001,0,0,0.034782,26.239501000000001,1,BELOW_TRIGGER,NORMAL_UPDATE,DISABLED_NOT_IMPLEMENTED,0,NOT_REQUESTED
UNONLOCAL_ONLY,886,0.205822,24.573363000000001,0.00097799999999999992,0,0,0.034292000000000003,26.768270000000001,1,BELOW_TRIGGER,NORMAL_UPDATE,DISABLED_NOT_IMPLEMENTED,0,NOT_REQUESTED
UNONLOCAL_ONLY,887,0.20854600000000001,26.161418000000001,0.0014660000000000001,0,0,0.034361999999999997,28.271887,1,BELOW_TRIGGER,NORMAL_UPDATE,DISABLED_NOT_IMPLEMENTED,0,NOT_REQUESTED
UNONLOCAL_ONLY,888,0.20058400000000001,22.206855999999998,0.001467,0,0,0.033314000000000003,24.293229,1,BELOW_TRIGGER,NORMAL_UPDATE,DISABLED_NOT_IMPLEMENTED,0,NOT_REQUESTED
UNONLOCAL_ONLY,889,0.20687,27.269103000000001,0.001467,0,0,0.032406999999999998,29.339064,1,BELOW_TRIGGER,NORMAL_UPDATE,DISABLED_NOT_IMPLEMENTED,0,NOT_REQUESTED
UNONLOCAL_ONLY,890,0.217975,26.564473,0.00090799999999999995,0,0,0.031918000000000002,28.713564000000002,1,BELOW_TRIGGER,NORMAL_UPDATE,DISABLED_NOT_IMPLEMENTED,0,NOT_REQUESTED
UNONLOCAL_ONLY,891,0.19597500000000001,19.776862000000001,0.00090799999999999995,0,0,0.031497999999999998,21.826917999999999,1,BELOW_TRIGGER,NORMAL_UPDATE,DISABLED_NOT_IMPLEMENTED,0,NOT_REQUESTED
UNONLOCAL_ONLY,892,0.208896,29.827604999999998,0.00097799999999999992,0,0,0.033804000000000001,31.920961999999999,1,BELOW_TRIGGER,NORMAL_UPDATE,DISABLED_NOT_IMPLEMENTED,0,NOT_REQUESTED
UNONLOCAL_ONLY,893,0.20701,24.013304999999999,0.00090799999999999995,0,0,0.049307999999999998,26.112389,1,BELOW_TRIGGER,NORMAL_UPDATE,DISABLED_NOT_IMPLEMENTED,0,NOT_REQUESTED
UNONLOCAL_ONLY,894,0.20491500000000001,22.018772999999999,0.00097799999999999992,0,0,0.032406999999999998,24.138180999999999,1,BELOW_TRIGGER,NORMAL_UPDATE,DISABLED_NOT_IMPLEMENTED,0,NOT_REQUESTED
UNONLOCAL_ONLY,895,0.21238799999999999,19.312207999999998,0.001397,0,0,0.031917000000000001,21.348994000000001,1,BELOW_TRIGGER,NORMAL_UPDATE,DISABLED_NOT_IMPLEMENTED,0,NOT_REQUESTED
UNONLOCAL_ONLY,896,0.203379,22.773478999999998,0.0014660000000000001,0,0,0.030731000000000001,24.806075,1,BELOW_TRIGGER,NORMAL_UPDATE,DISABLED_NOT_IMPLEMENTED,0,NOT_REQUESTED
UNONLOCAL_ONLY,897,0.20274900000000001,21.968976000000001,0.00097799999999999992,0,0,0.031918000000000002,24.089292,1,BELOW_TRIGGER,NORMAL_UPDATE,DISABLED_NOT_IMPLEMENTED,0,NOT_REQUESTED
UNONLOCAL_ONLY,898,0.20393700000000001,19.536189,0.00090799999999999995,0,0,0.033803,21.561032000000001,1,BELOW_TRIGGER,NORMAL_UPDATE,DISABLED_NOT_IMPLEMENTED,0,NOT_REQUESTED
UNONLOCAL_ONLY,899,0.201353,20.067822,0.001467,0,0,0.036457999999999997,22.156431000000001,1,BELOW_TRIGGER,NORMAL_UPDATE,DISABLED_NOT_IMPLEMENTED,0,NOT_REQUESTED
UNONLOCAL_ONLY,900,0.25142999999999999,19.642976000000001,0.00090799999999999995,0,50.238906999999998,0.035758999999999999,72.318651000000003,3,PERIODIC_CHECK,DIRECTIONAL_UPDATE,DISABLED_NOT_IMPLEMENTED,0,NOT_REQUESTED
UNONLOCAL_ONLY,901,0.214832,14.502715,0.00090799999999999995,0,0,0.032895000000000001,16.633088999999998,1,BELOW_TRIGGER,NORMAL_UPDATE,DISABLED_NOT_IMPLEMENTED,0,NOT_REQUESTED
UNONLOCAL_ONLY,902,0.20421600000000001,21.384333000000002,0.00097799999999999992,0,0,0.038691999999999997,23.522669,1,BELOW_TRIGGER,NORMAL_UPDATE,DISABLED_NOT_IMPLEMENTED,0,NOT_REQUESTED
UNONLOCAL_ONLY,903,0.208896,14.49685,0.001397,0,0,0.039948999999999998,16.709426000000001,1,BELOW_TRIGGER,NORMAL_UPDATE,DISABLED_NOT_IMPLEMENTED,0,NOT_REQUESTED
UNONLOCAL_ONLY,904,0.21113000000000001,19.630475000000001,0.0013960000000000001,0,0,0.033174000000000002,22.038886999999999,1,BELOW_TRIGGER,NORMAL_UPDATE,DISABLED_NOT_IMPLEMENTED,0,NOT_REQUESTED
UNONLOCAL_ONLY,905,0.20505399999999999,22.088823999999999,0.0023739999999999998,0,53.286788000000001,0.043999999999999997,77.477350000000001,3,HIGH_NORMALIZED_INNOVATION,DIRECTIONAL_UPDATE,DISABLED_NOT_IMPLEMENTED,0,NOT_REQUESTED
UNONLOCAL_ONLY,906,0.210642,27.497415,0.001397,0,54.802067000000001,0.048399999999999999,84.662218999999993,3,HIGH_NORMALIZED_INNOVATION,DIRECTIONAL_UPDATE,DISABLED_NOT_IMPLEMENTED,0,NOT_REQUESTED
UNONLOCAL_ONLY,907,0.27671200000000001,24.235749999999999,0.001467,0,50.293661999999998,0.037435000000000003,76.818466000000001,3,HIGH_NORMALIZED_INNOVATION,DIRECTIONAL_UPDATE,DISABLED_NOT_IMPLEMENTED,0,NOT_REQUESTED
UNONLOCAL_ONLY,908,0.202959,24.284777999999999,0.001467,0,46.675666999999997,0.048469999999999999,73.087676000000002,3,HIGH_NORMALIZED_INNOVATION,DIRECTIONAL_UPDATE,DISABLED_NOT_IMPLEMENTED,0,NOT_REQUESTED
UNONLOCAL_ONLY,909,0.224191,14.599796,0.000977,0,62.81344,0.055454000000000003,79.688810000000004,3,HIGH_NORMALIZED_INNOVATION,DIRECTIONAL_UPDATE,DISABLED_NOT_IMPLEMENTED,0,NOT_REQUESTED
UNONLOCAL_ONLY,910,0.218115,11.764093000000001,0.0013960000000000001,0,0,0.034292999999999997,13.898308,1,BELOW_TRIGGER,NORMAL_UPDATE,DISABLED_NOT_IMPLEMENTED,0,NOT_REQUESTED
UNONLOCAL_ONLY,911,0.205683,24.855523000000002,0.00097799999999999992,0,46.658833999999999,0.064812999999999996,73.798591999999999,3,HIGH_NORMALIZED_INNOVATION,DIRECTIONAL_UPDATE,DISABLED_NOT_IMPLEMENTED,0,NOT_REQUESTED
UNONLOCAL_ONLY,912,0.20177200000000001,24.700334999999999,0.0014660000000000001,0,0,0.034292000000000003,26.766245000000001,1,BELOW_TRIGGER,NORMAL_UPDATE,DISABLED_NOT_IMPLEMENTED,0,NOT_REQUESTED
UNONLOCAL_ONLY,913,0.22914999999999999,22.726756000000002,0.0014660000000000001,0,0,0.034292999999999997,24.886393000000002,1,BELOW_TRIGGER,NORMAL_UPDATE,DISABLED_NOT_IMPLEMENTED,0,NOT_REQUESTED
UNONLOCAL_ONLY,914,0.20666100000000001,22.606908000000001,0.0023749999999999999,0,0,0.034851,24.724150999999999,1,BELOW_TRIGGER,NORMAL_UPDATE,DISABLED_NOT_IMPLEMENTED,0,NOT_REQUESTED
UNONLOCAL_ONLY,915,0.198349,20.706451999999999,0.00090700000000000004,0,0,0.074171000000000001,22.868324000000001,1,BELOW_TRIGGER,NORMAL_UPDATE,DISABLED_NOT_IMPLEMENTED,0,NOT_REQUESTED
UNONLOCAL_ONLY,916,0.221467,18.199842,0.001467,0,0,0.034222000000000002,20.294038,1,BELOW_TRIGGER,NORMAL_UPDATE,DISABLED_NOT_IMPLEMENTED,0,NOT_REQUESTED
UNONLOCAL_ONLY,917,0.205543,17.067364000000001,0.00097799999999999992,0,0,0.03108,19.069578,1,BELOW_TRIGGER,NORMAL_UPDATE,DISABLED_NOT_IMPLEMENTED,0,NOT_REQUESTED
UNONLOCAL_ONLY,918,0.22642599999999999,14.560264999999999,0.00097799999999999992,0,0,0.029613,16.617096,1,BELOW_TRIGGER,NORMAL_UPDATE,DISABLED_NOT_IMPLEMENTED,0,NOT_REQUESTED
UNONLOCAL_ONLY,919,0.21434300000000001,25.478577999999999,0.00090799999999999995,0,0,0.031917000000000001,27.462634000000001,1,BELOW_TRIGGER,NORMAL_UPDATE,DISABLED_NOT_IMPLEMENTED,0,NOT_REQUESTED
UNONLOCAL_ONLY,920,0.203378,16.721858000000001,0.001467,0,0,0.031009999999999999,18.651717000000001,1,BELOW_TRIGGER,NORMAL_UPDATE,DISABLED_NOT_IMPLEMENTED,0,NOT_REQUESTED
UNONLOCAL_ONLY,921,0.19946700000000001,19.406632999999999,0.001397,0,0,0.029543,21.419813000000001,1,BELOW_TRIGGER,NORMAL_UPDATE,DISABLED_NOT_IMPLEMENTED,0,NOT_REQUESTED
UNONLOCAL_ONLY,922,0.202261,16.476853999999999,0.00097799999999999992,0,0,0.029613,18.463214000000001,1,BELOW_TRIGGER,NORMAL_UPDATE,DISABLED_NOT_IMPLEMENTED,0,NOT_REQUESTED
UNONLOCAL_ONLY,923,0.201353,32.033895999999999,0.001397,0,0,0.034292000000000003,34.064047000000002,1,BELOW_TRIGGER,NORMAL_UPDATE,DISABLED_NOT_IMPLEMENTED,0,NOT_REQUESTED
UNONLOCAL_ONLY,924,0.20170199999999999,15.248412999999999,0.001467,0,0,0.033873,17.299097,1,BELOW_TRIGGER,NORMAL_UPDATE,DISABLED_NOT_IMPLEMENTED,0,NOT_REQUESTED
UNONLOCAL_ONLY,925,0.21455299999999999,19.57516,0.001467,0,54.397126999999998,0.034083000000000002,76.110483000000002,3,PERIODIC_CHECK,DIRECTIONAL_UPDATE,DISABLED_NOT_IMPLEMENTED,0,NOT_REQUESTED
UNONLOCAL_ONLY,926,0.204426,17.445346000000001,0.0014660000000000001,0,0,0.054826,19.610361000000001,1,BELOW_TRIGGER,NORMAL_UPDATE,DISABLED_NOT_IMPLEMENTED,0,NOT_REQUESTED
UNONLOCAL_ONLY,927,0.21343500000000001,16.738619,0.001397,0,0,0.032896000000000002,18.927589999999999,1,BELOW_TRIGGER,NORMAL_UPDATE,DISABLED_NOT_IMPLEMENTED,0,NOT_REQUESTED
UNONLOCAL_ONLY,928,0.20358799999999999,14.268117999999999,0.001467,0,0,0.032475999999999998,16.357634999999998,1,BELOW_TRIGGER,NORMAL_UPDATE,DISABLED_NOT_IMPLEMENTED,0,NOT_REQUESTED
UNONLOCAL_ONLY,929,0.204426,16.882214000000001,0.0013960000000000001,0,0,0.033803,19.023831999999999,1,BELOW_TRIGGER,NORMAL_UPDATE,DISABLED_NOT_IMPLEMENTED,0,NOT_REQUESTED
UNONLOCAL_ONLY,930,0.23766999999999999,21.099031,0.000977,0,0,0.032405999999999997,23.772839999999999,1,BELOW_TRIGGER,NORMAL_UPDATE,DISABLED_NOT_IMPLEMENTED,0,NOT_REQUESTED
UNONLOCAL_ONLY,931,0.20177200000000001,19.796068999999999,0.001397,0,0,0.031987000000000002,21.924067000000001,1,BELOW_TRIGGER,NORMAL_UPDATE,DISABLED_NOT_IMPLEMENTED,0,NOT_REQUESTED
UNONLOCAL_ONLY,932,0.20233100000000001,22.317135,0.001397,0,0,0.041765999999999998,24.460849,1,BELOW_TRIGGER,NORMAL_UPDATE,DISABLED_NOT_IMPLEMENTED,0,NOT_REQUESTED
UNONLOCAL_ONLY,933,0.26476899999999998,11.672250999999999,0.000977,0,0,0.027587,14.407242,1,BELOW_TRIGGER,NORMAL_UPDATE,DISABLED_NOT_IMPLEMENTED,0,NOT_REQUESTED
UNONLOCAL_ONLY,934,0.18689600000000001,16.237786,0.001397,0,0,0.035270000000000003,18.241118,1,BELOW_TRIGGER,NORMAL_UPDATE,DISABLED_NOT_IMPLEMENTED,0,NOT_REQUESTED
UNONLOCAL_ONLY,935,0.20044500000000001,18.873951999999999,0.001467,0,0,0.031009999999999999,20.986936,1,BELOW_TRIGGER,NORMAL_UPDATE,DISABLED_NOT_IMPLEMENTED,0,NOT_REQUESTED
UNONLOCAL_ONLY,936,0.19611500000000001,14.876507,0.00090799999999999995,0,0,0.025772,16.948422999999998,1,BELOW_TRIGGER,NORMAL_UPDATE,DISABLED_NOT_IMPLEMENTED,0,NOT_REQUESTED
UNONLOCAL_ONLY,937,0.18955,14.124663999999999,0.001467,0,0,0.029124000000000001,16.115984000000001,1,BELOW_TRIGGER,NORMAL_UPDATE,DISABLED_NOT_IMPLEMENTED,0,NOT_REQUESTED
UNONLOCAL_ONLY,938,0.196045,16.566880000000001,0.001397,0,0,0.025701999999999999,18.612255999999999,1,BELOW_TRIGGER,NORMAL_UPDATE,DISABLED_NOT_IMPLEMENTED,0,NOT_REQUESTED
UNONLOCAL_ONLY,939,0.19422900000000001,14.142962000000001,0.0019559999999999998,0,0,0.029543,16.186384,1,BELOW_TRIGGER,NORMAL_UPDATE,DISABLED_NOT_IMPLEMENTED,0,NOT_REQUESTED
UNONLOCAL_ONLY,940,0.19548699999999999,12.027675,0.001397,0,0,0.035061000000000002,14.169293,1,BELOW_TRIGGER,NORMAL_UPDATE,DISABLED_NOT_IMPLEMENTED,0,NOT_REQUESTED
UNONLOCAL_ONLY,941,0.181448,14.4305,0.001467,0,0,0.034292000000000003,16.526232,1,BELOW_TRIGGER,NORMAL_UPDATE,DISABLED_NOT_IMPLEMENTED,0,NOT_REQUESTED
UNONLOCAL_ONLY,942,0.208896,14.541618,0.0014660000000000001,0,0,0.032754999999999999,16.643217,1,BELOW_TRIGGER,NORMAL_UPDATE,DISABLED_NOT_IMPLEMENTED,0,NOT_REQUESTED
UNONLOCAL_ONLY,943,0.197023,22.655518000000001,0.001397,0,0,0.033314999999999997,24.785122999999999,1,BELOW_TRIGGER,NORMAL_UPDATE,DISABLED_NOT_IMPLEMENTED,0,NOT_REQUESTED
UNONLOCAL_ONLY,944,0.205683,20.457048,0.001467,0,0,0.057758999999999998,22.640920000000001,1,BELOW_TRIGGER,NORMAL_UPDATE,DISABLED_NOT_IMPLEMENTED,0,NOT_REQUESTED
UNONLOCAL_ONLY,945,0.24018500000000001,20.956135,0.001397,0,0,0.033383999999999997,23.167804,1,BELOW_TRIGGER,NORMAL_UPDATE,DISABLED_NOT_IMPLEMENTED,0,NOT_REQUESTED
UNONLOCAL_ONLY,946,0.22705400000000001,23.80406,0.0013960000000000001,0,0,0.044769000000000003,26.071672,1,BELOW_TRIGGER,NORMAL_UPDATE,DISABLED_NOT_IMPLEMENTED,0,NOT_REQUESTED
UNONLOCAL_ONLY,947,0.25974000000000003,18.158497000000001,0.00048799999999999999,0,0,0.033803,20.567468000000002,1,BELOW_TRIGGER,NORMAL_UPDATE,DISABLED_NOT_IMPLEMENTED,0,NOT_REQUESTED
UNONLOCAL_ONLY,948,0.22712399999999999,20.606020000000001,0.00097799999999999992,0,0,0.031917000000000001,22.836196999999999,1,BELOW_TRIGGER,NORMAL_UPDATE,DISABLED_NOT_IMPLEMENTED,0,NOT_REQUESTED
UNONLOCAL_ONLY,949,0.203099,20.621943000000002,0.001467,0,0,0.030939999999999999,22.873353000000002,1,BELOW_TRIGGER,NORMAL_UPDATE,DISABLED_NOT_IMPLEMENTED,0,NOT_REQUESTED
UNONLOCAL_ONLY,950,0.198489,20.138572,0.001467,0,42.498240000000003,0.036178000000000002,64.885007000000002,3,PERIODIC_CHECK,DIRECTIONAL_UPDATE,DISABLED_NOT_IMPLEMENTED,0,NOT_REQUESTED
UNONLOCAL_ONLY,951,0.20477500000000001,20.878053000000001,0.001467,0,0,0.033803,23.138121999999999,1,BELOW_TRIGGER,NORMAL_UPDATE,DISABLED_NOT_IMPLEMENTED,0,NOT_REQUESTED
UNONLOCAL_ONLY,952,0.21127000000000001,17.666043999999999,0.001397,0,0,0.033873,19.942246999999998,1,BELOW_TRIGGER,NORMAL_UPDATE,DISABLED_NOT_IMPLEMENTED,0,NOT_REQUESTED
UNONLOCAL_ONLY,953,0.198768,19.995885000000001,0.00097799999999999992,0,0,0.033803,22.183598,1,BELOW_TRIGGER,NORMAL_UPDATE,DISABLED_NOT_IMPLEMENTED,0,NOT_REQUESTED
UNONLOCAL_ONLY,954,0.19772100000000001,17.742521,0.001397,0,0,0.050215999999999997,19.924368000000001,1,BELOW_TRIGGER,NORMAL_UPDATE,DISABLED_NOT_IMPLEMENTED,0,NOT_REQUESTED
UNONLOCAL_ONLY,955,0.19967599999999999,20.12593,0.001467,0,0,0.031008999999999998,22.356805000000001,1,BELOW_TRIGGER,NORMAL_UPDATE,DISABLED_NOT_IMPLEMENTED,0,NOT_REQUESTED
UNONLOCAL_ONLY,956,0.19821,22.809446999999999,0.00097799999999999992,0,0,0.034153000000000003,25.004774000000001,1,BELOW_TRIGGER,NORMAL_UPDATE,DISABLED_NOT_IMPLEMENTED,0,NOT_REQUESTED
UNONLOCAL_ONLY,957,0.19897799999999999,22.726894999999999,0.0013960000000000001,0,0,0.033734,25.252500999999999,1,BELOW_TRIGGER,NORMAL_UPDATE,DISABLED_NOT_IMPLEMENTED,0,NOT_REQUESTED
UNONLOCAL_ONLY,958,0.20833699999999999,23.572255999999999,0.000977,0,0,0.033663999999999999,25.893367000000001,1,BELOW_TRIGGER,NORMAL_UPDATE,DISABLED_NOT_IMPLEMENTED,0,NOT_REQUESTED
UNONLOCAL_ONLY,959,0.20707999999999999,20.318832,0.0013960000000000001,0,0,0.045467,22.614241,1,BELOW_TRIGGER,NORMAL_UPDATE,DISABLED_NOT_IMPLEMENTED,0,NOT_REQUESTED
UNONLOCAL_ONLY,960,0.21371399999999999,23.100826000000001,0.001397,0,0,0.031498999999999999,25.291402999999999,1,BELOW_TRIGGER,NORMAL_UPDATE,DISABLED_NOT_IMPLEMENTED,0,NOT_REQUESTED
UNONLOCAL_ONLY,961,0.19800000000000001,17.201039999999999,0.00097799999999999992,0,0,0.030241000000000001,19.421579000000001,1,BELOW_TRIGGER,NORMAL_UPDATE,DISABLED_NOT_IMPLEMENTED,0,NOT_REQUESTED
UNONLOCAL_ONLY,962,0.199188,19.977238,0.001467,0,0,0.029961999999999999,22.189813999999998,1,BELOW_TRIGGER,NORMAL_UPDATE,DISABLED_NOT_IMPLEMENTED,0,NOT_REQUESTED
UNONLOCAL_ONLY,963,0.197023,19.943853000000001,0.000977,0,0,0.033244999999999997,22.091757000000001,1,BELOW_TRIGGER,NORMAL_UPDATE,DISABLED_NOT_IMPLEMENTED,0,NOT_REQUESTED
UNONLOCAL_ONLY,964,0.198769,20.031714000000001,0.001397,0,0,0.034500999999999997,22.194983000000001,1,BELOW_TRIGGER,NORMAL_UPDATE,DISABLED_NOT_IMPLEMENTED,0,NOT_REQUESTED
UNONLOCAL_ONLY,965,0.19583600000000001,18.220445999999999,0.00090799999999999995,0,0,0.034223000000000003,20.532826,1,BELOW_TRIGGER,NORMAL_UPDATE,DISABLED_NOT_IMPLEMENTED,0,NOT_REQUESTED
UNONLOCAL_ONLY,966,0.20330799999999999,17.488019000000001,0.001467,0,0,0.038063,19.749483999999999,1,BELOW_TRIGGER,NORMAL_UPDATE,DISABLED_NOT_IMPLEMENTED,0,NOT_REQUESTED
UNONLOCAL_ONLY,967,0.197163,12.953912000000001,0.00097799999999999992,0,0,0.038134000000000001,15.363512,1,BELOW_TRIGGER,NORMAL_UPDATE,DISABLED_NOT_IMPLEMENTED,0,NOT_REQUESTED
UNONLOCAL_ONLY,968,0.25345400000000001,15.314693,0.00097799999999999992,0,0,0.033244999999999997,17.694469999999999,1,BELOW_TRIGGER,NORMAL_UPDATE,DISABLED_NOT_IMPLEMENTED,0,NOT_REQUESTED
UNONLOCAL_ONLY,969,0.20302899999999999,12.318355,0.001467,0,0,0.057758999999999998,14.707561,1,BELOW_TRIGGER,NORMAL_UPDATE,DISABLED_NOT_IMPLEMENTED,0,NOT_REQUESTED
UNONLOCAL_ONLY,970,0.198769,17.086500000000001,0.0014660000000000001,0,0,0.029055000000000001,19.218758999999999,1,BELOW_TRIGGER,NORMAL_UPDATE,DISABLED_NOT_IMPLEMENTED,0,NOT_REQUESTED
UNONLOCAL_ONLY,971,0.206452,14.490703,0.0013960000000000001,0,0,0.029054,16.629179000000001,1,BELOW_TRIGGER,NORMAL_UPDATE,DISABLED_NOT_IMPLEMENTED,0,NOT_REQUESTED
UNONLOCAL_ONLY,972,0.196045,19.631243000000001,0.00090799999999999995,0,0,0.029054,21.721598,1,BELOW_TRIGGER,NORMAL_UPDATE,DISABLED_NOT_IMPLEMENTED,0,NOT_REQUESTED
UNONLOCAL_ONLY,973,0.196603,14.422048999999999,0.001467,0,0,0.026610000000000002,16.537196999999999,1,BELOW_TRIGGER,NORMAL_UPDATE,DISABLED_NOT_IMPLEMENTED,0,NOT_REQUESTED
UNONLOCAL_ONLY,974,0.196603,17.002759999999999,0.000977,0,0,0.030032,19.113578,1,BELOW_TRIGGER,NORMAL_UPDATE,DISABLED_NOT_IMPLEMENTED,0,NOT_REQUESTED
UNONLOCAL_ONLY,975,0.19723199999999999,22.061166,0.000977,0,46.471170000000001,0.033383999999999997,70.724451000000002,3,PERIODIC_CHECK,DIRECTIONAL_UPDATE,DISABLED_NOT_IMPLEMENTED,0,NOT_REQUESTED
UNONLOCAL_ONLY,976,0.19744200000000001,17.032302999999999,0.00090799999999999995,0,0,0.031009999999999999,19.151152,1,BELOW_TRIGGER,NORMAL_UPDATE,DISABLED_NOT_IMPLEMENTED,0,NOT_REQUESTED
UNONLOCAL_ONLY,977,0.209455,14.350462,0.00097799999999999992,0,0,0.024723999999999999,16.446892999999999,1,BELOW_TRIGGER,NORMAL_UPDATE,DISABLED_NOT_IMPLEMENTED,0,NOT_REQUESTED
UNONLOCAL_ONLY,978,0.194438,14.388804,0.0013960000000000001,0,0,0.040578000000000003,16.510656999999998,1,BELOW_TRIGGER,NORMAL_UPDATE,DISABLED_NOT_IMPLEMENTED,0,NOT_REQUESTED
UNONLOCAL_ONLY,979,0.19395000000000001,16.956385999999998,0.001397,0,0,0.031497999999999998,19.052396999999999,1,BELOW_TRIGGER,NORMAL_UPDATE,DISABLED_NOT_IMPLEMENTED,0,NOT_REQUESTED
UNONLOCAL_ONLY,980,0.19911799999999999,11.99457,0.0019559999999999998,0,0,0.045046999999999997,14.178582,1,BELOW_TRIGGER,NORMAL_UPDATE,DISABLED_NOT_IMPLEMENTED,0,NOT_REQUESTED
UNONLOCAL_ONLY,981,0.213784,14.873295000000001,0.000977,0,0,0.032476999999999999,17.242456000000001,1,BELOW_TRIGGER,NORMAL_UPDATE,DISABLED_NOT_IMPLEMENTED,0,NOT_REQUESTED
UNONLOCAL_ONLY,982,0.200934,16.930824000000001,0.001397,0,0,0.035340000000000003,19.087807000000002,1,BELOW_TRIGGER,NORMAL_UPDATE,DISABLED_NOT_IMPLEMENTED,0,NOT_REQUESTED
UNONLOCAL_ONLY,983,0.211201,16.903725000000001,0.001397,0,0,0.034083000000000002,19.069019000000001,1,BELOW_TRIGGER,NORMAL_UPDATE,DISABLED_NOT_IMPLEMENTED,0,NOT_REQUESTED
UNONLOCAL_ONLY,984,0.19828000000000001,17.864882999999999,0.00090799999999999995,0,0,0.031917000000000001,20.013414999999998,1,BELOW_TRIGGER,NORMAL_UPDATE,DISABLED_NOT_IMPLEMENTED,0,NOT_REQUESTED
UNONLOCAL_ONLY,985,0.19562599999999999,22.111661999999999,0.001397,0,0,0.061809000000000003,24.332060999999999,1,BELOW_TRIGGER,NORMAL_UPDATE,DISABLED_NOT_IMPLEMENTED,0,NOT_REQUESTED
UNONLOCAL_ONLY,986,0.21301700000000001,19.435476999999999,0.001467,0,0,0.030939999999999999,21.646937000000001,1,BELOW_TRIGGER,NORMAL_UPDATE,DISABLED_NOT_IMPLEMENTED,0,NOT_REQUESTED
UNONLOCAL_ONLY,987,0.19751199999999999,19.502316,0.00097799999999999992,0,38.755926000000002,0.037994,60.479339000000003,3,HIGH_NORMALIZED_INNOVATION,DIRECTIONAL_UPDATE,DISABLED_NOT_IMPLEMENTED,0,NOT_REQUESTED
UNONLOCAL_ONLY,988,0.22097900000000001,22.236118999999999,0.00097799999999999992,0,0,0.033383999999999997,24.412307999999999,1,BELOW_TRIGGER,NORMAL_UPDATE,DISABLED_NOT_IMPLEMENTED,0,NOT_REQUESTED
UNONLOCAL_ONLY,989,0.20149300000000001,19.892799,0.001397,0,0,0.033314000000000003,22.067453,1,BELOW_TRIGGER,NORMAL_UPDATE,DISABLED_NOT_IMPLEMENTED,0,NOT_REQUESTED
UNONLOCAL_ONLY,990,0.202261,22.973994000000001,0.001397,0,0,0.034851,25.181122999999999,1,BELOW_TRIGGER,NORMAL_UPDATE,DISABLED_NOT_IMPLEMENTED,0,NOT_REQUESTED
UNONLOCAL_ONLY,991,0.207569,25.487797,0.00090799999999999995,0,0,0.039040999999999999,27.776432,1,BELOW_TRIGGER,NORMAL_UPDATE,DISABLED_NOT_IMPLEMENTED,0,NOT_REQUESTED
UNONLOCAL_ONLY,992,0.20533299999999999,26.117628,0.001397,0,0,0.031497999999999998,28.375601,1,BELOW_TRIGGER,NORMAL_UPDATE,DISABLED_NOT_IMPLEMENTED,0,NOT_REQUESTED
UNONLOCAL_ONLY,993,0.203239,22.662571,0.0023739999999999998,0,0,0.067116999999999996,24.953790000000001,1,BELOW_TRIGGER,NORMAL_UPDATE,DISABLED_NOT_IMPLEMENTED,0,NOT_REQUESTED
UNONLOCAL_ONLY,994,0.21818499999999999,17.825423000000001,0.001467,0,0,0.032965000000000001,20.470737,1,BELOW_TRIGGER,NORMAL_UPDATE,DISABLED_NOT_IMPLEMENTED,0,NOT_REQUESTED
UNONLOCAL_ONLY,995,0.20274900000000001,17.248532000000001,0.001397,0,0,0.059086,19.466695999999999,1,BELOW_TRIGGER,NORMAL_UPDATE,DISABLED_NOT_IMPLEMENTED,0,NOT_REQUESTED
UNONLOCAL_ONLY,996,0.21455299999999999,17.081261000000001,0.001397,0,0,0.029124000000000001,19.201788000000001,1,BELOW_TRIGGER,NORMAL_UPDATE,DISABLED_NOT_IMPLEMENTED,0,NOT_REQUESTED
UNONLOCAL_ONLY,997,0.20603299999999999,16.976989,0.001397,0,0,0.026331,19.165541000000001,1,BELOW_TRIGGER,NORMAL_UPDATE,DISABLED_NOT_IMPLEMENTED,0,NOT_REQUESTED
UNONLOCAL_ONLY,998,0.19723299999999999,19.698989000000001,0.001467,0,0,0.031917000000000001,21.837952999999999,1,BELOW_TRIGGER,NORMAL_UPDATE,DISABLED_NOT_IMPLEMENTED,0,NOT_REQUESTED
UNONLOCAL_ONLY,999,0.19869899999999999,19.597580000000001,0.00097799999999999992,0,0,0.030521,21.714753000000002,1,BELOW_TRIGGER,NORMAL_UPDATE,DISABLED_NOT_IMPLEMENTED,0,NOT_REQUESTED
UNONLOCAL_ONLY,1000,0.207569,19.53144,0.000977,0,38.911741999999997,0.036178000000000002,60.606521000000001,3,PERIODIC_CHECK,DIRECTIONAL_UPDATE,DISABLED_NOT_IMPLEMENTED,0,NOT_REQUESTED
UNONLOCAL_ONLY,1001,0.20156299999999999,17.291554000000001,0.00090799999999999995,0,0,0.032895000000000001,19.440994,1,BELOW_TRIGGER,NORMAL_UPDATE,DISABLED_NOT_IMPLEMENTED,0,NOT_REQUESTED
UNONLOCAL_ONLY,1002,0.197931,22.410862000000002,0.0014660000000000001,0,0,0.032406999999999998,24.544239999999999,1,BELOW_TRIGGER,NORMAL_UPDATE,DISABLED_NOT_IMPLEMENTED,0,NOT_REQUESTED
UNONLOCAL_ONLY,1003,0.199188,12.092905999999999,0.000977,0,0,0.030939999999999999,14.301223,1,BELOW_TRIGGER,NORMAL_UPDATE,DISABLED_NOT_IMPLEMENTED,0,NOT_REQUESTED
UNONLOCAL_ONLY,1004,0.19946700000000001,14.689681,0.001397,0,0,0.030519999999999999,16.830252000000002,1,BELOW_TRIGGER,NORMAL_UPDATE,DISABLED_NOT_IMPLEMENTED,0,NOT_REQUESTED
UNONLOCAL_ONLY,1005,0.19792999999999999,14.611389000000001,0.00097799999999999992,0,0,0.031498999999999999,16.757826000000001,1,BELOW_TRIGGER,NORMAL_UPDATE,DISABLED_NOT_IMPLEMENTED,0,NOT_REQUESTED
UNONLOCAL_ONLY,1006,0.20735899999999999,14.746392999999999,0.0013960000000000001,0,0,0.031497999999999998,16.913573,1,BELOW_TRIGGER,NORMAL_UPDATE,DISABLED_NOT_IMPLEMENTED,0,NOT_REQUESTED
UNONLOCAL_ONLY,1007,0.19897799999999999,15.303239,0.001467,0,0,0.033383999999999997,17.508133000000001,1,BELOW_TRIGGER,NORMAL_UPDATE,DISABLED_NOT_IMPLEMENTED,0,NOT_REQUESTED
UNONLOCAL_ONLY,1008,0.20826700000000001,18.214230000000001,0.0019550000000000001,0,0,0.053358999999999997,20.523188000000001,1,BELOW_TRIGGER,NORMAL_UPDATE,DISABLED_NOT_IMPLEMENTED,0,NOT_REQUESTED
UNONLOCAL_ONLY,1009,0.22083900000000001,18.314173,0.001397,0,0,0.033384999999999998,20.704706000000002,1,BELOW_TRIGGER,NORMAL_UPDATE,DISABLED_NOT_IMPLEMENTED,0,NOT_REQUESTED
UNONLOCAL_ONLY,1010,0.20191100000000001,12.267300000000001,0.001397,0,0,0.035270000000000003,14.457179,1,BELOW_TRIGGER,NORMAL_UPDATE,DISABLED_NOT_IMPLEMENTED,0,NOT_REQUESTED
UNONLOCAL_ONLY,1011,0.202679,23.250287,0.0014660000000000001,0,0,0.031288999999999997,25.574888999999999,1,BELOW_TRIGGER,NORMAL_UPDATE,DISABLED_NOT_IMPLEMENTED,0,NOT_REQUESTED
UNONLOCAL_ONLY,1012,0.211201,20.144507999999998,0.001397,0,0,0.030521,22.340882000000001,1,BELOW_TRIGGER,NORMAL_UPDATE,DISABLED_NOT_IMPLEMENTED,0,NOT_REQUESTED
UNONLOCAL_ONLY,1013,0.20840600000000001,22.990266999999999,0.00090799999999999995,0,0,0.032615999999999999,25.154025000000001,1,BELOW_TRIGGER,NORMAL_UPDATE,DISABLED_NOT_IMPLEMENTED,0,NOT_REQUESTED
UNONLOCAL_ONLY,1014,0.19730200000000001,20.366883000000001,0.001467,0,0,0.032895000000000001,22.538741999999999,1,BELOW_TRIGGER,NORMAL_UPDATE,DISABLED_NOT_IMPLEMENTED,0,NOT_REQUESTED
UNONLOCAL_ONLY,1015,0.200375,23.173321999999999,0.00090799999999999995,0,0,0.035827999999999999,25.365155999999999,1,BELOW_TRIGGER,NORMAL_UPDATE,DISABLED_NOT_IMPLEMENTED,0,NOT_REQUESTED
UNONLOCAL_ONLY,1016,0.20763899999999999,26.116230999999999,0.001397,0,0,0.034222000000000002,28.410592000000001,1,BELOW_TRIGGER,NORMAL_UPDATE,DISABLED_NOT_IMPLEMENTED,0,NOT_REQUESTED
UNONLOCAL_ONLY,1017,0.20128299999999999,28.777888000000001,0.0014660000000000001,0,0,0.031918000000000002,30.942205000000001,1,BELOW_TRIGGER,NORMAL_UPDATE,DISABLED_NOT_IMPLEMENTED,0,NOT_REQUESTED
UNONLOCAL_ONLY,1018,0.211061,15.142602999999999,0.0014660000000000001,0,0,0.032406999999999998,17.360907000000001,1,BELOW_TRIGGER,NORMAL_UPDATE,DISABLED_NOT_IMPLEMENTED,0,NOT_REQUESTED
UNONLOCAL_ONLY,1019,0.20016600000000001,20.601061999999999,0.00090799999999999995,0,0,0.032475999999999998,22.846323999999999,1,BELOW_TRIGGER,NORMAL_UPDATE,DISABLED_NOT_IMPLEMENTED,0,NOT_REQUESTED
UNONLOCAL_ONLY,1020,0.20002600000000001,26.012726000000001,0.001467,0,0,0.035827999999999999,28.222020000000001,1,BELOW_TRIGGER,NORMAL_UPDATE,DISABLED_NOT_IMPLEMENTED,0,NOT_REQUESTED
UNONLOCAL_ONLY,1021,0.198769,17.713885000000001,0.001467,0,0,0.031288999999999997,19.943643999999999,1,BELOW_TRIGGER,NORMAL_UPDATE,DISABLED_NOT_IMPLEMENTED,0,NOT_REQUESTED
UNONLOCAL_ONLY,1022,0.212807,20.54449,0.00090799999999999995,0,0,0.029543,22.802462999999999,1,BELOW_TRIGGER,NORMAL_UPDATE,DISABLED_NOT_IMPLEMENTED,0,NOT_REQUESTED
UNONLOCAL_ONLY,1023,0.210642,20.558458000000002,0.001397,0,0,0.040368000000000001,22.865879,1,BELOW_TRIGGER,NORMAL_UPDATE,DISABLED_NOT_IMPLEMENTED,0,NOT_REQUESTED
UNONLOCAL_ONLY,1024,0.20275000000000001,23.343805,0.0014660000000000001,0,0,0.035061000000000002,25.800198000000002,1,BELOW_TRIGGER,NORMAL_UPDATE,DISABLED_NOT_IMPLEMENTED,0,NOT_REQUESTED
UNONLOCAL_ONLY,1025,0.20407700000000001,20.572914999999998,0.001467,0,46.244115999999998,0.034640999999999998,69.150363999999996,3,PERIODIC_CHECK,DIRECTIONAL_UPDATE,DISABLED_NOT_IMPLEMENTED,0,NOT_REQUESTED
UNONLOCAL_ONLY,1026,0.20016600000000001,23.374744,0.00097799999999999992,0,0,0.052311000000000003,25.678884,1,BELOW_TRIGGER,NORMAL_UPDATE,DISABLED_NOT_IMPLEMENTED,0,NOT_REQUESTED
UNONLOCAL_ONLY,1027,0.19939799999999999,25.930941000000001,0.00097799999999999992,0,0,0.030032,28.190522000000001,1,BELOW_TRIGGER,NORMAL_UPDATE,DISABLED_NOT_IMPLEMENTED,0,NOT_REQUESTED
UNONLOCAL_ONLY,1028,0.20044500000000001,23.193017000000001,0.00097799999999999992,0,0,0.045747000000000003,25.448126999999999,1,BELOW_TRIGGER,NORMAL_UPDATE,DISABLED_NOT_IMPLEMENTED,0,NOT_REQUESTED
UNONLOCAL_ONLY,1029,0.20840700000000001,17.772622999999999,0.0014660000000000001,0,0,0.028146000000000001,20.001054,1,BELOW_TRIGGER,NORMAL_UPDATE,DISABLED_NOT_IMPLEMENTED,0,NOT_REQUESTED
UNONLOCAL_ONLY,1030,0.19709199999999999,23.161867000000001,0.00097799999999999992,0,0,0.033453999999999998,25.405664000000002,1,BELOW_TRIGGER,NORMAL_UPDATE,DISABLED_NOT_IMPLEMENTED,0,NOT_REQUESTED
UNONLOCAL_ONLY,1031,0.20044500000000001,23.120452,0.001467,0,0,0.032406999999999998,25.41188,1,BELOW_TRIGGER,NORMAL_UPDATE,DISABLED_NOT_IMPLEMENTED,0,NOT_REQUESTED
UNONLOCAL_ONLY,1032,0.19946700000000001,20.652533999999999,0.001397,0,0,0.045886000000000003,22.909739999999999,1,BELOW_TRIGGER,NORMAL_UPDATE,DISABLED_NOT_IMPLEMENTED,0,NOT_REQUESTED
UNONLOCAL_ONLY,1033,0.20735899999999999,28.813089000000002,0.001397,0,0,0.032405999999999997,31.191678,1,BELOW_TRIGGER,NORMAL_UPDATE,DISABLED_NOT_IMPLEMENTED,0,NOT_REQUESTED
UNONLOCAL_ONLY,1034,0.20002600000000001,27.287192999999998,0.001397,0,0,0.031708,29.622969999999999,1,BELOW_TRIGGER,NORMAL_UPDATE,DISABLED_NOT_IMPLEMENTED,0,NOT_REQUESTED
UNONLOCAL_ONLY,1035,0.20833699999999999,23.800916000000001,0.0014660000000000001,0,0,0.032896000000000002,26.041221,1,BELOW_TRIGGER,NORMAL_UPDATE,DISABLED_NOT_IMPLEMENTED,0,NOT_REQUESTED
UNONLOCAL_ONLY,1036,0.209175,12.559308,0.0018860000000000001,0,0,0.061460000000000001,14.975472,1,BELOW_TRIGGER,NORMAL_UPDATE,DISABLED_NOT_IMPLEMENTED,0,NOT_REQUESTED
UNONLOCAL_ONLY,1037,0.20044500000000001,12.2585,0.001397,0,0,0.028146000000000001,14.463464999999999,1,BELOW_TRIGGER,NORMAL_UPDATE,DISABLED_NOT_IMPLEMENTED,0,NOT_REQUESTED
UNONLOCAL_ONLY,1038,0.19995599999999999,14.902208999999999,0.001467,0,0,0.027237999999999998,17.137972999999999,1,BELOW_TRIGGER,NORMAL_UPDATE,DISABLED_NOT_IMPLEMENTED,0,NOT_REQUESTED
UNONLOCAL_ONLY,1039,0.19611400000000001,9.6528559999999999,0.00090799999999999995,0,0,0.029822999999999999,11.842594999999999,1,BELOW_TRIGGER,NORMAL_UPDATE,DISABLED_NOT_IMPLEMENTED,0,NOT_REQUESTED
UNONLOCAL_ONLY,1040,0.19779099999999999,22.965752999999999,0.00097799999999999992,0,0,0.042464000000000002,25.157586999999999,1,BELOW_TRIGGER,NORMAL_UPDATE,DISABLED_NOT_IMPLEMENTED,0,NOT_REQUESTED
UNONLOCAL_ONLY,1041,0.21127099999999999,25.805087,0.001397,0,0,0.033873,28.081219999999998,1,BELOW_TRIGGER,NORMAL_UPDATE,DISABLED_NOT_IMPLEMENTED,0,NOT_REQUESTED
UNONLOCAL_ONLY,1042,0.20358799999999999,18.753266,0.001397,0,0,0.033383999999999997,21.087367,1,BELOW_TRIGGER,NORMAL_UPDATE,DISABLED_NOT_IMPLEMENTED,0,NOT_REQUESTED
UNONLOCAL_ONLY,1043,0.21629899999999999,23.302039000000001,0.001397,0,0,0.031428999999999999,25.682516,1,BELOW_TRIGGER,NORMAL_UPDATE,DISABLED_NOT_IMPLEMENTED,0,NOT_REQUESTED
UNONLOCAL_ONLY,1044,0.19828000000000001,23.500178999999999,0.001467,0,0,0.033383999999999997,25.719042000000002,1,BELOW_TRIGGER,NORMAL_UPDATE,DISABLED_NOT_IMPLEMENTED,0,NOT_REQUESTED
UNONLOCAL_ONLY,1045,0.20735899999999999,26.288878,0.0014660000000000001,0,0,0.037226000000000002,28.621722999999999,1,BELOW_TRIGGER,NORMAL_UPDATE,DISABLED_NOT_IMPLEMENTED,0,NOT_REQUESTED
UNONLOCAL_ONLY,1046,0.20198199999999999,20.902705999999998,0.001397,0,0,0.034361999999999997,23.223398,1,BELOW_TRIGGER,NORMAL_UPDATE,DISABLED_NOT_IMPLEMENTED,0,NOT_REQUESTED
UNONLOCAL_ONLY,1047,0.15309300000000001,18.590814000000002,0.001397,0,0,0.032405999999999997,20.861709999999999,1,BELOW_TRIGGER,NORMAL_UPDATE,DISABLED_NOT_IMPLEMENTED,0,NOT_REQUESTED
UNONLOCAL_ONLY,1048,0.199048,17.579160999999999,0.00097799999999999992,0,0,0.029541999999999999,19.749065000000002,1,BELOW_TRIGGER,NORMAL_UPDATE,DISABLED_NOT_IMPLEMENTED,0,NOT_REQUESTED
UNONLOCAL_ONLY,1049,0.18913099999999999,24.167933999999999,0.0028639999999999998,0,0,0.035270000000000003,26.364097999999998,1,BELOW_TRIGGER,NORMAL_UPDATE,DISABLED_NOT_IMPLEMENTED,0,NOT_REQUESTED
UNONLOCAL_ONLY,1050,0.28222900000000001,17.190004999999999,0.000977,0,52.920679,0.038134000000000001,72.817807999999999,3,PERIODIC_CHECK,DIRECTIONAL_UPDATE,DISABLED_NOT_IMPLEMENTED,0,NOT_REQUESTED
UNONLOCAL_ONLY,1051,0.21888299999999999,26.968995,0.000977,0,0,0.034782,29.382994,1,BELOW_TRIGGER,NORMAL_UPDATE,DISABLED_NOT_IMPLEMENTED,0,NOT_REQUESTED
UNONLOCAL_ONLY,1052,0.240674,21.668586999999999,0.001467,0,0,0.040996999999999999,23.992352,1,BELOW_TRIGGER,NORMAL_UPDATE,DISABLED_NOT_IMPLEMENTED,0,NOT_REQUESTED
UNONLOCAL_ONLY,1053,0.224471,21.545946000000001,0.0014660000000000001,0,0,0.035131000000000003,23.836956000000001,1,BELOW_TRIGGER,NORMAL_UPDATE,DISABLED_NOT_IMPLEMENTED,0,NOT_REQUESTED
UNONLOCAL_ONLY,1054,0.20847599999999999,36.766353000000002,0.001397,0,0,0.034991000000000001,39.121684999999999,1,BELOW_TRIGGER,NORMAL_UPDATE,DISABLED_NOT_IMPLEMENTED,0,NOT_REQUESTED
UNONLOCAL_ONLY,1055,0.20791799999999999,27.061813999999998,0.000977,0,0,0.032475999999999998,29.291293,1,BELOW_TRIGGER,NORMAL_UPDATE,DISABLED_NOT_IMPLEMENTED,0,NOT_REQUESTED
UNONLOCAL_ONLY,1056,0.20910500000000001,27.827067,0.001467,0,0,0.032754999999999999,30.062971000000001,1,BELOW_TRIGGER,NORMAL_UPDATE,DISABLED_NOT_IMPLEMENTED,0,NOT_REQUESTED
UNONLOCAL_ONLY,1057,0.21015300000000001,24.028600000000001,0.0013960000000000001,0,0,0.034710999999999999,26.284338999999999,1,BELOW_TRIGGER,NORMAL_UPDATE,DISABLED_NOT_IMPLEMENTED,0,NOT_REQUESTED
UNONLOCAL_ONLY,1058,0.22153700000000001,21.662231999999999,0.001467,0,0,0.033383999999999997,23.969653000000001,1,BELOW_TRIGGER,NORMAL_UPDATE,DISABLED_NOT_IMPLEMENTED,0,NOT_REQUESTED
UNONLOCAL_ONLY,1059,0.21266699999999999,18.719881999999998,0.0013960000000000001,0,0,0.033383999999999997,20.906827,1,BELOW_TRIGGER,NORMAL_UPDATE,DISABLED_NOT_IMPLEMENTED,0,NOT_REQUESTED
UNONLOCAL_ONLY,1060,0.210782,16.028960000000001,0.001467,0,0,0.033803,18.178540000000002,1,BELOW_TRIGGER,NORMAL_UPDATE,DISABLED_NOT_IMPLEMENTED,0,NOT_REQUESTED
UNONLOCAL_ONLY,1061,0.21168899999999999,21.804359000000002,0.00097799999999999992,0,0,0.032896000000000002,24.351476999999999,1,BELOW_TRIGGER,NORMAL_UPDATE,DISABLED_NOT_IMPLEMENTED,0,NOT_REQUESTED
UNONLOCAL_ONLY,1062,0.219721,19.161280000000001,0.001397,0,0,0.036318000000000003,21.345012000000001,1,BELOW_TRIGGER,NORMAL_UPDATE,DISABLED_NOT_IMPLEMENTED,0,NOT_REQUESTED
UNONLOCAL_ONLY,1063,0.23396900000000001,21.68947,0.00097799999999999992,0,0,0.031428999999999999,23.772701000000001,1,BELOW_TRIGGER,NORMAL_UPDATE,DISABLED_NOT_IMPLEMENTED,0,NOT_REQUESTED
UNONLOCAL_ONLY,1064,0.213226,18.469290999999998,0.001467,0,0,0.040089,20.658332000000001,1,BELOW_TRIGGER,NORMAL_UPDATE,DISABLED_NOT_IMPLEMENTED,0,NOT_REQUESTED
UNONLOCAL_ONLY,1065,0.21448300000000001,10.468534,0.001467,0,0,0.039878999999999998,12.701644999999999,1,BELOW_TRIGGER,NORMAL_UPDATE,DISABLED_NOT_IMPLEMENTED,0,NOT_REQUESTED
UNONLOCAL_ONLY,1066,0.25645800000000002,39.201025999999999,0.001467,0,0,0.034851,41.787393000000002,1,BELOW_TRIGGER,NORMAL_UPDATE,DISABLED_NOT_IMPLEMENTED,0,NOT_REQUESTED
UNONLOCAL_ONLY,1067,0.20868600000000001,33.377575999999998,0.001397,0,0,0.030521,35.428120999999997,1,BELOW_TRIGGER,NORMAL_UPDATE,DISABLED_NOT_IMPLEMENTED,0,NOT_REQUESTED
UNONLOCAL_ONLY,1068,0.18885199999999999,30.088253999999999,0.001397,0,0,0.033734,31.941496000000001,1,BELOW_TRIGGER,NORMAL_UPDATE,DISABLED_NOT_IMPLEMENTED,0,NOT_REQUESTED
UNONLOCAL_ONLY,1069,0.23452799999999999,32.434437000000003,0.000977,0,0,0.036177000000000001,34.552937999999997,1,BELOW_TRIGGER,NORMAL_UPDATE,DISABLED_NOT_IMPLEMENTED,0,NOT_REQUESTED
UNONLOCAL_ONLY,1070,0.221607,27.458444,0.0014660000000000001,0,0,0.035758999999999999,29.55264,1,BELOW_TRIGGER,NORMAL_UPDATE,DISABLED_NOT_IMPLEMENTED,0,NOT_REQUESTED
UNONLOCAL_ONLY,1071,0.217277,27.043375999999999,0.00097799999999999992,0,0,0.038273000000000001,29.126397000000001,1,BELOW_TRIGGER,NORMAL_UPDATE,DISABLED_NOT_IMPLEMENTED,0,NOT_REQUESTED
UNONLOCAL_ONLY,1072,0.21650900000000001,24.332968999999999,0.00097799999999999992,0,0,0.032475999999999998,26.343774,1,BELOW_TRIGGER,NORMAL_UPDATE,DISABLED_NOT_IMPLEMENTED,0,NOT_REQUESTED
UNONLOCAL_ONLY,1073,0.21043300000000001,27.850185,0.001397,0,0,0.033314000000000003,29.86476,1,BELOW_TRIGGER,NORMAL_UPDATE,DISABLED_NOT_IMPLEMENTED,0,NOT_REQUESTED
UNONLOCAL_ONLY,1074,0.206312,23.265512000000001,0.001467,0,0,0.032405999999999997,25.228476000000001,1,BELOW_TRIGGER,NORMAL_UPDATE,DISABLED_NOT_IMPLEMENTED,0,NOT_REQUESTED
UNONLOCAL_ONLY,1075,0.20994399999999999,23.71557,0.001397,0,50.500323999999999,0.034851,76.395576000000005,3,PERIODIC_CHECK,DIRECTIONAL_UPDATE,DISABLED_NOT_IMPLEMENTED,0,NOT_REQUESTED
UNONLOCAL_ONLY,1076,0.21853400000000001,23.173881000000002,0.001397,0,0,0.030102,25.196767999999999,1,BELOW_TRIGGER,NORMAL_UPDATE,DISABLED_NOT_IMPLEMENTED,0,NOT_REQUESTED
UNONLOCAL_ONLY,1077,0.238369,20.471924000000001,0.001397,0,0,0.031918000000000002,22.55753,1,BELOW_TRIGGER,NORMAL_UPDATE,DISABLED_NOT_IMPLEMENTED,0,NOT_REQUESTED
UNONLOCAL_ONLY,1078,0.20791799999999999,19.391895999999999,0.00097799999999999992,0,0,0.033105000000000002,21.436854,1,BELOW_TRIGGER,NORMAL_UPDATE,DISABLED_NOT_IMPLEMENTED,0,NOT_REQUESTED
UNONLOCAL_ONLY,1079,0.21518100000000001,18.643125999999999,0.001467,0,41.611322999999999,0.034570999999999998,62.346690000000002,3,HIGH_NORMALIZED_INNOVATION,DIRECTIONAL_UPDATE,DISABLED_NOT_IMPLEMENTED,0,NOT_REQUESTED
UNONLOCAL_ONLY,1080,0.209035,17.348894000000001,0.001467,0,38.430953000000002,0.034361999999999997,57.874603,3,HIGH_NORMALIZED_INNOVATION,DIRECTIONAL_UPDATE,DISABLED_NOT_IMPLEMENTED,0,NOT_REQUESTED
UNONLOCAL_ONLY,1081,0.207848,31.582301000000001,0.001467,0,0,0.032405999999999997,33.719520000000003,1,BELOW_TRIGGER,NORMAL_UPDATE,DISABLED_NOT_IMPLEMENTED,0,NOT_REQUESTED
UNONLOCAL_ONLY,1082,0.21846399999999999,23.463234,0.001397,0,0,0.039669000000000003,25.617771999999999,1,BELOW_TRIGGER,NORMAL_UPDATE,DISABLED_NOT_IMPLEMENTED,0,NOT_REQUESTED
UNONLOCAL_ONLY,1083,0.26148700000000002,19.847891000000001,0.001397,0,0,0.033383999999999997,22.309173000000001,1,BELOW_TRIGGER,NORMAL_UPDATE,DISABLED_NOT_IMPLEMENTED,0,NOT_REQUESTED
UNONLOCAL_ONLY,1084,0.204984,16.937457999999999,0.001467,0,0,0.035340000000000003,18.85286,1,BELOW_TRIGGER,NORMAL_UPDATE,DISABLED_NOT_IMPLEMENTED,0,NOT_REQUESTED
UNONLOCAL_ONLY,1085,0.21427299999999999,16.953662000000001,0.001397,0,0,0.035968,18.959927,1,BELOW_TRIGGER,NORMAL_UPDATE,DISABLED_NOT_IMPLEMENTED,0,NOT_REQUESTED
UNONLOCAL_ONLY,1086,0.21329500000000001,26.874777999999999,0.001397,0,0,0.031917000000000001,28.908909999999999,1,BELOW_TRIGGER,NORMAL_UPDATE,DISABLED_NOT_IMPLEMENTED,0,NOT_REQUESTED
UNONLOCAL_ONLY,1087,0.21965100000000001,24.641318999999999,0.001397,0,26.513629000000002,0.038970999999999999,53.205911999999998,3,HIGH_NORMALIZED_INNOVATION,DIRECTIONAL_UPDATE,DISABLED_NOT_IMPLEMENTED,0,NOT_REQUESTED
UNONLOCAL_ONLY,1088,0.216229,17.954419999999999,0.00097799999999999992,0,0,0.037295000000000002,19.973953999999999,1,BELOW_TRIGGER,NORMAL_UPDATE,DISABLED_NOT_IMPLEMENTED,0,NOT_REQUESTED
UNONLOCAL_ONLY,1089,0.222026,16.300574999999998,0.0013960000000000001,0,0,0.058946999999999999,18.338477999999999,1,BELOW_TRIGGER,NORMAL_UPDATE,DISABLED_NOT_IMPLEMENTED,0,NOT_REQUESTED
UNONLOCAL_ONLY,1090,0.225797,15.147142000000001,0.001397,0,0,0.033105000000000002,17.084125,1,BELOW_TRIGGER,NORMAL_UPDATE,DISABLED_NOT_IMPLEMENTED,0,NOT_REQUESTED
UNONLOCAL_ONLY,1091,0.209734,13.922751999999999,0.000977,0,0,0.05287,15.866300000000001,1,BELOW_TRIGGER,NORMAL_UPDATE,DISABLED_NOT_IMPLEMENTED,0,NOT_REQUESTED
UNONLOCAL_ONLY,1092,0.21168999999999999,11.534803,0.001467,0,0,0.034780999999999999,13.483798999999999,1,BELOW_TRIGGER,NORMAL_UPDATE,DISABLED_NOT_IMPLEMENTED,0,NOT_REQUESTED
UNONLOCAL_ONLY,1093,0.223772,16.396816000000001,0.001397,0,0,0.036108000000000001,18.437024000000001,1,BELOW_TRIGGER,NORMAL_UPDATE,DISABLED_NOT_IMPLEMENTED,0,NOT_REQUESTED
UNONLOCAL_ONLY,1094,0.226217,15.446134000000001,0.001397,0,0,0.034851,17.534603000000001,1,BELOW_TRIGGER,NORMAL_UPDATE,DISABLED_NOT_IMPLEMENTED,0,NOT_REQUESTED
UNONLOCAL_ONLY,1095,0.20715,17.659618999999999,0.001397,0,0,0.032405999999999997,19.538563,1,BELOW_TRIGGER,NORMAL_UPDATE,DISABLED_NOT_IMPLEMENTED,0,NOT_REQUESTED
UNONLOCAL_ONLY,1096,0.209874,12.801728000000001,0.001397,0,0,0.033873,14.656088,1,BELOW_TRIGGER,NORMAL_UPDATE,DISABLED_NOT_IMPLEMENTED,0,NOT_REQUESTED
UNONLOCAL_ONLY,1097,0.25953100000000001,12.684813,0.001467,0,0,0.029124000000000001,14.943905000000001,1,BELOW_TRIGGER,NORMAL_UPDATE,DISABLED_NOT_IMPLEMENTED,0,NOT_REQUESTED
UNONLOCAL_ONLY,1098,0.204845,16.361685999999999,0.001467,0,0,0.030030999999999999,18.163594,1,BELOW_TRIGGER,NORMAL_UPDATE,DISABLED_NOT_IMPLEMENTED,0,NOT_REQUESTED
UNONLOCAL_ONLY,1099,0.21664800000000001,16.031404999999999,0.001397,0,0,0.033314999999999997,17.872007,1,BELOW_TRIGGER,NORMAL_UPDATE,DISABLED_NOT_IMPLEMENTED,0,NOT_REQUESTED
UNONLOCAL_ONLY,1100,0.20763799999999999,19.073349,0.00097799999999999992,0,50.246729000000002,0.037225000000000001,71.256851999999995,3,PERIODIC_CHECK,DIRECTIONAL_UPDATE,DISABLED_NOT_IMPLEMENTED,0,NOT_REQUESTED
UNONLOCAL_ONLY,1101,0.260019,27.641707,0.001397,0,57.199514999999998,0.035758999999999999,86.848884999999996,3,HIGH_NORMALIZED_INNOVATION,DIRECTIONAL_UPDATE,DISABLED_NOT_IMPLEMENTED,0,NOT_REQUESTED
UNONLOCAL_ONLY,1102,0.209594,32.306835999999997,0.00090799999999999995,0,61.901938999999999,0.034851,96.159936999999999,3,HIGH_NORMALIZED_INNOVATION,DIRECTIONAL_UPDATE,DISABLED_NOT_IMPLEMENTED,0,NOT_REQUESTED
UNONLOCAL_ONLY,1103,0.20910500000000001,43.864688000000001,0.001397,0,74.218269000000006,0.035688999999999999,119.952612,3,HIGH_NORMALIZED_INNOVATION,DIRECTIONAL_UPDATE,DISABLED_NOT_IMPLEMENTED,0,NOT_REQUESTED
UNONLOCAL_ONLY,1104,0.21148,33.119650999999998,0.001397,0,88.138507000000004,0.037226000000000002,123.203591,3,HIGH_NORMALIZED_INNOVATION,DIRECTIONAL_UPDATE,DISABLED_NOT_IMPLEMENTED,0,NOT_REQUESTED
UNONLOCAL_ONLY,1105,0.22719400000000001,25.908033,0.001467,0,56.895285999999999,0.036178000000000002,84.881800999999996,3,HIGH_NORMALIZED_INNOVATION,DIRECTIONAL_UPDATE,DISABLED_NOT_IMPLEMENTED,0,NOT_REQUESTED
UNONLOCAL_ONLY,1106,0.223493,38.712414000000003,0.001467,0,0,0.035758999999999999,40.998046000000002,1,BELOW_TRIGGER,NORMAL_UPDATE,DISABLED_NOT_IMPLEMENTED,0,NOT_REQUESTED
UNONLOCAL_ONLY,1107,0.22447,35.214055999999999,0.001467,0,0,0.061040999999999998,37.508417999999999,1,BELOW_TRIGGER,NORMAL_UPDATE,DISABLED_NOT_IMPLEMENTED,0,NOT_REQUESTED
UNONLOCAL_ONLY,1108,0.23529600000000001,33.324427,0.001397,0,0,0.043021999999999998,35.662300000000002,1,BELOW_TRIGGER,NORMAL_UPDATE,DISABLED_NOT_IMPLEMENTED,0,NOT_REQUESTED
UNONLOCAL_ONLY,1109,0.24388599999999999,40.760095999999997,0.001397,0,0,0.034153000000000003,43.548445999999998,1,BELOW_TRIGGER,NORMAL_UPDATE,DISABLED_NOT_IMPLEMENTED,0,NOT_REQUESTED
UNONLOCAL_ONLY,1110,0.23236200000000001,32.466982999999999,0.001397,0,0,0.033803,34.696810999999997,1,BELOW_TRIGGER,NORMAL_UPDATE,DISABLED_NOT_IMPLEMENTED,0,NOT_REQUESTED
UNONLOCAL_ONLY,1111,0.222306,35.872103000000003,0.0013960000000000001,0,0,0.038204000000000002,38.070920999999998,1,BELOW_TRIGGER,NORMAL_UPDATE,DISABLED_NOT_IMPLEMENTED,0,NOT_REQUESTED
UNONLOCAL_ONLY,1112,0.23557500000000001,32.941974999999999,0.001397,0,0,0.035969000000000001,35.203581,1,BELOW_TRIGGER,NORMAL_UPDATE,DISABLED_NOT_IMPLEMENTED,0,NOT_REQUESTED
UNONLOCAL_ONLY,1113,0.229988,33.478636000000002,0.00097799999999999992,0,0,0.033873,35.698407000000003,1,BELOW_TRIGGER,NORMAL_UPDATE,DISABLED_NOT_IMPLEMENTED,0,NOT_REQUESTED
UNONLOCAL_ONLY,1114,0.217417,30.148665999999999,0.00097799999999999992,0,0,0.040368000000000001,32.446938000000003,1,BELOW_TRIGGER,NORMAL_UPDATE,DISABLED_NOT_IMPLEMENTED,0,NOT_REQUESTED
UNONLOCAL_ONLY,1115,0.270426,28.419532,0.00097799999999999992,0,0,0.031497999999999998,31.238821000000002,1,BELOW_TRIGGER,NORMAL_UPDATE,DISABLED_NOT_IMPLEMENTED,0,NOT_REQUESTED
UNONLOCAL_ONLY,1116,0.21196899999999999,25.430318,0.001397,0,0,0.029124000000000001,27.517389999999999,1,BELOW_TRIGGER,NORMAL_UPDATE,DISABLED_NOT_IMPLEMENTED,0,NOT_REQUESTED
UNONLOCAL_ONLY,1117,0.19953699999999999,24.518677,0.001467,0,0,0.031708,26.451609000000001,1,BELOW_TRIGGER,NORMAL_UPDATE,DISABLED_NOT_IMPLEMENTED,0,NOT_REQUESTED
UNONLOCAL_ONLY,1118,0.205404,29.763210999999998,0.00097799999999999992,0,0,0.031917000000000001,31.822277,1,BELOW_TRIGGER,NORMAL_UPDATE,DISABLED_NOT_IMPLEMENTED,0,NOT_REQUESTED
UNONLOCAL_ONLY,1119,0.20910500000000001,31.381367999999998,0.001397,0,0,0.030521,33.461385999999997,1,BELOW_TRIGGER,NORMAL_UPDATE,DISABLED_NOT_IMPLEMENTED,0,NOT_REQUESTED
UNONLOCAL_ONLY,1120,0.189829,34.705540999999997,0.00097799999999999992,0,0,0.031498999999999999,36.642384,1,BELOW_TRIGGER,NORMAL_UPDATE,DISABLED_NOT_IMPLEMENTED,0,NOT_REQUESTED
UNONLOCAL_ONLY,1121,0.198071,30.61835,0.0014660000000000001,0,0,0.059086,32.895530999999998,1,BELOW_TRIGGER,NORMAL_UPDATE,DISABLED_NOT_IMPLEMENTED,0,NOT_REQUESTED
UNONLOCAL_ONLY,1122,0.21015200000000001,16.75189,0.00097799999999999992,0,0,0.036946,18.779036999999999,1,BELOW_TRIGGER,NORMAL_UPDATE,DISABLED_NOT_IMPLEMENTED,0,NOT_REQUESTED
UNONLOCAL_ONLY,1123,0.247728,37.911752999999997,0.001397,0,0,0.059505000000000002,40.434913999999999,1,BELOW_TRIGGER,NORMAL_UPDATE,DISABLED_NOT_IMPLEMENTED,0,NOT_REQUESTED
UNONLOCAL_ONLY,1124,0.31023499999999998,26.688231999999999,0.0018860000000000001,0,0,0.031918000000000002,29.334873999999999,1,BELOW_TRIGGER,NORMAL_UPDATE,DISABLED_NOT_IMPLEMENTED,0,NOT_REQUESTED
UNONLOCAL_ONLY,1125,0.193741,32.069445999999999,0.00090799999999999995,0,63.185904000000001,0.036736999999999999,97.431888999999998,3,PERIODIC_CHECK,DIRECTIONAL_UPDATE,DISABLED_NOT_IMPLEMENTED,0,NOT_REQUESTED
UNONLOCAL_ONLY,1126,0.227963,55.980291999999999,0.001397,0,0,0.032686,58.260894999999998,1,BELOW_TRIGGER,NORMAL_UPDATE,DISABLED_NOT_IMPLEMENTED,0,NOT_REQUESTED
UNONLOCAL_ONLY,1127,0.209595,37.013520999999997,0.00097799999999999992,0,0,0.033383999999999997,39.246422000000003,1,BELOW_TRIGGER,NORMAL_UPDATE,DISABLED_NOT_IMPLEMENTED,0,NOT_REQUESTED
UNONLOCAL_ONLY,1128,0.20826700000000001,26.620764999999999,0.00097799999999999992,0,0,0.033593999999999999,28.807849999999998,1,BELOW_TRIGGER,NORMAL_UPDATE,DISABLED_NOT_IMPLEMENTED,0,NOT_REQUESTED
UNONLOCAL_ONLY,1129,0.207429,35.007255999999998,0.001397,0,0,0.033804000000000001,37.206144000000002,1,BELOW_TRIGGER,NORMAL_UPDATE,DISABLED_NOT_IMPLEMENTED,0,NOT_REQUESTED
UNONLOCAL_ONLY,1130,0.211759,27.188786,0.001397,0,0,0.032895000000000001,29.533712000000001,1,BELOW_TRIGGER,NORMAL_UPDATE,DISABLED_NOT_IMPLEMENTED,0,NOT_REQUESTED
UNONLOCAL_ONLY,1131,0.209175,29.643851999999999,0.00090799999999999995,0,0,0.032686,32.024467999999999,1,BELOW_TRIGGER,NORMAL_UPDATE,DISABLED_NOT_IMPLEMENTED,0,NOT_REQUESTED
UNONLOCAL_ONLY,1132,0.20910500000000001,35.130944999999997,0.000977,0,0,0.031988000000000003,37.3489,1,BELOW_TRIGGER,NORMAL_UPDATE,DISABLED_NOT_IMPLEMENTED,0,NOT_REQUESTED
UNONLOCAL_ONLY,1133,0.20840700000000001,27.073338,0.001397,0,0,0.032406999999999998,29.291291999999999,1,BELOW_TRIGGER,NORMAL_UPDATE,DISABLED_NOT_IMPLEMENTED,0,NOT_REQUESTED
UNONLOCAL_ONLY,1134,0.21001400000000001,31.717654,0.0013960000000000001,0,0,0.036247000000000001,33.978560999999999,1,BELOW_TRIGGER,NORMAL_UPDATE,DISABLED_NOT_IMPLEMENTED,0,NOT_REQUESTED
UNONLOCAL_ONLY,1135,0.32993099999999997,22.924545999999999,0.001467,0,0,0.031219,25.249148999999999,1,BELOW_TRIGGER,NORMAL_UPDATE,DISABLED_NOT_IMPLEMENTED,0,NOT_REQUESTED
UNONLOCAL_ONLY,1136,0.209874,29.542862,0.000977,0,0,0.034361999999999997,31.839668,1,BELOW_TRIGGER,NORMAL_UPDATE,DISABLED_NOT_IMPLEMENTED,0,NOT_REQUESTED
UNONLOCAL_ONLY,1137,0.210921,38.723379000000001,0.00090799999999999995,0,0,0.033873,40.976045999999997,1,BELOW_TRIGGER,NORMAL_UPDATE,DISABLED_NOT_IMPLEMENTED,0,NOT_REQUESTED
UNONLOCAL_ONLY,1138,0.21029300000000001,48.828040000000001,0.001467,0,0,0.055384000000000003,51.219970000000004,1,BELOW_TRIGGER,NORMAL_UPDATE,DISABLED_NOT_IMPLEMENTED,0,NOT_REQUESTED
UNONLOCAL_ONLY,1139,0.21231800000000001,36.020026999999999,0.001467,0,0,0.030521,38.25188,1,BELOW_TRIGGER,NORMAL_UPDATE,DISABLED_NOT_IMPLEMENTED,0,NOT_REQUESTED
UNONLOCAL_ONLY,1140,0.20994399999999999,12.431288,0.001467,0,0,0.027866999999999999,14.560264999999999,1,BELOW_TRIGGER,NORMAL_UPDATE,DISABLED_NOT_IMPLEMENTED,0,NOT_REQUESTED
UNONLOCAL_ONLY,1141,0.204286,45.826045000000001,0.00097799999999999992,0,0,0.032686,48.077174999999997,1,BELOW_TRIGGER,NORMAL_UPDATE,DISABLED_NOT_IMPLEMENTED,0,NOT_REQUESTED
UNONLOCAL_ONLY,1142,0.208896,37.780101000000002,0.00097799999999999992,0,0,0.031988000000000003,40.025015000000003,1,BELOW_TRIGGER,NORMAL_UPDATE,DISABLED_NOT_IMPLEMENTED,0,NOT_REQUESTED
UNONLOCAL_ONLY,1143,0.20819699999999999,31.534459999999999,0.0014660000000000001,0,0,0.031498999999999999,33.747315999999998,1,BELOW_TRIGGER,NORMAL_UPDATE,DISABLED_NOT_IMPLEMENTED,0,NOT_REQUESTED
UNONLOCAL_ONLY,1144,0.232013,37.364125000000001,0.001397,0,0,0.039669999999999997,39.659674000000003,1,BELOW_TRIGGER,NORMAL_UPDATE,DISABLED_NOT_IMPLEMENTED,0,NOT_REQUESTED
UNONLOCAL_ONLY,1145,0.22237599999999999,28.027303,0.001397,0,0,0.033175000000000003,30.369295999999999,1,BELOW_TRIGGER,NORMAL_UPDATE,DISABLED_NOT_IMPLEMENTED,0,NOT_REQUESTED
UNONLOCAL_ONLY,1146,0.20589199999999999,27.772869,0.00097799999999999992,0,0,0.031918000000000002,30.112418000000002,1,BELOW_TRIGGER,NORMAL_UPDATE,DISABLED_NOT_IMPLEMENTED,0,NOT_REQUESTED
UNONLOCAL_ONLY,1147,0.20924499999999999,36.019049000000003,0.00097799999999999992,0,0,0.031009999999999999,38.347422999999999,1,BELOW_TRIGGER,NORMAL_UPDATE,DISABLED_NOT_IMPLEMENTED,0,NOT_REQUESTED
UNONLOCAL_ONLY,1148,0.20694000000000001,28.519684999999999,0.00097799999999999992,0,0,0.031848000000000001,30.743296000000001,1,BELOW_TRIGGER,NORMAL_UPDATE,DISABLED_NOT_IMPLEMENTED,0,NOT_REQUESTED
UNONLOCAL_ONLY,1149,0.208756,34.167971999999999,0.001467,0,0,0.052940000000000001,36.412605999999997,1,BELOW_TRIGGER,NORMAL_UPDATE,DISABLED_NOT_IMPLEMENTED,0,NOT_REQUESTED
UNONLOCAL_ONLY,1150,0.207429,35.335371000000002,0.001467,0,71.883958000000007,0.034292000000000003,109.517742,3,PERIODIC_CHECK,DIRECTIONAL_UPDATE,DISABLED_NOT_IMPLEMENTED,0,NOT_REQUESTED
UNONLOCAL_ONLY,1151,0.217137,38.117296000000003,0.001397,0,0,0.10881299999999999,40.637315000000001,1,BELOW_TRIGGER,NORMAL_UPDATE,DISABLED_NOT_IMPLEMENTED,0,NOT_REQUESTED
UNONLOCAL_ONLY,1152,0.259461,38.309010000000001,0.001397,0,0,0.033453999999999998,40.616850999999997,1,BELOW_TRIGGER,NORMAL_UPDATE,DISABLED_NOT_IMPLEMENTED,0,NOT_REQUESTED
UNONLOCAL_ONLY,1153,0.207708,27.209458999999999,0.00090799999999999995,0,0,0.03073,29.416029999999999,1,BELOW_TRIGGER,NORMAL_UPDATE,DISABLED_NOT_IMPLEMENTED,0,NOT_REQUESTED
UNONLOCAL_ONLY,1154,0.19779099999999999,36.729337000000001,0.001467,0,0,0.033314000000000003,38.854610999999998,1,BELOW_TRIGGER,NORMAL_UPDATE,DISABLED_NOT_IMPLEMENTED,0,NOT_REQUESTED
UNONLOCAL_ONLY,1155,0.21036299999999999,32.121896999999997,0.001397,0,0,0.032895000000000001,34.46396,1,BELOW_TRIGGER,NORMAL_UPDATE,DISABLED_NOT_IMPLEMENTED,0,NOT_REQUESTED
UNONLOCAL_ONLY,1156,0.20701,35.972324999999998,0.001467,0,0,0.031987000000000002,38.267384999999997,1,BELOW_TRIGGER,NORMAL_UPDATE,DISABLED_NOT_IMPLEMENTED,0,NOT_REQUESTED
UNONLOCAL_ONLY,1157,0.19974600000000001,29.290244999999999,0.001397,0,0,0.032895000000000001,31.564841000000001,1,BELOW_TRIGGER,NORMAL_UPDATE,DISABLED_NOT_IMPLEMENTED,0,NOT_REQUESTED
UNONLOCAL_ONLY,1158,0.21050199999999999,30.360285999999999,0.000977,0,0,0.030519999999999999,32.572164000000001,1,BELOW_TRIGGER,NORMAL_UPDATE,DISABLED_NOT_IMPLEMENTED,0,NOT_REQUESTED
UNONLOCAL_ONLY,1159,0.204845,36.994874000000003,0.001467,0,0,0.059156,39.235877000000002,1,BELOW_TRIGGER,NORMAL_UPDATE,DISABLED_NOT_IMPLEMENTED,0,NOT_REQUESTED
UNONLOCAL_ONLY,1160,0.20735999999999999,37.711796,0.00090799999999999995,0,0,0.030032,39.925420000000003,1,BELOW_TRIGGER,NORMAL_UPDATE,DISABLED_NOT_IMPLEMENTED,0,NOT_REQUESTED
UNONLOCAL_ONLY,1161,0.20275000000000001,12.488697999999999,0.001397,0,0,0.029124000000000001,14.706792,1,BELOW_TRIGGER,NORMAL_UPDATE,DISABLED_NOT_IMPLEMENTED,0,NOT_REQUESTED
UNONLOCAL_ONLY,1162,0.20791799999999999,39.064833999999998,0.001467,0,0,0.031427999999999998,41.300877999999997,1,BELOW_TRIGGER,NORMAL_UPDATE,DISABLED_NOT_IMPLEMENTED,0,NOT_REQUESTED
UNONLOCAL_ONLY,1163,0.21937200000000001,39.500366,0.000977,0,0,0.030731000000000001,41.734453999999999,1,BELOW_TRIGGER,NORMAL_UPDATE,DISABLED_NOT_IMPLEMENTED,0,NOT_REQUESTED
UNONLOCAL_ONLY,1164,0.20582300000000001,44.198391000000001,0.00097799999999999992,0,0,0.053777999999999999,46.484091999999997,1,BELOW_TRIGGER,NORMAL_UPDATE,DISABLED_NOT_IMPLEMENTED,0,NOT_REQUESTED
UNONLOCAL_ONLY,1165,0.21504200000000001,35.986153000000002,0.001397,0,0,0.039251000000000001,38.313690000000001,1,BELOW_TRIGGER,NORMAL_UPDATE,DISABLED_NOT_IMPLEMENTED,0,NOT_REQUESTED
UNONLOCAL_ONLY,1166,0.26525799999999999,36.930968999999997,0.001397,0,0,0.033803,39.755566000000002,1,BELOW_TRIGGER,NORMAL_UPDATE,DISABLED_NOT_IMPLEMENTED,0,NOT_REQUESTED
UNONLOCAL_ONLY,1167,0.21560099999999999,35.306666,0.00097799999999999992,0,0,0.049168999999999997,37.672196,1,BELOW_TRIGGER,NORMAL_UPDATE,DISABLED_NOT_IMPLEMENTED,0,NOT_REQUESTED
UNONLOCAL_ONLY,1168,0.223492,37.588315999999999,0.001397,0,0,0.031008999999999998,39.902791999999998,1,BELOW_TRIGGER,NORMAL_UPDATE,DISABLED_NOT_IMPLEMENTED,0,NOT_REQUESTED
UNONLOCAL_ONLY,1169,0.213366,31.109615000000002,0.001467,0,0,0.035829,33.279449,1,BELOW_TRIGGER,NORMAL_UPDATE,DISABLED_NOT_IMPLEMENTED,0,NOT_REQUESTED
UNONLOCAL_ONLY,1170,0.212668,33.292858000000003,0.001467,0,0,0.033453999999999998,35.505924,1,BELOW_TRIGGER,NORMAL_UPDATE,DISABLED_NOT_IMPLEMENTED,0,NOT_REQUESTED
UNONLOCAL_ONLY,1171,0.21643899999999999,41.037506,0.00097799999999999992,0,0,0.033454999999999999,43.311053999999999,1,BELOW_TRIGGER,NORMAL_UPDATE,DISABLED_NOT_IMPLEMENTED,0,NOT_REQUESTED
UNONLOCAL_ONLY,1172,0.20833699999999999,36.640988,0.000977,0,0,0.033314999999999997,38.826884,1,BELOW_TRIGGER,NORMAL_UPDATE,DISABLED_NOT_IMPLEMENTED,0,NOT_REQUESTED
UNONLOCAL_ONLY,1173,0.22181600000000001,36.486708,0.0018860000000000001,0,0,0.032405999999999997,38.814453,1,BELOW_TRIGGER,NORMAL_UPDATE,DISABLED_NOT_IMPLEMENTED,0,NOT_REQUESTED
UNONLOCAL_ONLY,1174,0.2112,28.682414999999999,0.001397,0,0,0.031988000000000003,30.905398000000002,1,BELOW_TRIGGER,NORMAL_UPDATE,DISABLED_NOT_IMPLEMENTED,0,NOT_REQUESTED
UNONLOCAL_ONLY,1175,0.21839500000000001,33.944758,0.00097799999999999992,0,73.168690999999995,0.056362000000000002,109.417309,3,PERIODIC_CHECK,DIRECTIONAL_UPDATE,DISABLED_NOT_IMPLEMENTED,0,NOT_REQUESTED
UNONLOCAL_ONLY,1176,0.32539099999999999,43.910853000000003,0.0018860000000000001,0,0,0.062926999999999997,46.983178000000002,1,BELOW_TRIGGER,NORMAL_UPDATE,DISABLED_NOT_IMPLEMENTED,0,NOT_REQUESTED
UNONLOCAL_ONLY,1177,0.23061699999999999,40.635008999999997,0.0014660000000000001,0,0,0.031918000000000002,42.860298,1,BELOW_TRIGGER,NORMAL_UPDATE,DISABLED_NOT_IMPLEMENTED,0,NOT_REQUESTED
UNONLOCAL_ONLY,1178,0.204845,12.596183999999999,0.00090799999999999995,0,0,0.031009999999999999,14.750653,1,BELOW_TRIGGER,NORMAL_UPDATE,DISABLED_NOT_IMPLEMENTED,0,NOT_REQUESTED
UNONLOCAL_ONLY,1179,0.207568,33.990295000000003,0.0014660000000000001,0,0,0.031777,36.375939000000002,1,BELOW_TRIGGER,NORMAL_UPDATE,DISABLED_NOT_IMPLEMENTED,0,NOT_REQUESTED
UNONLOCAL_ONLY,1180,0.244585,26.143888,0.001397,0,0,0.044977999999999997,28.414852,1,BELOW_TRIGGER,NORMAL_UPDATE,DISABLED_NOT_IMPLEMENTED,0,NOT_REQUESTED
UNONLOCAL_ONLY,1181,0.223772,34.870507000000003,0.00090799999999999995,0,0,0.033314000000000003,37.081198000000001,1,BELOW_TRIGGER,NORMAL_UPDATE,DISABLED_NOT_IMPLEMENTED,0,NOT_REQUESTED
UNONLOCAL_ONLY,1182,0.215252,34.527585999999999,0.00090799999999999995,0,0,0.032406999999999998,36.704402999999999,1,BELOW_TRIGGER,NORMAL_UPDATE,DISABLED_NOT_IMPLEMENTED,0,NOT_REQUESTED
UNONLOCAL_ONLY,1183,0.20694100000000001,27.803809999999999,0.0014660000000000001,0,0,0.033383999999999997,29.968475000000002,1,BELOW_TRIGGER,NORMAL_UPDATE,DISABLED_NOT_IMPLEMENTED,0,NOT_REQUESTED
UNONLOCAL_ONLY,1184,0.23725099999999999,16.526789999999998,0.00097799999999999992,0,0,0.033803,18.713526000000002,1,BELOW_TRIGGER,NORMAL_UPDATE,DISABLED_NOT_IMPLEMENTED,0,NOT_REQUESTED
UNONLOCAL_ONLY,1185,0.207569,29.660195000000002,0.001397,0,0,0.05287,31.898402999999998,1,BELOW_TRIGGER,NORMAL_UPDATE,DISABLED_NOT_IMPLEMENTED,0,NOT_REQUESTED
UNONLOCAL_ONLY,1186,0.29969000000000001,10.117721,0.0014660000000000001,0,0,0.030100999999999999,12.591156,1,BELOW_TRIGGER,NORMAL_UPDATE,DISABLED_NOT_IMPLEMENTED,0,NOT_REQUESTED
UNONLOCAL_ONLY,1187,0.20491400000000001,30.055427999999999,0.001467,0,0,0.03108,32.186081000000001,1,BELOW_TRIGGER,NORMAL_UPDATE,DISABLED_NOT_IMPLEMENTED,0,NOT_REQUESTED
UNONLOCAL_ONLY,1188,0.196044,31.648581,0.0014660000000000001,0,0,0.032896000000000002,33.763030999999998,1,BELOW_TRIGGER,NORMAL_UPDATE,DISABLED_NOT_IMPLEMENTED,0,NOT_REQUESTED
UNONLOCAL_ONLY,1189,0.200934,49.33914,0.001397,0,0,0.036526999999999997,51.457220999999997,1,BELOW_TRIGGER,NORMAL_UPDATE,DISABLED_NOT_IMPLEMENTED,0,NOT_REQUESTED
UNONLOCAL_ONLY,1190,0.25932100000000002,25.773797999999999,0.001397,0,0,0.035758999999999999,28.427982,1,BELOW_TRIGGER,NORMAL_UPDATE,DISABLED_NOT_IMPLEMENTED,0,NOT_REQUESTED
UNONLOCAL_ONLY,1191,0.25617800000000002,36.356872000000003,0.0014660000000000001,0,0,0.031009999999999999,38.971038,1,BELOW_TRIGGER,NORMAL_UPDATE,DISABLED_NOT_IMPLEMENTED,0,NOT_REQUESTED
UNONLOCAL_ONLY,1192,0.19869899999999999,12.814159,0.0014660000000000001,0,0,0.044698000000000002,15.051739,1,BELOW_TRIGGER,NORMAL_UPDATE,DISABLED_NOT_IMPLEMENTED,0,NOT_REQUESTED
UNONLOCAL_ONLY,1193,0.211201,35.210912999999998,0.0013960000000000001,0,0,0.032895000000000001,37.379700999999997,1,BELOW_TRIGGER,NORMAL_UPDATE,DISABLED_NOT_IMPLEMENTED,0,NOT_REQUESTED
UNONLOCAL_ONLY,1194,0.20610200000000001,12.547295,0.001467,0,0,0.029054,14.655459,1,BELOW_TRIGGER,NORMAL_UPDATE,DISABLED_NOT_IMPLEMENTED,0,NOT_REQUESTED
UNONLOCAL_ONLY,1195,0.20707999999999999,12.464812,0.0014660000000000001,0,0,0.030030999999999999,14.618653,1,BELOW_TRIGGER,NORMAL_UPDATE,DISABLED_NOT_IMPLEMENTED,0,NOT_REQUESTED
UNONLOCAL_ONLY,1196,0.20603299999999999,15.029249999999999,0.0014660000000000001,0,0,0.027587,17.102074000000002,1,BELOW_TRIGGER,NORMAL_UPDATE,DISABLED_NOT_IMPLEMENTED,0,NOT_REQUESTED
UNONLOCAL_ONLY,1197,0.20596300000000001,14.903256000000001,0.001397,0,0,0.029054,17.012957,1,BELOW_TRIGGER,NORMAL_UPDATE,DISABLED_NOT_IMPLEMENTED,0,NOT_REQUESTED
UNONLOCAL_ONLY,1198,0.23578399999999999,33.587519,0.001397,0,0,0.030450999999999999,35.697637999999998,1,BELOW_TRIGGER,NORMAL_UPDATE,DISABLED_NOT_IMPLEMENTED,0,NOT_REQUESTED
UNONLOCAL_ONLY,1199,0.206452,14.841656,0.00090799999999999995,0,0,0.0264,16.957573,1,BELOW_TRIGGER,NORMAL_UPDATE,DISABLED_NOT_IMPLEMENTED,0,NOT_REQUESTED
UNONLOCAL_ONLY,1200,0.20191100000000001,23.409386000000001,0.00097799999999999992,0,48.979106999999999,0.034780999999999999,74.528086000000002,3,PERIODIC_CHECK,DIRECTIONAL_UPDATE,DISABLED_NOT_IMPLEMENTED,0,NOT_REQUESTED
UNONLOCAL_ONLY,1201,0.20952399999999999,24.619738000000002,0.001467,0,0,0.030032,26.772461,1,BELOW_TRIGGER,NORMAL_UPDATE,DISABLED_NOT_IMPLEMENTED,0,NOT_REQUESTED
UNONLOCAL_ONLY,1202,0.19953699999999999,31.82067,0.0013960000000000001,0,0,0.029961999999999999,33.839576999999998,1,BELOW_TRIGGER,NORMAL_UPDATE,DISABLED_NOT_IMPLEMENTED,0,NOT_REQUESTED
UNONLOCAL_ONLY,1203,0.18626699999999999,24.785751000000001,0.0014660000000000001,0,0,0.031009999999999999,26.599253999999998,1,BELOW_TRIGGER,NORMAL_UPDATE,DISABLED_NOT_IMPLEMENTED,0,NOT_REQUESTED
UNONLOCAL_ONLY,1204,0.21455299999999999,25.673155999999999,0.0014660000000000001,0,0,0.029613,27.716647999999999,1,BELOW_TRIGGER,NORMAL_UPDATE,DISABLED_NOT_IMPLEMENTED,0,NOT_REQUESTED
UNONLOCAL_ONLY,1205,0.193111,22.690995999999998,0.00097799999999999992,0,0,0.030030999999999999,24.697261999999998,1,BELOW_TRIGGER,NORMAL_UPDATE,DISABLED_NOT_IMPLEMENTED,0,NOT_REQUESTED
UNONLOCAL_ONLY,1206,0.205264,27.909828999999998,0.001397,0,0,0.030450999999999999,29.986004999999999,1,BELOW_TRIGGER,NORMAL_UPDATE,DISABLED_NOT_IMPLEMENTED,0,NOT_REQUESTED
UNONLOCAL_ONLY,1207,0.208896,22.324957999999999,0.001397,0,0,0.032266999999999997,24.597529000000002,1,BELOW_TRIGGER,NORMAL_UPDATE,DISABLED_NOT_IMPLEMENTED,0,NOT_REQUESTED
UNONLOCAL_ONLY,1208,0.21148,23.197766000000001,0.001397,0,0,0.032895000000000001,25.348393999999999,1,BELOW_TRIGGER,NORMAL_UPDATE,DISABLED_NOT_IMPLEMENTED,0,NOT_REQUESTED
UNONLOCAL_ONLY,1209,0.21937200000000001,33.385258,0.001397,0,0,0.031918000000000002,35.539797,1,BELOW_TRIGGER,NORMAL_UPDATE,DISABLED_NOT_IMPLEMENTED,0,NOT_REQUESTED
UNONLOCAL_ONLY,1210,0.21029200000000001,25.787486999999999,0.00097799999999999992,0,0,0.032405999999999997,27.948521,1,BELOW_TRIGGER,NORMAL_UPDATE,DISABLED_NOT_IMPLEMENTED,0,NOT_REQUESTED
UNONLOCAL_ONLY,1211,0.213226,37.161026999999997,0.0014660000000000001,0,0,0.037296000000000003,39.375768999999998,1,BELOW_TRIGGER,NORMAL_UPDATE,DISABLED_NOT_IMPLEMENTED,0,NOT_REQUESTED
UNONLOCAL_ONLY,1212,0.249893,32.364106999999997,0.00097799999999999992,0,0,0.030800000000000001,34.914926000000001,1,BELOW_TRIGGER,NORMAL_UPDATE,DISABLED_NOT_IMPLEMENTED,0,NOT_REQUESTED
UNONLOCAL_ONLY,1213,0.19045799999999999,14.28041,0.001397,0,0,0.030102,16.224028000000001,1,BELOW_TRIGGER,NORMAL_UPDATE,DISABLED_NOT_IMPLEMENTED,0,NOT_REQUESTED
UNONLOCAL_ONLY,1214,0.20407700000000001,11.857192,0.001467,0,0,0.029752000000000001,13.842015999999999,1,BELOW_TRIGGER,NORMAL_UPDATE,DISABLED_NOT_IMPLEMENTED,0,NOT_REQUESTED
UNONLOCAL_ONLY,1215,0.20701,12.096678000000001,0.001467,0,0,0.030032,14.197509,1,BELOW_TRIGGER,NORMAL_UPDATE,DISABLED_NOT_IMPLEMENTED,0,NOT_REQUESTED
UNONLOCAL_ONLY,1216,0.19695299999999999,34.630600999999999,0.00097799999999999992,0,0,0.044768000000000002,36.671019000000001,1,BELOW_TRIGGER,NORMAL_UPDATE,DISABLED_NOT_IMPLEMENTED,0,NOT_REQUESTED
UNONLOCAL_ONLY,1217,0.203518,19.299565999999999,0.001467,0,0,0.030521,21.563685,1,BELOW_TRIGGER,NORMAL_UPDATE,DISABLED_NOT_IMPLEMENTED,0,NOT_REQUESTED
UNONLOCAL_ONLY,1218,0.19758200000000001,15.072343,0.001467,0,0,0.029961999999999999,17.092227000000001,1,BELOW_TRIGGER,NORMAL_UPDATE,DISABLED_NOT_IMPLEMENTED,0,NOT_REQUESTED
UNONLOCAL_ONLY,1219,0.19779099999999999,17.030138000000001,0.00097799999999999992,0,0,0.031009999999999999,19.013774000000002,1,BELOW_TRIGGER,NORMAL_UPDATE,DISABLED_NOT_IMPLEMENTED,0,NOT_REQUESTED
UNONLOCAL_ONLY,1220,0.196325,9.4653310000000008,0.0013960000000000001,0,0,0.030589999999999999,11.500651,1,BELOW_TRIGGER,NORMAL_UPDATE,DISABLED_NOT_IMPLEMENTED,0,NOT_REQUESTED
UNONLOCAL_ONLY,1221,0.20561299999999999,26.802212999999998,0.001467,0,0,0.031498999999999999,28.871476000000001,1,BELOW_TRIGGER,NORMAL_UPDATE,DISABLED_NOT_IMPLEMENTED,0,NOT_REQUESTED
UNONLOCAL_ONLY,1222,0.19897799999999999,24.347705999999999,0.00090799999999999995,0,0,0.031918000000000002,26.446300999999998,1,BELOW_TRIGGER,NORMAL_UPDATE,DISABLED_NOT_IMPLEMENTED,0,NOT_REQUESTED
UNONLOCAL_ONLY,1223,0.197022,14.438881,0.0018860000000000001,0,0,0.029333000000000001,16.551863999999998,1,BELOW_TRIGGER,NORMAL_UPDATE,DISABLED_NOT_IMPLEMENTED,0,NOT_REQUESTED
UNONLOCAL_ONLY,1224,0.19869899999999999,27.089611000000001,0.0013960000000000001,0,0,0.03073,29.272645000000001,1,BELOW_TRIGGER,NORMAL_UPDATE,DISABLED_NOT_IMPLEMENTED,0,NOT_REQUESTED
UNONLOCAL_ONLY,1225,0.20617199999999999,34.675159999999998,0.00090799999999999995,0,55.901161999999999,0.033734,92.631966000000006,3,PERIODIC_CHECK,DIRECTIONAL_UPDATE,DISABLED_NOT_IMPLEMENTED,0,NOT_REQUESTED
UNONLOCAL_ONLY,1226,0.19869899999999999,11.943376000000001,0.001467,0,0,0.030521,13.99001,1,BELOW_TRIGGER,NORMAL_UPDATE,DISABLED_NOT_IMPLEMENTED,0,NOT_REQUESTED
UNONLOCAL_ONLY,1227,0.20833699999999999,14.193667,0.001397,0,0,0.032406999999999998,16.294008999999999,1,BELOW_TRIGGER,NORMAL_UPDATE,DISABLED_NOT_IMPLEMENTED,0,NOT_REQUESTED
UNONLOCAL_ONLY,1228,0.196883,11.757039000000001,0.00090799999999999995,0,0,0.02647,13.80486,1,BELOW_TRIGGER,NORMAL_UPDATE,DISABLED_NOT_IMPLEMENTED,0,NOT_REQUESTED
UNONLOCAL_ONLY,1229,0.196604,24.829822,0.00097799999999999992,0,0,0.030032,26.809826000000001,1,BELOW_TRIGGER,NORMAL_UPDATE,DISABLED_NOT_IMPLEMENTED,0,NOT_REQUESTED
UNONLOCAL_ONLY,1230,0.197023,34.145623000000001,0.0014660000000000001,0,0,0.030521,36.156916000000002,1,BELOW_TRIGGER,NORMAL_UPDATE,DISABLED_NOT_IMPLEMENTED,0,NOT_REQUESTED
UNONLOCAL_ONLY,1231,0.197931,14.255127999999999,0.001467,0,0,0.027657999999999999,16.285907999999999,1,BELOW_TRIGGER,NORMAL_UPDATE,DISABLED_NOT_IMPLEMENTED,0,NOT_REQUESTED
UNONLOCAL_ONLY,1232,0.21860399999999999,24.005621999999999,0.000977,0,0,0.029194000000000001,25.987791999999999,1,BELOW_TRIGGER,NORMAL_UPDATE,DISABLED_NOT_IMPLEMENTED,0,NOT_REQUESTED
UNONLOCAL_ONLY,1233,0.19841900000000001,16.635114999999999,0.001397,0,0,0.028146000000000001,18.701723000000001,1,BELOW_TRIGGER,NORMAL_UPDATE,DISABLED_NOT_IMPLEMENTED,0,NOT_REQUESTED
UNONLOCAL_ONLY,1234,0.19974600000000001,11.817871,0.001467,0,0,0.028565,13.912694999999999,1,BELOW_TRIGGER,NORMAL_UPDATE,DISABLED_NOT_IMPLEMENTED,0,NOT_REQUESTED
UNONLOCAL_ONLY,1235,0.19695299999999999,31.126726000000001,0.00090799999999999995,0,0,0.030450000000000001,33.10275,1,BELOW_TRIGGER,NORMAL_UPDATE,DISABLED_NOT_IMPLEMENTED,0,NOT_REQUESTED
UNONLOCAL_ONLY,1236,0.19995599999999999,38.687061999999997,0.0013960000000000001,0,0,0.031220000000000001,40.770153000000001,1,BELOW_TRIGGER,NORMAL_UPDATE,DISABLED_NOT_IMPLEMENTED,0,NOT_REQUESTED
UNONLOCAL_ONLY,1237,0.19897799999999999,16.762854999999998,0.001397,0,0,0.031008999999999998,18.778479000000001,1,BELOW_TRIGGER,NORMAL_UPDATE,DISABLED_NOT_IMPLEMENTED,0,NOT_REQUESTED
UNONLOCAL_ONLY,1238,0.19946700000000001,27.254087999999999,0.00090799999999999995,0,0,0.037225000000000001,29.276555999999999,1,BELOW_TRIGGER,NORMAL_UPDATE,DISABLED_NOT_IMPLEMENTED,0,NOT_REQUESTED
UNONLOCAL_ONLY,1239,0.264629,16.442492000000001,0.001467,0,0,0.026889,18.939743,1,BELOW_TRIGGER,NORMAL_UPDATE,DISABLED_NOT_IMPLEMENTED,0,NOT_REQUESTED
UNONLOCAL_ONLY,1240,0.19653399999999999,43.383270000000003,0.000977,0,0,0.032966000000000002,45.375148000000003,1,BELOW_TRIGGER,NORMAL_UPDATE,DISABLED_NOT_IMPLEMENTED,0,NOT_REQUESTED
UNONLOCAL_ONLY,1241,0.19939699999999999,21.316866999999998,0.001467,0,0,0.046793000000000001,23.372648999999999,1,BELOW_TRIGGER,NORMAL_UPDATE,DISABLED_NOT_IMPLEMENTED,0,NOT_REQUESTED
UNONLOCAL_ONLY,1242,0.19814000000000001,16.522531000000001,0.000977,0,0,0.029124000000000001,18.509868000000001,1,BELOW_TRIGGER,NORMAL_UPDATE,DISABLED_NOT_IMPLEMENTED,0,NOT_REQUESTED
UNONLOCAL_ONLY,1243,0.19814100000000001,43.817824000000002,0.00097799999999999992,0,0,0.031497999999999998,45.820667999999998,1,BELOW_TRIGGER,NORMAL_UPDATE,DISABLED_NOT_IMPLEMENTED,0,NOT_REQUESTED
UNONLOCAL_ONLY,1244,0.20952399999999999,14.206308999999999,0.0013960000000000001,0,0,0.030030999999999999,16.244910999999998,1,BELOW_TRIGGER,NORMAL_UPDATE,DISABLED_NOT_IMPLEMENTED,0,NOT_REQUESTED
UNONLOCAL_ONLY,1245,0.19911799999999999,38.357410999999999,0.001397,0,0,0.035269000000000002,40.297117,1,BELOW_TRIGGER,NORMAL_UPDATE,DISABLED_NOT_IMPLEMENTED,0,NOT_REQUESTED
UNONLOCAL_ONLY,1246,0.19855900000000001,16.356726999999999,0.0014660000000000001,0,0,0.044977999999999997,18.398332,1,BELOW_TRIGGER,NORMAL_UPDATE,DISABLED_NOT_IMPLEMENTED,0,NOT_REQUESTED
UNONLOCAL_ONLY,1247,0.20694000000000001,16.389901999999999,0.00090799999999999995,0,0,0.030032,18.346858999999998,1,BELOW_TRIGGER,NORMAL_UPDATE,DISABLED_NOT_IMPLEMENTED,0,NOT_REQUESTED
UNONLOCAL_ONLY,1248,0.19925699999999999,14.354652,0.0014660000000000001,0,0,0.029054,16.294986999999999,1,BELOW_TRIGGER,NORMAL_UPDATE,DISABLED_NOT_IMPLEMENTED,0,NOT_REQUESTED
UNONLOCAL_ONLY,1249,0.19814000000000001,16.639305,0.00097799999999999992,0,0,0.030450999999999999,18.607647,1,BELOW_TRIGGER,NORMAL_UPDATE,DISABLED_NOT_IMPLEMENTED,0,NOT_REQUESTED
UNONLOCAL_ONLY,1250,0.20721999999999999,13.949432,0.00097799999999999992,0,41.748142999999999,0.032895000000000001,57.702862000000003,3,PERIODIC_CHECK,DIRECTIONAL_UPDATE,DISABLED_NOT_IMPLEMENTED,0,NOT_REQUESTED
UNONLOCAL_ONLY,1251,0.198908,31.427952000000001,0.000977,0,0,0.029054,33.466554000000002,1,BELOW_TRIGGER,NORMAL_UPDATE,DISABLED_NOT_IMPLEMENTED,0,NOT_REQUESTED
UNONLOCAL_ONLY,1252,0.20624200000000001,13.964238999999999,0.000977,0,0,0.029543,15.97672,1,BELOW_TRIGGER,NORMAL_UPDATE,DISABLED_NOT_IMPLEMENTED,0,NOT_REQUESTED
UNONLOCAL_ONLY,1253,0.23145399999999999,26.985757,0.001467,0,0,0.030450999999999999,28.973932999999999,1,BELOW_TRIGGER,NORMAL_UPDATE,DISABLED_NOT_IMPLEMENTED,0,NOT_REQUESTED
UNONLOCAL_ONLY,1254,0.19136500000000001,16.219069000000001,0.001397,0,0,0.028635000000000001,18.133284,1,BELOW_TRIGGER,NORMAL_UPDATE,DISABLED_NOT_IMPLEMENTED,0,NOT_REQUESTED
UNONLOCAL_ONLY,1255,0.19695299999999999,16.41686,0.00090799999999999995,0,0,0.027237999999999998,18.353493,1,BELOW_TRIGGER,NORMAL_UPDATE,DISABLED_NOT_IMPLEMENTED,0,NOT_REQUESTED
UNONLOCAL_ONLY,1256,0.203099,16.181704,0.001467,0,0,0.027727000000000002,18.114706000000002,1,BELOW_TRIGGER,NORMAL_UPDATE,DISABLED_NOT_IMPLEMENTED,0,NOT_REQUESTED
UNONLOCAL_ONLY,1257,0.19325100000000001,16.319222,0.0013960000000000001,0,0,0.027727000000000002,18.277227,1,BELOW_TRIGGER,NORMAL_UPDATE,DISABLED_NOT_IMPLEMENTED,0,NOT_REQUESTED
UNONLOCAL_ONLY,1258,0.19395000000000001,16.470499,0.001397,0,0,0.039112000000000001,18.405944999999999,1,BELOW_TRIGGER,NORMAL_UPDATE,DISABLED_NOT_IMPLEMENTED,0,NOT_REQUESTED
UNONLOCAL_ONLY,1259,0.194438,16.247844000000001,0.000977,0,0,0.029054,18.211855,1,BELOW_TRIGGER,NORMAL_UPDATE,DISABLED_NOT_IMPLEMENTED,0,NOT_REQUESTED
UNONLOCAL_ONLY,1260,0.19374,18.538923,0.00090799999999999995,0,0,0.031497999999999998,20.502794000000002,1,BELOW_TRIGGER,NORMAL_UPDATE,DISABLED_NOT_IMPLEMENTED,0,NOT_REQUESTED
UNONLOCAL_ONLY,1261,0.20044500000000001,16.091539000000001,0.00090799999999999995,0,0,0.028635000000000001,18.060858,1,BELOW_TRIGGER,NORMAL_UPDATE,DISABLED_NOT_IMPLEMENTED,0,NOT_REQUESTED
UNONLOCAL_ONLY,1262,0.20624200000000001,28.279917999999999,0.0018860000000000001,0,0,0.030521,30.236317,1,BELOW_TRIGGER,NORMAL_UPDATE,DISABLED_NOT_IMPLEMENTED,0,NOT_REQUESTED
UNONLOCAL_ONLY,1263,0.19611400000000001,16.165780999999999,0.000977,0,0,0.029124000000000001,18.097874000000001,1,BELOW_TRIGGER,NORMAL_UPDATE,DISABLED_NOT_IMPLEMENTED,0,NOT_REQUESTED
UNONLOCAL_ONLY,1264,0.194438,15.994529,0.00097799999999999992,0,0,0.028077000000000001,17.886952999999998,1,BELOW_TRIGGER,NORMAL_UPDATE,DISABLED_NOT_IMPLEMENTED,0,NOT_REQUESTED
UNONLOCAL_ONLY,1265,0.19374,16.051449999999999,0.00097799999999999992,0,0,0.029054,18.008686000000001,1,BELOW_TRIGGER,NORMAL_UPDATE,DISABLED_NOT_IMPLEMENTED,0,NOT_REQUESTED
UNONLOCAL_ONLY,1266,0.19723199999999999,15.878102999999999,0.00097799999999999992,0,0,0.033873,17.844488999999999,1,BELOW_TRIGGER,NORMAL_UPDATE,DISABLED_NOT_IMPLEMENTED,0,NOT_REQUESTED
UNONLOCAL_ONLY,1267,0.19555600000000001,18.378147999999999,0.0014660000000000001,0,0,0.028565,20.279161999999999,1,BELOW_TRIGGER,NORMAL_UPDATE,DISABLED_NOT_IMPLEMENTED,0,NOT_REQUESTED
UNONLOCAL_ONLY,1268,0.203238,16.161519999999999,0.00097799999999999992,0,0,0.028983999999999999,18.072870000000002,1,BELOW_TRIGGER,NORMAL_UPDATE,DISABLED_NOT_IMPLEMENTED,0,NOT_REQUESTED
UNONLOCAL_ONLY,1269,0.19402,16.003678000000001,0.00097799999999999992,0,0,0.027657999999999999,17.894566000000001,1,BELOW_TRIGGER,NORMAL_UPDATE,DISABLED_NOT_IMPLEMENTED,0,NOT_REQUESTED
UNONLOCAL_ONLY,1270,0.19422900000000001,16.344435000000001,0.00097799999999999992,0,0,0.037713999999999998,18.319621000000001,1,BELOW_TRIGGER,NORMAL_UPDATE,DISABLED_NOT_IMPLEMENTED,0,NOT_REQUESTED
UNONLOCAL_ONLY,1271,0.20058500000000001,19.123355,0.001397,0,0,0.029961999999999999,21.166847000000001,1,BELOW_TRIGGER,NORMAL_UPDATE,DISABLED_NOT_IMPLEMENTED,0,NOT_REQUESTED
UNONLOCAL_ONLY,1272,0.19416,18.632859,0.001467,0,0,0.028844000000000002,20.560343,1,BELOW_TRIGGER,NORMAL_UPDATE,DISABLED_NOT_IMPLEMENTED,0,NOT_REQUESTED
UNONLOCAL_ONLY,1273,0.204147,41.847248,0.000977,0,0,0.061321000000000001,43.897024000000002,1,BELOW_TRIGGER,NORMAL_UPDATE,DISABLED_NOT_IMPLEMENTED,0,NOT_REQUESTED
UNONLOCAL_ONLY,1274,0.198489,42.357019999999999,0.001397,0,0,0.030241000000000001,44.276752000000002,1,BELOW_TRIGGER,NORMAL_UPDATE,DISABLED_NOT_IMPLEMENTED,0,NOT_REQUESTED
UNONLOCAL_ONLY,1275,0.194718,16.100826999999999,0.001397,0,42.013261,0.032896000000000002,60.115256000000002,3,PERIODIC_CHECK,DIRECTIONAL_UPDATE,DISABLED_NOT_IMPLEMENTED,0,NOT_REQUESTED
UNONLOCAL_ONLY,1276,0.19751199999999999,17.242595999999999,0.0014660000000000001,0,0,0.029543,19.260873,1,BELOW_TRIGGER,NORMAL_UPDATE,DISABLED_NOT_IMPLEMENTED,0,NOT_REQUESTED
UNONLOCAL_ONLY,1277,0.19367100000000001,9.0580160000000003,0.000977,0,0,0.028565,10.952187,1,BELOW_TRIGGER,NORMAL_UPDATE,DISABLED_NOT_IMPLEMENTED,0,NOT_REQUESTED
UNONLOCAL_ONLY,1278,0.190946,15.28501,0.000977,0,0,0.029543,17.211865,1,BELOW_TRIGGER,NORMAL_UPDATE,DISABLED_NOT_IMPLEMENTED,0,NOT_REQUESTED
UNONLOCAL_ONLY,1279,0.20547399999999999,13.820993,0.001397,0,0,0.03073,15.723265,1,BELOW_TRIGGER,NORMAL_UPDATE,DISABLED_NOT_IMPLEMENTED,0,NOT_REQUESTED
UNONLOCAL_ONLY,1280,0.19583500000000001,14.125781,0.001397,0,0,0.029194000000000001,16.074009,1,BELOW_TRIGGER,NORMAL_UPDATE,DISABLED_NOT_IMPLEMENTED,0,NOT_REQUESTED
UNONLOCAL_ONLY,1281,0.19464799999999999,13.865273,0.001467,0,0,0.033803,15.868675,1,BELOW_TRIGGER,NORMAL_UPDATE,DISABLED_NOT_IMPLEMENTED,0,NOT_REQUESTED
UNONLOCAL_ONLY,1282,0.215251,13.773641,0.001467,0,0,0.030521,15.836478,1,BELOW_TRIGGER,NORMAL_UPDATE,DISABLED_NOT_IMPLEMENTED,0,NOT_REQUESTED
UNONLOCAL_ONLY,1283,0.194439,17.648095000000001,0.001397,0,0,0.031428999999999999,19.580818000000001,1,BELOW_TRIGGER,NORMAL_UPDATE,DISABLED_NOT_IMPLEMENTED,0,NOT_REQUESTED
UNONLOCAL_ONLY,1284,0.18612699999999999,34.771751000000002,0.001397,0,0,0.029753000000000002,36.579946,1,BELOW_TRIGGER,NORMAL_UPDATE,DISABLED_NOT_IMPLEMENTED,0,NOT_REQUESTED
UNONLOCAL_ONLY,1285,0.203518,18.427175999999999,0.0013960000000000001,0,0,0.028424999999999999,20.374495,1,BELOW_TRIGGER,NORMAL_UPDATE,DISABLED_NOT_IMPLEMENTED,0,NOT_REQUESTED
UNONLOCAL_ONLY,1286,0.19276199999999999,11.912785,0.00097799999999999992,0,0,0.029054,13.87533,1,BELOW_TRIGGER,NORMAL_UPDATE,DISABLED_NOT_IMPLEMENTED,0,NOT_REQUESTED
UNONLOCAL_ONLY,1287,0.191855,16.040485,0.00090700000000000004,0,0,0.030519999999999999,17.928927000000002,1,BELOW_TRIGGER,NORMAL_UPDATE,DISABLED_NOT_IMPLEMENTED,0,NOT_REQUESTED
UNONLOCAL_ONLY,1288,0.19555600000000001,28.355138,0.001467,0,0,0.031498999999999999,30.264813,1,BELOW_TRIGGER,NORMAL_UPDATE,DISABLED_NOT_IMPLEMENTED,0,NOT_REQUESTED
UNONLOCAL_ONLY,1289,0.197023,13.956486,0.001467,0,0,0.026749999999999999,15.872515999999999,1,BELOW_TRIGGER,NORMAL_UPDATE,DISABLED_NOT_IMPLEMENTED,0,NOT_REQUESTED
UNONLOCAL_ONLY,1290,0.22279399999999999,18.591165,0.0013960000000000001,0,0,0.029054,20.514807000000001,1,BELOW_TRIGGER,NORMAL_UPDATE,DISABLED_NOT_IMPLEMENTED,0,NOT_REQUESTED
UNONLOCAL_ONLY,1291,0.20449600000000001,19.586894000000001,0.0014660000000000001,0,0,0.028146000000000001,21.526111,1,BELOW_TRIGGER,NORMAL_UPDATE,DISABLED_NOT_IMPLEMENTED,0,NOT_REQUESTED
UNONLOCAL_ONLY,1292,0.191575,13.755203,0.001397,0,0,0.027796999999999999,15.646649,1,BELOW_TRIGGER,NORMAL_UPDATE,DISABLED_NOT_IMPLEMENTED,0,NOT_REQUESTED
UNONLOCAL_ONLY,1293,0.196045,27.971079,0.00097799999999999992,0,0,0.030032,29.909179999999999,1,BELOW_TRIGGER,NORMAL_UPDATE,DISABLED_NOT_IMPLEMENTED,0,NOT_REQUESTED
UNONLOCAL_ONLY,1294,0.19478799999999999,11.392048000000001,0.00097799999999999992,0,0,0.026261,13.308496999999999,1,BELOW_TRIGGER,NORMAL_UPDATE,DISABLED_NOT_IMPLEMENTED,0,NOT_REQUESTED
UNONLOCAL_ONLY,1295,0.19388,30.493404000000002,0.00097799999999999992,0,0,0.028983999999999999,32.386386000000002,1,BELOW_TRIGGER,NORMAL_UPDATE,DISABLED_NOT_IMPLEMENTED,0,NOT_REQUESTED
UNONLOCAL_ONLY,1296,0.195137,13.984702,0.00097799999999999992,0,0,0.030032,15.946059,1,BELOW_TRIGGER,NORMAL_UPDATE,DISABLED_NOT_IMPLEMENTED,0,NOT_REQUESTED
UNONLOCAL_ONLY,1297,0.207708,25.642775,0.001467,0,0,0.030519999999999999,27.619219000000001,1,BELOW_TRIGGER,NORMAL_UPDATE,DISABLED_NOT_IMPLEMENTED,0,NOT_REQUESTED
UNONLOCAL_ONLY,1298,0.19541600000000001,21.437134,0.0013960000000000001,0,0,0.031008999999999998,23.441233,1,BELOW_TRIGGER,NORMAL_UPDATE,DISABLED_NOT_IMPLEMENTED,0,NOT_REQUESTED
UNONLOCAL_ONLY,1299,0.19751199999999999,13.955997,0.001467,0,0,0.040926999999999998,15.926364,1,BELOW_TRIGGER,NORMAL_UPDATE,DISABLED_NOT_IMPLEMENTED,0,NOT_REQUESTED
UNONLOCAL_ONLY,1300,0.19464799999999999,18.408808000000001,0.001467,0,41.483094000000001,0.050077000000000003,61.890346000000001,3,PERIODIC_CHECK,DIRECTIONAL_UPDATE,DISABLED_NOT_IMPLEMENTED,0,NOT_REQUESTED
UNONLOCAL_ONLY,1301,0.24374599999999999,18.914041000000001,0.00097799999999999992,0,0,0.030242000000000002,21.009004999999998,1,BELOW_TRIGGER,NORMAL_UPDATE,DISABLED_NOT_IMPLEMENTED,0,NOT_REQUESTED
UNONLOCAL_ONLY,1302,0.205822,18.648434000000002,0.001397,0,0,0.029543,20.617124,1,BELOW_TRIGGER,NORMAL_UPDATE,DISABLED_NOT_IMPLEMENTED,0,NOT_REQUESTED
UNONLOCAL_ONLY,1303,0.19416,25.755709,0.0013960000000000001,0,0,0.053777999999999999,27.735644000000001,1,BELOW_TRIGGER,NORMAL_UPDATE,DISABLED_NOT_IMPLEMENTED,0,NOT_REQUESTED
UNONLOCAL_ONLY,1304,0.21615899999999999,18.516922999999998,0.001397,0,0,0.029124000000000001,20.458863999999998,1,BELOW_TRIGGER,NORMAL_UPDATE,DISABLED_NOT_IMPLEMENTED,0,NOT_REQUESTED
UNONLOCAL_ONLY,1305,0.194718,11.359362000000001,0.001397,0,0,0.033105000000000002,13.28077,1,BELOW_TRIGGER,NORMAL_UPDATE,DISABLED_NOT_IMPLEMENTED,0,NOT_REQUESTED
UNONLOCAL_ONLY,1306,0.19464899999999999,20.747170000000001,0.001397,0,0,0.028216000000000001,22.691555000000001,1,BELOW_TRIGGER,NORMAL_UPDATE,DISABLED_NOT_IMPLEMENTED,0,NOT_REQUESTED
UNONLOCAL_ONLY,1307,0.22614699999999999,20.955926000000002,0.001397,0,0,0.028705000000000001,22.902615999999998,1,BELOW_TRIGGER,NORMAL_UPDATE,DISABLED_NOT_IMPLEMENTED,0,NOT_REQUESTED
UNONLOCAL_ONLY,1308,0.207429,9.0513119999999994,0.00097799999999999992,0,0,0.026748999999999998,11.007501,1,BELOW_TRIGGER,NORMAL_UPDATE,DISABLED_NOT_IMPLEMENTED,0,NOT_REQUESTED
UNONLOCAL_ONLY,1309,0.19381000000000001,13.737533000000001,0.0013960000000000001,0,0,0.029472999999999999,15.648394,1,BELOW_TRIGGER,NORMAL_UPDATE,DISABLED_NOT_IMPLEMENTED,0,NOT_REQUESTED
UNONLOCAL_ONLY,1310,0.19492699999999999,13.696325999999999,0.00097799999999999992,0,0,0.027937,15.610331,1,BELOW_TRIGGER,NORMAL_UPDATE,DISABLED_NOT_IMPLEMENTED,0,NOT_REQUESTED
UNONLOCAL_ONLY,1311,0.20114299999999999,15.886763999999999,0.001467,0,0,0.028146000000000001,17.860693000000001,1,BELOW_TRIGGER,NORMAL_UPDATE,DISABLED_NOT_IMPLEMENTED,0,NOT_REQUESTED
UNONLOCAL_ONLY,1312,0.19395000000000001,13.602600000000001,0.001467,0,0,0.031008999999999998,15.572407,1,BELOW_TRIGGER,NORMAL_UPDATE,DISABLED_NOT_IMPLEMENTED,0,NOT_REQUESTED
UNONLOCAL_ONLY,1313,0.21238799999999999,13.68599,0.0019550000000000001,0,0,0.026609000000000001,15.658173,1,BELOW_TRIGGER,NORMAL_UPDATE,DISABLED_NOT_IMPLEMENTED,0,NOT_REQUESTED
UNONLOCAL_ONLY,1314,0.205543,11.202707,0.00097799999999999992,0,0,0.025842,13.119227,1,BELOW_TRIGGER,NORMAL_UPDATE,DISABLED_NOT_IMPLEMENTED,0,NOT_REQUESTED
UNONLOCAL_ONLY,1315,0.19395000000000001,33.093530999999999,0.001467,0,0,0.031428999999999999,35.017662999999999,1,BELOW_TRIGGER,NORMAL_UPDATE,DISABLED_NOT_IMPLEMENTED,0,NOT_REQUESTED
UNONLOCAL_ONLY,1316,0.197163,21.926093000000002,0.001397,0,0,0.027727000000000002,23.919786999999999,1,BELOW_TRIGGER,NORMAL_UPDATE,DISABLED_NOT_IMPLEMENTED,0,NOT_REQUESTED
UNONLOCAL_ONLY,1317,0.19367000000000001,28.454871000000001,0.0014660000000000001,0,0,0.030521,30.451847999999998,1,BELOW_TRIGGER,NORMAL_UPDATE,DISABLED_NOT_IMPLEMENTED,0,NOT_REQUESTED
UNONLOCAL_ONLY,1318,0.19946700000000001,28.208331000000001,0.00097799999999999992,0,0,0.030939999999999999,30.153345999999999,1,BELOW_TRIGGER,NORMAL_UPDATE,DISABLED_NOT_IMPLEMENTED,0,NOT_REQUESTED
UNONLOCAL_ONLY,1319,0.19639400000000001,13.740536000000001,0.00090799999999999995,0,0,0.026120999999999998,15.661733999999999,1,BELOW_TRIGGER,NORMAL_UPDATE,DISABLED_NOT_IMPLEMENTED,0,NOT_REQUESTED
UNONLOCAL_ONLY,1320,0.21252799999999999,11.325559,0.00097799999999999992,0,0,0.050076000000000002,13.369259,1,BELOW_TRIGGER,NORMAL_UPDATE,DISABLED_NOT_IMPLEMENTED,0,NOT_REQUESTED
UNONLOCAL_ONLY,1321,0.20749799999999999,13.720840000000001,0.001397,0,0,0.025352,15.709436,1,BELOW_TRIGGER,NORMAL_UPDATE,DISABLED_NOT_IMPLEMENTED,0,NOT_REQUESTED
UNONLOCAL_ONLY,1322,0.19555600000000001,14.341870999999999,0.00097799999999999992,0,0,0.030521,16.273197,1,BELOW_TRIGGER,NORMAL_UPDATE,DISABLED_NOT_IMPLEMENTED,0,NOT_REQUESTED
UNONLOCAL_ONLY,1323,0.18892100000000001,13.373589000000001,0.001467,0,0,0.023397000000000001,15.263498,1,BELOW_TRIGGER,NORMAL_UPDATE,DISABLED_NOT_IMPLEMENTED,0,NOT_REQUESTED
UNONLOCAL_ONLY,1324,0.19248299999999999,13.710015,0.001397,0,0,0.029124000000000001,15.631773000000001,1,BELOW_TRIGGER,NORMAL_UPDATE,DISABLED_NOT_IMPLEMENTED,0,NOT_REQUESTED
UNONLOCAL_ONLY,1325,0.194438,11.508333,0.00097799999999999992,0,60.436805999999997,0.032406999999999998,73.887219999999999,3,PERIODIC_CHECK,DIRECTIONAL_UPDATE,DISABLED_NOT_IMPLEMENTED,0,NOT_REQUESTED
UNONLOCAL_ONLY,1326,0.20491500000000001,16.00263,0.001397,0,0,0.043790999999999997,18.004425999999999,1,BELOW_TRIGGER,NORMAL_UPDATE,DISABLED_NOT_IMPLEMENTED,0,NOT_REQUESTED
UNONLOCAL_ONLY,1327,0.19520699999999999,13.651139000000001,0.001397,0,0,0.028424999999999999,15.579741,1,BELOW_TRIGGER,NORMAL_UPDATE,DISABLED_NOT_IMPLEMENTED,0,NOT_REQUESTED
UNONLOCAL_ONLY,1328,0.19730200000000001,11.659122,0.001397,0,0,0.029613,13.781044,1,BELOW_TRIGGER,NORMAL_UPDATE,DISABLED_NOT_IMPLEMENTED,0,NOT_REQUESTED
UNONLOCAL_ONLY,1329,0.207429,22.922591000000001,0.001397,0,0,0.029054,24.870818,1,BELOW_TRIGGER,NORMAL_UPDATE,DISABLED_NOT_IMPLEMENTED,0,NOT_REQUESTED
UNONLOCAL_ONLY,1330,0.19562599999999999,14.265255,0.000977,0,0,0.027587,16.2102,1,BELOW_TRIGGER,NORMAL_UPDATE,DISABLED_NOT_IMPLEMENTED,0,NOT_REQUESTED
UNONLOCAL_ONLY,1331,0.18989900000000001,11.141526000000001,0.001397,0,0,0.027168999999999999,13.032553,1,BELOW_TRIGGER,NORMAL_UPDATE,DISABLED_NOT_IMPLEMENTED,0,NOT_REQUESTED
UNONLOCAL_ONLY,1332,0.207429,18.447430000000001,0.001467,0,0,0.028565,20.430648000000001,1,BELOW_TRIGGER,NORMAL_UPDATE,DISABLED_NOT_IMPLEMENTED,0,NOT_REQUESTED
UNONLOCAL_ONLY,1333,0.19737199999999999,9.5040239999999994,0.00097799999999999992,0,0,0.026889,11.448828000000001,1,BELOW_TRIGGER,NORMAL_UPDATE,DISABLED_NOT_IMPLEMENTED,0,NOT_REQUESTED
UNONLOCAL_ONLY,1334,0.19953699999999999,16.427755999999999,0.00097799999999999992,0,0,0.037086000000000001,18.393373,1,BELOW_TRIGGER,NORMAL_UPDATE,DISABLED_NOT_IMPLEMENTED,0,NOT_REQUESTED
UNONLOCAL_ONLY,1335,0.199048,31.032928999999999,0.000977,0,0,0.030521,32.999733999999997,1,BELOW_TRIGGER,NORMAL_UPDATE,DISABLED_NOT_IMPLEMENTED,0,NOT_REQUESTED
UNONLOCAL_ONLY,1336,0.196324,11.724702000000001,0.001467,0,0,0.029124000000000001,13.759043999999999,1,BELOW_TRIGGER,NORMAL_UPDATE,DISABLED_NOT_IMPLEMENTED,0,NOT_REQUESTED
UNONLOCAL_ONLY,1337,0.20652100000000001,26.034865,0.001397,0,0,0.029613,27.930572000000002,1,BELOW_TRIGGER,NORMAL_UPDATE,DISABLED_NOT_IMPLEMENTED,0,NOT_REQUESTED
UNONLOCAL_ONLY,1338,0.19723199999999999,13.99427,0.0019559999999999998,0,0,0.027935999999999999,15.925805,1,BELOW_TRIGGER,NORMAL_UPDATE,DISABLED_NOT_IMPLEMENTED,0,NOT_REQUESTED
UNONLOCAL_ONLY,1339,0.19667399999999999,14.058664,0.001397,0,0,0.029961999999999999,15.989501000000001,1,BELOW_TRIGGER,NORMAL_UPDATE,DISABLED_NOT_IMPLEMENTED,0,NOT_REQUESTED
UNONLOCAL_ONLY,1340,0.196744,14.066905,0.0014660000000000001,0,0,0.027587,15.989989,1,BELOW_TRIGGER,NORMAL_UPDATE,DISABLED_NOT_IMPLEMENTED,0,NOT_REQUESTED
UNONLOCAL_ONLY,1341,0.186197,44.614016999999997,0.0014660000000000001,0,0,0.030032,46.564338999999997,1,BELOW_TRIGGER,NORMAL_UPDATE,DISABLED_NOT_IMPLEMENTED,0,NOT_REQUESTED
UNONLOCAL_ONLY,1342,0.197162,22.298207999999999,0.001467,0,0,0.035688999999999999,24.255165999999999,1,BELOW_TRIGGER,NORMAL_UPDATE,DISABLED_NOT_IMPLEMENTED,0,NOT_REQUESTED
UNONLOCAL_ONLY,1343,0.24849599999999999,20.580458,0.001397,0,0,0.029611999999999999,22.786190000000001,1,BELOW_TRIGGER,NORMAL_UPDATE,DISABLED_NOT_IMPLEMENTED,0,NOT_REQUESTED
UNONLOCAL_ONLY,1344,0.19772100000000001,16.15307,0.00090799999999999995,0,0,0.029124000000000001,18.132445000000001,1,BELOW_TRIGGER,NORMAL_UPDATE,DISABLED_NOT_IMPLEMENTED,0,NOT_REQUESTED
UNONLOCAL_ONLY,1345,0.199049,11.634257,0.00097799999999999992,0,0,0.025701999999999999,13.537367,1,BELOW_TRIGGER,NORMAL_UPDATE,DISABLED_NOT_IMPLEMENTED,0,NOT_REQUESTED
UNONLOCAL_ONLY,1346,0.19730200000000001,20.933506999999999,0.001397,0,0,0.028565,22.900801000000001,1,BELOW_TRIGGER,NORMAL_UPDATE,DISABLED_NOT_IMPLEMENTED,0,NOT_REQUESTED
UNONLOCAL_ONLY,1347,0.19828000000000001,47.082701999999998,0.0014660000000000001,0,0,0.029611999999999999,49.021990000000002,1,BELOW_TRIGGER,NORMAL_UPDATE,DISABLED_NOT_IMPLEMENTED,0,NOT_REQUESTED
UNONLOCAL_ONLY,1348,0.19807,25.94903,0.00090799999999999995,0,0,0.030800000000000001,27.852837999999998,1,BELOW_TRIGGER,NORMAL_UPDATE,DISABLED_NOT_IMPLEMENTED,0,NOT_REQUESTED
UNONLOCAL_ONLY,1349,0.20798800000000001,18.449666000000001,0.001467,0,0,0.028635000000000001,20.3416,1,BELOW_TRIGGER,NORMAL_UPDATE,DISABLED_NOT_IMPLEMENTED,0,NOT_REQUESTED
UNONLOCAL_ONLY,1350,0.19667399999999999,16.051729000000002,0.0013270000000000001,0,44.352600000000002,0.035340000000000003,62.368550999999997,3,PERIODIC_CHECK,DIRECTIONAL_UPDATE,DISABLED_NOT_IMPLEMENTED,0,NOT_REQUESTED
UNONLOCAL_ONLY,1351,0.19939699999999999,16.450524000000001,0.001397,0,0,0.030032,18.451900999999999,1,BELOW_TRIGGER,NORMAL_UPDATE,DISABLED_NOT_IMPLEMENTED,0,NOT_REQUESTED
UNONLOCAL_ONLY,1352,0.19786100000000001,11.468453999999999,0.0013960000000000001,0,0,0.047981000000000003,13.387067999999999,1,BELOW_TRIGGER,NORMAL_UPDATE,DISABLED_NOT_IMPLEMENTED,0,NOT_REQUESTED
UNONLOCAL_ONLY,1353,0.19800100000000001,21.044625,0.00097799999999999992,0,0,0.028844999999999999,22.934394000000001,1,BELOW_TRIGGER,NORMAL_UPDATE,DISABLED_NOT_IMPLEMENTED,0,NOT_REQUESTED
UNONLOCAL_ONLY,1354,0.19828000000000001,46.750326999999999,0.001397,0,0,0.030521,48.725304000000001,1,BELOW_TRIGGER,NORMAL_UPDATE,DISABLED_NOT_IMPLEMENTED,0,NOT_REQUESTED
UNONLOCAL_ONLY,1355,0.21748600000000001,16.083787000000001,0.001467,0,0,0.027727000000000002,18.016718999999998,1,BELOW_TRIGGER,NORMAL_UPDATE,DISABLED_NOT_IMPLEMENTED,0,NOT_REQUESTED
UNONLOCAL_ONLY,1356,0.196743,16.119685,0.001467,0,0,0.028983999999999999,18.023841999999998,1,BELOW_TRIGGER,NORMAL_UPDATE,DISABLED_NOT_IMPLEMENTED,0,NOT_REQUESTED
UNONLOCAL_ONLY,1357,0.232432,44.870334999999997,0.001397,0,0,0.035339000000000002,46.817165000000003,1,BELOW_TRIGGER,NORMAL_UPDATE,DISABLED_NOT_IMPLEMENTED,0,NOT_REQUESTED
UNONLOCAL_ONLY,1358,0.35528300000000002,13.357106,0.00097799999999999992,0,0,0.033244999999999997,15.525264,1,BELOW_TRIGGER,NORMAL_UPDATE,DISABLED_NOT_IMPLEMENTED,0,NOT_REQUESTED
UNONLOCAL_ONLY,1359,0.192274,37.461205,0.0013960000000000001,0,0,0.032405999999999997,39.337845000000002,1,BELOW_TRIGGER,NORMAL_UPDATE,DISABLED_NOT_IMPLEMENTED,0,NOT_REQUESTED
UNONLOCAL_ONLY,1360,0.21217800000000001,22.901078999999999,0.00090799999999999995,0,0,0.031428999999999999,24.915586999999999,1,BELOW_TRIGGER,NORMAL_UPDATE,DISABLED_NOT_IMPLEMENTED,0,NOT_REQUESTED
UNONLOCAL_ONLY,1361,0.221887,32.717433999999997,0.001397,0,0,0.031708,34.694575999999998,1,BELOW_TRIGGER,NORMAL_UPDATE,DISABLED_NOT_IMPLEMENTED,0,NOT_REQUESTED
UNONLOCAL_ONLY,1362,0.21134,58.527828999999997,0.001467,0,0,0.032475999999999998,60.495542,1,BELOW_TRIGGER,NORMAL_UPDATE,DISABLED_NOT_IMPLEMENTED,0,NOT_REQUESTED
UNONLOCAL_ONLY,1363,0.211899,41.105322999999999,0.000977,0,0,0.033804000000000001,43.116337000000001,1,BELOW_TRIGGER,NORMAL_UPDATE,DISABLED_NOT_IMPLEMENTED,0,NOT_REQUESTED
UNONLOCAL_ONLY,1364,0.21168999999999999,38.554153999999997,0.00090799999999999995,0,0,0.032615999999999999,40.507897999999997,1,BELOW_TRIGGER,NORMAL_UPDATE,DISABLED_NOT_IMPLEMENTED,0,NOT_REQUESTED
UNONLOCAL_ONLY,1365,0.213505,13.043519,0.001397,0,0,0.029613,15.079955,1,BELOW_TRIGGER,NORMAL_UPDATE,DISABLED_NOT_IMPLEMENTED,0,NOT_REQUESTED
UNONLOCAL_ONLY,1366,0.218115,50.401428000000003,0.001397,0,0,0.030032,52.367814000000003,1,BELOW_TRIGGER,NORMAL_UPDATE,DISABLED_NOT_IMPLEMENTED,0,NOT_REQUESTED
UNONLOCAL_ONLY,1367,0.18759400000000001,53.920319999999997,0.000977,0,0,0.031988000000000003,55.647078999999998,1,BELOW_TRIGGER,NORMAL_UPDATE,DISABLED_NOT_IMPLEMENTED,0,NOT_REQUESTED
UNONLOCAL_ONLY,1368,0.20519499999999999,27.256530999999999,0.0019559999999999998,0,0,0.064812999999999996,29.348562999999999,1,BELOW_TRIGGER,NORMAL_UPDATE,DISABLED_NOT_IMPLEMENTED,0,NOT_REQUESTED
UNONLOCAL_ONLY,1369,0.21909200000000001,32.778894999999999,0.00097799999999999992,0,0,0.030032,34.758620000000001,1,BELOW_TRIGGER,NORMAL_UPDATE,DISABLED_NOT_IMPLEMENTED,0,NOT_REQUESTED
UNONLOCAL_ONLY,1370,0.205543,32.435136,0.00090799999999999995,0,0,0.031009999999999999,34.411160000000002,1,BELOW_TRIGGER,NORMAL_UPDATE,DISABLED_NOT_IMPLEMENTED,0,NOT_REQUESTED
UNONLOCAL_ONLY,1371,0.207289,38.454419999999999,0.0013960000000000001,0,0,0.033453999999999998,40.465854,1,BELOW_TRIGGER,NORMAL_UPDATE,DISABLED_NOT_IMPLEMENTED,0,NOT_REQUESTED
UNONLOCAL_ONLY,1372,0.23711199999999999,20.600223,0.00097799999999999992,0,0,0.030450999999999999,22.861550000000001,1,BELOW_TRIGGER,NORMAL_UPDATE,DISABLED_NOT_IMPLEMENTED,0,NOT_REQUESTED
UNONLOCAL_ONLY,1373,0.202261,29.359458,0.0019550000000000001,0,0,0.032406999999999998,31.415728999999999,1,BELOW_TRIGGER,NORMAL_UPDATE,DISABLED_NOT_IMPLEMENTED,0,NOT_REQUESTED
UNONLOCAL_ONLY,1374,0.20694000000000001,19.645769999999999,0.000977,0,0,0.032405999999999997,21.744226000000001,1,BELOW_TRIGGER,NORMAL_UPDATE,DISABLED_NOT_IMPLEMENTED,0,NOT_REQUESTED
UNONLOCAL_ONLY,1375,0.20812800000000001,29.705242999999999,0.00090799999999999995,0,51.498497999999998,0.034780999999999999,83.308622,3,PERIODIC_CHECK,DIRECTIONAL_UPDATE,DISABLED_NOT_IMPLEMENTED,0,NOT_REQUESTED
UNONLOCAL_ONLY,1376,0.20924499999999999,42.094627000000003,0.00090799999999999995,0,0,0.031497999999999998,44.192383999999997,1,BELOW_TRIGGER,NORMAL_UPDATE,DISABLED_NOT_IMPLEMENTED,0,NOT_REQUESTED
UNONLOCAL_ONLY,1377,0.20058500000000001,40.931347000000002,0.00090799999999999995,0,0,0.031708,43.029035,1,BELOW_TRIGGER,NORMAL_UPDATE,DISABLED_NOT_IMPLEMENTED,0,NOT_REQUESTED
UNONLOCAL_ONLY,1378,0.219023,28.895430999999999,0.001397,0,0,0.030521,30.92698,1,BELOW_TRIGGER,NORMAL_UPDATE,DISABLED_NOT_IMPLEMENTED,0,NOT_REQUESTED
UNONLOCAL_ONLY,1379,0.20952399999999999,47.199058999999998,0.001467,0,0,0.032405999999999997,49.244435000000003,1,BELOW_TRIGGER,NORMAL_UPDATE,DISABLED_NOT_IMPLEMENTED,0,NOT_REQUESTED
UNONLOCAL_ONLY,1380,0.20805699999999999,36.004731999999997,0.00097799999999999992,0,0,0.031917000000000001,38.038654000000001,1,BELOW_TRIGGER,NORMAL_UPDATE,DISABLED_NOT_IMPLEMENTED,0,NOT_REQUESTED
UNONLOCAL_ONLY,1381,0.208756,45.848255000000002,0.0018159999999999999,0,0,0.032405999999999997,47.898798999999997,1,BELOW_TRIGGER,NORMAL_UPDATE,DISABLED_NOT_IMPLEMENTED,0,NOT_REQUESTED
UNONLOCAL_ONLY,1382,0.20819699999999999,51.901622000000003,0.0014660000000000001,0,0,0.029961999999999999,53.839861999999997,1,BELOW_TRIGGER,NORMAL_UPDATE,DISABLED_NOT_IMPLEMENTED,0,NOT_REQUESTED
UNONLOCAL_ONLY,1383,0.18920100000000001,36.708663000000001,0.00097799999999999992,0,0,0.061041999999999999,38.566934000000003,1,BELOW_TRIGGER,NORMAL_UPDATE,DISABLED_NOT_IMPLEMENTED,0,NOT_REQUESTED
UNONLOCAL_ONLY,1384,0.23222300000000001,50.860495999999998,0.000977,0,101.28280700000001,0.035130000000000002,154.162419,3,HIGH_NORMALIZED_INNOVATION,DIRECTIONAL_UPDATE,DISABLED_NOT_IMPLEMENTED,0,NOT_REQUESTED
UNONLOCAL_ONLY,1385,0.20715,55.997754,0.001397,0,110.70525600000001,0.035340000000000003,168.76982599999999,3,HIGH_NORMALIZED_INNOVATION,DIRECTIONAL_UPDATE,DISABLED_NOT_IMPLEMENTED,0,NOT_REQUESTED
UNONLOCAL_ONLY,1386,0.21099100000000001,60.768413000000002,0.0014660000000000001,0,122.145634,0.034571999999999999,184.93951799999999,3,HIGH_NORMALIZED_INNOVATION,DIRECTIONAL_UPDATE,DISABLED_NOT_IMPLEMENTED,0,NOT_REQUESTED
UNONLOCAL_ONLY,1387,0.206312,65.892888999999997,0.0013960000000000001,0,131.58959400000001,0.032895000000000001,199.437904,3,HIGH_NORMALIZED_INNOVATION,DIRECTIONAL_UPDATE,DISABLED_NOT_IMPLEMENTED,0,NOT_REQUESTED
UNONLOCAL_ONLY,1388,0.21315700000000001,65.019103000000001,0.001397,0,124.17494600000001,0.031988000000000003,191.271762,3,HIGH_NORMALIZED_INNOVATION,DIRECTIONAL_UPDATE,DISABLED_NOT_IMPLEMENTED,0,NOT_REQUESTED
UNONLOCAL_ONLY,1389,0.196604,92.554091999999997,0.001397,0,198.313177,0.10113,292.964609,3,HIGH_NORMALIZED_INNOVATION,DIRECTIONAL_UPDATE,DISABLED_NOT_IMPLEMENTED,0,NOT_REQUESTED
UNONLOCAL_ONLY,1390,0.23117499999999999,83.095045999999996,0.0014660000000000001,0,145.91358600000001,0.036735999999999998,231.10897399999999,3,HIGH_NORMALIZED_INNOVATION,DIRECTIONAL_UPDATE,DISABLED_NOT_IMPLEMENTED,0,NOT_REQUESTED
UNONLOCAL_ONLY,1391,0.20666100000000001,95.050085999999993,0.00090700000000000004,0,141.309707,0.034361999999999997,238.51503,3,HIGH_NORMALIZED_INNOVATION,CAUTIOUS_UPDATE,DISABLED_NOT_IMPLEMENTED,0,NOT_REQUESTED
UNONLOCAL_ONLY,1392,0.20449500000000001,118.373288,0.0013960000000000001,0,228.20398900000001,0.035340000000000003,348.58402999999998,3,HIGH_NORMALIZED_INNOVATION,DIRECTIONAL_UPDATE,DISABLED_NOT_IMPLEMENTED,0,NOT_REQUESTED
UNONLOCAL_ONLY,1393,0.197931,100.11694300000001,0.0014660000000000001,0,119.85657999999999,0.034500999999999997,221.99382700000001,3,HIGH_NORMALIZED_INNOVATION,CAUTIOUS_UPDATE,DISABLED_NOT_IMPLEMENTED,0,NOT_REQUESTED
UNONLOCAL_ONLY,1394,0.19681299999999999,88.694514999999996,0.001397,0,104.661177,0.035618999999999998,195.30377899999999,3,HIGH_NORMALIZED_INNOVATION,CAUTIOUS_UPDATE,DISABLED_NOT_IMPLEMENTED,0,NOT_REQUESTED
UNONLOCAL_ONLY,1395,0.24172099999999999,81.028717999999998,0.001397,0,166.08812499999999,0.035758999999999999,249.17500000000001,3,HIGH_NORMALIZED_INNOVATION,DIRECTIONAL_UPDATE,DISABLED_NOT_IMPLEMENTED,0,NOT_REQUESTED
UNONLOCAL_ONLY,1396,0.203518,102.254092,0.001397,0,146.337593,0.033873,250.58433099999999,3,HIGH_NORMALIZED_INNOVATION,CAUTIOUS_UPDATE,DISABLED_NOT_IMPLEMENTED,0,NOT_REQUESTED
UNONLOCAL_ONLY,1397,0.20184199999999999,102.58702599999999,0.001397,0,204.37576300000001,0.042044999999999999,309.01235700000001,3,HIGH_NORMALIZED_INNOVATION,DIRECTIONAL_UPDATE,DISABLED_NOT_IMPLEMENTED,0,NOT_REQUESTED
UNONLOCAL_ONLY,1398,0.21343599999999999,100.626437,0.00090799999999999995,0,118.475117,0.037156000000000002,221.13296199999999,3,HIGH_NORMALIZED_INNOVATION,CAUTIOUS_UPDATE,DISABLED_NOT_IMPLEMENTED,0,NOT_REQUESTED
UNONLOCAL_ONLY,1399,0.20177200000000001,73.375842000000006,0.001397,0,108.244253,0.039461000000000003,183.65666999999999,3,HIGH_NORMALIZED_INNOVATION,CAUTIOUS_UPDATE,DISABLED_NOT_IMPLEMENTED,0,NOT_REQUESTED
UNONLOCAL_ONLY,1400,0.210921,93.689644999999999,0.001397,0,187.37803199999999,0.036595999999999997,283.04412000000002,3,HIGH_NORMALIZED_INNOVATION,DIRECTIONAL_UPDATE,DISABLED_NOT_IMPLEMENTED,0,NOT_REQUESTED
UNONLOCAL_ONLY,1401,0.216229,74.541843999999998,0.0014660000000000001,0,155.99596600000001,0.042463000000000001,232.55958100000001,3,HIGH_NORMALIZED_INNOVATION,DIRECTIONAL_UPDATE,DISABLED_NOT_IMPLEMENTED,0,NOT_REQUESTED
UNONLOCAL_ONLY,1402,0.205543,67.632361000000003,0.0014660000000000001,0,141.87577200000001,0.033873,211.51537500000001,3,HIGH_NORMALIZED_INNOVATION,DIRECTIONAL_UPDATE,DISABLED_NOT_IMPLEMENTED,0,NOT_REQUESTED
UNONLOCAL_ONLY,1403,0.204147,106.470141,0.00097799999999999992,0,97.484549000000001,0.040089,206.05978099999999,3,HIGH_NORMALIZED_INNOVATION,CAUTIOUS_UPDATE,DISABLED_NOT_IMPLEMENTED,0,NOT_REQUESTED
UNONLOCAL_ONLY,1404,0.203099,40.638781000000002,0.001885,0,85.097121000000001,0.076057,127.871235,3,HIGH_NORMALIZED_INNOVATION,DIRECTIONAL_UPDATE,DISABLED_NOT_IMPLEMENTED,0,NOT_REQUESTED
UNONLOCAL_ONLY,1405,0.22007099999999999,57.426290000000002,0.001397,0,126.97600799999999,0.033383999999999997,186.49209300000001,3,HIGH_NORMALIZED_INNOVATION,CAUTIOUS_UPDATE,DISABLED_NOT_IMPLEMENTED,0,NOT_REQUESTED
UNONLOCAL_ONLY,1406,0.209873,79.216331999999994,0.001397,0,157.33831799999999,0.035340000000000003,238.65611000000001,3,HIGH_NORMALIZED_INNOVATION,DIRECTIONAL_UPDATE,DISABLED_NOT_IMPLEMENTED,0,NOT_REQUESTED
UNONLOCAL_ONLY,1407,0.21993099999999999,95.153242000000006,0.001397,0,183.06015400000001,0.036178000000000002,280.356132,3,HIGH_NORMALIZED_INNOVATION,DIRECTIONAL_UPDATE,DISABLED_NOT_IMPLEMENTED,0,NOT_REQUESTED
UNONLOCAL_ONLY,1408,0.216229,72.420550000000006,0.001397,0,158.832786,0.049658000000000001,233.36757600000001,3,HIGH_NORMALIZED_INNOVATION,DIRECTIONAL_UPDATE,DISABLED_NOT_IMPLEMENTED,0,NOT_REQUESTED
UNONLOCAL_ONLY,1409,0.21085100000000001,73.749213999999995,0.001397,0,155.02440200000001,0.035340000000000003,230.97089700000001,3,HIGH_NORMALIZED_INNOVATION,DIRECTIONAL_UPDATE,DISABLED_NOT_IMPLEMENTED,0,NOT_REQUESTED
UNONLOCAL_ONLY,1410,0.217416,76.551951000000003,0.001467,0,164.11363700000001,0.035340000000000003,242.777524,3,HIGH_NORMALIZED_INNOVATION,DIRECTIONAL_UPDATE,DISABLED_NOT_IMPLEMENTED,0,NOT_REQUESTED
UNONLOCAL_ONLY,1411,0.22,67.138022000000007,0.000977,0,140.68246099999999,0.037853999999999999,210.041651,3,HIGH_NORMALIZED_INNOVATION,CAUTIOUS_UPDATE,DISABLED_NOT_IMPLEMENTED,0,NOT_REQUESTED
UNONLOCAL_ONLY,1412,0.21895300000000001,59.554288999999997,0.0019550000000000001,0,121.59137200000001,0.056850999999999999,183.37660600000001,3,HIGH_NORMALIZED_INNOVATION,DIRECTIONAL_UPDATE,DISABLED_NOT_IMPLEMENTED,0,NOT_REQUESTED
UNONLOCAL_ONLY,1413,0.23396900000000001,70.582252999999994,0.0014660000000000001,0,140.74692400000001,0.034292000000000003,213.67494300000001,3,HIGH_NORMALIZED_INNOVATION,DIRECTIONAL_UPDATE,DISABLED_NOT_IMPLEMENTED,0,NOT_REQUESTED
UNONLOCAL_ONLY,1414,0.25764500000000001,67.426747000000006,0.00097799999999999992,0,185.25568999999999,0.033873,254.86917299999999,3,HIGH_NORMALIZED_INNOVATION,DIRECTIONAL_UPDATE,DISABLED_NOT_IMPLEMENTED,0,NOT_REQUESTED
UNONLOCAL_ONLY,1415,0.198769,50.245193,0.0014660000000000001,0,77.837941000000001,0.038483000000000003,130.02025699999999,3,HIGH_NORMALIZED_INNOVATION,CAUTIOUS_UPDATE,DISABLED_NOT_IMPLEMENTED,0,NOT_REQUESTED
UNONLOCAL_ONLY,1416,0.21357499999999999,75.517179999999996,0.001467,0,147.90322800000001,0.035409999999999997,225.71141700000001,3,HIGH_NORMALIZED_INNOVATION,DIRECTIONAL_UPDATE,DISABLED_NOT_IMPLEMENTED,0,NOT_REQUESTED
UNONLOCAL_ONLY,1417,0.22020999999999999,66.646129000000002,0.00097799999999999992,0,119.182051,0.038063,188.23163500000001,3,HIGH_NORMALIZED_INNOVATION,DIRECTIONAL_UPDATE,DISABLED_NOT_IMPLEMENTED,0,NOT_REQUESTED
UNONLOCAL_ONLY,1418,0.33482000000000001,55.575212999999998,0.0014660000000000001,0,101.82107499999999,0.034851,159.63854699999999,3,HIGH_NORMALIZED_INNOVATION,DIRECTIONAL_UPDATE,DISABLED_NOT_IMPLEMENTED,0,NOT_REQUESTED
UNONLOCAL_ONLY,1419,0.22733400000000001,54.907389000000002,0.00090799999999999995,0,118.27557899999999,0.037714999999999999,175.305519,3,HIGH_NORMALIZED_INNOVATION,DIRECTIONAL_UPDATE,DISABLED_NOT_IMPLEMENTED,0,NOT_REQUESTED
UNONLOCAL_ONLY,1420,0.21071100000000001,58.416502000000001,0.00090799999999999995,0,121.786579,0.040018999999999999,182.29657800000001,3,HIGH_NORMALIZED_INNOVATION,DIRECTIONAL_UPDATE,DISABLED_NOT_IMPLEMENTED,0,NOT_REQUESTED
UNONLOCAL_ONLY,1421,0.254083,56.519537999999997,0.001467,0,78.320266000000004,0.039530999999999997,137.381406,3,HIGH_NORMALIZED_INNOVATION,CAUTIOUS_UPDATE,DISABLED_NOT_IMPLEMENTED,0,NOT_REQUESTED
UNONLOCAL_ONLY,1422,0.28914400000000001,54.579343999999999,0.00097799999999999992,0,82.503140000000002,0.034780999999999999,139.44815399999999,3,HIGH_NORMALIZED_INNOVATION,DIRECTIONAL_UPDATE,DISABLED_NOT_IMPLEMENTED,0,NOT_REQUESTED
UNONLOCAL_ONLY,1423,0.21001300000000001,61.183270999999998,0.001397,0,123.94195499999999,0.037714999999999999,187.25930199999999,3,HIGH_NORMALIZED_INNOVATION,DIRECTIONAL_UPDATE,DISABLED_NOT_IMPLEMENTED,0,NOT_REQUESTED
UNONLOCAL_ONLY,1424,0.22328300000000001,55.057687000000001,0.00097799999999999992,0,108.43163800000001,0.033384999999999998,165.82007300000001,3,HIGH_NORMALIZED_INNOVATION,DIRECTIONAL_UPDATE,DISABLED_NOT_IMPLEMENTED,0,NOT_REQUESTED
UNONLOCAL_ONLY,1425,0.21790599999999999,58.875151000000002,0.0019559999999999998,0,115.084175,0.035688999999999999,176.08222699999999,3,HIGH_NORMALIZED_INNOVATION,DIRECTIONAL_UPDATE,DISABLED_NOT_IMPLEMENTED,0,NOT_REQUESTED
UNONLOCAL_ONLY,1426,0.20910599999999999,54.723984999999999,0.00097799999999999992,0,128.02649299999999,0.034292000000000003,184.90089499999999,3,HIGH_NORMALIZED_INNOVATION,DIRECTIONAL_UPDATE,DISABLED_NOT_IMPLEMENTED,0,NOT_REQUESTED
UNONLOCAL_ONLY,1427,0.19807,21.291792999999998,0.001467,0,0,0.056640999999999997,23.373557000000002,1,BELOW_TRIGGER,NORMAL_UPDATE,DISABLED_NOT_IMPLEMENTED,0,NOT_REQUESTED
UNONLOCAL_ONLY,1428,0.20812700000000001,51.080148000000001,0.0014660000000000001,0,107.132237,0.038761999999999998,160.30692999999999,3,HIGH_NORMALIZED_INNOVATION,DIRECTIONAL_UPDATE,DISABLED_NOT_IMPLEMENTED,0,NOT_REQUESTED
UNONLOCAL_ONLY,1429,0.22167700000000001,60.300964,0.001467,0,74.259264999999999,0.035758999999999999,136.76589300000001,3,HIGH_NORMALIZED_INNOVATION,CAUTIOUS_UPDATE,DISABLED_NOT_IMPLEMENTED,0,NOT_REQUESTED
UNONLOCAL_ONLY,1430,0.22356200000000001,80.725536000000005,0.001397,0,108.502666,0.040508000000000002,191.43295699999999,3,HIGH_NORMALIZED_INNOVATION,CAUTIOUS_UPDATE,DISABLED_NOT_IMPLEMENTED,0,NOT_REQUESTED
UNONLOCAL_ONLY,1431,0.20980399999999999,56.159157,0.001467,0,172.44236900000001,0.035339000000000002,230.75152499999999,3,HIGH_NORMALIZED_INNOVATION,DIRECTIONAL_UPDATE,DISABLED_NOT_IMPLEMENTED,0,NOT_REQUESTED
UNONLOCAL_ONLY,1432,0.212807,68.291454000000002,0.001397,0,93.219682000000006,0.041066999999999999,163.62740099999999,3,HIGH_NORMALIZED_INNOVATION,CAUTIOUS_UPDATE,DISABLED_NOT_IMPLEMENTED,0,NOT_REQUESTED
UNONLOCAL_ONLY,1433,0.226636,72.113178000000005,0.001467,0,92.486346999999995,0.062926999999999997,166.89193,3,HIGH_NORMALIZED_INNOVATION,CAUTIOUS_UPDATE,DISABLED_NOT_IMPLEMENTED,0,NOT_REQUESTED
UNONLOCAL_ONLY,1434,0.26036900000000002,47.471159999999998,0.001467,0,0,0.066280000000000006,49.980283999999997,1,BELOW_TRIGGER,NORMAL_UPDATE,DISABLED_NOT_IMPLEMENTED,0,NOT_REQUESTED
UNONLOCAL_ONLY,1435,0.215391,74.128522000000004,0.001397,0,158.067834,0.03569,234.306059,3,HIGH_NORMALIZED_INNOVATION,DIRECTIONAL_UPDATE,DISABLED_NOT_IMPLEMENTED,0,NOT_REQUESTED
UNONLOCAL_ONLY,1436,0.22496099999999999,39.808869999999999,0.00097799999999999992,0,114.507622,0.034780999999999999,156.46665400000001,3,HIGH_NORMALIZED_INNOVATION,CAUTIOUS_UPDATE,DISABLED_NOT_IMPLEMENTED,0,NOT_REQUESTED
UNONLOCAL_ONLY,1437,0.21832699999999999,37.291755999999999,0.0013960000000000001,0,0,0.032266999999999997,39.428369000000004,1,BELOW_TRIGGER,NORMAL_UPDATE,DISABLED_NOT_IMPLEMENTED,0,NOT_REQUESTED
UNONLOCAL_ONLY,1438,0.215254,37.373123,0.001397,0,0,0.034640999999999998,39.561627999999999,1,BELOW_TRIGGER,NORMAL_UPDATE,DISABLED_NOT_IMPLEMENTED,0,NOT_REQUESTED
UNONLOCAL_ONLY,1439,0.214416,128.10897299999999,0.001467,0,259.80993000000001,0.035829,390.07877300000001,3,HIGH_NORMALIZED_INNOVATION,DIRECTIONAL_UPDATE,DISABLED_NOT_IMPLEMENTED,0,NOT_REQUESTED
UNONLOCAL_ONLY,1440,0.21434600000000001,33.183917000000001,0.000977,0,0,0.034153000000000003,35.230713000000002,1,BELOW_TRIGGER,NORMAL_UPDATE,DISABLED_NOT_IMPLEMENTED,0,NOT_REQUESTED
UNONLOCAL_ONLY,1441,0.21853700000000001,24.855653,0.001467,0,0,0.033944000000000002,27.085156999999999,1,BELOW_TRIGGER,NORMAL_UPDATE,DISABLED_NOT_IMPLEMENTED,0,NOT_REQUESTED
UNONLOCAL_ONLY,1442,0.28481699999999999,43.510855999999997,0.00097799999999999992,0,0,0.032896000000000002,45.646909000000001,1,BELOW_TRIGGER,NORMAL_UPDATE,DISABLED_NOT_IMPLEMENTED,0,NOT_REQUESTED
UNONLOCAL_ONLY,1443,0.21623200000000001,33.186850999999997,0.0014660000000000001,0,0,0.033873,35.281838,1,BELOW_TRIGGER,NORMAL_UPDATE,DISABLED_NOT_IMPLEMENTED,0,NOT_REQUESTED
UNONLOCAL_ONLY,1444,0.206453,55.506183999999998,0.001397,0,0,0.034780999999999999,57.552211999999997,1,BELOW_TRIGGER,NORMAL_UPDATE,DISABLED_NOT_IMPLEMENTED,0,NOT_REQUESTED
UNONLOCAL_ONLY,1445,0.21609200000000001,23.873322999999999,0.0013960000000000001,0,0,0.036318000000000003,25.945959999999999,1,BELOW_TRIGGER,NORMAL_UPDATE,DISABLED_NOT_IMPLEMENTED,0,NOT_REQUESTED
UNONLOCAL_ONLY,1446,0.212948,57.933481,0.001397,0,0,0.048469999999999999,60.133580000000002,1,BELOW_TRIGGER,NORMAL_UPDATE,DISABLED_NOT_IMPLEMENTED,0,NOT_REQUESTED
UNONLOCAL_ONLY,1447,0.223076,89.246255000000005,0.00097799999999999992,0,105.610004,0.034292999999999997,197.62857700000001,3,HIGH_NORMALIZED_INNOVATION,CAUTIOUS_UPDATE,DISABLED_NOT_IMPLEMENTED,0,NOT_REQUESTED
UNONLOCAL_ONLY,1448,0.22614899999999999,24.000226999999999,0.001467,0,0,0.030311000000000001,26.136769000000001,1,BELOW_TRIGGER,NORMAL_UPDATE,DISABLED_NOT_IMPLEMENTED,0,NOT_REQUESTED
UNONLOCAL_ONLY,1449,0.21406700000000001,32.082017,0.001397,0,0,0.038622999999999998,34.166806000000001,1,BELOW_TRIGGER,NORMAL_UPDATE,DISABLED_NOT_IMPLEMENTED,0,NOT_REQUESTED
UNONLOCAL_ONLY,1450,0.22007299999999999,52.334859999999999,0.00097799999999999992,0,109.86856299999999,0.034991000000000001,164.35128,3,PERIODIC_CHECK,DIRECTIONAL_UPDATE,DISABLED_NOT_IMPLEMENTED,0,NOT_REQUESTED
UNONLOCAL_ONLY,1451,0.2082,25.424588,0.001397,0,0,0.031708,27.461186000000001,1,BELOW_TRIGGER,NORMAL_UPDATE,DISABLED_NOT_IMPLEMENTED,0,NOT_REQUESTED
UNONLOCAL_ONLY,1452,0.20540600000000001,37.995137,0.001397,0,0,0.032965000000000001,40.026009000000002,1,BELOW_TRIGGER,NORMAL_UPDATE,DISABLED_NOT_IMPLEMENTED,0,NOT_REQUESTED
UNONLOCAL_ONLY,1453,0.20736099999999999,54.650267999999997,0.001397,0,0,0.033384999999999998,56.694060999999998,1,BELOW_TRIGGER,NORMAL_UPDATE,DISABLED_NOT_IMPLEMENTED,0,NOT_REQUESTED
UNONLOCAL_ONLY,1454,0.234181,139.12588199999999,0.001467,0,157.33178899999999,0.033383999999999997,298.57228300000003,3,HIGH_NORMALIZED_INNOVATION,CAUTIOUS_UPDATE,DISABLED_NOT_IMPLEMENTED,0,NOT_REQUESTED
UNONLOCAL_ONLY,1455,0.211063,130.29237900000001,0.001397,0,273.54013900000001,0.048959000000000003,405.939099,3,HIGH_NORMALIZED_INNOVATION,DIRECTIONAL_UPDATE,DISABLED_NOT_IMPLEMENTED,0,NOT_REQUESTED
UNONLOCAL_ONLY,1456,0.209457,120.09562699999999,0.001467,0,239.865859,0.034780999999999999,362.160887,3,HIGH_NORMALIZED_INNOVATION,DIRECTIONAL_UPDATE,DISABLED_NOT_IMPLEMENTED,0,NOT_REQUESTED
UNONLOCAL_ONLY,1457,0.21462500000000001,105.166017,0.0018159999999999999,0,208.15218999999999,0.040438000000000002,315.46634499999999,3,HIGH_NORMALIZED_INNOVATION,DIRECTIONAL_UPDATE,DISABLED_NOT_IMPLEMENTED,0,NOT_REQUESTED
UNONLOCAL_ONLY,1458,0.41262799999999999,88.184513999999993,0.0028639999999999998,0,164.98453900000001,0.050636,255.557796,3,HIGH_NORMALIZED_INNOVATION,DIRECTIONAL_UPDATE,DISABLED_NOT_IMPLEMENTED,0,NOT_REQUESTED
UNONLOCAL_ONLY,1459,0.210504,71.583090999999996,0.001397,0,164.42971199999999,0.034782,238.121341,3,HIGH_NORMALIZED_INNOVATION,DIRECTIONAL_UPDATE,DISABLED_NOT_IMPLEMENTED,0,NOT_REQUESTED
UNONLOCAL_ONLY,1460,0.21197199999999999,95.523813000000004,0.00090799999999999995,0,117.816188,0.034780999999999999,215.48548199999999,3,HIGH_NORMALIZED_INNOVATION,CAUTIOUS_UPDATE,DISABLED_NOT_IMPLEMENTED,0,NOT_REQUESTED
UNONLOCAL_ONLY,1461,0.20582500000000001,74.201965000000001,0.00090799999999999995,0,148.15850499999999,0.034292999999999997,224.43373600000001,3,HIGH_NORMALIZED_INNOVATION,DIRECTIONAL_UPDATE,DISABLED_NOT_IMPLEMENTED,0,NOT_REQUESTED
UNONLOCAL_ONLY,1462,0.207151,80.900250999999997,0.001397,0,179.161529,0.038483000000000003,262.14524299999999,3,HIGH_NORMALIZED_INNOVATION,DIRECTIONAL_UPDATE,DISABLED_NOT_IMPLEMENTED,0,NOT_REQUESTED
UNONLOCAL_ONLY,1463,0.21273900000000001,81.476309999999998,0.0014660000000000001,0,118.299286,0.032966000000000002,201.82993400000001,3,HIGH_NORMALIZED_INNOVATION,DIRECTIONAL_UPDATE,DISABLED_NOT_IMPLEMENTED,0,NOT_REQUESTED
UNONLOCAL_ONLY,1464,0.21343799999999999,71.215441999999996,0.0013960000000000001,0,145.87724900000001,0.033175000000000003,219.14039500000001,3,HIGH_NORMALIZED_INNOVATION,DIRECTIONAL_UPDATE,DISABLED_NOT_IMPLEMENTED,0,NOT_REQUESTED
UNONLOCAL_ONLY,1465,0.20463799999999999,76.391868000000002,0.001397,0,142.40022400000001,0.032895000000000001,220.82149699999999,3,HIGH_NORMALIZED_INNOVATION,DIRECTIONAL_UPDATE,DISABLED_NOT_IMPLEMENTED,0,NOT_REQUESTED
UNONLOCAL_ONLY,1466,0.19269500000000001,54.308601000000003,0.001397,0,105.54093,0.032895000000000001,161.90219300000001,3,HIGH_NORMALIZED_INNOVATION,DIRECTIONAL_UPDATE,DISABLED_NOT_IMPLEMENTED,0,NOT_REQUESTED
UNONLOCAL_ONLY,1467,0.204708,75.629330999999993,0.0019559999999999998,0,131.57209900000001,0.034780999999999999,209.23767699999999,3,HIGH_NORMALIZED_INNOVATION,DIRECTIONAL_UPDATE,DISABLED_NOT_IMPLEMENTED,0,NOT_REQUESTED
UNONLOCAL_ONLY,1468,0.20058699999999999,66.294082000000003,0.00097799999999999992,0,108.783705,0.034153000000000003,177.07890499999999,3,HIGH_NORMALIZED_INNOVATION,DIRECTIONAL_UPDATE,DISABLED_NOT_IMPLEMENTED,0,NOT_REQUESTED
UNONLOCAL_ONLY,1469,0.20407900000000001,43.200687000000002,0.0013960000000000001,0,129.69082900000001,0.034710999999999999,174.989645,3,HIGH_NORMALIZED_INNOVATION,DIRECTIONAL_UPDATE,DISABLED_NOT_IMPLEMENTED,0,NOT_REQUESTED
UNONLOCAL_ONLY,1470,0.21609200000000001,42.531598000000002,0.00090799999999999995,0,87.033164999999997,0.034780999999999999,131.64173099999999,3,HIGH_NORMALIZED_INNOVATION,DIRECTIONAL_UPDATE,DISABLED_NOT_IMPLEMENTED,0,NOT_REQUESTED
UNONLOCAL_ONLY,1471,0.206733,73.947738999999999,0.001397,0,92.273007000000007,0.034641999999999999,168.34820999999999,3,HIGH_NORMALIZED_INNOVATION,DIRECTIONAL_UPDATE,DISABLED_NOT_IMPLEMENTED,0,NOT_REQUESTED
UNONLOCAL_ONLY,1472,0.20610400000000001,42.185251000000001,0.001467,0,83.047481000000005,0.033384999999999998,127.278898,3,HIGH_NORMALIZED_INNOVATION,DIRECTIONAL_UPDATE,DISABLED_NOT_IMPLEMENTED,0,NOT_REQUESTED
UNONLOCAL_ONLY,1473,0.204009,39.114288999999999,0.001397,0,111.884558,0.032966000000000002,153.07260199999999,3,HIGH_NORMALIZED_INNOVATION,DIRECTIONAL_UPDATE,DISABLED_NOT_IMPLEMENTED,0,NOT_REQUESTED
UNONLOCAL_ONLY,1474,0.202961,73.395357000000004,0.001467,0,151.421672,0.053779,226.84210400000001,3,HIGH_NORMALIZED_INNOVATION,DIRECTIONAL_UPDATE,DISABLED_NOT_IMPLEMENTED,0,NOT_REQUESTED
UNONLOCAL_ONLY,1475,0.204148,66.257833000000005,0.0019550000000000001,0,129.30062000000001,0.033663999999999999,197.655326,3,HIGH_NORMALIZED_INNOVATION,DIRECTIONAL_UPDATE,DISABLED_NOT_IMPLEMENTED,0,NOT_REQUESTED
UNONLOCAL_ONLY,1476,0.21434600000000001,65.697140000000005,0.0013960000000000001,0,132.78840099999999,0.033803,200.508589,3,HIGH_NORMALIZED_INNOVATION,DIRECTIONAL_UPDATE,DISABLED_NOT_IMPLEMENTED,0,NOT_REQUESTED
UNONLOCAL_ONLY,1477,0.204568,66.023022999999995,0.001397,0,114.720292,0.032686,182.77111400000001,3,HIGH_NORMALIZED_INNOVATION,DIRECTIONAL_UPDATE,DISABLED_NOT_IMPLEMENTED,0,NOT_REQUESTED
UNONLOCAL_ONLY,1478,0.20358999999999999,79.234444999999994,0.0014660000000000001,0,130.13160300000001,0.033383999999999997,211.37303399999999,3,HIGH_NORMALIZED_INNOVATION,DIRECTIONAL_UPDATE,DISABLED_NOT_IMPLEMENTED,0,NOT_REQUESTED
UNONLOCAL_ONLY,1479,0.20345099999999999,35.598222,0.001397,0,0,0.028426,37.558622999999997,1,BELOW_TRIGGER,NORMAL_UPDATE,DISABLED_NOT_IMPLEMENTED,0,NOT_REQUESTED
UNONLOCAL_ONLY,1480,0.19891,35.528171,0.001467,0,0,0.029333999999999999,37.474114999999998,1,BELOW_TRIGGER,NORMAL_UPDATE,DISABLED_NOT_IMPLEMENTED,0,NOT_REQUESTED
UNONLOCAL_ONLY,1481,0.20233300000000001,34.458468000000003,0.00090799999999999995,0,0,0.038622999999999998,36.603181999999997,1,BELOW_TRIGGER,NORMAL_UPDATE,DISABLED_NOT_IMPLEMENTED,0,NOT_REQUESTED
UNONLOCAL_ONLY,1482,0.224194,35.688389000000001,0.001397,0,0,0.029054,37.695863000000003,1,BELOW_TRIGGER,NORMAL_UPDATE,DISABLED_NOT_IMPLEMENTED,0,NOT_REQUESTED
UNONLOCAL_ONLY,1483,0.21127299999999999,57.268442999999998,0.0014660000000000001,0,0,0.028844000000000002,59.261809999999997,1,BELOW_TRIGGER,NORMAL_UPDATE,DISABLED_NOT_IMPLEMENTED,0,NOT_REQUESTED
UNONLOCAL_ONLY,1484,0.204148,46.858462000000003,0.001397,0,0,0.028077000000000001,48.834716999999998,1,BELOW_TRIGGER,NORMAL_UPDATE,DISABLED_NOT_IMPLEMENTED,0,NOT_REQUESTED
UNONLOCAL_ONLY,1485,0.20393900000000001,32.711573999999999,0.00097799999999999992,0,0,0.029125000000000002,34.68336,1,BELOW_TRIGGER,NORMAL_UPDATE,DISABLED_NOT_IMPLEMENTED,0,NOT_REQUESTED
UNONLOCAL_ONLY,1486,0.204289,61.017293000000002,0.00097799999999999992,0,0,0.029613,63.030844000000002,1,BELOW_TRIGGER,NORMAL_UPDATE,DISABLED_NOT_IMPLEMENTED,0,NOT_REQUESTED
UNONLOCAL_ONLY,1487,0.205127,42.831501000000003,0.001397,0,0,0.029613,44.838276999999998,1,BELOW_TRIGGER,NORMAL_UPDATE,DISABLED_NOT_IMPLEMENTED,0,NOT_REQUESTED
UNONLOCAL_ONLY,1488,0.20170399999999999,31.623432999999999,0.001397,0,0,0.029544000000000001,33.546886999999998,1,BELOW_TRIGGER,NORMAL_UPDATE,DISABLED_NOT_IMPLEMENTED,0,NOT_REQUESTED
UNONLOCAL_ONLY,1489,0.19897999999999999,41.394917,0.001467,0,0,0.030521,43.318928999999997,1,BELOW_TRIGGER,NORMAL_UPDATE,DISABLED_NOT_IMPLEMENTED,0,NOT_REQUESTED
UNONLOCAL_ONLY,1490,0.20365900000000001,50.111642000000003,0.00097799999999999992,0,0,0.040018999999999999,52.153689,1,BELOW_TRIGGER,NORMAL_UPDATE,DISABLED_NOT_IMPLEMENTED,0,NOT_REQUESTED
UNONLOCAL_ONLY,1491,0.211343,46.306289999999997,0.001885,0,0,0.0528,48.553812000000001,1,BELOW_TRIGGER,NORMAL_UPDATE,DISABLED_NOT_IMPLEMENTED,0,NOT_REQUESTED
UNONLOCAL_ONLY,1492,0.35298299999999999,42.679383999999999,0.001397,0,0,0.060344000000000002,46.026851000000001,1,BELOW_TRIGGER,NORMAL_UPDATE,DISABLED_NOT_IMPLEMENTED,0,NOT_REQUESTED
UNONLOCAL_ONLY,1493,0.22035199999999999,39.170442000000001,0.001467,0,0,0.029055000000000001,41.222686000000003,1,BELOW_TRIGGER,NORMAL_UPDATE,DISABLED_NOT_IMPLEMENTED,0,NOT_REQUESTED
UNONLOCAL_ONLY,1494,0.20233300000000001,47.884723000000001,0.001397,0,0,0.033314999999999997,49.895969999999998,1,BELOW_TRIGGER,NORMAL_UPDATE,DISABLED_NOT_IMPLEMENTED,0,NOT_REQUESTED
UNONLOCAL_ONLY,1495,0.24738099999999999,54.424467999999997,0.001397,0,0,0.030032,56.858817999999999,1,BELOW_TRIGGER,NORMAL_UPDATE,DISABLED_NOT_IMPLEMENTED,0,NOT_REQUESTED
UNONLOCAL_ONLY,1496,0.20652300000000001,39.647115999999997,0.001397,0,0,0.062299,41.915101,1,BELOW_TRIGGER,NORMAL_UPDATE,DISABLED_NOT_IMPLEMENTED,0,NOT_REQUESTED
UNONLOCAL_ONLY,1497,0.213648,36.437446999999999,0.000977,0,0,0.029613,38.534668000000003,1,BELOW_TRIGGER,NORMAL_UPDATE,DISABLED_NOT_IMPLEMENTED,0,NOT_REQUESTED
UNONLOCAL_ONLY,1498,0.204428,31.276806000000001,0.001397,0,0,0.026749999999999999,33.243912000000002,1,BELOW_TRIGGER,NORMAL_UPDATE,DISABLED_NOT_IMPLEMENTED,0,NOT_REQUESTED
UNONLOCAL_ONLY,1499,0.21427599999999999,37.090052999999997,0.00097799999999999992,0,0,0.035270000000000003,39.157940000000004,1,BELOW_TRIGGER,NORMAL_UPDATE,DISABLED_NOT_IMPLEMENTED,0,NOT_REQUESTED
UNONLOCAL_ONLY,1500,0.32818900000000001,26.152622999999998,0.001467,0,52.683652000000002,0.031988000000000003,81.337881999999993,3,PERIODIC_CHECK,DIRECTIONAL_UPDATE,DISABLED_NOT_IMPLEMENTED,0,NOT_REQUESTED
UNONLOCAL_ONLY,1501,0.207012,27.013497999999998,0.0014660000000000001,0,0,0.030591,29.197185000000001,1,BELOW_TRIGGER,NORMAL_UPDATE,DISABLED_NOT_IMPLEMENTED,0,NOT_REQUESTED
UNONLOCAL_ONLY,1502,0.20757100000000001,57.326760999999998,0.001397,0,0,0.032476999999999999,59.409664999999997,1,BELOW_TRIGGER,NORMAL_UPDATE,DISABLED_NOT_IMPLEMENTED,0,NOT_REQUESTED
UNONLOCAL_ONLY,1503,0.20764099999999999,47.112687999999999,0.001467,0,0,0.029055000000000001,49.271441000000003,1,BELOW_TRIGGER,NORMAL_UPDATE,DISABLED_NOT_IMPLEMENTED,0,NOT_REQUESTED
UNONLOCAL_ONLY,1504,0.20554500000000001,44.655430000000003,0.0014660000000000001,0,0,0.028076,46.723596999999998,1,BELOW_TRIGGER,NORMAL_UPDATE,DISABLED_NOT_IMPLEMENTED,0,NOT_REQUESTED
UNONLOCAL_ONLY,1505,0.206733,26.796219000000001,0.001467,0,0,0.029125000000000002,28.944775,1,BELOW_TRIGGER,NORMAL_UPDATE,DISABLED_NOT_IMPLEMENTED,0,NOT_REQUESTED
UNONLOCAL_ONLY,1506,0.20722199999999999,44.268225000000001,0.001397,0,0,0.027727000000000002,46.374526000000003,1,BELOW_TRIGGER,NORMAL_UPDATE,DISABLED_NOT_IMPLEMENTED,0,NOT_REQUESTED
UNONLOCAL_ONLY,1507,0.206593,68.511780999999999,0.00097799999999999992,0,0,0.030589999999999999,70.689321000000007,1,BELOW_TRIGGER,NORMAL_UPDATE,DISABLED_NOT_IMPLEMENTED,0,NOT_REQUESTED
UNONLOCAL_ONLY,1508,0.20778099999999999,29.383384,0.001467,0,0,0.028496,31.488778,1,BELOW_TRIGGER,NORMAL_UPDATE,DISABLED_NOT_IMPLEMENTED,0,NOT_REQUESTED
UNONLOCAL_ONLY,1509,0.206733,52.296097000000003,0.001467,0,0,0.029472999999999999,54.448914000000002,1,BELOW_TRIGGER,NORMAL_UPDATE,DISABLED_NOT_IMPLEMENTED,0,NOT_REQUESTED
UNONLOCAL_ONLY,1510,0.20526700000000001,35.257112999999997,0.0013960000000000001,0,0,0.032405999999999997,37.482424999999999,1,BELOW_TRIGGER,NORMAL_UPDATE,DISABLED_NOT_IMPLEMENTED,0,NOT_REQUESTED
UNONLOCAL_ONLY,1511,0.21937400000000001,33.262070999999999,0.001467,0,0,0.037714999999999999,35.561416000000001,1,BELOW_TRIGGER,NORMAL_UPDATE,DISABLED_NOT_IMPLEMENTED,0,NOT_REQUESTED
UNONLOCAL_ONLY,1512,0.25813700000000001,35.909719000000003,0.0014660000000000001,0,0,0.030521,38.661012999999997,1,BELOW_TRIGGER,NORMAL_UPDATE,DISABLED_NOT_IMPLEMENTED,0,NOT_REQUESTED
UNONLOCAL_ONLY,1513,0.20344999999999999,47.275768999999997,0.001467,0,0,0.034292999999999997,49.473843000000002,1,BELOW_TRIGGER,NORMAL_UPDATE,DISABLED_NOT_IMPLEMENTED,0,NOT_REQUESTED
UNONLOCAL_ONLY,1514,0.23397100000000001,31.267796000000001,0.001467,0,0,0.029472999999999999,33.353982999999999,1,BELOW_TRIGGER,NORMAL_UPDATE,DISABLED_NOT_IMPLEMENTED,0,NOT_REQUESTED
UNONLOCAL_ONLY,1515,0.20771100000000001,54.820683000000002,0.00097799999999999992,0,0,0.029892999999999999,56.933689000000001,1,BELOW_TRIGGER,NORMAL_UPDATE,DISABLED_NOT_IMPLEMENTED,0,NOT_REQUESTED
UNONLOCAL_ONLY,1516,0.20826900000000001,46.815719000000001,0.001467,0,0,0.031709000000000001,48.91769,1,BELOW_TRIGGER,NORMAL_UPDATE,DISABLED_NOT_IMPLEMENTED,0,NOT_REQUESTED
UNONLOCAL_ONLY,1517,0.217558,27.208288,0.001397,0,0,0.035060000000000001,29.263674000000002,1,BELOW_TRIGGER,NORMAL_UPDATE,DISABLED_NOT_IMPLEMENTED,0,NOT_REQUESTED
UNONLOCAL_ONLY,1518,0.25094300000000003,29.705427,0.00090799999999999995,0,0,0.028635000000000001,32.038575000000002,1,BELOW_TRIGGER,NORMAL_UPDATE,DISABLED_NOT_IMPLEMENTED,0,NOT_REQUESTED
UNONLOCAL_ONLY,1519,0.19667599999999999,47.151868999999998,0.000977,0,0,0.031917000000000001,49.431240000000003,1,BELOW_TRIGGER,NORMAL_UPDATE,DISABLED_NOT_IMPLEMENTED,0,NOT_REQUESTED
UNONLOCAL_ONLY,1520,0.19870099999999999,42.380319999999998,0.001467,0,0,0.043302,44.490741999999997,1,BELOW_TRIGGER,NORMAL_UPDATE,DISABLED_NOT_IMPLEMENTED,0,NOT_REQUESTED
UNONLOCAL_ONLY,1521,0.21127299999999999,44.645443,0.001397,0,0,0.030450999999999999,46.727438999999997,1,BELOW_TRIGGER,NORMAL_UPDATE,DISABLED_NOT_IMPLEMENTED,0,NOT_REQUESTED
UNONLOCAL_ONLY,1522,0.21839700000000001,29.12434,0.001467,0,0,0.028077000000000001,31.120429999999999,1,BELOW_TRIGGER,NORMAL_UPDATE,DISABLED_NOT_IMPLEMENTED,0,NOT_REQUESTED
UNONLOCAL_ONLY,1523,0.204568,43.819488,0.00090700000000000004,0,0,0.026679000000000001,45.822982000000003,1,BELOW_TRIGGER,NORMAL_UPDATE,DISABLED_NOT_IMPLEMENTED,0,NOT_REQUESTED
UNONLOCAL_ONLY,1524,0.20449800000000001,26.142216000000001,0.00097799999999999992,0,0,0.040018999999999999,28.136700999999999,1,BELOW_TRIGGER,NORMAL_UPDATE,DISABLED_NOT_IMPLEMENTED,0,NOT_REQUESTED
UNONLOCAL_ONLY,1525,0.20805999999999999,26.484583000000001,0.001397,0,50.252304000000002,0.030521,78.808058000000003,3,PERIODIC_CHECK,DIRECTIONAL_UPDATE,DISABLED_NOT_IMPLEMENTED,0,NOT_REQUESTED
UNONLOCAL_ONLY,1526,0.20589499999999999,40.011901000000002,0.001397,0,0,0.027518000000000001,42.058208,1,BELOW_TRIGGER,NORMAL_UPDATE,DISABLED_NOT_IMPLEMENTED,0,NOT_REQUESTED
UNONLOCAL_ONLY,1527,0.20149500000000001,27.472640999999999,0.001397,0,0,0.031918000000000002,29.468242,1,BELOW_TRIGGER,NORMAL_UPDATE,DISABLED_NOT_IMPLEMENTED,0,NOT_REQUESTED
UNONLOCAL_ONLY,1528,0.21560299999999999,40.82647,0.00097799999999999992,0,0,0.033314999999999997,42.839533000000003,1,BELOW_TRIGGER,NORMAL_UPDATE,DISABLED_NOT_IMPLEMENTED,0,NOT_REQUESTED
UNONLOCAL_ONLY,1529,0.21232000000000001,25.584387,0.001467,0,0,0.031778000000000001,27.673437,1,BELOW_TRIGGER,NORMAL_UPDATE,DISABLED_NOT_IMPLEMENTED,0,NOT_REQUESTED
UNONLOCAL_ONLY,1530,0.19988800000000001,26.833234999999998,0.0013960000000000001,0,0,0.026679999999999999,28.802855000000001,1,BELOW_TRIGGER,NORMAL_UPDATE,DISABLED_NOT_IMPLEMENTED,0,NOT_REQUESTED
UNONLOCAL_ONLY,1531,0.20680299999999999,43.024056000000002,0.00090799999999999995,0,0,0.029613,45.087125,1,BELOW_TRIGGER,NORMAL_UPDATE,DISABLED_NOT_IMPLEMENTED,0,NOT_REQUESTED
UNONLOCAL_ONLY,1532,0.19681499999999999,29.622803000000001,0.00097799999999999992,0,0,0.028565,31.563997000000001,1,BELOW_TRIGGER,NORMAL_UPDATE,DISABLED_NOT_IMPLEMENTED,0,NOT_REQUESTED
UNONLOCAL_ONLY,1533,0.20463799999999999,29.704519000000001,0.001397,0,0,0.027237999999999998,31.663592999999999,1,BELOW_TRIGGER,NORMAL_UPDATE,DISABLED_NOT_IMPLEMENTED,0,NOT_REQUESTED
UNONLOCAL_ONLY,1534,0.21616099999999999,45.341839,0.00097799999999999992,0,0,0.029124000000000001,47.311039999999998,1,BELOW_TRIGGER,NORMAL_UPDATE,DISABLED_NOT_IMPLEMENTED,0,NOT_REQUESTED
UNONLOCAL_ONLY,1535,0.216999,40.023285000000001,0.00097799999999999992,0,0,0.028985,42.023356,1,BELOW_TRIGGER,NORMAL_UPDATE,DISABLED_NOT_IMPLEMENTED,0,NOT_REQUESTED
UNONLOCAL_ONLY,1536,0.20449800000000001,27.406220999999999,0.00097799999999999992,0,0,0.028077000000000001,29.426895999999999,1,BELOW_TRIGGER,NORMAL_UPDATE,DISABLED_NOT_IMPLEMENTED,0,NOT_REQUESTED
UNONLOCAL_ONLY,1537,0.20540600000000001,35.451622999999998,0.001467,0,0,0.029055000000000001,37.529429999999998,1,BELOW_TRIGGER,NORMAL_UPDATE,DISABLED_NOT_IMPLEMENTED,0,NOT_REQUESTED
UNONLOCAL_ONLY,1538,0.20722199999999999,35.295177000000002,0.0013960000000000001,0,0,0.030521,37.396239999999999,1,BELOW_TRIGGER,NORMAL_UPDATE,DISABLED_NOT_IMPLEMENTED,0,NOT_REQUESTED
UNONLOCAL_ONLY,1539,0.20680299999999999,37.632935000000003,0.001467,0,0,0.029613,39.628956000000002,1,BELOW_TRIGGER,NORMAL_UPDATE,DISABLED_NOT_IMPLEMENTED,0,NOT_REQUESTED
UNONLOCAL_ONLY,1540,0.216581,51.162908000000002,0.001397,0,0,0.028216000000000001,53.167867000000001,1,BELOW_TRIGGER,NORMAL_UPDATE,DISABLED_NOT_IMPLEMENTED,0,NOT_REQUESTED
UNONLOCAL_ONLY,1541,0.19597700000000001,35.224356999999998,0.0013960000000000001,0,0,0.034780999999999999,37.305585999999998,1,BELOW_TRIGGER,NORMAL_UPDATE,DISABLED_NOT_IMPLEMENTED,0,NOT_REQUESTED
UNONLOCAL_ONLY,1542,0.21518399999999999,24.867177999999999,0.001467,0,0,0.030800999999999999,26.909362999999999,1,BELOW_TRIGGER,NORMAL_UPDATE,DISABLED_NOT_IMPLEMENTED,0,NOT_REQUESTED
UNONLOCAL_ONLY,1543,0.20757100000000001,28.12839,0.001397,0,0,0.032475999999999998,30.219745,1,BELOW_TRIGGER,NORMAL_UPDATE,DISABLED_NOT_IMPLEMENTED,0,NOT_REQUESTED
UNONLOCAL_ONLY,1544,0.20554600000000001,30.745936,0.001397,0,0,0.030521,32.812427,1,BELOW_TRIGGER,NORMAL_UPDATE,DISABLED_NOT_IMPLEMENTED,0,NOT_REQUESTED
UNONLOCAL_ONLY,1545,0.21085400000000001,43.693841999999997,0.001467,0,0,0.038622999999999998,45.790225999999997,1,BELOW_TRIGGER,NORMAL_UPDATE,DISABLED_NOT_IMPLEMENTED,0,NOT_REQUESTED
UNONLOCAL_ONLY,1546,0.21804799999999999,22.694666000000002,0.001397,0,0,0.032896000000000002,24.819683999999999,1,BELOW_TRIGGER,NORMAL_UPDATE,DISABLED_NOT_IMPLEMENTED,0,NOT_REQUESTED
UNONLOCAL_ONLY,1547,0.26414300000000002,45.370893000000002,0.0013960000000000001,0,0,0.028635000000000001,47.884723999999999,1,BELOW_TRIGGER,NORMAL_UPDATE,DISABLED_NOT_IMPLEMENTED,0,NOT_REQUESTED
UNONLOCAL_ONLY,1548,0.187387,20.357816,0.001467,0,0,0.027587,22.203955000000001,1,BELOW_TRIGGER,NORMAL_UPDATE,DISABLED_NOT_IMPLEMENTED,0,NOT_REQUESTED
UNONLOCAL_ONLY,1549,0.19353200000000001,44.886887000000002,0.001397,0,0,0.031008999999999998,46.851967000000002,1,BELOW_TRIGGER,NORMAL_UPDATE,DISABLED_NOT_IMPLEMENTED,0,NOT_REQUESTED
UNONLOCAL_ONLY,1550,0.18962100000000001,22.255707999999998,0.001397,0,41.874662000000001,0.032406999999999998,66.149716999999995,3,PERIODIC_CHECK,DIRECTIONAL_UPDATE,DISABLED_NOT_IMPLEMENTED,0,NOT_REQUESTED
UNONLOCAL_ONLY,1551,0.20938699999999999,24.680489000000001,0.00097799999999999992,0,0,0.033384999999999998,26.668827,1,BELOW_TRIGGER,NORMAL_UPDATE,DISABLED_NOT_IMPLEMENTED,0,NOT_REQUESTED
UNONLOCAL_ONLY,1552,0.19681599999999999,27.309279,0.001397,0,0,0.082275000000000001,29.384851000000001,1,BELOW_TRIGGER,NORMAL_UPDATE,DISABLED_NOT_IMPLEMENTED,0,NOT_REQUESTED
UNONLOCAL_ONLY,1553,0.21197099999999999,19.272466999999999,0.00090799999999999995,0,0,0.031918000000000002,21.256264999999999,1,BELOW_TRIGGER,NORMAL_UPDATE,DISABLED_NOT_IMPLEMENTED,0,NOT_REQUESTED
UNONLOCAL_ONLY,1554,0.19856199999999999,21.392178999999999,0.001397,0,0,0.032406999999999998,23.226164000000001,1,BELOW_TRIGGER,NORMAL_UPDATE,DISABLED_NOT_IMPLEMENTED,0,NOT_REQUESTED
UNONLOCAL_ONLY,1555,0.20331099999999999,40.143135000000001,0.00090799999999999995,0,0,0.035688999999999999,42.056531,1,BELOW_TRIGGER,NORMAL_UPDATE,DISABLED_NOT_IMPLEMENTED,0,NOT_REQUESTED
UNONLOCAL_ONLY,1556,0.20317099999999999,29.206962999999998,0.00097799999999999992,0,0,0.035758999999999999,31.221420999999999,1,BELOW_TRIGGER,NORMAL_UPDATE,DISABLED_NOT_IMPLEMENTED,0,NOT_REQUESTED
UNONLOCAL_ONLY,1557,0.209317,31.857125,0.00097799999999999992,0,0,0.041904999999999998,33.855868999999998,1,BELOW_TRIGGER,NORMAL_UPDATE,DISABLED_NOT_IMPLEMENTED,0,NOT_REQUESTED
UNONLOCAL_ONLY,1558,0.25017499999999998,54.77787,0.0014660000000000001,0,0,0.033663999999999999,56.834304000000003,1,BELOW_TRIGGER,NORMAL_UPDATE,DISABLED_NOT_IMPLEMENTED,0,NOT_REQUESTED
UNONLOCAL_ONLY,1559,0.200796,28.603945,0.001397,0,0,0.033383999999999997,30.636282999999999,1,BELOW_TRIGGER,NORMAL_UPDATE,DISABLED_NOT_IMPLEMENTED,0,NOT_REQUESTED
UNONLOCAL_ONLY,1560,0.198492,23.663936,0.0014660000000000001,0,0,0.029125000000000002,25.672457999999999,1,BELOW_TRIGGER,NORMAL_UPDATE,DISABLED_NOT_IMPLEMENTED,0,NOT_REQUESTED
UNONLOCAL_ONLY,1561,0.18759600000000001,43.137478999999999,0.000977,0,0,0.031288999999999997,45.070920999999998,1,BELOW_TRIGGER,NORMAL_UPDATE,DISABLED_NOT_IMPLEMENTED,0,NOT_REQUESTED
UNONLOCAL_ONLY,1562,0.225241,26.061897999999999,0.001467,0,0,0.032686,28.235876999999999,1,BELOW_TRIGGER,NORMAL_UPDATE,DISABLED_NOT_IMPLEMENTED,0,NOT_REQUESTED
UNONLOCAL_ONLY,1563,0.22209799999999999,46.702714999999998,0.00097799999999999992,0,0,0.030032,48.868380999999999,1,BELOW_TRIGGER,NORMAL_UPDATE,DISABLED_NOT_IMPLEMENTED,0,NOT_REQUESTED
UNONLOCAL_ONLY,1564,0.210365,30.585927000000002,0.00090799999999999995,0,0,0.030032,32.696348999999998,1,BELOW_TRIGGER,NORMAL_UPDATE,DISABLED_NOT_IMPLEMENTED,0,NOT_REQUESTED
UNONLOCAL_ONLY,1565,0.23292399999999999,39.614986999999999,0.0014660000000000001,0,0,0.028635000000000001,41.770947,1,BELOW_TRIGGER,NORMAL_UPDATE,DISABLED_NOT_IMPLEMENTED,0,NOT_REQUESTED
UNONLOCAL_ONLY,1566,0.19898099999999999,52.376136000000002,0.00097799999999999992,0,0,0.031428999999999999,54.461764000000002,1,BELOW_TRIGGER,NORMAL_UPDATE,DISABLED_NOT_IMPLEMENTED,0,NOT_REQUESTED
UNONLOCAL_ONLY,1567,0.20994499999999999,53.862169000000002,0.00097799999999999992,0,0,0.029263999999999998,56.053677,1,BELOW_TRIGGER,NORMAL_UPDATE,DISABLED_NOT_IMPLEMENTED,0,NOT_REQUESTED
UNONLOCAL_ONLY,1568,0.207013,61.099846999999997,0.00097799999999999992,0,0,0.044769000000000003,63.282626,1,BELOW_TRIGGER,NORMAL_UPDATE,DISABLED_NOT_IMPLEMENTED,0,NOT_REQUESTED
UNONLOCAL_ONLY,1569,0.22140000000000001,24.896861000000001,0.0013960000000000001,0,0,0.030591,27.029492999999999,1,BELOW_TRIGGER,NORMAL_UPDATE,DISABLED_NOT_IMPLEMENTED,0,NOT_REQUESTED
UNONLOCAL_ONLY,1570,0.208759,33.679727,0.001397,0,0,0.031987000000000002,35.838619000000001,1,BELOW_TRIGGER,NORMAL_UPDATE,DISABLED_NOT_IMPLEMENTED,0,NOT_REQUESTED
UNONLOCAL_ONLY,1571,0.20352000000000001,32.428364000000002,0.001397,0,0,0.031988000000000003,34.595219,1,BELOW_TRIGGER,NORMAL_UPDATE,DISABLED_NOT_IMPLEMENTED,0,NOT_REQUESTED
UNONLOCAL_ONLY,1572,0.20366000000000001,22.782737000000001,0.00097799999999999992,0,0,0.036666999999999998,24.980111999999998,1,BELOW_TRIGGER,NORMAL_UPDATE,DISABLED_NOT_IMPLEMENTED,0,NOT_REQUESTED
UNONLOCAL_ONLY,1573,0.21246000000000001,25.387571000000001,0.00097799999999999992,0,0,0.068166000000000004,27.671202000000001,1,BELOW_TRIGGER,NORMAL_UPDATE,DISABLED_NOT_IMPLEMENTED,0,NOT_REQUESTED
UNONLOCAL_ONLY,1574,0.21602199999999999,23.002320000000001,0.00097799999999999992,0,0,0.031009999999999999,25.162680000000002,1,BELOW_TRIGGER,NORMAL_UPDATE,DISABLED_NOT_IMPLEMENTED,0,NOT_REQUESTED
UNONLOCAL_ONLY,1575,0.22028200000000001,60.119891000000003,0.00090700000000000004,0,119.984927,0.033804000000000001,182.31322900000001,3,PERIODIC_CHECK,DIRECTIONAL_UPDATE,DISABLED_NOT_IMPLEMENTED,0,NOT_REQUESTED
UNONLOCAL_ONLY,1576,0.20477699999999999,22.494778,0.001397,0,0,0.032476999999999999,24.632508000000001,1,BELOW_TRIGGER,NORMAL_UPDATE,DISABLED_NOT_IMPLEMENTED,0,NOT_REQUESTED
UNONLOCAL_ONLY,1577,0.20973600000000001,52.357348999999999,0.00090799999999999995,0,0,0.032896000000000002,54.517916999999997,1,BELOW_TRIGGER,NORMAL_UPDATE,DISABLED_NOT_IMPLEMENTED,0,NOT_REQUESTED
UNONLOCAL_ONLY,1578,0.20785100000000001,15.192705,0.00090799999999999995,0,0,0.032756,17.312556000000001,1,BELOW_TRIGGER,NORMAL_UPDATE,DISABLED_NOT_IMPLEMENTED,0,NOT_REQUESTED
UNONLOCAL_ONLY,1579,0.208339,34.797901000000003,0.001397,0,0,0.032756,36.95805,1,BELOW_TRIGGER,NORMAL_UPDATE,DISABLED_NOT_IMPLEMENTED,0,NOT_REQUESTED
UNONLOCAL_ONLY,1580,0.21015500000000001,26.789794000000001,0.001397,0,0,0.033384999999999998,28.960419999999999,1,BELOW_TRIGGER,NORMAL_UPDATE,DISABLED_NOT_IMPLEMENTED,0,NOT_REQUESTED
UNONLOCAL_ONLY,1581,0.21811700000000001,58.101801000000002,0.001467,0,0,0.032406999999999998,60.269562000000001,1,BELOW_TRIGGER,NORMAL_UPDATE,DISABLED_NOT_IMPLEMENTED,0,NOT_REQUESTED
UNONLOCAL_ONLY,1582,0.241235,44.764524000000002,0.001397,0,0,0.030939999999999999,46.969582000000003,1,BELOW_TRIGGER,NORMAL_UPDATE,DISABLED_NOT_IMPLEMENTED,0,NOT_REQUESTED
UNONLOCAL_ONLY,1583,0.20834,51.628824000000002,0.001467,0,0,0.049518,53.834370999999997,1,BELOW_TRIGGER,NORMAL_UPDATE,DISABLED_NOT_IMPLEMENTED,0,NOT_REQUESTED
UNONLOCAL_ONLY,1584,0.207431,12.175731000000001,0.001397,0,0,0.025772,14.363538,1,BELOW_TRIGGER,NORMAL_UPDATE,DISABLED_NOT_IMPLEMENTED,0,NOT_REQUESTED
UNONLOCAL_ONLY,1585,0.20680299999999999,30.496040000000001,0.001397,0,0,0.027727000000000002,32.634957,1,BELOW_TRIGGER,NORMAL_UPDATE,DISABLED_NOT_IMPLEMENTED,0,NOT_REQUESTED
UNONLOCAL_ONLY,1586,0.196327,39.858108000000001,0.0014660000000000001,0,0,0.026190000000000001,41.974747000000001,1,BELOW_TRIGGER,NORMAL_UPDATE,DISABLED_NOT_IMPLEMENTED,0,NOT_REQUESTED
UNONLOCAL_ONLY,1587,0.19919000000000001,48.777586999999997,0.00090799999999999995,0,0,0.029055000000000001,50.804476999999999,1,BELOW_TRIGGER,NORMAL_UPDATE,DISABLED_NOT_IMPLEMENTED,0,NOT_REQUESTED
UNONLOCAL_ONLY,1588,0.207431,46.469790000000003,0.00097799999999999992,0,0,0.030521,48.596625000000003,1,BELOW_TRIGGER,NORMAL_UPDATE,DISABLED_NOT_IMPLEMENTED,0,NOT_REQUESTED
UNONLOCAL_ONLY,1589,0.20896799999999999,23.444770999999999,0.0018860000000000001,0,0,0.028565,25.569022,1,BELOW_TRIGGER,NORMAL_UPDATE,DISABLED_NOT_IMPLEMENTED,0,NOT_REQUESTED
UNONLOCAL_ONLY,1590,0.204429,30.866902,0.00090799999999999995,0,0,0.028983999999999999,33.139707000000001,1,BELOW_TRIGGER,NORMAL_UPDATE,DISABLED_NOT_IMPLEMENTED,0,NOT_REQUESTED
UNONLOCAL_ONLY,1591,0.20191400000000001,67.493410999999995,0.001467,0,0,0.042604000000000003,69.693580999999995,1,BELOW_TRIGGER,NORMAL_UPDATE,DISABLED_NOT_IMPLEMENTED,0,NOT_REQUESTED
UNONLOCAL_ONLY,1592,0.23278399999999999,46.110661999999998,0.001397,0,0,0.029543,48.269832999999998,1,BELOW_TRIGGER,NORMAL_UPDATE,DISABLED_NOT_IMPLEMENTED,0,NOT_REQUESTED
UNONLOCAL_ONLY,1593,0.19611700000000001,23.349506000000002,0.001467,0,0,0.035758999999999999,25.482137999999999,1,BELOW_TRIGGER,NORMAL_UPDATE,DISABLED_NOT_IMPLEMENTED,0,NOT_REQUESTED
UNONLOCAL_ONLY,1594,0.25094300000000003,53.609130999999998,0.001397,0,0,0.029474,56.123379999999997,1,BELOW_TRIGGER,NORMAL_UPDATE,DISABLED_NOT_IMPLEMENTED,0,NOT_REQUESTED
UNONLOCAL_ONLY,1595,0.20778099999999999,12.359626,0.001397,0,0,0.025353000000000001,14.486110999999999,1,BELOW_TRIGGER,NORMAL_UPDATE,DISABLED_NOT_IMPLEMENTED,0,NOT_REQUESTED
UNONLOCAL_ONLY,1596,0.20624400000000001,17.584102000000001,0.001397,0,0,0.024794,19.715966000000002,1,BELOW_TRIGGER,NORMAL_UPDATE,DISABLED_NOT_IMPLEMENTED,0,NOT_REQUESTED
UNONLOCAL_ONLY,1597,0.20387,52.501503,0.001397,0,0,0.029961999999999999,54.602705,1,BELOW_TRIGGER,NORMAL_UPDATE,DISABLED_NOT_IMPLEMENTED,0,NOT_REQUESTED
UNONLOCAL_ONLY,1598,0.215114,14.864725999999999,0.001397,0,0,0.037156000000000002,17.031790000000001,1,BELOW_TRIGGER,NORMAL_UPDATE,DISABLED_NOT_IMPLEMENTED,0,NOT_REQUESTED
UNONLOCAL_ONLY,1599,0.206873,19.974171999999999,0.00090799999999999995,0,0,0.025772,22.044084999999999,1,BELOW_TRIGGER,NORMAL_UPDATE,DISABLED_NOT_IMPLEMENTED,0,NOT_REQUESTED
UNONLOCAL_ONLY,1600,0.19506899999999999,51.994239,0.001467,0,87.654899999999998,0.032826000000000001,141.82591199999999,3,PERIODIC_CHECK,DIRECTIONAL_UPDATE,DISABLED_NOT_IMPLEMENTED,0,NOT_REQUESTED
UNONLOCAL_ONLY,1601,0.220142,12.386654,0.001397,0,0,0.029543,14.573135000000001,1,BELOW_TRIGGER,NORMAL_UPDATE,DISABLED_NOT_IMPLEMENTED,0,NOT_REQUESTED
UNONLOCAL_ONLY,1602,0.20477699999999999,30.814869999999999,0.00090799999999999995,0,0,0.025701999999999999,32.867880999999997,1,BELOW_TRIGGER,NORMAL_UPDATE,DISABLED_NOT_IMPLEMENTED,0,NOT_REQUESTED
UNONLOCAL_ONLY,1603,0.204707,65.003816999999998,0.0014660000000000001,0,0,0.029055000000000001,67.088466999999994,1,BELOW_TRIGGER,NORMAL_UPDATE,DISABLED_NOT_IMPLEMENTED,0,NOT_REQUESTED
UNONLOCAL_ONLY,1604,0.21504400000000001,49.868730999999997,0.00097799999999999992,0,0,0.027307999999999999,51.983063999999999,1,BELOW_TRIGGER,NORMAL_UPDATE,DISABLED_NOT_IMPLEMENTED,0,NOT_REQUESTED
UNONLOCAL_ONLY,1605,0.21560299999999999,28.007352999999998,0.00097799999999999992,0,0,0.031009999999999999,30.144874000000002,1,BELOW_TRIGGER,NORMAL_UPDATE,DISABLED_NOT_IMPLEMENTED,0,NOT_REQUESTED
UNONLOCAL_ONLY,1606,0.20666300000000001,47.613875999999998,0.00090799999999999995,0,0,0.030521,49.737079000000001,1,BELOW_TRIGGER,NORMAL_UPDATE,DISABLED_NOT_IMPLEMENTED,0,NOT_REQUESTED
UNONLOCAL_ONLY,1607,0.20694299999999999,39.966014999999999,0.001397,0,0,0.031428999999999999,42.072595,1,BELOW_TRIGGER,NORMAL_UPDATE,DISABLED_NOT_IMPLEMENTED,0,NOT_REQUESTED
UNONLOCAL_ONLY,1608,0.20827000000000001,13.609382,0.001397,0,0,0.03569,15.718826,1,BELOW_TRIGGER,NORMAL_UPDATE,DISABLED_NOT_IMPLEMENTED,0,NOT_REQUESTED
UNONLOCAL_ONLY,1609,0.25317800000000001,53.317329000000001,0.0014660000000000001,0,0,0.031918000000000002,55.850436999999999,1,BELOW_TRIGGER,NORMAL_UPDATE,DISABLED_NOT_IMPLEMENTED,0,NOT_REQUESTED
UNONLOCAL_ONLY,1610,0.21923400000000001,18.247883000000002,0.001397,0,0,0.030311999999999999,20.368012,1,BELOW_TRIGGER,NORMAL_UPDATE,DISABLED_NOT_IMPLEMENTED,0,NOT_REQUESTED
UNONLOCAL_ONLY,1611,0.20708199999999999,29.718485999999999,0.001467,0,0,0.031988000000000003,31.854051999999999,1,BELOW_TRIGGER,NORMAL_UPDATE,DISABLED_NOT_IMPLEMENTED,0,NOT_REQUESTED
UNONLOCAL_ONLY,1612,0.20547599999999999,54.256917000000001,0.0023050000000000002,0,106.316529,0.056223000000000002,162.86832100000001,3,HIGH_NORMALIZED_INNOVATION,DIRECTIONAL_UPDATE,DISABLED_NOT_IMPLEMENTED,0,NOT_REQUESTED
UNONLOCAL_ONLY,1613,0.210924,46.270670000000003,0.00097799999999999992,0,0,0.030521,48.429982000000003,1,BELOW_TRIGGER,NORMAL_UPDATE,DISABLED_NOT_IMPLEMENTED,0,NOT_REQUESTED
UNONLOCAL_ONLY,1614,0.246752,36.535575000000001,0.001467,0,0,0.028146999999999998,39.064002000000002,1,BELOW_TRIGGER,NORMAL_UPDATE,DISABLED_NOT_IMPLEMENTED,0,NOT_REQUESTED
UNONLOCAL_ONLY,1615,0.222797,45.161575999999997,0.001397,0,0,0.031497999999999998,47.325009000000001,1,BELOW_TRIGGER,NORMAL_UPDATE,DISABLED_NOT_IMPLEMENTED,0,NOT_REQUESTED
UNONLOCAL_ONLY,1616,0.209596,49.993958999999997,0.0014660000000000001,0,0,0.028076,52.162697999999999,1,BELOW_TRIGGER,NORMAL_UPDATE,DISABLED_NOT_IMPLEMENTED,0,NOT_REQUESTED
UNONLOCAL_ONLY,1617,0.206733,17.558819,0.00097799999999999992,0,0,0.025772,19.640605999999998,1,BELOW_TRIGGER,NORMAL_UPDATE,DISABLED_NOT_IMPLEMENTED,0,NOT_REQUESTED
UNONLOCAL_ONLY,1618,0.19464999999999999,49.834090000000003,0.001397,0,0,0.04002,51.965603999999999,1,BELOW_TRIGGER,NORMAL_UPDATE,DISABLED_NOT_IMPLEMENTED,0,NOT_REQUESTED
UNONLOCAL_ONLY,1619,0.20799000000000001,42.037255000000002,0.00097799999999999992,0,0,0.029124000000000001,44.156407000000002,1,BELOW_TRIGGER,NORMAL_UPDATE,DISABLED_NOT_IMPLEMENTED,0,NOT_REQUESTED
UNONLOCAL_ONLY,1620,0.20722199999999999,31.279389999999999,0.0014660000000000001,0,0,0.027866999999999999,33.381711000000003,1,BELOW_TRIGGER,NORMAL_UPDATE,DISABLED_NOT_IMPLEMENTED,0,NOT_REQUESTED
UNONLOCAL_ONLY,1621,0.217838,48.226810999999998,0.0018159999999999999,0,0,0.030102,50.424815000000002,1,BELOW_TRIGGER,NORMAL_UPDATE,DISABLED_NOT_IMPLEMENTED,0,NOT_REQUESTED
UNONLOCAL_ONLY,1622,0.20652400000000001,48.016027000000001,0.001397,0,0,0.027727999999999999,50.159064999999998,1,BELOW_TRIGGER,NORMAL_UPDATE,DISABLED_NOT_IMPLEMENTED,0,NOT_REQUESTED
UNONLOCAL_ONLY,1623,0.18892300000000001,28.438209000000001,0.00090799999999999995,0,0,0.025353000000000001,30.354191,1,BELOW_TRIGGER,NORMAL_UPDATE,DISABLED_NOT_IMPLEMENTED,0,NOT_REQUESTED
UNONLOCAL_ONLY,1624,0.19206599999999999,39.823605999999998,0.000977,0,0,0.031918000000000002,41.861113000000003,1,BELOW_TRIGGER,NORMAL_UPDATE,DISABLED_NOT_IMPLEMENTED,0,NOT_REQUESTED
UNONLOCAL_ONLY,1625,0.18047199999999999,34.716675000000002,0.00090799999999999995,0,64.065486000000007,0.034851,100.85011799999999,3,PERIODIC_CHECK,DIRECTIONAL_UPDATE,DISABLED_NOT_IMPLEMENTED,0,NOT_REQUESTED
UNONLOCAL_ONLY,1626,0.199819,29.253057999999999,0.0028639999999999998,0,0,0.028705999999999999,31.381080000000001,1,BELOW_TRIGGER,NORMAL_UPDATE,DISABLED_NOT_IMPLEMENTED,0,NOT_REQUESTED
UNONLOCAL_ONLY,1627,0.20477799999999999,34.621339999999996,0.001467,0,0,0.034361999999999997,36.697749000000002,1,BELOW_TRIGGER,NORMAL_UPDATE,DISABLED_NOT_IMPLEMENTED,0,NOT_REQUESTED
UNONLOCAL_ONLY,1628,0.19695499999999999,26.758085000000001,0.0014660000000000001,0,0,0.025142999999999999,28.776105999999999,1,BELOW_TRIGGER,NORMAL_UPDATE,DISABLED_NOT_IMPLEMENTED,0,NOT_REQUESTED
UNONLOCAL_ONLY,1629,0.19192600000000001,31.583553999999999,0.00097799999999999992,0,0,0.028705999999999999,33.612887999999998,1,BELOW_TRIGGER,NORMAL_UPDATE,DISABLED_NOT_IMPLEMENTED,0,NOT_REQUESTED
UNONLOCAL_ONLY,1630,0.19332299999999999,24.558405,0.00097799999999999992,0,0,0.025770999999999999,26.562946,1,BELOW_TRIGGER,NORMAL_UPDATE,DISABLED_NOT_IMPLEMENTED,0,NOT_REQUESTED
UNONLOCAL_ONLY,1631,0.19569700000000001,31.949874999999999,0.0014660000000000001,0,0,0.026679000000000001,34.037877999999999,1,BELOW_TRIGGER,NORMAL_UPDATE,DISABLED_NOT_IMPLEMENTED,0,NOT_REQUESTED
UNONLOCAL_ONLY,1632,0.194441,31.915932000000002,0.001467,0,0,0.028146000000000001,33.939680000000003,1,BELOW_TRIGGER,NORMAL_UPDATE,DISABLED_NOT_IMPLEMENTED,0,NOT_REQUESTED
UNONLOCAL_ONLY,1633,0.203241,34.875635000000003,0.00090799999999999995,0,0,0.034641999999999999,36.932347999999998,1,BELOW_TRIGGER,NORMAL_UPDATE,DISABLED_NOT_IMPLEMENTED,0,NOT_REQUESTED
UNONLOCAL_ONLY,1634,0.19800300000000001,29.710804,0.001397,0,0,0.031987000000000002,31.838058,1,BELOW_TRIGGER,NORMAL_UPDATE,DISABLED_NOT_IMPLEMENTED,0,NOT_REQUESTED
UNONLOCAL_ONLY,1635,0.20317099999999999,37.345464999999997,0.00097799999999999992,0,0,0.030800999999999999,39.430255000000002,1,BELOW_TRIGGER,NORMAL_UPDATE,DISABLED_NOT_IMPLEMENTED,0,NOT_REQUESTED
UNONLOCAL_ONLY,1636,0.19667599999999999,34.932555999999998,0.000977,0,0,0.027727000000000002,37.072102999999998,1,BELOW_TRIGGER,NORMAL_UPDATE,DISABLED_NOT_IMPLEMENTED,0,NOT_REQUESTED
UNONLOCAL_ONLY,1637,0.19332299999999999,37.061695999999998,0.0014660000000000001,0,0,0.029054,39.109189999999998,1,BELOW_TRIGGER,NORMAL_UPDATE,DISABLED_NOT_IMPLEMENTED,0,NOT_REQUESTED
UNONLOCAL_ONLY,1638,0.195907,39.968738999999999,0.001397,0,0,0.029822999999999999,42.082372999999997,1,BELOW_TRIGGER,NORMAL_UPDATE,DISABLED_NOT_IMPLEMENTED,0,NOT_REQUESTED
UNONLOCAL_ONLY,1639,0.20840900000000001,32.179796000000003,0.00090799999999999995,0,0,0.029613,34.294409000000002,1,BELOW_TRIGGER,NORMAL_UPDATE,DISABLED_NOT_IMPLEMENTED,0,NOT_REQUESTED
UNONLOCAL_ONLY,1640,0.19611700000000001,29.098846999999999,0.00090799999999999995,0,0,0.027937,31.144036,1,BELOW_TRIGGER,NORMAL_UPDATE,DISABLED_NOT_IMPLEMENTED,0,NOT_REQUESTED
UNONLOCAL_ONLY,1641,0.193742,29.119240999999999,0.0014660000000000001,0,0,0.024164999999999999,31.168970000000002,1,BELOW_TRIGGER,NORMAL_UPDATE,DISABLED_NOT_IMPLEMENTED,0,NOT_REQUESTED
UNONLOCAL_ONLY,1642,0.195628,19.055047999999999,0.001467,0,0,0.025701000000000002,21.102193,1,BELOW_TRIGGER,NORMAL_UPDATE,DISABLED_NOT_IMPLEMENTED,0,NOT_REQUESTED
UNONLOCAL_ONLY,1643,0.195628,26.433249,0.001397,0,0,0.024375000000000001,28.440722999999998,1,BELOW_TRIGGER,NORMAL_UPDATE,DISABLED_NOT_IMPLEMENTED,0,NOT_REQUESTED
UNONLOCAL_ONLY,1644,0.23152700000000001,48.726461999999998,0.00090799999999999995,0,0,0.040857999999999998,50.778776000000001,1,BELOW_TRIGGER,NORMAL_UPDATE,DISABLED_NOT_IMPLEMENTED,0,NOT_REQUESTED
UNONLOCAL_ONLY,1645,0.19800300000000001,26.351742999999999,0.001467,0,0,0.025283,28.327020000000001,1,BELOW_TRIGGER,NORMAL_UPDATE,DISABLED_NOT_IMPLEMENTED,0,NOT_REQUESTED
UNONLOCAL_ONLY,1646,0.19108800000000001,43.968043000000002,0.001467,0,0,0.027657000000000001,45.950304000000003,1,BELOW_TRIGGER,NORMAL_UPDATE,DISABLED_NOT_IMPLEMENTED,0,NOT_REQUESTED
UNONLOCAL_ONLY,1647,0.198352,56.817193000000003,0.00090700000000000004,0,0,0.042812999999999997,58.833258000000001,1,BELOW_TRIGGER,NORMAL_UPDATE,DISABLED_NOT_IMPLEMENTED,0,NOT_REQUESTED
UNONLOCAL_ONLY,1648,0.212669,40.705782999999997,0.001467,0,0,0.026749999999999999,42.753906000000001,1,BELOW_TRIGGER,NORMAL_UPDATE,DISABLED_NOT_IMPLEMENTED,0,NOT_REQUESTED
UNONLOCAL_ONLY,1649,0.191298,43.913775000000001,0.001467,0,0,0.025772,45.943109999999997,1,BELOW_TRIGGER,NORMAL_UPDATE,DISABLED_NOT_IMPLEMENTED,0,NOT_REQUESTED
UNONLOCAL_ONLY,1650,0.214555,50.659484999999997,0.00097799999999999992,0,104.157706,0.032476999999999999,156.899326,3,PERIODIC_CHECK,DIRECTIONAL_UPDATE,DISABLED_NOT_IMPLEMENTED,0,NOT_REQUESTED
UNONLOCAL_ONLY,1651,0.19395200000000001,41.512182000000003,0.0018860000000000001,0,0,0.030800000000000001,43.646000999999998,1,BELOW_TRIGGER,NORMAL_UPDATE,DISABLED_NOT_IMPLEMENTED,0,NOT_REQUESTED
UNONLOCAL_ONLY,1652,0.19569700000000001,41.559393999999998,0.0014660000000000001,0,0,0.028565,43.625256999999998,1,BELOW_TRIGGER,NORMAL_UPDATE,DISABLED_NOT_IMPLEMENTED,0,NOT_REQUESTED
UNONLOCAL_ONLY,1653,0.228104,34.069307000000002,0.001397,0,0,0.027727999999999999,36.199424,1,BELOW_TRIGGER,NORMAL_UPDATE,DISABLED_NOT_IMPLEMENTED,0,NOT_REQUESTED
UNONLOCAL_ONLY,1654,0.19506999999999999,43.934657999999999,0.00097799999999999992,0,0,0.026190999999999999,45.990882999999997,1,BELOW_TRIGGER,NORMAL_UPDATE,DISABLED_NOT_IMPLEMENTED,0,NOT_REQUESTED
UNONLOCAL_ONLY,1655,0.183615,38.944991000000002,0.0013960000000000001,0,0,0.028983999999999999,40.980891999999997,1,BELOW_TRIGGER,NORMAL_UPDATE,DISABLED_NOT_IMPLEMENTED,0,NOT_REQUESTED
UNONLOCAL_ONLY,1656,0.20938699999999999,38.515881,0.00097799999999999992,0,0,0.027657000000000001,40.585025999999999,1,BELOW_TRIGGER,NORMAL_UPDATE,DISABLED_NOT_IMPLEMENTED,0,NOT_REQUESTED
UNONLOCAL_ONLY,1657,0.19472,61.438302,0.0018860000000000001,0,115.226647,0.033453999999999998,178.757003,3,HIGH_NORMALIZED_INNOVATION,DIRECTIONAL_UPDATE,DISABLED_NOT_IMPLEMENTED,0,NOT_REQUESTED
UNONLOCAL_ONLY,1658,0.19597700000000001,38.901618999999997,0.001467,0,0,0.029544000000000001,40.986967999999997,1,BELOW_TRIGGER,NORMAL_UPDATE,DISABLED_NOT_IMPLEMENTED,0,NOT_REQUESTED
UNONLOCAL_ONLY,1659,0.19367200000000001,43.552760999999997,0.00097799999999999992,0,0,0.027588000000000001,45.720033999999998,1,BELOW_TRIGGER,NORMAL_UPDATE,DISABLED_NOT_IMPLEMENTED,0,NOT_REQUESTED
UNONLOCAL_ONLY,1660,0.19248499999999999,38.815364000000002,0.001397,0,0,0.026190999999999999,40.855246000000001,1,BELOW_TRIGGER,NORMAL_UPDATE,DISABLED_NOT_IMPLEMENTED,0,NOT_REQUESTED
UNONLOCAL_ONLY,1661,0.166992,55.612344999999998,0.00090799999999999995,0,71.511503000000005,0.041487000000000003,129.27051800000001,3,HIGH_NORMALIZED_INNOVATION,DIRECTIONAL_UPDATE,DISABLED_NOT_IMPLEMENTED,0,NOT_REQUESTED
UNONLOCAL_ONLY,1662,0.204987,50.900928999999998,0.0018860000000000001,0,103.90117600000001,0.031358999999999998,157.01477600000001,3,HIGH_NORMALIZED_INNOVATION,DIRECTIONAL_UPDATE,DISABLED_NOT_IMPLEMENTED,0,NOT_REQUESTED
UNONLOCAL_ONLY,1663,0.19569700000000001,44.603467000000002,0.001397,0,0,0.028636000000000002,46.688395999999997,1,BELOW_TRIGGER,NORMAL_UPDATE,DISABLED_NOT_IMPLEMENTED,0,NOT_REQUESTED
UNONLOCAL_ONLY,1664,0.206454,41.587190999999997,0.00090799999999999995,0,0,0.026749999999999999,43.547733000000001,1,BELOW_TRIGGER,NORMAL_UPDATE,DISABLED_NOT_IMPLEMENTED,0,NOT_REQUESTED
UNONLOCAL_ONLY,1665,0.19758400000000001,36.921523000000001,0.00097799999999999992,0,0,0.061461000000000002,39.110517000000002,1,BELOW_TRIGGER,NORMAL_UPDATE,DISABLED_NOT_IMPLEMENTED,0,NOT_REQUESTED
UNONLOCAL_ONLY,1666,0.211482,72.815387000000001,0.001397,0,155.03111699999999,0.032895000000000001,230.06762699999999,3,HIGH_NORMALIZED_INNOVATION,DIRECTIONAL_UPDATE,DISABLED_NOT_IMPLEMENTED,0,NOT_REQUESTED
UNONLOCAL_ONLY,1667,0.19898099999999999,16.551833999999999,0.001397,0,0,0.028985,18.631944000000001,1,BELOW_TRIGGER,NORMAL_UPDATE,DISABLED_NOT_IMPLEMENTED,0,NOT_REQUESTED
UNONLOCAL_ONLY,1668,0.206733,54.635041999999999,0.001467,0,0,0.028007000000000001,56.736386000000003,1,BELOW_TRIGGER,NORMAL_UPDATE,DISABLED_NOT_IMPLEMENTED,0,NOT_REQUESTED
UNONLOCAL_ONLY,1669,0.196745,14.149891,0.001467,0,0,0.024094999999999998,16.183975,1,BELOW_TRIGGER,NORMAL_UPDATE,DISABLED_NOT_IMPLEMENTED,0,NOT_REQUESTED
UNONLOCAL_ONLY,1670,0.19730500000000001,52.060518999999999,0.0019559999999999998,0,99.087999999999994,0.032896000000000002,153.24462299999999,3,HIGH_NORMALIZED_INNOVATION,DIRECTIONAL_UPDATE,DISABLED_NOT_IMPLEMENTED,0,NOT_REQUESTED
UNONLOCAL_ONLY,1671,0.19870099999999999,54.533003999999998,0.00097799999999999992,0,108.38637199999999,0.032965000000000001,165.06010900000001,3,HIGH_NORMALIZED_INNOVATION,DIRECTIONAL_UPDATE,DISABLED_NOT_IMPLEMENTED,0,NOT_REQUESTED
UNONLOCAL_ONLY,1672,0.20044799999999999,31.929480999999999,0.001397,0,0,0.026749999999999999,33.976067,1,BELOW_TRIGGER,NORMAL_UPDATE,DISABLED_NOT_IMPLEMENTED,0,NOT_REQUESTED
UNONLOCAL_ONLY,1673,0.19758400000000001,37.168346,0.001467,0,0,0.027866999999999999,39.213884,1,BELOW_TRIGGER,NORMAL_UPDATE,DISABLED_NOT_IMPLEMENTED,0,NOT_REQUESTED
UNONLOCAL_ONLY,1674,0.21183199999999999,44.690561000000002,0.001467,0,0,0.027657999999999999,46.771858000000002,1,BELOW_TRIGGER,NORMAL_UPDATE,DISABLED_NOT_IMPLEMENTED,0,NOT_REQUESTED
UNONLOCAL_ONLY,1675,0.19772400000000001,39.486967,0.001467,0,53.593485000000001,0.029124000000000001,95.221744000000001,3,PERIODIC_CHECK,DIRECTIONAL_UPDATE,DISABLED_NOT_IMPLEMENTED,0,NOT_REQUESTED
UNONLOCAL_ONLY,1676,0.19828200000000001,39.596549000000003,0.001397,0,0,0.02682,41.666184000000001,1,BELOW_TRIGGER,NORMAL_UPDATE,DISABLED_NOT_IMPLEMENTED,0,NOT_REQUESTED
UNONLOCAL_ONLY,1677,0.204847,34.192647999999998,0.00097799999999999992,0,0,0.030032,36.293013000000002,1,BELOW_TRIGGER,NORMAL_UPDATE,DISABLED_NOT_IMPLEMENTED,0,NOT_REQUESTED
UNONLOCAL_ONLY,1678,0.204009,31.903500000000001,0.001397,0,0,0.038622999999999998,34.047446999999998,1,BELOW_TRIGGER,NORMAL_UPDATE,DISABLED_NOT_IMPLEMENTED,0,NOT_REQUESTED
UNONLOCAL_ONLY,1679,0.20812900000000001,26.912506,0.0019559999999999998,0,0,0.026610000000000002,28.957136999999999,1,BELOW_TRIGGER,NORMAL_UPDATE,DISABLED_NOT_IMPLEMENTED,0,NOT_REQUESTED
UNONLOCAL_ONLY,1680,0.19737399999999999,26.695577,0.00090799999999999995,0,0,0.027029000000000001,28.810677999999999,1,BELOW_TRIGGER,NORMAL_UPDATE,DISABLED_NOT_IMPLEMENTED,0,NOT_REQUESTED
UNONLOCAL_ONLY,1681,0.19017999999999999,34.681404000000001,0.000977,0,0,0.026679999999999999,36.773876999999999,1,BELOW_TRIGGER,NORMAL_UPDATE,DISABLED_NOT_IMPLEMENTED,0,NOT_REQUESTED
UNONLOCAL_ONLY,1682,0.19897999999999999,31.831074000000001,0.001467,0,0,0.031009999999999999,33.886600000000001,1,BELOW_TRIGGER,NORMAL_UPDATE,DISABLED_NOT_IMPLEMENTED,0,NOT_REQUESTED
UNONLOCAL_ONLY,1683,0.19744400000000001,34.684826000000001,0.001397,0,0,0.027378,36.771920999999999,1,BELOW_TRIGGER,NORMAL_UPDATE,DISABLED_NOT_IMPLEMENTED,0,NOT_REQUESTED
UNONLOCAL_ONLY,1684,0.19897999999999999,37.012877000000003,0.001397,0,0,0.025840999999999999,39.151164999999999,1,BELOW_TRIGGER,NORMAL_UPDATE,DISABLED_NOT_IMPLEMENTED,0,NOT_REQUESTED
UNONLOCAL_ONLY,1685,0.20575499999999999,32.068466999999998,0.0014660000000000001,0,0,0.026190999999999999,34.114983000000002,1,BELOW_TRIGGER,NORMAL_UPDATE,DISABLED_NOT_IMPLEMENTED,0,NOT_REQUESTED
UNONLOCAL_ONLY,1686,0.19884099999999999,37.013924000000003,0.001467,0,0,0.026261,39.096758000000001,1,BELOW_TRIGGER,NORMAL_UPDATE,DISABLED_NOT_IMPLEMENTED,0,NOT_REQUESTED
UNONLOCAL_ONLY,1687,0.197514,33.212412999999998,0.001397,0,0,0.027099000000000002,35.264446999999997,1,BELOW_TRIGGER,NORMAL_UPDATE,DISABLED_NOT_IMPLEMENTED,0,NOT_REQUESTED
UNONLOCAL_ONLY,1688,0.19325300000000001,31.826115000000001,0.00097799999999999992,0,0,0.029961999999999999,33.846789999999999,1,BELOW_TRIGGER,NORMAL_UPDATE,DISABLED_NOT_IMPLEMENTED,0,NOT_REQUESTED
UNONLOCAL_ONLY,1689,0.198631,29.55331,0.0014660000000000001,0,0,0.029124000000000001,31.644735000000001,1,BELOW_TRIGGER,NORMAL_UPDATE,DISABLED_NOT_IMPLEMENTED,0,NOT_REQUESTED
UNONLOCAL_ONLY,1690,0.19569800000000001,44.520843999999997,0.001397,0,0,0.026818999999999999,46.571621,1,BELOW_TRIGGER,NORMAL_UPDATE,DISABLED_NOT_IMPLEMENTED,0,NOT_REQUESTED
UNONLOCAL_ONLY,1691,0.208898,37.657451000000002,0.00097799999999999992,0,0,0.028635000000000001,39.962032999999998,1,BELOW_TRIGGER,NORMAL_UPDATE,DISABLED_NOT_IMPLEMENTED,0,NOT_REQUESTED
UNONLOCAL_ONLY,1692,0.22468299999999999,25.264648999999999,0.001467,0,0,0.027168999999999999,27.449242999999999,1,BELOW_TRIGGER,NORMAL_UPDATE,DISABLED_NOT_IMPLEMENTED,0,NOT_REQUESTED
UNONLOCAL_ONLY,1693,0.20317099999999999,25.750681,0.0013960000000000001,0,0,0.032197000000000003,27.889040000000001,1,BELOW_TRIGGER,NORMAL_UPDATE,DISABLED_NOT_IMPLEMENTED,0,NOT_REQUESTED
UNONLOCAL_ONLY,1694,0.20449800000000001,22.585222999999999,0.0014660000000000001,0,0,0.025701999999999999,24.725187999999999,1,BELOW_TRIGGER,NORMAL_UPDATE,DISABLED_NOT_IMPLEMENTED,0,NOT_REQUESTED
UNONLOCAL_ONLY,1695,0.202822,28.040178000000001,0.001467,0,0,0.027937,30.191039,1,BELOW_TRIGGER,NORMAL_UPDATE,DISABLED_NOT_IMPLEMENTED,0,NOT_REQUESTED
UNONLOCAL_ONLY,1696,0.201076,30.302506999999999,0.001467,0,0,0.028077000000000001,32.431576999999997,1,BELOW_TRIGGER,NORMAL_UPDATE,DISABLED_NOT_IMPLEMENTED,0,NOT_REQUESTED
UNONLOCAL_ONLY,1697,0.21420600000000001,35.818784000000001,0.001397,0,0,0.028146999999999998,37.984031999999999,1,BELOW_TRIGGER,NORMAL_UPDATE,DISABLED_NOT_IMPLEMENTED,0,NOT_REQUESTED
UNONLOCAL_ONLY,1698,0.204987,39.809497999999998,0.001397,0,0,0.040927999999999999,41.994861,1,BELOW_TRIGGER,NORMAL_UPDATE,DISABLED_NOT_IMPLEMENTED,0,NOT_REQUESTED
UNONLOCAL_ONLY,1699,0.197793,30.466218000000001,0.001397,0,0,0.026261,32.502746999999999,1,BELOW_TRIGGER,NORMAL_UPDATE,DISABLED_NOT_IMPLEMENTED,0,NOT_REQUESTED
UNONLOCAL_ONLY,1700,0.20358999999999999,28.396933000000001,0.00097799999999999992,0,55.401071999999999,0.030591,85.976313000000005,3,PERIODIC_CHECK,DIRECTIONAL_UPDATE,DISABLED_NOT_IMPLEMENTED,0,NOT_REQUESTED
UNONLOCAL_ONLY,1701,0.24654300000000001,51.988373000000003,0.0014660000000000001,0,0,0.032686,54.131898999999997,1,BELOW_TRIGGER,NORMAL_UPDATE,DISABLED_NOT_IMPLEMENTED,0,NOT_REQUESTED
UNONLOCAL_ONLY,1702,0.204568,22.875557000000001,0.001467,0,0,0.028566000000000001,25.162191,1,BELOW_TRIGGER,NORMAL_UPDATE,DISABLED_NOT_IMPLEMENTED,0,NOT_REQUESTED
UNONLOCAL_ONLY,1703,0.21246000000000001,19.841401999999999,0.001397,0,0,0.031498999999999999,21.964953999999999,1,BELOW_TRIGGER,NORMAL_UPDATE,DISABLED_NOT_IMPLEMENTED,0,NOT_REQUESTED
UNONLOCAL_ONLY,1704,0.202682,28.759972000000001,0.001467,0,0,0.031497999999999998,30.887715,1,BELOW_TRIGGER,NORMAL_UPDATE,DISABLED_NOT_IMPLEMENTED,0,NOT_REQUESTED
UNONLOCAL_ONLY,1705,0.19283500000000001,33.375354999999999,0.001467,0,0,0.0264,35.443243000000002,1,BELOW_TRIGGER,NORMAL_UPDATE,DISABLED_NOT_IMPLEMENTED,0,NOT_REQUESTED
UNONLOCAL_ONLY,1706,0.20303099999999999,46.852595999999998,0.001397,0,0,0.030032,48.983970999999997,1,BELOW_TRIGGER,NORMAL_UPDATE,DISABLED_NOT_IMPLEMENTED,0,NOT_REQUESTED
UNONLOCAL_ONLY,1707,0.20407900000000001,22.863334999999999,0.0032829999999999999,0,0,0.035618999999999998,24.987863999999998,1,BELOW_TRIGGER,NORMAL_UPDATE,DISABLED_NOT_IMPLEMENTED,0,NOT_REQUESTED
UNONLOCAL_ONLY,1708,0.212251,46.875993000000001,0.001397,0,0,0.030102,48.976218000000003,1,BELOW_TRIGGER,NORMAL_UPDATE,DISABLED_NOT_IMPLEMENTED,0,NOT_REQUESTED
UNONLOCAL_ONLY,1709,0.212949,38.619875999999998,0.0014660000000000001,0,0,0.029124000000000001,41.105141000000003,1,BELOW_TRIGGER,NORMAL_UPDATE,DISABLED_NOT_IMPLEMENTED,0,NOT_REQUESTED
UNONLOCAL_ONLY,1710,0.20177400000000001,22.606525000000001,0.00097799999999999992,0,0,0.029124000000000001,24.693760000000001,1,BELOW_TRIGGER,NORMAL_UPDATE,DISABLED_NOT_IMPLEMENTED,0,NOT_REQUESTED
UNONLOCAL_ONLY,1711,0.204148,43.691468,0.001467,0,0,0.029124000000000001,45.780586999999997,1,BELOW_TRIGGER,NORMAL_UPDATE,DISABLED_NOT_IMPLEMENTED,0,NOT_REQUESTED
UNONLOCAL_ONLY,1712,0.20652300000000001,23.103940999999999,0.00097799999999999992,0,0,0.029753000000000002,25.276033999999999,1,BELOW_TRIGGER,NORMAL_UPDATE,DISABLED_NOT_IMPLEMENTED,0,NOT_REQUESTED
UNONLOCAL_ONLY,1713,0.208899,30.954065,0.001397,0,0,0.028635000000000001,33.029775000000001,1,BELOW_TRIGGER,NORMAL_UPDATE,DISABLED_NOT_IMPLEMENTED,0,NOT_REQUESTED
UNONLOCAL_ONLY,1714,0.21623200000000001,60.482371999999998,0.001467,0,0,0.029472999999999999,62.530074999999997,1,BELOW_TRIGGER,NORMAL_UPDATE,DISABLED_NOT_IMPLEMENTED,0,NOT_REQUESTED
UNONLOCAL_ONLY,1715,0.207431,30.783999999999999,0.000977,0,0,0.028146000000000001,32.897564000000003,1,BELOW_TRIGGER,NORMAL_UPDATE,DISABLED_NOT_IMPLEMENTED,0,NOT_REQUESTED
UNONLOCAL_ONLY,1716,0.24158399999999999,46.767668,0.001467,0,0,0.028355999999999999,48.938363000000003,1,BELOW_TRIGGER,NORMAL_UPDATE,DISABLED_NOT_IMPLEMENTED,0,NOT_REQUESTED
UNONLOCAL_ONLY,1717,0.208898,27.366689999999998,0.001467,0,0,0.026190999999999999,29.387574999999998,1,BELOW_TRIGGER,NORMAL_UPDATE,DISABLED_NOT_IMPLEMENTED,0,NOT_REQUESTED
UNONLOCAL_ONLY,1718,0.184174,39.293573000000002,0.00097799999999999992,0,0,0.032965000000000001,41.168906999999997,1,BELOW_TRIGGER,NORMAL_UPDATE,DISABLED_NOT_IMPLEMENTED,0,NOT_REQUESTED
UNONLOCAL_ONLY,1719,0.206733,38.192791,0.0018860000000000001,0,0,0.031428999999999999,40.297485999999999,1,BELOW_TRIGGER,NORMAL_UPDATE,DISABLED_NOT_IMPLEMENTED,0,NOT_REQUESTED
UNONLOCAL_ONLY,1720,0.21748799999999999,30.140125000000001,0.0013960000000000001,0,0,0.026818999999999999,32.205706999999997,1,BELOW_TRIGGER,NORMAL_UPDATE,DISABLED_NOT_IMPLEMENTED,0,NOT_REQUESTED
UNONLOCAL_ONLY,1721,0.21169199999999999,17.141093000000001,0.001397,0,0,0.025701999999999999,19.194175000000001,1,BELOW_TRIGGER,NORMAL_UPDATE,DISABLED_NOT_IMPLEMENTED,0,NOT_REQUESTED
UNONLOCAL_ONLY,1722,0.202961,38.038438999999997,0.0014660000000000001,0,0,0.028635000000000001,40.121414000000001,1,BELOW_TRIGGER,NORMAL_UPDATE,DISABLED_NOT_IMPLEMENTED,0,NOT_REQUESTED
UNONLOCAL_ONLY,1723,0.20477699999999999,17.003923,0.000977,0,0,0.039600000000000003,19.218340000000001,1,BELOW_TRIGGER,NORMAL_UPDATE,DISABLED_NOT_IMPLEMENTED,0,NOT_REQUESTED
UNONLOCAL_ONLY,1724,0.20477799999999999,35.204801000000003,0.001397,0,0,0.028844000000000002,37.322836000000002,1,BELOW_TRIGGER,NORMAL_UPDATE,DISABLED_NOT_IMPLEMENTED,0,NOT_REQUESTED
UNONLOCAL_ONLY,1725,0.20331099999999999,43.156965,0.00090700000000000004,0,68.129255000000001,0.048260999999999998,113.550156,3,PERIODIC_CHECK,DIRECTIONAL_UPDATE,DISABLED_NOT_IMPLEMENTED,0,NOT_REQUESTED
UNONLOCAL_ONLY,1726,0.200797,19.99729,0.0014660000000000001,0,0,0.028007000000000001,22.154295999999999,1,BELOW_TRIGGER,NORMAL_UPDATE,DISABLED_NOT_IMPLEMENTED,0,NOT_REQUESTED
UNONLOCAL_ONLY,1727,0.20575499999999999,28.688593999999998,0.001467,0,0,0.026679999999999999,30.757808000000001,1,BELOW_TRIGGER,NORMAL_UPDATE,DISABLED_NOT_IMPLEMENTED,0,NOT_REQUESTED
UNONLOCAL_ONLY,1728,0.200936,35.309635,0.0014660000000000001,0,0,0.02647,37.340926000000003,1,BELOW_TRIGGER,NORMAL_UPDATE,DISABLED_NOT_IMPLEMENTED,0,NOT_REQUESTED
UNONLOCAL_ONLY,1729,0.20554600000000001,22.513494999999999,0.000977,0,0,0.024723999999999999,24.569718999999999,1,BELOW_TRIGGER,NORMAL_UPDATE,DISABLED_NOT_IMPLEMENTED,0,NOT_REQUESTED
UNONLOCAL_ONLY,1730,0.20303099999999999,28.273800999999999,0.001397,0,0,0.025911,30.276596000000001,1,BELOW_TRIGGER,NORMAL_UPDATE,DISABLED_NOT_IMPLEMENTED,0,NOT_REQUESTED
UNONLOCAL_ONLY,1731,0.20575599999999999,40.913981999999997,0.00097799999999999992,0,84.802265000000006,0.031497999999999998,127.861172,3,HIGH_NORMALIZED_INNOVATION,DIRECTIONAL_UPDATE,DISABLED_NOT_IMPLEMENTED,0,NOT_REQUESTED
UNONLOCAL_ONLY,1732,0.21371699999999999,36.943663000000001,0.0014660000000000001,0,68.604181999999994,0.049238999999999998,107.66322599999999,3,HIGH_NORMALIZED_INNOVATION,DIRECTIONAL_UPDATE,DISABLED_NOT_IMPLEMENTED,0,NOT_REQUESTED
UNONLOCAL_ONLY,1733,0.21609200000000001,40.450789,0.001467,0,72.308194,0.033453999999999998,114.894199,3,HIGH_NORMALIZED_INNOVATION,DIRECTIONAL_UPDATE,DISABLED_NOT_IMPLEMENTED,0,NOT_REQUESTED
UNONLOCAL_ONLY,1734,0.207152,29.198232000000001,0.001397,0,0,0.030032,31.328838999999999,1,BELOW_TRIGGER,NORMAL_UPDATE,DISABLED_NOT_IMPLEMENTED,0,NOT_REQUESTED
UNONLOCAL_ONLY,1735,0.204288,57.682048999999999,0.001397,0,68.974554999999995,0.033314999999999997,128.77037799999999,3,HIGH_NORMALIZED_INNOVATION,DIRECTIONAL_UPDATE,DISABLED_NOT_IMPLEMENTED,0,NOT_REQUESTED
UNONLOCAL_ONLY,1736,0.20882800000000001,35.516368,0.001467,0,0,0.031009999999999999,37.640408999999998,1,BELOW_TRIGGER,NORMAL_UPDATE,DISABLED_NOT_IMPLEMENTED,0,NOT_REQUESTED
UNONLOCAL_ONLY,1737,0.20799000000000001,20.760317000000001,0.001467,0,0,0.053358999999999997,22.973336,1,BELOW_TRIGGER,NORMAL_UPDATE,DISABLED_NOT_IMPLEMENTED,0,NOT_REQUESTED
UNONLOCAL_ONLY,1738,0.219584,38.482427000000001,0.001397,0,0,0.030521,40.627209999999998,1,BELOW_TRIGGER,NORMAL_UPDATE,DISABLED_NOT_IMPLEMENTED,0,NOT_REQUESTED
UNONLOCAL_ONLY,1739,0.20722199999999999,41.026150000000001,0.0013960000000000001,0,0,0.031009999999999999,43.121205000000003,1,BELOW_TRIGGER,NORMAL_UPDATE,DISABLED_NOT_IMPLEMENTED,0,NOT_REQUESTED
UNONLOCAL_ONLY,1740,0.228384,34.844206,0.001397,0,0,0.028077000000000001,37.158287999999999,1,BELOW_TRIGGER,NORMAL_UPDATE,DISABLED_NOT_IMPLEMENTED,0,NOT_REQUESTED
UNONLOCAL_ONLY,1741,0.208618,32.870815,0.001397,0,0,0.025492999999999998,35.027960999999998,1,BELOW_TRIGGER,NORMAL_UPDATE,DISABLED_NOT_IMPLEMENTED,0,NOT_REQUESTED
UNONLOCAL_ONLY,1742,0.20610500000000001,38.674353000000004,0.001467,0,0,0.034361999999999997,40.789524,1,BELOW_TRIGGER,NORMAL_UPDATE,DISABLED_NOT_IMPLEMENTED,0,NOT_REQUESTED
UNONLOCAL_ONLY,1743,0.26882200000000001,33.380802000000003,0.001397,0,0,0.051402999999999997,36.071823000000002,1,BELOW_TRIGGER,NORMAL_UPDATE,DISABLED_NOT_IMPLEMENTED,0,NOT_REQUESTED
UNONLOCAL_ONLY,1744,0.188224,32.319898999999999,0.001397,0,0,0.028774999999999998,34.232947000000003,1,BELOW_TRIGGER,NORMAL_UPDATE,DISABLED_NOT_IMPLEMENTED,0,NOT_REQUESTED
UNONLOCAL_ONLY,1745,0.20219300000000001,33.774223999999997,0.00090799999999999995,0,0,0.027727000000000002,35.811660000000003,1,BELOW_TRIGGER,NORMAL_UPDATE,DISABLED_NOT_IMPLEMENTED,0,NOT_REQUESTED
UNONLOCAL_ONLY,1746,0.19541800000000001,27.373045999999999,0.000977,0,0,0.027168999999999999,29.399936,1,BELOW_TRIGGER,NORMAL_UPDATE,DISABLED_NOT_IMPLEMENTED,0,NOT_REQUESTED
UNONLOCAL_ONLY,1747,0.21357699999999999,43.073504,0.00097799999999999992,0,0,0.028146000000000001,45.190840000000001,1,BELOW_TRIGGER,NORMAL_UPDATE,DISABLED_NOT_IMPLEMENTED,0,NOT_REQUESTED
UNONLOCAL_ONLY,1748,0.20247299999999999,25.407546,0.001397,0,0,0.027237999999999998,27.464051000000001,1,BELOW_TRIGGER,NORMAL_UPDATE,DISABLED_NOT_IMPLEMENTED,0,NOT_REQUESTED
UNONLOCAL_ONLY,1749,0.208758,30.327860000000001,0.0027929999999999999,0,0,0.031988000000000003,32.466009,1,BELOW_TRIGGER,NORMAL_UPDATE,DISABLED_NOT_IMPLEMENTED,0,NOT_REQUESTED
UNONLOCAL_ONLY,1750,0.24954699999999999,28.608834000000002,0.00090799999999999995,0,49.458548,0.03108,80.386492000000004,3,PERIODIC_CHECK,DIRECTIONAL_UPDATE,DISABLED_NOT_IMPLEMENTED,0,NOT_REQUESTED
UNONLOCAL_ONLY,1751,0.20379900000000001,27.511194,0.001397,0,0,0.034991000000000001,29.645780999999999,1,BELOW_TRIGGER,NORMAL_UPDATE,DISABLED_NOT_IMPLEMENTED,0,NOT_REQUESTED
UNONLOCAL_ONLY,1752,0.20826900000000001,33.375284999999998,0.001467,0,0,0.027587,35.476627999999998,1,BELOW_TRIGGER,NORMAL_UPDATE,DISABLED_NOT_IMPLEMENTED,0,NOT_REQUESTED
UNONLOCAL_ONLY,1753,0.20163500000000001,38.507151,0.00090799999999999995,0,0,0.026679999999999999,40.515393000000003,1,BELOW_TRIGGER,NORMAL_UPDATE,DISABLED_NOT_IMPLEMENTED,0,NOT_REQUESTED
UNONLOCAL_ONLY,1754,0.19723399999999999,46.943460000000002,0.001467,0,0,0.029124000000000001,48.951424000000003,1,BELOW_TRIGGER,NORMAL_UPDATE,DISABLED_NOT_IMPLEMENTED,0,NOT_REQUESTED
UNONLOCAL_ONLY,1755,0.21287900000000001,37.966363000000001,0.00097799999999999992,0,0,0.027727000000000002,40.067914000000002,1,BELOW_TRIGGER,NORMAL_UPDATE,DISABLED_NOT_IMPLEMENTED,0,NOT_REQUESTED
UNONLOCAL_ONLY,1756,0.18612999999999999,29.621825999999999,0.001467,0,0,0.026679000000000001,31.556874000000001,1,BELOW_TRIGGER,NORMAL_UPDATE,DISABLED_NOT_IMPLEMENTED,0,NOT_REQUESTED
UNONLOCAL_ONLY,1757,0.19150700000000001,28.342175999999998,0.0013960000000000001,0,0,0.026679000000000001,30.251591999999999,1,BELOW_TRIGGER,NORMAL_UPDATE,DISABLED_NOT_IMPLEMENTED,0,NOT_REQUESTED
UNONLOCAL_ONLY,1758,0.211063,36.010432000000002,0.001467,0,0,0.026679999999999999,37.968876000000002,1,BELOW_TRIGGER,NORMAL_UPDATE,DISABLED_NOT_IMPLEMENTED,0,NOT_REQUESTED
UNONLOCAL_ONLY,1759,0.19513900000000001,43.125326000000001,0.001467,0,0,0.028146999999999998,45.133220000000001,1,BELOW_TRIGGER,NORMAL_UPDATE,DISABLED_NOT_IMPLEMENTED,0,NOT_REQUESTED
UNONLOCAL_ONLY,1760,0.198492,35.969712999999999,0.001397,0,0,0.026818999999999999,37.941218999999997,1,BELOW_TRIGGER,NORMAL_UPDATE,DISABLED_NOT_IMPLEMENTED,0,NOT_REQUESTED
UNONLOCAL_ONLY,1761,0.204149,35.998488999999999,0.001467,0,0,0.045677000000000002,38.029359999999997,1,BELOW_TRIGGER,NORMAL_UPDATE,DISABLED_NOT_IMPLEMENTED,0,NOT_REQUESTED
UNONLOCAL_ONLY,1762,0.20743200000000001,28.620567999999999,0.001397,0,0,0.028915,30.567209999999999,1,BELOW_TRIGGER,NORMAL_UPDATE,DISABLED_NOT_IMPLEMENTED,0,NOT_REQUESTED
UNONLOCAL_ONLY,1763,0.20058699999999999,35.998976999999996,0.00097799999999999992,0,0,0.027168999999999999,37.952184000000003,1,BELOW_TRIGGER,NORMAL_UPDATE,DISABLED_NOT_IMPLEMENTED,0,NOT_REQUESTED
UNONLOCAL_ONLY,1764,0.17698,31.321784999999998,0.001467,0,0,0.030591,33.271428999999998,1,BELOW_TRIGGER,NORMAL_UPDATE,DISABLED_NOT_IMPLEMENTED,0,NOT_REQUESTED
UNONLOCAL_ONLY,1765,0.19695499999999999,48.520428000000003,0.00097799999999999992,0,0,0.034083000000000002,50.513095,1,BELOW_TRIGGER,NORMAL_UPDATE,DISABLED_NOT_IMPLEMENTED,0,NOT_REQUESTED
UNONLOCAL_ONLY,1766,0.19464999999999999,28.895327000000002,0.00097799999999999992,0,0,0.026401000000000001,30.900566999999999,1,BELOW_TRIGGER,NORMAL_UPDATE,DISABLED_NOT_IMPLEMENTED,0,NOT_REQUESTED
UNONLOCAL_ONLY,1767,0.20491699999999999,29.108903999999999,0.001467,0,0,0.029333999999999999,31.078384,1,BELOW_TRIGGER,NORMAL_UPDATE,DISABLED_NOT_IMPLEMENTED,0,NOT_REQUESTED
UNONLOCAL_ONLY,1768,0.19681499999999999,28.522300000000001,0.001397,0,0,0.025283,30.482071999999999,1,BELOW_TRIGGER,NORMAL_UPDATE,DISABLED_NOT_IMPLEMENTED,0,NOT_REQUESTED
UNONLOCAL_ONLY,1769,0.204708,31.190131999999998,0.00097799999999999992,0,0,0.026959,33.168621000000002,1,BELOW_TRIGGER,NORMAL_UPDATE,DISABLED_NOT_IMPLEMENTED,0,NOT_REQUESTED
UNONLOCAL_ONLY,1770,0.19464999999999999,26.272960999999999,0.00097799999999999992,0,0,0.026540000000000001,28.229032,1,BELOW_TRIGGER,NORMAL_UPDATE,DISABLED_NOT_IMPLEMENTED,0,NOT_REQUESTED
UNONLOCAL_ONLY,1771,0.196326,26.429897,0.001467,0,0,0.025772,28.385058999999998,1,BELOW_TRIGGER,NORMAL_UPDATE,DISABLED_NOT_IMPLEMENTED,0,NOT_REQUESTED
UNONLOCAL_ONLY,1772,0.20547599999999999,31.626505999999999,0.00097799999999999992,0,0,0.026331,33.566581999999997,1,BELOW_TRIGGER,NORMAL_UPDATE,DISABLED_NOT_IMPLEMENTED,0,NOT_REQUESTED
UNONLOCAL_ONLY,1773,0.19486000000000001,38.665551999999998,0.001397,0,0,0.026749999999999999,40.597807000000003,1,BELOW_TRIGGER,NORMAL_UPDATE,DISABLED_NOT_IMPLEMENTED,0,NOT_REQUESTED
UNONLOCAL_ONLY,1774,0.20219300000000001,26.280294000000001,0.001467,0,0,0.026190999999999999,28.241254000000001,1,BELOW_TRIGGER,NORMAL_UPDATE,DISABLED_NOT_IMPLEMENTED,0,NOT_REQUESTED
UNONLOCAL_ONLY,1775,0.19423099999999999,26.193899999999999,0.001397,0,54.700764999999997,0.027727999999999999,82.862048999999999,3,PERIODIC_CHECK,DIRECTIONAL_UPDATE,DISABLED_NOT_IMPLEMENTED,0,NOT_REQUESTED
UNONLOCAL_ONLY,1776,0.19709399999999999,31.355588000000001,0.000977,0,0,0.025283,33.355030999999997,1,BELOW_TRIGGER,NORMAL_UPDATE,DISABLED_NOT_IMPLEMENTED,0,NOT_REQUESTED
UNONLOCAL_ONLY,1777,0.193742,31.489197000000001,0.00097799999999999992,0,0,0.031009999999999999,33.450643999999997,1,BELOW_TRIGGER,NORMAL_UPDATE,DISABLED_NOT_IMPLEMENTED,0,NOT_REQUESTED
UNONLOCAL_ONLY,1778,0.20778099999999999,33.636564999999997,0.00097799999999999992,0,0,0.027657000000000001,35.685454999999997,1,BELOW_TRIGGER,NORMAL_UPDATE,DISABLED_NOT_IMPLEMENTED,0,NOT_REQUESTED
UNONLOCAL_ONLY,1779,0.19667599999999999,28.547581999999998,0.001397,0,0,0.025212999999999999,30.544999000000001,1,BELOW_TRIGGER,NORMAL_UPDATE,DISABLED_NOT_IMPLEMENTED,0,NOT_REQUESTED
UNONLOCAL_ONLY,1780,0.20757100000000001,38.901130999999999,0.001397,0,0,0.025353000000000001,40.913563000000003,1,BELOW_TRIGGER,NORMAL_UPDATE,DISABLED_NOT_IMPLEMENTED,0,NOT_REQUESTED
UNONLOCAL_ONLY,1781,0.19464999999999999,38.858525999999998,0.0014660000000000001,0,0,0.026610000000000002,40.854756999999999,1,BELOW_TRIGGER,NORMAL_UPDATE,DISABLED_NOT_IMPLEMENTED,0,NOT_REQUESTED
UNONLOCAL_ONLY,1782,0.197024,38.630840999999997,0.001397,0,0,0.027378,40.624766000000001,1,BELOW_TRIGGER,NORMAL_UPDATE,DISABLED_NOT_IMPLEMENTED,0,NOT_REQUESTED
UNONLOCAL_ONLY,1783,0.19520899999999999,36.516019,0.001467,0,0,0.035270999999999997,38.573081999999999,1,BELOW_TRIGGER,NORMAL_UPDATE,DISABLED_NOT_IMPLEMENTED,0,NOT_REQUESTED
UNONLOCAL_ONLY,1784,0.213647,26.869344000000002,0.001467,0,0,0.030800000000000001,28.989962999999999,1,BELOW_TRIGGER,NORMAL_UPDATE,DISABLED_NOT_IMPLEMENTED,0,NOT_REQUESTED
UNONLOCAL_ONLY,1785,0.196605,33.995694,0.0014660000000000001,0,0,0.027657000000000001,36.038857,1,BELOW_TRIGGER,NORMAL_UPDATE,DISABLED_NOT_IMPLEMENTED,0,NOT_REQUESTED
UNONLOCAL_ONLY,1786,0.19800300000000001,31.391767000000002,0.00097799999999999992,0,0,0.044838000000000003,33.508125,1,BELOW_TRIGGER,NORMAL_UPDATE,DISABLED_NOT_IMPLEMENTED,0,NOT_REQUESTED
UNONLOCAL_ONLY,1787,0.198072,24.127479000000001,0.00090799999999999995,0,0,0.029054,26.194877999999999,1,BELOW_TRIGGER,NORMAL_UPDATE,DISABLED_NOT_IMPLEMENTED,0,NOT_REQUESTED
UNONLOCAL_ONLY,1788,0.196466,36.540883000000001,0.0014660000000000001,0,0,0.026190999999999999,38.553735000000003,1,BELOW_TRIGGER,NORMAL_UPDATE,DISABLED_NOT_IMPLEMENTED,0,NOT_REQUESTED
UNONLOCAL_ONLY,1789,0.18682799999999999,24.195854000000001,0.001397,0,0,0.027937,26.208009000000001,1,BELOW_TRIGGER,NORMAL_UPDATE,DISABLED_NOT_IMPLEMENTED,0,NOT_REQUESTED
UNONLOCAL_ONLY,1790,0.206733,23.883379999999999,0.001467,0,0,0.025212999999999999,25.933388000000001,1,BELOW_TRIGGER,NORMAL_UPDATE,DISABLED_NOT_IMPLEMENTED,0,NOT_REQUESTED
UNONLOCAL_ONLY,1791,0.196606,41.710183999999998,0.00090799999999999995,0,0,0.027866999999999999,43.79665,1,BELOW_TRIGGER,NORMAL_UPDATE,DISABLED_NOT_IMPLEMENTED,0,NOT_REQUESTED
UNONLOCAL_ONLY,1792,0.196606,31.757251,0.001467,0,0,0.029124000000000001,33.782953999999997,1,BELOW_TRIGGER,NORMAL_UPDATE,DISABLED_NOT_IMPLEMENTED,0,NOT_REQUESTED
UNONLOCAL_ONLY,1793,0.19513900000000001,26.433738000000002,0.001397,0,0,0.025073000000000002,28.444704999999999,1,BELOW_TRIGGER,NORMAL_UPDATE,DISABLED_NOT_IMPLEMENTED,0,NOT_REQUESTED
UNONLOCAL_ONLY,1794,0.197514,26.52139,0.0014660000000000001,0,0,0.033943000000000001,28.560154000000001,1,BELOW_TRIGGER,NORMAL_UPDATE,DISABLED_NOT_IMPLEMENTED,0,NOT_REQUESTED
UNONLOCAL_ONLY,1795,0.19988900000000001,31.599477,0.000977,0,0,0.036178000000000002,33.715555999999999,1,BELOW_TRIGGER,NORMAL_UPDATE,DISABLED_NOT_IMPLEMENTED,0,NOT_REQUESTED
UNONLOCAL_ONLY,1796,0.20533599999999999,36.524330999999997,0.0013960000000000001,0,0,0.025212999999999999,38.541094000000001,1,BELOW_TRIGGER,NORMAL_UPDATE,DISABLED_NOT_IMPLEMENTED,0,NOT_REQUESTED
UNONLOCAL_ONLY,1797,0.19506999999999999,29.096961,0.001397,0,0,0.028146999999999998,31.12434,1,BELOW_TRIGGER,NORMAL_UPDATE,DISABLED_NOT_IMPLEMENTED,0,NOT_REQUESTED
UNONLOCAL_ONLY,1798,0.197793,38.862648,0.000977,0,0,0.025283,40.843232999999998,1,BELOW_TRIGGER,NORMAL_UPDATE,DISABLED_NOT_IMPLEMENTED,0,NOT_REQUESTED
UNONLOCAL_ONLY,1799,0.193882,36.572800999999998,0.000977,0,0,0.025353000000000001,38.567005000000002,1,BELOW_TRIGGER,NORMAL_UPDATE,DISABLED_NOT_IMPLEMENTED,0,NOT_REQUESTED
UNONLOCAL_ONLY,1800,0.19583800000000001,31.713809000000001,0.001397,0,65.407084999999995,0.028566000000000001,99.193879999999993,3,PERIODIC_CHECK,DIRECTIONAL_UPDATE,DISABLED_NOT_IMPLEMENTED,0,NOT_REQUESTED
UNONLOCAL_ONLY,1801,0.20638300000000001,36.892538999999999,0.00090799999999999995,0,0,0.031918000000000002,38.948692999999999,1,BELOW_TRIGGER,NORMAL_UPDATE,DISABLED_NOT_IMPLEMENTED,0,NOT_REQUESTED
UNONLOCAL_ONLY,1802,0.19464999999999999,46.660739,0.001397,0,0,0.029613,48.659064999999998,1,BELOW_TRIGGER,NORMAL_UPDATE,DISABLED_NOT_IMPLEMENTED,0,NOT_REQUESTED
UNONLOCAL_ONLY,1803,0.198072,59.523367999999998,0.001467,0,0,0.028146000000000001,61.507446000000002,1,BELOW_TRIGGER,NORMAL_UPDATE,DISABLED_NOT_IMPLEMENTED,0,NOT_REQUESTED
UNONLOCAL_ONLY,1804,0.196746,41.704807000000002,0.0013960000000000001,0,0,0.026190999999999999,43.691327000000001,1,BELOW_TRIGGER,NORMAL_UPDATE,DISABLED_NOT_IMPLEMENTED,0,NOT_REQUESTED
UNONLOCAL_ONLY,1805,0.195628,31.623224,0.001397,0,0,0.025212999999999999,33.619312999999998,1,BELOW_TRIGGER,NORMAL_UPDATE,DISABLED_NOT_IMPLEMENTED,0,NOT_REQUESTED
UNONLOCAL_ONLY,1806,0.19569700000000001,26.881985,0.000977,0,0,0.024653999999999999,28.874513,1,BELOW_TRIGGER,NORMAL_UPDATE,DISABLED_NOT_IMPLEMENTED,0,NOT_REQUESTED
UNONLOCAL_ONLY,1807,0.20708199999999999,39.291058999999997,0.0013960000000000001,0,0,0.030102,41.286731000000003,1,BELOW_TRIGGER,NORMAL_UPDATE,DISABLED_NOT_IMPLEMENTED,0,NOT_REQUESTED
UNONLOCAL_ONLY,1808,0.19513900000000001,26.819267,0.0014660000000000001,0,0,0.026679000000000001,28.766677000000001,1,BELOW_TRIGGER,NORMAL_UPDATE,DISABLED_NOT_IMPLEMENTED,0,NOT_REQUESTED
UNONLOCAL_ONLY,1809,0.19639699999999999,26.600242000000001,0.0014660000000000001,0,0,0.026190999999999999,28.625875000000001,1,BELOW_TRIGGER,NORMAL_UPDATE,DISABLED_NOT_IMPLEMENTED,0,NOT_REQUESTED
UNONLOCAL_ONLY,1810,0.19730400000000001,19.191310000000001,0.001397,0,0,0.025212999999999999,21.267859000000001,1,BELOW_TRIGGER,NORMAL_UPDATE,DISABLED_NOT_IMPLEMENTED,0,NOT_REQUESTED
UNONLOCAL_ONLY,1811,0.18703800000000001,25.520132,0.00097799999999999992,0,0,0.047003999999999997,27.668268000000001,1,BELOW_TRIGGER,NORMAL_UPDATE,DISABLED_NOT_IMPLEMENTED,0,NOT_REQUESTED
UNONLOCAL_ONLY,1812,0.2082,24.642983999999998,0.001467,0,0,0.026679999999999999,26.766884999999998,1,BELOW_TRIGGER,NORMAL_UPDATE,DISABLED_NOT_IMPLEMENTED,0,NOT_REQUESTED
UNONLOCAL_ONLY,1813,0.207012,34.512315999999998,0.00090799999999999995,0,0,0.025772,36.616522000000003,1,BELOW_TRIGGER,NORMAL_UPDATE,DISABLED_NOT_IMPLEMENTED,0,NOT_REQUESTED
UNONLOCAL_ONLY,1814,0.19513900000000001,29.651786999999999,0.00090799999999999995,0,0,0.025842,31.754038000000001,1,BELOW_TRIGGER,NORMAL_UPDATE,DISABLED_NOT_IMPLEMENTED,0,NOT_REQUESTED
UNONLOCAL_ONLY,1815,0.19409100000000001,37.518115000000002,0.001397,0,0,0.025352,39.690626999999999,1,BELOW_TRIGGER,NORMAL_UPDATE,DISABLED_NOT_IMPLEMENTED,0,NOT_REQUESTED
UNONLOCAL_ONLY,1816,0.19541900000000001,29.567418,0.001397,0,0,0.024375000000000001,31.763536999999999,1,BELOW_TRIGGER,NORMAL_UPDATE,DISABLED_NOT_IMPLEMENTED,0,NOT_REQUESTED
UNONLOCAL_ONLY,1817,0.20421800000000001,24.603242999999999,0.00097799999999999992,0,0,0.030521,26.802434999999999,1,BELOW_TRIGGER,NORMAL_UPDATE,DISABLED_NOT_IMPLEMENTED,0,NOT_REQUESTED
UNONLOCAL_ONLY,1818,0.19814300000000001,24.940372,0.00097799999999999992,0,0,0.029614000000000001,27.093398000000001,1,BELOW_TRIGGER,NORMAL_UPDATE,DISABLED_NOT_IMPLEMENTED,0,NOT_REQUESTED
UNONLOCAL_ONLY,1819,0.204148,38.200822000000002,0.00097799999999999992,0,0,0.026749999999999999,40.415728000000001,1,BELOW_TRIGGER,NORMAL_UPDATE,DISABLED_NOT_IMPLEMENTED,0,NOT_REQUESTED
UNONLOCAL_ONLY,1820,0.196466,27.046185000000001,0.001397,0,0,0.025492999999999998,29.172809999999998,1,BELOW_TRIGGER,NORMAL_UPDATE,DISABLED_NOT_IMPLEMENTED,0,NOT_REQUESTED
UNONLOCAL_ONLY,1821,0.195628,24.249354,0.0013960000000000001,0,0,0.041974999999999998,26.510494999999999,1,BELOW_TRIGGER,NORMAL_UPDATE,DISABLED_NOT_IMPLEMENTED,0,NOT_REQUESTED
UNONLOCAL_ONLY,1822,0.20575499999999999,24.092487999999999,0.001467,0,0,0.025212999999999999,26.202071,1,BELOW_TRIGGER,NORMAL_UPDATE,DISABLED_NOT_IMPLEMENTED,0,NOT_REQUESTED
UNONLOCAL_ONLY,1823,0.194581,27.980813000000001,0.001467,0,0,0.025212999999999999,30.112677000000001,1,BELOW_TRIGGER,NORMAL_UPDATE,DISABLED_NOT_IMPLEMENTED,0,NOT_REQUESTED
UNONLOCAL_ONLY,1824,0.18501200000000001,21.608688999999998,0.001397,0,0,0.024445000000000001,23.568740999999999,1,BELOW_TRIGGER,NORMAL_UPDATE,DISABLED_NOT_IMPLEMENTED,0,NOT_REQUESTED
UNONLOCAL_ONLY,1825,0.20680200000000001,19.293559999999999,0.001397,0,46.018329999999999,0.037644999999999998,67.464916000000002,3,PERIODIC_CHECK,DIRECTIONAL_UPDATE,DISABLED_NOT_IMPLEMENTED,0,NOT_REQUESTED
UNONLOCAL_ONLY,1826,0.200656,46.379275,0.0018860000000000001,0,0,0.028076,48.515399000000002,1,BELOW_TRIGGER,NORMAL_UPDATE,DISABLED_NOT_IMPLEMENTED,0,NOT_REQUESTED
UNONLOCAL_ONLY,1827,0.19939899999999999,30.591514,0.001397,0,0,0.027657999999999999,32.703541999999999,1,BELOW_TRIGGER,NORMAL_UPDATE,DISABLED_NOT_IMPLEMENTED,0,NOT_REQUESTED
UNONLOCAL_ONLY,1828,0.19891,24.420466000000001,0.001467,0,0,0.024794,26.504906999999999,1,BELOW_TRIGGER,NORMAL_UPDATE,DISABLED_NOT_IMPLEMENTED,0,NOT_REQUESTED
UNONLOCAL_ONLY,1829,0.20757100000000001,34.678190999999998,0.0014660000000000001,0,0,0.026609000000000001,36.728757999999999,1,BELOW_TRIGGER,NORMAL_UPDATE,DISABLED_NOT_IMPLEMENTED,0,NOT_REQUESTED
UNONLOCAL_ONLY,1830,0.19870099999999999,22.249282000000001,0.00097799999999999992,0,0,0.024095999999999999,24.293983000000001,1,BELOW_TRIGGER,NORMAL_UPDATE,DISABLED_NOT_IMPLEMENTED,0,NOT_REQUESTED
UNONLOCAL_ONLY,1831,0.208479,21.917811,0.00097799999999999992,0,0,0.025352,23.994917999999998,1,BELOW_TRIGGER,NORMAL_UPDATE,DISABLED_NOT_IMPLEMENTED,0,NOT_REQUESTED
UNONLOCAL_ONLY,1832,0.19702500000000001,33.426828999999998,0.001397,0,0,0.026748999999999998,35.471459000000003,1,BELOW_TRIGGER,NORMAL_UPDATE,DISABLED_NOT_IMPLEMENTED,0,NOT_REQUESTED
UNONLOCAL_ONLY,1833,0.204568,29.421378000000001,0.001467,0,0,0.025772,31.498695000000001,1,BELOW_TRIGGER,NORMAL_UPDATE,DISABLED_NOT_IMPLEMENTED,0,NOT_REQUESTED
UNONLOCAL_ONLY,1834,0.21315799999999999,24.497363,0.0013960000000000001,0,0,0.029543,26.603943999999998,1,BELOW_TRIGGER,NORMAL_UPDATE,DISABLED_NOT_IMPLEMENTED,0,NOT_REQUESTED
UNONLOCAL_ONLY,1835,0.20114599999999999,29.390089,0.0014660000000000001,0,0,0.032336999999999998,31.457557000000001,1,BELOW_TRIGGER,NORMAL_UPDATE,DISABLED_NOT_IMPLEMENTED,0,NOT_REQUESTED
UNONLOCAL_ONLY,1836,0.198632,33.833100000000002,0.00097799999999999992,0,0,0.027657999999999999,35.853076999999999,1,BELOW_TRIGGER,NORMAL_UPDATE,DISABLED_NOT_IMPLEMENTED,0,NOT_REQUESTED
UNONLOCAL_ONLY,1837,0.24151500000000001,31.768215999999999,0.00097799999999999992,0,0,0.025492000000000001,33.965172000000003,1,BELOW_TRIGGER,NORMAL_UPDATE,DISABLED_NOT_IMPLEMENTED,0,NOT_REQUESTED
UNONLOCAL_ONLY,1838,0.20777999999999999,36.325558999999998,0.001397,0,0,0.028146000000000001,38.364952000000002,1,BELOW_TRIGGER,NORMAL_UPDATE,DISABLED_NOT_IMPLEMENTED,0,NOT_REQUESTED
UNONLOCAL_ONLY,1839,0.20834,36.847349999999999,0.001397,0,0,0.029472999999999999,39.088586999999997,1,BELOW_TRIGGER,NORMAL_UPDATE,DISABLED_NOT_IMPLEMENTED,0,NOT_REQUESTED
UNONLOCAL_ONLY,1840,0.209457,31.329118000000001,0.00097799999999999992,0,0,0.030102,33.588095000000003,1,BELOW_TRIGGER,NORMAL_UPDATE,DISABLED_NOT_IMPLEMENTED,0,NOT_REQUESTED
UNONLOCAL_ONLY,1841,0.20896799999999999,23.678184000000002,0.00097799999999999992,0,0,0.029543,25.903984999999999,1,BELOW_TRIGGER,NORMAL_UPDATE,DISABLED_NOT_IMPLEMENTED,0,NOT_REQUESTED
UNONLOCAL_ONLY,1842,0.21965299999999999,26.333445000000001,0.0013960000000000001,0,0,0.058597000000000003,28.645849999999999,1,BELOW_TRIGGER,NORMAL_UPDATE,DISABLED_NOT_IMPLEMENTED,0,NOT_REQUESTED
UNONLOCAL_ONLY,1843,0.21099300000000001,25.513356999999999,0.00097799999999999992,0,0,0.029544000000000001,27.781763000000002,1,BELOW_TRIGGER,NORMAL_UPDATE,DISABLED_NOT_IMPLEMENTED,0,NOT_REQUESTED
UNONLOCAL_ONLY,1844,0.202542,31.626505999999999,0.001397,0,0,0.028635000000000001,33.779462000000002,1,BELOW_TRIGGER,NORMAL_UPDATE,DISABLED_NOT_IMPLEMENTED,0,NOT_REQUESTED
UNONLOCAL_ONLY,1845,0.20882800000000001,36.972786999999997,0.001397,0,0,0.028007000000000001,39.189298999999998,1,BELOW_TRIGGER,NORMAL_UPDATE,DISABLED_NOT_IMPLEMENTED,0,NOT_REQUESTED
UNONLOCAL_ONLY,1846,0.20896799999999999,28.755852000000001,0.001467,0,0,0.028077000000000001,30.962236999999998,1,BELOW_TRIGGER,NORMAL_UPDATE,DISABLED_NOT_IMPLEMENTED,0,NOT_REQUESTED
UNONLOCAL_ONLY,1847,0.20812900000000001,26.270586999999999,0.0013270000000000001,0,0,0.029543,28.447987000000001,1,BELOW_TRIGGER,NORMAL_UPDATE,DISABLED_NOT_IMPLEMENTED,0,NOT_REQUESTED
UNONLOCAL_ONLY,1848,0.21707000000000001,29.031379000000001,0.00097799999999999992,0,0,0.031009999999999999,31.200258999999999,1,BELOW_TRIGGER,NORMAL_UPDATE,DISABLED_NOT_IMPLEMENTED,0,NOT_REQUESTED
UNONLOCAL_ONLY,1849,0.209596,26.092559000000001,0.0019550000000000001,0,0,0.030591,28.366482000000001,1,BELOW_TRIGGER,NORMAL_UPDATE,DISABLED_NOT_IMPLEMENTED,0,NOT_REQUESTED
UNONLOCAL_ONLY,1850,0.20666300000000001,28.774640000000002,0.001397,0,57.730938000000002,0.030521,88.834395999999998,3,PERIODIC_CHECK,DIRECTIONAL_UPDATE,DISABLED_NOT_IMPLEMENTED,0,NOT_REQUESTED
UNONLOCAL_ONLY,1851,0.20121600000000001,20.261572999999999,0.0018860000000000001,0,0,0.035829,22.474802,1,BELOW_TRIGGER,NORMAL_UPDATE,DISABLED_NOT_IMPLEMENTED,0,NOT_REQUESTED
UNONLOCAL_ONLY,1852,0.21630199999999999,37.836176999999999,0.00097799999999999992,0,0,0.027657999999999999,40.040326999999998,1,BELOW_TRIGGER,NORMAL_UPDATE,DISABLED_NOT_IMPLEMENTED,0,NOT_REQUESTED
UNONLOCAL_ONLY,1853,0.20100599999999999,47.535930999999998,0.000977,0,0,0.029124000000000001,49.633642999999999,1,BELOW_TRIGGER,NORMAL_UPDATE,DISABLED_NOT_IMPLEMENTED,0,NOT_REQUESTED
UNONLOCAL_ONLY,1854,0.219863,25.76465,0.001397,0,0,0.029055000000000001,27.900006000000001,1,BELOW_TRIGGER,NORMAL_UPDATE,DISABLED_NOT_IMPLEMENTED,0,NOT_REQUESTED
UNONLOCAL_ONLY,1855,0.208898,31.065183999999999,0.001467,0,0,0.027657999999999999,33.231340000000003,1,BELOW_TRIGGER,NORMAL_UPDATE,DISABLED_NOT_IMPLEMENTED,0,NOT_REQUESTED
UNONLOCAL_ONLY,1856,0.19681499999999999,36.800277000000001,0.001467,0,0,0.036666999999999998,38.994509000000001,1,BELOW_TRIGGER,NORMAL_UPDATE,DISABLED_NOT_IMPLEMENTED,0,NOT_REQUESTED
UNONLOCAL_ONLY,1857,0.225241,39.103534000000003,0.00097799999999999992,0,0,0.027168000000000001,41.192234999999997,1,BELOW_TRIGGER,NORMAL_UPDATE,DISABLED_NOT_IMPLEMENTED,0,NOT_REQUESTED
UNONLOCAL_ONLY,1858,0.204428,25.748097999999999,0.00097799999999999992,0,0,0.026401000000000001,27.809698999999998,1,BELOW_TRIGGER,NORMAL_UPDATE,DISABLED_NOT_IMPLEMENTED,0,NOT_REQUESTED
UNONLOCAL_ONLY,1859,0.207012,36.736511,0.001397,0,0,0.028635000000000001,38.832894000000003,1,BELOW_TRIGGER,NORMAL_UPDATE,DISABLED_NOT_IMPLEMENTED,0,NOT_REQUESTED
UNONLOCAL_ONLY,1860,0.21707000000000001,36.708364000000003,0.00097799999999999992,0,0,0.027588000000000001,38.833801999999999,1,BELOW_TRIGGER,NORMAL_UPDATE,DISABLED_NOT_IMPLEMENTED,0,NOT_REQUESTED
UNONLOCAL_ONLY,1861,0.20785000000000001,15.132291,0.00097799999999999992,0,0,0.025352,17.210307,1,BELOW_TRIGGER,NORMAL_UPDATE,DISABLED_NOT_IMPLEMENTED,0,NOT_REQUESTED
UNONLOCAL_ONLY,1862,0.206733,28.278829999999999,0.00090799999999999995,0,0,0.027727000000000002,30.358101999999999,1,BELOW_TRIGGER,NORMAL_UPDATE,DISABLED_NOT_IMPLEMENTED,0,NOT_REQUESTED
UNONLOCAL_ONLY,1863,0.20491699999999999,38.557716999999997,0.001397,0,0,0.027727000000000002,40.737212,1,BELOW_TRIGGER,NORMAL_UPDATE,DISABLED_NOT_IMPLEMENTED,0,NOT_REQUESTED
UNONLOCAL_ONLY,1864,0.206175,20.692081000000002,0.0014660000000000001,0,0,0.026679999999999999,22.828133999999999,1,BELOW_TRIGGER,NORMAL_UPDATE,DISABLED_NOT_IMPLEMENTED,0,NOT_REQUESTED
UNONLOCAL_ONLY,1865,0.21602199999999999,17.855159,0.00097799999999999992,0,0,0.026331,19.997429,1,BELOW_TRIGGER,NORMAL_UPDATE,DISABLED_NOT_IMPLEMENTED,0,NOT_REQUESTED
UNONLOCAL_ONLY,1866,0.20882800000000001,26.319755000000001,0.0014660000000000001,0,0,0.026679000000000001,28.561411,1,BELOW_TRIGGER,NORMAL_UPDATE,DISABLED_NOT_IMPLEMENTED,0,NOT_REQUESTED
UNONLOCAL_ONLY,1867,0.20854900000000001,21.326806000000001,0.001467,0,0,0.025842,23.469494999999998,1,BELOW_TRIGGER,NORMAL_UPDATE,DISABLED_NOT_IMPLEMENTED,0,NOT_REQUESTED
UNONLOCAL_ONLY,1868,0.20317099999999999,56.047462000000003,0.001467,0,0,0.028146999999999998,58.163820000000001,1,BELOW_TRIGGER,NORMAL_UPDATE,DISABLED_NOT_IMPLEMENTED,0,NOT_REQUESTED
UNONLOCAL_ONLY,1869,0.20652300000000001,23.30341,0.00097799999999999992,0,0,0.031219,25.473198,1,BELOW_TRIGGER,NORMAL_UPDATE,DISABLED_NOT_IMPLEMENTED,0,NOT_REQUESTED
UNONLOCAL_ONLY,1870,0.23369200000000001,51.185606,0.001397,0,0,0.028146999999999998,53.390036000000002,1,BELOW_TRIGGER,NORMAL_UPDATE,DISABLED_NOT_IMPLEMENTED,0,NOT_REQUESTED
UNONLOCAL_ONLY,1871,0.21790799999999999,39.816341999999999,0.001397,0,0,0.029543,42.010226000000003,1,BELOW_TRIGGER,NORMAL_UPDATE,DISABLED_NOT_IMPLEMENTED,0,NOT_REQUESTED
UNONLOCAL_ONLY,1872,0.208619,35.201099999999997,0.00097799999999999992,0,0,0.026679999999999999,37.379128999999999,1,BELOW_TRIGGER,NORMAL_UPDATE,DISABLED_NOT_IMPLEMENTED,0,NOT_REQUESTED
UNONLOCAL_ONLY,1873,0.190111,23.497502000000001,0.001397,0,0,0.026190999999999999,25.443446000000002,1,BELOW_TRIGGER,NORMAL_UPDATE,DISABLED_NOT_IMPLEMENTED,0,NOT_REQUESTED
UNONLOCAL_ONLY,1874,0.19367200000000001,27.044716999999999,0.00090799999999999995,0,0,0.025283,29.047722,1,BELOW_TRIGGER,NORMAL_UPDATE,DISABLED_NOT_IMPLEMENTED,0,NOT_REQUESTED
UNONLOCAL_ONLY,1875,0.19639699999999999,24.448124,0.00090700000000000004,0,48.961061999999998,0.029125000000000002,75.541329000000005,3,PERIODIC_CHECK,DIRECTIONAL_UPDATE,DISABLED_NOT_IMPLEMENTED,0,NOT_REQUESTED
UNONLOCAL_ONLY,1876,0.19932900000000001,45.255513999999998,0.0013960000000000001,0,0,0.030521,47.437105000000003,1,BELOW_TRIGGER,NORMAL_UPDATE,DISABLED_NOT_IMPLEMENTED,0,NOT_REQUESTED
UNONLOCAL_ONLY,1877,0.20896799999999999,45.329756000000003,0.0014660000000000001,0,0,0.026889,47.425232000000001,1,BELOW_TRIGGER,NORMAL_UPDATE,DISABLED_NOT_IMPLEMENTED,0,NOT_REQUESTED
UNONLOCAL_ONLY,1878,0.19814300000000001,11.868007,0.001467,0,0,0.028076,13.952446999999999,1,BELOW_TRIGGER,NORMAL_UPDATE,DISABLED_NOT_IMPLEMENTED,0,NOT_REQUESTED
UNONLOCAL_ONLY,1879,0.20058699999999999,32.567351000000002,0.0018860000000000001,0,0,0.024864000000000001,34.635657999999999,1,BELOW_TRIGGER,NORMAL_UPDATE,DISABLED_NOT_IMPLEMENTED,0,NOT_REQUESTED
UNONLOCAL_ONLY,1880,0.198072,37.680638000000002,0.0014660000000000001,0,0,0.027168000000000001,39.778906999999997,1,BELOW_TRIGGER,NORMAL_UPDATE,DISABLED_NOT_IMPLEMENTED,0,NOT_REQUESTED
UNONLOCAL_ONLY,1881,0.19702500000000001,42.415520999999998,0.00097799999999999992,0,0,0.027588000000000001,44.619391,1,BELOW_TRIGGER,NORMAL_UPDATE,DISABLED_NOT_IMPLEMENTED,0,NOT_REQUESTED
UNONLOCAL_ONLY,1882,0.19688600000000001,50.589922000000001,0.001397,0,0,0.027727000000000002,52.675618999999998,1,BELOW_TRIGGER,NORMAL_UPDATE,DISABLED_NOT_IMPLEMENTED,0,NOT_REQUESTED
UNONLOCAL_ONLY,1883,0.198073,32.445684999999997,0.001467,0,0,0.027657999999999999,34.569727,1,BELOW_TRIGGER,NORMAL_UPDATE,DISABLED_NOT_IMPLEMENTED,0,NOT_REQUESTED
UNONLOCAL_ONLY,1884,0.198771,34.954346999999999,0.00097799999999999992,0,0,0.035340000000000003,37.088655000000003,1,BELOW_TRIGGER,NORMAL_UPDATE,DISABLED_NOT_IMPLEMENTED,0,NOT_REQUESTED
UNONLOCAL_ONLY,1885,0.198212,40.151515000000003,0.001467,0,0,0.027168000000000001,42.243358999999998,1,BELOW_TRIGGER,NORMAL_UPDATE,DISABLED_NOT_IMPLEMENTED,0,NOT_REQUESTED
UNONLOCAL_ONLY,1886,0.198212,43.027129000000002,0.0013960000000000001,0,0,0.026610000000000002,45.132731999999997,1,BELOW_TRIGGER,NORMAL_UPDATE,DISABLED_NOT_IMPLEMENTED,0,NOT_REQUESTED
UNONLOCAL_ONLY,1887,0.200097,24.588087999999999,0.00090799999999999995,0,0,0.024305,26.688732000000002,1,BELOW_TRIGGER,NORMAL_UPDATE,DISABLED_NOT_IMPLEMENTED,0,NOT_REQUESTED
UNONLOCAL_ONLY,1888,0.19702500000000001,42.693981000000001,0.001467,0,0,0.024305,44.742243999999999,1,BELOW_TRIGGER,NORMAL_UPDATE,DISABLED_NOT_IMPLEMENTED,0,NOT_REQUESTED
UNONLOCAL_ONLY,1889,0.20568600000000001,52.023713000000001,0.00090799999999999995,0,104.56907699999999,0.039461000000000003,158.65110799999999,3,HIGH_NORMALIZED_INNOVATION,DIRECTIONAL_UPDATE,DISABLED_NOT_IMPLEMENTED,0,NOT_REQUESTED
UNONLOCAL_ONLY,1890,0.19953899999999999,55.507651000000003,0.00097799999999999992,0,0,0.027657999999999999,57.536917000000003,1,BELOW_TRIGGER,NORMAL_UPDATE,DISABLED_NOT_IMPLEMENTED,0,NOT_REQUESTED
UNONLOCAL_ONLY,1891,0.20044799999999999,40.475234,0.0019559999999999998,0,0,0.031918000000000002,42.573154000000002,1,BELOW_TRIGGER,NORMAL_UPDATE,DISABLED_NOT_IMPLEMENTED,0,NOT_REQUESTED
UNONLOCAL_ONLY,1892,0.20142499999999999,42.525452000000001,0.00097799999999999992,0,0,0.026610000000000002,44.533555,1,BELOW_TRIGGER,NORMAL_UPDATE,DISABLED_NOT_IMPLEMENTED,0,NOT_REQUESTED
UNONLOCAL_ONLY,1893,0.19933000000000001,42.791620000000002,0.0014660000000000001,0,0,0.025842,44.812645000000003,1,BELOW_TRIGGER,NORMAL_UPDATE,DISABLED_NOT_IMPLEMENTED,0,NOT_REQUESTED
UNONLOCAL_ONLY,1894,0.19939899999999999,40.020142,0.0014660000000000001,0,0,0.024375000000000001,41.999470000000002,1,BELOW_TRIGGER,NORMAL_UPDATE,DISABLED_NOT_IMPLEMENTED,0,NOT_REQUESTED
UNONLOCAL_ONLY,1895,0.21490500000000001,14.305429999999999,0.001397,0,0,0.023397000000000001,16.290765,1,BELOW_TRIGGER,NORMAL_UPDATE,DISABLED_NOT_IMPLEMENTED,0,NOT_REQUESTED
UNONLOCAL_ONLY,1896,0.19751299999999999,34.443660999999999,0.00090799999999999995,0,0,0.026120999999999998,36.454977,1,BELOW_TRIGGER,NORMAL_UPDATE,DISABLED_NOT_IMPLEMENTED,0,NOT_REQUESTED
UNONLOCAL_ONLY,1897,0.200657,49.598301999999997,0.00090799999999999995,0,0,0.026748999999999998,51.594532000000001,1,BELOW_TRIGGER,NORMAL_UPDATE,DISABLED_NOT_IMPLEMENTED,0,NOT_REQUESTED
UNONLOCAL_ONLY,1898,0.19842199999999999,19.599748000000002,0.00090799999999999995,0,0,0.028216999999999999,21.576630999999999,1,BELOW_TRIGGER,NORMAL_UPDATE,DISABLED_NOT_IMPLEMENTED,0,NOT_REQUESTED
UNONLOCAL_ONLY,1899,0.198492,32.238464,0.001885,0,0,0.024164999999999999,34.234344,1,BELOW_TRIGGER,NORMAL_UPDATE,DISABLED_NOT_IMPLEMENTED,0,NOT_REQUESTED
UNONLOCAL_ONLY,1900,0.207152,21.495823999999999,0.00090799999999999995,0,50.135458999999997,0.027099000000000002,73.648674999999997,3,PERIODIC_CHECK,DIRECTIONAL_UPDATE,DISABLED_NOT_IMPLEMENTED,0,NOT_REQUESTED
UNONLOCAL_ONLY,1901,0.20086599999999999,27.558547000000001,0.001397,0,0,0.028146999999999998,29.559176999999998,1,BELOW_TRIGGER,NORMAL_UPDATE,DISABLED_NOT_IMPLEMENTED,0,NOT_REQUESTED
UNONLOCAL_ONLY,1902,0.19513900000000001,37.849237000000002,0.001397,0,0,0.029613,39.797066000000001,1,BELOW_TRIGGER,NORMAL_UPDATE,DISABLED_NOT_IMPLEMENTED,0,NOT_REQUESTED
UNONLOCAL_ONLY,1903,0.20191400000000001,35.882410999999998,0.0013960000000000001,0,0,0.026259999999999999,37.873750999999999,1,BELOW_TRIGGER,NORMAL_UPDATE,DISABLED_NOT_IMPLEMENTED,0,NOT_REQUESTED
UNONLOCAL_ONLY,1904,0.20016800000000001,28.651229000000001,0.001397,0,0,0.024235,30.545279000000001,1,BELOW_TRIGGER,NORMAL_UPDATE,DISABLED_NOT_IMPLEMENTED,0,NOT_REQUESTED
UNONLOCAL_ONLY,1905,0.198212,58.167033000000004,0.001397,0,0,0.028216000000000001,60.101731000000001,1,BELOW_TRIGGER,NORMAL_UPDATE,DISABLED_NOT_IMPLEMENTED,0,NOT_REQUESTED
UNONLOCAL_ONLY,1906,0.20791999999999999,21.374019000000001,0.001397,0,0,0.024794,23.38345,1,BELOW_TRIGGER,NORMAL_UPDATE,DISABLED_NOT_IMPLEMENTED,0,NOT_REQUESTED
UNONLOCAL_ONLY,1907,0.19925999999999999,29.103317000000001,0.001467,0,0,0.025073999999999999,31.015875999999999,1,BELOW_TRIGGER,NORMAL_UPDATE,DISABLED_NOT_IMPLEMENTED,0,NOT_REQUESTED
UNONLOCAL_ONLY,1908,0.197793,47.479289000000001,0.001397,0,0,0.036877,49.354134000000002,1,BELOW_TRIGGER,NORMAL_UPDATE,DISABLED_NOT_IMPLEMENTED,0,NOT_REQUESTED
UNONLOCAL_ONLY,1909,0.200377,32.757250999999997,0.000977,0,0,0.027727000000000002,34.666387999999998,1,BELOW_TRIGGER,NORMAL_UPDATE,DISABLED_NOT_IMPLEMENTED,0,NOT_REQUESTED
UNONLOCAL_ONLY,1910,0.19772300000000001,32.718418999999997,0.001467,0,0,0.026679999999999999,34.598502000000003,1,BELOW_TRIGGER,NORMAL_UPDATE,DISABLED_NOT_IMPLEMENTED,0,NOT_REQUESTED
UNONLOCAL_ONLY,1911,0.19939999999999999,24.250122000000001,0.001467,0,0,0.025770999999999999,26.142634999999999,1,BELOW_TRIGGER,NORMAL_UPDATE,DISABLED_NOT_IMPLEMENTED,0,NOT_REQUESTED
UNONLOCAL_ONLY,1912,0.20652400000000001,29.102198999999999,0.001397,0,0,0.027588000000000001,31.028936000000002,1,BELOW_TRIGGER,NORMAL_UPDATE,DISABLED_NOT_IMPLEMENTED,0,NOT_REQUESTED
UNONLOCAL_ONLY,1913,0.19939999999999999,41.595992000000003,0.001397,0,0,0.025353000000000001,43.494653,1,BELOW_TRIGGER,NORMAL_UPDATE,DISABLED_NOT_IMPLEMENTED,0,NOT_REQUESTED
UNONLOCAL_ONLY,1914,0.197653,33.929482999999998,0.001467,0,0,0.025772,35.805304999999997,1,BELOW_TRIGGER,NORMAL_UPDATE,DISABLED_NOT_IMPLEMENTED,0,NOT_REQUESTED
UNONLOCAL_ONLY,1915,0.19786300000000001,51.685116999999998,0.001467,0,0,0.025212999999999999,53.550882000000001,1,BELOW_TRIGGER,NORMAL_UPDATE,DISABLED_NOT_IMPLEMENTED,0,NOT_REQUESTED
UNONLOCAL_ONLY,1916,0.19709499999999999,41.703619000000003,0.001467,0,0,0.028146999999999998,43.639505,1,BELOW_TRIGGER,NORMAL_UPDATE,DISABLED_NOT_IMPLEMENTED,0,NOT_REQUESTED
UNONLOCAL_ONLY,1917,0.20330999999999999,41.411748000000003,0.00097799999999999992,0,0,0.026679999999999999,43.344562000000003,1,BELOW_TRIGGER,NORMAL_UPDATE,DISABLED_NOT_IMPLEMENTED,0,NOT_REQUESTED
UNONLOCAL_ONLY,1918,0.209456,68.6053,0.001467,0,142.47614300000001,0.032475999999999998,213.07459900000001,3,HIGH_NORMALIZED_INNOVATION,DIRECTIONAL_UPDATE,DISABLED_NOT_IMPLEMENTED,0,NOT_REQUESTED
UNONLOCAL_ONLY,1919,0.223775,50.156410999999999,0.0013960000000000001,0,0,0.031987000000000002,52.175828000000003,1,BELOW_TRIGGER,NORMAL_UPDATE,DISABLED_NOT_IMPLEMENTED,0,NOT_REQUESTED
UNONLOCAL_ONLY,1920,0.20952699999999999,64.092865000000003,0.001467,0,0,0.032406999999999998,66.076104000000001,1,BELOW_TRIGGER,NORMAL_UPDATE,DISABLED_NOT_IMPLEMENTED,0,NOT_REQUESTED
UNONLOCAL_ONLY,1921,0.21406600000000001,66.213553000000005,0.0014660000000000001,0,0,0.030521,68.258812000000006,1,BELOW_TRIGGER,NORMAL_UPDATE,DISABLED_NOT_IMPLEMENTED,0,NOT_REQUESTED
UNONLOCAL_ONLY,1922,0.20372999999999999,47.511766000000001,0.001397,0,0,0.028844000000000002,49.515329999999999,1,BELOW_TRIGGER,NORMAL_UPDATE,DISABLED_NOT_IMPLEMENTED,0,NOT_REQUESTED
UNONLOCAL_ONLY,1923,0.200657,49.835486000000003,0.000977,0,0,0.028146000000000001,51.796795000000003,1,BELOW_TRIGGER,NORMAL_UPDATE,DISABLED_NOT_IMPLEMENTED,0,NOT_REQUESTED
UNONLOCAL_ONLY,1924,0.209596,42.039349999999999,0.001467,0,0,0.027099000000000002,43.961128000000002,1,BELOW_TRIGGER,NORMAL_UPDATE,DISABLED_NOT_IMPLEMENTED,0,NOT_REQUESTED
UNONLOCAL_ONLY,1925,0.200797,55.003529999999998,0.0014660000000000001,0,111.11936799999999,0.030521,168.09838400000001,3,PERIODIC_CHECK,DIRECTIONAL_UPDATE,DISABLED_NOT_IMPLEMENTED,0,NOT_REQUESTED
UNONLOCAL_ONLY,1926,0.20387,61.826765000000002,0.00097799999999999992,0,77.440618000000001,0.063416,141.29678699999999,3,HIGH_NORMALIZED_INNOVATION,DIRECTIONAL_UPDATE,DISABLED_NOT_IMPLEMENTED,0,NOT_REQUESTED
UNONLOCAL_ONLY,1927,0.20358999999999999,45.042285999999997,0.001467,0,0,0.027588000000000001,46.959314999999997,1,BELOW_TRIGGER,NORMAL_UPDATE,DISABLED_NOT_IMPLEMENTED,0,NOT_REQUESTED
UNONLOCAL_ONLY,1928,0.200238,50.863494000000003,0.00097799999999999992,0,0,0.030032,52.830528999999999,1,BELOW_TRIGGER,NORMAL_UPDATE,DISABLED_NOT_IMPLEMENTED,0,NOT_REQUESTED
UNONLOCAL_ONLY,1929,0.24137500000000001,53.385984999999998,0.0013960000000000001,0,108.06509800000001,0.036806999999999999,163.58608899999999,3,HIGH_NORMALIZED_INNOVATION,DIRECTIONAL_UPDATE,DISABLED_NOT_IMPLEMENTED,0,NOT_REQUESTED
UNONLOCAL_ONLY,1930,0.20666300000000001,36.395890999999999,0.00097799999999999992,0,0,0.027866999999999999,38.448833,1,BELOW_TRIGGER,NORMAL_UPDATE,DISABLED_NOT_IMPLEMENTED,0,NOT_REQUESTED
UNONLOCAL_ONLY,1931,0.18913199999999999,16.452658,0.001467,0,0,0.029124000000000001,18.344963,1,BELOW_TRIGGER,NORMAL_UPDATE,DISABLED_NOT_IMPLEMENTED,0,NOT_REQUESTED
UNONLOCAL_ONLY,1932,0.19423099999999999,43.665626000000003,0.001397,0,86.897531999999998,0.030939999999999999,132.51804100000001,3,HIGH_NORMALIZED_INNOVATION,DIRECTIONAL_UPDATE,DISABLED_NOT_IMPLEMENTED,0,NOT_REQUESTED
UNONLOCAL_ONLY,1933,0.18892300000000001,27.275335999999999,0.00097799999999999992,0,51.115972999999997,0.028424999999999999,80.162648000000004,3,HIGH_NORMALIZED_INNOVATION,DIRECTIONAL_UPDATE,DISABLED_NOT_IMPLEMENTED,0,NOT_REQUESTED
UNONLOCAL_ONLY,1934,0.19611700000000001,28.105132000000001,0.0014660000000000001,0,51.489490000000004,0.042882999999999998,81.490487999999999,3,HIGH_NORMALIZED_INNOVATION,DIRECTIONAL_UPDATE,DISABLED_NOT_IMPLEMENTED,0,NOT_REQUESTED
UNONLOCAL_ONLY,1935,0.206175,37.997371999999999,0.00090799999999999995,0,73.438379999999995,0.029124000000000001,113.29104100000001,3,HIGH_NORMALIZED_INNOVATION,DIRECTIONAL_UPDATE,DISABLED_NOT_IMPLEMENTED,0,NOT_REQUESTED
UNONLOCAL_ONLY,1936,0.203241,25.749704000000001,0.00090799999999999995,0,0,0.025772,27.513079999999999,1,BELOW_TRIGGER,NORMAL_UPDATE,DISABLED_NOT_IMPLEMENTED,0,NOT_REQUESTED
UNONLOCAL_ONLY,1937,0.19555800000000001,40.245173999999999,0.0014660000000000001,0,63.415255999999999,0.028146999999999998,105.49490400000001,3,HIGH_NORMALIZED_INNOVATION,DIRECTIONAL_UPDATE,DISABLED_NOT_IMPLEMENTED,0,NOT_REQUESTED
UNONLOCAL_ONLY,1938,0.19681599999999999,54.996336999999997,0.001467,0,110.00727000000001,0.031498999999999999,166.80686299999999,3,HIGH_NORMALIZED_INNOVATION,DIRECTIONAL_UPDATE,DISABLED_NOT_IMPLEMENTED,0,NOT_REQUESTED
UNONLOCAL_ONLY,1939,0.196186,28.444635000000002,0.001397,0,56.711312,0.053779,87.087920999999994,3,HIGH_NORMALIZED_INNOVATION,DIRECTIONAL_UPDATE,DISABLED_NOT_IMPLEMENTED,0,NOT_REQUESTED
UNONLOCAL_ONLY,1940,0.21392700000000001,24.962512,0.00097799999999999992,0,49.671357,0.029124000000000001,76.526943000000003,3,HIGH_NORMALIZED_INNOVATION,DIRECTIONAL_UPDATE,DISABLED_NOT_IMPLEMENTED,0,NOT_REQUESTED
UNONLOCAL_ONLY,1941,0.20624400000000001,19.819123000000001,0.00097799999999999992,0,53.293653999999997,0.028146999999999998,74.937263000000002,3,HIGH_NORMALIZED_INNOVATION,DIRECTIONAL_UPDATE,DISABLED_NOT_IMPLEMENTED,0,NOT_REQUESTED
UNONLOCAL_ONLY,1942,0.195768,25.893649,0.001467,0,49.271161999999997,0.029333000000000001,76.986852999999996,3,HIGH_NORMALIZED_INNOVATION,DIRECTIONAL_UPDATE,DISABLED_NOT_IMPLEMENTED,0,NOT_REQUESTED
UNONLOCAL_ONLY,1943,0.198212,20.658556000000001,0.001467,0,44.688395,0.030939999999999999,67.220607999999999,3,HIGH_NORMALIZED_INNOVATION,DIRECTIONAL_UPDATE,DISABLED_NOT_IMPLEMENTED,0,NOT_REQUESTED
UNONLOCAL_ONLY,1944,0.187666,39.663108999999999,0.001397,0,0,0.028216000000000001,41.451279,1,BELOW_TRIGGER,NORMAL_UPDATE,DISABLED_NOT_IMPLEMENTED,0,NOT_REQUESTED
UNONLOCAL_ONLY,1945,0.24088599999999999,30.243559999999999,0.001467,0,53.444512000000003,0.030102,85.752678000000003,3,HIGH_NORMALIZED_INNOVATION,DIRECTIONAL_UPDATE,DISABLED_NOT_IMPLEMENTED,0,NOT_REQUESTED
UNONLOCAL_ONLY,1946,0.20505599999999999,22.742089,0.001397,0,45.132243000000003,0.030241000000000001,69.857500999999999,3,HIGH_NORMALIZED_INNOVATION,DIRECTIONAL_UPDATE,DISABLED_NOT_IMPLEMENTED,0,NOT_REQUESTED
UNONLOCAL_ONLY,1947,0.21797800000000001,21.973334999999999,0.001397,0,43.557299999999998,0.029614000000000001,67.585882999999995,3,HIGH_NORMALIZED_INNOVATION,DIRECTIONAL_UPDATE,DISABLED_NOT_IMPLEMENTED,0,NOT_REQUESTED
UNONLOCAL_ONLY,1948,0.20840900000000001,24.939674,0.001467,0,49.578257999999998,0.030521,76.473234000000005,3,HIGH_NORMALIZED_INNOVATION,DIRECTIONAL_UPDATE,DISABLED_NOT_IMPLEMENTED,0,NOT_REQUESTED
UNONLOCAL_ONLY,1949,0.207012,24.353698000000001,0.00097799999999999992,0,46.519447999999997,0.030311000000000001,72.950742000000005,3,HIGH_NORMALIZED_INNOVATION,DIRECTIONAL_UPDATE,DISABLED_NOT_IMPLEMENTED,0,NOT_REQUESTED
UNONLOCAL_ONLY,1950,0.208898,14.541008,0.001467,0,36.403643000000002,0.028216000000000001,52.965814000000002,3,PERIODIC_CHECK,DIRECTIONAL_UPDATE,DISABLED_NOT_IMPLEMENTED,0,NOT_REQUESTED
UNONLOCAL_ONLY,1951,0.20771100000000001,15.978429999999999,0.0013960000000000001,0,0,0.025911,17.997427999999999,1,BELOW_TRIGGER,NORMAL_UPDATE,DISABLED_NOT_IMPLEMENTED,0,NOT_REQUESTED
UNONLOCAL_ONLY,1952,0.20736199999999999,38.092497000000002,0.00090799999999999995,0,0,0.027029000000000001,40.091731000000003,1,BELOW_TRIGGER,NORMAL_UPDATE,DISABLED_NOT_IMPLEMENTED,0,NOT_REQUESTED
UNONLOCAL_ONLY,1953,0.21679000000000001,16.359629000000002,0.0019550000000000001,0,36.206968000000003,0.028635000000000001,54.629384999999999,3,HIGH_NORMALIZED_INNOVATION,DIRECTIONAL_UPDATE,DISABLED_NOT_IMPLEMENTED,0,NOT_REQUESTED
UNONLOCAL_ONLY,1954,0.207431,17.211075000000001,0.001397,0,0,0.025353000000000001,19.199342999999999,1,BELOW_TRIGGER,NORMAL_UPDATE,DISABLED_NOT_IMPLEMENTED,0,NOT_REQUESTED
UNONLOCAL_ONLY,1955,0.20582500000000001,24.79552,0.001467,0,0,0.027448,26.777291000000002,1,BELOW_TRIGGER,NORMAL_UPDATE,DISABLED_NOT_IMPLEMENTED,0,NOT_REQUESTED
UNONLOCAL_ONLY,1956,0.20750199999999999,25.102965000000001,0.001397,0,0,0.036318000000000003,27.128388000000001,1,BELOW_TRIGGER,NORMAL_UPDATE,DISABLED_NOT_IMPLEMENTED,0,NOT_REQUESTED
UNONLOCAL_ONLY,1957,0.201844,26.943515999999999,0.00090799999999999995,0,0,0.025701999999999999,28.935137000000001,1,BELOW_TRIGGER,NORMAL_UPDATE,DISABLED_NOT_IMPLEMENTED,0,NOT_REQUESTED
UNONLOCAL_ONLY,1958,0.21574299999999999,25.987515999999999,0.001397,0,0,0.030032,28.012032999999999,1,BELOW_TRIGGER,NORMAL_UPDATE,DISABLED_NOT_IMPLEMENTED,0,NOT_REQUESTED
UNONLOCAL_ONLY,1959,0.20764099999999999,28.957485999999999,0.00090799999999999995,0,0,0.028496,30.981303,1,BELOW_TRIGGER,NORMAL_UPDATE,DISABLED_NOT_IMPLEMENTED,0,NOT_REQUESTED
UNONLOCAL_ONLY,1960,0.205127,23.792235999999999,0.001467,0,0,0.028285999999999999,25.841895999999998,1,BELOW_TRIGGER,NORMAL_UPDATE,DISABLED_NOT_IMPLEMENTED,0,NOT_REQUESTED
UNONLOCAL_ONLY,1961,0.208898,26.960069000000001,0.001397,0,0,0.029543,29.014896,1,BELOW_TRIGGER,NORMAL_UPDATE,DISABLED_NOT_IMPLEMENTED,0,NOT_REQUESTED
UNONLOCAL_ONLY,1962,0.20764099999999999,27.467472000000001,0.00097799999999999992,0,0,0.026749999999999999,29.491150999999999,1,BELOW_TRIGGER,NORMAL_UPDATE,DISABLED_NOT_IMPLEMENTED,0,NOT_REQUESTED
UNONLOCAL_ONLY,1963,0.20694299999999999,29.712689999999998,0.00097799999999999992,0,0,0.026610000000000002,31.686150999999999,1,BELOW_TRIGGER,NORMAL_UPDATE,DISABLED_NOT_IMPLEMENTED,0,NOT_REQUESTED
UNONLOCAL_ONLY,1964,0.21720900000000001,29.776875,0.001467,0,0,0.027657999999999999,31.805091999999998,1,BELOW_TRIGGER,NORMAL_UPDATE,DISABLED_NOT_IMPLEMENTED,0,NOT_REQUESTED
UNONLOCAL_ONLY,1965,0.206035,35.488919000000003,0.0014660000000000001,0,0,0.027866999999999999,37.438913999999997,1,BELOW_TRIGGER,NORMAL_UPDATE,DISABLED_NOT_IMPLEMENTED,0,NOT_REQUESTED
UNONLOCAL_ONLY,1966,0.27273399999999998,35.315919999999998,0.001397,0,0,0.028494999999999999,37.759838999999999,1,BELOW_TRIGGER,NORMAL_UPDATE,DISABLED_NOT_IMPLEMENTED,0,NOT_REQUESTED
UNONLOCAL_ONLY,1967,0.207013,41.275556000000002,0.001467,0,0,0.031358999999999998,43.283169999999998,1,BELOW_TRIGGER,NORMAL_UPDATE,DISABLED_NOT_IMPLEMENTED,0,NOT_REQUESTED
UNONLOCAL_ONLY,1968,0.210784,35.575592999999998,0.001467,0,0,0.026748999999999998,37.570217999999997,1,BELOW_TRIGGER,NORMAL_UPDATE,DISABLED_NOT_IMPLEMENTED,0,NOT_REQUESTED
UNONLOCAL_ONLY,1969,0.20638400000000001,32.687688999999999,0.001467,0,0,0.026749999999999999,34.648159,1,BELOW_TRIGGER,NORMAL_UPDATE,DISABLED_NOT_IMPLEMENTED,0,NOT_REQUESTED
UNONLOCAL_ONLY,1970,0.21616199999999999,41.370890000000003,0.001397,0,82.658249999999995,0.032826000000000001,126.149131,3,HIGH_NORMALIZED_INNOVATION,DIRECTIONAL_UPDATE,DISABLED_NOT_IMPLEMENTED,0,NOT_REQUESTED
UNONLOCAL_ONLY,1971,0.21288000000000001,35.735672000000001,0.001397,0,73.518838000000002,0.031918000000000002,111.29048,3,HIGH_NORMALIZED_INNOVATION,DIRECTIONAL_UPDATE,DISABLED_NOT_IMPLEMENTED,0,NOT_REQUESTED
UNONLOCAL_ONLY,1972,0.209038,38.294201999999999,0.00090799999999999995,0,77.209509999999995,0.029543,117.532419,3,HIGH_NORMALIZED_INNOVATION,DIRECTIONAL_UPDATE,DISABLED_NOT_IMPLEMENTED,0,NOT_REQUESTED
UNONLOCAL_ONLY,1973,0.19437099999999999,32.678400000000003,0.0014660000000000001,0,57.438369000000002,0.031498999999999999,92.071371999999997,3,HIGH_NORMALIZED_INNOVATION,DIRECTIONAL_UPDATE,DISABLED_NOT_IMPLEMENTED,0,NOT_REQUESTED
UNONLOCAL_ONLY,1974,0.19897999999999999,32.896517000000003,0.0013960000000000001,0,62.981046999999997,0.032965000000000001,97.786770000000004,3,HIGH_NORMALIZED_INNOVATION,DIRECTIONAL_UPDATE,DISABLED_NOT_IMPLEMENTED,0,NOT_REQUESTED
UNONLOCAL_ONLY,1975,0.19758400000000001,32.896307999999998,0.00090799999999999995,0,65.920845,0.030591,100.744377,3,HIGH_NORMALIZED_INNOVATION,DIRECTIONAL_UPDATE,DISABLED_NOT_IMPLEMENTED,0,NOT_REQUESTED
UNONLOCAL_ONLY,1976,0.20791999999999999,28.945682999999999,0.001397,0,57.573374000000001,0.029822999999999999,88.519267999999997,3,HIGH_NORMALIZED_INNOVATION,DIRECTIONAL_UPDATE,DISABLED_NOT_IMPLEMENTED,0,NOT_REQUESTED
UNONLOCAL_ONLY,1977,0.19828200000000001,32.809981999999998,0.001885,0,65.424335999999997,0.029613,100.20359000000001,3,HIGH_NORMALIZED_INNOVATION,DIRECTIONAL_UPDATE,DISABLED_NOT_IMPLEMENTED,0,NOT_REQUESTED
UNONLOCAL_ONLY,1978,0.197794,30.234551,0.0013960000000000001,0,60.477623000000001,0.032756,92.687730000000002,3,HIGH_NORMALIZED_INNOVATION,DIRECTIONAL_UPDATE,DISABLED_NOT_IMPLEMENTED,0,NOT_REQUESTED
UNONLOCAL_ONLY,1979,0.19856199999999999,30.514059,0.001467,0,65.969525000000004,0.029404,98.479463999999993,3,HIGH_NORMALIZED_INNOVATION,DIRECTIONAL_UPDATE,DISABLED_NOT_IMPLEMENTED,0,NOT_REQUESTED
UNONLOCAL_ONLY,1980,0.19919000000000001,30.615469999999998,0.00097799999999999992,0,61.048372999999998,0.029543,93.621938999999998,3,HIGH_NORMALIZED_INNOVATION,DIRECTIONAL_UPDATE,DISABLED_NOT_IMPLEMENTED,0,NOT_REQUESTED
UNONLOCAL_ONLY,1981,0.19946900000000001,30.504770000000001,0.001397,0,63.524557999999999,0.031918000000000002,96.006281999999999,3,HIGH_NORMALIZED_INNOVATION,DIRECTIONAL_UPDATE,DISABLED_NOT_IMPLEMENTED,0,NOT_REQUESTED
UNONLOCAL_ONLY,1982,0.21008499999999999,30.683147000000002,0.010267,0,58.387106000000003,0.033593999999999999,91.021016000000003,3,HIGH_NORMALIZED_INNOVATION,DIRECTIONAL_UPDATE,DISABLED_NOT_IMPLEMENTED,0,NOT_REQUESTED
UNONLOCAL_ONLY,1983,0.20366000000000001,35.821578000000002,0.001397,0,76.974072000000007,0.028985,114.72343499999999,3,HIGH_NORMALIZED_INNOVATION,DIRECTIONAL_UPDATE,DISABLED_NOT_IMPLEMENTED,0,NOT_REQUESTED
UNONLOCAL_ONLY,1984,0.198212,41.702430999999997,0.0018860000000000001,0,84.760848999999993,0.033105000000000002,128.39309,3,HIGH_NORMALIZED_INNOVATION,DIRECTIONAL_UPDATE,DISABLED_NOT_IMPLEMENTED,0,NOT_REQUESTED
UNONLOCAL_ONLY,1985,0.200238,31.083134000000001,0.001397,0,63.211036,0.032895000000000001,96.227473000000003,3,HIGH_NORMALIZED_INNOVATION,DIRECTIONAL_UPDATE,DISABLED_NOT_IMPLEMENTED,0,NOT_REQUESTED
UNONLOCAL_ONLY,1986,0.20128499999999999,32.953856999999999,0.001467,0,63.085740000000001,0.029822999999999999,98.062156999999999,3,HIGH_NORMALIZED_INNOVATION,DIRECTIONAL_UPDATE,DISABLED_NOT_IMPLEMENTED,0,NOT_REQUESTED
UNONLOCAL_ONLY,1987,0.197653,33.095218000000003,0.00097799999999999992,0,71.366791000000006,0.032475999999999998,106.418009,3,HIGH_NORMALIZED_INNOVATION,DIRECTIONAL_UPDATE,DISABLED_NOT_IMPLEMENTED,0,NOT_REQUESTED
UNONLOCAL_ONLY,1988,0.214695,30.309632000000001,0.001397,0,60.899818000000003,0.032896000000000002,93.240741,3,HIGH_NORMALIZED_INNOVATION,DIRECTIONAL_UPDATE,DISABLED_NOT_IMPLEMENTED,0,NOT_REQUESTED
UNONLOCAL_ONLY,1989,0.20149500000000001,36.152419999999999,0.0013960000000000001,0,73.401572999999999,0.029822000000000001,111.559164,3,HIGH_NORMALIZED_INNOVATION,DIRECTIONAL_UPDATE,DISABLED_NOT_IMPLEMENTED,0,NOT_REQUESTED
UNONLOCAL_ONLY,1990,0.197933,30.198581999999998,0.0013960000000000001,0,57.544949000000003,0.030939999999999999,89.750726,3,HIGH_NORMALIZED_INNOVATION,DIRECTIONAL_UPDATE,DISABLED_NOT_IMPLEMENTED,0,NOT_REQUESTED
UNONLOCAL_ONLY,1991,0.19800200000000001,38.199356000000002,0.0014660000000000001,0,73.648047000000005,0.053848,113.906909,3,HIGH_NORMALIZED_INNOVATION,DIRECTIONAL_UPDATE,DISABLED_NOT_IMPLEMENTED,0,NOT_REQUESTED
UNONLOCAL_ONLY,1992,0.20163400000000001,30.311237999999999,0.001467,0,55.112763000000001,0.027657999999999999,87.401234000000002,3,HIGH_NORMALIZED_INNOVATION,DIRECTIONAL_UPDATE,DISABLED_NOT_IMPLEMENTED,0,NOT_REQUESTED
UNONLOCAL_ONLY,1993,0.22258700000000001,30.142709,0.001467,0,60.174717000000001,0.027657000000000001,92.304017000000002,3,HIGH_NORMALIZED_INNOVATION,DIRECTIONAL_UPDATE,DISABLED_NOT_IMPLEMENTED,0,NOT_REQUESTED
UNONLOCAL_ONLY,1994,0.197514,27.905313,0.0014660000000000001,0,54.567366,0.027657999999999999,84.489093999999994,3,HIGH_NORMALIZED_INNOVATION,DIRECTIONAL_UPDATE,DISABLED_NOT_IMPLEMENTED,0,NOT_REQUESTED
UNONLOCAL_ONLY,1995,0.200936,22.110994999999999,0.001467,0,46.745038000000001,0.028636000000000002,70.852751999999995,3,HIGH_NORMALIZED_INNOVATION,DIRECTIONAL_UPDATE,DISABLED_NOT_IMPLEMENTED,0,NOT_REQUESTED
UNONLOCAL_ONLY,1996,0.198492,31.796222,0.00097799999999999992,0,0,0.028635000000000001,33.808306999999999,1,BELOW_TRIGGER,NORMAL_UPDATE,DISABLED_NOT_IMPLEMENTED,0,NOT_REQUESTED
UNONLOCAL_ONLY,1997,0.198911,24.750330999999999,0.0014660000000000001,0,0,0.028636000000000002,26.764581,1,BELOW_TRIGGER,NORMAL_UPDATE,DISABLED_NOT_IMPLEMENTED,0,NOT_REQUESTED
UNONLOCAL_ONLY,1998,0.196047,25.077123,0.0018860000000000001,0,57.696156999999999,0.028636000000000002,84.872876000000005,3,HIGH_NORMALIZED_INNOVATION,DIRECTIONAL_UPDATE,DISABLED_NOT_IMPLEMENTED,0,NOT_REQUESTED
UNONLOCAL_ONLY,1999,0.20708199999999999,25.236294000000001,0.001397,0,0,0.024305,27.257877000000001,1,BELOW_TRIGGER,NORMAL_UPDATE,DISABLED_NOT_IMPLEMENTED,0,NOT_REQUESTED
UNONLOCAL_ONLY,2000,0.19800200000000001,22.568950000000001,0.0014660000000000001,0,55.463650999999999,0.028146999999999998,80.183670000000006,3,PERIODIC_CHECK,DIRECTIONAL_UPDATE,DISABLED_NOT_IMPLEMENTED,0,NOT_REQUESTED
UNONLOCAL_ONLY,2001,0.20058699999999999,22.703396000000001,0.001467,0,0,0.028007000000000001,24.823664999999998,1,BELOW_TRIGGER,NORMAL_UPDATE,DISABLED_NOT_IMPLEMENTED,0,NOT_REQUESTED
UNONLOCAL_ONLY,2002,0.19960900000000001,17.334835999999999,0.0019550000000000001,0,0,0.026959,19.510349999999999,1,BELOW_TRIGGER,NORMAL_UPDATE,DISABLED_NOT_IMPLEMENTED,0,NOT_REQUESTED
UNONLOCAL_ONLY,2003,0.199679,22.696202,0.000977,0,0,0.029055000000000001,24.895115000000001,1,BELOW_TRIGGER,NORMAL_UPDATE,DISABLED_NOT_IMPLEMENTED,0,NOT_REQUESTED
UNONLOCAL_ONLY,2004,0.19723399999999999,17.504272,0.001397,0,0,0.024305,19.642071999999999,1,BELOW_TRIGGER,NORMAL_UPDATE,DISABLED_NOT_IMPLEMENTED,0,NOT_REQUESTED
UNONLOCAL_ONLY,2005,0.20477699999999999,25.650178,0.00090799999999999995,0,0,0.025212999999999999,27.798663999999999,1,BELOW_TRIGGER,NORMAL_UPDATE,DISABLED_NOT_IMPLEMENTED,0,NOT_REQUESTED
UNONLOCAL_ONLY,2006,0.196746,22.809626000000002,0.000977,0,0,0.023746,24.996385,1,BELOW_TRIGGER,NORMAL_UPDATE,DISABLED_NOT_IMPLEMENTED,0,NOT_REQUESTED
UNONLOCAL_ONLY,2007,0.19960900000000001,26.039128999999999,0.0018860000000000001,0,0,0.025212999999999999,28.243279000000001,1,BELOW_TRIGGER,NORMAL_UPDATE,DISABLED_NOT_IMPLEMENTED,0,NOT_REQUESTED
UNONLOCAL_ONLY,2008,0.19541800000000001,20.060497999999999,0.001467,0,0,0.024166,22.238177,1,BELOW_TRIGGER,NORMAL_UPDATE,DISABLED_NOT_IMPLEMENTED,0,NOT_REQUESTED
UNONLOCAL_ONLY,2009,0.196326,20.168123999999999,0.0018860000000000001,0,0,0.024375000000000001,22.314585000000001,1,BELOW_TRIGGER,NORMAL_UPDATE,DISABLED_NOT_IMPLEMENTED,0,NOT_REQUESTED
UNONLOCAL_ONLY,2010,0.197933,14.744039000000001,0.00097799999999999992,0,0,0.022839000000000002,16.885611000000001,1,BELOW_TRIGGER,NORMAL_UPDATE,DISABLED_NOT_IMPLEMENTED,0,NOT_REQUESTED
UNONLOCAL_ONLY,2011,0.22475200000000001,14.83197,0.00097799999999999992,0,0,0.022349999999999998,17.031371,1,BELOW_TRIGGER,NORMAL_UPDATE,DISABLED_NOT_IMPLEMENTED,0,NOT_REQUESTED
UNONLOCAL_ONLY,2012,0.19758300000000001,14.761709,0.001397,0,0,0.022839000000000002,16.965229999999998,1,BELOW_TRIGGER,NORMAL_UPDATE,DISABLED_NOT_IMPLEMENTED,0,NOT_REQUESTED
UNONLOCAL_ONLY,2013,0.195628,23.013845,0.001467,0,0,0.027588000000000001,25.211849000000001,1,BELOW_TRIGGER,NORMAL_UPDATE,DISABLED_NOT_IMPLEMENTED,0,NOT_REQUESTED
UNONLOCAL_ONLY,2014,0.198352,23.021737000000002,0.001467,0,0,0.025283,25.210661999999999,1,BELOW_TRIGGER,NORMAL_UPDATE,DISABLED_NOT_IMPLEMENTED,0,NOT_REQUESTED
UNONLOCAL_ONLY,2015,0.19555800000000001,23.236712000000001,0.00090799999999999995,0,0,0.025772,25.405311000000001,1,BELOW_TRIGGER,NORMAL_UPDATE,DISABLED_NOT_IMPLEMENTED,0,NOT_REQUESTED
UNONLOCAL_ONLY,2016,0.19653599999999999,25.824294999999999,0.001467,0,0,0.025770999999999999,28.021809999999999,1,BELOW_TRIGGER,NORMAL_UPDATE,DISABLED_NOT_IMPLEMENTED,0,NOT_REQUESTED
UNONLOCAL_ONLY,2017,0.20547599999999999,31.199560000000002,0.001467,0,0,0.025772,33.392746000000002,1,BELOW_TRIGGER,NORMAL_UPDATE,DISABLED_NOT_IMPLEMENTED,0,NOT_REQUESTED
UNONLOCAL_ONLY,2018,0.197514,25.675391000000001,0.00048899999999999996,0,0,0.023956000000000002,27.869762999999999,1,BELOW_TRIGGER,NORMAL_UPDATE,DISABLED_NOT_IMPLEMENTED,0,NOT_REQUESTED
UNONLOCAL_ONLY,2019,0.19695499999999999,28.451269,0.00097799999999999992,0,0,0.024236000000000001,30.638728,1,BELOW_TRIGGER,NORMAL_UPDATE,DISABLED_NOT_IMPLEMENTED,0,NOT_REQUESTED
UNONLOCAL_ONLY,2020,0.195907,22.974454000000001,0.001467,0,0,0.023816,25.208566000000001,1,BELOW_TRIGGER,NORMAL_UPDATE,DISABLED_NOT_IMPLEMENTED,0,NOT_REQUESTED
UNONLOCAL_ONLY,2021,0.196326,28.331910000000001,0.0014660000000000001,0,0,0.023188,30.487169999999999,1,BELOW_TRIGGER,NORMAL_UPDATE,DISABLED_NOT_IMPLEMENTED,0,NOT_REQUESTED
UNONLOCAL_ONLY,2022,0.20708299999999999,28.587112999999999,0.001397,0,0,0.026818999999999999,30.800971000000001,1,BELOW_TRIGGER,NORMAL_UPDATE,DISABLED_NOT_IMPLEMENTED,0,NOT_REQUESTED
UNONLOCAL_ONLY,2023,0.197653,20.348876000000001,0.001397,0,0,0.023466999999999998,22.517057000000001,1,BELOW_TRIGGER,NORMAL_UPDATE,DISABLED_NOT_IMPLEMENTED,0,NOT_REQUESTED
UNONLOCAL_ONLY,2024,0.197514,23.015591000000001,0.001397,0,0,0.027588000000000001,25.226445999999999,1,BELOW_TRIGGER,NORMAL_UPDATE,DISABLED_NOT_IMPLEMENTED,0,NOT_REQUESTED
UNONLOCAL_ONLY,2025,0.19513900000000001,25.701163999999999,0.001397,0,53.869222000000001,0.027518000000000001,81.742548999999997,3,PERIODIC_CHECK,DIRECTIONAL_UPDATE,DISABLED_NOT_IMPLEMENTED,0,NOT_REQUESTED
UNONLOCAL_ONLY,2026,0.19667499999999999,25.584247000000001,0.001467,0,0,0.025212999999999999,27.757317,1,BELOW_TRIGGER,NORMAL_UPDATE,DISABLED_NOT_IMPLEMENTED,0,NOT_REQUESTED
UNONLOCAL_ONLY,2027,0.19639699999999999,17.767019000000001,0.00097799999999999992,0,0,0.023816,19.927935999999999,1,BELOW_TRIGGER,NORMAL_UPDATE,DISABLED_NOT_IMPLEMENTED,0,NOT_REQUESTED
UNONLOCAL_ONLY,2028,0.20666300000000001,17.863402000000001,0.00097799999999999992,0,0,0.032406999999999998,20.051138999999999,1,BELOW_TRIGGER,NORMAL_UPDATE,DISABLED_NOT_IMPLEMENTED,0,NOT_REQUESTED
UNONLOCAL_ONLY,2029,0.204009,14.870312999999999,0.001397,0,0,0.023397000000000001,17.022500999999998,1,BELOW_TRIGGER,NORMAL_UPDATE,DISABLED_NOT_IMPLEMENTED,0,NOT_REQUESTED
UNONLOCAL_ONLY,2030,0.19723499999999999,17.637879999999999,0.001397,0,0,0.023886000000000001,19.820031,1,BELOW_TRIGGER,NORMAL_UPDATE,DISABLED_NOT_IMPLEMENTED,0,NOT_REQUESTED
UNONLOCAL_ONLY,2031,0.196047,17.632643000000002,0.00090799999999999995,0,0,0.026748999999999998,19.841052999999999,1,BELOW_TRIGGER,NORMAL_UPDATE,DISABLED_NOT_IMPLEMENTED,0,NOT_REQUESTED
UNONLOCAL_ONLY,2032,0.19695499999999999,17.470120000000001,0.000977,0,0,0.025142999999999999,19.657786999999999,1,BELOW_TRIGGER,NORMAL_UPDATE,DISABLED_NOT_IMPLEMENTED,0,NOT_REQUESTED
UNONLOCAL_ONLY,2033,0.19758400000000001,17.697735999999999,0.00090700000000000004,0,0,0.024235,19.842099999999999,1,BELOW_TRIGGER,NORMAL_UPDATE,DISABLED_NOT_IMPLEMENTED,0,NOT_REQUESTED
UNONLOCAL_ONLY,2034,0.206873,17.737127000000001,0.001397,0,0,0.027657999999999999,19.925771999999998,1,BELOW_TRIGGER,NORMAL_UPDATE,DISABLED_NOT_IMPLEMENTED,0,NOT_REQUESTED
UNONLOCAL_ONLY,2035,0.196745,17.683976000000001,0.001467,0,0,0.023047999999999999,19.868431000000001,1,BELOW_TRIGGER,NORMAL_UPDATE,DISABLED_NOT_IMPLEMENTED,0,NOT_REQUESTED
UNONLOCAL_ONLY,2036,0.195908,17.697246,0.001397,0,0,0.022838000000000001,19.854951,1,BELOW_TRIGGER,NORMAL_UPDATE,DISABLED_NOT_IMPLEMENTED,0,NOT_REQUESTED
UNONLOCAL_ONLY,2037,0.19702500000000001,17.536888999999999,0.0014660000000000001,0,0,0.022768,19.688378,1,BELOW_TRIGGER,NORMAL_UPDATE,DISABLED_NOT_IMPLEMENTED,0,NOT_REQUESTED
UNONLOCAL_ONLY,2038,0.195628,14.953844999999999,0.001397,0,0,0.022908000000000001,17.072717000000001,1,BELOW_TRIGGER,NORMAL_UPDATE,DISABLED_NOT_IMPLEMENTED,0,NOT_REQUESTED
UNONLOCAL_ONLY,2039,0.19667599999999999,20.386869000000001,0.00090799999999999995,0,0,0.023258000000000001,22.576702000000001,1,BELOW_TRIGGER,NORMAL_UPDATE,DISABLED_NOT_IMPLEMENTED,0,NOT_REQUESTED
UNONLOCAL_ONLY,2040,0.20554500000000001,20.538706000000001,0.0013960000000000001,0,0,0.023886000000000001,22.731611999999998,1,BELOW_TRIGGER,NORMAL_UPDATE,DISABLED_NOT_IMPLEMENTED,0,NOT_REQUESTED
UNONLOCAL_ONLY,2041,0.198212,20.269045999999999,0.00097799999999999992,0,0,0.022908000000000001,22.476687999999999,1,BELOW_TRIGGER,NORMAL_UPDATE,DISABLED_NOT_IMPLEMENTED,0,NOT_REQUESTED
UNONLOCAL_ONLY,2042,0.19423099999999999,20.366824999999999,0.00097799999999999992,0,0,0.024794,22.537241000000002,1,BELOW_TRIGGER,NORMAL_UPDATE,DISABLED_NOT_IMPLEMENTED,0,NOT_REQUESTED
UNONLOCAL_ONLY,2043,0.196186,14.983178000000001,0.0014660000000000001,0,0,0.026540000000000001,17.248650000000001,1,BELOW_TRIGGER,NORMAL_UPDATE,DISABLED_NOT_IMPLEMENTED,0,NOT_REQUESTED
UNONLOCAL_ONLY,2044,0.19709399999999999,21.424655999999999,0.001397,0,0,0.030102,23.687332999999999,1,BELOW_TRIGGER,NORMAL_UPDATE,DISABLED_NOT_IMPLEMENTED,0,NOT_REQUESTED
UNONLOCAL_ONLY,2045,0.246193,14.762198,0.00090799999999999995,0,0,0.022488999999999999,17.362981999999999,1,BELOW_TRIGGER,NORMAL_UPDATE,DISABLED_NOT_IMPLEMENTED,0,NOT_REQUESTED
UNONLOCAL_ONLY,2046,0.20575599999999999,20.291115999999999,0.001467,0,0,0.022839000000000002,22.524249999999999,1,BELOW_TRIGGER,NORMAL_UPDATE,DISABLED_NOT_IMPLEMENTED,0,NOT_REQUESTED
UNONLOCAL_ONLY,2047,0.197514,20.434501999999998,0.00090799999999999995,0,0,0.023746,22.608830000000001,1,BELOW_TRIGGER,NORMAL_UPDATE,DISABLED_NOT_IMPLEMENTED,0,NOT_REQUESTED
UNONLOCAL_ONLY,2048,0.217139,20.427517999999999,0.001397,0,0,0.023816,22.607782,1,BELOW_TRIGGER,NORMAL_UPDATE,DISABLED_NOT_IMPLEMENTED,0,NOT_REQUESTED
UNONLOCAL_ONLY,2049,0.19716400000000001,17.82366,0.00097799999999999992,0,0,0.023605999999999999,19.995543999999999,1,BELOW_TRIGGER,NORMAL_UPDATE,DISABLED_NOT_IMPLEMENTED,0,NOT_REQUESTED
UNONLOCAL_ONLY,2050,0.19709499999999999,23.091788000000001,0.00097799999999999992,0,46.004641999999997,0.027168000000000001,71.331241000000006,3,PERIODIC_CHECK,DIRECTIONAL_UPDATE,DISABLED_NOT_IMPLEMENTED,0,NOT_REQUESTED
UNONLOCAL_ONLY,2051,0.19842199999999999,17.760943000000001,0.000977,0,0,0.023257,19.998408000000001,1,BELOW_TRIGGER,NORMAL_UPDATE,DISABLED_NOT_IMPLEMENTED,0,NOT_REQUESTED
UNONLOCAL_ONLY,2052,0.207431,17.931846,0.001467,0,0,0.026190999999999999,20.108967,1,BELOW_TRIGGER,NORMAL_UPDATE,DISABLED_NOT_IMPLEMENTED,0,NOT_REQUESTED
UNONLOCAL_ONLY,2053,0.198073,20.281407999999999,0.001397,0,0,0.026610000000000002,22.490238000000002,1,BELOW_TRIGGER,NORMAL_UPDATE,DISABLED_NOT_IMPLEMENTED,0,NOT_REQUESTED
UNONLOCAL_ONLY,2054,0.19786300000000001,20.562173000000001,0.00090799999999999995,0,0,0.024864000000000001,22.732032,1,BELOW_TRIGGER,NORMAL_UPDATE,DISABLED_NOT_IMPLEMENTED,0,NOT_REQUESTED
UNONLOCAL_ONLY,2055,0.19702500000000001,20.365638000000001,0.001397,0,0,0.025283,22.513565,1,BELOW_TRIGGER,NORMAL_UPDATE,DISABLED_NOT_IMPLEMENTED,0,NOT_REQUESTED
UNONLOCAL_ONLY,2056,0.19842199999999999,23.043039,0.001397,0,0,0.023886000000000001,25.242649,1,BELOW_TRIGGER,NORMAL_UPDATE,DISABLED_NOT_IMPLEMENTED,0,NOT_REQUESTED
UNONLOCAL_ONLY,2057,0.206453,20.508255999999999,0.001397,0,0,0.023327000000000001,22.678742,1,BELOW_TRIGGER,NORMAL_UPDATE,DISABLED_NOT_IMPLEMENTED,0,NOT_REQUESTED
UNONLOCAL_ONLY,2058,0.19667499999999999,20.325688,0.001397,0,0,0.022908999999999999,22.459157999999999,1,BELOW_TRIGGER,NORMAL_UPDATE,DISABLED_NOT_IMPLEMENTED,0,NOT_REQUESTED
UNONLOCAL_ONLY,2059,0.196606,25.899305999999999,0.001397,0,0,0.023886000000000001,28.013638,1,BELOW_TRIGGER,NORMAL_UPDATE,DISABLED_NOT_IMPLEMENTED,0,NOT_REQUESTED
UNONLOCAL_ONLY,2060,0.19681499999999999,20.427237999999999,0.000977,0,0,0.022977999999999998,22.555050999999999,1,BELOW_TRIGGER,NORMAL_UPDATE,DISABLED_NOT_IMPLEMENTED,0,NOT_REQUESTED
UNONLOCAL_ONLY,2061,0.19611700000000001,20.393854000000001,0.001467,0,0,0.023816,22.568321000000001,1,BELOW_TRIGGER,NORMAL_UPDATE,DISABLED_NOT_IMPLEMENTED,0,NOT_REQUESTED
UNONLOCAL_ONLY,2062,0.196187,20.227979000000001,0.001467,0,0,0.022908999999999999,22.340007,1,BELOW_TRIGGER,NORMAL_UPDATE,DISABLED_NOT_IMPLEMENTED,0,NOT_REQUESTED
UNONLOCAL_ONLY,2063,0.204568,20.287064999999998,0.001397,0,0,0.022908000000000001,22.396439000000001,1,BELOW_TRIGGER,NORMAL_UPDATE,DISABLED_NOT_IMPLEMENTED,0,NOT_REQUESTED
UNONLOCAL_ONLY,2064,0.19709499999999999,20.218619,0.001397,0,0,0.024375000000000001,22.337284,1,BELOW_TRIGGER,NORMAL_UPDATE,DISABLED_NOT_IMPLEMENTED,0,NOT_REQUESTED
UNONLOCAL_ONLY,2065,0.196745,22.951474999999999,0.00090799999999999995,0,0,0.023886000000000001,25.050094000000001,1,BELOW_TRIGGER,NORMAL_UPDATE,DISABLED_NOT_IMPLEMENTED,0,NOT_REQUESTED
UNONLOCAL_ONLY,2066,0.198771,17.559377999999999,0.001397,0,0,0.023397999999999999,19.689285000000002,1,BELOW_TRIGGER,NORMAL_UPDATE,DISABLED_NOT_IMPLEMENTED,0,NOT_REQUESTED
UNONLOCAL_ONLY,2067,0.196606,17.388265000000001,0.00090799999999999995,0,0,0.031848000000000001,19.485626,1,BELOW_TRIGGER,NORMAL_UPDATE,DISABLED_NOT_IMPLEMENTED,0,NOT_REQUESTED
UNONLOCAL_ONLY,2068,0.20142499999999999,19.799427000000001,0.00097799999999999992,0,0,0.022699,21.873740000000002,1,BELOW_TRIGGER,NORMAL_UPDATE,DISABLED_NOT_IMPLEMENTED,0,NOT_REQUESTED
UNONLOCAL_ONLY,2069,0.206594,17.199551,0.00090799999999999995,0,0,0.022977999999999998,19.321007999999999,1,BELOW_TRIGGER,NORMAL_UPDATE,DISABLED_NOT_IMPLEMENTED,0,NOT_REQUESTED
UNONLOCAL_ONLY,2070,0.19555800000000001,14.566708999999999,0.001397,0,0,0.022908000000000001,16.638787000000001,1,BELOW_TRIGGER,NORMAL_UPDATE,DISABLED_NOT_IMPLEMENTED,0,NOT_REQUESTED
UNONLOCAL_ONLY,2071,0.20072599999999999,19.845452999999999,0.001397,0,0,0.022419000000000001,21.949728,1,BELOW_TRIGGER,NORMAL_UPDATE,DISABLED_NOT_IMPLEMENTED,0,NOT_REQUESTED
UNONLOCAL_ONLY,2072,0.16950699999999999,17.071180999999999,0.00097799999999999992,0,0,0.023747000000000001,19.068807,1,BELOW_TRIGGER,NORMAL_UPDATE,DISABLED_NOT_IMPLEMENTED,0,NOT_REQUESTED
UNONLOCAL_ONLY,2073,0.19716400000000001,17.002526,0.00097799999999999992,0,0,0.023677,19.030604,1,BELOW_TRIGGER,NORMAL_UPDATE,DISABLED_NOT_IMPLEMENTED,0,NOT_REQUESTED
UNONLOCAL_ONLY,2074,0.19569800000000001,17.002594999999999,0.001397,0,0,0.023956000000000002,19.020198000000001,1,BELOW_TRIGGER,NORMAL_UPDATE,DISABLED_NOT_IMPLEMENTED,0,NOT_REQUESTED
UNONLOCAL_ONLY,2075,0.20435800000000001,22.313047999999998,0.001467,0,44.497517000000002,0.029124000000000001,68.881524999999996,3,PERIODIC_CHECK,DIRECTIONAL_UPDATE,DISABLED_NOT_IMPLEMENTED,0,NOT_REQUESTED
UNONLOCAL_ONLY,2076,0.200238,17.060075999999999,0.00097799999999999992,0,0,0.023816,19.050578999999999,1,BELOW_TRIGGER,NORMAL_UPDATE,DISABLED_NOT_IMPLEMENTED,0,NOT_REQUESTED
UNONLOCAL_ONLY,2077,0.196746,17.052184,0.0014660000000000001,0,0,0.022419000000000001,18.924374,1,BELOW_TRIGGER,NORMAL_UPDATE,DISABLED_NOT_IMPLEMENTED,0,NOT_REQUESTED
UNONLOCAL_ONLY,2078,0.19492999999999999,16.899090000000001,0.0014660000000000001,0,0,0.022769000000000001,18.711006000000001,1,BELOW_TRIGGER,NORMAL_UPDATE,DISABLED_NOT_IMPLEMENTED,0,NOT_REQUESTED
UNONLOCAL_ONLY,2079,0.195628,19.595907,0.000977,0,0,0.027168000000000001,21.410826,1,BELOW_TRIGGER,NORMAL_UPDATE,DISABLED_NOT_IMPLEMENTED,0,NOT_REQUESTED
UNONLOCAL_ONLY,2080,0.19541900000000001,19.613925999999999,0.00090799999999999995,0,0,0.023816,21.416554000000001,1,BELOW_TRIGGER,NORMAL_UPDATE,DISABLED_NOT_IMPLEMENTED,0,NOT_REQUESTED
UNONLOCAL_ONLY,2081,0.206314,19.387288999999999,0.001397,0,0,0.022908000000000001,21.289370999999999,1,BELOW_TRIGGER,NORMAL_UPDATE,DISABLED_NOT_IMPLEMENTED,0,NOT_REQUESTED
UNONLOCAL_ONLY,2082,0.19611700000000001,21.920255999999998,0.00097799999999999992,0,0,0.027657999999999999,23.874231000000002,1,BELOW_TRIGGER,NORMAL_UPDATE,DISABLED_NOT_IMPLEMENTED,0,NOT_REQUESTED
UNONLOCAL_ONLY,2083,0.19800200000000001,22.090671,0.001397,0,0,0.029543,24.115815000000001,1,BELOW_TRIGGER,NORMAL_UPDATE,DISABLED_NOT_IMPLEMENTED,0,NOT_REQUESTED
UNONLOCAL_ONLY,2084,0.19828200000000001,18.171614999999999,0.00090799999999999995,0,0,0.027237999999999998,20.239782000000002,1,BELOW_TRIGGER,NORMAL_UPDATE,DISABLED_NOT_IMPLEMENTED,0,NOT_REQUESTED
UNONLOCAL_ONLY,2085,0.18787599999999999,16.578862999999998,0.001397,0,0,0.028426,18.521315000000001,1,BELOW_TRIGGER,NORMAL_UPDATE,DISABLED_NOT_IMPLEMENTED,0,NOT_REQUESTED
UNONLOCAL_ONLY,2086,0.20652400000000001,22.119095999999999,0.001397,0,0,0.030939999999999999,24.284973000000001,1,BELOW_TRIGGER,NORMAL_UPDATE,DISABLED_NOT_IMPLEMENTED,0,NOT_REQUESTED
UNONLOCAL_ONLY,2087,0.19932900000000001,16.798376999999999,0.001467,0,0,0.023397000000000001,18.865566999999999,1,BELOW_TRIGGER,NORMAL_UPDATE,DISABLED_NOT_IMPLEMENTED,0,NOT_REQUESTED
UNONLOCAL_ONLY,2088,0.18557100000000001,16.903279999999999,0.001467,0,0,0.022419000000000001,18.933243999999998,1,BELOW_TRIGGER,NORMAL_UPDATE,DISABLED_NOT_IMPLEMENTED,0,NOT_REQUESTED
UNONLOCAL_ONLY,2089,0.19709499999999999,21.873111999999999,0.0014660000000000001,0,0,0.031708,23.964537,1,BELOW_TRIGGER,NORMAL_UPDATE,DISABLED_NOT_IMPLEMENTED,0,NOT_REQUESTED
UNONLOCAL_ONLY,2090,0.19723399999999999,24.725538,0.00097799999999999992,0,0,0.025772,26.846855000000001,1,BELOW_TRIGGER,NORMAL_UPDATE,DISABLED_NOT_IMPLEMENTED,0,NOT_REQUESTED
UNONLOCAL_ONLY,2091,0.19772400000000001,22.187192,0.001397,0,0,0.027309,24.364453000000001,1,BELOW_TRIGGER,NORMAL_UPDATE,DISABLED_NOT_IMPLEMENTED,0,NOT_REQUESTED
UNONLOCAL_ONLY,2092,0.21385699999999999,19.582426999999999,0.00090799999999999995,0,0,0.027657999999999999,21.753541999999999,1,BELOW_TRIGGER,NORMAL_UPDATE,DISABLED_NOT_IMPLEMENTED,0,NOT_REQUESTED
UNONLOCAL_ONLY,2093,0.19939999999999999,24.639492000000001,0.0014660000000000001,0,0,0.031987000000000002,26.769259999999999,1,BELOW_TRIGGER,NORMAL_UPDATE,DISABLED_NOT_IMPLEMENTED,0,NOT_REQUESTED
UNONLOCAL_ONLY,2094,0.208479,17.023828000000002,0.00097799999999999992,0,0,0.024794,19.172872999999999,1,BELOW_TRIGGER,NORMAL_UPDATE,DISABLED_NOT_IMPLEMENTED,0,NOT_REQUESTED
UNONLOCAL_ONLY,2095,0.19800300000000001,19.617418000000001,0.00097799999999999992,0,0,0.032896000000000002,21.782806000000001,1,BELOW_TRIGGER,NORMAL_UPDATE,DISABLED_NOT_IMPLEMENTED,0,NOT_REQUESTED
UNONLOCAL_ONLY,2096,0.19758400000000001,14.481781,0.00097799999999999992,0,0,0.024235,16.621327000000001,1,BELOW_TRIGGER,NORMAL_UPDATE,DISABLED_NOT_IMPLEMENTED,0,NOT_REQUESTED
UNONLOCAL_ONLY,2097,0.197653,20.995545,0.001467,0,0,0.031497999999999998,23.177555000000002,1,BELOW_TRIGGER,NORMAL_UPDATE,DISABLED_NOT_IMPLEMENTED,0,NOT_REQUESTED
UNONLOCAL_ONLY,2098,0.239838,19.14312,0.00097799999999999992,0,0,0.025212999999999999,21.227979000000001,1,BELOW_TRIGGER,NORMAL_UPDATE,DISABLED_NOT_IMPLEMENTED,0,NOT_REQUESTED
UNONLOCAL_ONLY,2099,0.19709499999999999,20.007905999999998,0.0014660000000000001,0,0,0.038203000000000001,22.128664000000001,1,BELOW_TRIGGER,NORMAL_UPDATE,DISABLED_NOT_IMPLEMENTED,0,NOT_REQUESTED
UNONLOCAL_ONLY,2100,0.197514,22.166169,0.001397,0,41.658988999999998,0.029054,66.004446000000002,3,PERIODIC_CHECK,DIRECTIONAL_UPDATE,DISABLED_NOT_IMPLEMENTED,0,NOT_REQUESTED
UNONLOCAL_ONLY,2101,0.19905100000000001,19.5547,0.001467,0,0,0.028355999999999999,21.761293999999999,1,BELOW_TRIGGER,NORMAL_UPDATE,DISABLED_NOT_IMPLEMENTED,0,NOT_REQUESTED
UNONLOCAL_ONLY,2102,0.22684799999999999,19.674689000000001,0.00090799999999999995,0,0,0.024375000000000001,21.863962999999998,1,BELOW_TRIGGER,NORMAL_UPDATE,DISABLED_NOT_IMPLEMENTED,0,NOT_REQUESTED
UNONLOCAL_ONLY,2103,0.20757100000000001,24.655556000000001,0.00097799999999999992,0,0,0.026749999999999999,26.844411000000001,1,BELOW_TRIGGER,NORMAL_UPDATE,DISABLED_NOT_IMPLEMENTED,0,NOT_REQUESTED
UNONLOCAL_ONLY,2104,0.20812900000000001,24.984511999999999,0.0014660000000000001,0,0,0.023886000000000001,27.150668,1,BELOW_TRIGGER,NORMAL_UPDATE,DISABLED_NOT_IMPLEMENTED,0,NOT_REQUESTED
UNONLOCAL_ONLY,2105,0.19744400000000001,24.731892999999999,0.00090799999999999995,0,0,0.023536999999999999,26.865852,1,BELOW_TRIGGER,NORMAL_UPDATE,DISABLED_NOT_IMPLEMENTED,0,NOT_REQUESTED
UNONLOCAL_ONLY,2106,0.19569800000000001,22.140328,0.001397,0,0,0.032127999999999997,24.307462000000001,1,BELOW_TRIGGER,NORMAL_UPDATE,DISABLED_NOT_IMPLEMENTED,0,NOT_REQUESTED
UNONLOCAL_ONLY,2107,0.196606,24.761506000000001,0.001397,0,0,0.051055000000000003,26.980184000000001,1,BELOW_TRIGGER,NORMAL_UPDATE,DISABLED_NOT_IMPLEMENTED,0,NOT_REQUESTED
UNONLOCAL_ONLY,2108,0.200936,19.619931999999999,0.0013270000000000001,0,0,0.024305,21.796354999999998,1,BELOW_TRIGGER,NORMAL_UPDATE,DISABLED_NOT_IMPLEMENTED,0,NOT_REQUESTED
UNONLOCAL_ONLY,2109,0.19681499999999999,24.764579000000001,0.001467,0,0,0.022627999999999999,26.928151,1,BELOW_TRIGGER,NORMAL_UPDATE,DISABLED_NOT_IMPLEMENTED,0,NOT_REQUESTED
UNONLOCAL_ONLY,2110,0.204428,27.329744000000002,0.0014660000000000001,0,0,0.025212999999999999,29.460978999999998,1,BELOW_TRIGGER,NORMAL_UPDATE,DISABLED_NOT_IMPLEMENTED,0,NOT_REQUESTED
UNONLOCAL_ONLY,2111,0.19814300000000001,24.755989,0.001397,0,0,0.024864000000000001,26.927800999999999,1,BELOW_TRIGGER,NORMAL_UPDATE,DISABLED_NOT_IMPLEMENTED,0,NOT_REQUESTED
UNONLOCAL_ONLY,2112,0.19695599999999999,22.139979,0.00090700000000000004,0,0,0.024445000000000001,24.299569999999999,1,BELOW_TRIGGER,NORMAL_UPDATE,DISABLED_NOT_IMPLEMENTED,0,NOT_REQUESTED
UNONLOCAL_ONLY,2113,0.197793,19.541989000000001,0.001397,0,0,0.027588000000000001,21.686633,1,BELOW_TRIGGER,NORMAL_UPDATE,DISABLED_NOT_IMPLEMENTED,0,NOT_REQUESTED
UNONLOCAL_ONLY,2114,0.19988900000000001,22.320032000000001,0.001397,0,0,0.026259999999999999,24.491636,1,BELOW_TRIGGER,NORMAL_UPDATE,DISABLED_NOT_IMPLEMENTED,0,NOT_REQUESTED
UNONLOCAL_ONLY,2115,0.20792099999999999,19.623145000000001,0.001467,0,0,0.025283,21.719669,1,BELOW_TRIGGER,NORMAL_UPDATE,DISABLED_NOT_IMPLEMENTED,0,NOT_REQUESTED
UNONLOCAL_ONLY,2116,0.19541800000000001,22.415437000000001,0.001397,0,0,0.029404,24.573142000000001,1,BELOW_TRIGGER,NORMAL_UPDATE,DISABLED_NOT_IMPLEMENTED,0,NOT_REQUESTED
UNONLOCAL_ONLY,2117,0.20938699999999999,24.996594999999999,0.001467,0,0,0.025142999999999999,27.122312000000001,1,BELOW_TRIGGER,NORMAL_UPDATE,DISABLED_NOT_IMPLEMENTED,0,NOT_REQUESTED
UNONLOCAL_ONLY,2118,0.198073,22.32555,0.001467,0,0,0.029614000000000001,24.455387999999999,1,BELOW_TRIGGER,NORMAL_UPDATE,DISABLED_NOT_IMPLEMENTED,0,NOT_REQUESTED
UNONLOCAL_ONLY,2119,0.200378,17.227767,0.001397,0,0,0.030591,19.393294999999998,1,BELOW_TRIGGER,NORMAL_UPDATE,DISABLED_NOT_IMPLEMENTED,0,NOT_REQUESTED
UNONLOCAL_ONLY,2120,0.19814200000000001,19.759267999999999,0.001397,0,0,0.023188,21.886661,1,BELOW_TRIGGER,NORMAL_UPDATE,DISABLED_NOT_IMPLEMENTED,0,NOT_REQUESTED
UNONLOCAL_ONLY,2121,0.205127,17.179435999999999,0.0013960000000000001,0,0,0.024235,19.299706,1,BELOW_TRIGGER,NORMAL_UPDATE,DISABLED_NOT_IMPLEMENTED,0,NOT_REQUESTED
UNONLOCAL_ONLY,2122,0.203101,17.126356000000001,0.000977,0,0,0.023536999999999999,19.287344000000001,1,BELOW_TRIGGER,NORMAL_UPDATE,DISABLED_NOT_IMPLEMENTED,0,NOT_REQUESTED
UNONLOCAL_ONLY,2123,0.196326,19.646961000000001,0.00097799999999999992,0,0,0.02682,21.795517,1,BELOW_TRIGGER,NORMAL_UPDATE,DISABLED_NOT_IMPLEMENTED,0,NOT_REQUESTED
UNONLOCAL_ONLY,2124,0.197514,22.258849999999999,0.001397,0,0,0.035899,24.406568,1,BELOW_TRIGGER,NORMAL_UPDATE,DISABLED_NOT_IMPLEMENTED,0,NOT_REQUESTED
UNONLOCAL_ONLY,2125,0.200936,22.302921000000001,0.0013960000000000001,0,41.722965000000002,0.031498999999999999,66.209782000000004,3,PERIODIC_CHECK,DIRECTIONAL_UPDATE,DISABLED_NOT_IMPLEMENTED,0,NOT_REQUESTED
UNONLOCAL_ONLY,2126,0.19939999999999999,24.685797000000001,0.0014660000000000001,0,0,0.026190999999999999,26.889597999999999,1,BELOW_TRIGGER,NORMAL_UPDATE,DISABLED_NOT_IMPLEMENTED,0,NOT_REQUESTED
UNONLOCAL_ONLY,2127,0.20596500000000001,19.562383000000001,0.001467,0,0,0.024025999999999999,21.673293000000001,1,BELOW_TRIGGER,NORMAL_UPDATE,DISABLED_NOT_IMPLEMENTED,0,NOT_REQUESTED
UNONLOCAL_ONLY,2128,0.19611700000000001,19.584522,0.00097799999999999992,0,0,0.023536999999999999,21.685167,1,BELOW_TRIGGER,NORMAL_UPDATE,DISABLED_NOT_IMPLEMENTED,0,NOT_REQUESTED
UNONLOCAL_ONLY,2129,0.19639599999999999,22.173432999999999,0.001467,0,0,0.023746,24.353209,1,BELOW_TRIGGER,NORMAL_UPDATE,DISABLED_NOT_IMPLEMENTED,0,NOT_REQUESTED
UNONLOCAL_ONLY,2130,0.19639599999999999,22.161072000000001,0.0014660000000000001,0,0,0.039530000000000003,24.314026999999999,1,BELOW_TRIGGER,NORMAL_UPDATE,DISABLED_NOT_IMPLEMENTED,0,NOT_REQUESTED
UNONLOCAL_ONLY,2131,0.20358999999999999,19.513283000000001,0.001397,0,0,0.023746,21.654295999999999,1,BELOW_TRIGGER,NORMAL_UPDATE,DISABLED_NOT_IMPLEMENTED,0,NOT_REQUESTED
UNONLOCAL_ONLY,2132,0.19709499999999999,24.770446,0.001397,0,0,0.027657999999999999,26.838892999999999,1,BELOW_TRIGGER,NORMAL_UPDATE,DISABLED_NOT_IMPLEMENTED,0,NOT_REQUESTED
UNONLOCAL_ONLY,2133,0.20540600000000001,22.125661000000001,0.001397,0,0,0.024235,24.184121000000001,1,BELOW_TRIGGER,NORMAL_UPDATE,DISABLED_NOT_IMPLEMENTED,0,NOT_REQUESTED
UNONLOCAL_ONLY,2134,0.19883999999999999,22.141935,0.00090799999999999995,0,0,0.025772,24.212895,1,BELOW_TRIGGER,NORMAL_UPDATE,DISABLED_NOT_IMPLEMENTED,0,NOT_REQUESTED
UNONLOCAL_ONLY,2135,0.187527,24.703817000000001,0.001467,0,0,0.025283,26.735945000000001,1,BELOW_TRIGGER,NORMAL_UPDATE,DISABLED_NOT_IMPLEMENTED,0,NOT_REQUESTED
UNONLOCAL_ONLY,2136,0.19464999999999999,24.572513000000001,0.00090799999999999995,0,0,0.031988000000000003,26.680910000000001,1,BELOW_TRIGGER,NORMAL_UPDATE,DISABLED_NOT_IMPLEMENTED,0,NOT_REQUESTED
UNONLOCAL_ONLY,2137,0.20184299999999999,24.560359999999999,0.000977,0,0,0.024794,26.602267000000001,1,BELOW_TRIGGER,NORMAL_UPDATE,DISABLED_NOT_IMPLEMENTED,0,NOT_REQUESTED
UNONLOCAL_ONLY,2138,0.20896799999999999,11.619927000000001,0.001397,0,0,0.022908000000000001,13.675174,1,BELOW_TRIGGER,NORMAL_UPDATE,DISABLED_NOT_IMPLEMENTED,0,NOT_REQUESTED
UNONLOCAL_ONLY,2139,0.20380000000000001,21.652062000000001,0.00097799999999999992,0,0,0.024025000000000001,23.60932,1,BELOW_TRIGGER,NORMAL_UPDATE,DISABLED_NOT_IMPLEMENTED,0,NOT_REQUESTED
UNONLOCAL_ONLY,2140,0.19513900000000001,21.765346000000001,0.00097799999999999992,0,0,0.022769000000000001,23.703536,1,BELOW_TRIGGER,NORMAL_UPDATE,DISABLED_NOT_IMPLEMENTED,0,NOT_REQUESTED
UNONLOCAL_ONLY,2141,0.19639699999999999,16.658553000000001,0.001397,0,0,0.022908000000000001,18.597162999999998,1,BELOW_TRIGGER,NORMAL_UPDATE,DISABLED_NOT_IMPLEMENTED,0,NOT_REQUESTED
UNONLOCAL_ONLY,2142,0.196326,11.63194,0.0013960000000000001,0,0,0.022419000000000001,13.549737,1,BELOW_TRIGGER,NORMAL_UPDATE,DISABLED_NOT_IMPLEMENTED,0,NOT_REQUESTED
UNONLOCAL_ONLY,2143,0.19667599999999999,15.746763,0.000977,0,0,0.022908000000000001,17.624611000000002,1,BELOW_TRIGGER,NORMAL_UPDATE,DISABLED_NOT_IMPLEMENTED,0,NOT_REQUESTED
UNONLOCAL_ONLY,2144,0.193742,25.087948000000001,0.00097799999999999992,0,0,0.022977999999999998,26.999669999999998,1,BELOW_TRIGGER,NORMAL_UPDATE,DISABLED_NOT_IMPLEMENTED,0,NOT_REQUESTED
UNONLOCAL_ONLY,2145,0.210225,19.385472,0.00090799999999999995,0,0,0.025281999999999999,21.343848000000001,1,BELOW_TRIGGER,NORMAL_UPDATE,DISABLED_NOT_IMPLEMENTED,0,NOT_REQUESTED
UNONLOCAL_ONLY,2146,0.196187,21.755358000000001,0.001397,0,0,0.023607,23.679022,1,BELOW_TRIGGER,NORMAL_UPDATE,DISABLED_NOT_IMPLEMENTED,0,NOT_REQUESTED
UNONLOCAL_ONLY,2147,0.195628,16.852226000000002,0.001397,0,0,0.024794,18.758709,1,BELOW_TRIGGER,NORMAL_UPDATE,DISABLED_NOT_IMPLEMENTED,0,NOT_REQUESTED
UNONLOCAL_ONLY,2148,0.19800300000000001,17.774352,0.00097799999999999992,0,0,0.027168999999999999,19.688378,1,BELOW_TRIGGER,NORMAL_UPDATE,DISABLED_NOT_IMPLEMENTED,0,NOT_REQUESTED
UNONLOCAL_ONLY,2149,0.19723499999999999,19.345172999999999,0.00090799999999999995,0,0,0.023747000000000001,21.231401999999999,1,BELOW_TRIGGER,NORMAL_UPDATE,DISABLED_NOT_IMPLEMENTED,0,NOT_REQUESTED
UNONLOCAL_ONLY,2150,0.20526700000000001,17.825825999999999,0.0013960000000000001,0,35.495136000000002,0.025423000000000001,55.212497999999997,3,PERIODIC_CHECK,DIRECTIONAL_UPDATE,DISABLED_NOT_IMPLEMENTED,0,NOT_REQUESTED
UNONLOCAL_ONLY,2151,0.19555800000000001,17.922208000000001,0.001397,0,0,0.022977999999999998,19.792233,1,BELOW_TRIGGER,NORMAL_UPDATE,DISABLED_NOT_IMPLEMENTED,0,NOT_REQUESTED
UNONLOCAL_ONLY,2152,0.19667599999999999,15.380371,0.001467,0,0,0.023816,17.198294000000001,1,BELOW_TRIGGER,NORMAL_UPDATE,DISABLED_NOT_IMPLEMENTED,0,NOT_REQUESTED
UNONLOCAL_ONLY,2153,0.19513900000000001,16.965509999999998,0.00097799999999999992,0,0,0.024305,18.851389000000001,1,BELOW_TRIGGER,NORMAL_UPDATE,DISABLED_NOT_IMPLEMENTED,0,NOT_REQUESTED
UNONLOCAL_ONLY,2154,0.19611700000000001,16.220223000000001,0.001467,0,0,0.026748999999999998,18.018101000000001,1,BELOW_TRIGGER,NORMAL_UPDATE,DISABLED_NOT_IMPLEMENTED,0,NOT_REQUESTED
UNONLOCAL_ONLY,2155,0.19520899999999999,17.952729999999999,0.0014660000000000001,0,0,0.024164999999999999,19.696549999999998,1,BELOW_TRIGGER,NORMAL_UPDATE,DISABLED_NOT_IMPLEMENTED,0,NOT_REQUESTED
UNONLOCAL_ONLY,2156,0.20421900000000001,17.184396,0.0014660000000000001,0,0,0.024375000000000001,18.888684999999999,1,BELOW_TRIGGER,NORMAL_UPDATE,DISABLED_NOT_IMPLEMENTED,0,NOT_REQUESTED
UNONLOCAL_ONLY,2157,0.196326,16.604285999999998,0.0013960000000000001,0,33.068958000000002,0.030311999999999999,51.372084999999998,3,HIGH_NORMALIZED_INNOVATION,DIRECTIONAL_UPDATE,DISABLED_NOT_IMPLEMENTED,0,NOT_REQUESTED
UNONLOCAL_ONLY,2158,0.19744300000000001,18.283920999999999,0.001397,0,34.655562000000003,0.027378,54.625962999999999,3,HIGH_NORMALIZED_INNOVATION,DIRECTIONAL_UPDATE,DISABLED_NOT_IMPLEMENTED,0,NOT_REQUESTED
UNONLOCAL_ONLY,2159,0.20624400000000001,20.252213999999999,0.00097799999999999992,0,38.749223000000001,0.027866999999999999,60.702793999999997,3,HIGH_NORMALIZED_INNOVATION,DIRECTIONAL_UPDATE,DISABLED_NOT_IMPLEMENTED,0,NOT_REQUESTED
UNONLOCAL_ONLY,2160,0.19828200000000001,19.570135000000001,0.001467,0,40.351334000000001,0.035829,61.620451000000003,3,HIGH_NORMALIZED_INNOVATION,DIRECTIONAL_UPDATE,DISABLED_NOT_IMPLEMENTED,0,NOT_REQUESTED
UNONLOCAL_ONLY,2161,0.198213,17.716591999999999,0.00097799999999999992,0,36.842601999999999,0.031918000000000002,56.234288999999997,3,HIGH_NORMALIZED_INNOVATION,DIRECTIONAL_UPDATE,DISABLED_NOT_IMPLEMENTED,0,NOT_REQUESTED
UNONLOCAL_ONLY,2162,0.20791999999999999,17.919345,0.001467,0,35.734135000000002,0.027937,55.320055000000004,3,HIGH_NORMALIZED_INNOVATION,DIRECTIONAL_UPDATE,DISABLED_NOT_IMPLEMENTED,0,NOT_REQUESTED
UNONLOCAL_ONLY,2163,0.197793,16.409566000000002,0.0018860000000000001,0,32.613306000000001,0.025212999999999999,50.638742000000001,3,HIGH_NORMALIZED_INNOVATION,DIRECTIONAL_UPDATE,DISABLED_NOT_IMPLEMENTED,0,NOT_REQUESTED
UNONLOCAL_ONLY,2164,0.196466,21.164214000000001,0.0013960000000000001,0,40.626303,0.027657999999999999,63.406176000000002,3,HIGH_NORMALIZED_INNOVATION,DIRECTIONAL_UPDATE,DISABLED_NOT_IMPLEMENTED,0,NOT_REQUESTED
UNONLOCAL_ONLY,2165,0.20603399999999999,22.370457999999999,0.0013960000000000001,0,40.252158000000001,0.027657999999999999,64.226054000000005,3,HIGH_NORMALIZED_INNOVATION,DIRECTIONAL_UPDATE,DISABLED_NOT_IMPLEMENTED,0,NOT_REQUESTED
UNONLOCAL_ONLY,2166,0.19800300000000001,21.496174,0.001467,0,34.398333999999998,0.031918000000000002,57.454782000000002,3,HIGH_NORMALIZED_INNOVATION,DIRECTIONAL_UPDATE,DISABLED_NOT_IMPLEMENTED,0,NOT_REQUESTED
UNONLOCAL_ONLY,2167,0.19946900000000001,13.932473,0.00097799999999999992,0,28.955461,0.026331,44.422786000000002,3,HIGH_NORMALIZED_INNOVATION,DIRECTIONAL_UPDATE,DISABLED_NOT_IMPLEMENTED,0,NOT_REQUESTED
UNONLOCAL_ONLY,2168,0.20652300000000001,15.424861,0.0013960000000000001,0,30.675045999999998,0.025283,47.633640999999997,3,HIGH_NORMALIZED_INNOVATION,DIRECTIONAL_UPDATE,DISABLED_NOT_IMPLEMENTED,0,NOT_REQUESTED
UNONLOCAL_ONLY,2169,0.19800200000000001,16.386168999999999,0.00097799999999999992,0,28.998902999999999,0.026610000000000002,46.927256999999997,3,HIGH_NORMALIZED_INNOVATION,DIRECTIONAL_UPDATE,DISABLED_NOT_IMPLEMENTED,0,NOT_REQUESTED
UNONLOCAL_ONLY,2170,0.198491,12.213447,0.00097799999999999992,0,24.338961000000001,0.025073999999999999,38.145927,3,HIGH_NORMALIZED_INNOVATION,DIRECTIONAL_UPDATE,DISABLED_NOT_IMPLEMENTED,0,NOT_REQUESTED
UNONLOCAL_ONLY,2171,0.19786300000000001,11.837066999999999,0.001467,0,24.496316,0.023746,37.999048000000002,3,HIGH_NORMALIZED_INNOVATION,DIRECTIONAL_UPDATE,DISABLED_NOT_IMPLEMENTED,0,NOT_REQUESTED
UNONLOCAL_ONLY,2172,0.196327,12.580118000000001,0.00090799999999999995,0,27.074541,0.026190999999999999,41.349449,3,HIGH_NORMALIZED_INNOVATION,DIRECTIONAL_UPDATE,DISABLED_NOT_IMPLEMENTED,0,NOT_REQUESTED
UNONLOCAL_ONLY,2173,0.20121600000000001,11.569781000000001,0.00097799999999999992,0,18.591227,0.023816,31.890649,3,HIGH_NORMALIZED_INNOVATION,DIRECTIONAL_UPDATE,DISABLED_NOT_IMPLEMENTED,0,NOT_REQUESTED
UNONLOCAL_ONLY,2174,0.20764099999999999,12.229089999999999,0.001397,0,24.235593999999999,0.024375000000000001,38.189717999999999,3,HIGH_NORMALIZED_INNOVATION,DIRECTIONAL_UPDATE,DISABLED_NOT_IMPLEMENTED,0,NOT_REQUESTED
UNONLOCAL_ONLY,2175,0.19653599999999999,9.9113769999999999,0.0013960000000000001,0,20.688238999999999,0.025283,32.328280999999997,3,HIGH_NORMALIZED_INNOVATION,DIRECTIONAL_UPDATE,DISABLED_NOT_IMPLEMENTED,0,NOT_REQUESTED
UNONLOCAL_ONLY,2176,0.19737399999999999,12.668817000000001,0.0019559999999999998,0,23.812280000000001,0.025772,38.271084000000002,3,HIGH_NORMALIZED_INNOVATION,DIRECTIONAL_UPDATE,DISABLED_NOT_IMPLEMENTED,0,NOT_REQUESTED
UNONLOCAL_ONLY,2177,0.19709499999999999,10.377015,0.001397,0,22.91844,0.026679999999999999,35.121060999999997,3,HIGH_NORMALIZED_INNOVATION,DIRECTIONAL_UPDATE,DISABLED_NOT_IMPLEMENTED,0,NOT_REQUESTED
UNONLOCAL_ONLY,2178,0.19737399999999999,13.004758000000001,0.00097799999999999992,0,0,0.023816,14.791252,1,BELOW_TRIGGER,NORMAL_UPDATE,DISABLED_NOT_IMPLEMENTED,0,NOT_REQUESTED
UNONLOCAL_ONLY,2179,0.20540600000000001,11.716729000000001,0.001397,0,24.486747000000001,0.027727000000000002,38.004775000000002,3,HIGH_NORMALIZED_INNOVATION,DIRECTIONAL_UPDATE,DISABLED_NOT_IMPLEMENTED,0,NOT_REQUESTED
UNONLOCAL_ONLY,2180,0.20380000000000001,17.686699999999998,0.001397,0,35.070146000000001,0.030102,54.600751000000002,3,HIGH_NORMALIZED_INNOVATION,DIRECTIONAL_UPDATE,DISABLED_NOT_IMPLEMENTED,0,NOT_REQUESTED
UNONLOCAL_ONLY,2181,0.20191400000000001,15.924302000000001,0.00090799999999999995,0,30.215413999999999,0.037017000000000001,47.972026,3,HIGH_NORMALIZED_INNOVATION,DIRECTIONAL_UPDATE,DISABLED_NOT_IMPLEMENTED,0,NOT_REQUESTED
UNONLOCAL_ONLY,2182,0.200796,13.306756,0.00097799999999999992,0,28.865155000000001,0.026748999999999998,43.980474999999998,3,HIGH_NORMALIZED_INNOVATION,DIRECTIONAL_UPDATE,DISABLED_NOT_IMPLEMENTED,0,NOT_REQUESTED
UNONLOCAL_ONLY,2183,0.19842099999999999,11.988834000000001,0.0013960000000000001,0,27.403986,0.027099000000000002,41.197960999999999,3,HIGH_NORMALIZED_INNOVATION,DIRECTIONAL_UPDATE,DISABLED_NOT_IMPLEMENTED,0,NOT_REQUESTED
UNONLOCAL_ONLY,2184,0.197793,13.408586,0.001397,0,30.375423000000001,0.029963,45.618205000000003,3,HIGH_NORMALIZED_INNOVATION,DIRECTIONAL_UPDATE,DISABLED_NOT_IMPLEMENTED,0,NOT_REQUESTED
UNONLOCAL_ONLY,2185,0.21574299999999999,15.832459999999999,0.001397,0,28.804741,0.026610000000000002,46.502546000000002,3,HIGH_NORMALIZED_INNOVATION,DIRECTIONAL_UPDATE,DISABLED_NOT_IMPLEMENTED,0,NOT_REQUESTED
UNONLOCAL_ONLY,2186,0.19681499999999999,14.574462,0.0013960000000000001,0,29.013081,0.025701999999999999,45.491511000000003,3,HIGH_NORMALIZED_INNOVATION,DIRECTIONAL_UPDATE,DISABLED_NOT_IMPLEMENTED,0,NOT_REQUESTED
UNONLOCAL_ONLY,2187,0.19709399999999999,14.620069000000001,0.00097799999999999992,0,27.667570000000001,0.025353000000000001,44.098298,3,HIGH_NORMALIZED_INNOVATION,DIRECTIONAL_UPDATE,DISABLED_NOT_IMPLEMENTED,0,NOT_REQUESTED
UNONLOCAL_ONLY,2188,0.198072,13.412357,0.0014660000000000001,0,0,0.021860999999999998,15.145142999999999,1,BELOW_TRIGGER,NORMAL_UPDATE,DISABLED_NOT_IMPLEMENTED,0,NOT_REQUESTED
UNONLOCAL_ONLY,2189,0.19625600000000001,13.233282000000001,0.001397,0,26.258644,0.023675999999999999,41.268362000000003,3,HIGH_NORMALIZED_INNOVATION,DIRECTIONAL_UPDATE,DISABLED_NOT_IMPLEMENTED,0,NOT_REQUESTED
UNONLOCAL_ONLY,2190,0.19828200000000001,14.628170000000001,0.001467,0,27.212198999999998,0.028635000000000001,43.645581,3,HIGH_NORMALIZED_INNOVATION,DIRECTIONAL_UPDATE,DISABLED_NOT_IMPLEMENTED,0,NOT_REQUESTED
UNONLOCAL_ONLY,2191,0.20938699999999999,12.061469000000001,0.00097799999999999992,0,27.806487000000001,0.029474,41.733091999999999,3,HIGH_NORMALIZED_INNOVATION,DIRECTIONAL_UPDATE,DISABLED_NOT_IMPLEMENTED,0,NOT_REQUESTED
UNONLOCAL_ONLY,2192,0.20044699999999999,13.238310999999999,0.00090799999999999995,0,0,0.022977999999999998,14.987019999999999,1,BELOW_TRIGGER,NORMAL_UPDATE,DISABLED_NOT_IMPLEMENTED,0,NOT_REQUESTED
UNONLOCAL_ONLY,2193,0.19625699999999999,10.881905,0.0019559999999999998,0,0,0.022349999999999998,12.655407,1,BELOW_TRIGGER,NORMAL_UPDATE,DISABLED_NOT_IMPLEMENTED,0,NOT_REQUESTED
UNONLOCAL_ONLY,2194,0.19681599999999999,10.503709000000001,0.00097799999999999992,0,0,0.022838000000000001,12.242919000000001,1,BELOW_TRIGGER,NORMAL_UPDATE,DISABLED_NOT_IMPLEMENTED,0,NOT_REQUESTED
UNONLOCAL_ONLY,2195,0.19947000000000001,10.553995,0.001467,0,0,0.021371000000000001,12.351592999999999,1,BELOW_TRIGGER,NORMAL_UPDATE,DISABLED_NOT_IMPLEMENTED,0,NOT_REQUESTED
UNONLOCAL_ONLY,2196,0.19423199999999999,13.063216000000001,0.00097799999999999992,0,25.842313999999998,0.025212999999999999,40.660176,3,HIGH_NORMALIZED_INNOVATION,DIRECTIONAL_UPDATE,DISABLED_NOT_IMPLEMENTED,0,NOT_REQUESTED
UNONLOCAL_ONLY,2197,0.207012,10.460826000000001,0.001397,0,0,0.023536999999999999,12.221337999999999,1,BELOW_TRIGGER,NORMAL_UPDATE,DISABLED_NOT_IMPLEMENTED,0,NOT_REQUESTED
UNONLOCAL_ONLY,2198,0.19625699999999999,15.956011,0.0013960000000000001,0,0,0.024445000000000001,17.761082999999999,1,BELOW_TRIGGER,NORMAL_UPDATE,DISABLED_NOT_IMPLEMENTED,0,NOT_REQUESTED
UNONLOCAL_ONLY,2199,0.19583700000000001,11.477309,0.00090799999999999995,0,0,0.021371999999999999,13.213447,1,BELOW_TRIGGER,NORMAL_UPDATE,DISABLED_NOT_IMPLEMENTED,0,NOT_REQUESTED
UNONLOCAL_ONLY,2200,0.19464999999999999,12.386165,0.00097799999999999992,0,22.248304000000001,0.036248000000000002,36.413350999999999,3,PERIODIC_CHECK,DIRECTIONAL_UPDATE,DISABLED_NOT_IMPLEMENTED,0,NOT_REQUESTED
UNONLOCAL_ONLY,2201,0.19702500000000001,12.402578999999999,0.001397,0,0,0.025840999999999999,14.159041,1,BELOW_TRIGGER,NORMAL_UPDATE,DISABLED_NOT_IMPLEMENTED,0,NOT_REQUESTED
UNONLOCAL_ONLY,2202,0.19730400000000001,14.098765999999999,0.001467,0,0,0.023258000000000001,15.817793,1,BELOW_TRIGGER,NORMAL_UPDATE,DISABLED_NOT_IMPLEMENTED,0,NOT_REQUESTED
UNONLOCAL_ONLY,2203,0.204288,14.936804,0.00097799999999999992,0,0,0.023257,16.641442000000001,1,BELOW_TRIGGER,NORMAL_UPDATE,DISABLED_NOT_IMPLEMENTED,0,NOT_REQUESTED
UNONLOCAL_ONLY,2204,0.19702500000000001,11.340418,0.001467,0,0,0.025212999999999999,13.080886,1,BELOW_TRIGGER,NORMAL_UPDATE,DISABLED_NOT_IMPLEMENTED,0,NOT_REQUESTED
UNONLOCAL_ONLY,2205,0.198072,12.552390000000001,0.001397,0,0,0.022908000000000001,14.253257,1,BELOW_TRIGGER,NORMAL_UPDATE,DISABLED_NOT_IMPLEMENTED,0,NOT_REQUESTED
UNONLOCAL_ONLY,2206,0.19520899999999999,9.7197999999999993,0.001467,0,0,0.022419999999999999,11.466414,1,BELOW_TRIGGER,NORMAL_UPDATE,DISABLED_NOT_IMPLEMENTED,0,NOT_REQUESTED
UNONLOCAL_ONLY,2207,0.195907,9.6471640000000001,0.000977,0,0,0.020393999999999999,11.310245999999999,1,BELOW_TRIGGER,NORMAL_UPDATE,DISABLED_NOT_IMPLEMENTED,0,NOT_REQUESTED
UNONLOCAL_ONLY,2208,0.20317099999999999,10.592059000000001,0.00097799999999999992,0,0,0.021791000000000001,12.289923,1,BELOW_TRIGGER,NORMAL_UPDATE,DISABLED_NOT_IMPLEMENTED,0,NOT_REQUESTED
UNONLOCAL_ONLY,2209,0.19709499999999999,8.5386989999999994,0.00090799999999999995,0,0,0.021580999999999999,10.254441999999999,1,BELOW_TRIGGER,NORMAL_UPDATE,DISABLED_NOT_IMPLEMENTED,0,NOT_REQUESTED
UNONLOCAL_ONLY,2210,0.19423099999999999,7.8127579999999996,0.0014660000000000001,0,0,0.020464,9.4849899999999998,1,BELOW_TRIGGER,NORMAL_UPDATE,DISABLED_NOT_IMPLEMENTED,0,NOT_REQUESTED
UNONLOCAL_ONLY,2211,0.19423099999999999,10.116364000000001,0.001467,0,0,0.021860000000000001,11.808432,1,BELOW_TRIGGER,NORMAL_UPDATE,DISABLED_NOT_IMPLEMENTED,0,NOT_REQUESTED
UNONLOCAL_ONLY,2212,0.19611700000000001,7.6753790000000004,0.000977,0,0,0.021860000000000001,9.4077450000000002,1,BELOW_TRIGGER,NORMAL_UPDATE,DISABLED_NOT_IMPLEMENTED,0,NOT_REQUESTED
UNONLOCAL_ONLY,2213,0.195488,8.2262939999999993,0.00090799999999999995,0,0,0.021510999999999999,9.9835940000000001,1,BELOW_TRIGGER,NORMAL_UPDATE,DISABLED_NOT_IMPLEMENTED,0,NOT_REQUESTED
UNONLOCAL_ONLY,2214,0.206593,8.5542730000000002,0.001397,0,0,0.022558999999999999,10.299211,1,BELOW_TRIGGER,NORMAL_UPDATE,DISABLED_NOT_IMPLEMENTED,0,NOT_REQUESTED
UNONLOCAL_ONLY,2215,0.19325400000000001,10.123697999999999,0.001397,0,0,0.022001,11.806546000000001,1,BELOW_TRIGGER,NORMAL_UPDATE,DISABLED_NOT_IMPLEMENTED,0,NOT_REQUESTED
UNONLOCAL_ONLY,2216,0.19464999999999999,7.3333620000000002,0.001885,0,0,0.026679999999999999,9.0748069999999998,1,BELOW_TRIGGER,NORMAL_UPDATE,DISABLED_NOT_IMPLEMENTED,0,NOT_REQUESTED
UNONLOCAL_ONLY,2217,0.24605399999999999,6.2167940000000002,0.001467,0,0,0.020254999999999999,8.2935529999999993,1,BELOW_TRIGGER,NORMAL_UPDATE,DISABLED_NOT_IMPLEMENTED,0,NOT_REQUESTED
UNONLOCAL_ONLY,2218,0.19318299999999999,10.715121,0.001397,0,0,0.020674000000000001,12.381905,1,BELOW_TRIGGER,NORMAL_UPDATE,DISABLED_NOT_IMPLEMENTED,0,NOT_REQUESTED
UNONLOCAL_ONLY,2219,0.18179899999999999,12.060282000000001,0.001397,0,0,0.022977999999999998,13.715752,1,BELOW_TRIGGER,NORMAL_UPDATE,DISABLED_NOT_IMPLEMENTED,0,NOT_REQUESTED
UNONLOCAL_ONLY,2220,0.204986,6.3675829999999998,0.001467,0,0,0.02249,8.0903109999999998,1,BELOW_TRIGGER,NORMAL_UPDATE,DISABLED_NOT_IMPLEMENTED,0,NOT_REQUESTED
UNONLOCAL_ONLY,2221,0.197932,5.8301480000000003,0.001397,0,0,0.020462999999999999,7.6181780000000003,1,BELOW_TRIGGER,NORMAL_UPDATE,DISABLED_NOT_IMPLEMENTED,0,NOT_REQUESTED
UNONLOCAL_ONLY,2222,0.21665100000000001,10.25081,0.0014660000000000001,0,20.340495000000001,0.028146999999999998,32.456859999999999,3,HIGH_NORMALIZED_INNOVATION,DIRECTIONAL_UPDATE,DISABLED_NOT_IMPLEMENTED,0,NOT_REQUESTED
UNONLOCAL_ONLY,2223,0.19905,11.813599999999999,0.001397,0,26.284414999999999,0.029124000000000001,39.91957,3,HIGH_NORMALIZED_INNOVATION,DIRECTIONAL_UPDATE,DISABLED_NOT_IMPLEMENTED,0,NOT_REQUESTED
UNONLOCAL_ONLY,2224,0.19898099999999999,13.440015000000001,0.0013960000000000001,0,26.600242000000001,0.026679999999999999,41.890796000000002,3,HIGH_NORMALIZED_INNOVATION,DIRECTIONAL_UPDATE,DISABLED_NOT_IMPLEMENTED,0,NOT_REQUESTED
UNONLOCAL_ONLY,2225,0.19925999999999999,19.676853999999999,0.001467,0,39.901620000000001,0.026471000000000001,61.469521,3,HIGH_NORMALIZED_INNOVATION,DIRECTIONAL_UPDATE,DISABLED_NOT_IMPLEMENTED,0,NOT_REQUESTED
UNONLOCAL_ONLY,2226,0.197654,22.996385,0.00097799999999999992,0,44.718218,0.032896000000000002,69.602018000000001,3,HIGH_NORMALIZED_INNOVATION,DIRECTIONAL_UPDATE,DISABLED_NOT_IMPLEMENTED,0,NOT_REQUESTED
UNONLOCAL_ONLY,2227,0.200796,12.341467,0.00097799999999999992,0,19.700042,0.031848000000000001,33.895958,3,HIGH_NORMALIZED_INNOVATION,CAUTIOUS_UPDATE,DISABLED_NOT_IMPLEMENTED,0,NOT_REQUESTED
UNONLOCAL_ONLY,2228,0.19939899999999999,13.866541,0.001467,0,28.429828000000001,0.027099000000000002,44.167161999999998,3,HIGH_NORMALIZED_INNOVATION,DIRECTIONAL_UPDATE,DISABLED_NOT_IMPLEMENTED,0,NOT_REQUESTED
UNONLOCAL_ONLY,2229,0.19974900000000001,11.696752999999999,0.0018159999999999999,0,21.851461,0.024305,35.394492999999997,3,HIGH_NORMALIZED_INNOVATION,DIRECTIONAL_UPDATE,DISABLED_NOT_IMPLEMENTED,0,NOT_REQUESTED
UNONLOCAL_ONLY,2230,0.19465099999999999,6.431908,0.001397,0,17.004830999999999,0.026959,25.234127999999998,3,HIGH_NORMALIZED_INNOVATION,DIRECTIONAL_UPDATE,DISABLED_NOT_IMPLEMENTED,0,NOT_REQUESTED
UNONLOCAL_ONLY,2231,0.20289199999999999,8.7819590000000005,0.001397,0,18.250397,0.024164999999999999,28.864944999999999,3,HIGH_NORMALIZED_INNOVATION,DIRECTIONAL_UPDATE,DISABLED_NOT_IMPLEMENTED,0,NOT_REQUESTED
UNONLOCAL_ONLY,2232,0.206035,15.335043000000001,0.001467,0,27.828206999999999,0.024794,44.912588999999997,3,HIGH_NORMALIZED_INNOVATION,DIRECTIONAL_UPDATE,DISABLED_NOT_IMPLEMENTED,0,NOT_REQUESTED
UNONLOCAL_ONLY,2233,0.19744400000000001,12.004268,0.00097799999999999992,0,27.020900999999999,0.025631999999999999,40.772972000000003,3,HIGH_NORMALIZED_INNOVATION,DIRECTIONAL_UPDATE,DISABLED_NOT_IMPLEMENTED,0,NOT_REQUESTED
UNONLOCAL_ONLY,2234,0.195907,10.924578,0.001397,0,21.678740999999999,0.028146000000000001,34.323323000000002,3,HIGH_NORMALIZED_INNOVATION,DIRECTIONAL_UPDATE,DISABLED_NOT_IMPLEMENTED,0,NOT_REQUESTED
UNONLOCAL_ONLY,2235,0.19800300000000001,11.631451,0.001397,0,23.071255000000001,0.027727000000000002,36.495694999999998,3,HIGH_NORMALIZED_INNOVATION,DIRECTIONAL_UPDATE,DISABLED_NOT_IMPLEMENTED,0,NOT_REQUESTED
UNONLOCAL_ONLY,2236,0.19870099999999999,12.27826,0.001467,0,24.357607999999999,0.028216000000000001,38.395122999999998,3,HIGH_NORMALIZED_INNOVATION,DIRECTIONAL_UPDATE,DISABLED_NOT_IMPLEMENTED,0,NOT_REQUESTED
UNONLOCAL_ONLY,2237,0.20722199999999999,9.9703940000000006,0.0014660000000000001,0,15.69941,0.029125000000000002,27.440933000000001,3,HIGH_NORMALIZED_INNOVATION,DIRECTIONAL_UPDATE,DISABLED_NOT_IMPLEMENTED,0,NOT_REQUESTED
UNONLOCAL_ONLY,2238,0.20736099999999999,9.4620829999999998,0.001467,0,17.926048999999999,0.025283,29.150181,3,HIGH_NORMALIZED_INNOVATION,DIRECTIONAL_UPDATE,DISABLED_NOT_IMPLEMENTED,0,NOT_REQUESTED
UNONLOCAL_ONLY,2239,0.19625699999999999,27.392880999999999,0.001397,0,46.814252000000003,0.026331,75.922247999999996,3,HIGH_NORMALIZED_INNOVATION,DIRECTIONAL_UPDATE,DISABLED_NOT_IMPLEMENTED,0,NOT_REQUESTED
UNONLOCAL_ONLY,2240,0.19758400000000001,10.363117000000001,0.00097799999999999992,0,22.192919,0.025772,34.252921999999998,3,HIGH_NORMALIZED_INNOVATION,DIRECTIONAL_UPDATE,DISABLED_NOT_IMPLEMENTED,0,NOT_REQUESTED
UNONLOCAL_ONLY,2241,0.19667599999999999,8.3091969999999993,0.0014660000000000001,0,14.935824999999999,0.026679999999999999,25.02516,3,HIGH_NORMALIZED_INNOVATION,DIRECTIONAL_UPDATE,DISABLED_NOT_IMPLEMENTED,0,NOT_REQUESTED
UNONLOCAL_ONLY,2242,0.198771,9.5887759999999993,0.00097799999999999992,0,20.549253,0.025212999999999999,31.868718999999999,3,HIGH_NORMALIZED_INNOVATION,DIRECTIONAL_UPDATE,DISABLED_NOT_IMPLEMENTED,0,NOT_REQUESTED
UNONLOCAL_ONLY,2243,0.197514,20.143049999999999,0.001397,0,39.869981000000003,0.040439000000000003,61.742116000000003,3,HIGH_NORMALIZED_INNOVATION,DIRECTIONAL_UPDATE,DISABLED_NOT_IMPLEMENTED,0,NOT_REQUESTED
UNONLOCAL_ONLY,2244,0.20757100000000001,12.06992,0.0019559999999999998,0,22.400559999999999,0.024375000000000001,36.196491000000002,3,HIGH_NORMALIZED_INNOVATION,DIRECTIONAL_UPDATE,DISABLED_NOT_IMPLEMENTED,0,NOT_REQUESTED
UNONLOCAL_ONLY,2245,0.19786300000000001,8.7985109999999995,0.00097799999999999992,0,18.155062999999998,0.028705000000000001,28.679165000000001,3,HIGH_NORMALIZED_INNOVATION,DIRECTIONAL_UPDATE,DISABLED_NOT_IMPLEMENTED,0,NOT_REQUESTED
UNONLOCAL_ONLY,2246,0.20044699999999999,7.4307210000000001,0.0014660000000000001,0,0,0.022768,9.1529609999999995,1,BELOW_TRIGGER,NORMAL_UPDATE,DISABLED_NOT_IMPLEMENTED,0,NOT_REQUESTED
UNONLOCAL_ONLY,2247,0.19625699999999999,8.9252059999999993,0.00090799999999999995,0,18.850550999999999,0.026748999999999998,29.5047,3,HIGH_NORMALIZED_INNOVATION,DIRECTIONAL_UPDATE,DISABLED_NOT_IMPLEMENTED,0,NOT_REQUESTED
UNONLOCAL_ONLY,2248,0.196187,10.892799999999999,0.0014660000000000001,0,17.460342000000001,0.029613,30.172740000000001,3,HIGH_NORMALIZED_INNOVATION,DIRECTIONAL_UPDATE,DISABLED_NOT_IMPLEMENTED,0,NOT_REQUESTED
UNONLOCAL_ONLY,2249,0.20610400000000001,9.0051050000000004,0.00090799999999999995,0,18.074185,0.031918000000000002,28.918444999999998,3,HIGH_NORMALIZED_INNOVATION,DIRECTIONAL_UPDATE,DISABLED_NOT_IMPLEMENTED,0,NOT_REQUESTED
UNONLOCAL_ONLY,2250,0.21860599999999999,7.5809519999999999,0.00090799999999999995,0,14.137948,0.031498999999999999,23.541014000000001,3,HIGH_NORMALIZED_INNOVATION,DIRECTIONAL_UPDATE,DISABLED_NOT_IMPLEMENTED,0,NOT_REQUESTED
UNONLOCAL_ONLY,2251,0.20149500000000001,7.728809,0.00097799999999999992,0,20.034165999999999,0.030102,29.606041000000001,3,HIGH_NORMALIZED_INNOVATION,DIRECTIONAL_UPDATE,DISABLED_NOT_IMPLEMENTED,0,NOT_REQUESTED
UNONLOCAL_ONLY,2252,0.200237,9.3457249999999998,0.000977,0,18.113016999999999,0.026329999999999999,29.294474999999998,3,HIGH_NORMALIZED_INNOVATION,DIRECTIONAL_UPDATE,DISABLED_NOT_IMPLEMENTED,0,NOT_REQUESTED
UNONLOCAL_ONLY,2253,0.19527800000000001,6.9456680000000004,0.00097799999999999992,0,13.944485,0.025701999999999999,22.748792999999999,3,HIGH_NORMALIZED_INNOVATION,DIRECTIONAL_UPDATE,DISABLED_NOT_IMPLEMENTED,0,NOT_REQUESTED
UNONLOCAL_ONLY,2254,0.19786300000000001,8.6992659999999997,0.00097799999999999992,0,18.805641999999999,0.024095999999999999,29.348951,3,HIGH_NORMALIZED_INNOVATION,DIRECTIONAL_UPDATE,DISABLED_NOT_IMPLEMENTED,0,NOT_REQUESTED
UNONLOCAL_ONLY,2255,0.20505699999999999,7.8275649999999999,0.001397,0,15.546176000000001,0.026748999999999998,25.212826,3,HIGH_NORMALIZED_INNOVATION,DIRECTIONAL_UPDATE,DISABLED_NOT_IMPLEMENTED,0,NOT_REQUESTED
UNONLOCAL_ONLY,2256,0.198771,15.751792,0.001397,0,28.464191,0.031289999999999998,46.104097000000003,3,HIGH_NORMALIZED_INNOVATION,DIRECTIONAL_UPDATE,DISABLED_NOT_IMPLEMENTED,0,NOT_REQUESTED
UNONLOCAL_ONLY,2257,0.20177400000000001,10.431283000000001,0.00097799999999999992,0,21.380794000000002,0.031009999999999999,33.708013000000001,3,HIGH_NORMALIZED_INNOVATION,DIRECTIONAL_UPDATE,DISABLED_NOT_IMPLEMENTED,0,NOT_REQUESTED
UNONLOCAL_ONLY,2258,0.199679,7.3134560000000004,0.00090799999999999995,0,22.831486999999999,0.026190999999999999,31.965171000000002,3,HIGH_NORMALIZED_INNOVATION,DIRECTIONAL_UPDATE,DISABLED_NOT_IMPLEMENTED,0,NOT_REQUESTED
UNONLOCAL_ONLY,2259,0.19925999999999999,12.608682999999999,0.00097799999999999992,0,0,0.023397000000000001,14.409704,1,BELOW_TRIGGER,NORMAL_UPDATE,DISABLED_NOT_IMPLEMENTED,0,NOT_REQUESTED
UNONLOCAL_ONLY,2260,0.19667599999999999,5.366466,0.0013960000000000001,0,12.243199000000001,0.022908999999999999,19.433384,3,HIGH_NORMALIZED_INNOVATION,DIRECTIONAL_UPDATE,DISABLED_NOT_IMPLEMENTED,0,NOT_REQUESTED
UNONLOCAL_ONLY,2261,0.20533599999999999,8.0872390000000003,0.0014660000000000001,0,15.890708,0.025073000000000002,25.824014999999999,3,HIGH_NORMALIZED_INNOVATION,DIRECTIONAL_UPDATE,DISABLED_NOT_IMPLEMENTED,0,NOT_REQUESTED
UNONLOCAL_ONLY,2262,0.198492,5.2289459999999996,0.001467,0,10.313109000000001,0.023536000000000001,17.381419999999999,3,HIGH_NORMALIZED_INNOVATION,DIRECTIONAL_UPDATE,DISABLED_NOT_IMPLEMENTED,0,NOT_REQUESTED
UNONLOCAL_ONLY,2263,0.19681599999999999,6.1541459999999999,0.001467,0,12.889099,0.023607,20.859352999999999,3,HIGH_NORMALIZED_INNOVATION,DIRECTIONAL_UPDATE,DISABLED_NOT_IMPLEMENTED,0,NOT_REQUESTED
UNONLOCAL_ONLY,2264,0.19695499999999999,5.8111509999999997,0.000977,0,14.604005000000001,0.029124000000000001,22.253962000000001,3,HIGH_NORMALIZED_INNOVATION,DIRECTIONAL_UPDATE,DISABLED_NOT_IMPLEMENTED,0,NOT_REQUESTED
UNONLOCAL_ONLY,2265,0.20317099999999999,12.587311,0.001467,0,27.209614999999999,0.028913999999999999,41.661853000000001,3,HIGH_NORMALIZED_INNOVATION,DIRECTIONAL_UPDATE,DISABLED_NOT_IMPLEMENTED,0,NOT_REQUESTED
UNONLOCAL_ONLY,2266,0.19898099999999999,11.260379,0.001397,0,21.596048,0.025283,34.683079999999997,3,HIGH_NORMALIZED_INNOVATION,DIRECTIONAL_UPDATE,DISABLED_NOT_IMPLEMENTED,0,NOT_REQUESTED
UNONLOCAL_ONLY,2267,0.20910699999999999,11.865213000000001,0.001397,0,26.572165999999999,0.026748999999999998,40.286240999999997,3,HIGH_NORMALIZED_INNOVATION,CAUTIOUS_UPDATE,DISABLED_NOT_IMPLEMENTED,0,NOT_REQUESTED
UNONLOCAL_ONLY,2268,0.19891,12.781473,0.001397,0,24.621682,0.028076,39.161293000000001,3,HIGH_NORMALIZED_INNOVATION,DIRECTIONAL_UPDATE,DISABLED_NOT_IMPLEMENTED,0,NOT_REQUESTED
UNONLOCAL_ONLY,2269,0.197932,11.348520000000001,0.001397,0,23.989260999999999,0.025562000000000001,37.100667999999999,3,HIGH_NORMALIZED_INNOVATION,CAUTIOUS_UPDATE,DISABLED_NOT_IMPLEMENTED,0,NOT_REQUESTED
UNONLOCAL_ONLY,2270,0.19758400000000001,5.021026,0.001467,0,21.381772999999999,0.033803,28.184752,3,HIGH_NORMALIZED_INNOVATION,CAUTIOUS_UPDATE,DISABLED_NOT_IMPLEMENTED,0,NOT_REQUESTED
UNONLOCAL_ONLY,2271,0.200657,8.877224,0.001397,0,23.835258,0.034292999999999997,34.582089000000003,3,HIGH_NORMALIZED_INNOVATION,DIRECTIONAL_UPDATE,DISABLED_NOT_IMPLEMENTED,0,NOT_REQUESTED
UNONLOCAL_ONLY,2272,0.210923,6.8160400000000001,0.00090799999999999995,0,0,0.024794,8.5854230000000005,1,BELOW_TRIGGER,NORMAL_UPDATE,DISABLED_NOT_IMPLEMENTED,0,NOT_REQUESTED
UNONLOCAL_ONLY,2273,0.20016700000000001,6.4154249999999999,0.001397,0,0,0.024305,8.1904649999999997,1,BELOW_TRIGGER,NORMAL_UPDATE,DISABLED_NOT_IMPLEMENTED,0,NOT_REQUESTED
UNONLOCAL_ONLY,2274,0.201215,8.7404720000000005,0.000977,0,0,0.031009999999999999,10.531506,1,BELOW_TRIGGER,NORMAL_UPDATE,DISABLED_NOT_IMPLEMENTED,0,NOT_REQUESTED
UNONLOCAL_ONLY,2275,0.20177400000000001,7.8506830000000001,0.001397,0,44.367888999999998,0.031848000000000001,54.024690999999997,3,PERIODIC_CHECK,CAUTIOUS_UPDATE,DISABLED_NOT_IMPLEMENTED,0,NOT_REQUESTED
UNONLOCAL_ONLY,2276,0.200657,15.370383,0.00090799999999999995,0,39.175888999999998,0.027657000000000001,56.39772,3,HIGH_NORMALIZED_INNOVATION,DIRECTIONAL_UPDATE,DISABLED_NOT_IMPLEMENTED,0,NOT_REQUESTED
UNONLOCAL_ONLY,2277,0.20156399999999999,6.0021690000000003,0.00097799999999999992,0,21.058263,0.025212999999999999,28.956368999999999,3,HIGH_NORMALIZED_INNOVATION,DIRECTIONAL_UPDATE,DISABLED_NOT_IMPLEMENTED,0,NOT_REQUESTED
UNONLOCAL_ONLY,2278,0.206593,7.1835500000000003,0.00097799999999999992,0,15.922694999999999,0.023816,24.898955999999998,3,HIGH_NORMALIZED_INNOVATION,DIRECTIONAL_UPDATE,DISABLED_NOT_IMPLEMENTED,0,NOT_REQUESTED
UNONLOCAL_ONLY,2279,0.19597700000000001,9.5467309999999994,0.001397,0,0,0.021999999999999999,11.342095,1,BELOW_TRIGGER,NORMAL_UPDATE,DISABLED_NOT_IMPLEMENTED,0,NOT_REQUESTED
UNONLOCAL_ONLY,2280,0.19395200000000001,20.051907,0.001467,0,39.974814000000002,0.032686,61.880194000000003,3,HIGH_NORMALIZED_INNOVATION,DIRECTIONAL_UPDATE,DISABLED_NOT_IMPLEMENTED,0,NOT_REQUESTED
UNONLOCAL_ONLY,2281,0.19897999999999999,23.063433,0.001467,0,46.147120000000001,0.030521,71.094335999999998,3,HIGH_NORMALIZED_INNOVATION,DIRECTIONAL_UPDATE,DISABLED_NOT_IMPLEMENTED,0,NOT_REQUESTED
UNONLOCAL_ONLY,2282,0.202543,13.900904000000001,0.00090799999999999995,0,29.000927999999998,0.030800000000000001,44.802796999999998,3,HIGH_NORMALIZED_INNOVATION,DIRECTIONAL_UPDATE,DISABLED_NOT_IMPLEMENTED,0,NOT_REQUESTED
UNONLOCAL_ONLY,2283,0.19898099999999999,9.6112649999999995,0.00097799999999999992,0,14.507763000000001,0.041137,25.946379,3,HIGH_NORMALIZED_INNOVATION,DIRECTIONAL_UPDATE,DISABLED_NOT_IMPLEMENTED,0,NOT_REQUESTED
UNONLOCAL_ONLY,2284,0.20868800000000001,16.615808999999999,0.00097799999999999992,0,33.884504,0.026190999999999999,52.329202000000002,3,HIGH_NORMALIZED_INNOVATION,DIRECTIONAL_UPDATE,DISABLED_NOT_IMPLEMENTED,0,NOT_REQUESTED
UNONLOCAL_ONLY,2285,0.198212,17.517892,0.001467,0,34.822415999999997,0.026959,54.188051999999999,3,HIGH_NORMALIZED_INNOVATION,DIRECTIONAL_UPDATE,DISABLED_NOT_IMPLEMENTED,0,NOT_REQUESTED
UNONLOCAL_ONLY,2286,0.19828200000000001,19.252911999999998,0.001467,0,37.003028999999998,0.036805999999999998,58.200488,3,HIGH_NORMALIZED_INNOVATION,DIRECTIONAL_UPDATE,DISABLED_NOT_IMPLEMENTED,0,NOT_REQUESTED
UNONLOCAL_ONLY,2287,0.20407800000000001,11.213025999999999,0.001467,0,27.939187,0.030241000000000001,41.081533999999998,3,HIGH_NORMALIZED_INNOVATION,DIRECTIONAL_UPDATE,DISABLED_NOT_IMPLEMENTED,0,NOT_REQUESTED
UNONLOCAL_ONLY,2288,0.203101,12.642557,0.001397,0,24.316053,0.025701999999999999,38.764448999999999,3,HIGH_NORMALIZED_INNOVATION,DIRECTIONAL_UPDATE,DISABLED_NOT_IMPLEMENTED,0,NOT_REQUESTED
UNONLOCAL_ONLY,2289,0.19898099999999999,15.812555,0.00097799999999999992,0,31.380521000000002,0.024723999999999999,49.005341000000001,3,HIGH_NORMALIZED_INNOVATION,DIRECTIONAL_UPDATE,DISABLED_NOT_IMPLEMENTED,0,NOT_REQUESTED
UNONLOCAL_ONLY,2290,0.21253,9.73733,0.001467,0,27.943726000000002,0.028146999999999998,39.541234000000003,3,HIGH_NORMALIZED_INNOVATION,CAUTIOUS_UPDATE,DISABLED_NOT_IMPLEMENTED,0,NOT_REQUESTED
UNONLOCAL_ONLY,2291,0.20086599999999999,9.1328460000000007,0.001397,0,18.804943999999999,0.028566000000000001,29.815148000000001,3,HIGH_NORMALIZED_INNOVATION,DIRECTIONAL_UPDATE,DISABLED_NOT_IMPLEMENTED,0,NOT_REQUESTED
UNONLOCAL_ONLY,2292,0.20135600000000001,8.5038470000000004,0.001397,0,16.913267000000001,0.025283,27.226027999999999,3,HIGH_NORMALIZED_INNOVATION,DIRECTIONAL_UPDATE,DISABLED_NOT_IMPLEMENTED,0,NOT_REQUESTED
UNONLOCAL_ONLY,2293,0.19569800000000001,9.2015010000000004,0.001885,0,16.975916000000002,0.025212999999999999,28.016501999999999,3,HIGH_NORMALIZED_INNOVATION,DIRECTIONAL_UPDATE,DISABLED_NOT_IMPLEMENTED,0,NOT_REQUESTED
UNONLOCAL_ONLY,2294,0.19814200000000001,8.8531279999999999,0.0019559999999999998,0,16.948886999999999,0.023397000000000001,27.645500999999999,3,HIGH_NORMALIZED_INNOVATION,DIRECTIONAL_UPDATE,DISABLED_NOT_IMPLEMENTED,0,NOT_REQUESTED
UNONLOCAL_ONLY,2295,0.19464999999999999,7.694725,0.0013960000000000001,0,16.924862000000001,0.031009999999999999,26.466913999999999,3,HIGH_NORMALIZED_INNOVATION,DIRECTIONAL_UPDATE,DISABLED_NOT_IMPLEMENTED,0,NOT_REQUESTED
UNONLOCAL_ONLY,2296,0.210784,7.1736319999999996,0.001467,0,14.345867999999999,0.029054,23.425284999999999,3,HIGH_NORMALIZED_INNOVATION,DIRECTIONAL_UPDATE,DISABLED_NOT_IMPLEMENTED,0,NOT_REQUESTED
UNONLOCAL_ONLY,2297,0.20135500000000001,5.0293369999999999,0.001397,0,10.979265,0.023956000000000002,17.799634999999999,3,HIGH_NORMALIZED_INNOVATION,DIRECTIONAL_UPDATE,DISABLED_NOT_IMPLEMENTED,0,NOT_REQUESTED
UNONLOCAL_ONLY,2298,0.19842199999999999,4.3456520000000003,0.00097799999999999992,0,10.632498,0.025283,16.731539000000001,3,HIGH_NORMALIZED_INNOVATION,DIRECTIONAL_UPDATE,DISABLED_NOT_IMPLEMENTED,0,NOT_REQUESTED
UNONLOCAL_ONLY,2299,0.19898099999999999,4.356198,0.00097799999999999992,0,10.161203,0.024584000000000002,16.319189999999999,3,HIGH_NORMALIZED_INNOVATION,DIRECTIONAL_UPDATE,DISABLED_NOT_IMPLEMENTED,0,NOT_REQUESTED
UNONLOCAL_ONLY,2300,0.19946900000000001,5.6155220000000003,0.00097799999999999992,0,12.116645,0.025353000000000001,19.503644999999999,3,HIGH_NORMALIZED_INNOVATION,DIRECTIONAL_UPDATE,DISABLED_NOT_IMPLEMENTED,0,NOT_REQUESTED
UNONLOCAL_ONLY,2301,0.200377,5.4442690000000002,0.001397,0,9.2349549999999994,0.027657000000000001,16.486602000000001,3,HIGH_NORMALIZED_INNOVATION,DIRECTIONAL_UPDATE,DISABLED_NOT_IMPLEMENTED,0,NOT_REQUESTED
UNONLOCAL_ONLY,2302,0.20722199999999999,7.2080650000000004,0.001467,0,14.307314999999999,0.023677,23.344128000000001,3,HIGH_NORMALIZED_INNOVATION,DIRECTIONAL_UPDATE,DISABLED_NOT_IMPLEMENTED,0,NOT_REQUESTED
UNONLOCAL_ONLY,2303,0.190111,5.496721,0.00097799999999999992,0,8.3172979999999992,0.028146999999999998,15.539052999999999,3,HIGH_NORMALIZED_INNOVATION,DIRECTIONAL_UPDATE,DISABLED_NOT_IMPLEMENTED,0,NOT_REQUESTED
UNONLOCAL_ONLY,2304,0.19870099999999999,5.6802669999999997,0.00097799999999999992,0,11.836646999999999,0.023956000000000002,19.229095999999998,3,HIGH_NORMALIZED_INNOVATION,DIRECTIONAL_UPDATE,DISABLED_NOT_IMPLEMENTED,0,NOT_REQUESTED
UNONLOCAL_ONLY,2305,0.198492,11.097436999999999,0.001397,0,19.447842000000001,0.024306000000000001,32.256483000000003,3,HIGH_NORMALIZED_INNOVATION,DIRECTIONAL_UPDATE,DISABLED_NOT_IMPLEMENTED,0,NOT_REQUESTED
UNONLOCAL_ONLY,2306,0.19667599999999999,7.9013179999999998,0.00090799999999999995,0,14.604144,0.023746,24.183980999999999,3,HIGH_NORMALIZED_INNOVATION,DIRECTIONAL_UPDATE,DISABLED_NOT_IMPLEMENTED,0,NOT_REQUESTED
UNONLOCAL_ONLY,2307,0.206594,3.281466,0.000977,0,10.186904999999999,0.023817000000000001,15.130685,3,HIGH_NORMALIZED_INNOVATION,DIRECTIONAL_UPDATE,DISABLED_NOT_IMPLEMENTED,0,NOT_REQUESTED
UNONLOCAL_ONLY,2308,0.189133,5.8126179999999996,0.00097799999999999992,0,11.68928,0.027657000000000001,19.100306,3,HIGH_NORMALIZED_INNOVATION,DIRECTIONAL_UPDATE,DISABLED_NOT_IMPLEMENTED,0,NOT_REQUESTED
UNONLOCAL_ONLY,2309,0.20128499999999999,4.6042079999999999,0.001397,0,8.7033170000000002,0.02249,14.931146,3,HIGH_NORMALIZED_INNOVATION,CAUTIOUS_UPDATE,DISABLED_NOT_IMPLEMENTED,0,NOT_REQUESTED
UNONLOCAL_ONLY,2310,0.19856199999999999,5.0903799999999997,0.00097799999999999992,0,10.507130999999999,0.022488999999999999,17.222878000000001,3,HIGH_NORMALIZED_INNOVATION,DIRECTIONAL_UPDATE,DISABLED_NOT_IMPLEMENTED,0,NOT_REQUESTED
UNONLOCAL_ONLY,2311,0.19464999999999999,5.9687150000000004,0.00097799999999999992,0,11.434495999999999,0.024374,19.136834,3,HIGH_NORMALIZED_INNOVATION,DIRECTIONAL_UPDATE,DISABLED_NOT_IMPLEMENTED,0,NOT_REQUESTED
UNONLOCAL_ONLY,2312,0.211203,3.6888559999999999,0.001397,0,8.5373009999999994,0.024305,13.972772000000001,3,HIGH_NORMALIZED_INNOVATION,DIRECTIONAL_UPDATE,DISABLED_NOT_IMPLEMENTED,0,NOT_REQUESTED
UNONLOCAL_ONLY,2313,0.20694199999999999,4.7112059999999998,0.00097799999999999992,0,8.5474289999999993,0.023746,14.985412999999999,3,HIGH_NORMALIZED_INNOVATION,DIRECTIONAL_UPDATE,DISABLED_NOT_IMPLEMENTED,0,NOT_REQUESTED
UNONLOCAL_ONLY,2314,0.19653599999999999,4.4302999999999999,0.0014660000000000001,0,8.3970579999999995,0.022769000000000001,14.581096000000001,3,HIGH_NORMALIZED_INNOVATION,DIRECTIONAL_UPDATE,DISABLED_NOT_IMPLEMENTED,0,NOT_REQUESTED
UNONLOCAL_ONLY,2315,0.19897999999999999,3.512435,0.001397,0,10.992115,0.023118,16.224343999999999,3,HIGH_NORMALIZED_INNOVATION,DIRECTIONAL_UPDATE,DISABLED_NOT_IMPLEMENTED,0,NOT_REQUESTED
UNONLOCAL_ONLY,2316,0.194441,4.347677,0.0023749999999999999,0,8.1157339999999998,0.022419000000000001,14.178317,3,HIGH_NORMALIZED_INNOVATION,DIRECTIONAL_UPDATE,DISABLED_NOT_IMPLEMENTED,0,NOT_REQUESTED
UNONLOCAL_ONLY,2317,0.196606,6.2091810000000001,0.00097799999999999992,0,11.296977,0.023816,19.269673999999998,3,HIGH_NORMALIZED_INNOVATION,DIRECTIONAL_UPDATE,DISABLED_NOT_IMPLEMENTED,0,NOT_REQUESTED
UNONLOCAL_ONLY,2318,0.197933,6.563142,0.00097799999999999992,0,0,0.021510999999999999,8.3193239999999999,1,BELOW_TRIGGER,NORMAL_UPDATE,DISABLED_NOT_IMPLEMENTED,0,NOT_REQUESTED
UNONLOCAL_ONLY,2319,0.20882800000000001,6.1673460000000002,0.001397,0,0,0.021580999999999999,7.9568430000000001,1,BELOW_TRIGGER,NORMAL_UPDATE,DISABLED_NOT_IMPLEMENTED,0,NOT_REQUESTED
UNONLOCAL_ONLY,2320,0.19772400000000001,5.8631130000000002,0.001397,0,0,0.030032,7.6570799999999997,1,BELOW_TRIGGER,NORMAL_UPDATE,DISABLED_NOT_IMPLEMENTED,0,NOT_REQUESTED
UNONLOCAL_ONLY,2321,0.201844,9.6238360000000007,0.001397,0,18.887567000000001,0.026679999999999999,30.337429,3,HIGH_NORMALIZED_INNOVATION,DIRECTIONAL_UPDATE,DISABLED_NOT_IMPLEMENTED,0,NOT_REQUESTED
UNONLOCAL_ONLY,2322,0.20016700000000001,7.7661040000000003,0.001467,0,15.406772,0.027448,24.993731,3,HIGH_NORMALIZED_INNOVATION,DIRECTIONAL_UPDATE,DISABLED_NOT_IMPLEMENTED,0,NOT_REQUESTED
UNONLOCAL_ONLY,2323,0.19856199999999999,8.614198,0.001397,0,20.488281000000001,0.043232,30.921309000000001,3,HIGH_NORMALIZED_INNOVATION,DIRECTIONAL_UPDATE,DISABLED_NOT_IMPLEMENTED,0,NOT_REQUESTED
UNONLOCAL_ONLY,2324,0.23976800000000001,8.6279570000000003,0.001467,0,21.021037,0.025212999999999999,31.775410000000001,3,HIGH_NORMALIZED_INNOVATION,DIRECTIONAL_UPDATE,DISABLED_NOT_IMPLEMENTED,0,NOT_REQUESTED
UNONLOCAL_ONLY,2325,0.20791999999999999,8.3807849999999995,0.0013960000000000001,0,18.397275,0.025422,28.592421000000002,3,HIGH_NORMALIZED_INNOVATION,DIRECTIONAL_UPDATE,DISABLED_NOT_IMPLEMENTED,0,NOT_REQUESTED
UNONLOCAL_ONLY,2326,0.198491,6.3161800000000001,0.0013960000000000001,0,15.954544,0.026609000000000001,24.079008000000002,3,HIGH_NORMALIZED_INNOVATION,DIRECTIONAL_UPDATE,DISABLED_NOT_IMPLEMENTED,0,NOT_REQUESTED
UNONLOCAL_ONLY,2327,0.19395200000000001,7.7852399999999999,0.001467,0,14.798166,0.024305,24.290700000000001,3,HIGH_NORMALIZED_INNOVATION,DIRECTIONAL_UPDATE,DISABLED_NOT_IMPLEMENTED,0,NOT_REQUESTED
UNONLOCAL_ONLY,2328,0.200098,4.1906720000000002,0.0013960000000000001,0,30.308654000000001,0.045256999999999999,36.342112,3,HIGH_NORMALIZED_INNOVATION,CAUTIOUS_UPDATE,DISABLED_NOT_IMPLEMENTED,0,NOT_REQUESTED
UNONLOCAL_ONLY,2329,0.20393900000000001,3.8863699999999999,0.001397,0,16.165537,0.023886000000000001,21.832673,3,HIGH_NORMALIZED_INNOVATION,CAUTIOUS_UPDATE,DISABLED_NOT_IMPLEMENTED,0,NOT_REQUESTED
UNONLOCAL_ONLY,2330,0.19814300000000001,4.0074059999999996,0.000977,0,19.231959,0.024723999999999999,25.032214,3,HIGH_NORMALIZED_INNOVATION,CAUTIOUS_UPDATE,DISABLED_NOT_IMPLEMENTED,0,NOT_REQUESTED
UNONLOCAL_ONLY,2331,0.20813000000000001,7.4383350000000004,0.001467,0,16.85474,0.031428999999999999,26.124268000000001,3,HIGH_NORMALIZED_INNOVATION,DIRECTIONAL_UPDATE,DISABLED_NOT_IMPLEMENTED,0,NOT_REQUESTED
UNONLOCAL_ONLY,2332,0.18612899999999999,7.843699,0.0014660000000000001,0,16.789438000000001,0.023886000000000001,26.300688000000001,3,HIGH_NORMALIZED_INNOVATION,DIRECTIONAL_UPDATE,DISABLED_NOT_IMPLEMENTED,0,NOT_REQUESTED
UNONLOCAL_ONLY,2333,0.19667499999999999,6.538767,0.001467,0,18.950564,0.024305,27.318218999999999,3,HIGH_NORMALIZED_INNOVATION,DIRECTIONAL_UPDATE,DISABLED_NOT_IMPLEMENTED,0,NOT_REQUESTED
UNONLOCAL_ONLY,2334,0.20002800000000001,5.8646500000000001,0.001467,0,12.442598,0.024305,20.076001999999999,3,HIGH_NORMALIZED_INNOVATION,DIRECTIONAL_UPDATE,DISABLED_NOT_IMPLEMENTED,0,NOT_REQUESTED
UNONLOCAL_ONLY,2335,0.198352,5.5020990000000003,0.00097799999999999992,0,0,0.021580999999999999,7.2447319999999999,1,BELOW_TRIGGER,NORMAL_UPDATE,DISABLED_NOT_IMPLEMENTED,0,NOT_REQUESTED
UNONLOCAL_ONLY,2336,0.20505699999999999,6.7528329999999999,0.001467,0,10.953632000000001,0.023327000000000001,19.477594,3,HIGH_NORMALIZED_INNOVATION,DIRECTIONAL_UPDATE,DISABLED_NOT_IMPLEMENTED,0,NOT_REQUESTED
UNONLOCAL_ONLY,2337,0.19681499999999999,6.210788,0.001397,0,13.108264999999999,0.041066999999999999,21.104150000000001,3,HIGH_NORMALIZED_INNOVATION,DIRECTIONAL_UPDATE,DISABLED_NOT_IMPLEMENTED,0,NOT_REQUESTED
UNONLOCAL_ONLY,2338,0.19541800000000001,6.341323,0.00097799999999999992,0,0,0.021860999999999998,8.0502920000000007,1,BELOW_TRIGGER,NORMAL_UPDATE,DISABLED_NOT_IMPLEMENTED,0,NOT_REQUESTED
UNONLOCAL_ONLY,2339,0.206593,4.9045290000000001,0.00097799999999999992,0,0,0.021510999999999999,6.588565,1,BELOW_TRIGGER,NORMAL_UPDATE,DISABLED_NOT_IMPLEMENTED,0,NOT_REQUESTED
UNONLOCAL_ONLY,2340,0.19569800000000001,6.3853939999999998,0.001397,0,0,0.021162,8.0682419999999997,1,BELOW_TRIGGER,NORMAL_UPDATE,DISABLED_NOT_IMPLEMENTED,0,NOT_REQUESTED
UNONLOCAL_ONLY,2341,0.19534899999999999,6.4349819999999998,0.001397,0,0,0.020673,8.2296469999999999,1,BELOW_TRIGGER,NORMAL_UPDATE,DISABLED_NOT_IMPLEMENTED,0,NOT_REQUESTED
UNONLOCAL_ONLY,2342,0.20540600000000001,10.687533999999999,0.001397,0,0,0.022001,12.437569999999999,1,BELOW_TRIGGER,NORMAL_UPDATE,DISABLED_NOT_IMPLEMENTED,0,NOT_REQUESTED
UNONLOCAL_ONLY,2343,0.196047,7.2875449999999997,0.001397,0,15.283151,0.022769000000000001,24.321709999999999,3,HIGH_NORMALIZED_INNOVATION,DIRECTIONAL_UPDATE,DISABLED_NOT_IMPLEMENTED,0,NOT_REQUESTED
UNONLOCAL_ONLY,2344,0.21392700000000001,7.4831729999999999,0.0013960000000000001,0,0,0.022488999999999999,9.2103710000000003,1,BELOW_TRIGGER,NORMAL_UPDATE,DISABLED_NOT_IMPLEMENTED,0,NOT_REQUESTED
UNONLOCAL_ONLY,2345,0.19898099999999999,6.7179820000000001,0.001467,0,0,0.021023,8.3946839999999998,1,BELOW_TRIGGER,NORMAL_UPDATE,DISABLED_NOT_IMPLEMENTED,0,NOT_REQUESTED
UNONLOCAL_ONLY,2346,0.19611700000000001,6.5299670000000001,0.00090799999999999995,0,16.24418,0.030800000000000001,24.564551000000002,3,HIGH_NORMALIZED_INNOVATION,DIRECTIONAL_UPDATE,DISABLED_NOT_IMPLEMENTED,0,NOT_REQUESTED
UNONLOCAL_ONLY,2347,0.19905,7.014043,0.001397,0,14.696895,0.024444,23.468098000000001,3,HIGH_NORMALIZED_INNOVATION,DIRECTIONAL_UPDATE,DISABLED_NOT_IMPLEMENTED,0,NOT_REQUESTED
UNONLOCAL_ONLY,2348,0.20394000000000001,7.1840390000000003,0.00090799999999999995,0,13.466974,0.033804000000000001,22.362566999999999,3,HIGH_NORMALIZED_INNOVATION,DIRECTIONAL_UPDATE,DISABLED_NOT_IMPLEMENTED,0,NOT_REQUESTED
UNONLOCAL_ONLY,2349,0.23278399999999999,6.776789,0.001467,0,15.558539,0.027657000000000001,24.122519,3,HIGH_NORMALIZED_INNOVATION,DIRECTIONAL_UPDATE,DISABLED_NOT_IMPLEMENTED,0,NOT_REQUESTED
UNONLOCAL_ONLY,2350,0.199679,6.5196300000000003,0.001397,0,13.797817,0.023955000000000001,22.068950000000001,3,HIGH_NORMALIZED_INNOVATION,DIRECTIONAL_UPDATE,DISABLED_NOT_IMPLEMENTED,0,NOT_REQUESTED
UNONLOCAL_ONLY,2351,0.20533599999999999,5.7499690000000001,0.000977,0,0,0.026679000000000001,7.5083859999999998,1,BELOW_TRIGGER,NORMAL_UPDATE,DISABLED_NOT_IMPLEMENTED,0,NOT_REQUESTED
UNONLOCAL_ONLY,2352,0.23746300000000001,4.8423699999999998,0.001397,0,0,0.020393999999999999,6.8643720000000004,1,BELOW_TRIGGER,NORMAL_UPDATE,DISABLED_NOT_IMPLEMENTED,0,NOT_REQUESTED
UNONLOCAL_ONLY,2353,0.18564,4.9013159999999996,0.0013960000000000001,0,0,0.020185000000000002,6.5103410000000004,1,BELOW_TRIGGER,NORMAL_UPDATE,DISABLED_NOT_IMPLEMENTED,0,NOT_REQUESTED
UNONLOCAL_ONLY,2354,0.20128499999999999,6.0371600000000001,0.00090799999999999995,0,0,0.021021999999999999,7.7593300000000003,1,BELOW_TRIGGER,NORMAL_UPDATE,DISABLED_NOT_IMPLEMENTED,0,NOT_REQUESTED
UNONLOCAL_ONLY,2355,0.19444,7.1899749999999996,0.000977,0,0,0.021512,8.8992240000000002,1,BELOW_TRIGGER,NORMAL_UPDATE,DISABLED_NOT_IMPLEMENTED,0,NOT_REQUESTED
UNONLOCAL_ONLY,2356,0.19653599999999999,7.4557950000000002,0.00097799999999999992,0,0,0.021860000000000001,9.2316730000000007,1,BELOW_TRIGGER,NORMAL_UPDATE,DISABLED_NOT_IMPLEMENTED,0,NOT_REQUESTED
UNONLOCAL_ONLY,2357,0.19513900000000001,12.11909,0.000977,0,0,0.023047999999999999,13.862280999999999,1,BELOW_TRIGGER,NORMAL_UPDATE,DISABLED_NOT_IMPLEMENTED,0,NOT_REQUESTED
UNONLOCAL_ONLY,2358,0.19464999999999999,12.038422000000001,0.00090799999999999995,0,0,0.026259999999999999,13.809201,1,BELOW_TRIGGER,NORMAL_UPDATE,DISABLED_NOT_IMPLEMENTED,0,NOT_REQUESTED
UNONLOCAL_ONLY,2359,0.228104,9.5007750000000009,0.00097799999999999992,0,0,0.019906,11.157921,1,BELOW_TRIGGER,NORMAL_UPDATE,DISABLED_NOT_IMPLEMENTED,0,NOT_REQUESTED
UNONLOCAL_ONLY,2360,0.200098,17.450005000000001,0.001397,0,32.603529000000002,0.027307999999999999,51.849665999999999,3,HIGH_NORMALIZED_INNOVATION,DIRECTIONAL_UPDATE,DISABLED_NOT_IMPLEMENTED,0,NOT_REQUESTED
UNONLOCAL_ONLY,2361,0.19842199999999999,20.206956999999999,0.001397,0,40.072803,0.028635000000000001,62.083503999999998,3,HIGH_NORMALIZED_INNOVATION,DIRECTIONAL_UPDATE,DISABLED_NOT_IMPLEMENTED,0,NOT_REQUESTED
UNONLOCAL_ONLY,2362,0.198212,10.889168,0.001397,0,23.901889000000001,0.025212999999999999,36.546331000000002,3,HIGH_NORMALIZED_INNOVATION,DIRECTIONAL_UPDATE,DISABLED_NOT_IMPLEMENTED,0,NOT_REQUESTED
UNONLOCAL_ONLY,2363,0.196606,16.456289999999999,0.0018860000000000001,0,0,0.028635000000000001,18.247603000000002,1,BELOW_TRIGGER,NORMAL_UPDATE,DISABLED_NOT_IMPLEMENTED,0,NOT_REQUESTED
UNONLOCAL_ONLY,2364,0.19897999999999999,12.203877,0.00097799999999999992,0,0,0.026610000000000002,14.022639,1,BELOW_TRIGGER,NORMAL_UPDATE,DISABLED_NOT_IMPLEMENTED,0,NOT_REQUESTED
UNONLOCAL_ONLY,2365,0.25757799999999997,14.687327,0.001397,0,0,0.022558999999999999,16.851807000000001,1,BELOW_TRIGGER,NORMAL_UPDATE,DISABLED_NOT_IMPLEMENTED,0,NOT_REQUESTED
UNONLOCAL_ONLY,2366,0.19395200000000001,20.224138,0.001467,0,0,0.023816,22.017406000000001,1,BELOW_TRIGGER,NORMAL_UPDATE,DISABLED_NOT_IMPLEMENTED,0,NOT_REQUESTED
UNONLOCAL_ONLY,2367,0.19500000000000001,18.778195,0.001397,0,0,0.022488999999999999,20.467048999999999,1,BELOW_TRIGGER,NORMAL_UPDATE,DISABLED_NOT_IMPLEMENTED,0,NOT_REQUESTED
UNONLOCAL_ONLY,2368,0.184942,18.131176,0.001467,0,0,0.030521,19.754798000000001,1,BELOW_TRIGGER,NORMAL_UPDATE,DISABLED_NOT_IMPLEMENTED,0,NOT_REQUESTED
UNONLOCAL_ONLY,2369,0.23061899999999999,13.022778000000001,0.001397,0,0,0.02249,14.985272999999999,1,BELOW_TRIGGER,NORMAL_UPDATE,DISABLED_NOT_IMPLEMENTED,0,NOT_REQUESTED
UNONLOCAL_ONLY,2370,0.184034,12.646258,0.000977,0,0,0.025073000000000002,14.195708,1,BELOW_TRIGGER,NORMAL_UPDATE,DISABLED_NOT_IMPLEMENTED,0,NOT_REQUESTED
UNONLOCAL_ONLY,2371,0.21057400000000001,13.807594999999999,0.001397,0,0,0.030380999999999998,15.63753,1,BELOW_TRIGGER,NORMAL_UPDATE,DISABLED_NOT_IMPLEMENTED,0,NOT_REQUESTED
UNONLOCAL_ONLY,2372,0.24479699999999999,14.355228,0.001467,0,0,0.025283,16.427515,1,BELOW_TRIGGER,NORMAL_UPDATE,DISABLED_NOT_IMPLEMENTED,0,NOT_REQUESTED
UNONLOCAL_ONLY,2373,0.20191400000000001,5.5849320000000002,0.00097799999999999992,0,0,0.021860000000000001,7.3094749999999999,1,BELOW_TRIGGER,NORMAL_UPDATE,DISABLED_NOT_IMPLEMENTED,0,NOT_REQUESTED
UNONLOCAL_ONLY,2374,0.20219400000000001,17.814022999999999,0.001467,0,0,0.025283,19.581448999999999,1,BELOW_TRIGGER,NORMAL_UPDATE,DISABLED_NOT_IMPLEMENTED,0,NOT_REQUESTED
UNONLOCAL_ONLY,2375,0.204288,19.586897,0.001397,0,36.402875000000002,0.029543,57.851345999999999,3,PERIODIC_CHECK,DIRECTIONAL_UPDATE,DISABLED_NOT_IMPLEMENTED,0,NOT_REQUESTED
UNONLOCAL_ONLY,2376,0.20387,15.909775,0.00097799999999999992,0,0,0.025142999999999999,17.754797,1,BELOW_TRIGGER,NORMAL_UPDATE,DISABLED_NOT_IMPLEMENTED,0,NOT_REQUESTED
UNONLOCAL_ONLY,2377,0.22356500000000001,14.136062000000001,0.0014660000000000001,0,0,0.024864000000000001,15.925699,1,BELOW_TRIGGER,NORMAL_UPDATE,DISABLED_NOT_IMPLEMENTED,0,NOT_REQUESTED
UNONLOCAL_ONLY,2378,0.202403,16.476474,0.0018860000000000001,0,0,0.024306000000000001,18.268066999999999,1,BELOW_TRIGGER,NORMAL_UPDATE,DISABLED_NOT_IMPLEMENTED,0,NOT_REQUESTED
UNONLOCAL_ONLY,2379,0.20289199999999999,17.503295000000001,0.00090799999999999995,0,0,0.024375000000000001,19.246905999999999,1,BELOW_TRIGGER,NORMAL_UPDATE,DISABLED_NOT_IMPLEMENTED,0,NOT_REQUESTED
UNONLOCAL_ONLY,2380,0.202263,16.772676000000001,0.001397,0,0,0.024723999999999999,18.539193999999998,1,BELOW_TRIGGER,NORMAL_UPDATE,DISABLED_NOT_IMPLEMENTED,0,NOT_REQUESTED
UNONLOCAL_ONLY,2381,0.20477699999999999,16.145282999999999,0.0018860000000000001,0,0,0.025353000000000001,17.929053,1,BELOW_TRIGGER,NORMAL_UPDATE,DISABLED_NOT_IMPLEMENTED,0,NOT_REQUESTED
UNONLOCAL_ONLY,2382,0.205127,14.790343999999999,0.00097799999999999992,0,0,0.031988000000000003,16.686420999999999,1,BELOW_TRIGGER,NORMAL_UPDATE,DISABLED_NOT_IMPLEMENTED,0,NOT_REQUESTED
UNONLOCAL_ONLY,2383,0.20764099999999999,20.975221000000001,0.001467,0,0,0.029194000000000001,22.870180000000001,1,BELOW_TRIGGER,NORMAL_UPDATE,DISABLED_NOT_IMPLEMENTED,0,NOT_REQUESTED
UNONLOCAL_ONLY,2384,0.20813000000000001,19.137533000000001,0.001467,0,0,0.029543,21.157088999999999,1,BELOW_TRIGGER,NORMAL_UPDATE,DISABLED_NOT_IMPLEMENTED,0,NOT_REQUESTED
UNONLOCAL_ONLY,2385,0.206453,19.983460999999998,0.001397,0,0,0.025283,21.998339000000001,1,BELOW_TRIGGER,NORMAL_UPDATE,DISABLED_NOT_IMPLEMENTED,0,NOT_REQUESTED
UNONLOCAL_ONLY,2386,0.202822,23.581941,0.001467,0,0,0.025772,25.606736000000001,1,BELOW_TRIGGER,NORMAL_UPDATE,DISABLED_NOT_IMPLEMENTED,0,NOT_REQUESTED
UNONLOCAL_ONLY,2387,0.204009,23.574746999999999,0.00090799999999999995,0,0,0.025283,25.625523999999999,1,BELOW_TRIGGER,NORMAL_UPDATE,DISABLED_NOT_IMPLEMENTED,0,NOT_REQUESTED
UNONLOCAL_ONLY,2388,0.20575499999999999,23.770095999999999,0.001467,0,0,0.025423000000000001,25.857679000000001,1,BELOW_TRIGGER,NORMAL_UPDATE,DISABLED_NOT_IMPLEMENTED,0,NOT_REQUESTED
UNONLOCAL_ONLY,2389,0.21518399999999999,24.094024000000001,0.00090799999999999995,0,0,0.030102,26.168966000000001,1,BELOW_TRIGGER,NORMAL_UPDATE,DISABLED_NOT_IMPLEMENTED,0,NOT_REQUESTED
UNONLOCAL_ONLY,2390,0.20575499999999999,21.098911000000001,0.000977,0,0,0.026749999999999999,23.154716000000001,1,BELOW_TRIGGER,NORMAL_UPDATE,DISABLED_NOT_IMPLEMENTED,0,NOT_REQUESTED
UNONLOCAL_ONLY,2391,0.19458,23.786649000000001,0.00097799999999999992,0,0,0.026679999999999999,25.844059999999999,1,BELOW_TRIGGER,NORMAL_UPDATE,DISABLED_NOT_IMPLEMENTED,0,NOT_REQUESTED
UNONLOCAL_ONLY,2392,0.20540600000000001,23.896370999999998,0.001397,0,0,0.025701999999999999,25.947496999999998,1,BELOW_TRIGGER,NORMAL_UPDATE,DISABLED_NOT_IMPLEMENTED,0,NOT_REQUESTED
UNONLOCAL_ONLY,2393,0.205127,24.122450000000001,0.001467,0,0,0.043022999999999999,26.179372999999998,1,BELOW_TRIGGER,NORMAL_UPDATE,DISABLED_NOT_IMPLEMENTED,0,NOT_REQUESTED
UNONLOCAL_ONLY,2394,0.21665000000000001,23.898116999999999,0.00097799999999999992,0,0,0.025770999999999999,25.975083999999999,1,BELOW_TRIGGER,NORMAL_UPDATE,DISABLED_NOT_IMPLEMENTED,0,NOT_REQUESTED
UNONLOCAL_ONLY,2395,0.21720900000000001,21.271910999999999,0.0013960000000000001,0,0,0.025142999999999999,23.317937000000001,1,BELOW_TRIGGER,NORMAL_UPDATE,DISABLED_NOT_IMPLEMENTED,0,NOT_REQUESTED
UNONLOCAL_ONLY,2396,0.21734899999999999,20.972497000000001,0.001397,0,0,0.026749999999999999,23.067692999999998,1,BELOW_TRIGGER,NORMAL_UPDATE,DISABLED_NOT_IMPLEMENTED,0,NOT_REQUESTED
UNONLOCAL_ONLY,2397,0.20421800000000001,23.654437000000001,0.00090799999999999995,0,0,0.028216000000000001,25.728332000000002,1,BELOW_TRIGGER,NORMAL_UPDATE,DISABLED_NOT_IMPLEMENTED,0,NOT_REQUESTED
UNONLOCAL_ONLY,2398,0.21113299999999999,20.906496000000001,0.0014660000000000001,0,0,0.026259999999999999,22.965374000000001,1,BELOW_TRIGGER,NORMAL_UPDATE,DISABLED_NOT_IMPLEMENTED,0,NOT_REQUESTED
UNONLOCAL_ONLY,2399,0.20449800000000001,18.267158999999999,0.001467,0,0,0.025631999999999999,20.300615000000001,1,BELOW_TRIGGER,NORMAL_UPDATE,DISABLED_NOT_IMPLEMENTED,0,NOT_REQUESTED
UNONLOCAL_ONLY,2400,0.22112000000000001,15.351107000000001,0.0019550000000000001,0,46.835903000000002,0.036108000000000001,64.291217000000003,3,PERIODIC_CHECK,DIRECTIONAL_UPDATE,DISABLED_NOT_IMPLEMENTED,0,NOT_REQUESTED
UNONLOCAL_ONLY,2401,0.20547599999999999,29.365644,0.0014660000000000001,0,0,0.029543,31.441075000000001,1,BELOW_TRIGGER,NORMAL_UPDATE,DISABLED_NOT_IMPLEMENTED,0,NOT_REQUESTED
UNONLOCAL_ONLY,2402,0.206453,32.528866999999998,0.00097799999999999992,0,0,0.030032,34.641804,1,BELOW_TRIGGER,NORMAL_UPDATE,DISABLED_NOT_IMPLEMENTED,0,NOT_REQUESTED
UNONLOCAL_ONLY,2403,0.20652300000000001,38.354894999999999,0.00090799999999999995,0,0,0.027029000000000001,40.441011000000003,1,BELOW_TRIGGER,NORMAL_UPDATE,DISABLED_NOT_IMPLEMENTED,0,NOT_REQUESTED
UNONLOCAL_ONLY,2404,0.20547599999999999,23.434574000000001,0.00090799999999999995,0,0,0.027237999999999998,25.512868999999998,1,BELOW_TRIGGER,NORMAL_UPDATE,DISABLED_NOT_IMPLEMENTED,0,NOT_REQUESTED
UNONLOCAL_ONLY,2405,0.20435800000000001,45.819839000000002,0.00090799999999999995,0,0,0.026679999999999999,47.870615999999998,1,BELOW_TRIGGER,NORMAL_UPDATE,DISABLED_NOT_IMPLEMENTED,0,NOT_REQUESTED
UNONLOCAL_ONLY,2406,0.22098100000000001,33.240209999999998,0.0013960000000000001,0,0,0.029613,35.364181000000002,1,BELOW_TRIGGER,NORMAL_UPDATE,DISABLED_NOT_IMPLEMENTED,0,NOT_REQUESTED
UNONLOCAL_ONLY,2407,0.20303199999999999,23.423679,0.001467,0,0,0.025701999999999999,25.441628999999999,1,BELOW_TRIGGER,NORMAL_UPDATE,DISABLED_NOT_IMPLEMENTED,0,NOT_REQUESTED
UNONLOCAL_ONLY,2408,0.20596500000000001,18.214777999999999,0.000977,0,0,0.036178000000000002,20.314025000000001,1,BELOW_TRIGGER,NORMAL_UPDATE,DISABLED_NOT_IMPLEMENTED,0,NOT_REQUESTED
UNONLOCAL_ONLY,2409,0.20757100000000001,34.474532000000004,0.00090799999999999995,0,0,0.029543,36.562533999999999,1,BELOW_TRIGGER,NORMAL_UPDATE,DISABLED_NOT_IMPLEMENTED,0,NOT_REQUESTED
UNONLOCAL_ONLY,2410,0.204149,26.398537000000001,0.0018860000000000001,0,0,0.039461000000000003,28.491358999999999,1,BELOW_TRIGGER,NORMAL_UPDATE,DISABLED_NOT_IMPLEMENTED,0,NOT_REQUESTED
UNONLOCAL_ONLY,2411,0.265121,31.714925999999998,0.00097799999999999992,0,0,0.028636000000000002,33.921312,1,BELOW_TRIGGER,NORMAL_UPDATE,DISABLED_NOT_IMPLEMENTED,0,NOT_REQUESTED
UNONLOCAL_ONLY,2412,0.21588199999999999,18.062730999999999,0.001397,0,0,0.028216000000000001,20.187539999999998,1,BELOW_TRIGGER,NORMAL_UPDATE,DISABLED_NOT_IMPLEMENTED,0,NOT_REQUESTED
UNONLOCAL_ONLY,2413,0.20533599999999999,45.707393000000003,0.001397,0,89.429033000000004,0.033874000000000001,137.236581,3,HIGH_NORMALIZED_INNOVATION,DIRECTIONAL_UPDATE,DISABLED_NOT_IMPLEMENTED,0,NOT_REQUESTED
UNONLOCAL_ONLY,2414,0.20959700000000001,31.711922999999999,0.001397,0,68.337593999999996,0.032966000000000002,102.167413,3,HIGH_NORMALIZED_INNOVATION,DIRECTIONAL_UPDATE,DISABLED_NOT_IMPLEMENTED,0,NOT_REQUESTED
UNONLOCAL_ONLY,2415,0.223495,42.150539000000002,0.00090799999999999995,0,73.630026999999998,0.031009999999999999,117.892664,3,HIGH_NORMALIZED_INNOVATION,DIRECTIONAL_UPDATE,DISABLED_NOT_IMPLEMENTED,0,NOT_REQUESTED
UNONLOCAL_ONLY,2416,0.20554600000000001,15.180483000000001,0.001467,0,0,0.025770999999999999,17.258568,1,BELOW_TRIGGER,NORMAL_UPDATE,DISABLED_NOT_IMPLEMENTED,0,NOT_REQUESTED
UNONLOCAL_ONLY,2417,0.20393900000000001,42.580697999999998,0.001467,0,0,0.030032,44.6599,1,BELOW_TRIGGER,NORMAL_UPDATE,DISABLED_NOT_IMPLEMENTED,0,NOT_REQUESTED
UNONLOCAL_ONLY,2418,0.215812,37.217374,0.001397,0,0,0.028426,39.386394000000003,1,BELOW_TRIGGER,NORMAL_UPDATE,DISABLED_NOT_IMPLEMENTED,0,NOT_REQUESTED
UNONLOCAL_ONLY,2419,0.20799000000000001,40.247269000000003,0.001397,0,0,0.031009999999999999,42.318300000000001,1,BELOW_TRIGGER,NORMAL_UPDATE,DISABLED_NOT_IMPLEMENTED,0,NOT_REQUESTED
UNONLOCAL_ONLY,2420,0.20750099999999999,15.298306,0.001397,0,0,0.025842,17.356556000000001,1,BELOW_TRIGGER,NORMAL_UPDATE,DISABLED_NOT_IMPLEMENTED,0,NOT_REQUESTED
UNONLOCAL_ONLY,2421,0.204009,15.870524,0.001397,0,0,0.026748999999999998,18.012305000000001,1,BELOW_TRIGGER,NORMAL_UPDATE,DISABLED_NOT_IMPLEMENTED,0,NOT_REQUESTED
UNONLOCAL_ONLY,2422,0.20407900000000001,28.973130999999999,0.00090799999999999995,0,0,0.029543,31.083621999999998,1,BELOW_TRIGGER,NORMAL_UPDATE,DISABLED_NOT_IMPLEMENTED,0,NOT_REQUESTED
UNONLOCAL_ONLY,2423,0.22237799999999999,12.610429999999999,0.00097799999999999992,0,0,0.029474,14.705835,1,BELOW_TRIGGER,NORMAL_UPDATE,DISABLED_NOT_IMPLEMENTED,0,NOT_REQUESTED
UNONLOCAL_ONLY,2424,0.224962,15.507903000000001,0.001397,0,0,0.026331,17.641932000000001,1,BELOW_TRIGGER,NORMAL_UPDATE,DISABLED_NOT_IMPLEMENTED,0,NOT_REQUESTED
UNONLOCAL_ONLY,2425,0.20303099999999999,16.541846,0.001397,0,63.024138999999998,0.031009999999999999,81.705043000000003,3,PERIODIC_CHECK,DIRECTIONAL_UPDATE,DISABLED_NOT_IMPLEMENTED,0,NOT_REQUESTED
UNONLOCAL_ONLY,2426,0.20624400000000001,31.507982999999999,0.00097799999999999992,0,0,0.026190999999999999,33.599268000000002,1,BELOW_TRIGGER,NORMAL_UPDATE,DISABLED_NOT_IMPLEMENTED,0,NOT_REQUESTED
UNONLOCAL_ONLY,2427,0.20317099999999999,34.511338000000002,0.000977,0,0,0.027168000000000001,36.609118000000002,1,BELOW_TRIGGER,NORMAL_UPDATE,DISABLED_NOT_IMPLEMENTED,0,NOT_REQUESTED
UNONLOCAL_ONLY,2428,0.20386899999999999,15.375413,0.001397,0,0,0.024794,17.411732000000001,1,BELOW_TRIGGER,NORMAL_UPDATE,DISABLED_NOT_IMPLEMENTED,0,NOT_REQUESTED
UNONLOCAL_ONLY,2429,0.21714,37.296716000000004,0.0014660000000000001,0,0,0.026679999999999999,39.374451000000001,1,BELOW_TRIGGER,NORMAL_UPDATE,DISABLED_NOT_IMPLEMENTED,0,NOT_REQUESTED
UNONLOCAL_ONLY,2430,0.20505699999999999,31.699002,0.001467,0,0,0.025701999999999999,33.790008,1,BELOW_TRIGGER,NORMAL_UPDATE,DISABLED_NOT_IMPLEMENTED,0,NOT_REQUESTED
UNONLOCAL_ONLY,2431,0.204149,40.427951,0.001397,0,0,0.027657999999999999,42.513370000000002,1,BELOW_TRIGGER,NORMAL_UPDATE,DISABLED_NOT_IMPLEMENTED,0,NOT_REQUESTED
UNONLOCAL_ONLY,2432,0.20694199999999999,48.483899999999998,0.00090799999999999995,0,0,0.030939999999999999,50.633432999999997,1,BELOW_TRIGGER,NORMAL_UPDATE,DISABLED_NOT_IMPLEMENTED,0,NOT_REQUESTED
UNONLOCAL_ONLY,2433,0.214835,40.278278999999998,0.00097799999999999992,0,0,0.029055000000000001,42.390028000000001,1,BELOW_TRIGGER,NORMAL_UPDATE,DISABLED_NOT_IMPLEMENTED,0,NOT_REQUESTED
UNONLOCAL_ONLY,2434,0.20736199999999999,43.423343000000003,0.00097799999999999992,0,0,0.031009999999999999,45.573644999999999,1,BELOW_TRIGGER,NORMAL_UPDATE,DISABLED_NOT_IMPLEMENTED,0,NOT_REQUESTED
UNONLOCAL_ONLY,2435,0.22712599999999999,43.761448999999999,0.001467,0,0,0.032406999999999998,45.929490999999999,1,BELOW_TRIGGER,NORMAL_UPDATE,DISABLED_NOT_IMPLEMENTED,0,NOT_REQUESTED
UNONLOCAL_ONLY,2436,0.20805999999999999,46.248111000000002,0.00090799999999999995,0,0,0.028146999999999998,48.445974999999997,1,BELOW_TRIGGER,NORMAL_UPDATE,DISABLED_NOT_IMPLEMENTED,0,NOT_REQUESTED
UNONLOCAL_ONLY,2437,0.20624400000000001,41.903506999999998,0.0013960000000000001,0,0,0.033804000000000001,44.114570999999998,1,BELOW_TRIGGER,NORMAL_UPDATE,DISABLED_NOT_IMPLEMENTED,0,NOT_REQUESTED
UNONLOCAL_ONLY,2438,0.1862,36.079644999999999,0.001397,0,0,0.030032,38.095292000000001,1,BELOW_TRIGGER,NORMAL_UPDATE,DISABLED_NOT_IMPLEMENTED,0,NOT_REQUESTED
UNONLOCAL_ONLY,2439,0.19939999999999999,45.936545000000002,0.001397,0,0,0.026261,48.004362999999998,1,BELOW_TRIGGER,NORMAL_UPDATE,DISABLED_NOT_IMPLEMENTED,0,NOT_REQUESTED
UNONLOCAL_ONLY,2440,0.20345099999999999,31.710246999999999,0.001397,0,0,0.026748999999999998,33.751036999999997,1,BELOW_TRIGGER,NORMAL_UPDATE,DISABLED_NOT_IMPLEMENTED,0,NOT_REQUESTED
UNONLOCAL_ONLY,2441,0.211622,31.488147999999999,0.001397,0,0,0.025772,33.589210999999999,1,BELOW_TRIGGER,NORMAL_UPDATE,DISABLED_NOT_IMPLEMENTED,0,NOT_REQUESTED
UNONLOCAL_ONLY,2442,0.223775,28.875910000000001,0.001467,0,0,0.026190999999999999,30.908667000000001,1,BELOW_TRIGGER,NORMAL_UPDATE,DISABLED_NOT_IMPLEMENTED,0,NOT_REQUESTED
UNONLOCAL_ONLY,2443,0.20142499999999999,31.342457,0.001397,0,0,0.027937,33.411741999999997,1,BELOW_TRIGGER,NORMAL_UPDATE,DISABLED_NOT_IMPLEMENTED,0,NOT_REQUESTED
UNONLOCAL_ONLY,2444,0.20219300000000001,36.944640999999997,0.0014660000000000001,0,0,0.030521,38.999259000000002,1,BELOW_TRIGGER,NORMAL_UPDATE,DISABLED_NOT_IMPLEMENTED,0,NOT_REQUESTED
UNONLOCAL_ONLY,2445,0.20393900000000001,37.975372,0.001397,0,0,0.026679999999999999,40.032015999999999,1,BELOW_TRIGGER,NORMAL_UPDATE,DISABLED_NOT_IMPLEMENTED,0,NOT_REQUESTED
UNONLOCAL_ONLY,2446,0.201844,16.157924000000001,0.00097799999999999992,0,0,0.030102,18.249908000000001,1,BELOW_TRIGGER,NORMAL_UPDATE,DISABLED_NOT_IMPLEMENTED,0,NOT_REQUESTED
UNONLOCAL_ONLY,2447,0.24870800000000001,27.601918999999999,0.001467,0,0,0.028494999999999999,29.922357000000002,1,BELOW_TRIGGER,NORMAL_UPDATE,DISABLED_NOT_IMPLEMENTED,0,NOT_REQUESTED
UNONLOCAL_ONLY,2448,0.186199,25.483744999999999,0.00097799999999999992,0,0,0.026610000000000002,27.415510000000001,1,BELOW_TRIGGER,NORMAL_UPDATE,DISABLED_NOT_IMPLEMENTED,0,NOT_REQUESTED
UNONLOCAL_ONLY,2449,0.19583700000000001,20.020337999999999,0.001467,0,0,0.025212999999999999,22.022365000000001,1,BELOW_TRIGGER,NORMAL_UPDATE,DISABLED_NOT_IMPLEMENTED,0,NOT_REQUESTED
UNONLOCAL_ONLY,2450,0.193463,20.152619999999999,0.0018860000000000001,0,45.508971000000003,0.034712,67.686105999999995,3,PERIODIC_CHECK,DIRECTIONAL_UPDATE,DISABLED_NOT_IMPLEMENTED,0,NOT_REQUESTED
UNONLOCAL_ONLY,2451,0.20058699999999999,21.146753,0.00090799999999999995,0,0,0.036318000000000003,23.172595999999999,1,BELOW_TRIGGER,NORMAL_UPDATE,DISABLED_NOT_IMPLEMENTED,0,NOT_REQUESTED
UNONLOCAL_ONLY,2452,0.23697499999999999,23.300128000000001,0.0013960000000000001,0,0,0.032896000000000002,25.421026000000001,1,BELOW_TRIGGER,NORMAL_UPDATE,DISABLED_NOT_IMPLEMENTED,0,NOT_REQUESTED
UNONLOCAL_ONLY,2453,0.21057500000000001,23.668685,0.001397,0,0,0.037994,25.652412999999999,1,BELOW_TRIGGER,NORMAL_UPDATE,DISABLED_NOT_IMPLEMENTED,0,NOT_REQUESTED
UNONLOCAL_ONLY,2454,0.205266,20.400698999999999,0.0013960000000000001,0,0,0.025212999999999999,22.384846,1,BELOW_TRIGGER,NORMAL_UPDATE,DISABLED_NOT_IMPLEMENTED,0,NOT_REQUESTED
UNONLOCAL_ONLY,2455,0.19842099999999999,20.436807000000002,0.001467,0,0,0.024236000000000001,22.369899,1,BELOW_TRIGGER,NORMAL_UPDATE,DISABLED_NOT_IMPLEMENTED,0,NOT_REQUESTED
UNONLOCAL_ONLY,2456,0.19709499999999999,20.304805000000002,0.00097799999999999992,0,0,0.025212999999999999,22.252775,1,BELOW_TRIGGER,NORMAL_UPDATE,DISABLED_NOT_IMPLEMENTED,0,NOT_REQUESTED
UNONLOCAL_ONLY,2457,0.19583700000000001,20.315631,0.0014660000000000001,0,0,0.032615999999999999,22.201999000000001,1,BELOW_TRIGGER,NORMAL_UPDATE,DISABLED_NOT_IMPLEMENTED,0,NOT_REQUESTED
UNONLOCAL_ONLY,2458,0.19681499999999999,22.846083,0.001397,0,0,0.029613,24.729588,1,BELOW_TRIGGER,NORMAL_UPDATE,DISABLED_NOT_IMPLEMENTED,0,NOT_REQUESTED
UNONLOCAL_ONLY,2459,0.21357799999999999,17.453776999999999,0.001467,0,0,0.025142999999999999,19.333020999999999,1,BELOW_TRIGGER,NORMAL_UPDATE,DISABLED_NOT_IMPLEMENTED,0,NOT_REQUESTED
UNONLOCAL_ONLY,2460,0.19730500000000001,20.617280000000001,0.001397,0,0,0.024235,22.472987,1,BELOW_TRIGGER,NORMAL_UPDATE,DISABLED_NOT_IMPLEMENTED,0,NOT_REQUESTED
UNONLOCAL_ONLY,2461,0.19583700000000001,17.415642999999999,0.001467,0,0,0.025770999999999999,19.298589,1,BELOW_TRIGGER,NORMAL_UPDATE,DISABLED_NOT_IMPLEMENTED,0,NOT_REQUESTED
UNONLOCAL_ONLY,2462,0.19751299999999999,19.916761999999999,0.0013960000000000001,0,0,0.024305,21.807181,1,BELOW_TRIGGER,NORMAL_UPDATE,DISABLED_NOT_IMPLEMENTED,0,NOT_REQUESTED
UNONLOCAL_ONLY,2463,0.19569700000000001,17.957896999999999,0.00090799999999999995,0,0,0.026051000000000001,19.874437,1,BELOW_TRIGGER,NORMAL_UPDATE,DISABLED_NOT_IMPLEMENTED,0,NOT_REQUESTED
UNONLOCAL_ONLY,2464,0.20463799999999999,17.309691999999998,0.00097799999999999992,0,0,0.027587,19.156808000000002,1,BELOW_TRIGGER,NORMAL_UPDATE,DISABLED_NOT_IMPLEMENTED,0,NOT_REQUESTED
UNONLOCAL_ONLY,2465,0.197793,22.531165999999999,0.00090799999999999995,0,0,0.028915,24.391202,1,BELOW_TRIGGER,NORMAL_UPDATE,DISABLED_NOT_IMPLEMENTED,0,NOT_REQUESTED
UNONLOCAL_ONLY,2466,0.197794,22.510211999999999,0.0014660000000000001,0,0,0.025353000000000001,24.369831000000001,1,BELOW_TRIGGER,NORMAL_UPDATE,DISABLED_NOT_IMPLEMENTED,0,NOT_REQUESTED
UNONLOCAL_ONLY,2467,0.21141199999999999,22.436807999999999,0.001467,0,0,0.026120999999999998,24.306833999999998,1,BELOW_TRIGGER,NORMAL_UPDATE,DISABLED_NOT_IMPLEMENTED,0,NOT_REQUESTED
UNONLOCAL_ONLY,2468,0.21253,17.106452000000001,0.001467,0,0,0.022908000000000001,19.004413,1,BELOW_TRIGGER,NORMAL_UPDATE,DISABLED_NOT_IMPLEMENTED,0,NOT_REQUESTED
UNONLOCAL_ONLY,2469,0.19639599999999999,17.067060000000001,0.000977,0,0,0.022977999999999998,18.989328,1,BELOW_TRIGGER,NORMAL_UPDATE,DISABLED_NOT_IMPLEMENTED,0,NOT_REQUESTED
UNONLOCAL_ONLY,2470,0.206873,17.264644000000001,0.00097799999999999992,0,0,0.033874000000000001,19.186561999999999,1,BELOW_TRIGGER,NORMAL_UPDATE,DISABLED_NOT_IMPLEMENTED,0,NOT_REQUESTED
UNONLOCAL_ONLY,2471,0.20275199999999999,25.137675999999999,0.001397,0,0,0.023955000000000001,27.119239,1,BELOW_TRIGGER,NORMAL_UPDATE,DISABLED_NOT_IMPLEMENTED,0,NOT_REQUESTED
UNONLOCAL_ONLY,2472,0.196606,17.116159,0.001467,0,0,0.023746,18.991631999999999,1,BELOW_TRIGGER,NORMAL_UPDATE,DISABLED_NOT_IMPLEMENTED,0,NOT_REQUESTED
UNONLOCAL_ONLY,2473,0.19723399999999999,17.224065,0.000977,0,0,0.025283,19.105893999999999,1,BELOW_TRIGGER,NORMAL_UPDATE,DISABLED_NOT_IMPLEMENTED,0,NOT_REQUESTED
UNONLOCAL_ONLY,2474,0.19583700000000001,14.477031999999999,0.001397,0,0,0.030521,16.376180999999999,1,BELOW_TRIGGER,NORMAL_UPDATE,DISABLED_NOT_IMPLEMENTED,0,NOT_REQUESTED
UNONLOCAL_ONLY,2475,0.19513900000000001,17.101492,0.0014660000000000001,0,36.673304000000002,0.030521,55.715921000000002,3,PERIODIC_CHECK,DIRECTIONAL_UPDATE,DISABLED_NOT_IMPLEMENTED,0,NOT_REQUESTED
UNONLOCAL_ONLY,2476,0.198072,19.555188999999999,0.0014660000000000001,0,0,0.024235,21.499666000000001,1,BELOW_TRIGGER,NORMAL_UPDATE,DISABLED_NOT_IMPLEMENTED,0,NOT_REQUESTED
UNONLOCAL_ONLY,2477,0.20421800000000001,24.903845,0.00097799999999999992,0,0,0.024794,26.788675999999999,1,BELOW_TRIGGER,NORMAL_UPDATE,DISABLED_NOT_IMPLEMENTED,0,NOT_REQUESTED
UNONLOCAL_ONLY,2478,0.198631,19.534096000000002,0.001467,0,0,0.022908999999999999,21.451474999999999,1,BELOW_TRIGGER,NORMAL_UPDATE,DISABLED_NOT_IMPLEMENTED,0,NOT_REQUESTED
UNONLOCAL_ONLY,2479,0.19423099999999999,24.430313999999999,0.001467,0,0,0.031988000000000003,26.318918,1,BELOW_TRIGGER,NORMAL_UPDATE,DISABLED_NOT_IMPLEMENTED,0,NOT_REQUESTED
UNONLOCAL_ONLY,2480,0.19653599999999999,19.406844,0.001397,0,0,0.024584999999999999,21.284901000000001,1,BELOW_TRIGGER,NORMAL_UPDATE,DISABLED_NOT_IMPLEMENTED,0,NOT_REQUESTED
UNONLOCAL_ONLY,2481,0.20582500000000001,21.898603999999999,0.001397,0,0,0.024235,23.828205000000001,1,BELOW_TRIGGER,NORMAL_UPDATE,DISABLED_NOT_IMPLEMENTED,0,NOT_REQUESTED
UNONLOCAL_ONLY,2482,0.20575499999999999,27.068953,0.00097799999999999992,0,46.353991999999998,0.031988000000000003,75.429022000000003,3,HIGH_NORMALIZED_INNOVATION,DIRECTIONAL_UPDATE,DISABLED_NOT_IMPLEMENTED,0,NOT_REQUESTED
UNONLOCAL_ONLY,2483,0.19919000000000001,29.453994000000002,0.001397,0,0,0.024514999999999999,31.404686999999999,1,BELOW_TRIGGER,NORMAL_UPDATE,DISABLED_NOT_IMPLEMENTED,0,NOT_REQUESTED
UNONLOCAL_ONLY,2484,0.19709499999999999,24.484582,0.0014660000000000001,0,0,0.025283,26.375630000000001,1,BELOW_TRIGGER,NORMAL_UPDATE,DISABLED_NOT_IMPLEMENTED,0,NOT_REQUESTED
UNONLOCAL_ONLY,2485,0.19681499999999999,18.901955000000001,0.00097799999999999992,0,0,0.031009999999999999,20.749839999999999,1,BELOW_TRIGGER,NORMAL_UPDATE,DISABLED_NOT_IMPLEMENTED,0,NOT_REQUESTED
UNONLOCAL_ONLY,2486,0.204148,21.770374,0.001467,0,0,0.025212999999999999,23.698089,1,BELOW_TRIGGER,NORMAL_UPDATE,DISABLED_NOT_IMPLEMENTED,0,NOT_REQUESTED
UNONLOCAL_ONLY,2487,0.19953899999999999,23.801245000000002,0.001397,0,0,0.025283,25.681048000000001,1,BELOW_TRIGGER,NORMAL_UPDATE,DISABLED_NOT_IMPLEMENTED,0,NOT_REQUESTED
UNONLOCAL_ONLY,2488,0.20722199999999999,28.081246,0.00097799999999999992,0,0,0.024236000000000001,30.083272000000001,1,BELOW_TRIGGER,NORMAL_UPDATE,DISABLED_NOT_IMPLEMENTED,0,NOT_REQUESTED
UNONLOCAL_ONLY,2489,0.19786300000000001,27.891625000000001,0.001467,0,0,0.023886000000000001,29.827231999999999,1,BELOW_TRIGGER,NORMAL_UPDATE,DISABLED_NOT_IMPLEMENTED,0,NOT_REQUESTED
UNONLOCAL_ONLY,2490,0.197024,23.810465000000001,0.001397,0,0,0.025212999999999999,25.778897000000001,1,BELOW_TRIGGER,NORMAL_UPDATE,DISABLED_NOT_IMPLEMENTED,0,NOT_REQUESTED
UNONLOCAL_ONLY,2491,0.19367300000000001,18.083473999999999,0.001397,0,0,0.024305,20.101075000000002,1,BELOW_TRIGGER,NORMAL_UPDATE,DISABLED_NOT_IMPLEMENTED,0,NOT_REQUESTED
UNONLOCAL_ONLY,2492,0.19702500000000001,15.244598,0.001397,0,0,0.023886000000000001,17.237684999999999,1,BELOW_TRIGGER,NORMAL_UPDATE,DISABLED_NOT_IMPLEMENTED,0,NOT_REQUESTED
UNONLOCAL_ONLY,2493,0.21085400000000001,15.189283,0.001397,0,0,0.024375000000000001,17.239221000000001,1,BELOW_TRIGGER,NORMAL_UPDATE,DISABLED_NOT_IMPLEMENTED,0,NOT_REQUESTED
UNONLOCAL_ONLY,2494,0.19653599999999999,21.743834,0.001467,0,0,0.022839000000000002,23.803341,1,BELOW_TRIGGER,NORMAL_UPDATE,DISABLED_NOT_IMPLEMENTED,0,NOT_REQUESTED
UNONLOCAL_ONLY,2495,0.19437099999999999,17.462088000000001,0.001467,0,0,0.024375000000000001,19.513773,1,BELOW_TRIGGER,NORMAL_UPDATE,DISABLED_NOT_IMPLEMENTED,0,NOT_REQUESTED
UNONLOCAL_ONLY,2496,0.19653599999999999,24.482346,0.001467,0,0,0.024164999999999999,26.588857000000001,1,BELOW_TRIGGER,NORMAL_UPDATE,DISABLED_NOT_IMPLEMENTED,0,NOT_REQUESTED
UNONLOCAL_ONLY,2497,0.196327,15.414384,0.0018860000000000001,0,0,0.027238999999999999,17.389241999999999,1,BELOW_TRIGGER,NORMAL_UPDATE,DISABLED_NOT_IMPLEMENTED,0,NOT_REQUESTED
UNONLOCAL_ONLY,2498,0.19933000000000001,22.504695000000002,0.00090700000000000004,0,0,0.024934000000000001,24.477247999999999,1,BELOW_TRIGGER,NORMAL_UPDATE,DISABLED_NOT_IMPLEMENTED,0,NOT_REQUESTED
UNONLOCAL_ONLY,2499,0.196467,34.285049000000001,0.001397,0,66.114446999999998,0.029054,102.342716,3,HIGH_NORMALIZED_INNOVATION,DIRECTIONAL_UPDATE,DISABLED_NOT_IMPLEMENTED,0,NOT_REQUESTED
UNONLOCAL_ONLY,2500,0.189971,22.772051000000001,0.00097799999999999992,0,42.831150999999998,0.028705000000000001,67.464707000000004,3,HIGH_NORMALIZED_INNOVATION,DIRECTIONAL_UPDATE,DISABLED_NOT_IMPLEMENTED,0,NOT_REQUESTED
UNONLOCAL_ONLY,2501,0.200098,13.65443,0.00097799999999999992,0,0,0.026679999999999999,15.545128999999999,1,BELOW_TRIGGER,NORMAL_UPDATE,DISABLED_NOT_IMPLEMENTED,0,NOT_REQUESTED
UNONLOCAL_ONLY,2502,0.19939899999999999,24.019642000000001,0.001397,0,0,0.025842,25.857959000000001,1,BELOW_TRIGGER,NORMAL_UPDATE,DISABLED_NOT_IMPLEMENTED,0,NOT_REQUESTED
UNONLOCAL_ONLY,2503,0.195488,13.670983,0.00090799999999999995,0,0,0.027727000000000002,15.556094,1,BELOW_TRIGGER,NORMAL_UPDATE,DISABLED_NOT_IMPLEMENTED,0,NOT_REQUESTED
UNONLOCAL_ONLY,2504,0.19737399999999999,13.979685,0.0014660000000000001,0,0,0.024235,15.866891000000001,1,BELOW_TRIGGER,NORMAL_UPDATE,DISABLED_NOT_IMPLEMENTED,0,NOT_REQUESTED
UNONLOCAL_ONLY,2505,0.206733,11.403276,0.001467,0,0,0.022768,13.381347,1,BELOW_TRIGGER,NORMAL_UPDATE,DISABLED_NOT_IMPLEMENTED,0,NOT_REQUESTED
UNONLOCAL_ONLY,2506,0.19667599999999999,18.945326999999999,0.001397,0,0,0.029613,20.928076999999998,1,BELOW_TRIGGER,NORMAL_UPDATE,DISABLED_NOT_IMPLEMENTED,0,NOT_REQUESTED
UNONLOCAL_ONLY,2507,0.198073,23.744464000000001,0.00097799999999999992,0,0,0.025142999999999999,25.633486000000001,1,BELOW_TRIGGER,NORMAL_UPDATE,DISABLED_NOT_IMPLEMENTED,0,NOT_REQUESTED
UNONLOCAL_ONLY,2508,0.19625699999999999,11.339929,0.001467,0,0,0.034851,13.282591,1,BELOW_TRIGGER,NORMAL_UPDATE,DISABLED_NOT_IMPLEMENTED,0,NOT_REQUESTED
UNONLOCAL_ONLY,2509,0.204708,13.87604,0.001397,0,0,0.027099000000000002,15.797329,1,BELOW_TRIGGER,NORMAL_UPDATE,DISABLED_NOT_IMPLEMENTED,0,NOT_REQUESTED
UNONLOCAL_ONLY,2510,0.19709499999999999,18.975847999999999,0.00097799999999999992,0,0,0.030032,20.929893,1,BELOW_TRIGGER,NORMAL_UPDATE,DISABLED_NOT_IMPLEMENTED,0,NOT_REQUESTED
UNONLOCAL_ONLY,2511,0.21818699999999999,18.741178000000001,0.00097799999999999992,0,0,0.026679999999999999,20.676924,1,BELOW_TRIGGER,NORMAL_UPDATE,DISABLED_NOT_IMPLEMENTED,0,NOT_REQUESTED
UNONLOCAL_ONLY,2512,0.200378,18.717780000000001,0.001467,0,0,0.027866999999999999,20.668472999999999,1,BELOW_TRIGGER,NORMAL_UPDATE,DISABLED_NOT_IMPLEMENTED,0,NOT_REQUESTED
UNONLOCAL_ONLY,2513,0.199958,16.302078000000002,0.001397,0,0,0.023258000000000001,18.191448999999999,1,BELOW_TRIGGER,NORMAL_UPDATE,DISABLED_NOT_IMPLEMENTED,0,NOT_REQUESTED
UNONLOCAL_ONLY,2514,0.19520899999999999,13.799633,0.001467,0,0,0.024235,15.725111999999999,1,BELOW_TRIGGER,NORMAL_UPDATE,DISABLED_NOT_IMPLEMENTED,0,NOT_REQUESTED
UNONLOCAL_ONLY,2515,0.198072,15.001545999999999,0.0014660000000000001,0,0,0.057898999999999999,17.020265999999999,1,BELOW_TRIGGER,NORMAL_UPDATE,DISABLED_NOT_IMPLEMENTED,0,NOT_REQUESTED
UNONLOCAL_ONLY,2516,0.23236499999999999,13.300819000000001,0.001397,0,0,0.022908999999999999,15.282102999999999,1,BELOW_TRIGGER,NORMAL_UPDATE,DISABLED_NOT_IMPLEMENTED,0,NOT_REQUESTED
UNONLOCAL_ONLY,2517,0.20575499999999999,16.308923,0.00097799999999999992,0,0,0.024235,18.274702000000001,1,BELOW_TRIGGER,NORMAL_UPDATE,DISABLED_NOT_IMPLEMENTED,0,NOT_REQUESTED
UNONLOCAL_ONLY,2518,0.196606,13.752489000000001,0.00090799999999999995,0,0,0.022697999999999999,15.759613999999999,1,BELOW_TRIGGER,NORMAL_UPDATE,DISABLED_NOT_IMPLEMENTED,0,NOT_REQUESTED
UNONLOCAL_ONLY,2519,0.19681599999999999,16.131664000000001,0.001467,0,0,0.023257,18.145703999999999,1,BELOW_TRIGGER,NORMAL_UPDATE,DISABLED_NOT_IMPLEMENTED,0,NOT_REQUESTED
UNONLOCAL_ONLY,2520,0.196745,18.545549999999999,0.00090799999999999995,0,0,0.025842,20.553024000000001,1,BELOW_TRIGGER,NORMAL_UPDATE,DISABLED_NOT_IMPLEMENTED,0,NOT_REQUESTED
UNONLOCAL_ONLY,2521,0.196746,16.032907000000002,0.0014660000000000001,0,0,0.025214,18.080400000000001,1,BELOW_TRIGGER,NORMAL_UPDATE,DISABLED_NOT_IMPLEMENTED,0,NOT_REQUESTED
UNONLOCAL_ONLY,2522,0.207012,23.368503,0.000977,0,0,0.023886000000000001,25.412016000000001,1,BELOW_TRIGGER,NORMAL_UPDATE,DISABLED_NOT_IMPLEMENTED,0,NOT_REQUESTED
UNONLOCAL_ONLY,2523,0.197514,28.283090000000001,0.001397,0,0,0.024723999999999999,30.328419,1,BELOW_TRIGGER,NORMAL_UPDATE,DISABLED_NOT_IMPLEMENTED,0,NOT_REQUESTED
UNONLOCAL_ONLY,2524,0.189273,13.687675,0.001397,0,0,0.023328000000000002,15.677479999999999,1,BELOW_TRIGGER,NORMAL_UPDATE,DISABLED_NOT_IMPLEMENTED,0,NOT_REQUESTED
UNONLOCAL_ONLY,2525,0.19709499999999999,22.384566,0.001397,0,52.777869000000003,0.029753000000000002,77.216493999999997,3,PERIODIC_CHECK,DIRECTIONAL_UPDATE,DISABLED_NOT_IMPLEMENTED,0,NOT_REQUESTED
UNONLOCAL_ONLY,2526,0.19569800000000001,13.89329,0.001467,0,0,0.031498999999999999,16.002246,1,BELOW_TRIGGER,NORMAL_UPDATE,DISABLED_NOT_IMPLEMENTED,0,NOT_REQUESTED
UNONLOCAL_ONLY,2527,0.19897999999999999,16.111968000000001,0.00097799999999999992,0,0,0.025772,18.193754999999999,1,BELOW_TRIGGER,NORMAL_UPDATE,DISABLED_NOT_IMPLEMENTED,0,NOT_REQUESTED
UNONLOCAL_ONLY,2528,0.20799000000000001,18.747045,0.00097799999999999992,0,0,0.024305,20.815211999999999,1,BELOW_TRIGGER,NORMAL_UPDATE,DISABLED_NOT_IMPLEMENTED,0,NOT_REQUESTED
UNONLOCAL_ONLY,2529,0.19772400000000001,21.034167,0.001397,0,0,0.024164999999999999,23.090530999999999,1,BELOW_TRIGGER,NORMAL_UPDATE,DISABLED_NOT_IMPLEMENTED,0,NOT_REQUESTED
UNONLOCAL_ONLY,2530,0.19492899999999999,16.136133999999998,0.001397,0,0,0.023536999999999999,18.177690999999999,1,BELOW_TRIGGER,NORMAL_UPDATE,DISABLED_NOT_IMPLEMENTED,0,NOT_REQUESTED
UNONLOCAL_ONLY,2531,0.19527900000000001,13.765758999999999,0.001397,0,0,0.023257,15.869336000000001,1,BELOW_TRIGGER,NORMAL_UPDATE,DISABLED_NOT_IMPLEMENTED,0,NOT_REQUESTED
UNONLOCAL_ONLY,2532,0.19520899999999999,18.806339999999999,0.000977,0,0,0.026679999999999999,20.896229000000002,1,BELOW_TRIGGER,NORMAL_UPDATE,DISABLED_NOT_IMPLEMENTED,0,NOT_REQUESTED
UNONLOCAL_ONLY,2533,0.214555,24.053934999999999,0.0013960000000000001,0,0,0.024864000000000001,26.159956999999999,1,BELOW_TRIGGER,NORMAL_UPDATE,DISABLED_NOT_IMPLEMENTED,0,NOT_REQUESTED
UNONLOCAL_ONLY,2534,0.20841000000000001,19.098351000000001,0.001397,0,0,0.026749999999999999,21.18328,1,BELOW_TRIGGER,NORMAL_UPDATE,DISABLED_NOT_IMPLEMENTED,0,NOT_REQUESTED
UNONLOCAL_ONLY,2535,0.198352,25.573702000000001,0.00097799999999999992,0,0,0.025281999999999999,27.720441000000001,1,BELOW_TRIGGER,NORMAL_UPDATE,DISABLED_NOT_IMPLEMENTED,0,NOT_REQUESTED
UNONLOCAL_ONLY,2536,0.18396399999999999,21.456084000000001,0.001467,0,0,0.024794,23.458739999999999,1,BELOW_TRIGGER,NORMAL_UPDATE,DISABLED_NOT_IMPLEMENTED,0,NOT_REQUESTED
UNONLOCAL_ONLY,2537,0.19905,24.295867999999999,0.00097799999999999992,0,0,0.025212999999999999,26.423192,1,BELOW_TRIGGER,NORMAL_UPDATE,DISABLED_NOT_IMPLEMENTED,0,NOT_REQUESTED
UNONLOCAL_ONLY,2538,0.18759600000000001,24.422491999999998,0.00090799999999999995,0,0,0.024723999999999999,26.476901000000002,1,BELOW_TRIGGER,NORMAL_UPDATE,DISABLED_NOT_IMPLEMENTED,0,NOT_REQUESTED
UNONLOCAL_ONLY,2539,0.195907,24.464397999999999,0.001467,0,0,0.024305,26.505255999999999,1,BELOW_TRIGGER,NORMAL_UPDATE,DISABLED_NOT_IMPLEMENTED,0,NOT_REQUESTED
UNONLOCAL_ONLY,2540,0.207152,24.411597,0.00097799999999999992,0,0,0.024235,26.428989000000001,1,BELOW_TRIGGER,NORMAL_UPDATE,DISABLED_NOT_IMPLEMENTED,0,NOT_REQUESTED
UNONLOCAL_ONLY,2541,0.19513900000000001,24.417742000000001,0.001397,0,0,0.030521,26.451408000000001,1,BELOW_TRIGGER,NORMAL_UPDATE,DISABLED_NOT_IMPLEMENTED,0,NOT_REQUESTED
UNONLOCAL_ONLY,2542,0.19800300000000001,24.414180999999999,0.001467,0,0,0.025073999999999999,26.464957999999999,1,BELOW_TRIGGER,NORMAL_UPDATE,DISABLED_NOT_IMPLEMENTED,0,NOT_REQUESTED
UNONLOCAL_ONLY,2543,0.194441,24.344618000000001,0.000977,0,0,0.027098000000000001,26.360403999999999,1,BELOW_TRIGGER,NORMAL_UPDATE,DISABLED_NOT_IMPLEMENTED,0,NOT_REQUESTED
UNONLOCAL_ONLY,2544,0.19744400000000001,23.885753999999999,0.00097799999999999992,0,0,0.029543,25.990449999999999,1,BELOW_TRIGGER,NORMAL_UPDATE,DISABLED_NOT_IMPLEMENTED,0,NOT_REQUESTED
UNONLOCAL_ONLY,2545,0.19946900000000001,19.103798999999999,0.001885,0,0,0.035270999999999997,21.163934000000001,1,BELOW_TRIGGER,NORMAL_UPDATE,DISABLED_NOT_IMPLEMENTED,0,NOT_REQUESTED
UNONLOCAL_ONLY,2546,0.21420600000000001,16.554278,0.00097799999999999992,0,0,0.028426,18.649615000000001,1,BELOW_TRIGGER,NORMAL_UPDATE,DISABLED_NOT_IMPLEMENTED,0,NOT_REQUESTED
UNONLOCAL_ONLY,2547,0.20289199999999999,16.574672,0.00097799999999999992,0,0,0.026749999999999999,18.526831999999999,1,BELOW_TRIGGER,NORMAL_UPDATE,DISABLED_NOT_IMPLEMENTED,0,NOT_REQUESTED
UNONLOCAL_ONLY,2548,0.196606,23.880306999999998,0.00090799999999999995,0,0,0.026749999999999999,25.843920000000001,1,BELOW_TRIGGER,NORMAL_UPDATE,DISABLED_NOT_IMPLEMENTED,0,NOT_REQUESTED
UNONLOCAL_ONLY,2549,0.19583800000000001,26.772262999999999,0.00097799999999999992,0,0,0.025701999999999999,28.711082000000001,1,BELOW_TRIGGER,NORMAL_UPDATE,DISABLED_NOT_IMPLEMENTED,0,NOT_REQUESTED
UNONLOCAL_ONLY,2550,0.19758400000000001,19.447911000000001,0.001397,0,59.212501000000003,0.032406999999999998,80.675777999999994,3,PERIODIC_CHECK,DIRECTIONAL_UPDATE,DISABLED_NOT_IMPLEMENTED,0,NOT_REQUESTED
UNONLOCAL_ONLY,2551,0.20002800000000001,16.820377000000001,0.001467,0,0,0.025073999999999999,18.823383,1,BELOW_TRIGGER,NORMAL_UPDATE,DISABLED_NOT_IMPLEMENTED,0,NOT_REQUESTED
UNONLOCAL_ONLY,2552,0.20805999999999999,19.462437999999999,0.001467,0,0,0.025212999999999999,21.447423000000001,1,BELOW_TRIGGER,NORMAL_UPDATE,DISABLED_NOT_IMPLEMENTED,0,NOT_REQUESTED
UNONLOCAL_ONLY,2553,0.196606,14.225180999999999,0.001397,0,0,0.027727999999999999,16.169937999999998,1,BELOW_TRIGGER,NORMAL_UPDATE,DISABLED_NOT_IMPLEMENTED,0,NOT_REQUESTED
UNONLOCAL_ONLY,2554,0.19639599999999999,11.753883999999999,0.00097799999999999992,0,0,0.024794,13.755910999999999,1,BELOW_TRIGGER,NORMAL_UPDATE,DISABLED_NOT_IMPLEMENTED,0,NOT_REQUESTED
UNONLOCAL_ONLY,2555,0.196327,16.885680000000001,0.001397,0,0,0.026190999999999999,18.840492999999999,1,BELOW_TRIGGER,NORMAL_UPDATE,DISABLED_NOT_IMPLEMENTED,0,NOT_REQUESTED
UNONLOCAL_ONLY,2556,0.18871399999999999,15.011813999999999,0.00097799999999999992,0,0,0.023817000000000001,16.99212,1,BELOW_TRIGGER,NORMAL_UPDATE,DISABLED_NOT_IMPLEMENTED,0,NOT_REQUESTED
UNONLOCAL_ONLY,2557,0.20261199999999999,20.257522000000002,0.00097799999999999992,0,0,0.029194000000000001,22.172526000000001,1,BELOW_TRIGGER,NORMAL_UPDATE,DISABLED_NOT_IMPLEMENTED,0,NOT_REQUESTED
UNONLOCAL_ONLY,2558,0.232155,16.231048999999999,0.00097799999999999992,0,0,0.024933,18.581448999999999,1,BELOW_TRIGGER,NORMAL_UPDATE,DISABLED_NOT_IMPLEMENTED,0,NOT_REQUESTED
UNONLOCAL_ONLY,2559,0.196326,14.236286,0.00097799999999999992,0,0,0.029543,16.226509,1,BELOW_TRIGGER,NORMAL_UPDATE,DISABLED_NOT_IMPLEMENTED,0,NOT_REQUESTED
UNONLOCAL_ONLY,2560,0.19534899999999999,16.851807000000001,0.00097799999999999992,0,0,0.022349999999999998,18.896647000000002,1,BELOW_TRIGGER,NORMAL_UPDATE,DISABLED_NOT_IMPLEMENTED,0,NOT_REQUESTED
UNONLOCAL_ONLY,2561,0.19639599999999999,21.520129000000001,0.001397,0,0,0.023466999999999998,23.554074,1,BELOW_TRIGGER,NORMAL_UPDATE,DISABLED_NOT_IMPLEMENTED,0,NOT_REQUESTED
UNONLOCAL_ONLY,2562,0.19702500000000001,26.329743000000001,0.001397,0,0,0.025283,28.333165999999999,1,BELOW_TRIGGER,NORMAL_UPDATE,DISABLED_NOT_IMPLEMENTED,0,NOT_REQUESTED
UNONLOCAL_ONLY,2563,0.204847,13.933311,0.001397,0,0,0.022280000000000001,15.945954,1,BELOW_TRIGGER,NORMAL_UPDATE,DISABLED_NOT_IMPLEMENTED,0,NOT_REQUESTED
UNONLOCAL_ONLY,2564,0.194161,13.794534000000001,0.0013960000000000001,0,0,0.02214,15.824427999999999,1,BELOW_TRIGGER,NORMAL_UPDATE,DISABLED_NOT_IMPLEMENTED,0,NOT_REQUESTED
UNONLOCAL_ONLY,2565,0.19541800000000001,16.402861000000001,0.001397,0,0,0.023956000000000002,18.485973999999999,1,BELOW_TRIGGER,NORMAL_UPDATE,DISABLED_NOT_IMPLEMENTED,0,NOT_REQUESTED
UNONLOCAL_ONLY,2566,0.19681499999999999,18.896785999999999,0.001467,0,0,0.030521,20.955106000000001,1,BELOW_TRIGGER,NORMAL_UPDATE,DISABLED_NOT_IMPLEMENTED,0,NOT_REQUESTED
UNONLOCAL_ONLY,2567,0.19946900000000001,16.786434,0.001397,0,0,0.024235,18.835186,1,BELOW_TRIGGER,NORMAL_UPDATE,DISABLED_NOT_IMPLEMENTED,0,NOT_REQUESTED
UNONLOCAL_ONLY,2568,0.195488,11.583259999999999,0.001467,0,0,0.022349999999999998,13.575927999999999,1,BELOW_TRIGGER,NORMAL_UPDATE,DISABLED_NOT_IMPLEMENTED,0,NOT_REQUESTED
UNONLOCAL_ONLY,2569,0.19513900000000001,11.674334,0.001397,0,0,0.024025000000000001,13.661345000000001,1,BELOW_TRIGGER,NORMAL_UPDATE,DISABLED_NOT_IMPLEMENTED,0,NOT_REQUESTED
UNONLOCAL_ONLY,2570,0.19534799999999999,27.027397000000001,0.001467,0,0,0.025772,29.014686999999999,1,BELOW_TRIGGER,NORMAL_UPDATE,DISABLED_NOT_IMPLEMENTED,0,NOT_REQUESTED
UNONLOCAL_ONLY,2571,0.196606,22.062035999999999,0.0014660000000000001,0,0,0.025911,24.084106999999999,1,BELOW_TRIGGER,NORMAL_UPDATE,DISABLED_NOT_IMPLEMENTED,0,NOT_REQUESTED
UNONLOCAL_ONLY,2572,0.19709399999999999,22.299219000000001,0.00097799999999999992,0,0,0.025073999999999999,24.273658000000001,1,BELOW_TRIGGER,NORMAL_UPDATE,DISABLED_NOT_IMPLEMENTED,0,NOT_REQUESTED
UNONLOCAL_ONLY,2573,0.21232000000000001,27.205285,0.0014660000000000001,0,0,0.024305,29.239719000000001,1,BELOW_TRIGGER,NORMAL_UPDATE,DISABLED_NOT_IMPLEMENTED,0,NOT_REQUESTED
UNONLOCAL_ONLY,2574,0.19534899999999999,20.934781999999998,0.0014660000000000001,0,0,0.026190000000000001,22.826388000000001,1,BELOW_TRIGGER,NORMAL_UPDATE,DISABLED_NOT_IMPLEMENTED,0,NOT_REQUESTED
UNONLOCAL_ONLY,2575,0.20519599999999999,14.213796,0.00090799999999999995,0,54.744554999999998,0.028636000000000002,70.826071999999996,3,PERIODIC_CHECK,DIRECTIONAL_UPDATE,DISABLED_NOT_IMPLEMENTED,0,NOT_REQUESTED
UNONLOCAL_ONLY,2576,0.19744400000000001,22.021526999999999,0.00090799999999999995,0,0,0.024375000000000001,24.024111999999999,1,BELOW_TRIGGER,NORMAL_UPDATE,DISABLED_NOT_IMPLEMENTED,0,NOT_REQUESTED
UNONLOCAL_ONLY,2577,0.19702500000000001,14.376179,0.001397,0,0,0.024375000000000001,16.255285000000001,1,BELOW_TRIGGER,NORMAL_UPDATE,DISABLED_NOT_IMPLEMENTED,0,NOT_REQUESTED
UNONLOCAL_ONLY,2578,0.197793,40.394356999999999,0.0013960000000000001,0,0,0.024375000000000001,42.339252000000002,1,BELOW_TRIGGER,NORMAL_UPDATE,DISABLED_NOT_IMPLEMENTED,0,NOT_REQUESTED
UNONLOCAL_ONLY,2579,0.195907,17.006087999999998,0.001467,0,0,0.022977999999999998,18.901605,1,BELOW_TRIGGER,NORMAL_UPDATE,DISABLED_NOT_IMPLEMENTED,0,NOT_REQUESTED
UNONLOCAL_ONLY,2580,0.19500000000000001,30.077755,0.000977,0,0,0.026609000000000001,32.015037999999997,1,BELOW_TRIGGER,NORMAL_UPDATE,DISABLED_NOT_IMPLEMENTED,0,NOT_REQUESTED
UNONLOCAL_ONLY,2581,0.20694299999999999,27.668966999999999,0.00097799999999999992,0,0,0.024235,29.614352,1,BELOW_TRIGGER,NORMAL_UPDATE,DISABLED_NOT_IMPLEMENTED,0,NOT_REQUESTED
UNONLOCAL_ONLY,2582,0.198771,22.281548999999998,0.0014660000000000001,0,0,0.023886000000000001,24.170432000000002,1,BELOW_TRIGGER,NORMAL_UPDATE,DISABLED_NOT_IMPLEMENTED,0,NOT_REQUESTED
UNONLOCAL_ONLY,2583,0.18745600000000001,17.245158,0.001397,0,0,0.022838000000000001,19.118046,1,BELOW_TRIGGER,NORMAL_UPDATE,DISABLED_NOT_IMPLEMENTED,0,NOT_REQUESTED
UNONLOCAL_ONLY,2584,0.18682799999999999,19.738036000000001,0.001467,0,0,0.032475999999999998,21.656670999999999,1,BELOW_TRIGGER,NORMAL_UPDATE,DISABLED_NOT_IMPLEMENTED,0,NOT_REQUESTED
UNONLOCAL_ONLY,2585,0.20128499999999999,24.927102000000001,0.00097799999999999992,0,0,0.024864000000000001,26.861941000000002,1,BELOW_TRIGGER,NORMAL_UPDATE,DISABLED_NOT_IMPLEMENTED,0,NOT_REQUESTED
UNONLOCAL_ONLY,2586,0.206453,19.920812999999999,0.001467,0,0,0.030032,21.959786000000001,1,BELOW_TRIGGER,NORMAL_UPDATE,DISABLED_NOT_IMPLEMENTED,0,NOT_REQUESTED
UNONLOCAL_ONLY,2587,0.19884099999999999,19.688797000000001,0.001467,0,0,0.024584999999999999,21.723299999999998,1,BELOW_TRIGGER,NORMAL_UPDATE,DISABLED_NOT_IMPLEMENTED,0,NOT_REQUESTED
UNONLOCAL_ONLY,2588,0.196047,19.833300000000001,0.001397,0,0,0.022558999999999999,21.803898,1,BELOW_TRIGGER,NORMAL_UPDATE,DISABLED_NOT_IMPLEMENTED,0,NOT_REQUESTED
UNONLOCAL_ONLY,2589,0.19625699999999999,21.607571,0.0013960000000000001,0,0,0.041834999999999997,23.638933000000002,1,BELOW_TRIGGER,NORMAL_UPDATE,DISABLED_NOT_IMPLEMENTED,0,NOT_REQUESTED
UNONLOCAL_ONLY,2590,0.203241,16.544291999999999,0.001467,0,0,0.023746,18.58061,1,BELOW_TRIGGER,NORMAL_UPDATE,DISABLED_NOT_IMPLEMENTED,0,NOT_REQUESTED
UNONLOCAL_ONLY,2591,0.196187,16.540869000000001,0.001397,0,0,0.022769000000000001,18.551276999999999,1,BELOW_TRIGGER,NORMAL_UPDATE,DISABLED_NOT_IMPLEMENTED,0,NOT_REQUESTED
UNONLOCAL_ONLY,2592,0.20666300000000001,22.676088,0.001397,0,0,0.023886000000000001,24.688870000000001,1,BELOW_TRIGGER,NORMAL_UPDATE,DISABLED_NOT_IMPLEMENTED,0,NOT_REQUESTED
UNONLOCAL_ONLY,2593,0.19513900000000001,16.587664,0.00097799999999999992,0,0,0.024306000000000001,18.557003999999999,1,BELOW_TRIGGER,NORMAL_UPDATE,DISABLED_NOT_IMPLEMENTED,0,NOT_REQUESTED
UNONLOCAL_ONLY,2594,0.19583700000000001,19.294747999999998,0.000977,0,0,0.025283,21.216106,1,BELOW_TRIGGER,NORMAL_UPDATE,DISABLED_NOT_IMPLEMENTED,0,NOT_REQUESTED
UNONLOCAL_ONLY,2595,0.19625699999999999,14.387074999999999,0.00097799999999999992,0,0,0.028985,16.234472,1,BELOW_TRIGGER,NORMAL_UPDATE,DISABLED_NOT_IMPLEMENTED,0,NOT_REQUESTED
UNONLOCAL_ONLY,2596,0.19653599999999999,15.9741,0.001397,0,0,0.033244999999999997,17.814302000000001,1,BELOW_TRIGGER,NORMAL_UPDATE,DISABLED_NOT_IMPLEMENTED,0,NOT_REQUESTED
UNONLOCAL_ONLY,2597,0.23858099999999999,19.778473999999999,0.001397,0,0,0.030800999999999999,21.871226,1,BELOW_TRIGGER,NORMAL_UPDATE,DISABLED_NOT_IMPLEMENTED,0,NOT_REQUESTED
UNONLOCAL_ONLY,2598,0.208758,20.501760000000001,0.001467,0,0,0.023747000000000001,22.303061,1,BELOW_TRIGGER,NORMAL_UPDATE,DISABLED_NOT_IMPLEMENTED,0,NOT_REQUESTED
UNONLOCAL_ONLY,2599,0.198212,17.781686000000001,0.0013960000000000001,0,0,0.024094999999999998,19.650663000000002,1,BELOW_TRIGGER,NORMAL_UPDATE,DISABLED_NOT_IMPLEMENTED,0,NOT_REQUESTED
UNONLOCAL_ONLY,2600,0.19667499999999999,21.744253,0.00090799999999999995,0,46.455263000000002,0.027657999999999999,70.271524999999997,3,PERIODIC_CHECK,DIRECTIONAL_UPDATE,DISABLED_NOT_IMPLEMENTED,0,NOT_REQUESTED
UNONLOCAL_ONLY,2601,0.19939999999999999,15.316115999999999,0.001397,0,0,0.026679999999999999,17.391058000000001,1,BELOW_TRIGGER,NORMAL_UPDATE,DISABLED_NOT_IMPLEMENTED,0,NOT_REQUESTED
UNONLOCAL_ONLY,2602,0.196466,17.951751999999999,0.001397,0,0,0.023466999999999998,20.005112,1,BELOW_TRIGGER,NORMAL_UPDATE,DISABLED_NOT_IMPLEMENTED,0,NOT_REQUESTED
UNONLOCAL_ONLY,2603,0.19514000000000001,17.953218,0.001467,0,0,0.028146999999999998,20.089061999999998,1,BELOW_TRIGGER,NORMAL_UPDATE,DISABLED_NOT_IMPLEMENTED,0,NOT_REQUESTED
UNONLOCAL_ONLY,2604,0.20854900000000001,18.01426,0.001467,0,0,0.025701999999999999,20.137741999999999,1,BELOW_TRIGGER,NORMAL_UPDATE,DISABLED_NOT_IMPLEMENTED,0,NOT_REQUESTED
UNONLOCAL_ONLY,2605,0.197514,15.896504999999999,0.001467,0,0,0.029543,18.057283000000002,1,BELOW_TRIGGER,NORMAL_UPDATE,DISABLED_NOT_IMPLEMENTED,0,NOT_REQUESTED
UNONLOCAL_ONLY,2606,0.24158399999999999,17.684116,0.00090799999999999995,0,0,0.025562999999999999,19.808577,1,BELOW_TRIGGER,NORMAL_UPDATE,DISABLED_NOT_IMPLEMENTED,0,NOT_REQUESTED
UNONLOCAL_ONLY,2607,0.197514,18.672661999999999,0.00090799999999999995,0,0,0.027937,20.806342000000001,1,BELOW_TRIGGER,NORMAL_UPDATE,DISABLED_NOT_IMPLEMENTED,0,NOT_REQUESTED
UNONLOCAL_ONLY,2608,0.188365,18.043035,0.001397,0,0,0.030521,20.144936999999999,1,BELOW_TRIGGER,NORMAL_UPDATE,DISABLED_NOT_IMPLEMENTED,0,NOT_REQUESTED
UNONLOCAL_ONLY,2609,0.20142499999999999,21.195502999999999,0.00097799999999999992,0,0,0.025772,23.350624,1,BELOW_TRIGGER,NORMAL_UPDATE,DISABLED_NOT_IMPLEMENTED,0,NOT_REQUESTED
UNONLOCAL_ONLY,2610,0.20722199999999999,18.045759,0.001397,0,0,0.025353000000000001,20.220855,1,BELOW_TRIGGER,NORMAL_UPDATE,DISABLED_NOT_IMPLEMENTED,0,NOT_REQUESTED
UNONLOCAL_ONLY,2611,0.19891,20.569158000000002,0.001397,0,0,0.025842,22.708075000000001,1,BELOW_TRIGGER,NORMAL_UPDATE,DISABLED_NOT_IMPLEMENTED,0,NOT_REQUESTED
UNONLOCAL_ONLY,2612,0.18759700000000001,17.920043,0.001397,0,0,0.024794,20.020406999999999,1,BELOW_TRIGGER,NORMAL_UPDATE,DISABLED_NOT_IMPLEMENTED,0,NOT_REQUESTED
UNONLOCAL_ONLY,2613,0.19611700000000001,21.681884,0.001397,0,0,0.029054,23.803830000000001,1,BELOW_TRIGGER,NORMAL_UPDATE,DISABLED_NOT_IMPLEMENTED,0,NOT_REQUESTED
UNONLOCAL_ONLY,2614,0.232295,20.131875000000001,0.001397,0,0,0.024236000000000001,22.445259,1,BELOW_TRIGGER,NORMAL_UPDATE,DISABLED_NOT_IMPLEMENTED,0,NOT_REQUESTED
UNONLOCAL_ONLY,2615,0.20554500000000001,20.736988,0.001397,0,0,0.031009999999999999,22.791326999999999,1,BELOW_TRIGGER,NORMAL_UPDATE,DISABLED_NOT_IMPLEMENTED,0,NOT_REQUESTED
UNONLOCAL_ONLY,2616,0.20142499999999999,20.498826999999999,0.001397,0,0,0.024864000000000001,22.627407999999999,1,BELOW_TRIGGER,NORMAL_UPDATE,DISABLED_NOT_IMPLEMENTED,0,NOT_REQUESTED
UNONLOCAL_ONLY,2617,0.19730400000000001,20.696131000000001,0.001397,0,0,0.030591,22.783156000000002,1,BELOW_TRIGGER,NORMAL_UPDATE,DISABLED_NOT_IMPLEMENTED,0,NOT_REQUESTED
UNONLOCAL_ONLY,2618,0.20072699999999999,17.912500000000001,0.001467,0,0,0.025283,19.986045000000001,1,BELOW_TRIGGER,NORMAL_UPDATE,DISABLED_NOT_IMPLEMENTED,0,NOT_REQUESTED
UNONLOCAL_ONLY,2619,0.196047,20.496243,0.001397,0,0,0.028146000000000001,22.593744000000001,1,BELOW_TRIGGER,NORMAL_UPDATE,DISABLED_NOT_IMPLEMENTED,0,NOT_REQUESTED
UNONLOCAL_ONLY,2620,0.19723399999999999,17.828340000000001,0.0014660000000000001,0,0,0.025423000000000001,19.920183999999999,1,BELOW_TRIGGER,NORMAL_UPDATE,DISABLED_NOT_IMPLEMENTED,0,NOT_REQUESTED
UNONLOCAL_ONLY,2621,0.20554600000000001,20.564129000000001,0.001397,0,0,0.023397000000000001,22.666799000000001,1,BELOW_TRIGGER,NORMAL_UPDATE,DISABLED_NOT_IMPLEMENTED,0,NOT_REQUESTED
UNONLOCAL_ONLY,2622,0.18899299999999999,20.559100999999998,0.001397,0,0,0.023747000000000001,22.601845999999998,1,BELOW_TRIGGER,NORMAL_UPDATE,DISABLED_NOT_IMPLEMENTED,0,NOT_REQUESTED
UNONLOCAL_ONLY,2623,0.195628,20.510490000000001,0.001467,0,0,0.024723999999999999,22.599401,1,BELOW_TRIGGER,NORMAL_UPDATE,DISABLED_NOT_IMPLEMENTED,0,NOT_REQUESTED
UNONLOCAL_ONLY,2624,0.196466,23.109389,0.001467,0,0,0.024794,25.197042,1,BELOW_TRIGGER,NORMAL_UPDATE,DISABLED_NOT_IMPLEMENTED,0,NOT_REQUESTED
UNONLOCAL_ONLY,2625,0.19681499999999999,23.157719,0.001397,0,46.050179,0.029054,71.342765,3,PERIODIC_CHECK,DIRECTIONAL_UPDATE,DISABLED_NOT_IMPLEMENTED,0,NOT_REQUESTED
UNONLOCAL_ONLY,2626,0.197933,22.992263000000001,0.0014660000000000001,0,0,0.026748999999999998,25.132857000000001,1,BELOW_TRIGGER,NORMAL_UPDATE,DISABLED_NOT_IMPLEMENTED,0,NOT_REQUESTED
UNONLOCAL_ONLY,2627,0.207152,25.935832999999999,0.001397,0,0,0.028424999999999999,28.071536999999999,1,BELOW_TRIGGER,NORMAL_UPDATE,DISABLED_NOT_IMPLEMENTED,0,NOT_REQUESTED
UNONLOCAL_ONLY,2628,0.19681599999999999,25.978297000000001,0.001467,0,0,0.027587,28.073422999999998,1,BELOW_TRIGGER,NORMAL_UPDATE,DISABLED_NOT_IMPLEMENTED,0,NOT_REQUESTED
UNONLOCAL_ONLY,2629,0.198073,25.846644000000001,0.001467,0,0,0.025283,27.942121,1,BELOW_TRIGGER,NORMAL_UPDATE,DISABLED_NOT_IMPLEMENTED,0,NOT_REQUESTED
UNONLOCAL_ONLY,2630,0.19639599999999999,23.178602999999999,0.001397,0,0,0.024235,25.304808999999999,1,BELOW_TRIGGER,NORMAL_UPDATE,DISABLED_NOT_IMPLEMENTED,0,NOT_REQUESTED
UNONLOCAL_ONLY,2631,0.19828200000000001,23.197600000000001,0.00097799999999999992,0,0,0.030311999999999999,25.334212000000001,1,BELOW_TRIGGER,NORMAL_UPDATE,DISABLED_NOT_IMPLEMENTED,0,NOT_REQUESTED
UNONLOCAL_ONLY,2632,0.19919000000000001,22.993310999999999,0.001397,0,0,0.025352,25.126781000000001,1,BELOW_TRIGGER,NORMAL_UPDATE,DISABLED_NOT_IMPLEMENTED,0,NOT_REQUESTED
UNONLOCAL_ONLY,2633,0.20666300000000001,23.170988999999999,0.00097799999999999992,0,0,0.027099000000000002,25.271004999999999,1,BELOW_TRIGGER,NORMAL_UPDATE,DISABLED_NOT_IMPLEMENTED,0,NOT_REQUESTED
UNONLOCAL_ONLY,2634,0.187247,23.235244000000002,0.0014660000000000001,0,0,0.02647,25.331837,1,BELOW_TRIGGER,NORMAL_UPDATE,DISABLED_NOT_IMPLEMENTED,0,NOT_REQUESTED
UNONLOCAL_ONLY,2635,0.19723399999999999,23.095839999999999,0.0013960000000000001,0,47.869847999999998,0.033383999999999997,73.113473999999997,3,HIGH_NORMALIZED_INNOVATION,DIRECTIONAL_UPDATE,DISABLED_NOT_IMPLEMENTED,0,NOT_REQUESTED
UNONLOCAL_ONLY,2636,0.20358999999999999,24.162887999999999,0.00097799999999999992,0,45.240707999999998,0.030032,71.683525000000003,3,HIGH_NORMALIZED_INNOVATION,DIRECTIONAL_UPDATE,DISABLED_NOT_IMPLEMENTED,0,NOT_REQUESTED
UNONLOCAL_ONLY,2637,0.20554600000000001,25.691246,0.001467,0,0,0.025283,27.791471000000001,1,BELOW_TRIGGER,NORMAL_UPDATE,DISABLED_NOT_IMPLEMENTED,0,NOT_REQUESTED
UNONLOCAL_ONLY,2638,0.185501,23.879888000000001,0.00097799999999999992,0,45.603257999999997,0.047562,71.464359999999999,3,HIGH_NORMALIZED_INNOVATION,DIRECTIONAL_UPDATE,DISABLED_NOT_IMPLEMENTED,0,NOT_REQUESTED
UNONLOCAL_ONLY,2639,0.21574199999999999,23.166031,0.001397,0,0,0.025144,25.235105999999998,1,BELOW_TRIGGER,NORMAL_UPDATE,DISABLED_NOT_IMPLEMENTED,0,NOT_REQUESTED
UNONLOCAL_ONLY,2640,0.19513900000000001,20.444769000000001,0.001397,0,0,0.025073000000000002,22.424237000000002,1,BELOW_TRIGGER,NORMAL_UPDATE,DISABLED_NOT_IMPLEMENTED,0,NOT_REQUESTED
UNONLOCAL_ONLY,2641,0.196047,23.425564999999999,0.001397,0,0,0.025283,25.470265000000001,1,BELOW_TRIGGER,NORMAL_UPDATE,DISABLED_NOT_IMPLEMENTED,0,NOT_REQUESTED
UNONLOCAL_ONLY,2642,0.19905,23.33023,0.001397,0,0,0.035270000000000003,25.326530000000002,1,BELOW_TRIGGER,NORMAL_UPDATE,DISABLED_NOT_IMPLEMENTED,0,NOT_REQUESTED
UNONLOCAL_ONLY,2643,0.19828200000000001,26.020761,0.0013960000000000001,0,0,0.023956000000000002,28.006795,1,BELOW_TRIGGER,NORMAL_UPDATE,DISABLED_NOT_IMPLEMENTED,0,NOT_REQUESTED
UNONLOCAL_ONLY,2644,0.19653599999999999,20.801383000000001,0.001467,0,0,0.031498999999999999,22.757173999999999,1,BELOW_TRIGGER,NORMAL_UPDATE,DISABLED_NOT_IMPLEMENTED,0,NOT_REQUESTED
UNONLOCAL_ONLY,2645,0.211063,20.738595,0.001397,0,0,0.026818999999999999,22.677834000000001,1,BELOW_TRIGGER,NORMAL_UPDATE,DISABLED_NOT_IMPLEMENTED,0,NOT_REQUESTED
UNONLOCAL_ONLY,2646,0.196746,20.656390999999999,0.001467,0,0,0.023746,22.518104999999998,1,BELOW_TRIGGER,NORMAL_UPDATE,DISABLED_NOT_IMPLEMENTED,0,NOT_REQUESTED
UNONLOCAL_ONLY,2647,0.19583700000000001,20.677623000000001,0.00090799999999999995,0,0,0.024445000000000001,22.477945999999999,1,BELOW_TRIGGER,NORMAL_UPDATE,DISABLED_NOT_IMPLEMENTED,0,NOT_REQUESTED
UNONLOCAL_ONLY,2648,0.19653599999999999,20.695782000000001,0.0013960000000000001,0,0,0.022908000000000001,22.479341999999999,1,BELOW_TRIGGER,NORMAL_UPDATE,DISABLED_NOT_IMPLEMENTED,0,NOT_REQUESTED
UNONLOCAL_ONLY,2649,0.196606,20.782805,0.001397,0,0,0.023466999999999998,22.533678999999999,1,BELOW_TRIGGER,NORMAL_UPDATE,DISABLED_NOT_IMPLEMENTED,0,NOT_REQUESTED
UNONLOCAL_ONLY,2650,0.204009,20.818843999999999,0.000977,0,47.024687,0.037575999999999998,69.716837999999996,3,PERIODIC_CHECK,DIRECTIONAL_UPDATE,DISABLED_NOT_IMPLEMENTED,0,NOT_REQUESTED
UNONLOCAL_ONLY,2651,0.19744400000000001,20.808298000000001,0.001467,0,0,0.024235,22.635580000000001,1,BELOW_TRIGGER,NORMAL_UPDATE,DISABLED_NOT_IMPLEMENTED,0,NOT_REQUESTED
UNONLOCAL_ONLY,2652,0.19744400000000001,20.727699999999999,0.001467,0,0,0.025212999999999999,22.602754000000001,1,BELOW_TRIGGER,NORMAL_UPDATE,DISABLED_NOT_IMPLEMENTED,0,NOT_REQUESTED
UNONLOCAL_ONLY,2653,0.19695499999999999,26.503301,0.00090799999999999995,0,0,0.024375000000000001,28.457974,1,BELOW_TRIGGER,NORMAL_UPDATE,DISABLED_NOT_IMPLEMENTED,0,NOT_REQUESTED
UNONLOCAL_ONLY,2654,0.197933,20.832673,0.001467,0,0,0.023675999999999999,22.878350000000001,1,BELOW_TRIGGER,NORMAL_UPDATE,DISABLED_NOT_IMPLEMENTED,0,NOT_REQUESTED
UNONLOCAL_ONLY,2655,0.19897999999999999,20.615742000000001,0.00097799999999999992,0,0,0.024235,22.557984999999999,1,BELOW_TRIGGER,NORMAL_UPDATE,DISABLED_NOT_IMPLEMENTED,0,NOT_REQUESTED
UNONLOCAL_ONLY,2656,0.20813000000000001,20.712962999999998,0.000977,0,0,0.024445000000000001,22.698577,1,BELOW_TRIGGER,NORMAL_UPDATE,DISABLED_NOT_IMPLEMENTED,0,NOT_REQUESTED
UNONLOCAL_ONLY,2657,0.197514,20.571742,0.001467,0,0,0.023327000000000001,22.528372000000001,1,BELOW_TRIGGER,NORMAL_UPDATE,DISABLED_NOT_IMPLEMENTED,0,NOT_REQUESTED
UNONLOCAL_ONLY,2658,0.19569800000000001,21.609317000000001,0.00090799999999999995,0,0,0.034292999999999997,23.571674999999999,1,BELOW_TRIGGER,NORMAL_UPDATE,DISABLED_NOT_IMPLEMENTED,0,NOT_REQUESTED
UNONLOCAL_ONLY,2659,0.244169,20.282596000000002,0.00097799999999999992,0,0,0.026471000000000001,22.669733000000001,1,BELOW_TRIGGER,NORMAL_UPDATE,DISABLED_NOT_IMPLEMENTED,0,NOT_REQUESTED
UNONLOCAL_ONLY,2660,0.19758300000000001,20.481995000000001,0.001397,0,0,0.037714999999999999,22.568110999999998,1,BELOW_TRIGGER,NORMAL_UPDATE,DISABLED_NOT_IMPLEMENTED,0,NOT_REQUESTED
UNONLOCAL_ONLY,2661,0.198492,17.990234000000001,0.001467,0,0,0.0264,20.006997999999999,1,BELOW_TRIGGER,NORMAL_UPDATE,DISABLED_NOT_IMPLEMENTED,0,NOT_REQUESTED
UNONLOCAL_ONLY,2662,0.20910699999999999,18.026482000000001,0.001397,0,0,0.025562999999999999,20.043804999999999,1,BELOW_TRIGGER,NORMAL_UPDATE,DISABLED_NOT_IMPLEMENTED,0,NOT_REQUESTED
UNONLOCAL_ONLY,2663,0.19800200000000001,17.901674,0.001397,0,0,0.024375000000000001,19.894762,1,BELOW_TRIGGER,NORMAL_UPDATE,DISABLED_NOT_IMPLEMENTED,0,NOT_REQUESTED
UNONLOCAL_ONLY,2664,0.195628,20.557354,0.001397,0,0,0.023536999999999999,22.531234999999999,1,BELOW_TRIGGER,NORMAL_UPDATE,DISABLED_NOT_IMPLEMENTED,0,NOT_REQUESTED
UNONLOCAL_ONLY,2665,0.194022,17.759056000000001,0.00090799999999999995,0,0,0.026190999999999999,19.742156000000001,1,BELOW_TRIGGER,NORMAL_UPDATE,DISABLED_NOT_IMPLEMENTED,0,NOT_REQUESTED
UNONLOCAL_ONLY,2666,0.19800300000000001,17.892385000000001,0.00090799999999999995,0,0,0.024095999999999999,19.913060000000002,1,BELOW_TRIGGER,NORMAL_UPDATE,DISABLED_NOT_IMPLEMENTED,0,NOT_REQUESTED
UNONLOCAL_ONLY,2667,0.21427499999999999,20.568389,0.001397,0,0,0.023047999999999999,22.562733999999999,1,BELOW_TRIGGER,NORMAL_UPDATE,DISABLED_NOT_IMPLEMENTED,0,NOT_REQUESTED
UNONLOCAL_ONLY,2668,0.20449800000000001,17.919065,0.00097799999999999992,0,0,0.022488999999999999,19.934920000000002,1,BELOW_TRIGGER,NORMAL_UPDATE,DISABLED_NOT_IMPLEMENTED,0,NOT_REQUESTED
UNONLOCAL_ONLY,2669,0.195628,20.755358000000001,0.001467,0,0,0.025144,22.769886,1,BELOW_TRIGGER,NORMAL_UPDATE,DISABLED_NOT_IMPLEMENTED,0,NOT_REQUESTED
UNONLOCAL_ONLY,2670,0.19667599999999999,17.974799000000001,0.0013960000000000001,0,0,0.031987000000000002,20.005739999999999,1,BELOW_TRIGGER,NORMAL_UPDATE,DISABLED_NOT_IMPLEMENTED,0,NOT_REQUESTED
UNONLOCAL_ONLY,2671,0.19988900000000001,18.019917,0.001397,0,0,0.027937,20.053163000000001,1,BELOW_TRIGGER,NORMAL_UPDATE,DISABLED_NOT_IMPLEMENTED,0,NOT_REQUESTED
UNONLOCAL_ONLY,2672,0.19800300000000001,20.711357,0.00090799999999999995,0,0,0.027307999999999999,22.711917,1,BELOW_TRIGGER,NORMAL_UPDATE,DISABLED_NOT_IMPLEMENTED,0,NOT_REQUESTED
UNONLOCAL_ONLY,2673,0.20708199999999999,18.067619000000001,0.001397,0,0,0.028216000000000001,20.086687999999999,1,BELOW_TRIGGER,NORMAL_UPDATE,DISABLED_NOT_IMPLEMENTED,0,NOT_REQUESTED
UNONLOCAL_ONLY,2674,0.21141199999999999,18.002666000000001,0.0014660000000000001,0,0,0.022699,19.971309000000002,1,BELOW_TRIGGER,NORMAL_UPDATE,DISABLED_NOT_IMPLEMENTED,0,NOT_REQUESTED
UNONLOCAL_ONLY,2675,0.196606,17.913616999999999,0.001397,0,43.890867,0.025631999999999999,63.780040999999997,3,PERIODIC_CHECK,DIRECTIONAL_UPDATE,DISABLED_NOT_IMPLEMENTED,0,NOT_REQUESTED
UNONLOCAL_ONLY,2676,0.197793,17.896297000000001,0.001397,0,0,0.024235,19.914597000000001,1,BELOW_TRIGGER,NORMAL_UPDATE,DISABLED_NOT_IMPLEMENTED,0,NOT_REQUESTED
UNONLOCAL_ONLY,2677,0.19870099999999999,15.166304,0.00097799999999999992,0,0,0.023956000000000002,17.116368999999999,1,BELOW_TRIGGER,NORMAL_UPDATE,DISABLED_NOT_IMPLEMENTED,0,NOT_REQUESTED
UNONLOCAL_ONLY,2678,0.196326,15.313532,0.0014660000000000001,0,0,0.023257,17.228745,1,BELOW_TRIGGER,NORMAL_UPDATE,DISABLED_NOT_IMPLEMENTED,0,NOT_REQUESTED
UNONLOCAL_ONLY,2679,0.20575499999999999,17.966069000000001,0.001397,0,0,0.023397000000000001,19.893015999999999,1,BELOW_TRIGGER,NORMAL_UPDATE,DISABLED_NOT_IMPLEMENTED,0,NOT_REQUESTED
UNONLOCAL_ONLY,2680,0.194301,15.271138000000001,0.0013960000000000001,0,0,0.022908000000000001,17.203392999999998,1,BELOW_TRIGGER,NORMAL_UPDATE,DISABLED_NOT_IMPLEMENTED,0,NOT_REQUESTED
UNONLOCAL_ONLY,2681,0.202821,15.212680000000001,0.00097799999999999992,0,0,0.024445000000000001,17.202624,1,BELOW_TRIGGER,NORMAL_UPDATE,DISABLED_NOT_IMPLEMENTED,0,NOT_REQUESTED
UNONLOCAL_ONLY,2682,0.195628,15.254166,0.001397,0,0,0.023956000000000002,17.213659,1,BELOW_TRIGGER,NORMAL_UPDATE,DISABLED_NOT_IMPLEMENTED,0,NOT_REQUESTED
UNONLOCAL_ONLY,2683,0.197514,15.279309,0.000977,0,0,0.022977999999999998,17.219664999999999,1,BELOW_TRIGGER,NORMAL_UPDATE,DISABLED_NOT_IMPLEMENTED,0,NOT_REQUESTED
UNONLOCAL_ONLY,2684,0.19611700000000001,18.148916,0.001397,0,0,0.024235,20.113786999999999,1,BELOW_TRIGGER,NORMAL_UPDATE,DISABLED_NOT_IMPLEMENTED,0,NOT_REQUESTED
UNONLOCAL_ONLY,2685,0.20638300000000001,17.840423000000001,0.001467,0,0,0.022629,19.855789999999999,1,BELOW_TRIGGER,NORMAL_UPDATE,DISABLED_NOT_IMPLEMENTED,0,NOT_REQUESTED
UNONLOCAL_ONLY,2686,0.19458,20.731121999999999,0.001467,0,0,0.024514999999999999,22.781199999999998,1,BELOW_TRIGGER,NORMAL_UPDATE,DISABLED_NOT_IMPLEMENTED,0,NOT_REQUESTED
UNONLOCAL_ONLY,2687,0.19730400000000001,12.482758,0.001397,0,0,0.047212999999999998,14.506575,1,BELOW_TRIGGER,NORMAL_UPDATE,DISABLED_NOT_IMPLEMENTED,0,NOT_REQUESTED
UNONLOCAL_ONLY,2688,0.19702500000000001,17.778403000000001,0.001397,0,0,0.026748999999999998,19.781827,1,BELOW_TRIGGER,NORMAL_UPDATE,DISABLED_NOT_IMPLEMENTED,0,NOT_REQUESTED
UNONLOCAL_ONLY,2689,0.202682,20.548553999999999,0.00097799999999999992,0,0,0.026190999999999999,22.551349999999999,1,BELOW_TRIGGER,NORMAL_UPDATE,DISABLED_NOT_IMPLEMENTED,0,NOT_REQUESTED
UNONLOCAL_ONLY,2690,0.19758400000000001,23.352649,0.00097799999999999992,0,0,0.024863,25.362428000000001,1,BELOW_TRIGGER,NORMAL_UPDATE,DISABLED_NOT_IMPLEMENTED,0,NOT_REQUESTED
UNONLOCAL_ONLY,2691,0.21406700000000001,17.893363999999998,0.001467,0,0,0.023047999999999999,19.914387999999999,1,BELOW_TRIGGER,NORMAL_UPDATE,DISABLED_NOT_IMPLEMENTED,0,NOT_REQUESTED
UNONLOCAL_ONLY,2692,0.19744300000000001,20.615252999999999,0.00097799999999999992,0,0,0.036179000000000003,22.656950999999999,1,BELOW_TRIGGER,NORMAL_UPDATE,DISABLED_NOT_IMPLEMENTED,0,NOT_REQUESTED
UNONLOCAL_ONLY,2693,0.203101,15.028575999999999,0.001397,0,0,0.024863,17.097372,1,BELOW_TRIGGER,NORMAL_UPDATE,DISABLED_NOT_IMPLEMENTED,0,NOT_REQUESTED
UNONLOCAL_ONLY,2694,0.19953899999999999,20.459924999999998,0.001397,0,0,0.024025999999999999,22.4938,1,BELOW_TRIGGER,NORMAL_UPDATE,DISABLED_NOT_IMPLEMENTED,0,NOT_REQUESTED
UNONLOCAL_ONLY,2695,0.18682799999999999,17.832809999999998,0.001467,0,0,0.024094999999999998,19.802848999999998,1,BELOW_TRIGGER,NORMAL_UPDATE,DISABLED_NOT_IMPLEMENTED,0,NOT_REQUESTED
UNONLOCAL_ONLY,2696,0.19639599999999999,17.944977000000002,0.00090799999999999995,0,0,0.024375000000000001,19.939321,1,BELOW_TRIGGER,NORMAL_UPDATE,DISABLED_NOT_IMPLEMENTED,0,NOT_REQUESTED
UNONLOCAL_ONLY,2697,0.207431,15.120069000000001,0.001397,0,0,0.022977999999999998,17.119931000000001,1,BELOW_TRIGGER,NORMAL_UPDATE,DISABLED_NOT_IMPLEMENTED,0,NOT_REQUESTED
UNONLOCAL_ONLY,2698,0.195628,15.104564,0.00097799999999999992,0,0,0.023466999999999998,17.081378000000001,1,BELOW_TRIGGER,NORMAL_UPDATE,DISABLED_NOT_IMPLEMENTED,0,NOT_REQUESTED
UNONLOCAL_ONLY,2699,0.21560299999999999,15.130336,0.0014660000000000001,0,0,0.023886000000000001,17.157646,1,BELOW_TRIGGER,NORMAL_UPDATE,DISABLED_NOT_IMPLEMENTED,0,NOT_REQUESTED
UNONLOCAL_ONLY,2700,0.196745,15.169587,0.001467,0,46.485714000000002,0.026331,63.665570000000002,3,PERIODIC_CHECK,DIRECTIONAL_UPDATE,DISABLED_NOT_IMPLEMENTED,0,NOT_REQUESTED
UNONLOCAL_ONLY,2701,0.19939999999999999,12.332038000000001,0.0014660000000000001,0,0,0.02647,14.373735999999999,1,BELOW_TRIGGER,NORMAL_UPDATE,DISABLED_NOT_IMPLEMENTED,0,NOT_REQUESTED
UNONLOCAL_ONLY,2702,0.19681499999999999,15.111827999999999,0.00090799999999999995,0,0,0.024306000000000001,17.124120999999999,1,BELOW_TRIGGER,NORMAL_UPDATE,DISABLED_NOT_IMPLEMENTED,0,NOT_REQUESTED
UNONLOCAL_ONLY,2703,0.20680299999999999,15.198782,0.00097799999999999992,0,0,0.023677,17.194870999999999,1,BELOW_TRIGGER,NORMAL_UPDATE,DISABLED_NOT_IMPLEMENTED,0,NOT_REQUESTED
UNONLOCAL_ONLY,2704,0.19534899999999999,15.086195999999999,0.00097799999999999992,0,0,0.026748999999999998,17.095347,1,BELOW_TRIGGER,NORMAL_UPDATE,DISABLED_NOT_IMPLEMENTED,0,NOT_REQUESTED
UNONLOCAL_ONLY,2705,0.19583800000000001,15.041357,0.001467,0,0,0.024375000000000001,17.068248000000001,1,BELOW_TRIGGER,NORMAL_UPDATE,DISABLED_NOT_IMPLEMENTED,0,NOT_REQUESTED
UNONLOCAL_ONLY,2706,0.195628,17.803476,0.0013960000000000001,0,0,0.026259999999999999,19.851528999999999,1,BELOW_TRIGGER,NORMAL_UPDATE,DISABLED_NOT_IMPLEMENTED,0,NOT_REQUESTED
UNONLOCAL_ONLY,2707,0.20575499999999999,15.120419,0.00097799999999999992,0,0,0.025142999999999999,17.156666999999999,1,BELOW_TRIGGER,NORMAL_UPDATE,DISABLED_NOT_IMPLEMENTED,0,NOT_REQUESTED
UNONLOCAL_ONLY,2708,0.195768,15.140463,0.001397,0,0,0.031918000000000002,17.238802,1,BELOW_TRIGGER,NORMAL_UPDATE,DISABLED_NOT_IMPLEMENTED,0,NOT_REQUESTED
UNONLOCAL_ONLY,2709,0.21001500000000001,17.939879000000001,0.0014660000000000001,0,0,0.026329999999999999,19.964255000000001,1,BELOW_TRIGGER,NORMAL_UPDATE,DISABLED_NOT_IMPLEMENTED,0,NOT_REQUESTED
UNONLOCAL_ONLY,2710,0.19730400000000001,15.274001999999999,0.00097799999999999992,0,0,0.031220000000000001,17.274910999999999,1,BELOW_TRIGGER,NORMAL_UPDATE,DISABLED_NOT_IMPLEMENTED,0,NOT_REQUESTED
UNONLOCAL_ONLY,2711,0.196047,17.888824,0.001397,0,0,0.023956000000000002,19.915016000000001,1,BELOW_TRIGGER,NORMAL_UPDATE,DISABLED_NOT_IMPLEMENTED,0,NOT_REQUESTED
UNONLOCAL_ONLY,2712,0.19506899999999999,15.081656000000001,0.000977,0,0,0.023257,17.092762,1,BELOW_TRIGGER,NORMAL_UPDATE,DISABLED_NOT_IMPLEMENTED,0,NOT_REQUESTED
UNONLOCAL_ONLY,2713,0.19702500000000001,17.924094,0.001397,0,0,0.025283,19.897137000000001,1,BELOW_TRIGGER,NORMAL_UPDATE,DISABLED_NOT_IMPLEMENTED,0,NOT_REQUESTED
UNONLOCAL_ONLY,2714,0.20540600000000001,15.103306999999999,0.001467,0,0,0.024375000000000001,17.089269999999999,1,BELOW_TRIGGER,NORMAL_UPDATE,DISABLED_NOT_IMPLEMENTED,0,NOT_REQUESTED
UNONLOCAL_ONLY,2715,0.19506899999999999,17.800543000000001,0.001467,0,0,0.022488999999999999,19.812836999999998,1,BELOW_TRIGGER,NORMAL_UPDATE,DISABLED_NOT_IMPLEMENTED,0,NOT_REQUESTED
UNONLOCAL_ONLY,2716,0.19758400000000001,17.817094999999998,0.00097799999999999992,0,0,0.024375000000000001,19.776309000000001,1,BELOW_TRIGGER,NORMAL_UPDATE,DISABLED_NOT_IMPLEMENTED,0,NOT_REQUESTED
UNONLOCAL_ONLY,2717,0.19625699999999999,17.795304999999999,0.00090799999999999995,0,0,0.026190000000000001,19.791675000000001,1,BELOW_TRIGGER,NORMAL_UPDATE,DISABLED_NOT_IMPLEMENTED,0,NOT_REQUESTED
UNONLOCAL_ONLY,2718,0.19464999999999999,17.851248999999999,0.001467,0,0,0.028566000000000001,19.844825,1,BELOW_TRIGGER,NORMAL_UPDATE,DISABLED_NOT_IMPLEMENTED,0,NOT_REQUESTED
UNONLOCAL_ONLY,2719,0.197933,18.655342000000001,0.001467,0,0,0.031709000000000001,20.716176000000001,1,BELOW_TRIGGER,NORMAL_UPDATE,DISABLED_NOT_IMPLEMENTED,0,NOT_REQUESTED
UNONLOCAL_ONLY,2720,0.253388,14.869057,0.0014660000000000001,0,0,0.025281999999999999,17.326874,1,BELOW_TRIGGER,NORMAL_UPDATE,DISABLED_NOT_IMPLEMENTED,0,NOT_REQUESTED
UNONLOCAL_ONLY,2721,0.195767,15.148285,0.0014660000000000001,0,0,0.028076,17.166934000000001,1,BELOW_TRIGGER,NORMAL_UPDATE,DISABLED_NOT_IMPLEMENTED,0,NOT_REQUESTED
UNONLOCAL_ONLY,2722,0.198073,17.894551,0.00097799999999999992,0,0,0.024235,19.964044999999999,1,BELOW_TRIGGER,NORMAL_UPDATE,DISABLED_NOT_IMPLEMENTED,0,NOT_REQUESTED
UNONLOCAL_ONLY,2723,0.197653,15.160228,0.001397,0,0,0.023956000000000002,17.222598999999999,1,BELOW_TRIGGER,NORMAL_UPDATE,DISABLED_NOT_IMPLEMENTED,0,NOT_REQUESTED
UNONLOCAL_ONLY,2724,0.19716400000000001,16.393013,0.00097799999999999992,0,0,0.030032,18.426259000000002,1,BELOW_TRIGGER,NORMAL_UPDATE,DISABLED_NOT_IMPLEMENTED,0,NOT_REQUESTED
UNONLOCAL_ONLY,2725,0.23313300000000001,16.019078,0.001467,0,45.876272,0.026679999999999999,64.140007999999995,3,PERIODIC_CHECK,DIRECTIONAL_UPDATE,DISABLED_NOT_IMPLEMENTED,0,NOT_REQUESTED
UNONLOCAL_ONLY,2726,0.20813000000000001,15.134805999999999,0.00090799999999999995,0,0,0.023886000000000001,17.171544999999998,1,BELOW_TRIGGER,NORMAL_UPDATE,DISABLED_NOT_IMPLEMENTED,0,NOT_REQUESTED
UNONLOCAL_ONLY,2727,0.19478999999999999,15.080818000000001,0.0013960000000000001,0,0,0.025353000000000001,17.084311,1,BELOW_TRIGGER,NORMAL_UPDATE,DISABLED_NOT_IMPLEMENTED,0,NOT_REQUESTED
UNONLOCAL_ONLY,2728,0.19939999999999999,12.447976000000001,0.000977,0,0,0.022908000000000001,14.473609,1,BELOW_TRIGGER,NORMAL_UPDATE,DISABLED_NOT_IMPLEMENTED,0,NOT_REQUESTED
UNONLOCAL_ONLY,2729,0.19800300000000001,15.096113000000001,0.001467,0,0,0.023047999999999999,17.110921000000001,1,BELOW_TRIGGER,NORMAL_UPDATE,DISABLED_NOT_IMPLEMENTED,0,NOT_REQUESTED
UNONLOCAL_ONLY,2730,0.19492899999999999,15.138717,0.0018159999999999999,0,0,0.024445000000000001,17.151430000000001,1,BELOW_TRIGGER,NORMAL_UPDATE,DISABLED_NOT_IMPLEMENTED,0,NOT_REQUESTED
UNONLOCAL_ONLY,2731,0.19758400000000001,15.129079000000001,0.001397,0,0,0.023816,17.146889999999999,1,BELOW_TRIGGER,NORMAL_UPDATE,DISABLED_NOT_IMPLEMENTED,0,NOT_REQUESTED
UNONLOCAL_ONLY,2732,0.206174,15.062659,0.001397,0,0,0.023886999999999999,17.094926999999998,1,BELOW_TRIGGER,NORMAL_UPDATE,DISABLED_NOT_IMPLEMENTED,0,NOT_REQUESTED
UNONLOCAL_ONLY,2733,0.20533599999999999,15.000779,0.001397,0,0,0.023327000000000001,17.040030999999999,1,BELOW_TRIGGER,NORMAL_UPDATE,DISABLED_NOT_IMPLEMENTED,0,NOT_REQUESTED
UNONLOCAL_ONLY,2734,0.204149,20.540801999999999,0.0019559999999999998,0,0,0.025492999999999998,22.645218,1,BELOW_TRIGGER,NORMAL_UPDATE,DISABLED_NOT_IMPLEMENTED,0,NOT_REQUESTED
UNONLOCAL_ONLY,2735,0.195907,14.977451,0.00090700000000000004,0,0,0.031918000000000002,17.006087999999998,1,BELOW_TRIGGER,NORMAL_UPDATE,DISABLED_NOT_IMPLEMENTED,0,NOT_REQUESTED
UNONLOCAL_ONLY,2736,0.187386,17.712053000000001,0.001467,0,0,0.024235,19.720783999999998,1,BELOW_TRIGGER,NORMAL_UPDATE,DISABLED_NOT_IMPLEMENTED,0,NOT_REQUESTED
UNONLOCAL_ONLY,2737,0.198073,14.807036,0.001467,0,0,0.024025999999999999,16.825195999999998,1,BELOW_TRIGGER,NORMAL_UPDATE,DISABLED_NOT_IMPLEMENTED,0,NOT_REQUESTED
UNONLOCAL_ONLY,2738,0.20505699999999999,17.582007000000001,0.001397,0,0,0.025283,19.593461999999999,1,BELOW_TRIGGER,NORMAL_UPDATE,DISABLED_NOT_IMPLEMENTED,0,NOT_REQUESTED
UNONLOCAL_ONLY,2739,0.19702500000000001,17.453078000000001,0.00090799999999999995,0,0,0.024306000000000001,19.435689,1,BELOW_TRIGGER,NORMAL_UPDATE,DISABLED_NOT_IMPLEMENTED,0,NOT_REQUESTED
UNONLOCAL_ONLY,2740,0.19842199999999999,14.793836000000001,0.001397,0,0,0.022419000000000001,16.843775000000001,1,BELOW_TRIGGER,NORMAL_UPDATE,DISABLED_NOT_IMPLEMENTED,0,NOT_REQUESTED
UNONLOCAL_ONLY,2741,0.19702500000000001,20.075862999999998,0.00097799999999999992,0,0,0.024375000000000001,22.101776000000001,1,BELOW_TRIGGER,NORMAL_UPDATE,DISABLED_NOT_IMPLEMENTED,0,NOT_REQUESTED
UNONLOCAL_ONLY,2742,0.205126,17.434849,0.000977,0,0,0.023746,19.379396,1,BELOW_TRIGGER,NORMAL_UPDATE,DISABLED_NOT_IMPLEMENTED,0,NOT_REQUESTED
UNONLOCAL_ONLY,2743,0.20568600000000001,17.221691,0.001397,0,0,0.024236000000000001,19.110852999999999,1,BELOW_TRIGGER,NORMAL_UPDATE,DISABLED_NOT_IMPLEMENTED,0,NOT_REQUESTED
UNONLOCAL_ONLY,2744,0.17802799999999999,20.508604999999999,0.0014660000000000001,0,0,0.028146000000000001,22.385614,1,BELOW_TRIGGER,NORMAL_UPDATE,DISABLED_NOT_IMPLEMENTED,0,NOT_REQUESTED
UNONLOCAL_ONLY,2745,0.27413100000000001,11.064472,0.001467,0,0,0.022769000000000001,15.667493,1,BELOW_TRIGGER,NORMAL_UPDATE,DISABLED_NOT_IMPLEMENTED,0,NOT_REQUESTED
UNONLOCAL_ONLY,2746,0.184034,15.614552,0.0013270000000000001,0,0,0.021510999999999999,17.374016000000001,1,BELOW_TRIGGER,NORMAL_UPDATE,DISABLED_NOT_IMPLEMENTED,0,NOT_REQUESTED
UNONLOCAL_ONLY,2747,0.18424399999999999,13.776934000000001,0.001467,0,0,0.023328000000000002,15.470117999999999,1,BELOW_TRIGGER,NORMAL_UPDATE,DISABLED_NOT_IMPLEMENTED,0,NOT_REQUESTED
UNONLOCAL_ONLY,2748,0.19395100000000001,14.038772,0.001467,0,0,0.023747000000000001,15.792090999999999,1,BELOW_TRIGGER,NORMAL_UPDATE,DISABLED_NOT_IMPLEMENTED,0,NOT_REQUESTED
UNONLOCAL_ONLY,2749,0.20568500000000001,11.573762,0.0018860000000000001,0,0,0.023397999999999999,13.394477999999999,1,BELOW_TRIGGER,NORMAL_UPDATE,DISABLED_NOT_IMPLEMENTED,0,NOT_REQUESTED
UNONLOCAL_ONLY,2750,0.19472,14.164277999999999,0.001467,0,40.767592999999998,0.025214,56.805667999999997,3,PERIODIC_CHECK,DIRECTIONAL_UPDATE,DISABLED_NOT_IMPLEMENTED,0,NOT_REQUESTED
UNONLOCAL_ONLY,2751,0.18906200000000001,11.551970000000001,0.001397,0,0,0.023327000000000001,13.514257000000001,1,BELOW_TRIGGER,NORMAL_UPDATE,DISABLED_NOT_IMPLEMENTED,0,NOT_REQUESTED
UNONLOCAL_ONLY,2752,0.19409100000000001,14.104144,0.0014660000000000001,0,0,0.023397000000000001,16.038564000000001,1,BELOW_TRIGGER,NORMAL_UPDATE,DISABLED_NOT_IMPLEMENTED,0,NOT_REQUESTED
UNONLOCAL_ONLY,2753,0.19856199999999999,14.475705,0.00090799999999999995,0,0,0.023047000000000002,16.425909000000001,1,BELOW_TRIGGER,NORMAL_UPDATE,DISABLED_NOT_IMPLEMENTED,0,NOT_REQUESTED
UNONLOCAL_ONLY,2754,0.19534899999999999,14.269880000000001,0.001397,0,0,0.022419999999999999,16.216103,1,BELOW_TRIGGER,NORMAL_UPDATE,DISABLED_NOT_IMPLEMENTED,0,NOT_REQUESTED
UNONLOCAL_ONLY,2755,0.20610400000000001,16.833787000000001,0.0013960000000000001,0,0,0.024445000000000001,18.786505999999999,1,BELOW_TRIGGER,NORMAL_UPDATE,DISABLED_NOT_IMPLEMENTED,0,NOT_REQUESTED
UNONLOCAL_ONLY,2756,0.196466,14.335532000000001,0.001397,0,0,0.023886000000000001,16.277633999999999,1,BELOW_TRIGGER,NORMAL_UPDATE,DISABLED_NOT_IMPLEMENTED,0,NOT_REQUESTED
UNONLOCAL_ONLY,2757,0.19800200000000001,14.342027,0.00097799999999999992,0,0,0.023747000000000001,16.272745,1,BELOW_TRIGGER,NORMAL_UPDATE,DISABLED_NOT_IMPLEMENTED,0,NOT_REQUESTED
UNONLOCAL_ONLY,2758,0.196885,14.266598,0.0014660000000000001,0,0,0.023816,16.192706000000001,1,BELOW_TRIGGER,NORMAL_UPDATE,DISABLED_NOT_IMPLEMENTED,0,NOT_REQUESTED
UNONLOCAL_ONLY,2759,0.19513900000000001,14.291670999999999,0.0014660000000000001,0,0,0.023675999999999999,16.183136999999999,1,BELOW_TRIGGER,NORMAL_UPDATE,DISABLED_NOT_IMPLEMENTED,0,NOT_REQUESTED
UNONLOCAL_ONLY,2760,0.195628,14.412706999999999,0.001397,0,0,0.024864000000000001,16.340492000000001,1,BELOW_TRIGGER,NORMAL_UPDATE,DISABLED_NOT_IMPLEMENTED,0,NOT_REQUESTED
UNONLOCAL_ONLY,2761,0.20477699999999999,14.169656,0.001397,0,0,0.023328000000000002,16.141860999999999,1,BELOW_TRIGGER,NORMAL_UPDATE,DISABLED_NOT_IMPLEMENTED,0,NOT_REQUESTED
UNONLOCAL_ONLY,2762,0.19653599999999999,14.659599,0.00097799999999999992,0,0,0.029124000000000001,16.651987999999999,1,BELOW_TRIGGER,NORMAL_UPDATE,DISABLED_NOT_IMPLEMENTED,0,NOT_REQUESTED
UNONLOCAL_ONLY,2763,0.24654300000000001,16.568107999999999,0.0013960000000000001,0,0,0.022839000000000002,18.993658,1,BELOW_TRIGGER,NORMAL_UPDATE,DISABLED_NOT_IMPLEMENTED,0,NOT_REQUESTED
UNONLOCAL_ONLY,2764,0.19534799999999999,19.425979999999999,0.0013960000000000001,0,0,0.023816,21.379048000000001,1,BELOW_TRIGGER,NORMAL_UPDATE,DISABLED_NOT_IMPLEMENTED,0,NOT_REQUESTED
UNONLOCAL_ONLY,2765,0.19856199999999999,14.326382000000001,0.00097799999999999992,0,0,0.025772,16.408518999999998,1,BELOW_TRIGGER,NORMAL_UPDATE,DISABLED_NOT_IMPLEMENTED,0,NOT_REQUESTED
UNONLOCAL_ONLY,2766,0.19730400000000001,17.02299,0.001397,0,0,0.023956000000000002,19.118884000000001,1,BELOW_TRIGGER,NORMAL_UPDATE,DISABLED_NOT_IMPLEMENTED,0,NOT_REQUESTED
UNONLOCAL_ONLY,2767,0.20743200000000001,16.967745000000001,0.00090799999999999995,0,0,0.023466999999999998,18.946724,1,BELOW_TRIGGER,NORMAL_UPDATE,DISABLED_NOT_IMPLEMENTED,0,NOT_REQUESTED
UNONLOCAL_ONLY,2768,0.196047,17.04073,0.00090799999999999995,0,0,0.023956000000000002,19.035004000000001,1,BELOW_TRIGGER,NORMAL_UPDATE,DISABLED_NOT_IMPLEMENTED,0,NOT_REQUESTED
UNONLOCAL_ONLY,2769,0.19611700000000001,17.171125,0.0014660000000000001,0,0,0.022699,19.179925999999998,1,BELOW_TRIGGER,NORMAL_UPDATE,DISABLED_NOT_IMPLEMENTED,0,NOT_REQUESTED
UNONLOCAL_ONLY,2770,0.19702500000000001,17.011884999999999,0.001397,0,0,0.024166,19.041639,1,BELOW_TRIGGER,NORMAL_UPDATE,DISABLED_NOT_IMPLEMENTED,0,NOT_REQUESTED
UNONLOCAL_ONLY,2771,0.197654,18.739013,0.0018860000000000001,0,0,0.030521,20.838749,1,BELOW_TRIGGER,NORMAL_UPDATE,DISABLED_NOT_IMPLEMENTED,0,NOT_REQUESTED
UNONLOCAL_ONLY,2772,0.25569199999999997,14.642417999999999,0.001467,0,0,0.039461000000000003,17.099816000000001,1,BELOW_TRIGGER,NORMAL_UPDATE,DISABLED_NOT_IMPLEMENTED,0,NOT_REQUESTED
UNONLOCAL_ONLY,2773,0.191298,10.459009999999999,0.00097799999999999992,0,0,0.024306000000000001,12.345518,1,BELOW_TRIGGER,NORMAL_UPDATE,DISABLED_NOT_IMPLEMENTED,0,NOT_REQUESTED
UNONLOCAL_ONLY,2774,0.19772300000000001,15.680064,0.0014660000000000001,0,0,0.025212999999999999,17.621048999999999,1,BELOW_TRIGGER,NORMAL_UPDATE,DISABLED_NOT_IMPLEMENTED,0,NOT_REQUESTED
UNONLOCAL_ONLY,2775,0.20386899999999999,19.482972,0.00090799999999999995,0,32.361037000000003,0.040647999999999997,53.934106,3,PERIODIC_CHECK,DIRECTIONAL_UPDATE,DISABLED_NOT_IMPLEMENTED,0,NOT_REQUESTED
UNONLOCAL_ONLY,2776,0.20764099999999999,11.69389,0.00090799999999999995,0,0,0.024235,13.64137,1,BELOW_TRIGGER,NORMAL_UPDATE,DISABLED_NOT_IMPLEMENTED,0,NOT_REQUESTED
UNONLOCAL_ONLY,2777,0.20421900000000001,15.788669000000001,0.001467,0,0,0.027727999999999999,17.789369000000001,1,BELOW_TRIGGER,NORMAL_UPDATE,DISABLED_NOT_IMPLEMENTED,0,NOT_REQUESTED
UNONLOCAL_ONLY,2778,0.22496099999999999,17.059308000000001,0.001397,0,0,0.031428999999999999,19.027111999999999,1,BELOW_TRIGGER,NORMAL_UPDATE,DISABLED_NOT_IMPLEMENTED,0,NOT_REQUESTED
UNONLOCAL_ONLY,2779,0.206174,6.6547049999999999,0.0014660000000000001,0,0,0.024235,8.5801850000000002,1,BELOW_TRIGGER,NORMAL_UPDATE,DISABLED_NOT_IMPLEMENTED,0,NOT_REQUESTED
UNONLOCAL_ONLY,2780,0.205126,8.0398150000000008,0.00097799999999999992,0,0,0.023328000000000002,9.9803809999999995,1,BELOW_TRIGGER,NORMAL_UPDATE,DISABLED_NOT_IMPLEMENTED,0,NOT_REQUESTED
UNONLOCAL_ONLY,2781,0.20561499999999999,6.5948500000000001,0.001467,0,0,0.023466999999999998,8.5168379999999999,1,BELOW_TRIGGER,NORMAL_UPDATE,DISABLED_NOT_IMPLEMENTED,0,NOT_REQUESTED
UNONLOCAL_ONLY,2782,0.20652300000000001,7.9234580000000001,0.001397,0,0,0.03569,9.9145199999999996,1,BELOW_TRIGGER,NORMAL_UPDATE,DISABLED_NOT_IMPLEMENTED,0,NOT_REQUESTED
UNONLOCAL_ONLY,2783,0.205127,9.3099659999999993,0.00097799999999999992,0,0,0.023258000000000001,11.213863999999999,1,BELOW_TRIGGER,NORMAL_UPDATE,DISABLED_NOT_IMPLEMENTED,0,NOT_REQUESTED
UNONLOCAL_ONLY,2784,0.21609200000000001,7.8661880000000002,0.0014660000000000001,0,0,0.023118,9.8829510000000003,1,BELOW_TRIGGER,NORMAL_UPDATE,DISABLED_NOT_IMPLEMENTED,0,NOT_REQUESTED
UNONLOCAL_ONLY,2785,0.20303099999999999,7.867305,0.001397,0,0,0.022839000000000002,9.877224,1,BELOW_TRIGGER,NORMAL_UPDATE,DISABLED_NOT_IMPLEMENTED,0,NOT_REQUESTED
UNONLOCAL_ONLY,2786,0.203101,9.3452359999999999,0.001397,0,0,0.022908000000000001,11.381974,1,BELOW_TRIGGER,NORMAL_UPDATE,DISABLED_NOT_IMPLEMENTED,0,NOT_REQUESTED
UNONLOCAL_ONLY,2787,0.20331099999999999,9.4025770000000009,0.001397,0,0,0.024723999999999999,11.303262,1,BELOW_TRIGGER,NORMAL_UPDATE,DISABLED_NOT_IMPLEMENTED,0,NOT_REQUESTED
UNONLOCAL_ONLY,2788,0.21329799999999999,8.2991399999999995,0.0018860000000000001,0,0,0.023956000000000002,10.230486000000001,1,BELOW_TRIGGER,NORMAL_UPDATE,DISABLED_NOT_IMPLEMENTED,0,NOT_REQUESTED
UNONLOCAL_ONLY,2789,0.21287900000000001,10.917802999999999,0.001397,0,0,0.025142999999999999,12.874014000000001,1,BELOW_TRIGGER,NORMAL_UPDATE,DISABLED_NOT_IMPLEMENTED,0,NOT_REQUESTED
UNONLOCAL_ONLY,2790,0.22572999999999999,9.4651549999999993,0.001397,0,0,0.082135,11.466205,1,BELOW_TRIGGER,NORMAL_UPDATE,DISABLED_NOT_IMPLEMENTED,0,NOT_REQUESTED
UNONLOCAL_ONLY,2791,0.25625100000000001,9.7401940000000007,0.001467,0,0,0.036736999999999999,11.752208,1,BELOW_TRIGGER,NORMAL_UPDATE,DISABLED_NOT_IMPLEMENTED,0,NOT_REQUESTED
UNONLOCAL_ONLY,2792,0.20533599999999999,8.4998660000000008,0.001397,0,0,0.022839000000000002,10.355294000000001,1,BELOW_TRIGGER,NORMAL_UPDATE,DISABLED_NOT_IMPLEMENTED,0,NOT_REQUESTED
UNONLOCAL_ONLY,2793,0.20317099999999999,24.503298999999998,0.0014660000000000001,0,0,0.025770999999999999,26.407965999999998,1,BELOW_TRIGGER,NORMAL_UPDATE,DISABLED_NOT_IMPLEMENTED,0,NOT_REQUESTED
UNONLOCAL_ONLY,2794,0.20596500000000001,8.4618020000000005,0.000977,0,0,0.025352,10.331827000000001,1,BELOW_TRIGGER,NORMAL_UPDATE,DISABLED_NOT_IMPLEMENTED,0,NOT_REQUESTED
UNONLOCAL_ONLY,2795,0.194859,9.4182210000000008,0.0014660000000000001,0,0,0.024305,11.282519000000001,1,BELOW_TRIGGER,NORMAL_UPDATE,DISABLED_NOT_IMPLEMENTED,0,NOT_REQUESTED
UNONLOCAL_ONLY,2796,0.20331099999999999,7.9116549999999997,0.001397,0,0,0.024305,9.8033319999999993,1,BELOW_TRIGGER,NORMAL_UPDATE,DISABLED_NOT_IMPLEMENTED,0,NOT_REQUESTED
UNONLOCAL_ONLY,2797,0.204428,7.6984269999999997,0.00090799999999999995,0,0,0.025842,9.5619569999999996,1,BELOW_TRIGGER,NORMAL_UPDATE,DISABLED_NOT_IMPLEMENTED,0,NOT_REQUESTED
UNONLOCAL_ONLY,2798,0.20449800000000001,7.5781590000000003,0.0014660000000000001,0,0,0.025701999999999999,9.4560060000000004,1,BELOW_TRIGGER,NORMAL_UPDATE,DISABLED_NOT_IMPLEMENTED,0,NOT_REQUESTED
UNONLOCAL_ONLY,2799,0.204288,9.0518289999999997,0.00090799999999999995,0,0,0.026120999999999998,10.946369000000001,1,BELOW_TRIGGER,NORMAL_UPDATE,DISABLED_NOT_IMPLEMENTED,0,NOT_REQUESTED
UNONLOCAL_ONLY,2800,0.204428,12.417804,0.00097799999999999992,0,24.393996000000001,0.027657999999999999,38.726664,3,PERIODIC_CHECK,DIRECTIONAL_UPDATE,DISABLED_NOT_IMPLEMENTED,0,NOT_REQUESTED
UNONLOCAL_ONLY,2801,0.22950100000000001,9.2475269999999998,0.001397,0,0,0.028216000000000001,11.298513,1,BELOW_TRIGGER,NORMAL_UPDATE,DISABLED_NOT_IMPLEMENTED,0,NOT_REQUESTED
UNONLOCAL_ONLY,2802,0.22140000000000001,12.263802,0.00097799999999999992,0,0,0.025212999999999999,14.154571000000001,1,BELOW_TRIGGER,NORMAL_UPDATE,DISABLED_NOT_IMPLEMENTED,0,NOT_REQUESTED
UNONLOCAL_ONLY,2803,0.20841000000000001,9.4262530000000009,0.0019550000000000001,0,0,0.022838000000000001,11.353408999999999,1,BELOW_TRIGGER,NORMAL_UPDATE,DISABLED_NOT_IMPLEMENTED,0,NOT_REQUESTED
UNONLOCAL_ONLY,2804,0.20582500000000001,8.2142820000000007,0.0019550000000000001,0,0,0.048750000000000002,10.153309999999999,1,BELOW_TRIGGER,NORMAL_UPDATE,DISABLED_NOT_IMPLEMENTED,0,NOT_REQUESTED
UNONLOCAL_ONLY,2805,0.20652400000000001,9.7374709999999993,0.001467,0,0,0.030032,11.771554,1,BELOW_TRIGGER,NORMAL_UPDATE,DISABLED_NOT_IMPLEMENTED,0,NOT_REQUESTED
UNONLOCAL_ONLY,2806,0.24542600000000001,8.1585470000000004,0.00097799999999999992,0,0,0.024584000000000002,10.217635,1,BELOW_TRIGGER,NORMAL_UPDATE,DISABLED_NOT_IMPLEMENTED,0,NOT_REQUESTED
UNONLOCAL_ONLY,2807,0.21895500000000001,8.0500819999999997,0.00097799999999999992,0,0,0.034153000000000003,10.008317999999999,1,BELOW_TRIGGER,NORMAL_UPDATE,DISABLED_NOT_IMPLEMENTED,0,NOT_REQUESTED
UNONLOCAL_ONLY,2808,0.206733,8.1304010000000009,0.00090799999999999995,0,0,0.022977999999999998,10.050153,1,BELOW_TRIGGER,NORMAL_UPDATE,DISABLED_NOT_IMPLEMENTED,0,NOT_REQUESTED
UNONLOCAL_ONLY,2809,0.20366000000000001,7.884137,0.001397,0,0,0.025283,9.8447479999999992,1,BELOW_TRIGGER,NORMAL_UPDATE,DISABLED_NOT_IMPLEMENTED,0,NOT_REQUESTED
UNONLOCAL_ONLY,2810,0.217,7.8344800000000001,0.000977,0,0,0.025212999999999999,9.7506009999999996,1,BELOW_TRIGGER,NORMAL_UPDATE,DISABLED_NOT_IMPLEMENTED,0,NOT_REQUESTED
UNONLOCAL_ONLY,2811,0.2082,7.8122699999999998,0.00097799999999999992,0,0,0.023327000000000001,9.7419399999999996,1,BELOW_TRIGGER,NORMAL_UPDATE,DISABLED_NOT_IMPLEMENTED,0,NOT_REQUESTED
UNONLOCAL_ONLY,2812,0.204708,7.6604330000000003,0.00097799999999999992,0,0,0.023816,9.589753,1,BELOW_TRIGGER,NORMAL_UPDATE,DISABLED_NOT_IMPLEMENTED,0,NOT_REQUESTED
UNONLOCAL_ONLY,2813,0.214555,8.4884819999999994,0.001467,0,0,0.021651,10.369192999999999,1,BELOW_TRIGGER,NORMAL_UPDATE,DISABLED_NOT_IMPLEMENTED,0,NOT_REQUESTED
UNONLOCAL_ONLY,2814,0.19276399999999999,7.73691,0.0019559999999999998,0,0,0.023258000000000001,9.5722930000000002,1,BELOW_TRIGGER,NORMAL_UPDATE,DISABLED_NOT_IMPLEMENTED,0,NOT_REQUESTED
UNONLOCAL_ONLY,2815,0.20142499999999999,8.3557120000000005,0.001467,0,0,0.028077000000000001,10.279026999999999,1,BELOW_TRIGGER,NORMAL_UPDATE,DISABLED_NOT_IMPLEMENTED,0,NOT_REQUESTED
UNONLOCAL_ONLY,2816,0.25171100000000002,7.7011500000000002,0.001397,0,0,0.021860999999999998,9.9656439999999993,1,BELOW_TRIGGER,NORMAL_UPDATE,DISABLED_NOT_IMPLEMENTED,0,NOT_REQUESTED
UNONLOCAL_ONLY,2817,0.19639699999999999,7.8223269999999996,0.00097799999999999992,0,0,0.022908000000000001,9.6397600000000008,1,BELOW_TRIGGER,NORMAL_UPDATE,DISABLED_NOT_IMPLEMENTED,0,NOT_REQUESTED
UNONLOCAL_ONLY,2818,0.199818,7.875896,0.000977,0,0,0.023397000000000001,9.7913180000000004,1,BELOW_TRIGGER,NORMAL_UPDATE,DISABLED_NOT_IMPLEMENTED,0,NOT_REQUESTED
UNONLOCAL_ONLY,2819,0.214835,9.7645680000000006,0.001467,0,0,0.024794,11.82701,1,BELOW_TRIGGER,NORMAL_UPDATE,DISABLED_NOT_IMPLEMENTED,0,NOT_REQUESTED
UNONLOCAL_ONLY,2820,0.20387,8.3173680000000001,0.001467,0,0,0.023328000000000002,10.234677,1,BELOW_TRIGGER,NORMAL_UPDATE,DISABLED_NOT_IMPLEMENTED,0,NOT_REQUESTED
UNONLOCAL_ONLY,2821,0.20407900000000001,9.7302759999999999,0.00097799999999999992,0,0,0.036248000000000002,11.661274000000001,1,BELOW_TRIGGER,NORMAL_UPDATE,DISABLED_NOT_IMPLEMENTED,0,NOT_REQUESTED
UNONLOCAL_ONLY,2822,0.20386899999999999,9.6487010000000009,0.0013960000000000001,0,0,0.024235,11.584656000000001,1,BELOW_TRIGGER,NORMAL_UPDATE,DISABLED_NOT_IMPLEMENTED,0,NOT_REQUESTED
UNONLOCAL_ONLY,2823,0.20421900000000001,8.0175359999999998,0.001467,0,0,0.025631999999999999,9.9934419999999999,1,BELOW_TRIGGER,NORMAL_UPDATE,DISABLED_NOT_IMPLEMENTED,0,NOT_REQUESTED
UNONLOCAL_ONLY,2824,0.20463799999999999,8.9902979999999992,0.001467,0,0,0.023327000000000001,10.887282000000001,1,BELOW_TRIGGER,NORMAL_UPDATE,DISABLED_NOT_IMPLEMENTED,0,NOT_REQUESTED
UNONLOCAL_ONLY,2825,0.213787,10.071804,0.001397,0,19.787554,0.027727000000000002,31.941355000000001,3,PERIODIC_CHECK,DIRECTIONAL_UPDATE,DISABLED_NOT_IMPLEMENTED,0,NOT_REQUESTED
UNONLOCAL_ONLY,2826,0.20358999999999999,11.557907,0.001467,0,0,0.025212999999999999,13.584519,1,BELOW_TRIGGER,NORMAL_UPDATE,DISABLED_NOT_IMPLEMENTED,0,NOT_REQUESTED
UNONLOCAL_ONLY,2827,0.19925999999999999,9.6949360000000002,0.00097799999999999992,0,0,0.046235999999999999,11.559164000000001,1,BELOW_TRIGGER,NORMAL_UPDATE,DISABLED_NOT_IMPLEMENTED,0,NOT_REQUESTED
UNONLOCAL_ONLY,2828,0.20568500000000001,6.1594540000000002,0.00097799999999999992,0,0,0.024305,8.1754490000000004,1,BELOW_TRIGGER,NORMAL_UPDATE,DISABLED_NOT_IMPLEMENTED,0,NOT_REQUESTED
UNONLOCAL_ONLY,2829,0.20561599999999999,22.062594000000001,0.000977,0,0,0.026540000000000001,24.096957,1,BELOW_TRIGGER,NORMAL_UPDATE,DISABLED_NOT_IMPLEMENTED,0,NOT_REQUESTED
UNONLOCAL_ONLY,2830,0.20575599999999999,19.182860000000002,0.0014660000000000001,0,0,0.026190999999999999,21.105546,1,BELOW_TRIGGER,NORMAL_UPDATE,DISABLED_NOT_IMPLEMENTED,0,NOT_REQUESTED
UNONLOCAL_ONLY,2831,0.202263,7.0852130000000004,0.001397,0,0,0.022838000000000001,8.8949630000000006,1,BELOW_TRIGGER,NORMAL_UPDATE,DISABLED_NOT_IMPLEMENTED,0,NOT_REQUESTED
UNONLOCAL_ONLY,2832,0.20058699999999999,5.9142380000000001,0.0014660000000000001,0,0,0.025701999999999999,7.8106629999999999,1,BELOW_TRIGGER,NORMAL_UPDATE,DISABLED_NOT_IMPLEMENTED,0,NOT_REQUESTED
UNONLOCAL_ONLY,2833,0.20344999999999999,9.9370100000000008,0.001397,0,0,0.025281999999999999,11.900693,1,BELOW_TRIGGER,NORMAL_UPDATE,DISABLED_NOT_IMPLEMENTED,0,NOT_REQUESTED
UNONLOCAL_ONLY,2834,0.20938699999999999,8.8100360000000002,0.0013960000000000001,0,0,0.024305,10.748995000000001,1,BELOW_TRIGGER,NORMAL_UPDATE,DISABLED_NOT_IMPLEMENTED,0,NOT_REQUESTED
UNONLOCAL_ONLY,2835,0.20652300000000001,7.27623,0.001467,0,0,0.035549999999999998,9.2159589999999998,1,BELOW_TRIGGER,NORMAL_UPDATE,DISABLED_NOT_IMPLEMENTED,0,NOT_REQUESTED
UNONLOCAL_ONLY,2836,0.21413599999999999,5.9186379999999996,0.001467,0,0,0.022977999999999998,7.8557810000000003,1,BELOW_TRIGGER,NORMAL_UPDATE,DISABLED_NOT_IMPLEMENTED,0,NOT_REQUESTED
UNONLOCAL_ONLY,2837,0.204708,9.7462700000000009,0.001467,0,0,0.023328000000000002,11.62768,1,BELOW_TRIGGER,NORMAL_UPDATE,DISABLED_NOT_IMPLEMENTED,0,NOT_REQUESTED
UNONLOCAL_ONLY,2838,0.20338000000000001,13.815417,0.00097799999999999992,0,0,0.024723999999999999,15.758915999999999,1,BELOW_TRIGGER,NORMAL_UPDATE,DISABLED_NOT_IMPLEMENTED,0,NOT_REQUESTED
UNONLOCAL_ONLY,2839,0.203101,19.462858000000001,0.001397,0,41.333106000000001,0.029124000000000001,62.765093999999998,3,HIGH_NORMALIZED_INNOVATION,DIRECTIONAL_UPDATE,DISABLED_NOT_IMPLEMENTED,0,NOT_REQUESTED
UNONLOCAL_ONLY,2840,0.20694199999999999,6.2789539999999997,0.000977,0,0,0.024305,8.1776839999999993,1,BELOW_TRIGGER,NORMAL_UPDATE,DISABLED_NOT_IMPLEMENTED,0,NOT_REQUESTED
UNONLOCAL_ONLY,2841,0.20596500000000001,6.3870699999999996,0.001397,0,0,0.023956000000000002,8.3106639999999992,1,BELOW_TRIGGER,NORMAL_UPDATE,DISABLED_NOT_IMPLEMENTED,0,NOT_REQUESTED
UNONLOCAL_ONLY,2842,0.21490400000000001,9.8756880000000002,0.0014660000000000001,0,0,0.022768,11.795370999999999,1,BELOW_TRIGGER,NORMAL_UPDATE,DISABLED_NOT_IMPLEMENTED,0,NOT_REQUESTED
UNONLOCAL_ONLY,2843,0.20372999999999999,6.8203709999999997,0.00090799999999999995,0,0,0.023397000000000001,8.7343259999999994,1,BELOW_TRIGGER,NORMAL_UPDATE,DISABLED_NOT_IMPLEMENTED,0,NOT_REQUESTED
UNONLOCAL_ONLY,2844,0.20575499999999999,8.2433359999999993,0.000977,0,0,0.023886000000000001,10.149888000000001,1,BELOW_TRIGGER,NORMAL_UPDATE,DISABLED_NOT_IMPLEMENTED,0,NOT_REQUESTED
UNONLOCAL_ONLY,2845,0.20463799999999999,8.1834109999999995,0.001397,0,0,0.023328000000000002,10.177685,1,BELOW_TRIGGER,NORMAL_UPDATE,DISABLED_NOT_IMPLEMENTED,0,NOT_REQUESTED
UNONLOCAL_ONLY,2846,0.20463799999999999,6.7079250000000004,0.00090799999999999995,0,0,0.024375000000000001,8.6512150000000005,1,BELOW_TRIGGER,NORMAL_UPDATE,DISABLED_NOT_IMPLEMENTED,0,NOT_REQUESTED
UNONLOCAL_ONLY,2847,0.204289,10.963340000000001,0.001397,0,0,0.023328000000000002,12.864026000000001,1,BELOW_TRIGGER,NORMAL_UPDATE,DISABLED_NOT_IMPLEMENTED,0,NOT_REQUESTED
UNONLOCAL_ONLY,2848,0.213787,8.0545530000000003,0.00097799999999999992,0,0,0.029124000000000001,10.083538000000001,1,BELOW_TRIGGER,NORMAL_UPDATE,DISABLED_NOT_IMPLEMENTED,0,NOT_REQUESTED
UNONLOCAL_ONLY,2849,0.207431,9.3584359999999993,0.00090799999999999995,0,0,0.024374,11.376317999999999,1,BELOW_TRIGGER,NORMAL_UPDATE,DISABLED_NOT_IMPLEMENTED,0,NOT_REQUESTED
UNONLOCAL_ONLY,2850,0.203101,6.5735479999999997,0.001467,0,22.869201,0.026679000000000001,31.389880000000002,3,PERIODIC_CHECK,DIRECTIONAL_UPDATE,DISABLED_NOT_IMPLEMENTED,0,NOT_REQUESTED
UNONLOCAL_ONLY,2851,0.228524,9.2848229999999994,0.001467,0,0,0.024305,11.255070999999999,1,BELOW_TRIGGER,NORMAL_UPDATE,DISABLED_NOT_IMPLEMENTED,0,NOT_REQUESTED
UNONLOCAL_ONLY,2852,0.20813000000000001,8.1027430000000003,0.001397,0,0,0.023677,10.016000999999999,1,BELOW_TRIGGER,NORMAL_UPDATE,DISABLED_NOT_IMPLEMENTED,0,NOT_REQUESTED
UNONLOCAL_ONLY,2853,0.20407900000000001,6.6666480000000004,0.001467,0,0,0.023047999999999999,8.5516889999999997,1,BELOW_TRIGGER,NORMAL_UPDATE,DISABLED_NOT_IMPLEMENTED,0,NOT_REQUESTED
UNONLOCAL_ONLY,2854,0.21385699999999999,6.6774040000000001,0.000977,0,0,0.024375000000000001,8.6420650000000006,1,BELOW_TRIGGER,NORMAL_UPDATE,DISABLED_NOT_IMPLEMENTED,0,NOT_REQUESTED
UNONLOCAL_ONLY,2855,0.20840900000000001,8.2017799999999994,0.001467,0,0,0.023746,10.15387,1,BELOW_TRIGGER,NORMAL_UPDATE,DISABLED_NOT_IMPLEMENTED,0,NOT_REQUESTED
UNONLOCAL_ONLY,2856,0.20477699999999999,8.3401379999999996,0.00097799999999999992,0,0,0.023257,10.260937,1,BELOW_TRIGGER,NORMAL_UPDATE,DISABLED_NOT_IMPLEMENTED,0,NOT_REQUESTED
UNONLOCAL_ONLY,2857,0.20394000000000001,8.2739270000000005,0.001397,0,0,0.023886000000000001,10.187671999999999,1,BELOW_TRIGGER,NORMAL_UPDATE,DISABLED_NOT_IMPLEMENTED,0,NOT_REQUESTED
UNONLOCAL_ONLY,2858,0.203241,9.6742629999999998,0.0014660000000000001,0,0,0.023886000000000001,11.659876000000001,1,BELOW_TRIGGER,NORMAL_UPDATE,DISABLED_NOT_IMPLEMENTED,0,NOT_REQUESTED
UNONLOCAL_ONLY,2859,0.20477699999999999,7.9032739999999997,0.001397,0,0,0.023397000000000001,9.7865000000000002,1,BELOW_TRIGGER,NORMAL_UPDATE,DISABLED_NOT_IMPLEMENTED,0,NOT_REQUESTED
UNONLOCAL_ONLY,2860,0.21706900000000001,6.0586019999999996,0.001397,0,0,0.022839000000000002,7.989808,1,BELOW_TRIGGER,NORMAL_UPDATE,DISABLED_NOT_IMPLEMENTED,0,NOT_REQUESTED
UNONLOCAL_ONLY,2861,0.23320299999999999,7.22797,0.0014660000000000001,0,0,0.022908000000000001,9.2342569999999995,1,BELOW_TRIGGER,NORMAL_UPDATE,DISABLED_NOT_IMPLEMENTED,0,NOT_REQUESTED
UNONLOCAL_ONLY,2862,0.222797,11.192493000000001,0.0014660000000000001,0,0,0.024305,13.172378999999999,1,BELOW_TRIGGER,NORMAL_UPDATE,DISABLED_NOT_IMPLEMENTED,0,NOT_REQUESTED
UNONLOCAL_ONLY,2863,0.204987,8.1856460000000002,0.001397,0,0,0.023747000000000001,10.093805,1,BELOW_TRIGGER,NORMAL_UPDATE,DISABLED_NOT_IMPLEMENTED,0,NOT_REQUESTED
UNONLOCAL_ONLY,2864,0.206314,6.8162500000000001,0.00097799999999999992,0,0,0.023257,8.7712730000000008,1,BELOW_TRIGGER,NORMAL_UPDATE,DISABLED_NOT_IMPLEMENTED,0,NOT_REQUESTED
UNONLOCAL_ONLY,2865,0.204288,6.8144340000000003,0.00097799999999999992,0,0,0.022977999999999998,8.7506690000000003,1,BELOW_TRIGGER,NORMAL_UPDATE,DISABLED_NOT_IMPLEMENTED,0,NOT_REQUESTED
UNONLOCAL_ONLY,2866,0.213368,8.0272439999999996,0.001397,0,0,0.022977999999999998,10.006641999999999,1,BELOW_TRIGGER,NORMAL_UPDATE,DISABLED_NOT_IMPLEMENTED,0,NOT_REQUESTED
UNONLOCAL_ONLY,2867,0.204428,7.6882999999999999,0.001397,0,0,0.036248000000000002,9.6236969999999999,1,BELOW_TRIGGER,NORMAL_UPDATE,DISABLED_NOT_IMPLEMENTED,0,NOT_REQUESTED
UNONLOCAL_ONLY,2868,0.20303099999999999,11.384976999999999,0.001467,0,0,0.023747000000000001,13.297537,1,BELOW_TRIGGER,NORMAL_UPDATE,DISABLED_NOT_IMPLEMENTED,0,NOT_REQUESTED
UNONLOCAL_ONLY,2869,0.21232000000000001,6.6915120000000003,0.001397,0,0,0.031009999999999999,8.7563270000000006,1,BELOW_TRIGGER,NORMAL_UPDATE,DISABLED_NOT_IMPLEMENTED,0,NOT_REQUESTED
UNONLOCAL_ONLY,2870,0.20554600000000001,9.0938739999999996,0.00097799999999999992,0,0,0.023956000000000002,11.093317000000001,1,BELOW_TRIGGER,NORMAL_UPDATE,DISABLED_NOT_IMPLEMENTED,0,NOT_REQUESTED
UNONLOCAL_ONLY,2871,0.21434600000000001,7.7316710000000004,0.001397,0,0,0.024444,9.8298020000000008,1,BELOW_TRIGGER,NORMAL_UPDATE,DISABLED_NOT_IMPLEMENTED,0,NOT_REQUESTED
UNONLOCAL_ONLY,2872,0.26987,28.127272000000001,0.00097799999999999992,0,56.916367999999999,0.030032,87.144215000000003,3,HIGH_NORMALIZED_INNOVATION,DIRECTIONAL_UPDATE,DISABLED_NOT_IMPLEMENTED,0,NOT_REQUESTED
UNONLOCAL_ONLY,2873,0.206873,25.12734,0.001397,0,49.986624999999997,0.030522000000000001,77.224875999999995,3,HIGH_NORMALIZED_INNOVATION,DIRECTIONAL_UPDATE,DISABLED_NOT_IMPLEMENTED,0,NOT_REQUESTED
UNONLOCAL_ONLY,2874,0.20764099999999999,13.362071,0.0013960000000000001,0,27.746143,0.029613,43.070430999999999,3,HIGH_NORMALIZED_INNOVATION,DIRECTIONAL_UPDATE,DISABLED_NOT_IMPLEMENTED,0,NOT_REQUESTED
UNONLOCAL_ONLY,2875,0.207152,11.221757,0.00097799999999999992,0,22.341892000000001,0.029613,35.594310999999998,3,HIGH_NORMALIZED_INNOVATION,DIRECTIONAL_UPDATE,DISABLED_NOT_IMPLEMENTED,0,NOT_REQUESTED
UNONLOCAL_ONLY,2876,0.20764099999999999,12.029831,0.0019559999999999998,0,25.294332000000001,0.028146000000000001,39.446738000000003,3,HIGH_NORMALIZED_INNOVATION,DIRECTIONAL_UPDATE,DISABLED_NOT_IMPLEMENTED,0,NOT_REQUESTED
UNONLOCAL_ONLY,2877,0.20540600000000001,13.224761000000001,0.00097799999999999992,0,20.641026,0.027168999999999999,35.821787999999998,3,HIGH_NORMALIZED_INNOVATION,DIRECTIONAL_UPDATE,DISABLED_NOT_IMPLEMENTED,0,NOT_REQUESTED
UNONLOCAL_ONLY,2878,0.206733,10.849987,0.001397,0,22.630761,0.027588000000000001,35.519230999999998,3,HIGH_NORMALIZED_INNOVATION,DIRECTIONAL_UPDATE,DISABLED_NOT_IMPLEMENTED,0,NOT_REQUESTED
UNONLOCAL_ONLY,2879,0.20261299999999999,7.5132050000000001,0.00097799999999999992,0,0,0.023816,9.5462419999999995,1,BELOW_TRIGGER,NORMAL_UPDATE,DISABLED_NOT_IMPLEMENTED,0,NOT_REQUESTED
UNONLOCAL_ONLY,2880,0.20624400000000001,8.6058869999999992,0.001397,0,0,0.024653999999999999,10.470045000000001,1,BELOW_TRIGGER,NORMAL_UPDATE,DISABLED_NOT_IMPLEMENTED,0,NOT_REQUESTED
UNONLOCAL_ONLY,2881,0.204289,6.6022530000000001,0.00097799999999999992,0,0,0.022629,8.4772370000000006,1,BELOW_TRIGGER,NORMAL_UPDATE,DISABLED_NOT_IMPLEMENTED,0,NOT_REQUESTED
UNONLOCAL_ONLY,2882,0.206453,8.9309320000000003,0.001397,0,0,0.024235,10.747528000000001,1,BELOW_TRIGGER,NORMAL_UPDATE,DISABLED_NOT_IMPLEMENTED,0,NOT_REQUESTED
UNONLOCAL_ONLY,2883,0.21176200000000001,14.483248,0.001467,0,0,0.024444,16.365216,1,BELOW_TRIGGER,NORMAL_UPDATE,DISABLED_NOT_IMPLEMENTED,0,NOT_REQUESTED
UNONLOCAL_ONLY,2884,0.20352100000000001,12.308361,0.001467,0,0,0.023816,14.102048999999999,1,BELOW_TRIGGER,NORMAL_UPDATE,DISABLED_NOT_IMPLEMENTED,0,NOT_REQUESTED
UNONLOCAL_ONLY,2885,0.20386899999999999,10.087448999999999,0.00097799999999999992,0,0,0.023327000000000001,11.868774999999999,1,BELOW_TRIGGER,NORMAL_UPDATE,DISABLED_NOT_IMPLEMENTED,0,NOT_REQUESTED
UNONLOCAL_ONLY,2886,0.202263,15.655689000000001,0.001397,0,0,0.028216000000000001,17.519148999999999,1,BELOW_TRIGGER,NORMAL_UPDATE,DISABLED_NOT_IMPLEMENTED,0,NOT_REQUESTED
UNONLOCAL_ONLY,2887,0.21560299999999999,7.4488799999999999,0.0013960000000000001,0,0,0.024375000000000001,9.2326499999999996,1,BELOW_TRIGGER,NORMAL_UPDATE,DISABLED_NOT_IMPLEMENTED,0,NOT_REQUESTED
UNONLOCAL_ONLY,2888,0.20387,12.050713999999999,0.001467,0,0,0.024235,13.793765,1,BELOW_TRIGGER,NORMAL_UPDATE,DISABLED_NOT_IMPLEMENTED,0,NOT_REQUESTED
UNONLOCAL_ONLY,2889,0.21413699999999999,14.771696,0.001467,0,0,0.032895000000000001,16.591645,1,BELOW_TRIGGER,NORMAL_UPDATE,DISABLED_NOT_IMPLEMENTED,0,NOT_REQUESTED
UNONLOCAL_ONLY,2890,0.201076,17.470818000000001,0.001467,0,0,0.025353000000000001,19.195571999999999,1,BELOW_TRIGGER,NORMAL_UPDATE,DISABLED_NOT_IMPLEMENTED,0,NOT_REQUESTED
UNONLOCAL_ONLY,2891,0.201844,7.2925040000000001,0.001467,0,0,0.027029000000000001,9.0977150000000009,1,BELOW_TRIGGER,NORMAL_UPDATE,DISABLED_NOT_IMPLEMENTED,0,NOT_REQUESTED
UNONLOCAL_ONLY,2892,0.20554600000000001,14.559445,0.00097799999999999992,0,27.829046000000002,0.027238999999999999,44.206274000000001,3,HIGH_NORMALIZED_INNOVATION,DIRECTIONAL_UPDATE,DISABLED_NOT_IMPLEMENTED,0,NOT_REQUESTED
UNONLOCAL_ONLY,2893,0.20435800000000001,18.117975999999999,0.00090799999999999995,0,0,0.024235,19.890640999999999,1,BELOW_TRIGGER,NORMAL_UPDATE,DISABLED_NOT_IMPLEMENTED,0,NOT_REQUESTED
UNONLOCAL_ONLY,2894,0.20519599999999999,16.410753,0.000977,0,0,0.028146000000000001,18.207304000000001,1,BELOW_TRIGGER,NORMAL_UPDATE,DISABLED_NOT_IMPLEMENTED,0,NOT_REQUESTED
UNONLOCAL_ONLY,2895,0.21315899999999999,12.185579000000001,0.00090799999999999995,0,22.355093,0.030102,36.509383999999997,3,HIGH_NORMALIZED_INNOVATION,DIRECTIONAL_UPDATE,DISABLED_NOT_IMPLEMENTED,0,NOT_REQUESTED
UNONLOCAL_ONLY,2896,0.20666300000000001,13.74732,0.001467,0,0,0.025772,15.623212000000001,1,BELOW_TRIGGER,NORMAL_UPDATE,DISABLED_NOT_IMPLEMENTED,0,NOT_REQUESTED
UNONLOCAL_ONLY,2897,0.20561599999999999,8.0041259999999994,0.0014660000000000001,0,14.997775000000001,0.028146999999999998,24.875629,3,HIGH_NORMALIZED_INNOVATION,DIRECTIONAL_UPDATE,DISABLED_NOT_IMPLEMENTED,0,NOT_REQUESTED
UNONLOCAL_ONLY,2898,0.20589399999999999,6.9024349999999997,0.0014660000000000001,0,13.658201999999999,0.031918000000000002,22.453150999999998,3,HIGH_NORMALIZED_INNOVATION,DIRECTIONAL_UPDATE,DISABLED_NOT_IMPLEMENTED,0,NOT_REQUESTED
UNONLOCAL_ONLY,2899,0.21385699999999999,9.3001880000000003,0.001397,0,20.768906999999999,0.031009999999999999,32.115751000000003,3,HIGH_NORMALIZED_INNOVATION,DIRECTIONAL_UPDATE,DISABLED_NOT_IMPLEMENTED,0,NOT_REQUESTED
UNONLOCAL_ONLY,2900,0.215673,23.841754999999999,0.001467,0,35.578387999999997,0.032197000000000003,61.267538000000002,3,HIGH_NORMALIZED_INNOVATION,DIRECTIONAL_UPDATE,DISABLED_NOT_IMPLEMENTED,0,NOT_REQUESTED
UNONLOCAL_ONLY,2901,0.21057500000000001,11.128378,0.001397,0,22.823523999999999,0.029543,35.842460000000003,3,HIGH_NORMALIZED_INNOVATION,DIRECTIONAL_UPDATE,DISABLED_NOT_IMPLEMENTED,0,NOT_REQUESTED
UNONLOCAL_ONLY,2902,0.20666300000000001,11.973818,0.001467,0,23.682863999999999,0.045258,37.557994999999998,3,HIGH_NORMALIZED_INNOVATION,DIRECTIONAL_UPDATE,DISABLED_NOT_IMPLEMENTED,0,NOT_REQUESTED
UNONLOCAL_ONLY,2903,0.21860599999999999,6.194096,0.00090799999999999995,0,14.005457,0.026679999999999999,22.09102,3,HIGH_NORMALIZED_INNOVATION,DIRECTIONAL_UPDATE,DISABLED_NOT_IMPLEMENTED,0,NOT_REQUESTED
UNONLOCAL_ONLY,2904,0.20834,13.808293000000001,0.00097799999999999992,0,27.468869999999999,0.028216999999999999,43.233651000000002,3,HIGH_NORMALIZED_INNOVATION,DIRECTIONAL_UPDATE,DISABLED_NOT_IMPLEMENTED,0,NOT_REQUESTED
UNONLOCAL_ONLY,2905,0.20743200000000001,9.7020599999999995,0.001467,0,12.875201000000001,0.027657999999999999,24.451127,3,HIGH_NORMALIZED_INNOVATION,CAUTIOUS_UPDATE,DISABLED_NOT_IMPLEMENTED,0,NOT_REQUESTED
UNONLOCAL_ONLY,2906,0.21644099999999999,4.9576089999999997,0.001467,0,0,0.022838000000000001,6.7702239999999998,1,BELOW_TRIGGER,NORMAL_UPDATE,DISABLED_NOT_IMPLEMENTED,0,NOT_REQUESTED
UNONLOCAL_ONLY,2907,0.20603399999999999,6.4166119999999998,0.001467,0,0,0.024305,8.2070869999999996,1,BELOW_TRIGGER,NORMAL_UPDATE,DISABLED_NOT_IMPLEMENTED,0,NOT_REQUESTED
UNONLOCAL_ONLY,2908,0.205127,6.4100479999999997,0.0014660000000000001,0,0,0.022838000000000001,8.17943,1,BELOW_TRIGGER,NORMAL_UPDATE,DISABLED_NOT_IMPLEMENTED,0,NOT_REQUESTED
UNONLOCAL_ONLY,2909,0.205266,7.3560610000000004,0.00097799999999999992,0,0,0.023047999999999999,9.1409479999999999,1,BELOW_TRIGGER,NORMAL_UPDATE,DISABLED_NOT_IMPLEMENTED,0,NOT_REQUESTED
UNONLOCAL_ONLY,2910,0.206872,7.2103000000000002,0.001397,0,15.052462,0.028635000000000001,24.121331999999999,3,HIGH_NORMALIZED_INNOVATION,DIRECTIONAL_UPDATE,DISABLED_NOT_IMPLEMENTED,0,NOT_REQUESTED
UNONLOCAL_ONLY,2911,0.20575599999999999,13.496237000000001,0.001397,0,21.233846,0.032686,36.611842000000003,3,HIGH_NORMALIZED_INNOVATION,CAUTIOUS_UPDATE,DISABLED_NOT_IMPLEMENTED,0,NOT_REQUESTED
UNONLOCAL_ONLY,2912,0.22042200000000001,5.340204,0.001397,0,0,0.024794,7.2478749999999996,1,BELOW_TRIGGER,NORMAL_UPDATE,DISABLED_NOT_IMPLEMENTED,0,NOT_REQUESTED
UNONLOCAL_ONLY,2913,0.20882800000000001,7.3669560000000001,0.001397,0,0,0.040089,9.2726009999999999,1,BELOW_TRIGGER,NORMAL_UPDATE,DISABLED_NOT_IMPLEMENTED,0,NOT_REQUESTED
UNONLOCAL_ONLY,2914,0.20533599999999999,10.150936,0.001467,0,21.665051999999999,0.027657000000000001,33.644108000000003,3,HIGH_NORMALIZED_INNOVATION,DIRECTIONAL_UPDATE,DISABLED_NOT_IMPLEMENTED,0,NOT_REQUESTED
UNONLOCAL_ONLY,2915,0.21057500000000001,6.7158170000000004,0.001467,0,0,0.026610000000000002,8.5400950000000009,1,BELOW_TRIGGER,NORMAL_UPDATE,DISABLED_NOT_IMPLEMENTED,0,NOT_REQUESTED
UNONLOCAL_ONLY,2916,0.20764099999999999,5.5067089999999999,0.001467,0,0,0.023327000000000001,7.2869859999999997,1,BELOW_TRIGGER,NORMAL_UPDATE,DISABLED_NOT_IMPLEMENTED,0,NOT_REQUESTED
UNONLOCAL_ONLY,2917,0.206314,8.4636189999999996,0.00097799999999999992,0,16.657855000000001,0.027098000000000001,26.934926000000001,3,HIGH_NORMALIZED_INNOVATION,DIRECTIONAL_UPDATE,DISABLED_NOT_IMPLEMENTED,0,NOT_REQUESTED
UNONLOCAL_ONLY,2918,0.21532399999999999,4.3327309999999999,0.00090799999999999995,0,0,0.023257,6.1385019999999999,1,BELOW_TRIGGER,NORMAL_UPDATE,DISABLED_NOT_IMPLEMENTED,0,NOT_REQUESTED
UNONLOCAL_ONLY,2919,0.20344999999999999,3.5667019999999998,0.001397,0,0,0.033383999999999997,5.4448290000000004,1,BELOW_TRIGGER,NORMAL_UPDATE,DISABLED_NOT_IMPLEMENTED,0,NOT_REQUESTED
UNONLOCAL_ONLY,2920,0.20421900000000001,4.0467269999999997,0.00097799999999999992,0,0,0.022977999999999998,5.8667449999999999,1,BELOW_TRIGGER,NORMAL_UPDATE,DISABLED_NOT_IMPLEMENTED,0,NOT_REQUESTED
UNONLOCAL_ONLY,2921,0.207431,7.0842349999999996,0.001397,0,0,0.023186999999999999,8.8415339999999993,1,BELOW_TRIGGER,NORMAL_UPDATE,DISABLED_NOT_IMPLEMENTED,0,NOT_REQUESTED
UNONLOCAL_ONLY,2922,0.20435900000000001,6.5268240000000004,0.0014660000000000001,0,0,0.023118,8.410399,1,BELOW_TRIGGER,NORMAL_UPDATE,DISABLED_NOT_IMPLEMENTED,0,NOT_REQUESTED
UNONLOCAL_ONLY,2923,0.20603399999999999,5.2222410000000004,0.001467,0,0,0.022769000000000001,7.1235559999999998,1,BELOW_TRIGGER,NORMAL_UPDATE,DISABLED_NOT_IMPLEMENTED,0,NOT_REQUESTED
UNONLOCAL_ONLY,2924,0.20449800000000001,5.9777240000000003,0.00090799999999999995,0,0,0.022908999999999999,7.818695,1,BELOW_TRIGGER,NORMAL_UPDATE,DISABLED_NOT_IMPLEMENTED,0,NOT_REQUESTED
UNONLOCAL_ONLY,2925,0.20554600000000001,21.478923000000002,0.00097799999999999992,0,43.616666000000002,0.027937,66.935303000000005,3,HIGH_NORMALIZED_INNOVATION,DIRECTIONAL_UPDATE,DISABLED_NOT_IMPLEMENTED,0,NOT_REQUESTED
UNONLOCAL_ONLY,2926,0.20722099999999999,10.951466999999999,0.001397,0,22.478434,0.028146999999999998,35.339177999999997,3,HIGH_NORMALIZED_INNOVATION,DIRECTIONAL_UPDATE,DISABLED_NOT_IMPLEMENTED,0,NOT_REQUESTED
UNONLOCAL_ONLY,2927,0.204428,5.9256919999999997,0.00090799999999999995,0,10.929607000000001,0.032965000000000001,18.701927000000001,3,HIGH_NORMALIZED_INNOVATION,DIRECTIONAL_UPDATE,DISABLED_NOT_IMPLEMENTED,0,NOT_REQUESTED
UNONLOCAL_ONLY,2928,0.198771,6.8707269999999996,0.000977,0,11.919409999999999,0.034431999999999997,20.635787000000001,3,HIGH_NORMALIZED_INNOVATION,DIRECTIONAL_UPDATE,DISABLED_NOT_IMPLEMENTED,0,NOT_REQUESTED
UNONLOCAL_ONLY,2929,0.240816,5.9615210000000003,0.001397,0,0,0.024305,7.8075900000000003,1,BELOW_TRIGGER,NORMAL_UPDATE,DISABLED_NOT_IMPLEMENTED,0,NOT_REQUESTED
UNONLOCAL_ONLY,2930,0.206314,9.64011,0.0019559999999999998,0,19.952172000000001,0.027168999999999999,31.375982,3,HIGH_NORMALIZED_INNOVATION,DIRECTIONAL_UPDATE,DISABLED_NOT_IMPLEMENTED,0,NOT_REQUESTED
UNONLOCAL_ONLY,2931,0.204568,5.8191129999999998,0.00090799999999999995,0,15.498684000000001,0.025633,23.158767000000001,3,HIGH_NORMALIZED_INNOVATION,CAUTIOUS_UPDATE,DISABLED_NOT_IMPLEMENTED,0,NOT_REQUESTED
UNONLOCAL_ONLY,2932,0.213647,7.2547889999999997,0.0013270000000000001,0,17.099537000000002,0.026748999999999998,26.176579,3,HIGH_NORMALIZED_INNOVATION,DIRECTIONAL_UPDATE,DISABLED_NOT_IMPLEMENTED,0,NOT_REQUESTED
UNONLOCAL_ONLY,2933,0.202263,7.5515480000000004,0.00097799999999999992,0,23.544225999999998,0.039112000000000001,33.034944000000003,3,HIGH_NORMALIZED_INNOVATION,CAUTIOUS_UPDATE,DISABLED_NOT_IMPLEMENTED,0,NOT_REQUESTED
UNONLOCAL_ONLY,2934,0.20854900000000001,15.657365,0.001397,0,33.317036999999999,0.035061000000000002,50.850433000000002,3,HIGH_NORMALIZED_INNOVATION,DIRECTIONAL_UPDATE,DISABLED_NOT_IMPLEMENTED,0,NOT_REQUESTED
UNONLOCAL_ONLY,2935,0.21818699999999999,8.6943769999999994,0.0029329999999999998,0,17.188935000000001,0.029124000000000001,27.876049999999999,3,HIGH_NORMALIZED_INNOVATION,DIRECTIONAL_UPDATE,DISABLED_NOT_IMPLEMENTED,0,NOT_REQUESTED
UNONLOCAL_ONLY,2936,0.20785100000000001,7.5658669999999999,0.001467,0,12.22043,0.026748999999999998,21.843848000000001,3,HIGH_NORMALIZED_INNOVATION,CAUTIOUS_UPDATE,DISABLED_NOT_IMPLEMENTED,0,NOT_REQUESTED
UNONLOCAL_ONLY,2937,0.20771100000000001,9.2731589999999997,0.00090799999999999995,0,18.856836000000001,0.029753000000000002,29.996039,3,HIGH_NORMALIZED_INNOVATION,DIRECTIONAL_UPDATE,DISABLED_NOT_IMPLEMENTED,0,NOT_REQUESTED
UNONLOCAL_ONLY,2938,0.206733,9.3952430000000007,0.001397,0,20.140466,0.029055000000000001,31.35894,3,HIGH_NORMALIZED_INNOVATION,DIRECTIONAL_UPDATE,DISABLED_NOT_IMPLEMENTED,0,NOT_REQUESTED
UNONLOCAL_ONLY,2939,0.20526700000000001,5.6209009999999999,0.001397,0,10.12279,0.029543,17.598838000000001,3,HIGH_NORMALIZED_INNOVATION,DIRECTIONAL_UPDATE,DISABLED_NOT_IMPLEMENTED,0,NOT_REQUESTED
UNONLOCAL_ONLY,2940,0.209596,5.2890810000000004,0.00097799999999999992,0,10.844887999999999,0.027727000000000002,17.918576000000002,3,HIGH_NORMALIZED_INNOVATION,DIRECTIONAL_UPDATE,DISABLED_NOT_IMPLEMENTED,0,NOT_REQUESTED
UNONLOCAL_ONLY,2941,0.21546299999999999,5.6263480000000001,0.000977,0,11.057907,0.028565,18.498476,3,HIGH_NORMALIZED_INNOVATION,CAUTIOUS_UPDATE,DISABLED_NOT_IMPLEMENTED,0,NOT_REQUESTED
UNONLOCAL_ONLY,2942,0.206733,4.1785189999999997,0.001467,0,9.4453899999999997,0.034083000000000002,15.435616,3,HIGH_NORMALIZED_INNOVATION,DIRECTIONAL_UPDATE,DISABLED_NOT_IMPLEMENTED,0,NOT_REQUESTED
UNONLOCAL_ONLY,2943,0.23131699999999999,2.9856850000000001,0.00097799999999999992,0,5.6516320000000002,0.022349999999999998,10.570268,3,HIGH_NORMALIZED_INNOVATION,DIRECTIONAL_UPDATE,DISABLED_NOT_IMPLEMENTED,0,NOT_REQUESTED
UNONLOCAL_ONLY,2944,0.18396499999999999,3.7385830000000002,0.001397,0,8.3566190000000002,0.023956000000000002,13.684184,3,HIGH_NORMALIZED_INNOVATION,DIRECTIONAL_UPDATE,DISABLED_NOT_IMPLEMENTED,0,NOT_REQUESTED
UNONLOCAL_ONLY,2945,0.185221,2.5514060000000001,0.001467,0,5.8971960000000001,0.024305,10.076344000000001,3,HIGH_NORMALIZED_INNOVATION,DIRECTIONAL_UPDATE,DISABLED_NOT_IMPLEMENTED,0,NOT_REQUESTED
UNONLOCAL_ONLY,2946,0.18501200000000001,2.8163870000000002,0.00090700000000000004,0,4.9608920000000003,0.021441999999999999,9.3791100000000007,3,HIGH_NORMALIZED_INNOVATION,DIRECTIONAL_UPDATE,DISABLED_NOT_IMPLEMENTED,0,NOT_REQUESTED
UNONLOCAL_ONLY,2947,0.194022,2.5940799999999999,0.001397,0,5.1137059999999996,0.027657000000000001,9.3166010000000004,3,HIGH_NORMALIZED_INNOVATION,DIRECTIONAL_UPDATE,DISABLED_NOT_IMPLEMENTED,0,NOT_REQUESTED
UNONLOCAL_ONLY,2948,0.19702500000000001,3.4266679999999998,0.001467,0,6.5892619999999997,0.026190999999999999,11.72518,3,HIGH_NORMALIZED_INNOVATION,DIRECTIONAL_UPDATE,DISABLED_NOT_IMPLEMENTED,0,NOT_REQUESTED
UNONLOCAL_ONLY,2949,0.202962,4.0587400000000002,0.001397,0,8.0884260000000001,0.022001,13.87143,3,HIGH_NORMALIZED_INNOVATION,DIRECTIONAL_UPDATE,DISABLED_NOT_IMPLEMENTED,0,NOT_REQUESTED
UNONLOCAL_ONLY,2950,0.193743,3.5455390000000002,0.001467,0,6.9381940000000002,0.023886000000000001,12.275815,3,HIGH_NORMALIZED_INNOVATION,DIRECTIONAL_UPDATE,DISABLED_NOT_IMPLEMENTED,0,NOT_REQUESTED
UNONLOCAL_ONLY,2951,0.20421800000000001,2.7596050000000001,0.001397,0,5.8793160000000002,0.023397999999999999,10.332805,3,HIGH_NORMALIZED_INNOVATION,CAUTIOUS_UPDATE,DISABLED_NOT_IMPLEMENTED,0,NOT_REQUESTED
UNONLOCAL_ONLY,2952,0.19506899999999999,4.7517139999999998,0.00097799999999999992,0,9.5577660000000009,0.023746,15.956149999999999,3,HIGH_NORMALIZED_INNOVATION,DIRECTIONAL_UPDATE,DISABLED_NOT_IMPLEMENTED,0,NOT_REQUESTED
UNONLOCAL_ONLY,2953,0.20247299999999999,7.0568559999999998,0.00090799999999999995,0,13.547642,0.025352,22.244463,3,HIGH_NORMALIZED_INNOVATION,DIRECTIONAL_UPDATE,DISABLED_NOT_IMPLEMENTED,0,NOT_REQUESTED
UNONLOCAL_ONLY,2954,0.19492899999999999,4.7058980000000004,0.001467,0,14.000009,0.023327000000000001,20.432964999999999,3,HIGH_NORMALIZED_INNOVATION,CAUTIOUS_UPDATE,DISABLED_NOT_IMPLEMENTED,0,NOT_REQUESTED
UNONLOCAL_ONLY,2955,0.194162,5.5472869999999999,0.001397,0,10.824005,0.025772,17.998476,3,HIGH_NORMALIZED_INNOVATION,DIRECTIONAL_UPDATE,DISABLED_NOT_IMPLEMENTED,0,NOT_REQUESTED
UNONLOCAL_ONLY,2956,0.19325400000000001,3.9101859999999999,0.001397,0,10.489530999999999,0.023816,16.076837000000001,3,HIGH_NORMALIZED_INNOVATION,DIRECTIONAL_UPDATE,DISABLED_NOT_IMPLEMENTED,0,NOT_REQUESTED
UNONLOCAL_ONLY,2957,0.19611700000000001,6.8861619999999997,0.0014660000000000001,0,14.219314000000001,0.024723999999999999,22.779523999999999,3,HIGH_NORMALIZED_INNOVATION,DIRECTIONAL_UPDATE,DISABLED_NOT_IMPLEMENTED,0,NOT_REQUESTED
UNONLOCAL_ONLY,2958,0.196606,4.077388,0.001397,0,8.0203989999999994,0.022419000000000001,13.762406,3,HIGH_NORMALIZED_INNOVATION,DIRECTIONAL_UPDATE,DISABLED_NOT_IMPLEMENTED,0,NOT_REQUESTED
UNONLOCAL_ONLY,2959,0.204009,3.9268079999999999,0.001397,0,8.9957460000000005,0.021510999999999999,14.588291,3,HIGH_NORMALIZED_INNOVATION,DIRECTIONAL_UPDATE,DISABLED_NOT_IMPLEMENTED,0,NOT_REQUESTED
UNONLOCAL_ONLY,2960,0.19541800000000001,4.9204530000000002,0.00097799999999999992,0,10.531995,0.021371999999999999,17.066641000000001,3,HIGH_NORMALIZED_INNOVATION,DIRECTIONAL_UPDATE,DISABLED_NOT_IMPLEMENTED,0,NOT_REQUESTED
UNONLOCAL_ONLY,2961,0.19513900000000001,5.7393530000000004,0.00097799999999999992,0,13.325544000000001,0.024514000000000001,20.758500000000002,3,HIGH_NORMALIZED_INNOVATION,DIRECTIONAL_UPDATE,DISABLED_NOT_IMPLEMENTED,0,NOT_REQUESTED
UNONLOCAL_ONLY,2962,0.20247200000000001,5.4164019999999997,0.001885,0,12.914942,0.025562999999999999,20.021176000000001,3,HIGH_NORMALIZED_INNOVATION,DIRECTIONAL_UPDATE,DISABLED_NOT_IMPLEMENTED,0,NOT_REQUESTED
UNONLOCAL_ONLY,2963,0.20540600000000001,5.6660190000000004,0.001397,0,9.6091700000000007,0.025353000000000001,16.928702999999999,3,HIGH_NORMALIZED_INNOVATION,CAUTIOUS_UPDATE,DISABLED_NOT_IMPLEMENTED,0,NOT_REQUESTED
UNONLOCAL_ONLY,2964,0.204847,4.8957290000000002,0.001397,0,10.898806,0.023886000000000001,17.459223999999999,3,HIGH_NORMALIZED_INNOVATION,DIRECTIONAL_UPDATE,DISABLED_NOT_IMPLEMENTED,0,NOT_REQUESTED
UNONLOCAL_ONLY,2965,0.19856199999999999,5.3608089999999997,0.001397,0,10.486807000000001,0.022908000000000001,17.496798999999999,3,HIGH_NORMALIZED_INNOVATION,DIRECTIONAL_UPDATE,DISABLED_NOT_IMPLEMENTED,0,NOT_REQUESTED
UNONLOCAL_ONLY,2966,0.204987,3.756113,0.000977,0,8.3251910000000002,0.022280000000000001,13.774419,3,HIGH_NORMALIZED_INNOVATION,DIRECTIONAL_UPDATE,DISABLED_NOT_IMPLEMENTED,0,NOT_REQUESTED
UNONLOCAL_ONLY,2967,0.196746,4.5152989999999997,0.001467,0,12.70269,0.022279,18.911871999999999,3,HIGH_NORMALIZED_INNOVATION,CAUTIOUS_UPDATE,DISABLED_NOT_IMPLEMENTED,0,NOT_REQUESTED
UNONLOCAL_ONLY,2968,0.196326,5.3263759999999998,0.00097799999999999992,0,10.118949000000001,0.024235,17.111758999999999,3,HIGH_NORMALIZED_INNOVATION,DIRECTIONAL_UPDATE,DISABLED_NOT_IMPLEMENTED,0,NOT_REQUESTED
UNONLOCAL_ONLY,2969,0.19653599999999999,7.8311270000000004,0.001467,0,15.998614,0.025631999999999999,25.520410999999999,3,HIGH_NORMALIZED_INNOVATION,DIRECTIONAL_UPDATE,DISABLED_NOT_IMPLEMENTED,0,NOT_REQUESTED
UNONLOCAL_ONLY,2970,0.20610400000000001,7.7290169999999998,0.001467,0,15.259824,0.024375000000000001,24.687892999999999,3,HIGH_NORMALIZED_INNOVATION,DIRECTIONAL_UPDATE,DISABLED_NOT_IMPLEMENTED,0,NOT_REQUESTED
UNONLOCAL_ONLY,2971,0.206732,7.3791089999999997,0.001467,0,14.609102999999999,0.030521,23.714431000000001,3,HIGH_NORMALIZED_INNOVATION,DIRECTIONAL_UPDATE,DISABLED_NOT_IMPLEMENTED,0,NOT_REQUESTED
UNONLOCAL_ONLY,2972,0.19939999999999999,6.4921119999999997,0.00090799999999999995,0,11.431912000000001,0.030939999999999999,19.665679000000001,3,HIGH_NORMALIZED_INNOVATION,DIRECTIONAL_UPDATE,DISABLED_NOT_IMPLEMENTED,0,NOT_REQUESTED
UNONLOCAL_ONLY,2973,0.20764099999999999,6.7712019999999997,0.001397,0,13.870383,0.026120999999999998,22.358934000000001,3,HIGH_NORMALIZED_INNOVATION,DIRECTIONAL_UPDATE,DISABLED_NOT_IMPLEMENTED,0,NOT_REQUESTED
UNONLOCAL_ONLY,2974,0.198771,5.4035510000000002,0.00090700000000000004,0,10.604422,0.022419999999999999,17.679576999999998,3,HIGH_NORMALIZED_INNOVATION,DIRECTIONAL_UPDATE,DISABLED_NOT_IMPLEMENTED,0,NOT_REQUESTED
UNONLOCAL_ONLY,2975,0.19555800000000001,6.4293940000000003,0.001397,0,15.906492999999999,0.022908999999999999,24.008607000000001,3,HIGH_NORMALIZED_INNOVATION,DIRECTIONAL_UPDATE,DISABLED_NOT_IMPLEMENTED,0,NOT_REQUESTED
UNONLOCAL_ONLY,2976,0.20289199999999999,5.8944020000000004,0.00097799999999999992,0,13.559723999999999,0.023327000000000001,21.194316000000001,3,HIGH_NORMALIZED_INNOVATION,DIRECTIONAL_UPDATE,DISABLED_NOT_IMPLEMENTED,0,NOT_REQUESTED
UNONLOCAL_ONLY,2977,0.19513900000000001,5.8469100000000003,0.001397,0,12.053648000000001,0.030939999999999999,19.604288,3,HIGH_NORMALIZED_INNOVATION,DIRECTIONAL_UPDATE,DISABLED_NOT_IMPLEMENTED,0,NOT_REQUESTED
UNONLOCAL_ONLY,2978,0.20330999999999999,7.1236259999999998,0.001467,0,13.681039999999999,0.023886000000000001,22.459157999999999,3,HIGH_NORMALIZED_INNOVATION,DIRECTIONAL_UPDATE,DISABLED_NOT_IMPLEMENTED,0,NOT_REQUESTED
UNONLOCAL_ONLY,2979,0.195628,5.208971,0.001397,0,10.314506,0.022978999999999999,17.180064999999999,3,HIGH_NORMALIZED_INNOVATION,DIRECTIONAL_UPDATE,DISABLED_NOT_IMPLEMENTED,0,NOT_REQUESTED
UNONLOCAL_ONLY,2980,0.19367200000000001,4.8369220000000004,0.001397,0,10.042821,0.022977999999999998,16.597999999999999,3,HIGH_NORMALIZED_INNOVATION,DIRECTIONAL_UPDATE,DISABLED_NOT_IMPLEMENTED,0,NOT_REQUESTED
UNONLOCAL_ONLY,2981,0.195628,5.4481109999999999,0.0014660000000000001,0,10.718823,0.022908000000000001,17.825896,3,HIGH_NORMALIZED_INNOVATION,DIRECTIONAL_UPDATE,DISABLED_NOT_IMPLEMENTED,0,NOT_REQUESTED
UNONLOCAL_ONLY,2982,0.20317099999999999,6.998119,0.00097799999999999992,0,14.404465999999999,0.023886000000000001,23.095839999999999,3,HIGH_NORMALIZED_INNOVATION,DIRECTIONAL_UPDATE,DISABLED_NOT_IMPLEMENTED,0,NOT_REQUESTED
UNONLOCAL_ONLY,2983,0.19800300000000001,5.7922229999999999,0.001467,0,11.379250000000001,0.021791000000000001,18.848665,3,HIGH_NORMALIZED_INNOVATION,DIRECTIONAL_UPDATE,DISABLED_NOT_IMPLEMENTED,0,NOT_REQUESTED
UNONLOCAL_ONLY,2984,0.19451099999999999,4.9981179999999998,0.001467,0,9.4983310000000003,0.023047999999999999,16.182299,3,HIGH_NORMALIZED_INNOVATION,DIRECTIONAL_UPDATE,DISABLED_NOT_IMPLEMENTED,0,NOT_REQUESTED
UNONLOCAL_ONLY,2985,0.196186,4.0178120000000002,0.00097799999999999992,0,9.599532,0.022279,15.261290000000001,3,HIGH_NORMALIZED_INNOVATION,DIRECTIONAL_UPDATE,DISABLED_NOT_IMPLEMENTED,0,NOT_REQUESTED
UNONLOCAL_ONLY,2986,0.194859,4.4997939999999996,0.00097799999999999992,0,9.3111529999999991,0.023816,15.459782000000001,3,HIGH_NORMALIZED_INNOVATION,DIRECTIONAL_UPDATE,DISABLED_NOT_IMPLEMENTED,0,NOT_REQUESTED
UNONLOCAL_ONLY,2987,0.20086699999999999,7.8173680000000001,0.001467,0,15.488835999999999,0.034571999999999999,25.030398000000002,3,HIGH_NORMALIZED_INNOVATION,DIRECTIONAL_UPDATE,DISABLED_NOT_IMPLEMENTED,0,NOT_REQUESTED
UNONLOCAL_ONLY,2988,0.20561599999999999,8.0166979999999999,0.001397,0,11.14982,0.025352,20.835326999999999,3,HIGH_NORMALIZED_INNOVATION,CAUTIOUS_UPDATE,DISABLED_NOT_IMPLEMENTED,0,NOT_REQUESTED
UNONLOCAL_ONLY,2989,0.19583800000000001,6.1028120000000001,0.0014660000000000001,0,9.960267,0.032475999999999998,17.826454999999999,3,HIGH_NORMALIZED_INNOVATION,DIRECTIONAL_UPDATE,DISABLED_NOT_IMPLEMENTED,0,NOT_REQUESTED
UNONLOCAL_ONLY,2990,0.20163400000000001,5.5506390000000003,0.00097799999999999992,0,9.9084439999999994,0.024864000000000001,17.140464999999999,3,HIGH_NORMALIZED_INNOVATION,DIRECTIONAL_UPDATE,DISABLED_NOT_IMPLEMENTED,0,NOT_REQUESTED
UNONLOCAL_ONLY,2991,0.20582500000000001,6.6561019999999997,0.00090799999999999995,0,11.040376999999999,0.023886000000000001,19.418298,3,HIGH_NORMALIZED_INNOVATION,DIRECTIONAL_UPDATE,DISABLED_NOT_IMPLEMENTED,0,NOT_REQUESTED
UNONLOCAL_ONLY,2992,0.196047,6.8158310000000002,0.0013960000000000001,0,12.906840000000001,0.022977999999999998,21.482135,3,HIGH_NORMALIZED_INNOVATION,DIRECTIONAL_UPDATE,DISABLED_NOT_IMPLEMENTED,0,NOT_REQUESTED
UNONLOCAL_ONLY,2993,0.20540600000000001,7.3702379999999996,0.001467,0,16.56287,0.022349999999999998,25.706890000000001,3,HIGH_NORMALIZED_INNOVATION,DIRECTIONAL_UPDATE,DISABLED_NOT_IMPLEMENTED,0,NOT_REQUESTED
UNONLOCAL_ONLY,2994,0.19758300000000001,7.982615,0.001467,0,13.985272999999999,0.027657000000000001,23.711708000000002,3,HIGH_NORMALIZED_INNOVATION,DIRECTIONAL_UPDATE,DISABLED_NOT_IMPLEMENTED,0,NOT_REQUESTED
UNONLOCAL_ONLY,2995,0.19870099999999999,7.2525539999999999,0.001467,0,16.974868000000001,0.029194000000000001,25.976690000000001,3,HIGH_NORMALIZED_INNOVATION,DIRECTIONAL_UPDATE,DISABLED_NOT_IMPLEMENTED,0,NOT_REQUESTED
UNONLOCAL_ONLY,2996,0.19464999999999999,7.3615779999999997,0.001397,0,18.63383,0.027657999999999999,27.742650999999999,3,HIGH_NORMALIZED_INNOVATION,DIRECTIONAL_UPDATE,DISABLED_NOT_IMPLEMENTED,0,NOT_REQUESTED
UNONLOCAL_ONLY,2997,0.198072,6.8539649999999996,0.00097799999999999992,0,16.477312000000001,0.026259999999999999,25.108761999999999,3,HIGH_NORMALIZED_INNOVATION,DIRECTIONAL_UPDATE,DISABLED_NOT_IMPLEMENTED,0,NOT_REQUESTED
UNONLOCAL_ONLY,2998,0.199818,8.138852,0.00097799999999999992,0,16.027249000000001,0.026749999999999999,25.937788000000001,3,HIGH_NORMALIZED_INNOVATION,DIRECTIONAL_UPDATE,DISABLED_NOT_IMPLEMENTED,0,NOT_REQUESTED
UNONLOCAL_ONLY,2999,0.206594,13.400065,0.0013960000000000001,0,25.974526000000001,0.032896000000000002,41.199007999999999,3,HIGH_NORMALIZED_INNOVATION,DIRECTIONAL_UPDATE,DISABLED_NOT_IMPLEMENTED,0,NOT_REQUESTED
UNONLOCAL_ONLY,3000,0.19828200000000001,10.546941,0.00097799999999999992,0,19.305992,0.026261,31.569654,3,HIGH_NORMALIZED_INNOVATION,DIRECTIONAL_UPDATE,DISABLED_NOT_IMPLEMENTED,0,NOT_REQUESTED
UNONLOCAL_ONLY,3001,0.21651100000000001,9.5759939999999997,0.001397,0,20.626567999999999,0.047143999999999998,32.139705999999997,3,HIGH_NORMALIZED_INNOVATION,DIRECTIONAL_UPDATE,DISABLED_NOT_IMPLEMENTED,0,NOT_REQUESTED
UNONLOCAL_ONLY,3002,0.20652400000000001,8.9678789999999999,0.0014660000000000001,0,16.273582999999999,0.027657999999999999,26.986747999999999,3,HIGH_NORMALIZED_INNOVATION,DIRECTIONAL_UPDATE,DISABLED_NOT_IMPLEMENTED,0,NOT_REQUESTED
UNONLOCAL_ONLY,3003,0.19555800000000001,9.3017249999999994,0.001397,0,17.787901999999999,0.029613,28.806557000000002,3,HIGH_NORMALIZED_INNOVATION,DIRECTIONAL_UPDATE,DISABLED_NOT_IMPLEMENTED,0,NOT_REQUESTED
UNONLOCAL_ONLY,3004,0.21748799999999999,10.129633999999999,0.001397,0,24.487725000000001,0.026748999999999998,36.357267999999998,3,HIGH_NORMALIZED_INNOVATION,DIRECTIONAL_UPDATE,DISABLED_NOT_IMPLEMENTED,0,NOT_REQUESTED
UNONLOCAL_ONLY,3005,0.20666300000000001,17.688167,0.001397,0,35.907693000000002,0.026679999999999999,55.388010999999999,3,HIGH_NORMALIZED_INNOVATION,DIRECTIONAL_UPDATE,DISABLED_NOT_IMPLEMENTED,0,NOT_REQUESTED
UNONLOCAL_ONLY,3006,0.197793,8.8741500000000002,0.00090799999999999995,0,19.162535999999999,0.026190999999999999,29.820107,3,HIGH_NORMALIZED_INNOVATION,DIRECTIONAL_UPDATE,DISABLED_NOT_IMPLEMENTED,0,NOT_REQUESTED
UNONLOCAL_ONLY,3007,0.192416,13.808433000000001,0.00090700000000000004,0,31.001837999999999,0.026749999999999999,46.490952999999998,3,HIGH_NORMALIZED_INNOVATION,DIRECTIONAL_UPDATE,DISABLED_NOT_IMPLEMENTED,0,NOT_REQUESTED
UNONLOCAL_ONLY,3008,0.21532399999999999,10.436311,0.00090799999999999995,0,22.295797,0.025422,34.480538000000003,3,HIGH_NORMALIZED_INNOVATION,DIRECTIONAL_UPDATE,DISABLED_NOT_IMPLEMENTED,0,NOT_REQUESTED
UNONLOCAL_ONLY,3009,0.19723499999999999,11.292228,0.0014660000000000001,0,23.844757000000001,0.034640999999999998,36.956653000000003,3,HIGH_NORMALIZED_INNOVATION,DIRECTIONAL_UPDATE,DISABLED_NOT_IMPLEMENTED,0,NOT_REQUESTED
UNONLOCAL_ONLY,3010,0.201983,11.562168,0.001397,0,32.273035,0.028146000000000001,45.628751000000001,3,HIGH_NORMALIZED_INNOVATION,DIRECTIONAL_UPDATE,DISABLED_NOT_IMPLEMENTED,0,NOT_REQUESTED
UNONLOCAL_ONLY,3011,0.210783,12.161204,0.001467,0,30.351676999999999,0.026261,44.313412,3,HIGH_NORMALIZED_INNOVATION,DIRECTIONAL_UPDATE,DISABLED_NOT_IMPLEMENTED,0,NOT_REQUESTED
UNONLOCAL_ONLY,3012,0.198491,19.804245999999999,0.000977,0,26.877445999999999,0.037644999999999998,48.466509000000002,3,HIGH_NORMALIZED_INNOVATION,CAUTIOUS_UPDATE,DISABLED_NOT_IMPLEMENTED,0,NOT_REQUESTED
UNONLOCAL_ONLY,3013,0.204847,10.49882,0.001467,0,24.919909000000001,0.025701999999999999,37.257742999999998,3,HIGH_NORMALIZED_INNOVATION,DIRECTIONAL_UPDATE,DISABLED_NOT_IMPLEMENTED,0,NOT_REQUESTED
UNONLOCAL_ONLY,3014,0.198771,12.311365,0.0014660000000000001,0,24.342663000000002,0.026749999999999999,38.437099000000003,3,HIGH_NORMALIZED_INNOVATION,DIRECTIONAL_UPDATE,DISABLED_NOT_IMPLEMENTED,0,NOT_REQUESTED
UNONLOCAL_ONLY,3015,0.199958,11.698639999999999,0.00090799999999999995,0,29.477252,0.026610000000000002,42.950791000000002,3,HIGH_NORMALIZED_INNOVATION,DIRECTIONAL_UPDATE,DISABLED_NOT_IMPLEMENTED,0,NOT_REQUESTED
UNONLOCAL_ONLY,3016,0.20044699999999999,40.627909000000002,0.001397,0,51.985717999999999,0.030521,94.438674000000006,3,HIGH_NORMALIZED_INNOVATION,CAUTIOUS_UPDATE,DISABLED_NOT_IMPLEMENTED,0,NOT_REQUESTED
UNONLOCAL_ONLY,3017,0.20980599999999999,15.087104,0.00097799999999999992,0,33.845393000000001,0.029543,50.721575000000001,3,HIGH_NORMALIZED_INNOVATION,DIRECTIONAL_UPDATE,DISABLED_NOT_IMPLEMENTED,0,NOT_REQUESTED
UNONLOCAL_ONLY,3018,0.19939899999999999,16.86815,0.0014660000000000001,0,32.615332000000002,0.034782,51.353856,3,HIGH_NORMALIZED_INNOVATION,DIRECTIONAL_UPDATE,DISABLED_NOT_IMPLEMENTED,0,NOT_REQUESTED
UNONLOCAL_ONLY,3019,0.20233300000000001,15.468093,0.00097799999999999992,0,29.488287,0.030591,46.765293,3,HIGH_NORMALIZED_INNOVATION,DIRECTIONAL_UPDATE,DISABLED_NOT_IMPLEMENTED,0,NOT_REQUESTED
UNONLOCAL_ONLY,3020,0.217,13.460478999999999,0.001397,0,25.948615,0.028216000000000001,41.143414,3,HIGH_NORMALIZED_INNOVATION,DIRECTIONAL_UPDATE,DISABLED_NOT_IMPLEMENTED,0,NOT_REQUESTED
UNONLOCAL_ONLY,3021,0.18885299999999999,16.814581,0.00097799999999999992,0,31.561692000000001,0.026748999999999998,50.111851999999999,3,HIGH_NORMALIZED_INNOVATION,DIRECTIONAL_UPDATE,DISABLED_NOT_IMPLEMENTED,0,NOT_REQUESTED
UNONLOCAL_ONLY,3022,0.19939999999999999,14.817583000000001,0.001397,0,32.155839999999998,0.028705999999999999,48.728208000000002,3,HIGH_NORMALIZED_INNOVATION,DIRECTIONAL_UPDATE,DISABLED_NOT_IMPLEMENTED,0,NOT_REQUESTED
UNONLOCAL_ONLY,3023,0.23110800000000001,11.371568,0.001397,0,22.709612,0.025353000000000001,35.894354,3,HIGH_NORMALIZED_INNOVATION,DIRECTIONAL_UPDATE,DISABLED_NOT_IMPLEMENTED,0,NOT_REQUESTED
UNONLOCAL_ONLY,3024,0.19897999999999999,18.387077999999999,0.001467,0,35.872982,0.025772,56.120446999999999,3,HIGH_NORMALIZED_INNOVATION,DIRECTIONAL_UPDATE,DISABLED_NOT_IMPLEMENTED,0,NOT_REQUESTED
UNONLOCAL_ONLY,3025,0.20854800000000001,14.425349000000001,0.00097799999999999992,0,27.783018999999999,0.025212999999999999,43.946252000000001,3,HIGH_NORMALIZED_INNOVATION,DIRECTIONAL_UPDATE,DISABLED_NOT_IMPLEMENTED,0,NOT_REQUESTED
UNONLOCAL_ONLY,3026,0.19800200000000001,16.861864000000001,0.0013960000000000001,0,37.895752000000002,0.026540000000000001,56.576445999999997,3,HIGH_NORMALIZED_INNOVATION,CAUTIOUS_UPDATE,DISABLED_NOT_IMPLEMENTED,0,NOT_REQUESTED
UNONLOCAL_ONLY,3027,0.19988900000000001,14.227207,0.001397,0,28.324366999999999,0.031288999999999997,44.311736000000003,3,HIGH_NORMALIZED_INNOVATION,DIRECTIONAL_UPDATE,DISABLED_NOT_IMPLEMENTED,0,NOT_REQUESTED
UNONLOCAL_ONLY,3028,0.210365,31.723725999999999,0.0013960000000000001,0,60.620939,0.027588000000000001,94.149456999999998,3,HIGH_NORMALIZED_INNOVATION,CAUTIOUS_UPDATE,DISABLED_NOT_IMPLEMENTED,0,NOT_REQUESTED
UNONLOCAL_ONLY,3029,0.19883999999999999,30.048770999999999,0.000977,0,60.96114,0.030521,92.910875000000004,3,HIGH_NORMALIZED_INNOVATION,DIRECTIONAL_UPDATE,DISABLED_NOT_IMPLEMENTED,0,NOT_REQUESTED
UNONLOCAL_ONLY,3030,0.199959,16.744458999999999,0.0018860000000000001,0,34.344904999999997,0.027937,52.913921000000002,3,HIGH_NORMALIZED_INNOVATION,DIRECTIONAL_UPDATE,DISABLED_NOT_IMPLEMENTED,0,NOT_REQUESTED
UNONLOCAL_ONLY,3031,0.20072599999999999,12.649400999999999,0.0013960000000000001,0,27.996877000000001,0.024794,42.477051000000003,3,HIGH_NORMALIZED_INNOVATION,DIRECTIONAL_UPDATE,DISABLED_NOT_IMPLEMENTED,0,NOT_REQUESTED
UNONLOCAL_ONLY,3032,0.19884099999999999,9.8851169999999993,0.0014660000000000001,0,17.153873999999998,0.043442000000000001,28.911180999999999,3,HIGH_NORMALIZED_INNOVATION,DIRECTIONAL_UPDATE,DISABLED_NOT_IMPLEMENTED,0,NOT_REQUESTED
UNONLOCAL_ONLY,3033,0.20980599999999999,9.8213509999999999,0.001397,0,13.566779,0.023607,25.182096000000001,3,HIGH_NORMALIZED_INNOVATION,CAUTIOUS_UPDATE,DISABLED_NOT_IMPLEMENTED,0,NOT_REQUESTED
UNONLOCAL_ONLY,3034,0.207431,6.4851279999999996,0.001467,0,15.244877000000001,0.027517,23.493731,3,HIGH_NORMALIZED_INNOVATION,DIRECTIONAL_UPDATE,DISABLED_NOT_IMPLEMENTED,0,NOT_REQUESTED
UNONLOCAL_ONLY,3035,0.21616099999999999,15.879882,0.0014660000000000001,0,28.978649000000001,0.025353000000000001,46.657805000000003,3,HIGH_NORMALIZED_INNOVATION,DIRECTIONAL_UPDATE,DISABLED_NOT_IMPLEMENTED,0,NOT_REQUESTED
UNONLOCAL_ONLY,3036,0.19891,9.5518990000000006,0.0013960000000000001,0,18.981645,0.025840999999999999,30.327092,3,HIGH_NORMALIZED_INNOVATION,DIRECTIONAL_UPDATE,DISABLED_NOT_IMPLEMENTED,0,NOT_REQUESTED
UNONLOCAL_ONLY,3037,0.19905,7.8057049999999997,0.001467,0,12.604353,0.027168999999999999,22.151992,3,HIGH_NORMALIZED_INNOVATION,DIRECTIONAL_UPDATE,DISABLED_NOT_IMPLEMENTED,0,NOT_REQUESTED
UNONLOCAL_ONLY,3038,0.21693000000000001,5.8324530000000001,0.0014660000000000001,0,14.677828999999999,0.028146000000000001,22.397556999999999,3,HIGH_NORMALIZED_INNOVATION,DIRECTIONAL_UPDATE,DISABLED_NOT_IMPLEMENTED,0,NOT_REQUESTED
UNONLOCAL_ONLY,3039,0.19933000000000001,6.6151039999999997,0.001397,0,17.385819999999999,0.025911,25.771564999999999,3,HIGH_NORMALIZED_INNOVATION,DIRECTIONAL_UPDATE,DISABLED_NOT_IMPLEMENTED,0,NOT_REQUESTED
UNONLOCAL_ONLY,3040,0.20568500000000001,10.884978,0.00090799999999999995,0,20.845524000000001,0.027657000000000001,33.458257000000003,3,HIGH_NORMALIZED_INNOVATION,DIRECTIONAL_UPDATE,DISABLED_NOT_IMPLEMENTED,0,NOT_REQUESTED
UNONLOCAL_ONLY,3041,0.19988800000000001,9.9220629999999996,0.00090799999999999995,0,0,0.023047999999999999,11.603304,1,BELOW_TRIGGER,NORMAL_UPDATE,DISABLED_NOT_IMPLEMENTED,0,NOT_REQUESTED
UNONLOCAL_ONLY,3042,0.19758300000000001,8.8858139999999999,0.00097799999999999992,0,16.280218000000001,0.034292999999999997,26.925916000000001,3,HIGH_NORMALIZED_INNOVATION,DIRECTIONAL_UPDATE,DISABLED_NOT_IMPLEMENTED,0,NOT_REQUESTED
UNONLOCAL_ONLY,3043,0.20058599999999999,10.208555,0.001397,0,19.627685,0.029054,31.561482999999999,3,HIGH_NORMALIZED_INNOVATION,DIRECTIONAL_UPDATE,DISABLED_NOT_IMPLEMENTED,0,NOT_REQUESTED
UNONLOCAL_ONLY,3044,0.20002800000000001,11.185788000000001,0.001397,0,14.626353999999999,0.025842,27.574819999999999,3,HIGH_NORMALIZED_INNOVATION,DIRECTIONAL_UPDATE,DISABLED_NOT_IMPLEMENTED,0,NOT_REQUESTED
UNONLOCAL_ONLY,3045,0.19919000000000001,5.7241270000000002,0.00097799999999999992,0,12.099392999999999,0.025003000000000001,19.547855999999999,3,HIGH_NORMALIZED_INNOVATION,DIRECTIONAL_UPDATE,DISABLED_NOT_IMPLEMENTED,0,NOT_REQUESTED
UNONLOCAL_ONLY,3046,0.206872,5.7561850000000003,0.0013960000000000001,0,12.085984,0.025631999999999999,19.580611000000001,3,HIGH_NORMALIZED_INNOVATION,DIRECTIONAL_UPDATE,DISABLED_NOT_IMPLEMENTED,0,NOT_REQUESTED
UNONLOCAL_ONLY,3047,0.198072,7.2920150000000001,0.0014660000000000001,0,15.077883999999999,0.030939999999999999,24.173435000000001,3,HIGH_NORMALIZED_INNOVATION,DIRECTIONAL_UPDATE,DISABLED_NOT_IMPLEMENTED,0,NOT_REQUESTED
UNONLOCAL_ONLY,3048,0.19967799999999999,5.9361689999999996,0.0013960000000000001,0,19.650663000000002,0.030102,27.363757,3,HIGH_NORMALIZED_INNOVATION,DIRECTIONAL_UPDATE,DISABLED_NOT_IMPLEMENTED,0,NOT_REQUESTED
UNONLOCAL_ONLY,3049,0.19897999999999999,6.0225629999999999,0.001397,0,12.036535000000001,0.023746,19.804525000000002,3,HIGH_NORMALIZED_INNOVATION,DIRECTIONAL_UPDATE,DISABLED_NOT_IMPLEMENTED,0,NOT_REQUESTED
UNONLOCAL_ONLY,3050,0.20016800000000001,7.0087349999999997,0.00090700000000000004,0,12.339093,0.024864000000000001,21.069856000000001,3,PERIODIC_CHECK,DIRECTIONAL_UPDATE,DISABLED_NOT_IMPLEMENTED,0,NOT_REQUESTED
UNONLOCAL_ONLY,3051,0.19723499999999999,4.289428,0.00097799999999999992,0,9.8059849999999997,0.022629,15.806338,3,HIGH_NORMALIZED_INNOVATION,DIRECTIONAL_UPDATE,DISABLED_NOT_IMPLEMENTED,0,NOT_REQUESTED
UNONLOCAL_ONLY,3052,0.20680299999999999,5.069496,0.0019559999999999998,0,10.719452,0.025772,17.520406000000001,3,HIGH_NORMALIZED_INNOVATION,DIRECTIONAL_UPDATE,DISABLED_NOT_IMPLEMENTED,0,NOT_REQUESTED
UNONLOCAL_ONLY,3053,0.19800300000000001,5.2899180000000001,0.0014660000000000001,0,11.142206,0.022768,18.181811,3,HIGH_NORMALIZED_INNOVATION,DIRECTIONAL_UPDATE,DISABLED_NOT_IMPLEMENTED,0,NOT_REQUESTED
UNONLOCAL_ONLY,3054,0.197932,4.5964549999999997,0.001397,0,9.1692339999999994,0.023747000000000001,15.439387,3,HIGH_NORMALIZED_INNOVATION,DIRECTIONAL_UPDATE,DISABLED_NOT_IMPLEMENTED,0,NOT_REQUESTED
UNONLOCAL_ONLY,3055,0.195908,4.5278010000000002,0.001397,0,0,0.021999999999999999,6.1835490000000002,1,BELOW_TRIGGER,NORMAL_UPDATE,DISABLED_NOT_IMPLEMENTED,0,NOT_REQUESTED
UNONLOCAL_ONLY,3056,0.206454,7.3877689999999996,0.001467,0,13.741663000000001,0.022839000000000002,22.889036999999998,3,HIGH_NORMALIZED_INNOVATION,DIRECTIONAL_UPDATE,DISABLED_NOT_IMPLEMENTED,0,NOT_REQUESTED
UNONLOCAL_ONLY,3057,0.208898,5.6389899999999997,0.001467,0,11.148142999999999,0.023328000000000002,18.515028999999998,3,HIGH_NORMALIZED_INNOVATION,DIRECTIONAL_UPDATE,DISABLED_NOT_IMPLEMENTED,0,NOT_REQUESTED
UNONLOCAL_ONLY,3058,0.198492,5.1861329999999999,0.001397,0,0,0.021930999999999999,6.8794570000000004,1,BELOW_TRIGGER,NORMAL_UPDATE,DISABLED_NOT_IMPLEMENTED,0,NOT_REQUESTED
UNONLOCAL_ONLY,3059,0.19625600000000001,4.7693149999999997,0.001467,0,0,0.021791000000000001,6.4337239999999998,1,BELOW_TRIGGER,NORMAL_UPDATE,DISABLED_NOT_IMPLEMENTED,0,NOT_REQUESTED
UNONLOCAL_ONLY,3060,0.19695499999999999,5.6236249999999997,0.001397,0,0,0.020603,7.3650700000000002,1,BELOW_TRIGGER,NORMAL_UPDATE,DISABLED_NOT_IMPLEMENTED,0,NOT_REQUESTED
UNONLOCAL_ONLY,3061,0.196746,6.3717750000000004,0.001467,0,0,0.021302000000000001,8.1031619999999993,1,BELOW_TRIGGER,NORMAL_UPDATE,DISABLED_NOT_IMPLEMENTED,0,NOT_REQUESTED
UNONLOCAL_ONLY,3062,0.199959,7.0269640000000004,0.0014660000000000001,0,14.604704,0.024235,23.357468999999998,3,HIGH_NORMALIZED_INNOVATION,DIRECTIONAL_UPDATE,DISABLED_NOT_IMPLEMENTED,0,NOT_REQUESTED
UNONLOCAL_ONLY,3063,0.20554500000000001,5.53674,0.00097799999999999992,0,0,0.021860000000000001,7.2355130000000001,1,BELOW_TRIGGER,NORMAL_UPDATE,DISABLED_NOT_IMPLEMENTED,0,NOT_REQUESTED
UNONLOCAL_ONLY,3064,0.19897999999999999,7.2180520000000001,0.00090799999999999995,0,16.431846,0.024305,25.412085999999999,3,HIGH_NORMALIZED_INNOVATION,DIRECTIONAL_UPDATE,DISABLED_NOT_IMPLEMENTED,0,NOT_REQUESTED
UNONLOCAL_ONLY,3065,0.19702500000000001,5.8453039999999996,0.001397,0,0,0.021512,7.5780890000000003,1,BELOW_TRIGGER,NORMAL_UPDATE,DISABLED_NOT_IMPLEMENTED,0,NOT_REQUESTED
UNONLOCAL_ONLY,3066,0.197793,13.356204,0.001467,0,26.331278999999999,0.029124000000000001,41.50394,3,HIGH_NORMALIZED_INNOVATION,DIRECTIONAL_UPDATE,DISABLED_NOT_IMPLEMENTED,0,NOT_REQUESTED
UNONLOCAL_ONLY,3067,0.20219300000000001,5.6890669999999997,0.00097799999999999992,0,0,0.025352,7.4560750000000002,1,BELOW_TRIGGER,NORMAL_UPDATE,DISABLED_NOT_IMPLEMENTED,0,NOT_REQUESTED
UNONLOCAL_ONLY,3068,0.19919000000000001,9.7184729999999995,0.00090799999999999995,0,16.902372,0.027168999999999999,28.441770999999999,3,HIGH_NORMALIZED_INNOVATION,DIRECTIONAL_UPDATE,DISABLED_NOT_IMPLEMENTED,0,NOT_REQUESTED
UNONLOCAL_ONLY,3069,0.20882800000000001,5.472766,0.00097799999999999992,0,0,0.026540000000000001,7.2584900000000001,1,BELOW_TRIGGER,NORMAL_UPDATE,DISABLED_NOT_IMPLEMENTED,0,NOT_REQUESTED
UNONLOCAL_ONLY,3070,0.20177400000000001,5.6677650000000002,0.000977,0,0,0.020464,7.434005,1,BELOW_TRIGGER,NORMAL_UPDATE,DISABLED_NOT_IMPLEMENTED,0,NOT_REQUESTED
UNONLOCAL_ONLY,3071,0.19702500000000001,5.2682669999999998,0.00097799999999999992,0,0,0.020674000000000001,7.0097129999999996,1,BELOW_TRIGGER,NORMAL_UPDATE,DISABLED_NOT_IMPLEMENTED,0,NOT_REQUESTED
UNONLOCAL_ONLY,3072,0.18843399999999999,4.6114709999999999,0.00097799999999999992,0,0,0.021582,6.3432789999999999,1,BELOW_TRIGGER,NORMAL_UPDATE,DISABLED_NOT_IMPLEMENTED,0,NOT_REQUESTED
UNONLOCAL_ONLY,3073,0.19786300000000001,3.97919,0.001397,0,0,0.020882000000000001,5.6771240000000001,1,BELOW_TRIGGER,NORMAL_UPDATE,DISABLED_NOT_IMPLEMENTED,0,NOT_REQUESTED
UNONLOCAL_ONLY,3074,0.198072,5.3062620000000003,0.001397,0,0,0.025492999999999998,7.0317829999999999,1,BELOW_TRIGGER,NORMAL_UPDATE,DISABLED_NOT_IMPLEMENTED,0,NOT_REQUESTED
UNONLOCAL_ONLY,3075,0.20910699999999999,10.717566,0.00097799999999999992,0,20.051767000000002,0.024305,32.602829999999997,3,HIGH_NORMALIZED_INNOVATION,DIRECTIONAL_UPDATE,DISABLED_NOT_IMPLEMENTED,0,NOT_REQUESTED
UNONLOCAL_ONLY,3076,0.205127,4.3714930000000001,0.00090799999999999995,0,0,0.021791000000000001,6.1975879999999997,1,BELOW_TRIGGER,NORMAL_UPDATE,DISABLED_NOT_IMPLEMENTED,0,NOT_REQUESTED
UNONLOCAL_ONLY,3077,0.19897999999999999,4.6669260000000001,0.001397,0,0,0.022488999999999999,6.4415469999999999,1,BELOW_TRIGGER,NORMAL_UPDATE,DISABLED_NOT_IMPLEMENTED,0,NOT_REQUESTED
UNONLOCAL_ONLY,3078,0.200377,5.3537540000000003,0.0013960000000000001,0,0,0.022977999999999998,7.0677519999999996,1,BELOW_TRIGGER,NORMAL_UPDATE,DISABLED_NOT_IMPLEMENTED,0,NOT_REQUESTED
UNONLOCAL_ONLY,3079,0.197514,10.215820000000001,0.0013960000000000001,0,10.459918,0.036387000000000003,22.390153999999999,3,HIGH_NORMALIZED_INNOVATION,CAUTIOUS_UPDATE,DISABLED_NOT_IMPLEMENTED,0,NOT_REQUESTED
UNONLOCAL_ONLY,3080,0.19988900000000001,5.3263069999999999,0.00090799999999999995,0,0,0.020534,6.9906459999999999,1,BELOW_TRIGGER,NORMAL_UPDATE,DISABLED_NOT_IMPLEMENTED,0,NOT_REQUESTED
UNONLOCAL_ONLY,3081,0.20540600000000001,6.6324249999999996,0.001397,0,0,0.021791000000000001,8.3085679999999993,1,BELOW_TRIGGER,NORMAL_UPDATE,DISABLED_NOT_IMPLEMENTED,0,NOT_REQUESTED
UNONLOCAL_ONLY,3082,0.19653599999999999,6.8335710000000001,0.001397,0,0,0.035758999999999999,8.4729069999999993,1,BELOW_TRIGGER,NORMAL_UPDATE,DISABLED_NOT_IMPLEMENTED,0,NOT_REQUESTED
UNONLOCAL_ONLY,3083,0.19709499999999999,12.157361999999999,0.0014660000000000001,0,24.778198,0.026610000000000002,38.584187,3,HIGH_NORMALIZED_INNOVATION,DIRECTIONAL_UPDATE,DISABLED_NOT_IMPLEMENTED,0,NOT_REQUESTED
UNONLOCAL_ONLY,3084,0.20002800000000001,10.422412,0.00090700000000000004,0,19.143958000000001,0.025212999999999999,31.207034,3,HIGH_NORMALIZED_INNOVATION,DIRECTIONAL_UPDATE,DISABLED_NOT_IMPLEMENTED,0,NOT_REQUESTED
UNONLOCAL_ONLY,3085,0.19911999999999999,11.054973,0.001397,0,21.232239,0.026331,33.916212999999999,3,HIGH_NORMALIZED_INNOVATION,DIRECTIONAL_UPDATE,DISABLED_NOT_IMPLEMENTED,0,NOT_REQUESTED
UNONLOCAL_ONLY,3086,0.208899,17.128661000000001,0.00097799999999999992,0,0,0.024025999999999999,18.722949,1,BELOW_TRIGGER,NORMAL_UPDATE,DISABLED_NOT_IMPLEMENTED,0,NOT_REQUESTED
UNONLOCAL_ONLY,3087,0.196606,10.706460999999999,0.001397,0,19.537448999999999,0.023816,31.852166,3,HIGH_NORMALIZED_INNOVATION,DIRECTIONAL_UPDATE,DISABLED_NOT_IMPLEMENTED,0,NOT_REQUESTED
UNONLOCAL_ONLY,3088,0.19898099999999999,4.8345479999999998,0.001397,0,0,0.021860999999999998,6.4219910000000002,1,BELOW_TRIGGER,NORMAL_UPDATE,DISABLED_NOT_IMPLEMENTED,0,NOT_REQUESTED
UNONLOCAL_ONLY,3089,0.19856099999999999,11.693122000000001,0.001397,0,0,0.022488999999999999,13.222246,1,BELOW_TRIGGER,NORMAL_UPDATE,DISABLED_NOT_IMPLEMENTED,0,NOT_REQUESTED
UNONLOCAL_ONLY,3090,0.195908,11.010344,0.001397,0,0,0.022558999999999999,12.539191000000001,1,BELOW_TRIGGER,NORMAL_UPDATE,DISABLED_NOT_IMPLEMENTED,0,NOT_REQUESTED
UNONLOCAL_ONLY,3091,0.19772400000000001,10.751509,0.001397,0,20.064268999999999,0.025283,32.412719000000003,3,HIGH_NORMALIZED_INNOVATION,DIRECTIONAL_UPDATE,DISABLED_NOT_IMPLEMENTED,0,NOT_REQUESTED
UNONLOCAL_ONLY,3092,0.206035,12.2117,0.0013960000000000001,0,22.638583000000001,0.026748999999999998,36.419777000000003,3,HIGH_NORMALIZED_INNOVATION,DIRECTIONAL_UPDATE,DISABLED_NOT_IMPLEMENTED,0,NOT_REQUESTED
UNONLOCAL_ONLY,3093,0.20114599999999999,9.1483509999999999,0.000977,0,0,0.023327000000000001,10.660714,1,BELOW_TRIGGER,NORMAL_UPDATE,DISABLED_NOT_IMPLEMENTED,0,NOT_REQUESTED
UNONLOCAL_ONLY,3094,0.199679,17.325755999999998,0.001397,0,29.496248999999999,0.029333999999999999,48.403720999999997,3,HIGH_NORMALIZED_INNOVATION,DIRECTIONAL_UPDATE,DISABLED_NOT_IMPLEMENTED,0,NOT_REQUESTED
UNONLOCAL_ONLY,3095,0.201076,11.864515000000001,0.00097799999999999992,0,26.676369999999999,0.030521,40.137616999999999,3,HIGH_NORMALIZED_INNOVATION,DIRECTIONAL_UPDATE,DISABLED_NOT_IMPLEMENTED,0,NOT_REQUESTED
UNONLOCAL_ONLY,3096,0.19974900000000001,11.033602,0.00097799999999999992,0,0,0.024166,12.607775999999999,1,BELOW_TRIGGER,NORMAL_UPDATE,DISABLED_NOT_IMPLEMENTED,0,NOT_REQUESTED
UNONLOCAL_ONLY,3097,0.199679,10.784613999999999,0.0014660000000000001,0,20.161349000000001,0.025283,32.632722000000001,3,HIGH_NORMALIZED_INNOVATION,DIRECTIONAL_UPDATE,DISABLED_NOT_IMPLEMENTED,0,NOT_REQUESTED
UNONLOCAL_ONLY,3098,0.198631,15.623911,0.00090799999999999995,0,18.520755999999999,0.026261,35.795876,3,HIGH_NORMALIZED_INNOVATION,DIRECTIONAL_UPDATE,DISABLED_NOT_IMPLEMENTED,0,NOT_REQUESTED
UNONLOCAL_ONLY,3099,0.19856099999999999,11.95964,0.0014660000000000001,0,0,0.023746,13.595624000000001,1,BELOW_TRIGGER,NORMAL_UPDATE,DISABLED_NOT_IMPLEMENTED,0,NOT_REQUESTED
UNONLOCAL_ONLY,3100,0.200517,12.511113999999999,0.00097799999999999992,0,24.747537999999999,0.032406999999999998,39.004705999999999,3,PERIODIC_CHECK,DIRECTIONAL_UPDATE,DISABLED_NOT_IMPLEMENTED,0,NOT_REQUESTED
UNONLOCAL_ONLY,3101,0.20387,11.506084,0.001397,0,0,0.050356999999999999,13.27847,1,BELOW_TRIGGER,NORMAL_UPDATE,DISABLED_NOT_IMPLEMENTED,0,NOT_REQUESTED
UNONLOCAL_ONLY,3102,0.20128499999999999,11.901949999999999,0.00097799999999999992,0,0,0.02179,13.615667999999999,1,BELOW_TRIGGER,NORMAL_UPDATE,DISABLED_NOT_IMPLEMENTED,0,NOT_REQUESTED
UNONLOCAL_ONLY,3103,0.196885,12.905373000000001,0.001397,0,0,0.024305,14.656317,1,BELOW_TRIGGER,NORMAL_UPDATE,DISABLED_NOT_IMPLEMENTED,0,NOT_REQUESTED
UNONLOCAL_ONLY,3104,0.20638400000000001,13.989114000000001,0.0019550000000000001,0,0,0.028915,15.783989999999999,1,BELOW_TRIGGER,NORMAL_UPDATE,DISABLED_NOT_IMPLEMENTED,0,NOT_REQUESTED
UNONLOCAL_ONLY,3105,0.200098,18.723997000000001,0.0014660000000000001,0,27.600103000000001,0.028146999999999998,48.204461000000002,3,HIGH_NORMALIZED_INNOVATION,DIRECTIONAL_UPDATE,DISABLED_NOT_IMPLEMENTED,0,NOT_REQUESTED
UNONLOCAL_ONLY,3106,0.200377,25.139492000000001,0.00090799999999999995,0,28.032916,0.0264,55.051163000000003,3,HIGH_NORMALIZED_INNOVATION,CAUTIOUS_UPDATE,DISABLED_NOT_IMPLEMENTED,0,NOT_REQUESTED
UNONLOCAL_ONLY,3107,0.200796,14.028644999999999,0.001467,0,0,0.022977999999999998,15.919343,1,BELOW_TRIGGER,NORMAL_UPDATE,DISABLED_NOT_IMPLEMENTED,0,NOT_REQUESTED
UNONLOCAL_ONLY,3108,0.197514,10.213025999999999,0.001397,0,0,0.022210000000000001,12.021380000000001,1,BELOW_TRIGGER,NORMAL_UPDATE,DISABLED_NOT_IMPLEMENTED,0,NOT_REQUESTED
UNONLOCAL_ONLY,3109,0.195628,7.9146580000000002,0.00097799999999999992,0,0,0.021721000000000001,9.7756729999999994,1,BELOW_TRIGGER,NORMAL_UPDATE,DISABLED_NOT_IMPLEMENTED,0,NOT_REQUESTED
UNONLOCAL_ONLY,3110,0.20652400000000001,7.8455849999999998,0.001397,0,0,0.021930999999999999,9.6694429999999993,1,BELOW_TRIGGER,NORMAL_UPDATE,DISABLED_NOT_IMPLEMENTED,0,NOT_REQUESTED
UNONLOCAL_ONLY,3111,0.19681599999999999,8.7380980000000008,0.001467,0,0,0.022768,10.606237,1,BELOW_TRIGGER,NORMAL_UPDATE,DISABLED_NOT_IMPLEMENTED,0,NOT_REQUESTED
UNONLOCAL_ONLY,3112,0.197653,11.950210999999999,0.001397,0,0,0.022769000000000001,13.753886,1,BELOW_TRIGGER,NORMAL_UPDATE,DISABLED_NOT_IMPLEMENTED,0,NOT_REQUESTED
UNONLOCAL_ONLY,3113,0.19751299999999999,9.7718330000000009,0.001397,0,0,0.022209,11.595063,1,BELOW_TRIGGER,NORMAL_UPDATE,DISABLED_NOT_IMPLEMENTED,0,NOT_REQUESTED
UNONLOCAL_ONLY,3114,0.20966599999999999,11.935333999999999,0.00097799999999999992,0,0,0.022349000000000001,13.813601,1,BELOW_TRIGGER,NORMAL_UPDATE,DISABLED_NOT_IMPLEMENTED,0,NOT_REQUESTED
UNONLOCAL_ONLY,3115,0.19653599999999999,13.019005999999999,0.001467,0,0,0.021371999999999999,14.843285,1,BELOW_TRIGGER,NORMAL_UPDATE,DISABLED_NOT_IMPLEMENTED,0,NOT_REQUESTED
UNONLOCAL_ONLY,3116,0.206733,13.05232,0.0014660000000000001,0,0,0.022488999999999999,14.875063000000001,1,BELOW_TRIGGER,NORMAL_UPDATE,DISABLED_NOT_IMPLEMENTED,0,NOT_REQUESTED
UNONLOCAL_ONLY,3117,0.196466,11.656594,0.00097799999999999992,0,0,0.023257,13.434847,1,BELOW_TRIGGER,NORMAL_UPDATE,DISABLED_NOT_IMPLEMENTED,0,NOT_REQUESTED
UNONLOCAL_ONLY,3118,0.196885,10.049944,0.001467,0,0,0.024934000000000001,11.853548999999999,1,BELOW_TRIGGER,NORMAL_UPDATE,DISABLED_NOT_IMPLEMENTED,0,NOT_REQUESTED
UNONLOCAL_ONLY,3119,0.19912099999999999,11.985132,0.0014660000000000001,0,0,0.021162,13.800959000000001,1,BELOW_TRIGGER,NORMAL_UPDATE,DISABLED_NOT_IMPLEMENTED,0,NOT_REQUESTED
UNONLOCAL_ONLY,3120,0.197793,7.4644550000000001,0.001397,0,0,0.022280000000000001,9.2756740000000004,1,BELOW_TRIGGER,NORMAL_UPDATE,DISABLED_NOT_IMPLEMENTED,0,NOT_REQUESTED
UNONLOCAL_ONLY,3121,0.20722199999999999,9.5111810000000006,0.000977,0,0,0.025842,11.338044,1,BELOW_TRIGGER,NORMAL_UPDATE,DISABLED_NOT_IMPLEMENTED,0,NOT_REQUESTED
UNONLOCAL_ONLY,3122,0.19946900000000001,6.9506959999999998,0.001397,0,0,0.021093000000000001,8.6975189999999998,1,BELOW_TRIGGER,NORMAL_UPDATE,DISABLED_NOT_IMPLEMENTED,0,NOT_REQUESTED
UNONLOCAL_ONLY,3123,0.19409199999999999,9.7084860000000006,0.00090799999999999995,0,0,0.022908999999999999,11.421925,1,BELOW_TRIGGER,NORMAL_UPDATE,DISABLED_NOT_IMPLEMENTED,0,NOT_REQUESTED
UNONLOCAL_ONLY,3124,0.196047,7.4497879999999999,0.00090799999999999995,0,0,0.019695000000000001,9.1286550000000002,1,BELOW_TRIGGER,NORMAL_UPDATE,DISABLED_NOT_IMPLEMENTED,0,NOT_REQUESTED
UNONLOCAL_ONLY,3125,0.196605,6.3021419999999999,0.0014660000000000001,0,13.366471000000001,0.023116999999999999,21.370736999999998,3,PERIODIC_CHECK,DIRECTIONAL_UPDATE,DISABLED_NOT_IMPLEMENTED,0,NOT_REQUESTED
UNONLOCAL_ONLY,3126,0.19583700000000001,9.0192119999999996,0.000977,0,0,0.020882999999999999,10.645557999999999,1,BELOW_TRIGGER,NORMAL_UPDATE,DISABLED_NOT_IMPLEMENTED,0,NOT_REQUESTED
UNONLOCAL_ONLY,3127,0.20708299999999999,6.0259859999999996,0.001397,0,0,0.021580999999999999,7.6973789999999997,1,BELOW_TRIGGER,NORMAL_UPDATE,DISABLED_NOT_IMPLEMENTED,0,NOT_REQUESTED
UNONLOCAL_ONLY,3128,0.19653599999999999,6.4133300000000002,0.0013960000000000001,0,0,0.020813000000000002,8.0349260000000005,1,BELOW_TRIGGER,NORMAL_UPDATE,DISABLED_NOT_IMPLEMENTED,0,NOT_REQUESTED
UNONLOCAL_ONLY,3129,0.197793,10.962782000000001,0.001397,0,0,0.021510999999999999,12.570479000000001,1,BELOW_TRIGGER,NORMAL_UPDATE,DISABLED_NOT_IMPLEMENTED,0,NOT_REQUESTED
UNONLOCAL_ONLY,3130,0.194161,4.4497169999999997,0.00097799999999999992,0,0,0.020393999999999999,6.0763420000000004,1,BELOW_TRIGGER,NORMAL_UPDATE,DISABLED_NOT_IMPLEMENTED,0,NOT_REQUESTED
UNONLOCAL_ONLY,3131,0.196746,6.0789260000000001,0.001397,0,0,0.021441999999999999,7.7086240000000004,1,BELOW_TRIGGER,NORMAL_UPDATE,DISABLED_NOT_IMPLEMENTED,0,NOT_REQUESTED
UNONLOCAL_ONLY,3132,0.19681499999999999,4.2740640000000001,0.0018860000000000001,0,0,0.020882999999999999,5.8963590000000003,1,BELOW_TRIGGER,NORMAL_UPDATE,DISABLED_NOT_IMPLEMENTED,0,NOT_REQUESTED
UNONLOCAL_ONLY,3133,0.19681499999999999,4.3255369999999997,0.001397,0,0,0.024235,5.9499969999999998,1,BELOW_TRIGGER,NORMAL_UPDATE,DISABLED_NOT_IMPLEMENTED,0,NOT_REQUESTED
UNONLOCAL_ONLY,3134,0.198771,4.2269199999999998,0.0014660000000000001,0,0,0.021930000000000002,5.8668849999999999,1,BELOW_TRIGGER,NORMAL_UPDATE,DISABLED_NOT_IMPLEMENTED,0,NOT_REQUESTED
UNONLOCAL_ONLY,3135,0.18668799999999999,7.3498450000000002,0.001467,0,0,0.025281999999999999,9.0338799999999999,1,BELOW_TRIGGER,NORMAL_UPDATE,DISABLED_NOT_IMPLEMENTED,0,NOT_REQUESTED
UNONLOCAL_ONLY,3136,0.233902,5.5021680000000002,0.000977,0,0,0.020184000000000001,7.3722640000000004,1,BELOW_TRIGGER,NORMAL_UPDATE,DISABLED_NOT_IMPLEMENTED,0,NOT_REQUESTED
UNONLOCAL_ONLY,3137,0.184173,8.7607970000000002,0.001467,0,0,0.020882000000000001,10.208066000000001,1,BELOW_TRIGGER,NORMAL_UPDATE,DISABLED_NOT_IMPLEMENTED,0,NOT_REQUESTED
UNONLOCAL_ONLY,3138,0.19339300000000001,5.3519389999999998,0.00097799999999999992,0,0,0.02214,6.9122830000000004,1,BELOW_TRIGGER,NORMAL_UPDATE,DISABLED_NOT_IMPLEMENTED,0,NOT_REQUESTED
UNONLOCAL_ONLY,3139,0.20680200000000001,5.5894019999999998,0.00090799999999999995,0,0,0.021092,7.1850860000000001,1,BELOW_TRIGGER,NORMAL_UPDATE,DISABLED_NOT_IMPLEMENTED,0,NOT_REQUESTED
UNONLOCAL_ONLY,3140,0.213228,5.7650550000000003,0.000977,0,0,0.021232000000000001,7.341952,1,BELOW_TRIGGER,NORMAL_UPDATE,DISABLED_NOT_IMPLEMENTED,0,NOT_REQUESTED
UNONLOCAL_ONLY,3141,0.206733,7.4225500000000002,0.00090799999999999995,0,0,0.021093000000000001,9.0701280000000004,1,BELOW_TRIGGER,NORMAL_UPDATE,DISABLED_NOT_IMPLEMENTED,0,NOT_REQUESTED
UNONLOCAL_ONLY,3142,0.19667499999999999,6.4576799999999999,0.001885,0,0,0.021721000000000001,8.0419110000000007,1,BELOW_TRIGGER,NORMAL_UPDATE,DISABLED_NOT_IMPLEMENTED,0,NOT_REQUESTED
UNONLOCAL_ONLY,3143,0.19814200000000001,5.4666889999999997,0.00090799999999999995,0,0,0.021512,7.0191420000000004,1,BELOW_TRIGGER,NORMAL_UPDATE,DISABLED_NOT_IMPLEMENTED,0,NOT_REQUESTED
UNONLOCAL_ONLY,3144,0.20652300000000001,9.0108320000000006,0.0013960000000000001,0,15.334834000000001,0.024095999999999999,26.023973999999999,3,HIGH_NORMALIZED_INNOVATION,CAUTIOUS_UPDATE,DISABLED_NOT_IMPLEMENTED,0,NOT_REQUESTED
UNONLOCAL_ONLY,3145,0.207152,4.4150749999999999,0.00090799999999999995,0,0,0.020673,5.9866650000000003,1,BELOW_TRIGGER,NORMAL_UPDATE,DISABLED_NOT_IMPLEMENTED,0,NOT_REQUESTED
UNONLOCAL_ONLY,3146,0.19667499999999999,5.2909670000000002,0.00097799999999999992,0,0,0.023118,6.9469950000000003,1,BELOW_TRIGGER,NORMAL_UPDATE,DISABLED_NOT_IMPLEMENTED,0,NOT_REQUESTED
UNONLOCAL_ONLY,3147,0.200936,6.1103550000000002,0.001397,0,0,0.022001,7.7295069999999999,1,BELOW_TRIGGER,NORMAL_UPDATE,DISABLED_NOT_IMPLEMENTED,0,NOT_REQUESTED
UNONLOCAL_ONLY,3148,0.19611700000000001,4.3524969999999996,0.00097799999999999992,0,0,0.020115000000000001,6.0084549999999997,1,BELOW_TRIGGER,NORMAL_UPDATE,DISABLED_NOT_IMPLEMENTED,0,NOT_REQUESTED
UNONLOCAL_ONLY,3149,0.19611700000000001,4.4856860000000003,0.001397,0,0,0.020045,6.1688830000000001,1,BELOW_TRIGGER,NORMAL_UPDATE,DISABLED_NOT_IMPLEMENTED,0,NOT_REQUESTED
UNONLOCAL_ONLY,3150,0.20624400000000001,3.6702080000000001,0.00090799999999999995,0,11.243058,0.023328000000000002,16.647518999999999,3,PERIODIC_CHECK,DIRECTIONAL_UPDATE,DISABLED_NOT_IMPLEMENTED,0,NOT_REQUESTED
UNONLOCAL_ONLY,3151,0.19737399999999999,3.5883530000000001,0.001397,0,0,0.022488999999999999,5.3101729999999998,1,BELOW_TRIGGER,NORMAL_UPDATE,DISABLED_NOT_IMPLEMENTED,0,NOT_REQUESTED
UNONLOCAL_ONLY,3152,0.196885,4.4458760000000002,0.001397,0,0,0.020464,6.177403,1,BELOW_TRIGGER,NORMAL_UPDATE,DISABLED_NOT_IMPLEMENTED,0,NOT_REQUESTED
UNONLOCAL_ONLY,3153,0.19786300000000001,4.4134690000000001,0.001467,0,0,0.021791000000000001,6.169022,1,BELOW_TRIGGER,NORMAL_UPDATE,DISABLED_NOT_IMPLEMENTED,0,NOT_REQUESTED
UNONLOCAL_ONLY,3154,0.198212,4.4764670000000004,0.001397,0,0,0.020603,6.1903240000000004,1,BELOW_TRIGGER,NORMAL_UPDATE,DISABLED_NOT_IMPLEMENTED,0,NOT_REQUESTED
UNONLOCAL_ONLY,3155,0.19800200000000001,4.3425089999999997,0.00097799999999999992,0,0,0.022419000000000001,6.1104240000000001,1,BELOW_TRIGGER,NORMAL_UPDATE,DISABLED_NOT_IMPLEMENTED,0,NOT_REQUESTED
UNONLOCAL_ONLY,3156,0.21665100000000001,4.4131200000000002,0.001397,0,0,0.021580999999999999,6.2045719999999998,1,BELOW_TRIGGER,NORMAL_UPDATE,DISABLED_NOT_IMPLEMENTED,0,NOT_REQUESTED
UNONLOCAL_ONLY,3157,0.19883999999999999,4.2788130000000004,0.0013960000000000001,0,0,0.020534,6.0194200000000002,1,BELOW_TRIGGER,NORMAL_UPDATE,DISABLED_NOT_IMPLEMENTED,0,NOT_REQUESTED
UNONLOCAL_ONLY,3158,0.19639699999999999,3.6524679999999998,0.0014660000000000001,0,0,0.021510999999999999,5.3524279999999997,1,BELOW_TRIGGER,NORMAL_UPDATE,DISABLED_NOT_IMPLEMENTED,0,NOT_REQUESTED
UNONLOCAL_ONLY,3159,0.19856099999999999,4.2784639999999996,0.001397,0,0,0.020673,6.004893,1,BELOW_TRIGGER,NORMAL_UPDATE,DISABLED_NOT_IMPLEMENTED,0,NOT_REQUESTED
UNONLOCAL_ONLY,3160,0.19681499999999999,5.3778499999999996,0.0013960000000000001,0,0,0.020534,7.1571499999999997,1,BELOW_TRIGGER,NORMAL_UPDATE,DISABLED_NOT_IMPLEMENTED,0,NOT_REQUESTED
UNONLOCAL_ONLY,3161,0.196606,4.347048,0.001467,0,0,0.02214,6.1161519999999996,1,BELOW_TRIGGER,NORMAL_UPDATE,DISABLED_NOT_IMPLEMENTED,0,NOT_REQUESTED
UNONLOCAL_ONLY,3162,0.208479,4.602671,0.001467,0,0,0.020882000000000001,6.350403,1,BELOW_TRIGGER,NORMAL_UPDATE,DISABLED_NOT_IMPLEMENTED,0,NOT_REQUESTED
UNONLOCAL_ONLY,3163,0.19702500000000001,5.7106469999999998,0.001467,0,0,0.021510999999999999,7.4761189999999997,1,BELOW_TRIGGER,NORMAL_UPDATE,DISABLED_NOT_IMPLEMENTED,0,NOT_REQUESTED
UNONLOCAL_ONLY,3164,0.18997,7.7103000000000002,0.00090799999999999995,0,0,0.021999999999999999,9.5623749999999994,1,BELOW_TRIGGER,NORMAL_UPDATE,DISABLED_NOT_IMPLEMENTED,0,NOT_REQUESTED
UNONLOCAL_ONLY,3165,0.200378,8.2489229999999996,0.0014660000000000001,0,0,0.021860999999999998,10.075087,1,BELOW_TRIGGER,NORMAL_UPDATE,DISABLED_NOT_IMPLEMENTED,0,NOT_REQUESTED
UNONLOCAL_ONLY,3166,0.19814200000000001,8.0016820000000006,0.001467,0,0,0.021371999999999999,9.8556430000000006,1,BELOW_TRIGGER,NORMAL_UPDATE,DISABLED_NOT_IMPLEMENTED,0,NOT_REQUESTED
UNONLOCAL_ONLY,3167,0.19800300000000001,6.6261390000000002,0.00090799999999999995,0,0,0.023257,8.4914850000000008,1,BELOW_TRIGGER,NORMAL_UPDATE,DISABLED_NOT_IMPLEMENTED,0,NOT_REQUESTED
UNONLOCAL_ONLY,3168,0.21218100000000001,10.454331,0.00097799999999999992,0,0,0.022629,12.303891999999999,1,BELOW_TRIGGER,NORMAL_UPDATE,DISABLED_NOT_IMPLEMENTED,0,NOT_REQUESTED
UNONLOCAL_ONLY,3169,0.19702500000000001,8.6342420000000004,0.00097799999999999992,0,0,0.021371999999999999,10.454959000000001,1,BELOW_TRIGGER,NORMAL_UPDATE,DISABLED_NOT_IMPLEMENTED,0,NOT_REQUESTED
UNONLOCAL_ONLY,3170,0.196885,16.915852000000001,0.001397,0,0,0.023328000000000002,18.745996999999999,1,BELOW_TRIGGER,NORMAL_UPDATE,DISABLED_NOT_IMPLEMENTED,0,NOT_REQUESTED
UNONLOCAL_ONLY,3171,0.19800300000000001,19.261082999999999,0.001397,0,0,0.025283,21.138860000000001,1,BELOW_TRIGGER,NORMAL_UPDATE,DISABLED_NOT_IMPLEMENTED,0,NOT_REQUESTED
UNONLOCAL_ONLY,3172,0.19814300000000001,12.562936000000001,0.001397,0,0,0.024236000000000001,14.384561,1,BELOW_TRIGGER,NORMAL_UPDATE,DISABLED_NOT_IMPLEMENTED,0,NOT_REQUESTED
UNONLOCAL_ONLY,3173,0.20044699999999999,12.601839,0.00090799999999999995,0,25.955389,0.027657000000000001,40.461615000000002,3,HIGH_NORMALIZED_INNOVATION,DIRECTIONAL_UPDATE,DISABLED_NOT_IMPLEMENTED,0,NOT_REQUESTED
UNONLOCAL_ONLY,3174,0.207152,11.655685999999999,0.000977,0,0,0.022838000000000001,13.470117,1,BELOW_TRIGGER,NORMAL_UPDATE,DISABLED_NOT_IMPLEMENTED,0,NOT_REQUESTED
UNONLOCAL_ONLY,3175,0.196606,9.607075,0.001397,0,15.691867,0.022977999999999998,27.149761000000002,3,PERIODIC_CHECK,DIRECTIONAL_UPDATE,DISABLED_NOT_IMPLEMENTED,0,NOT_REQUESTED
UNONLOCAL_ONLY,3176,0.213089,8.5863309999999995,0.001397,0,0,0.022908000000000001,10.379389,1,BELOW_TRIGGER,NORMAL_UPDATE,DISABLED_NOT_IMPLEMENTED,0,NOT_REQUESTED
UNONLOCAL_ONLY,3177,0.198351,9.4621519999999997,0.0014660000000000001,0,0,0.022349000000000001,11.197101999999999,1,BELOW_TRIGGER,NORMAL_UPDATE,DISABLED_NOT_IMPLEMENTED,0,NOT_REQUESTED
UNONLOCAL_ONLY,3178,0.19751299999999999,9.5896840000000001,0.00090799999999999995,0,0,0.021510999999999999,11.337555,1,BELOW_TRIGGER,NORMAL_UPDATE,DISABLED_NOT_IMPLEMENTED,0,NOT_REQUESTED
UNONLOCAL_ONLY,3179,0.19898099999999999,9.6517040000000005,0.001467,0,0,0.029613,11.388051000000001,1,BELOW_TRIGGER,NORMAL_UPDATE,DISABLED_NOT_IMPLEMENTED,0,NOT_REQUESTED
UNONLOCAL_ONLY,3180,0.20652400000000001,11.532904,0.0023050000000000002,0,0,0.031009999999999999,13.340489,1,BELOW_TRIGGER,NORMAL_UPDATE,DISABLED_NOT_IMPLEMENTED,0,NOT_REQUESTED
UNONLOCAL_ONLY,3181,0.19925999999999999,8.0484059999999999,0.001397,0,0,0.021232000000000001,9.8112940000000002,1,BELOW_TRIGGER,NORMAL_UPDATE,DISABLED_NOT_IMPLEMENTED,0,NOT_REQUESTED
UNONLOCAL_ONLY,3182,0.20016800000000001,9.8036110000000001,0.001397,0,0,0.024723999999999999,11.54345,1,BELOW_TRIGGER,NORMAL_UPDATE,DISABLED_NOT_IMPLEMENTED,0,NOT_REQUESTED
UNONLOCAL_ONLY,3183,0.20044699999999999,6.4351909999999997,0.001467,0,0,0.021721000000000001,8.2113479999999992,1,BELOW_TRIGGER,NORMAL_UPDATE,DISABLED_NOT_IMPLEMENTED,0,NOT_REQUESTED
UNONLOCAL_ONLY,3184,0.19974900000000001,8.8999919999999992,0.001397,0,0,0.021023,10.694587,1,BELOW_TRIGGER,NORMAL_UPDATE,DISABLED_NOT_IMPLEMENTED,0,NOT_REQUESTED
UNONLOCAL_ONLY,3185,0.20589499999999999,8.5566479999999991,0.001397,0,0,0.026259999999999999,10.324913,1,BELOW_TRIGGER,NORMAL_UPDATE,DISABLED_NOT_IMPLEMENTED,0,NOT_REQUESTED
UNONLOCAL_ONLY,3186,0.19611700000000001,9.4921150000000001,0.0014660000000000001,0,0,0.024445000000000001,11.283218,1,BELOW_TRIGGER,NORMAL_UPDATE,DISABLED_NOT_IMPLEMENTED,0,NOT_REQUESTED
UNONLOCAL_ONLY,3187,0.20135500000000001,9.9462290000000007,0.001397,0,0,0.021302000000000001,11.770436999999999,1,BELOW_TRIGGER,NORMAL_UPDATE,DISABLED_NOT_IMPLEMENTED,0,NOT_REQUESTED
UNONLOCAL_ONLY,3188,0.196746,7.6707000000000001,0.0014660000000000001,0,0,0.02179,9.4156370000000003,1,BELOW_TRIGGER,NORMAL_UPDATE,DISABLED_NOT_IMPLEMENTED,0,NOT_REQUESTED
UNONLOCAL_ONLY,3189,0.19520899999999999,9.2581430000000005,0.00090799999999999995,0,0,0.021999999999999999,10.983385,1,BELOW_TRIGGER,NORMAL_UPDATE,DISABLED_NOT_IMPLEMENTED,0,NOT_REQUESTED
UNONLOCAL_ONLY,3190,0.19541900000000001,10.635082000000001,0.0014660000000000001,0,0,0.027098000000000001,12.443156999999999,1,BELOW_TRIGGER,NORMAL_UPDATE,DISABLED_NOT_IMPLEMENTED,0,NOT_REQUESTED
UNONLOCAL_ONLY,3191,0.21218100000000001,10.658899,0.001467,0,0,0.022908000000000001,12.480872,1,BELOW_TRIGGER,NORMAL_UPDATE,DISABLED_NOT_IMPLEMENTED,0,NOT_REQUESTED
UNONLOCAL_ONLY,3192,0.198491,10.60065,0.001397,0,19.76304,0.025353000000000001,32.175604999999997,3,HIGH_NORMALIZED_INNOVATION,DIRECTIONAL_UPDATE,DISABLED_NOT_IMPLEMENTED,0,NOT_REQUESTED
UNONLOCAL_ONLY,3193,0.19974800000000001,14.998613000000001,0.00097799999999999992,0,27.464538999999998,0.027238999999999999,44.294904000000002,3,HIGH_NORMALIZED_INNOVATION,DIRECTIONAL_UPDATE,DISABLED_NOT_IMPLEMENTED,0,NOT_REQUESTED
UNONLOCAL_ONLY,3194,0.206733,11.353339,0.0014660000000000001,0,0,0.022838000000000001,13.168049999999999,1,BELOW_TRIGGER,NORMAL_UPDATE,DISABLED_NOT_IMPLEMENTED,0,NOT_REQUESTED
UNONLOCAL_ONLY,3195,0.19856099999999999,9.7432669999999995,0.0014660000000000001,0,20.453499000000001,0.025283,32.029076000000003,3,HIGH_NORMALIZED_INNOVATION,DIRECTIONAL_UPDATE,DISABLED_NOT_IMPLEMENTED,0,NOT_REQUESTED
UNONLOCAL_ONLY,3196,0.19960900000000001,8.6292840000000002,0.001397,0,18.036959,0.026190999999999999,28.503861000000001,3,HIGH_NORMALIZED_INNOVATION,DIRECTIONAL_UPDATE,DISABLED_NOT_IMPLEMENTED,0,NOT_REQUESTED
UNONLOCAL_ONLY,3197,0.208758,9.4682980000000008,0.0018860000000000001,0,19.669031,0.035270000000000003,30.994643,3,HIGH_NORMALIZED_INNOVATION,DIRECTIONAL_UPDATE,DISABLED_NOT_IMPLEMENTED,0,NOT_REQUESTED
UNONLOCAL_ONLY,3198,0.200378,10.624955,0.001467,0,21.010701000000001,0.035200000000000002,33.471666999999997,3,HIGH_NORMALIZED_INNOVATION,DIRECTIONAL_UPDATE,DISABLED_NOT_IMPLEMENTED,0,NOT_REQUESTED
UNONLOCAL_ONLY,3199,0.203101,12.313599999999999,0.00097799999999999992,0,28.620077999999999,0.029054,42.831291,3,HIGH_NORMALIZED_INNOVATION,DIRECTIONAL_UPDATE,DISABLED_NOT_IMPLEMENTED,0,NOT_REQUESTED
UNONLOCAL_ONLY,3200,0.199958,11.938617000000001,0.001467,0,25.889666999999999,0.026679000000000001,39.691115000000003,3,HIGH_NORMALIZED_INNOVATION,DIRECTIONAL_UPDATE,DISABLED_NOT_IMPLEMENTED,0,NOT_REQUESTED
UNONLOCAL_ONLY,3201,0.200237,13.251581,0.001397,0,25.213176000000001,0.030033000000000001,40.320113999999997,3,HIGH_NORMALIZED_INNOVATION,DIRECTIONAL_UPDATE,DISABLED_NOT_IMPLEMENTED,0,NOT_REQUESTED
UNONLOCAL_ONLY,3202,0.19954,11.55246,0.001397,0,25.351603000000001,0.061670000000000003,38.791409000000002,3,HIGH_NORMALIZED_INNOVATION,DIRECTIONAL_UPDATE,DISABLED_NOT_IMPLEMENTED,0,NOT_REQUESTED
UNONLOCAL_ONLY,3203,0.22496099999999999,11.241522,0.0013960000000000001,0,23.661422000000002,0.029054,36.798530999999997,3,HIGH_NORMALIZED_INNOVATION,DIRECTIONAL_UPDATE,DISABLED_NOT_IMPLEMENTED,0,NOT_REQUESTED
UNONLOCAL_ONLY,3204,0.19925999999999999,11.446299,0.001467,0,23.723859999999998,0.026540000000000001,37.070495999999999,3,HIGH_NORMALIZED_INNOVATION,DIRECTIONAL_UPDATE,DISABLED_NOT_IMPLEMENTED,0,NOT_REQUESTED
UNONLOCAL_ONLY,3205,0.19828200000000001,12.070828000000001,0.001467,0,21.827575,0.026190999999999999,35.813406999999998,3,HIGH_NORMALIZED_INNOVATION,DIRECTIONAL_UPDATE,DISABLED_NOT_IMPLEMENTED,0,NOT_REQUESTED
UNONLOCAL_ONLY,3206,0.20016800000000001,10.819606,0.001467,0,23.741111,0.030311999999999999,36.482844,3,HIGH_NORMALIZED_INNOVATION,DIRECTIONAL_UPDATE,DISABLED_NOT_IMPLEMENTED,0,NOT_REQUESTED
UNONLOCAL_ONLY,3207,0.19939899999999999,12.109521000000001,0.001397,0,24.991776000000002,0.028076,38.979073999999997,3,HIGH_NORMALIZED_INNOVATION,DIRECTIONAL_UPDATE,DISABLED_NOT_IMPLEMENTED,0,NOT_REQUESTED
UNONLOCAL_ONLY,3208,0.198072,12.429398000000001,0.000977,0,22.515591000000001,0.025352,36.764378000000001,3,HIGH_NORMALIZED_INNOVATION,DIRECTIONAL_UPDATE,DISABLED_NOT_IMPLEMENTED,0,NOT_REQUESTED
UNONLOCAL_ONLY,3209,0.20666300000000001,14.544848999999999,0.00090799999999999995,0,29.050585999999999,0.025772,45.473491000000003,3,HIGH_NORMALIZED_INNOVATION,DIRECTIONAL_UPDATE,DISABLED_NOT_IMPLEMENTED,0,NOT_REQUESTED
UNONLOCAL_ONLY,3210,0.19988800000000001,13.493584,0.00097799999999999992,0,25.769539000000002,0.027796999999999999,41.115338000000001,3,HIGH_NORMALIZED_INNOVATION,DIRECTIONAL_UPDATE,DISABLED_NOT_IMPLEMENTED,0,NOT_REQUESTED
UNONLOCAL_ONLY,3211,0.19988800000000001,8.779026,0.001467,0,0,0.023816,10.612034,1,BELOW_TRIGGER,NORMAL_UPDATE,DISABLED_NOT_IMPLEMENTED,0,NOT_REQUESTED
UNONLOCAL_ONLY,3212,0.19758400000000001,12.017329,0.0013960000000000001,0,0,0.036736999999999999,13.866681,1,BELOW_TRIGGER,NORMAL_UPDATE,DISABLED_NOT_IMPLEMENTED,0,NOT_REQUESTED
UNONLOCAL_ONLY,3213,0.250664,13.545407000000001,0.001467,0,25.357119999999998,0.032686,41.236933000000001,3,HIGH_NORMALIZED_INNOVATION,DIRECTIONAL_UPDATE,DISABLED_NOT_IMPLEMENTED,0,NOT_REQUESTED
UNONLOCAL_ONLY,3214,0.21267,15.432263000000001,0.00097799999999999992,0,32.408180000000002,0.031498999999999999,49.751327000000003,3,HIGH_NORMALIZED_INNOVATION,DIRECTIONAL_UPDATE,DISABLED_NOT_IMPLEMENTED,0,NOT_REQUESTED
UNONLOCAL_ONLY,3215,0.201705,12.563565000000001,0.00097799999999999992,0,25.000017,0.031009999999999999,39.423130999999998,3,HIGH_NORMALIZED_INNOVATION,DIRECTIONAL_UPDATE,DISABLED_NOT_IMPLEMENTED,0,NOT_REQUESTED
UNONLOCAL_ONLY,3216,0.20114599999999999,11.179223,0.00097799999999999992,0,0,0.024794,13.034929999999999,1,BELOW_TRIGGER,NORMAL_UPDATE,DISABLED_NOT_IMPLEMENTED,0,NOT_REQUESTED
UNONLOCAL_ONLY,3217,0.20044699999999999,9.9328190000000003,0.001397,0,0,0.024723999999999999,11.705762999999999,1,BELOW_TRIGGER,NORMAL_UPDATE,DISABLED_NOT_IMPLEMENTED,0,NOT_REQUESTED
UNONLOCAL_ONLY,3218,0.19234499999999999,11.103514000000001,0.000977,0,24.650248000000001,0.028565,37.496394000000002,3,HIGH_NORMALIZED_INNOVATION,DIRECTIONAL_UPDATE,DISABLED_NOT_IMPLEMENTED,0,NOT_REQUESTED
UNONLOCAL_ONLY,3219,0.18906200000000001,9.1389230000000001,0.001467,0,0,0.022838000000000001,10.866818,1,BELOW_TRIGGER,NORMAL_UPDATE,DISABLED_NOT_IMPLEMENTED,0,NOT_REQUESTED
UNONLOCAL_ONLY,3220,0.19534899999999999,6.9431529999999997,0.001397,0,14.660926,0.023746,23.306204000000001,3,HIGH_NORMALIZED_INNOVATION,DIRECTIONAL_UPDATE,DISABLED_NOT_IMPLEMENTED,0,NOT_REQUESTED
UNONLOCAL_ONLY,3221,0.18801599999999999,10.158129000000001,0.001397,0,18.582287000000001,0.026261,30.484864999999999,3,HIGH_NORMALIZED_INNOVATION,DIRECTIONAL_UPDATE,DISABLED_NOT_IMPLEMENTED,0,NOT_REQUESTED
UNONLOCAL_ONLY,3222,0.17837700000000001,9.4338660000000001,0.001397,0,19.277076999999998,0.030939999999999999,30.547794,3,HIGH_NORMALIZED_INNOVATION,DIRECTIONAL_UPDATE,DISABLED_NOT_IMPLEMENTED,0,NOT_REQUESTED
UNONLOCAL_ONLY,3223,0.20016800000000001,8.8833690000000001,0.001467,0,19.543316000000001,0.051544,30.283301000000002,3,HIGH_NORMALIZED_INNOVATION,DIRECTIONAL_UPDATE,DISABLED_NOT_IMPLEMENTED,0,NOT_REQUESTED
UNONLOCAL_ONLY,3224,0.22901299999999999,7.4668299999999999,0.001397,0,17.271208999999999,0.024934000000000001,26.594025999999999,3,HIGH_NORMALIZED_INNOVATION,DIRECTIONAL_UPDATE,DISABLED_NOT_IMPLEMENTED,0,NOT_REQUESTED
UNONLOCAL_ONLY,3225,0.197933,13.922834,0.001467,0,16.548551,0.025212999999999999,32.225053000000003,3,PERIODIC_CHECK,DIRECTIONAL_UPDATE,DISABLED_NOT_IMPLEMENTED,0,NOT_REQUESTED
UNONLOCAL_ONLY,3226,0.19500000000000001,16.187328000000001,0.001467,0,39.545146000000003,0.042324000000000001,57.492007999999998,3,HIGH_NORMALIZED_INNOVATION,DIRECTIONAL_UPDATE,DISABLED_NOT_IMPLEMENTED,0,NOT_REQUESTED
UNONLOCAL_ONLY,3227,0.204289,8.6132200000000001,0.00097799999999999992,0,0,0.023188,10.373384,1,BELOW_TRIGGER,NORMAL_UPDATE,DISABLED_NOT_IMPLEMENTED,0,NOT_REQUESTED
UNONLOCAL_ONLY,3228,0.200796,8.4414079999999991,0.0013960000000000001,0,16.006367000000001,0.024375000000000001,26.28246,3,HIGH_NORMALIZED_INNOVATION,DIRECTIONAL_UPDATE,DISABLED_NOT_IMPLEMENTED,0,NOT_REQUESTED
UNONLOCAL_ONLY,3229,0.204707,16.280916999999999,0.00097799999999999992,0,24.189150000000001,0.025283,42.239099000000003,3,HIGH_NORMALIZED_INNOVATION,DIRECTIONAL_UPDATE,DISABLED_NOT_IMPLEMENTED,0,NOT_REQUESTED
UNONLOCAL_ONLY,3230,0.187386,14.979058,0.001397,0,26.625174999999999,0.026259999999999999,43.362440999999997,3,HIGH_NORMALIZED_INNOVATION,DIRECTIONAL_UPDATE,DISABLED_NOT_IMPLEMENTED,0,NOT_REQUESTED
UNONLOCAL_ONLY,3231,0.18745600000000001,12.541914,0.00097799999999999992,0,23.005254999999998,0.026749999999999999,37.233299000000002,3,HIGH_NORMALIZED_INNOVATION,DIRECTIONAL_UPDATE,DISABLED_NOT_IMPLEMENTED,0,NOT_REQUESTED
UNONLOCAL_ONLY,3232,0.21259900000000001,9.3046579999999999,0.001397,0,19.080192,0.026540000000000001,30.096892,3,HIGH_NORMALIZED_INNOVATION,DIRECTIONAL_UPDATE,DISABLED_NOT_IMPLEMENTED,0,NOT_REQUESTED
UNONLOCAL_ONLY,3233,0.19115799999999999,9.9835940000000001,0.001397,0,19.588782999999999,0.026190000000000001,31.256971,3,HIGH_NORMALIZED_INNOVATION,DIRECTIONAL_UPDATE,DISABLED_NOT_IMPLEMENTED,0,NOT_REQUESTED
UNONLOCAL_ONLY,3234,0.19492899999999999,10.094155000000001,0.00097799999999999992,0,20.513494000000001,0.026679999999999999,32.317804000000002,3,HIGH_NORMALIZED_INNOVATION,DIRECTIONAL_UPDATE,DISABLED_NOT_IMPLEMENTED,0,NOT_REQUESTED
UNONLOCAL_ONLY,3235,0.19067000000000001,8.2176340000000003,0.00097799999999999992,0,20.190684000000001,0.041974999999999998,30.112047,3,HIGH_NORMALIZED_INNOVATION,DIRECTIONAL_UPDATE,DISABLED_NOT_IMPLEMENTED,0,NOT_REQUESTED
UNONLOCAL_ONLY,3236,0.189692,5.7931319999999999,0.001397,0,11.408374999999999,0.022488999999999999,18.912569999999999,3,HIGH_NORMALIZED_INNOVATION,DIRECTIONAL_UPDATE,DISABLED_NOT_IMPLEMENTED,0,NOT_REQUESTED
UNONLOCAL_ONLY,3237,0.18871299999999999,5.4160529999999998,0.001397,0,11.568174000000001,0.025562000000000001,18.634808,3,HIGH_NORMALIZED_INNOVATION,DIRECTIONAL_UPDATE,DISABLED_NOT_IMPLEMENTED,0,NOT_REQUESTED
UNONLOCAL_ONLY,3238,0.200796,9.7660350000000005,0.0013960000000000001,0,17.596883999999999,0.033873,29.091723000000002,3,HIGH_NORMALIZED_INNOVATION,DIRECTIONAL_UPDATE,DISABLED_NOT_IMPLEMENTED,0,NOT_REQUESTED
UNONLOCAL_ONLY,3239,0.23627600000000001,5.2614929999999998,0.001397,0,10.720219,0.024305,18.113924999999998,3,HIGH_NORMALIZED_INNOVATION,DIRECTIONAL_UPDATE,DISABLED_NOT_IMPLEMENTED,0,NOT_REQUESTED
UNONLOCAL_ONLY,3240,0.191577,5.0414199999999996,0.001467,0,10.600300000000001,0.023886000000000001,17.271139999999999,3,HIGH_NORMALIZED_INNOVATION,DIRECTIONAL_UPDATE,DISABLED_NOT_IMPLEMENTED,0,NOT_REQUESTED
UNONLOCAL_ONLY,3241,0.19087799999999999,7.1713979999999999,0.001397,0,14.868498000000001,0.024374,23.711358000000001,3,HIGH_NORMALIZED_INNOVATION,DIRECTIONAL_UPDATE,DISABLED_NOT_IMPLEMENTED,0,NOT_REQUESTED
UNONLOCAL_ONLY,3242,0.190111,8.9249259999999992,0.00090799999999999995,0,15.459222,0.024725,26.069161000000001,3,HIGH_NORMALIZED_INNOVATION,DIRECTIONAL_UPDATE,DISABLED_NOT_IMPLEMENTED,0,NOT_REQUESTED
UNONLOCAL_ONLY,3243,0.197793,4.8717730000000001,0.00090799999999999995,0,9.0778099999999995,0.022977999999999998,15.665467,3,HIGH_NORMALIZED_INNOVATION,DIRECTIONAL_UPDATE,DISABLED_NOT_IMPLEMENTED,0,NOT_REQUESTED
UNONLOCAL_ONLY,3244,0.192276,5.7128129999999997,0.001397,0,12.564962,0.023956000000000002,20.009024,3,HIGH_NORMALIZED_INNOVATION,DIRECTIONAL_UPDATE,DISABLED_NOT_IMPLEMENTED,0,NOT_REQUESTED
UNONLOCAL_ONLY,3245,0.188365,5.2690349999999997,0.001397,0,11.132638,0.023536999999999999,18.062730999999999,3,HIGH_NORMALIZED_INNOVATION,DIRECTIONAL_UPDATE,DISABLED_NOT_IMPLEMENTED,0,NOT_REQUESTED
UNONLOCAL_ONLY,3246,0.18815499999999999,6.8372029999999997,0.001467,0,14.155967,0.023257,22.714431000000001,3,HIGH_NORMALIZED_INNOVATION,DIRECTIONAL_UPDATE,DISABLED_NOT_IMPLEMENTED,0,NOT_REQUESTED
UNONLOCAL_ONLY,3247,0.18885299999999999,6.6706989999999999,0.00097799999999999992,0,12.503012,0.030032,20.880863999999999,3,HIGH_NORMALIZED_INNOVATION,DIRECTIONAL_UPDATE,DISABLED_NOT_IMPLEMENTED,0,NOT_REQUESTED
UNONLOCAL_ONLY,3248,0.193463,6.7485030000000004,0.001397,0,12.540447,0.025701999999999999,20.960972999999999,3,HIGH_NORMALIZED_INNOVATION,DIRECTIONAL_UPDATE,DISABLED_NOT_IMPLEMENTED,0,NOT_REQUESTED
UNONLOCAL_ONLY,3249,0.201076,6.0421889999999996,0.001397,0,12.565101,0.024584999999999999,20.285458999999999,3,HIGH_NORMALIZED_INNOVATION,DIRECTIONAL_UPDATE,DISABLED_NOT_IMPLEMENTED,0,NOT_REQUESTED
UNONLOCAL_ONLY,3250,0.188085,7.104419,0.0014660000000000001,0,14.789925,0.031009999999999999,23.618258999999998,3,PERIODIC_CHECK,DIRECTIONAL_UPDATE,DISABLED_NOT_IMPLEMENTED,0,NOT_REQUESTED
UNONLOCAL_ONLY,3251,0.19276399999999999,9.8156929999999996,0.0014660000000000001,0,16.808713999999998,0.030311999999999999,28.421378000000001,3,HIGH_NORMALIZED_INNOVATION,DIRECTIONAL_UPDATE,DISABLED_NOT_IMPLEMENTED,0,NOT_REQUESTED
UNONLOCAL_ONLY,3252,0.22901299999999999,9.6315190000000008,0.001397,0,17.095835000000001,0.025073000000000002,28.754175,3,HIGH_NORMALIZED_INNOVATION,DIRECTIONAL_UPDATE,DISABLED_NOT_IMPLEMENTED,0,NOT_REQUESTED
UNONLOCAL_ONLY,3253,0.18647900000000001,7.908722,0.00048899999999999996,0,17.298587000000001,0.023956000000000002,26.91544,3,HIGH_NORMALIZED_INNOVATION,DIRECTIONAL_UPDATE,DISABLED_NOT_IMPLEMENTED,0,NOT_REQUESTED
UNONLOCAL_ONLY,3254,0.198492,6.5351350000000004,0.001397,0,14.687746000000001,0.024164999999999999,22.934294000000001,3,HIGH_NORMALIZED_INNOVATION,DIRECTIONAL_UPDATE,DISABLED_NOT_IMPLEMENTED,0,NOT_REQUESTED
UNONLOCAL_ONLY,3255,0.19870099999999999,18.799914999999999,0.001397,0,37.657240999999999,0.032895000000000001,58.127014000000003,3,HIGH_NORMALIZED_INNOVATION,DIRECTIONAL_UPDATE,DISABLED_NOT_IMPLEMENTED,0,NOT_REQUESTED
UNONLOCAL_ONLY,3256,0.191577,11.594714,0.00097799999999999992,0,21.642631999999999,0.044699000000000003,35.092146,3,HIGH_NORMALIZED_INNOVATION,DIRECTIONAL_UPDATE,DISABLED_NOT_IMPLEMENTED,0,NOT_REQUESTED
UNONLOCAL_ONLY,3257,0.20128499999999999,6.1146149999999997,0.001467,0,12.105051,0.031358999999999998,19.999665,3,HIGH_NORMALIZED_INNOVATION,DIRECTIONAL_UPDATE,DISABLED_NOT_IMPLEMENTED,0,NOT_REQUESTED
UNONLOCAL_ONLY,3258,0.19583700000000001,4.5318509999999996,0.00048899999999999996,0,10.220499,0.024235,16.440156000000002,3,HIGH_NORMALIZED_INNOVATION,DIRECTIONAL_UPDATE,DISABLED_NOT_IMPLEMENTED,0,NOT_REQUESTED
UNONLOCAL_ONLY,3259,0.18759600000000001,3.8073079999999999,0.001467,0,7.8853949999999999,0.025073999999999999,13.379391999999999,3,HIGH_NORMALIZED_INNOVATION,DIRECTIONAL_UPDATE,DISABLED_NOT_IMPLEMENTED,0,NOT_REQUESTED
UNONLOCAL_ONLY,3260,0.20540600000000001,1.879105,0.001397,0,7.0625840000000002,0.021860999999999998,10.607424,3,HIGH_NORMALIZED_INNOVATION,CAUTIOUS_UPDATE,DISABLED_NOT_IMPLEMENTED,0,NOT_REQUESTED
UNONLOCAL_ONLY,3261,0.197933,2.4523000000000001,0.001397,0,5.2542289999999996,0.022419000000000001,9.4106089999999991,3,HIGH_NORMALIZED_INNOVATION,DIRECTIONAL_UPDATE,DISABLED_NOT_IMPLEMENTED,0,NOT_REQUESTED
UNONLOCAL_ONLY,3262,0.19269500000000001,2.5612529999999998,0.001397,0,6.7100200000000001,0.021860999999999998,10.903136999999999,3,HIGH_NORMALIZED_INNOVATION,DIRECTIONAL_UPDATE,DISABLED_NOT_IMPLEMENTED,0,NOT_REQUESTED
UNONLOCAL_ONLY,3263,0.18857399999999999,3.942383,0.001397,0,6.5182339999999996,0.022838000000000001,12.104841,3,HIGH_NORMALIZED_INNOVATION,CAUTIOUS_UPDATE,DISABLED_NOT_IMPLEMENTED,0,NOT_REQUESTED
UNONLOCAL_ONLY,3264,0.189413,3.5090810000000001,0.001397,0,8.0548319999999993,0.022838000000000001,13.236145,3,HIGH_NORMALIZED_INNOVATION,DIRECTIONAL_UPDATE,DISABLED_NOT_IMPLEMENTED,0,NOT_REQUESTED
UNONLOCAL_ONLY,3265,0.18899299999999999,2.9812150000000002,0.0013960000000000001,0,5.9270889999999996,0.020951999999999998,10.561538000000001,3,HIGH_NORMALIZED_INNOVATION,DIRECTIONAL_UPDATE,DISABLED_NOT_IMPLEMENTED,0,NOT_REQUESTED
UNONLOCAL_ONLY,3266,0.18843399999999999,3.024308,0.00097799999999999992,0,7.7259450000000003,0.022839000000000002,12.414522,3,HIGH_NORMALIZED_INNOVATION,DIRECTIONAL_UPDATE,DISABLED_NOT_IMPLEMENTED,0,NOT_REQUESTED
UNONLOCAL_ONLY,3267,0.209317,3.57606,0.0013960000000000001,0,8.4922540000000009,0.023397000000000001,13.722875999999999,3,HIGH_NORMALIZED_INNOVATION,DIRECTIONAL_UPDATE,DISABLED_NOT_IMPLEMENTED,0,NOT_REQUESTED
UNONLOCAL_ONLY,3268,0.18885299999999999,3.5278700000000001,0.00097799999999999992,0,9.5532959999999996,0.022839000000000002,14.708769,3,HIGH_NORMALIZED_INNOVATION,DIRECTIONAL_UPDATE,DISABLED_NOT_IMPLEMENTED,0,NOT_REQUESTED
UNONLOCAL_ONLY,3269,0.18731700000000001,4.5097810000000003,0.001467,0,8.9122140000000005,0.023047999999999999,15.078163999999999,3,HIGH_NORMALIZED_INNOVATION,DIRECTIONAL_UPDATE,DISABLED_NOT_IMPLEMENTED,0,NOT_REQUESTED
UNONLOCAL_ONLY,3270,0.19709399999999999,4.2999049999999999,0.001397,0,7.4578199999999999,0.022838000000000001,13.426045999999999,3,HIGH_NORMALIZED_INNOVATION,DIRECTIONAL_UPDATE,DISABLED_NOT_IMPLEMENTED,0,NOT_REQUESTED
UNONLOCAL_ONLY,3271,0.191996,3.793269,0.001397,0,7.0552510000000002,0.021860999999999998,12.513279000000001,3,HIGH_NORMALIZED_INNOVATION,DIRECTIONAL_UPDATE,DISABLED_NOT_IMPLEMENTED,0,NOT_REQUESTED
UNONLOCAL_ONLY,3272,0.19087899999999999,3.3707940000000001,0.001397,0,7.1010669999999996,0.023886000000000001,12.141788,3,HIGH_NORMALIZED_INNOVATION,DIRECTIONAL_UPDATE,DISABLED_NOT_IMPLEMENTED,0,NOT_REQUESTED
UNONLOCAL_ONLY,3273,0.198491,3.5530819999999999,0.001467,0,7.7837740000000002,0.021999999999999999,12.957475000000001,3,HIGH_NORMALIZED_INNOVATION,DIRECTIONAL_UPDATE,DISABLED_NOT_IMPLEMENTED,0,NOT_REQUESTED
UNONLOCAL_ONLY,3274,0.190111,3.0301740000000001,0.0028630000000000001,0,6.9669699999999999,0.023886000000000001,11.591431,3,HIGH_NORMALIZED_INNOVATION,DIRECTIONAL_UPDATE,DISABLED_NOT_IMPLEMENTED,0,NOT_REQUESTED
UNONLOCAL_ONLY,3275,0.18138000000000001,2.5127130000000002,0.00090799999999999995,0,10.519703,0.023886000000000001,14.620488,3,HIGH_NORMALIZED_INNOVATION,CAUTIOUS_UPDATE,DISABLED_NOT_IMPLEMENTED,0,NOT_REQUESTED
UNONLOCAL_ONLY,3276,0.19039,3.5358309999999999,0.001397,0,7.5843749999999996,0.022349000000000001,12.738030999999999,3,HIGH_NORMALIZED_INNOVATION,DIRECTIONAL_UPDATE,DISABLED_NOT_IMPLEMENTED,0,NOT_REQUESTED
UNONLOCAL_ONLY,3277,0.18948200000000001,3.5139010000000002,0.001397,0,6.99777,0.022977999999999998,12.109171999999999,3,HIGH_NORMALIZED_INNOVATION,DIRECTIONAL_UPDATE,DISABLED_NOT_IMPLEMENTED,0,NOT_REQUESTED
UNONLOCAL_ONLY,3278,0.19681499999999999,4.9094879999999996,0.00097799999999999992,0,7.0562279999999999,0.022768,13.567337,3,HIGH_NORMALIZED_INNOVATION,CAUTIOUS_UPDATE,DISABLED_NOT_IMPLEMENTED,0,NOT_REQUESTED
UNONLOCAL_ONLY,3279,0.183057,7.0826279999999997,0.0013960000000000001,0,11.973399000000001,0.027588000000000001,20.651502000000001,3,HIGH_NORMALIZED_INNOVATION,DIRECTIONAL_UPDATE,DISABLED_NOT_IMPLEMENTED,0,NOT_REQUESTED
UNONLOCAL_ONLY,3280,0.195768,4.1110519999999999,0.00097799999999999992,0,7.3043069999999997,0.023466999999999998,13.098136999999999,3,HIGH_NORMALIZED_INNOVATION,DIRECTIONAL_UPDATE,DISABLED_NOT_IMPLEMENTED,0,NOT_REQUESTED
UNONLOCAL_ONLY,3281,0.189831,4.6535169999999999,0.00097799999999999992,0,7.9275799999999998,0.022977999999999998,14.214354999999999,3,HIGH_NORMALIZED_INNOVATION,DIRECTIONAL_UPDATE,DISABLED_NOT_IMPLEMENTED,0,NOT_REQUESTED
UNONLOCAL_ONLY,3282,0.18997,5.8353859999999997,0.001397,0,11.320024999999999,0.023886000000000001,18.762968000000001,3,HIGH_NORMALIZED_INNOVATION,DIRECTIONAL_UPDATE,DISABLED_NOT_IMPLEMENTED,0,NOT_REQUESTED
UNONLOCAL_ONLY,3283,0.189831,3.7545069999999998,0.001397,0,7.8066820000000003,0.023327000000000001,13.202691,3,HIGH_NORMALIZED_INNOVATION,DIRECTIONAL_UPDATE,DISABLED_NOT_IMPLEMENTED,0,NOT_REQUESTED
UNONLOCAL_ONLY,3284,0.200098,4.7840509999999998,0.001397,0,9.0418409999999998,0.022908000000000001,15.431775,3,HIGH_NORMALIZED_INNOVATION,DIRECTIONAL_UPDATE,DISABLED_NOT_IMPLEMENTED,0,NOT_REQUESTED
UNONLOCAL_ONLY,3285,0.189831,4.9638249999999999,0.00097799999999999992,0,10.302982999999999,0.022069999999999999,16.912987999999999,3,HIGH_NORMALIZED_INNOVATION,DIRECTIONAL_UPDATE,DISABLED_NOT_IMPLEMENTED,0,NOT_REQUESTED
UNONLOCAL_ONLY,3286,0.189692,3.5493809999999999,0.00097799999999999992,0,8.3585049999999992,0.022768,13.623142,3,HIGH_NORMALIZED_INNOVATION,DIRECTIONAL_UPDATE,DISABLED_NOT_IMPLEMENTED,0,NOT_REQUESTED
UNONLOCAL_ONLY,3287,0.18990099999999999,3.5283579999999999,0.0014660000000000001,0,7.9368679999999996,0.02214,13.081166,3,HIGH_NORMALIZED_INNOVATION,DIRECTIONAL_UPDATE,DISABLED_NOT_IMPLEMENTED,0,NOT_REQUESTED
UNONLOCAL_ONLY,3288,0.189272,4.4936470000000002,0.000977,0,9.2849629999999994,0.023397000000000001,15.368288,3,HIGH_NORMALIZED_INNOVATION,DIRECTIONAL_UPDATE,DISABLED_NOT_IMPLEMENTED,0,NOT_REQUESTED
UNONLOCAL_ONLY,3289,0.19039,5.4055070000000001,0.00097799999999999992,0,10.273020000000001,0.023397000000000001,17.267996,3,HIGH_NORMALIZED_INNOVATION,DIRECTIONAL_UPDATE,DISABLED_NOT_IMPLEMENTED,0,NOT_REQUESTED
UNONLOCAL_ONLY,3290,0.19695499999999999,4.4835200000000004,0.001467,0,9.7345360000000003,0.023746,15.863189999999999,3,HIGH_NORMALIZED_INNOVATION,DIRECTIONAL_UPDATE,DISABLED_NOT_IMPLEMENTED,0,NOT_REQUESTED
UNONLOCAL_ONLY,3291,0.18878300000000001,3.5384859999999998,0.001467,0,6.949579,0.022419999999999999,12.085565000000001,3,HIGH_NORMALIZED_INNOVATION,DIRECTIONAL_UPDATE,DISABLED_NOT_IMPLEMENTED,0,NOT_REQUESTED
UNONLOCAL_ONLY,3292,0.18878400000000001,3.5125739999999999,0.0013960000000000001,0,0,0.021999999999999999,5.0771100000000002,1,BELOW_TRIGGER,NORMAL_UPDATE,DISABLED_NOT_IMPLEMENTED,0,NOT_REQUESTED
UNONLOCAL_ONLY,3293,0.18913199999999999,4.1892760000000004,0.001397,0,8.2052019999999999,0.022558999999999999,14.018727,3,HIGH_NORMALIZED_INNOVATION,DIRECTIONAL_UPDATE,DISABLED_NOT_IMPLEMENTED,0,NOT_REQUESTED
UNONLOCAL_ONLY,3294,0.18159,5.9910639999999997,0.00097799999999999992,0,8.4089320000000001,0.022769000000000001,16.027947999999999,3,HIGH_NORMALIZED_INNOVATION,CAUTIOUS_UPDATE,DISABLED_NOT_IMPLEMENTED,0,NOT_REQUESTED
UNONLOCAL_ONLY,3295,0.180751,4.2164440000000001,0.00048899999999999996,0,7.5211670000000002,0.023257,13.312972,3,HIGH_NORMALIZED_INNOVATION,DIRECTIONAL_UPDATE,DISABLED_NOT_IMPLEMENTED,0,NOT_REQUESTED
UNONLOCAL_ONLY,3296,0.199818,4.5759910000000001,0.00097799999999999992,0,9.1182490000000005,0.028076,15.362352,3,HIGH_NORMALIZED_INNOVATION,DIRECTIONAL_UPDATE,DISABLED_NOT_IMPLEMENTED,0,NOT_REQUESTED
UNONLOCAL_ONLY,3297,0.19178700000000001,3.8575940000000002,0.001397,0,7.3307770000000003,0.022069999999999999,12.798654000000001,3,HIGH_NORMALIZED_INNOVATION,DIRECTIONAL_UPDATE,DISABLED_NOT_IMPLEMENTED,0,NOT_REQUESTED
UNONLOCAL_ONLY,3298,0.18892300000000001,4.4764660000000003,0.00090799999999999995,0,9.5309460000000001,0.021930000000000002,15.607428000000001,3,HIGH_NORMALIZED_INNOVATION,DIRECTIONAL_UPDATE,DISABLED_NOT_IMPLEMENTED,0,NOT_REQUESTED
UNONLOCAL_ONLY,3299,0.18997,4.0789939999999998,0.00090799999999999995,0,8.4723489999999995,0.022419999999999999,14.123281,3,HIGH_NORMALIZED_INNOVATION,DIRECTIONAL_UPDATE,DISABLED_NOT_IMPLEMENTED,0,NOT_REQUESTED
UNONLOCAL_ONLY,3300,0.189133,4.1320040000000002,0.001397,0,9.2508090000000003,0.022768,15.001965999999999,3,HIGH_NORMALIZED_INNOVATION,DIRECTIONAL_UPDATE,DISABLED_NOT_IMPLEMENTED,0,NOT_REQUESTED
UNONLOCAL_ONLY,3301,0.18899299999999999,5.4779340000000003,0.0013960000000000001,0,9.7094629999999995,0.030521,16.976824000000001,3,HIGH_NORMALIZED_INNOVATION,DIRECTIONAL_UPDATE,DISABLED_NOT_IMPLEMENTED,0,NOT_REQUESTED
UNONLOCAL_ONLY,3302,0.20030800000000001,4.8575949999999999,0.0014660000000000001,0,10.594085,0.024864000000000001,17.108267000000001,3,HIGH_NORMALIZED_INNOVATION,DIRECTIONAL_UPDATE,DISABLED_NOT_IMPLEMENTED,0,NOT_REQUESTED
UNONLOCAL_ONLY,3303,0.19053,6.5120170000000002,0.001467,0,9.8724749999999997,0.024166,18.040800000000001,3,HIGH_NORMALIZED_INNOVATION,CAUTIOUS_UPDATE,DISABLED_NOT_IMPLEMENTED,0,NOT_REQUESTED
UNONLOCAL_ONLY,3304,0.19087899999999999,6.4949760000000003,0.0014660000000000001,0,8.4317700000000002,0.026679999999999999,16.606660000000002,3,HIGH_NORMALIZED_INNOVATION,CAUTIOUS_UPDATE,DISABLED_NOT_IMPLEMENTED,0,NOT_REQUESTED
UNONLOCAL_ONLY,3305,0.19108800000000001,4.9432910000000003,0.001467,0,12.471024,0.027518000000000001,19.074604999999998,3,HIGH_NORMALIZED_INNOVATION,CAUTIOUS_UPDATE,DISABLED_NOT_IMPLEMENTED,0,NOT_REQUESTED
UNONLOCAL_ONLY,3306,0.19178600000000001,4.872052,0.00090799999999999995,0,9.9501399999999993,0.023886000000000001,16.483319000000002,3,HIGH_NORMALIZED_INNOVATION,CAUTIOUS_UPDATE,DISABLED_NOT_IMPLEMENTED,0,NOT_REQUESTED
UNONLOCAL_ONLY,3307,0.220771,5.3294490000000003,0.001397,0,10.446927000000001,0.024235,17.493376999999999,3,HIGH_NORMALIZED_INNOVATION,DIRECTIONAL_UPDATE,DISABLED_NOT_IMPLEMENTED,0,NOT_REQUESTED
UNONLOCAL_ONLY,3308,0.19108900000000001,6.637594,0.00048899999999999996,0,13.007343000000001,0.027588000000000001,21.380236,3,HIGH_NORMALIZED_INNOVATION,DIRECTIONAL_UPDATE,DISABLED_NOT_IMPLEMENTED,0,NOT_REQUESTED
UNONLOCAL_ONLY,3309,0.19115799999999999,5.0076169999999998,0.00097799999999999992,0,9.5227050000000002,0.025772,16.245996000000002,3,HIGH_NORMALIZED_INNOVATION,DIRECTIONAL_UPDATE,DISABLED_NOT_IMPLEMENTED,0,NOT_REQUESTED
UNONLOCAL_ONLY,3310,0.19045899999999999,4.5456799999999999,0.00097799999999999992,0,9.0034279999999995,0.043791999999999998,15.35411,3,HIGH_NORMALIZED_INNOVATION,DIRECTIONAL_UPDATE,DISABLED_NOT_IMPLEMENTED,0,NOT_REQUESTED
UNONLOCAL_ONLY,3311,0.19206599999999999,5.8267959999999999,0.00090799999999999995,0,11.589544999999999,0.026261,19.246417000000001,3,HIGH_NORMALIZED_INNOVATION,DIRECTIONAL_UPDATE,DISABLED_NOT_IMPLEMENTED,0,NOT_REQUESTED
UNONLOCAL_ONLY,3312,0.193463,6.0887729999999998,0.0014660000000000001,0,11.459151,0.025142999999999999,19.283571999999999,3,HIGH_NORMALIZED_INNOVATION,DIRECTIONAL_UPDATE,DISABLED_NOT_IMPLEMENTED,0,NOT_REQUESTED
UNONLOCAL_ONLY,3313,0.19925899999999999,7.3036089999999998,0.0013960000000000001,0,12.529552000000001,0.023955000000000001,21.603451,3,HIGH_NORMALIZED_INNOVATION,DIRECTIONAL_UPDATE,DISABLED_NOT_IMPLEMENTED,0,NOT_REQUESTED
UNONLOCAL_ONLY,3314,0.189831,4.7548570000000003,0.001467,0,10.582490999999999,0.023817000000000001,17.081378000000001,3,HIGH_NORMALIZED_INNOVATION,DIRECTIONAL_UPDATE,DISABLED_NOT_IMPLEMENTED,0,NOT_REQUESTED
UNONLOCAL_ONLY,3315,0.18871399999999999,5.3787580000000004,0.001467,0,11.840838,0.022908000000000001,18.900138999999999,3,HIGH_NORMALIZED_INNOVATION,DIRECTIONAL_UPDATE,DISABLED_NOT_IMPLEMENTED,0,NOT_REQUESTED
UNONLOCAL_ONLY,3316,0.189273,10.564401999999999,0.00090799999999999995,0,15.816326,0.023956000000000002,28.159189000000001,3,HIGH_NORMALIZED_INNOVATION,DIRECTIONAL_UPDATE,DISABLED_NOT_IMPLEMENTED,0,NOT_REQUESTED
UNONLOCAL_ONLY,3317,0.18515200000000001,6.3596219999999999,0.001467,0,13.899786000000001,0.023746,21.944631000000001,3,HIGH_NORMALIZED_INNOVATION,DIRECTIONAL_UPDATE,DISABLED_NOT_IMPLEMENTED,0,NOT_REQUESTED
UNONLOCAL_ONLY,3318,0.19025,5.9955340000000001,0.000977,0,12.455450000000001,0.024653999999999999,20.183978,3,HIGH_NORMALIZED_INNOVATION,DIRECTIONAL_UPDATE,DISABLED_NOT_IMPLEMENTED,0,NOT_REQUESTED
UNONLOCAL_ONLY,3319,0.197933,6.5944320000000003,0.00097799999999999992,0,10.582560000000001,0.028076,18.936736,3,HIGH_NORMALIZED_INNOVATION,DIRECTIONAL_UPDATE,DISABLED_NOT_IMPLEMENTED,0,NOT_REQUESTED
UNONLOCAL_ONLY,3320,0.19206599999999999,5.4142380000000001,0.00090799999999999995,0,12.661833,0.029613,19.864380000000001,3,HIGH_NORMALIZED_INNOVATION,DIRECTIONAL_UPDATE,DISABLED_NOT_IMPLEMENTED,0,NOT_REQUESTED
UNONLOCAL_ONLY,3321,0.193743,5.8612279999999997,0.001397,0,12.84028,0.027099000000000002,20.518522999999998,3,HIGH_NORMALIZED_INNOVATION,DIRECTIONAL_UPDATE,DISABLED_NOT_IMPLEMENTED,0,NOT_REQUESTED
UNONLOCAL_ONLY,3322,0.19304399999999999,7.3421620000000001,0.00097799999999999992,0,13.952377,0.030032,23.130621000000001,3,HIGH_NORMALIZED_INNOVATION,DIRECTIONAL_UPDATE,DISABLED_NOT_IMPLEMENTED,0,NOT_REQUESTED
UNONLOCAL_ONLY,3323,0.195628,4.0696349999999999,0.00097799999999999992,0,11.746411,0.033383999999999997,17.690472,3,HIGH_NORMALIZED_INNOVATION,CAUTIOUS_UPDATE,DISABLED_NOT_IMPLEMENTED,0,NOT_REQUESTED
UNONLOCAL_ONLY,3324,0.19108800000000001,4.6957700000000004,0.00090799999999999995,0,15.581167000000001,0.025212999999999999,22.128525,3,HIGH_NORMALIZED_INNOVATION,DIRECTIONAL_UPDATE,DISABLED_NOT_IMPLEMENTED,0,NOT_REQUESTED
UNONLOCAL_ONLY,3325,0.19842199999999999,6.3777100000000004,0.001397,0,9.6545670000000001,0.024305,17.742014999999999,3,HIGH_NORMALIZED_INNOVATION,DIRECTIONAL_UPDATE,DISABLED_NOT_IMPLEMENTED,0,NOT_REQUESTED
UNONLOCAL_ONLY,3326,0.19004099999999999,3.9396589999999998,0.001467,0,9.6408090000000009,0.033874000000000001,15.331481,3,HIGH_NORMALIZED_INNOVATION,DIRECTIONAL_UPDATE,DISABLED_NOT_IMPLEMENTED,0,NOT_REQUESTED
UNONLOCAL_ONLY,3327,0.19059899999999999,3.794807,0.001397,0,9.6859260000000003,0.022908000000000001,15.164210000000001,3,HIGH_NORMALIZED_INNOVATION,DIRECTIONAL_UPDATE,DISABLED_NOT_IMPLEMENTED,0,NOT_REQUESTED
UNONLOCAL_ONLY,3328,0.18675800000000001,5.2040819999999997,0.001397,0,10.517049,0.030521,17.450703000000001,3,HIGH_NORMALIZED_INNOVATION,DIRECTIONAL_UPDATE,DISABLED_NOT_IMPLEMENTED,0,NOT_REQUESTED
UNONLOCAL_ONLY,3329,0.18759600000000001,4.4700410000000002,0.001397,0,11.315415,0.023886000000000001,17.474449,3,HIGH_NORMALIZED_INNOVATION,DIRECTIONAL_UPDATE,DISABLED_NOT_IMPLEMENTED,0,NOT_REQUESTED
UNONLOCAL_ONLY,3330,0.19248499999999999,3.7871939999999999,0.00097799999999999992,0,8.7280409999999993,0.022349999999999998,14.224133,3,HIGH_NORMALIZED_INNOVATION,DIRECTIONAL_UPDATE,DISABLED_NOT_IMPLEMENTED,0,NOT_REQUESTED
UNONLOCAL_ONLY,3331,0.19898099999999999,4.6680429999999999,0.001397,0,9.2403329999999997,0.022908999999999999,15.661415999999999,3,HIGH_NORMALIZED_INNOVATION,DIRECTIONAL_UPDATE,DISABLED_NOT_IMPLEMENTED,0,NOT_REQUESTED
UNONLOCAL_ONLY,3332,0.19039,4.53681,0.00097799999999999992,0,11.391752,0.023257,17.640325000000001,3,HIGH_NORMALIZED_INNOVATION,DIRECTIONAL_UPDATE,DISABLED_NOT_IMPLEMENTED,0,NOT_REQUESTED
UNONLOCAL_ONLY,3333,0.19115799999999999,5.1478599999999997,0.00090799999999999995,0,0,0.022069999999999999,6.8896540000000002,1,BELOW_TRIGGER,NORMAL_UPDATE,DISABLED_NOT_IMPLEMENTED,0,NOT_REQUESTED
UNONLOCAL_ONLY,3334,0.18145,6.0634899999999998,0.000977,0,0,0.024864000000000001,7.7845430000000002,1,BELOW_TRIGGER,NORMAL_UPDATE,DISABLED_NOT_IMPLEMENTED,0,NOT_REQUESTED
UNONLOCAL_ONLY,3335,0.19206599999999999,4.5079650000000004,0.00097799999999999992,0,0,0.019904999999999999,6.1734220000000004,1,BELOW_TRIGGER,NORMAL_UPDATE,DISABLED_NOT_IMPLEMENTED,0,NOT_REQUESTED
UNONLOCAL_ONLY,3336,0.196186,6.710998,0.00097799999999999992,0,18.823522000000001,0.026610000000000002,27.289514,3,HIGH_NORMALIZED_INNOVATION,DIRECTIONAL_UPDATE,DISABLED_NOT_IMPLEMENTED,0,NOT_REQUESTED
UNONLOCAL_ONLY,3337,0.191996,8.0170469999999998,0.001467,0,17.163582000000002,0.024934000000000001,26.911109,3,HIGH_NORMALIZED_INNOVATION,DIRECTIONAL_UPDATE,DISABLED_NOT_IMPLEMENTED,0,NOT_REQUESTED
UNONLOCAL_ONLY,3338,0.19039,7.1306799999999999,0.001467,0,16.096882000000001,0.026748999999999998,24.964119,3,HIGH_NORMALIZED_INNOVATION,DIRECTIONAL_UPDATE,DISABLED_NOT_IMPLEMENTED,0,NOT_REQUESTED
UNONLOCAL_ONLY,3339,0.190389,9.0959690000000002,0.001467,0,18.052464000000001,0.024375000000000001,28.857261999999999,3,HIGH_NORMALIZED_INNOVATION,CAUTIOUS_UPDATE,DISABLED_NOT_IMPLEMENTED,0,NOT_REQUESTED
UNONLOCAL_ONLY,3340,0.192136,3.904528,0.0014660000000000001,0,0,0.022768,5.7207749999999997,1,BELOW_TRIGGER,NORMAL_UPDATE,DISABLED_NOT_IMPLEMENTED,0,NOT_REQUESTED
UNONLOCAL_ONLY,3341,0.19039,5.3461410000000003,0.00097799999999999992,0,0,0.021302000000000001,7.0347860000000004,1,BELOW_TRIGGER,NORMAL_UPDATE,DISABLED_NOT_IMPLEMENTED,0,NOT_REQUESTED
UNONLOCAL_ONLY,3342,0.19988900000000001,5.1633649999999998,0.001397,0,0,0.021092,6.866466,1,BELOW_TRIGGER,NORMAL_UPDATE,DISABLED_NOT_IMPLEMENTED,0,NOT_REQUESTED
UNONLOCAL_ONLY,3343,0.19031999999999999,4.8556400000000002,0.00097799999999999992,0,0,0.021021999999999999,6.6522610000000002,1,BELOW_TRIGGER,NORMAL_UPDATE,DISABLED_NOT_IMPLEMENTED,0,NOT_REQUESTED
UNONLOCAL_ONLY,3344,0.18717700000000001,4.3881860000000001,0.001397,0,17.753819,0.023047999999999999,23.884706999999999,3,HIGH_NORMALIZED_INNOVATION,CAUTIOUS_UPDATE,DISABLED_NOT_IMPLEMENTED,0,NOT_REQUESTED
UNONLOCAL_ONLY,3345,0.194161,9.762753,0.00097799999999999992,0,25.578101,0.026190999999999999,37.110795000000003,3,HIGH_NORMALIZED_INNOVATION,CAUTIOUS_UPDATE,DISABLED_NOT_IMPLEMENTED,0,NOT_REQUESTED
UNONLOCAL_ONLY,3346,0.19129699999999999,9.606795,0.001467,0,17.701855999999999,0.022908000000000001,29.024953,3,HIGH_NORMALIZED_INNOVATION,DIRECTIONAL_UPDATE,DISABLED_NOT_IMPLEMENTED,0,NOT_REQUESTED
UNONLOCAL_ONLY,3347,0.18857399999999999,4.7328570000000001,0.001467,0,9.8926599999999993,0.023816,16.360257000000001,3,HIGH_NORMALIZED_INNOVATION,DIRECTIONAL_UPDATE,DISABLED_NOT_IMPLEMENTED,0,NOT_REQUESTED
UNONLOCAL_ONLY,3348,0.198491,4.4393799999999999,0.00097799999999999992,0,10.621881999999999,0.024025999999999999,16.827921,3,HIGH_NORMALIZED_INNOVATION,DIRECTIONAL_UPDATE,DISABLED_NOT_IMPLEMENTED,0,NOT_REQUESTED
UNONLOCAL_ONLY,3349,0.19080900000000001,5.0504290000000003,0.00090799999999999995,0,0,0.021441000000000002,6.6891369999999997,1,BELOW_TRIGGER,NORMAL_UPDATE,DISABLED_NOT_IMPLEMENTED,0,NOT_REQUESTED
UNONLOCAL_ONLY,3350,0.19059899999999999,7.0199100000000003,0.001397,0,14.073554,0.024164999999999999,22.786788000000001,3,PERIODIC_CHECK,DIRECTIONAL_UPDATE,DISABLED_NOT_IMPLEMENTED,0,NOT_REQUESTED
UNONLOCAL_ONLY,3351,0.19150700000000001,4.4101860000000004,0.001397,0,9.9883439999999997,0.022838000000000001,16.127891999999999,3,HIGH_NORMALIZED_INNOVATION,DIRECTIONAL_UPDATE,DISABLED_NOT_IMPLEMENTED,0,NOT_REQUESTED
UNONLOCAL_ONLY,3352,0.19206599999999999,6.038278,0.00097799999999999992,0,11.387352,0.023397000000000001,19.135019,3,HIGH_NORMALIZED_INNOVATION,DIRECTIONAL_UPDATE,DISABLED_NOT_IMPLEMENTED,0,NOT_REQUESTED
UNONLOCAL_ONLY,3353,0.189692,5.5985519999999998,0.00097799999999999992,0,0,0.021860999999999998,7.2910370000000002,1,BELOW_TRIGGER,NORMAL_UPDATE,DISABLED_NOT_IMPLEMENTED,0,NOT_REQUESTED
UNONLOCAL_ONLY,3354,0.19772300000000001,5.579135,0.00097799999999999992,0,11.085914000000001,0.022838000000000001,18.399021000000001,3,HIGH_NORMALIZED_INNOVATION,DIRECTIONAL_UPDATE,DISABLED_NOT_IMPLEMENTED,0,NOT_REQUESTED
UNONLOCAL_ONLY,3355,0.18829499999999999,9.2985109999999995,0.00090799999999999995,0,18.312766,0.032826000000000001,29.380870000000002,3,HIGH_NORMALIZED_INNOVATION,DIRECTIONAL_UPDATE,DISABLED_NOT_IMPLEMENTED,0,NOT_REQUESTED
UNONLOCAL_ONLY,3356,0.193742,5.9539780000000002,0.00097799999999999992,0,21.304876,0.024235,28.955041999999999,3,HIGH_NORMALIZED_INNOVATION,CAUTIOUS_UPDATE,DISABLED_NOT_IMPLEMENTED,0,NOT_REQUESTED
UNONLOCAL_ONLY,3357,0.18962100000000001,5.8402750000000001,0.001397,0,13.629497000000001,0.024375000000000001,21.187541,3,HIGH_NORMALIZED_INNOVATION,DIRECTIONAL_UPDATE,DISABLED_NOT_IMPLEMENTED,0,NOT_REQUESTED
UNONLOCAL_ONLY,3358,0.19136700000000001,7.974024,0.001397,0,13.001476,0.023258000000000001,22.687542000000001,3,HIGH_NORMALIZED_INNOVATION,DIRECTIONAL_UPDATE,DISABLED_NOT_IMPLEMENTED,0,NOT_REQUESTED
UNONLOCAL_ONLY,3359,0.18948200000000001,6.5264049999999996,0.00097799999999999992,0,17.530044,0.025423000000000001,25.777501000000001,3,HIGH_NORMALIZED_INNOVATION,CAUTIOUS_UPDATE,DISABLED_NOT_IMPLEMENTED,0,NOT_REQUESTED
UNONLOCAL_ONLY,3360,0.204009,7.3372729999999997,0.001467,0,15.302358,0.024305,24.393647000000001,3,HIGH_NORMALIZED_INNOVATION,DIRECTIONAL_UPDATE,DISABLED_NOT_IMPLEMENTED,0,NOT_REQUESTED
UNONLOCAL_ONLY,3361,0.189412,6.5301770000000001,0.00090799999999999995,0,0,0.023327000000000001,8.2586309999999994,1,BELOW_TRIGGER,NORMAL_UPDATE,DISABLED_NOT_IMPLEMENTED,0,NOT_REQUESTED
UNONLOCAL_ONLY,3362,0.19039,4.7703629999999997,0.00090799999999999995,0,0,0.021860999999999998,6.4611029999999996,1,BELOW_TRIGGER,NORMAL_UPDATE,DISABLED_NOT_IMPLEMENTED,0,NOT_REQUESTED
UNONLOCAL_ONLY,3363,0.189412,6.6481399999999997,0.00097799999999999992,0,0,0.020393999999999999,8.3351780000000009,1,BELOW_TRIGGER,NORMAL_UPDATE,DISABLED_NOT_IMPLEMENTED,0,NOT_REQUESTED
UNONLOCAL_ONLY,3364,0.188085,10.425765,0.00090799999999999995,0,19.065035999999999,0.026679000000000001,31.217998999999999,3,HIGH_NORMALIZED_INNOVATION,DIRECTIONAL_UPDATE,DISABLED_NOT_IMPLEMENTED,0,NOT_REQUESTED
UNONLOCAL_ONLY,3365,0.18885299999999999,9.0360440000000004,0.001397,0,21.288812,0.026190999999999999,32.020695000000003,3,HIGH_NORMALIZED_INNOVATION,DIRECTIONAL_UPDATE,DISABLED_NOT_IMPLEMENTED,0,NOT_REQUESTED
UNONLOCAL_ONLY,3366,0.19898099999999999,12.523545,0.00097799999999999992,0,25.613441000000002,0.033384999999999998,39.898477,3,HIGH_NORMALIZED_INNOVATION,DIRECTIONAL_UPDATE,DISABLED_NOT_IMPLEMENTED,0,NOT_REQUESTED
UNONLOCAL_ONLY,3367,0.201844,3.6486969999999999,0.001397,0,15.146330000000001,0.023327000000000001,20.549043999999999,3,HIGH_NORMALIZED_INNOVATION,DIRECTIONAL_UPDATE,DISABLED_NOT_IMPLEMENTED,0,NOT_REQUESTED
UNONLOCAL_ONLY,3368,0.190389,4.9363770000000002,0.0014660000000000001,0,11.031018,0.022210000000000001,17.667424,3,HIGH_NORMALIZED_INNOVATION,DIRECTIONAL_UPDATE,DISABLED_NOT_IMPLEMENTED,0,NOT_REQUESTED
UNONLOCAL_ONLY,3369,0.18857399999999999,12.611546000000001,0.0013960000000000001,0,30.025932999999998,0.025423000000000001,44.315367999999999,3,HIGH_NORMALIZED_INNOVATION,DIRECTIONAL_UPDATE,DISABLED_NOT_IMPLEMENTED,0,NOT_REQUESTED
UNONLOCAL_ONLY,3370,0.19800300000000001,13.582772,0.00090799999999999995,0,26.437439000000001,0.026959,41.721708,3,HIGH_NORMALIZED_INNOVATION,DIRECTIONAL_UPDATE,DISABLED_NOT_IMPLEMENTED,0,NOT_REQUESTED
UNONLOCAL_ONLY,3371,0.198631,8.6563829999999999,0.001397,0,17.817864,0.025142999999999999,28.148154999999999,3,HIGH_NORMALIZED_INNOVATION,DIRECTIONAL_UPDATE,DISABLED_NOT_IMPLEMENTED,0,NOT_REQUESTED
UNONLOCAL_ONLY,3372,0.19108800000000001,6.8598319999999999,0.001397,0,17.645213999999999,0.025562000000000001,26.194389000000001,3,HIGH_NORMALIZED_INNOVATION,DIRECTIONAL_UPDATE,DISABLED_NOT_IMPLEMENTED,0,NOT_REQUESTED
UNONLOCAL_ONLY,3373,0.20191400000000001,10.801935,0.001397,0,21.988631000000002,0.028705999999999999,34.522094000000003,3,HIGH_NORMALIZED_INNOVATION,DIRECTIONAL_UPDATE,DISABLED_NOT_IMPLEMENTED,0,NOT_REQUESTED
UNONLOCAL_ONLY,3374,0.19178700000000001,6.7026859999999999,0.001397,0,15.019147,0.023397000000000001,23.422142000000001,3,HIGH_NORMALIZED_INNOVATION,DIRECTIONAL_UPDATE,DISABLED_NOT_IMPLEMENTED,0,NOT_REQUESTED
UNONLOCAL_ONLY,3375,0.19031999999999999,6.6524000000000001,0.001467,0,13.054975000000001,0.022839000000000002,21.385892999999999,3,HIGH_NORMALIZED_INNOVATION,DIRECTIONAL_UPDATE,DISABLED_NOT_IMPLEMENTED,0,NOT_REQUESTED
UNONLOCAL_ONLY,3376,0.18899299999999999,3.330495,0.0014660000000000001,0,0,0.021510999999999999,5.0049619999999999,1,BELOW_TRIGGER,NORMAL_UPDATE,DISABLED_NOT_IMPLEMENTED,0,NOT_REQUESTED
UNONLOCAL_ONLY,3377,0.19744400000000001,10.934635999999999,0.001397,0,22.328413999999999,0.024864000000000001,34.927667999999997,3,HIGH_NORMALIZED_INNOVATION,DIRECTIONAL_UPDATE,DISABLED_NOT_IMPLEMENTED,0,NOT_REQUESTED
UNONLOCAL_ONLY,3378,0.189831,6.0368110000000001,0.001467,0,12.048619,0.023816,19.804316,3,HIGH_NORMALIZED_INNOVATION,DIRECTIONAL_UPDATE,DISABLED_NOT_IMPLEMENTED,0,NOT_REQUESTED
UNONLOCAL_ONLY,3379,0.194022,9.8636049999999997,0.00090799999999999995,0,13.197592999999999,0.022908999999999999,24.714503000000001,3,HIGH_NORMALIZED_INNOVATION,DIRECTIONAL_UPDATE,DISABLED_NOT_IMPLEMENTED,0,NOT_REQUESTED
UNONLOCAL_ONLY,3380,0.20407900000000001,6.1954929999999999,0.000977,0,12.243758,0.023397000000000001,20.135857000000001,3,HIGH_NORMALIZED_INNOVATION,DIRECTIONAL_UPDATE,DISABLED_NOT_IMPLEMENTED,0,NOT_REQUESTED
UNONLOCAL_ONLY,3381,0.209457,5.4002689999999998,0.0013960000000000001,0,10.779655999999999,0.022908000000000001,17.923396,3,HIGH_NORMALIZED_INNOVATION,DIRECTIONAL_UPDATE,DISABLED_NOT_IMPLEMENTED,0,NOT_REQUESTED
UNONLOCAL_ONLY,3382,0.189273,5.8708660000000004,0.00097799999999999992,0,12.066708,0.024305,19.645493999999999,3,HIGH_NORMALIZED_INNOVATION,DIRECTIONAL_UPDATE,DISABLED_NOT_IMPLEMENTED,0,NOT_REQUESTED
UNONLOCAL_ONLY,3383,0.19870099999999999,7.334479,0.001397,0,15.777354000000001,0.028566000000000001,24.859634,3,HIGH_NORMALIZED_INNOVATION,DIRECTIONAL_UPDATE,DISABLED_NOT_IMPLEMENTED,0,NOT_REQUESTED
UNONLOCAL_ONLY,3384,0.18759600000000001,6.2665220000000001,0.001397,0,12.327149,0.024375000000000001,20.192709000000001,3,HIGH_NORMALIZED_INNOVATION,DIRECTIONAL_UPDATE,DISABLED_NOT_IMPLEMENTED,0,NOT_REQUESTED
UNONLOCAL_ONLY,3385,0.18885299999999999,7.3201609999999997,0.001397,0,16.903490000000001,0.024444,25.823177999999999,3,HIGH_NORMALIZED_INNOVATION,DIRECTIONAL_UPDATE,DISABLED_NOT_IMPLEMENTED,0,NOT_REQUESTED
UNONLOCAL_ONLY,3386,0.18885299999999999,8.9893900000000002,0.001467,0,19.034863999999999,0.025003000000000001,29.652415999999999,3,HIGH_NORMALIZED_INNOVATION,DIRECTIONAL_UPDATE,DISABLED_NOT_IMPLEMENTED,0,NOT_REQUESTED
UNONLOCAL_ONLY,3387,0.19039,6.9996559999999999,0.001467,0,15.138228,0.025073000000000002,23.744674,3,HIGH_NORMALIZED_INNOVATION,DIRECTIONAL_UPDATE,DISABLED_NOT_IMPLEMENTED,0,NOT_REQUESTED
UNONLOCAL_ONLY,3388,0.19017999999999999,7.0227729999999999,0.00090799999999999995,0,14.408866,0.022349000000000001,23.031514999999999,3,HIGH_NORMALIZED_INNOVATION,DIRECTIONAL_UPDATE,DISABLED_NOT_IMPLEMENTED,0,NOT_REQUESTED
UNONLOCAL_ONLY,3389,0.198491,10.219939999999999,0.00097799999999999992,0,19.547087000000001,0.023747000000000001,31.414674999999999,3,HIGH_NORMALIZED_INNOVATION,DIRECTIONAL_UPDATE,DISABLED_NOT_IMPLEMENTED,0,NOT_REQUESTED
UNONLOCAL_ONLY,3390,0.18899299999999999,8.6291440000000001,0.001467,0,17.624331000000002,0.024794,27.971174000000001,3,HIGH_NORMALIZED_INNOVATION,DIRECTIONAL_UPDATE,DISABLED_NOT_IMPLEMENTED,0,NOT_REQUESTED
UNONLOCAL_ONLY,3391,0.18920300000000001,10.691654,0.001397,0,16.818631,0.025212999999999999,29.237344,3,HIGH_NORMALIZED_INNOVATION,DIRECTIONAL_UPDATE,DISABLED_NOT_IMPLEMENTED,0,NOT_REQUESTED
UNONLOCAL_ONLY,3392,0.191298,9.4208060000000007,0.00097799999999999992,0,17.403210000000001,0.024025999999999999,28.451270000000001,3,HIGH_NORMALIZED_INNOVATION,DIRECTIONAL_UPDATE,DISABLED_NOT_IMPLEMENTED,0,NOT_REQUESTED
UNONLOCAL_ONLY,3393,0.18892300000000001,6.0352050000000004,0.001467,0,12.683554000000001,0.027866999999999999,20.371573999999999,3,HIGH_NORMALIZED_INNOVATION,DIRECTIONAL_UPDATE,DISABLED_NOT_IMPLEMENTED,0,NOT_REQUESTED
UNONLOCAL_ONLY,3394,0.19723399999999999,5.9960930000000001,0.001467,0,14.287689,0.023328000000000002,21.921513000000001,3,HIGH_NORMALIZED_INNOVATION,DIRECTIONAL_UPDATE,DISABLED_NOT_IMPLEMENTED,0,NOT_REQUESTED
UNONLOCAL_ONLY,3395,0.198072,6.013204,0.001467,0,13.099603999999999,0.022908999999999999,20.779312999999998,3,HIGH_NORMALIZED_INNOVATION,DIRECTIONAL_UPDATE,DISABLED_NOT_IMPLEMENTED,0,NOT_REQUESTED
UNONLOCAL_ONLY,3396,0.189412,4.2546470000000003,0.001467,0,9.6521919999999994,0.023816,15.563916000000001,3,HIGH_NORMALIZED_INNOVATION,DIRECTIONAL_UPDATE,DISABLED_NOT_IMPLEMENTED,0,NOT_REQUESTED
UNONLOCAL_ONLY,3397,0.18843399999999999,5.2304130000000004,0.00097799999999999992,0,11.679641999999999,0.032127000000000003,18.560915000000001,3,HIGH_NORMALIZED_INNOVATION,DIRECTIONAL_UPDATE,DISABLED_NOT_IMPLEMENTED,0,NOT_REQUESTED
UNONLOCAL_ONLY,3398,0.18598999999999999,8.0090850000000007,0.00097799999999999992,0,20.372622,0.025423000000000001,30.035710000000002,3,HIGH_NORMALIZED_INNOVATION,DIRECTIONAL_UPDATE,DISABLED_NOT_IMPLEMENTED,0,NOT_REQUESTED
UNONLOCAL_ONLY,3399,0.18829499999999999,5.406695,0.00097799999999999992,0,12.152125,0.023397000000000001,19.244949999999999,3,HIGH_NORMALIZED_INNOVATION,DIRECTIONAL_UPDATE,DISABLED_NOT_IMPLEMENTED,0,NOT_REQUESTED
UNONLOCAL_ONLY,3400,0.19870099999999999,16.051276000000001,0.001397,0,18.743483000000001,0.025212999999999999,36.470202999999998,3,HIGH_NORMALIZED_INNOVATION,CAUTIOUS_UPDATE,DISABLED_NOT_IMPLEMENTED,0,NOT_REQUESTED
UNONLOCAL_ONLY,3401,0.19164700000000001,13.522149000000001,0.0014660000000000001,0,24.973756999999999,0.043092999999999999,40.333872999999997,3,HIGH_NORMALIZED_INNOVATION,CAUTIOUS_UPDATE,DISABLED_NOT_IMPLEMENTED,0,NOT_REQUESTED
UNONLOCAL_ONLY,3402,0.189133,14.024524,0.00090799999999999995,0,0,0.028146000000000001,15.766878,1,BELOW_TRIGGER,NORMAL_UPDATE,DISABLED_NOT_IMPLEMENTED,0,NOT_REQUESTED
UNONLOCAL_ONLY,3403,0.193463,11.905931000000001,0.001397,0,26.597657999999999,0.031288999999999997,40.248666,3,HIGH_NORMALIZED_INNOVATION,DIRECTIONAL_UPDATE,DISABLED_NOT_IMPLEMENTED,0,NOT_REQUESTED
UNONLOCAL_ONLY,3404,0.19325300000000001,18.251235000000001,0.00097799999999999992,0,45.161994999999997,0.030032,65.168434000000005,3,HIGH_NORMALIZED_INNOVATION,DIRECTIONAL_UPDATE,DISABLED_NOT_IMPLEMENTED,0,NOT_REQUESTED
UNONLOCAL_ONLY,3405,0.18270700000000001,20.697389000000001,0.0019559999999999998,0,25.760598999999999,0.026190999999999999,48.197198,3,HIGH_NORMALIZED_INNOVATION,CAUTIOUS_UPDATE,DISABLED_NOT_IMPLEMENTED,0,NOT_REQUESTED
UNONLOCAL_ONLY,3406,0.19954,11.484572999999999,0.001467,0,24.060708999999999,0.025283,37.296923999999997,3,HIGH_NORMALIZED_INNOVATION,CAUTIOUS_UPDATE,DISABLED_NOT_IMPLEMENTED,0,NOT_REQUESTED
UNONLOCAL_ONLY,3407,0.191577,10.853128999999999,0.001397,0,22.150874999999999,0.027587,34.720027000000002,3,HIGH_NORMALIZED_INNOVATION,DIRECTIONAL_UPDATE,DISABLED_NOT_IMPLEMENTED,0,NOT_REQUESTED
UNONLOCAL_ONLY,3408,0.19004099999999999,7.7496210000000003,0.001467,0,22.853417,0.025701999999999999,32.317315000000001,3,HIGH_NORMALIZED_INNOVATION,DIRECTIONAL_UPDATE,DISABLED_NOT_IMPLEMENTED,0,NOT_REQUESTED
UNONLOCAL_ONLY,3409,0.19115799999999999,10.297325000000001,0.00090799999999999995,0,18.346221,0.035340000000000003,30.371511999999999,3,HIGH_NORMALIZED_INNOVATION,DIRECTIONAL_UPDATE,DISABLED_NOT_IMPLEMENTED,0,NOT_REQUESTED
UNONLOCAL_ONLY,3410,0.189691,11.535628000000001,0.001397,0,24.938347,0.024934000000000001,38.178263000000001,3,HIGH_NORMALIZED_INNOVATION,DIRECTIONAL_UPDATE,DISABLED_NOT_IMPLEMENTED,0,NOT_REQUESTED
UNONLOCAL_ONLY,3411,0.19031999999999999,12.894477,0.001467,0,25.419070000000001,0.025214,40.025379999999998,3,HIGH_NORMALIZED_INNOVATION,DIRECTIONAL_UPDATE,DISABLED_NOT_IMPLEMENTED,0,NOT_REQUESTED
UNONLOCAL_ONLY,3412,0.200377,9.9810099999999995,0.00097799999999999992,0,22.395251999999999,0.026748999999999998,34.103878999999999,3,HIGH_NORMALIZED_INNOVATION,DIRECTIONAL_UPDATE,DISABLED_NOT_IMPLEMENTED,0,NOT_REQUESTED
UNONLOCAL_ONLY,3413,0.192275,12.96006,0.00090799999999999995,0,16.983599000000002,0.023816,31.635655,3,HIGH_NORMALIZED_INNOVATION,DIRECTIONAL_UPDATE,DISABLED_NOT_IMPLEMENTED,0,NOT_REQUESTED
UNONLOCAL_ONLY,3414,0.192276,14.535211,0.00090799999999999995,0,30.235599000000001,0.025212999999999999,46.437871999999999,3,HIGH_NORMALIZED_INNOVATION,DIRECTIONAL_UPDATE,DISABLED_NOT_IMPLEMENTED,0,NOT_REQUESTED
UNONLOCAL_ONLY,3415,0.21748799999999999,15.561263,0.00097799999999999992,0,19.275400999999999,0.027168999999999999,36.529778,3,HIGH_NORMALIZED_INNOVATION,CAUTIOUS_UPDATE,DISABLED_NOT_IMPLEMENTED,0,NOT_REQUESTED
UNONLOCAL_ONLY,3416,0.191577,16.270021,0.001467,0,29.020623000000001,0.024235,47.024127999999997,3,HIGH_NORMALIZED_INNOVATION,DIRECTIONAL_UPDATE,DISABLED_NOT_IMPLEMENTED,0,NOT_REQUESTED
UNONLOCAL_ONLY,3417,0.18948200000000001,8.8071719999999996,0.0018860000000000001,0,18.167075000000001,0.027168999999999999,28.699978000000002,3,HIGH_NORMALIZED_INNOVATION,DIRECTIONAL_UPDATE,DISABLED_NOT_IMPLEMENTED,0,NOT_REQUESTED
UNONLOCAL_ONLY,3418,0.20086599999999999,12.19857,0.001397,0,25.528862,0.025142999999999999,39.446807,3,HIGH_NORMALIZED_INNOVATION,DIRECTIONAL_UPDATE,DISABLED_NOT_IMPLEMENTED,0,NOT_REQUESTED
UNONLOCAL_ONLY,3419,0.19122800000000001,10.645837999999999,0.00090799999999999995,0,21.289161,0.028636000000000002,33.700470000000003,3,HIGH_NORMALIZED_INNOVATION,DIRECTIONAL_UPDATE,DISABLED_NOT_IMPLEMENTED,0,NOT_REQUESTED
UNONLOCAL_ONLY,3420,0.19164700000000001,7.8610889999999998,0.00090799999999999995,0,0,0.022488999999999999,9.51614,1,BELOW_TRIGGER,NORMAL_UPDATE,DISABLED_NOT_IMPLEMENTED,0,NOT_REQUESTED
UNONLOCAL_ONLY,3421,0.19108800000000001,9.6906759999999998,0.00097799999999999992,0,0,0.022279,11.397828000000001,1,BELOW_TRIGGER,NORMAL_UPDATE,DISABLED_NOT_IMPLEMENTED,0,NOT_REQUESTED
UNONLOCAL_ONLY,3422,0.189691,6.9504169999999998,0.00090799999999999995,0,0,0.021791000000000001,8.6077720000000006,1,BELOW_TRIGGER,NORMAL_UPDATE,DISABLED_NOT_IMPLEMENTED,0,NOT_REQUESTED
UNONLOCAL_ONLY,3423,0.189272,4.5822079999999996,0.0013960000000000001,0,0,0.021999999999999999,6.2545089999999997,1,BELOW_TRIGGER,NORMAL_UPDATE,DISABLED_NOT_IMPLEMENTED,0,NOT_REQUESTED
UNONLOCAL_ONLY,3424,0.19925899999999999,6.1161510000000003,0.0014660000000000001,0,0,0.020952999999999999,7.7570940000000004,1,BELOW_TRIGGER,NORMAL_UPDATE,DISABLED_NOT_IMPLEMENTED,0,NOT_REQUESTED
UNONLOCAL_ONLY,3425,0.18843399999999999,10.089613999999999,0.00090799999999999995,0,20.696341,0.026749999999999999,32.488638999999999,3,HIGH_NORMALIZED_INNOVATION,DIRECTIONAL_UPDATE,DISABLED_NOT_IMPLEMENTED,0,NOT_REQUESTED
UNONLOCAL_ONLY,3426,0.190111,7.5653769999999998,0.001397,0,0,0.022908999999999999,9.2554890000000007,1,BELOW_TRIGGER,NORMAL_UPDATE,DISABLED_NOT_IMPLEMENTED,0,NOT_REQUESTED
UNONLOCAL_ONLY,3427,0.19136700000000001,5.3385280000000002,0.001397,0,0,0.021092,6.9991669999999999,1,BELOW_TRIGGER,NORMAL_UPDATE,DISABLED_NOT_IMPLEMENTED,0,NOT_REQUESTED
UNONLOCAL_ONLY,3428,0.18857399999999999,6.4046700000000003,0.00097799999999999992,0,0,0.022419000000000001,8.0299680000000002,1,BELOW_TRIGGER,NORMAL_UPDATE,DISABLED_NOT_IMPLEMENTED,0,NOT_REQUESTED
UNONLOCAL_ONLY,3429,0.191159,4.8442559999999997,0.0023040000000000001,0,0,0.021092,6.4509049999999997,1,BELOW_TRIGGER,NORMAL_UPDATE,DISABLED_NOT_IMPLEMENTED,0,NOT_REQUESTED
UNONLOCAL_ONLY,3430,0.19939899999999999,8.0664250000000006,0.001467,0,0,0.020743000000000001,9.7345369999999996,1,BELOW_TRIGGER,NORMAL_UPDATE,DISABLED_NOT_IMPLEMENTED,0,NOT_REQUESTED
UNONLOCAL_ONLY,3431,0.188364,6.5646079999999998,0.00097799999999999992,0,13.044288999999999,0.024863,21.287624999999998,3,HIGH_NORMALIZED_INNOVATION,DIRECTIONAL_UPDATE,DISABLED_NOT_IMPLEMENTED,0,NOT_REQUESTED
UNONLOCAL_ONLY,3432,0.18843399999999999,8.0331799999999998,0.001467,0,15.072367,0.022839000000000002,24.788326000000001,3,HIGH_NORMALIZED_INNOVATION,DIRECTIONAL_UPDATE,DISABLED_NOT_IMPLEMENTED,0,NOT_REQUESTED
UNONLOCAL_ONLY,3433,0.206453,5.931489,0.001397,0,15.506156000000001,0.024864000000000001,23.203676000000002,3,HIGH_NORMALIZED_INNOVATION,DIRECTIONAL_UPDATE,DISABLED_NOT_IMPLEMENTED,0,NOT_REQUESTED
UNONLOCAL_ONLY,3434,0.191996,6.9551660000000002,0.001397,0,14.382326000000001,0.023466999999999998,23.063502,3,HIGH_NORMALIZED_INNOVATION,DIRECTIONAL_UPDATE,DISABLED_NOT_IMPLEMENTED,0,NOT_REQUESTED
UNONLOCAL_ONLY,3435,0.197514,7.0960369999999999,0.00097799999999999992,0,14.041776,0.023746,22.86543,3,HIGH_NORMALIZED_INNOVATION,DIRECTIONAL_UPDATE,DISABLED_NOT_IMPLEMENTED,0,NOT_REQUESTED
UNONLOCAL_ONLY,3436,0.19039,6.5271030000000003,0.00090799999999999995,0,12.872128,0.023886000000000001,21.171966000000001,3,HIGH_NORMALIZED_INNOVATION,DIRECTIONAL_UPDATE,DISABLED_NOT_IMPLEMENTED,0,NOT_REQUESTED
UNONLOCAL_ONLY,3437,0.19039,10.339510000000001,0.001467,0,20.520198000000001,0.024164999999999999,32.579991999999997,3,HIGH_NORMALIZED_INNOVATION,DIRECTIONAL_UPDATE,DISABLED_NOT_IMPLEMENTED,0,NOT_REQUESTED
UNONLOCAL_ONLY,3438,0.19045999999999999,7.2832150000000002,0.00097799999999999992,0,14.480803,0.023886000000000001,23.539617,3,HIGH_NORMALIZED_INNOVATION,DIRECTIONAL_UPDATE,DISABLED_NOT_IMPLEMENTED,0,NOT_REQUESTED
UNONLOCAL_ONLY,3439,0.18801599999999999,11.019563,0.001397,0,22.734337,0.026679999999999999,35.478653000000001,3,HIGH_NORMALIZED_INNOVATION,DIRECTIONAL_UPDATE,DISABLED_NOT_IMPLEMENTED,0,NOT_REQUESTED
UNONLOCAL_ONLY,3440,0.19059999999999999,10.749344000000001,0.0013960000000000001,0,0,0.025212999999999999,12.463412,1,BELOW_TRIGGER,NORMAL_UPDATE,DISABLED_NOT_IMPLEMENTED,0,NOT_REQUESTED
UNONLOCAL_ONLY,3441,0.200656,13.486668999999999,0.000977,0,27.859915999999998,0.027099000000000002,43.156616,3,HIGH_NORMALIZED_INNOVATION,DIRECTIONAL_UPDATE,DISABLED_NOT_IMPLEMENTED,0,NOT_REQUESTED
UNONLOCAL_ONLY,3442,0.19164700000000001,12.304311,0.0014660000000000001,0,25.556101000000002,0.025212999999999999,39.631959999999999,3,HIGH_NORMALIZED_INNOVATION,DIRECTIONAL_UPDATE,DISABLED_NOT_IMPLEMENTED,0,NOT_REQUESTED
UNONLOCAL_ONLY,3443,0.18899299999999999,12.707858999999999,0.00097799999999999992,0,28.520064000000001,0.034780999999999999,42.965736999999997,3,HIGH_NORMALIZED_INNOVATION,DIRECTIONAL_UPDATE,DISABLED_NOT_IMPLEMENTED,0,NOT_REQUESTED
UNONLOCAL_ONLY,3444,0.19283400000000001,16.977034,0.001397,0,34.031174,0.032896000000000002,52.857629000000003,3,HIGH_NORMALIZED_INNOVATION,DIRECTIONAL_UPDATE,DISABLED_NOT_IMPLEMENTED,0,NOT_REQUESTED
UNONLOCAL_ONLY,3445,0.19667499999999999,14.571319000000001,0.00097799999999999992,0,30.106390000000001,0.036248000000000002,46.541936999999997,3,HIGH_NORMALIZED_INNOVATION,DIRECTIONAL_UPDATE,DISABLED_NOT_IMPLEMENTED,0,NOT_REQUESTED
UNONLOCAL_ONLY,3446,0.19653599999999999,12.353968999999999,0.0013960000000000001,0,29.046046,0.031358999999999998,43.346167999999999,3,HIGH_NORMALIZED_INNOVATION,DIRECTIONAL_UPDATE,DISABLED_NOT_IMPLEMENTED,0,NOT_REQUESTED
UNONLOCAL_ONLY,3447,0.20142499999999999,13.028155999999999,0.001467,0,30.800342000000001,0.031988000000000003,45.648726000000003,3,HIGH_NORMALIZED_INNOVATION,DIRECTIONAL_UPDATE,DISABLED_NOT_IMPLEMENTED,0,NOT_REQUESTED
UNONLOCAL_ONLY,3448,0.19891,9.7446640000000002,0.000977,0,24.654927000000001,0.031428999999999999,36.279533000000001,3,HIGH_NORMALIZED_INNOVATION,DIRECTIONAL_UPDATE,DISABLED_NOT_IMPLEMENTED,0,NOT_REQUESTED
UNONLOCAL_ONLY,3449,0.19492999999999999,13.295859999999999,0.001397,0,27.802714999999999,0.033383999999999997,42.889679000000001,3,HIGH_NORMALIZED_INNOVATION,DIRECTIONAL_UPDATE,DISABLED_NOT_IMPLEMENTED,0,NOT_REQUESTED
UNONLOCAL_ONLY,3450,0.200237,11.938617000000001,0.00090799999999999995,0,26.820174999999999,0.031918000000000002,40.596550000000001,3,HIGH_NORMALIZED_INNOVATION,DIRECTIONAL_UPDATE,DISABLED_NOT_IMPLEMENTED,0,NOT_REQUESTED
UNONLOCAL_ONLY,3451,0.19451099999999999,11.728113,0.001397,0,25.315704,0.033734,38.936750000000004,3,HIGH_NORMALIZED_INNOVATION,DIRECTIONAL_UPDATE,DISABLED_NOT_IMPLEMENTED,0,NOT_REQUESTED
UNONLOCAL_ONLY,3452,0.19534899999999999,9.2459910000000001,0.001467,0,19.401395999999998,0.027727000000000002,30.538504,3,HIGH_NORMALIZED_INNOVATION,DIRECTIONAL_UPDATE,DISABLED_NOT_IMPLEMENTED,0,NOT_REQUESTED
UNONLOCAL_ONLY,3453,0.20170399999999999,5.7857979999999998,0.001467,0,0,0.023188,7.5384190000000002,1,BELOW_TRIGGER,NORMAL_UPDATE,DISABLED_NOT_IMPLEMENTED,0,NOT_REQUESTED
UNONLOCAL_ONLY,3454,0.19206599999999999,12.40635,0.00097799999999999992,0,25.644801000000001,0.027657999999999999,39.869422999999998,3,HIGH_NORMALIZED_INNOVATION,DIRECTIONAL_UPDATE,DISABLED_NOT_IMPLEMENTED,0,NOT_REQUESTED
UNONLOCAL_ONLY,3455,0.19178700000000001,16.525922999999999,0.0014660000000000001,0,33.503794999999997,0.027587,51.774655000000003,3,HIGH_NORMALIZED_INNOVATION,DIRECTIONAL_UPDATE,DISABLED_NOT_IMPLEMENTED,0,NOT_REQUESTED
UNONLOCAL_ONLY,3456,0.19248499999999999,6.9529310000000004,0.000977,0,16.351386999999999,0.027657999999999999,25.093465999999999,3,HIGH_NORMALIZED_INNOVATION,DIRECTIONAL_UPDATE,DISABLED_NOT_IMPLEMENTED,0,NOT_REQUESTED
UNONLOCAL_ONLY,3457,0.19437099999999999,7.4770269999999996,0.0014660000000000001,0,16.788041,0.028216000000000001,26.051841,3,HIGH_NORMALIZED_INNOVATION,DIRECTIONAL_UPDATE,DISABLED_NOT_IMPLEMENTED,0,NOT_REQUESTED
UNONLOCAL_ONLY,3458,0.19045899999999999,9.6681170000000005,0.001467,0,0,0.024305,11.414242,1,BELOW_TRIGGER,NORMAL_UPDATE,DISABLED_NOT_IMPLEMENTED,0,NOT_REQUESTED
UNONLOCAL_ONLY,3459,0.197653,12.568593999999999,0.0013960000000000001,0,0,0.023675999999999999,14.310528,1,BELOW_TRIGGER,NORMAL_UPDATE,DISABLED_NOT_IMPLEMENTED,0,NOT_REQUESTED
UNONLOCAL_ONLY,3460,0.190251,10.594503,0.00097799999999999992,0,0,0.028216000000000001,12.340838,1,BELOW_TRIGGER,NORMAL_UPDATE,DISABLED_NOT_IMPLEMENTED,0,NOT_REQUESTED
UNONLOCAL_ONLY,3461,0.19730400000000001,13.254025,0.000977,0,0,0.025212999999999999,15.116996,1,BELOW_TRIGGER,NORMAL_UPDATE,DISABLED_NOT_IMPLEMENTED,0,NOT_REQUESTED
UNONLOCAL_ONLY,3462,0.189133,12.832038000000001,0.001397,0,0,0.023816,14.613364000000001,1,BELOW_TRIGGER,NORMAL_UPDATE,DISABLED_NOT_IMPLEMENTED,0,NOT_REQUESTED
UNONLOCAL_ONLY,3463,0.18990099999999999,10.671191,0.001397,0,0,0.026679000000000001,12.439804000000001,1,BELOW_TRIGGER,NORMAL_UPDATE,DISABLED_NOT_IMPLEMENTED,0,NOT_REQUESTED
UNONLOCAL_ONLY,3464,0.19905,13.481501,0.00097799999999999992,0,0,0.022769000000000001,15.344891000000001,1,BELOW_TRIGGER,NORMAL_UPDATE,DISABLED_NOT_IMPLEMENTED,0,NOT_REQUESTED
UNONLOCAL_ONLY,3465,0.19897999999999999,12.424509,0.000977,0,0,0.022488999999999999,14.204577,1,BELOW_TRIGGER,NORMAL_UPDATE,DISABLED_NOT_IMPLEMENTED,0,NOT_REQUESTED
UNONLOCAL_ONLY,3466,0.18948200000000001,9.4146590000000003,0.0019559999999999998,0,0,0.029124000000000001,11.213305,1,BELOW_TRIGGER,NORMAL_UPDATE,DISABLED_NOT_IMPLEMENTED,0,NOT_REQUESTED
UNONLOCAL_ONLY,3467,0.191298,13.703390000000001,0.001397,0,26.089765,0.025283,41.637338,3,HIGH_NORMALIZED_INNOVATION,DIRECTIONAL_UPDATE,DISABLED_NOT_IMPLEMENTED,0,NOT_REQUESTED
UNONLOCAL_ONLY,3468,0.191577,11.579000000000001,0.000977,0,25.008189000000002,0.024864000000000001,38.456654999999998,3,HIGH_NORMALIZED_INNOVATION,DIRECTIONAL_UPDATE,DISABLED_NOT_IMPLEMENTED,0,NOT_REQUESTED
UNONLOCAL_ONLY,3469,0.19039,10.727553,0.0018860000000000001,0,21.028230000000001,0.031497999999999998,33.613306999999999,3,HIGH_NORMALIZED_INNOVATION,DIRECTIONAL_UPDATE,DISABLED_NOT_IMPLEMENTED,0,NOT_REQUESTED
UNONLOCAL_ONLY,3470,0.20072699999999999,10.783916,0.001397,0,21.601704999999999,0.056781999999999999,34.403083000000002,3,HIGH_NORMALIZED_INNOVATION,CAUTIOUS_UPDATE,DISABLED_NOT_IMPLEMENTED,0,NOT_REQUESTED
UNONLOCAL_ONLY,3471,0.195628,10.260937999999999,0.0014660000000000001,0,0,0.023327000000000001,12.200456000000001,1,BELOW_TRIGGER,NORMAL_UPDATE,DISABLED_NOT_IMPLEMENTED,0,NOT_REQUESTED
UNONLOCAL_ONLY,3472,0.19087799999999999,8.7163070000000005,0.0013960000000000001,0,0,0.031219,10.499518,1,BELOW_TRIGGER,NORMAL_UPDATE,DISABLED_NOT_IMPLEMENTED,0,NOT_REQUESTED
UNONLOCAL_ONLY,3473,0.188504,8.5071300000000001,0.00090799999999999995,0,0,0.020114,10.336855999999999,1,BELOW_TRIGGER,NORMAL_UPDATE,DISABLED_NOT_IMPLEMENTED,0,NOT_REQUESTED
UNONLOCAL_ONLY,3474,0.18843399999999999,6.7269220000000001,0.00090799999999999995,0,0,0.021860999999999998,8.5562989999999992,1,BELOW_TRIGGER,NORMAL_UPDATE,DISABLED_NOT_IMPLEMENTED,0,NOT_REQUESTED
UNONLOCAL_ONLY,3475,0.18948200000000001,22.612739999999999,0.000977,0,79.272649000000001,0.029613,103.741376,3,HIGH_NORMALIZED_INNOVATION,CAUTIOUS_UPDATE,DISABLED_NOT_IMPLEMENTED,0,NOT_REQUESTED
UNONLOCAL_ONLY,3476,0.19953899999999999,8.0458920000000003,0.001397,0,20.437785000000002,0.025212999999999999,30.387225999999998,3,HIGH_NORMALIZED_INNOVATION,DIRECTIONAL_UPDATE,DISABLED_NOT_IMPLEMENTED,0,NOT_REQUESTED
UNONLOCAL_ONLY,3477,0.19067000000000001,9.0539950000000005,0.001885,0,19.006368999999999,0.025562000000000001,29.908875999999999,3,HIGH_NORMALIZED_INNOVATION,DIRECTIONAL_UPDATE,DISABLED_NOT_IMPLEMENTED,0,NOT_REQUESTED
UNONLOCAL_ONLY,3478,0.19004099999999999,9.220288,0.00090799999999999995,0,18.342659000000001,0.030033000000000001,29.452248999999998,3,HIGH_NORMALIZED_INNOVATION,DIRECTIONAL_UPDATE,DISABLED_NOT_IMPLEMENTED,0,NOT_REQUESTED
UNONLOCAL_ONLY,3479,0.191856,10.490928,0.001467,0,21.735174000000001,0.030241000000000001,34.17407,3,HIGH_NORMALIZED_INNOVATION,DIRECTIONAL_UPDATE,DISABLED_NOT_IMPLEMENTED,0,NOT_REQUESTED
UNONLOCAL_ONLY,3480,0.19039,12.150727,0.00097799999999999992,0,22.509374000000001,0.030870999999999999,36.563372000000001,3,HIGH_NORMALIZED_INNOVATION,DIRECTIONAL_UPDATE,DISABLED_NOT_IMPLEMENTED,0,NOT_REQUESTED
UNONLOCAL_ONLY,3481,0.196606,9.1211819999999992,0.00097799999999999992,0,0,0.030032,11.08752,1,BELOW_TRIGGER,NORMAL_UPDATE,DISABLED_NOT_IMPLEMENTED,0,NOT_REQUESTED
UNONLOCAL_ONLY,3482,0.26484200000000002,10.204224999999999,0.001397,0,0,0.023956000000000002,12.612315000000001,1,BELOW_TRIGGER,NORMAL_UPDATE,DISABLED_NOT_IMPLEMENTED,0,NOT_REQUESTED
UNONLOCAL_ONLY,3483,0.18431400000000001,10.281750000000001,0.001397,0,0,0.029124000000000001,12.068035,1,BELOW_TRIGGER,NORMAL_UPDATE,DISABLED_NOT_IMPLEMENTED,0,NOT_REQUESTED
UNONLOCAL_ONLY,3484,0.20233300000000001,11.017678,0.00097799999999999992,0,0,0.032406999999999998,12.938897000000001,1,BELOW_TRIGGER,NORMAL_UPDATE,DISABLED_NOT_IMPLEMENTED,0,NOT_REQUESTED
UNONLOCAL_ONLY,3485,0.204428,8.6137090000000001,0.001397,0,0,0.021371999999999999,10.510483000000001,1,BELOW_TRIGGER,NORMAL_UPDATE,DISABLED_NOT_IMPLEMENTED,0,NOT_REQUESTED
UNONLOCAL_ONLY,3486,0.20163400000000001,10.344887,0.001467,0,0,0.029054,12.354946999999999,1,BELOW_TRIGGER,NORMAL_UPDATE,DISABLED_NOT_IMPLEMENTED,0,NOT_REQUESTED
UNONLOCAL_ONLY,3487,0.253388,12.135503,0.00090799999999999995,0,0,0.024164999999999999,14.484016,1,BELOW_TRIGGER,NORMAL_UPDATE,DISABLED_NOT_IMPLEMENTED,0,NOT_REQUESTED
UNONLOCAL_ONLY,3488,0.20589499999999999,11.173985,0.001397,0,0,0.023328000000000002,13.020822000000001,1,BELOW_TRIGGER,NORMAL_UPDATE,DISABLED_NOT_IMPLEMENTED,0,NOT_REQUESTED
UNONLOCAL_ONLY,3489,0.20177500000000001,12.717358000000001,0.00097799999999999992,0,0,0.023257,14.611338,1,BELOW_TRIGGER,NORMAL_UPDATE,DISABLED_NOT_IMPLEMENTED,0,NOT_REQUESTED
UNONLOCAL_ONLY,3490,0.20289199999999999,9.5051050000000004,0.001467,0,0,0.028355999999999999,11.464109000000001,1,BELOW_TRIGGER,NORMAL_UPDATE,DISABLED_NOT_IMPLEMENTED,0,NOT_REQUESTED
UNONLOCAL_ONLY,3491,0.205127,10.3833,0.001467,0,0,0.024235,12.306825,1,BELOW_TRIGGER,NORMAL_UPDATE,DISABLED_NOT_IMPLEMENTED,0,NOT_REQUESTED
UNONLOCAL_ONLY,3492,0.20435900000000001,11.286989,0.001397,0,0,0.027587,13.206531999999999,1,BELOW_TRIGGER,NORMAL_UPDATE,DISABLED_NOT_IMPLEMENTED,0,NOT_REQUESTED
UNONLOCAL_ONLY,3493,0.263934,10.071175999999999,0.00048899999999999996,0,0,0.024235,12.453004999999999,1,BELOW_TRIGGER,NORMAL_UPDATE,DISABLED_NOT_IMPLEMENTED,0,NOT_REQUESTED
UNONLOCAL_ONLY,3494,0.200657,17.064197,0.00097799999999999992,0,34.192368999999999,0.027238999999999999,53.209004999999998,3,HIGH_NORMALIZED_INNOVATION,DIRECTIONAL_UPDATE,DISABLED_NOT_IMPLEMENTED,0,NOT_REQUESTED
UNONLOCAL_ONLY,3495,0.20407900000000001,15.974379000000001,0.001397,0,0,0.024235,17.908238999999998,1,BELOW_TRIGGER,NORMAL_UPDATE,DISABLED_NOT_IMPLEMENTED,0,NOT_REQUESTED
UNONLOCAL_ONLY,3496,0.20191400000000001,9.7241300000000006,0.0013960000000000001,0,0,0.022977999999999998,11.626771,1,BELOW_TRIGGER,NORMAL_UPDATE,DISABLED_NOT_IMPLEMENTED,0,NOT_REQUESTED
UNONLOCAL_ONLY,3497,0.20317099999999999,10.030388,0.001397,0,0,0.022558999999999999,11.955309,1,BELOW_TRIGGER,NORMAL_UPDATE,DISABLED_NOT_IMPLEMENTED,0,NOT_REQUESTED
UNONLOCAL_ONLY,3498,0.20142399999999999,10.378831,0.001467,0,0,0.022769000000000001,12.306126000000001,1,BELOW_TRIGGER,NORMAL_UPDATE,DISABLED_NOT_IMPLEMENTED,0,NOT_REQUESTED
UNONLOCAL_ONLY,3499,0.20994599999999999,12.276932,0.001397,0,0,0.021999999999999999,14.153592,1,BELOW_TRIGGER,NORMAL_UPDATE,DISABLED_NOT_IMPLEMENTED,0,NOT_REQUESTED
UNONLOCAL_ONLY,3500,0.20177400000000001,8.761495,0.00090799999999999995,0,26.305088000000001,0.029055000000000001,36.991504999999997,3,PERIODIC_CHECK,DIRECTIONAL_UPDATE,DISABLED_NOT_IMPLEMENTED,0,NOT_REQUESTED
UNONLOCAL_ONLY,3501,0.206035,8.8525690000000008,0.0014660000000000001,0,0,0.027657000000000001,10.830081,1,BELOW_TRIGGER,NORMAL_UPDATE,DISABLED_NOT_IMPLEMENTED,0,NOT_REQUESTED
UNONLOCAL_ONLY,3502,0.204848,10.923041,0.00090799999999999995,0,0,0.028985,12.890776000000001,1,BELOW_TRIGGER,NORMAL_UPDATE,DISABLED_NOT_IMPLEMENTED,0,NOT_REQUESTED
UNONLOCAL_ONLY,3503,0.24954599999999999,9.4387550000000005,0.001397,0,0,0.022908999999999999,11.397690000000001,1,BELOW_TRIGGER,NORMAL_UPDATE,DISABLED_NOT_IMPLEMENTED,0,NOT_REQUESTED
UNONLOCAL_ONLY,3504,0.21029500000000001,9.7999089999999995,0.001467,0,0,0.023816,11.599881999999999,1,BELOW_TRIGGER,NORMAL_UPDATE,DISABLED_NOT_IMPLEMENTED,0,NOT_REQUESTED
UNONLOCAL_ONLY,3505,0.211482,16.706116000000002,0.00097799999999999992,0,0,0.034851,18.672034,1,BELOW_TRIGGER,NORMAL_UPDATE,DISABLED_NOT_IMPLEMENTED,0,NOT_REQUESTED
UNONLOCAL_ONLY,3506,0.248638,6.1349390000000001,0.001467,0,0,0.021791000000000001,8.3856739999999999,1,BELOW_TRIGGER,NORMAL_UPDATE,DISABLED_NOT_IMPLEMENTED,0,NOT_REQUESTED
UNONLOCAL_ONLY,3507,0.19297400000000001,7.8497750000000002,0.000977,0,0,0.022419000000000001,9.68872,1,BELOW_TRIGGER,NORMAL_UPDATE,DISABLED_NOT_IMPLEMENTED,0,NOT_REQUESTED
UNONLOCAL_ONLY,3508,0.19947000000000001,10.565868999999999,0.00090799999999999995,0,0,0.023956000000000002,12.46383,1,BELOW_TRIGGER,NORMAL_UPDATE,DISABLED_NOT_IMPLEMENTED,0,NOT_REQUESTED
UNONLOCAL_ONLY,3509,0.20261199999999999,15.430377999999999,0.00097799999999999992,0,0,0.024375000000000001,17.322123999999999,1,BELOW_TRIGGER,NORMAL_UPDATE,DISABLED_NOT_IMPLEMENTED,0,NOT_REQUESTED
UNONLOCAL_ONLY,3510,0.204288,12.674543999999999,0.001397,0,0,0.023956000000000002,14.574183,1,BELOW_TRIGGER,NORMAL_UPDATE,DISABLED_NOT_IMPLEMENTED,0,NOT_REQUESTED
UNONLOCAL_ONLY,3511,0.21637100000000001,8.8874910000000007,0.001467,0,0,0.021999999999999999,10.840139000000001,1,BELOW_TRIGGER,NORMAL_UPDATE,DISABLED_NOT_IMPLEMENTED,0,NOT_REQUESTED
UNONLOCAL_ONLY,3512,0.20421900000000001,11.445531000000001,0.001467,0,0,0.024235,13.38903,1,BELOW_TRIGGER,NORMAL_UPDATE,DISABLED_NOT_IMPLEMENTED,0,NOT_REQUESTED
UNONLOCAL_ONLY,3513,0.20624400000000001,7.8337120000000002,0.001397,0,0,0.021512,9.7451530000000002,1,BELOW_TRIGGER,NORMAL_UPDATE,DISABLED_NOT_IMPLEMENTED,0,NOT_REQUESTED
UNONLOCAL_ONLY,3514,0.20610400000000001,9.5197719999999997,0.0014660000000000001,0,0,0.029404,11.485061999999999,1,BELOW_TRIGGER,NORMAL_UPDATE,DISABLED_NOT_IMPLEMENTED,0,NOT_REQUESTED
UNONLOCAL_ONLY,3515,0.217699,9.9023679999999992,0.00097799999999999992,0,0,0.022977999999999998,11.856063000000001,1,BELOW_TRIGGER,NORMAL_UPDATE,DISABLED_NOT_IMPLEMENTED,0,NOT_REQUESTED
UNONLOCAL_ONLY,3516,0.20491699999999999,11.571526,0.001397,0,0,0.026261,13.562099,1,BELOW_TRIGGER,NORMAL_UPDATE,DISABLED_NOT_IMPLEMENTED,0,NOT_REQUESTED
UNONLOCAL_ONLY,3517,0.24842900000000001,7.8370629999999997,0.00097799999999999992,0,0,0.024653999999999999,9.9077459999999995,1,BELOW_TRIGGER,NORMAL_UPDATE,DISABLED_NOT_IMPLEMENTED,0,NOT_REQUESTED
UNONLOCAL_ONLY,3518,0.19709499999999999,7.4120739999999996,0.00097799999999999992,0,0,0.022769000000000001,9.2408219999999996,1,BELOW_TRIGGER,NORMAL_UPDATE,DISABLED_NOT_IMPLEMENTED,0,NOT_REQUESTED
UNONLOCAL_ONLY,3519,0.20380000000000001,9.2635900000000007,0.00097799999999999992,0,0,0.023886000000000001,11.207299000000001,1,BELOW_TRIGGER,NORMAL_UPDATE,DISABLED_NOT_IMPLEMENTED,0,NOT_REQUESTED
UNONLOCAL_ONLY,3520,0.207012,10.497213,0.00097799999999999992,0,0,0.026261,12.416198,1,BELOW_TRIGGER,NORMAL_UPDATE,DISABLED_NOT_IMPLEMENTED,0,NOT_REQUESTED
UNONLOCAL_ONLY,3521,0.20533599999999999,8.9245059999999992,0.0014660000000000001,0,0,0.023397000000000001,10.868983999999999,1,BELOW_TRIGGER,NORMAL_UPDATE,DISABLED_NOT_IMPLEMENTED,0,NOT_REQUESTED
UNONLOCAL_ONLY,3522,0.204567,6.4774450000000003,0.00097799999999999992,0,0,0.023258000000000001,8.4060679999999994,1,BELOW_TRIGGER,NORMAL_UPDATE,DISABLED_NOT_IMPLEMENTED,0,NOT_REQUESTED
UNONLOCAL_ONLY,3523,0.21609200000000001,7.7616339999999999,0.0013960000000000001,0,0,0.022349000000000001,9.7165180000000007,1,BELOW_TRIGGER,NORMAL_UPDATE,DISABLED_NOT_IMPLEMENTED,0,NOT_REQUESTED
UNONLOCAL_ONLY,3524,0.206733,9.0286419999999996,0.00097799999999999992,0,0,0.024025000000000001,11.008179,1,BELOW_TRIGGER,NORMAL_UPDATE,DISABLED_NOT_IMPLEMENTED,0,NOT_REQUESTED
UNONLOCAL_ONLY,3525,0.204289,17.690123,0.000977,0,33.536271999999997,0.028566000000000001,53.155436000000002,3,PERIODIC_CHECK,DIRECTIONAL_UPDATE,DISABLED_NOT_IMPLEMENTED,0,NOT_REQUESTED
UNONLOCAL_ONLY,3526,0.20505599999999999,10.655476,0.001397,0,0,0.025212999999999999,12.615807,1,BELOW_TRIGGER,NORMAL_UPDATE,DISABLED_NOT_IMPLEMENTED,0,NOT_REQUESTED
UNONLOCAL_ONLY,3527,0.205126,9.2117679999999993,0.001467,0,0,0.023328000000000002,11.110568000000001,1,BELOW_TRIGGER,NORMAL_UPDATE,DISABLED_NOT_IMPLEMENTED,0,NOT_REQUESTED
UNONLOCAL_ONLY,3528,0.217558,8.9461580000000005,0.001397,0,0,0.038691999999999997,10.91466,1,BELOW_TRIGGER,NORMAL_UPDATE,DISABLED_NOT_IMPLEMENTED,0,NOT_REQUESTED
UNONLOCAL_ONLY,3529,0.20435800000000001,8.9870160000000006,0.000977,0,0,0.023118,10.902369,1,BELOW_TRIGGER,NORMAL_UPDATE,DISABLED_NOT_IMPLEMENTED,0,NOT_REQUESTED
UNONLOCAL_ONLY,3530,0.204568,11.000287,0.001467,0,0,0.022629,12.897131,1,BELOW_TRIGGER,NORMAL_UPDATE,DISABLED_NOT_IMPLEMENTED,0,NOT_REQUESTED
UNONLOCAL_ONLY,3531,0.204289,10.844469,0.001397,0,0,0.022839000000000002,12.757657,1,BELOW_TRIGGER,NORMAL_UPDATE,DISABLED_NOT_IMPLEMENTED,0,NOT_REQUESTED
UNONLOCAL_ONLY,3532,0.205266,9.7908299999999997,0.001397,0,0,0.023886000000000001,11.726296,1,BELOW_TRIGGER,NORMAL_UPDATE,DISABLED_NOT_IMPLEMENTED,0,NOT_REQUESTED
UNONLOCAL_ONLY,3533,0.204847,9.9150089999999995,0.001397,0,0,0.024375000000000001,11.825822000000001,1,BELOW_TRIGGER,NORMAL_UPDATE,DISABLED_NOT_IMPLEMENTED,0,NOT_REQUESTED
UNONLOCAL_ONLY,3534,0.21015500000000001,11.015093,0.00048899999999999996,0,0,0.025212999999999999,12.876039,1,BELOW_TRIGGER,NORMAL_UPDATE,DISABLED_NOT_IMPLEMENTED,0,NOT_REQUESTED
UNONLOCAL_ONLY,3535,0.20338100000000001,11.223502,0.001397,0,0,0.022838000000000001,13.159808,1,BELOW_TRIGGER,NORMAL_UPDATE,DISABLED_NOT_IMPLEMENTED,0,NOT_REQUESTED
UNONLOCAL_ONLY,3536,0.202682,8.2075759999999995,0.0014660000000000001,0,0,0.024305,10.129215,1,BELOW_TRIGGER,NORMAL_UPDATE,DISABLED_NOT_IMPLEMENTED,0,NOT_REQUESTED
UNONLOCAL_ONLY,3537,0.20610500000000001,8.1151759999999999,0.0014660000000000001,0,0,0.024235,10.008877,1,BELOW_TRIGGER,NORMAL_UPDATE,DISABLED_NOT_IMPLEMENTED,0,NOT_REQUESTED
UNONLOCAL_ONLY,3538,0.20289199999999999,10.987017,0.001397,0,0,0.024445000000000001,12.878831999999999,1,BELOW_TRIGGER,NORMAL_UPDATE,DISABLED_NOT_IMPLEMENTED,0,NOT_REQUESTED
UNONLOCAL_ONLY,3539,0.20435900000000001,6.9115840000000004,0.001467,0,0,0.028983999999999999,8.8253299999999992,1,BELOW_TRIGGER,NORMAL_UPDATE,DISABLED_NOT_IMPLEMENTED,0,NOT_REQUESTED
UNONLOCAL_ONLY,3540,0.26861299999999999,12.307803,0.001397,0,0,0.024095999999999999,14.638716000000001,1,BELOW_TRIGGER,NORMAL_UPDATE,DISABLED_NOT_IMPLEMENTED,0,NOT_REQUESTED
UNONLOCAL_ONLY,3541,0.20233300000000001,6.6278860000000002,0.001397,0,0,0.021999999999999999,8.5420510000000007,1,BELOW_TRIGGER,NORMAL_UPDATE,DISABLED_NOT_IMPLEMENTED,0,NOT_REQUESTED
UNONLOCAL_ONLY,3542,0.20177400000000001,6.7562550000000003,0.001397,0,0,0.022488999999999999,8.638503,1,BELOW_TRIGGER,NORMAL_UPDATE,DISABLED_NOT_IMPLEMENTED,0,NOT_REQUESTED
UNONLOCAL_ONLY,3543,0.20366000000000001,10.54303,0.001467,0,0,0.022769000000000001,12.429747000000001,1,BELOW_TRIGGER,NORMAL_UPDATE,DISABLED_NOT_IMPLEMENTED,0,NOT_REQUESTED
UNONLOCAL_ONLY,3544,0.198073,9.4001319999999993,0.00097799999999999992,0,0,0.022001,11.234259,1,BELOW_TRIGGER,NORMAL_UPDATE,DISABLED_NOT_IMPLEMENTED,0,NOT_REQUESTED
UNONLOCAL_ONLY,3545,0.20261299999999999,9.7704360000000001,0.001397,0,0,0.023746,11.654358999999999,1,BELOW_TRIGGER,NORMAL_UPDATE,DISABLED_NOT_IMPLEMENTED,0,NOT_REQUESTED
UNONLOCAL_ONLY,3546,0.213508,11.25137,0.001467,0,0,0.022769000000000001,13.150518999999999,1,BELOW_TRIGGER,NORMAL_UPDATE,DISABLED_NOT_IMPLEMENTED,0,NOT_REQUESTED
UNONLOCAL_ONLY,3547,0.207012,8.3488670000000003,0.0013960000000000001,0,0,0.022069999999999999,10.256887000000001,1,BELOW_TRIGGER,NORMAL_UPDATE,DISABLED_NOT_IMPLEMENTED,0,NOT_REQUESTED
UNONLOCAL_ONLY,3548,0.20568600000000001,9.8728940000000005,0.00097799999999999992,0,0,0.024235,11.806406000000001,1,BELOW_TRIGGER,NORMAL_UPDATE,DISABLED_NOT_IMPLEMENTED,0,NOT_REQUESTED
UNONLOCAL_ONLY,3549,0.20610400000000001,10.942038999999999,0.0013960000000000001,0,0,0.023466999999999998,12.845447999999999,1,BELOW_TRIGGER,NORMAL_UPDATE,DISABLED_NOT_IMPLEMENTED,0,NOT_REQUESTED
UNONLOCAL_ONLY,3550,0.20317099999999999,11.213165999999999,0.00097799999999999992,0,22.144379000000001,0.027727000000000002,35.286447000000003,3,PERIODIC_CHECK,DIRECTIONAL_UPDATE,DISABLED_NOT_IMPLEMENTED,0,NOT_REQUESTED
UNONLOCAL_ONLY,3551,0.205405,6.7841930000000001,0.001397,0,0,0.028216999999999999,8.7393549999999998,1,BELOW_TRIGGER,NORMAL_UPDATE,DISABLED_NOT_IMPLEMENTED,0,NOT_REQUESTED
UNONLOCAL_ONLY,3552,0.21476500000000001,9.3309879999999996,0.001467,0,0,0.023397999999999999,11.228391999999999,1,BELOW_TRIGGER,NORMAL_UPDATE,DISABLED_NOT_IMPLEMENTED,0,NOT_REQUESTED
UNONLOCAL_ONLY,3553,0.20289099999999999,12.715472,0.00097799999999999992,0,0,0.025631999999999999,14.594507,1,BELOW_TRIGGER,NORMAL_UPDATE,DISABLED_NOT_IMPLEMENTED,0,NOT_REQUESTED
UNONLOCAL_ONLY,3554,0.204288,13.662253,0.00097799999999999992,0,0,0.02647,15.646051,1,BELOW_TRIGGER,NORMAL_UPDATE,DISABLED_NOT_IMPLEMENTED,0,NOT_REQUESTED
UNONLOCAL_ONLY,3555,0.20575499999999999,6.8624150000000004,0.001397,0,0,0.022558999999999999,8.7478060000000006,1,BELOW_TRIGGER,NORMAL_UPDATE,DISABLED_NOT_IMPLEMENTED,0,NOT_REQUESTED
UNONLOCAL_ONLY,3556,0.205127,13.582981999999999,0.00097799999999999992,0,0,0.033593999999999999,15.514468000000001,1,BELOW_TRIGGER,NORMAL_UPDATE,DISABLED_NOT_IMPLEMENTED,0,NOT_REQUESTED
UNONLOCAL_ONLY,3557,0.22803499999999999,16.157924000000001,0.001397,0,29.493594000000002,0.026679999999999999,47.638948999999997,3,HIGH_NORMALIZED_INNOVATION,DIRECTIONAL_UPDATE,DISABLED_NOT_IMPLEMENTED,0,NOT_REQUESTED
UNONLOCAL_ONLY,3558,0.204149,11.156523999999999,0.001397,0,0,0.024653999999999999,13.065241,1,BELOW_TRIGGER,NORMAL_UPDATE,DISABLED_NOT_IMPLEMENTED,0,NOT_REQUESTED
UNONLOCAL_ONLY,3559,0.219305,7.2213349999999998,0.00097799999999999992,0,0,0.022838000000000001,9.1690249999999995,1,BELOW_TRIGGER,NORMAL_UPDATE,DISABLED_NOT_IMPLEMENTED,0,NOT_REQUESTED
UNONLOCAL_ONLY,3560,0.204428,12.302913999999999,0.0019550000000000001,0,0,0.023816,14.211143,1,BELOW_TRIGGER,NORMAL_UPDATE,DISABLED_NOT_IMPLEMENTED,0,NOT_REQUESTED
UNONLOCAL_ONLY,3561,0.20407900000000001,6.9889700000000001,0.001467,0,0,0.021371999999999999,8.9231099999999994,1,BELOW_TRIGGER,NORMAL_UPDATE,DISABLED_NOT_IMPLEMENTED,0,NOT_REQUESTED
UNONLOCAL_ONLY,3562,0.202822,9.7735789999999998,0.000977,0,0,0.022768,11.652404000000001,1,BELOW_TRIGGER,NORMAL_UPDATE,DISABLED_NOT_IMPLEMENTED,0,NOT_REQUESTED
UNONLOCAL_ONLY,3563,0.22035199999999999,11.028154000000001,0.001397,0,0,0.022558999999999999,12.980034,1,BELOW_TRIGGER,NORMAL_UPDATE,DISABLED_NOT_IMPLEMENTED,0,NOT_REQUESTED
UNONLOCAL_ONLY,3564,0.20372999999999999,4.6529579999999999,0.00097799999999999992,0,0,0.022349000000000001,6.6459739999999998,1,BELOW_TRIGGER,NORMAL_UPDATE,DISABLED_NOT_IMPLEMENTED,0,NOT_REQUESTED
UNONLOCAL_ONLY,3565,0.20219300000000001,13.728672,0.001397,0,28.666034,0.027307999999999999,44.374105,3,HIGH_NORMALIZED_INNOVATION,DIRECTIONAL_UPDATE,DISABLED_NOT_IMPLEMENTED,0,NOT_REQUESTED
UNONLOCAL_ONLY,3566,0.232296,9.5727130000000002,0.00090799999999999995,0,0,0.028076,11.670912,1,BELOW_TRIGGER,NORMAL_UPDATE,DISABLED_NOT_IMPLEMENTED,0,NOT_REQUESTED
UNONLOCAL_ONLY,3567,0.25045400000000001,9.2054130000000001,0.001467,0,0,0.026190999999999999,11.586123000000001,1,BELOW_TRIGGER,NORMAL_UPDATE,DISABLED_NOT_IMPLEMENTED,0,NOT_REQUESTED
UNONLOCAL_ONLY,3568,0.22894200000000001,6.9223410000000003,0.001397,0,0,0.026609000000000001,8.8962210000000006,1,BELOW_TRIGGER,NORMAL_UPDATE,DISABLED_NOT_IMPLEMENTED,0,NOT_REQUESTED
UNONLOCAL_ONLY,3569,0.20344999999999999,7.6191560000000003,0.00097799999999999992,0,0,0.021860000000000001,9.4665520000000001,1,BELOW_TRIGGER,NORMAL_UPDATE,DISABLED_NOT_IMPLEMENTED,0,NOT_REQUESTED
UNONLOCAL_ONLY,3570,0.20163500000000001,14.894130000000001,0.001397,0,0,0.023746,16.803964000000001,1,BELOW_TRIGGER,NORMAL_UPDATE,DISABLED_NOT_IMPLEMENTED,0,NOT_REQUESTED
UNONLOCAL_ONLY,3571,0.205266,9.2384470000000007,0.001397,0,0,0.023886000000000001,11.148073999999999,1,BELOW_TRIGGER,NORMAL_UPDATE,DISABLED_NOT_IMPLEMENTED,0,NOT_REQUESTED
UNONLOCAL_ONLY,3572,0.20624400000000001,6.76722,0.001467,0,0,0.022558999999999999,8.6932589999999994,1,BELOW_TRIGGER,NORMAL_UPDATE,DISABLED_NOT_IMPLEMENTED,0,NOT_REQUESTED
UNONLOCAL_ONLY,3573,0.205266,11.094993000000001,0.001397,0,0,0.022629,13.067826,1,BELOW_TRIGGER,NORMAL_UPDATE,DISABLED_NOT_IMPLEMENTED,0,NOT_REQUESTED
UNONLOCAL_ONLY,3574,0.20331099999999999,22.443514,0.00097799999999999992,0,0,0.029544000000000001,24.451058,1,BELOW_TRIGGER,NORMAL_UPDATE,DISABLED_NOT_IMPLEMENTED,0,NOT_REQUESTED
UNONLOCAL_ONLY,3575,0.212669,23.579986000000002,0.001397,0,49.398063999999998,0.031918000000000002,75.108168000000006,3,PERIODIC_CHECK,DIRECTIONAL_UPDATE,DISABLED_NOT_IMPLEMENTED,0,NOT_REQUESTED
UNONLOCAL_ONLY,3576,0.20813000000000001,19.700949000000001,0.00097799999999999992,0,0,0.02682,21.804178,1,BELOW_TRIGGER,NORMAL_UPDATE,DISABLED_NOT_IMPLEMENTED,0,NOT_REQUESTED
UNONLOCAL_ONLY,3577,0.20785100000000001,17.766110999999999,0.00090799999999999995,0,0,0.025772,19.744671,1,BELOW_TRIGGER,NORMAL_UPDATE,DISABLED_NOT_IMPLEMENTED,0,NOT_REQUESTED
UNONLOCAL_ONLY,3578,0.20708199999999999,15.700737,0.000977,0,0,0.023816,17.715755000000001,1,BELOW_TRIGGER,NORMAL_UPDATE,DISABLED_NOT_IMPLEMENTED,0,NOT_REQUESTED
UNONLOCAL_ONLY,3579,0.202962,18.009511,0.00090799999999999995,0,0,0.030032,20.014959999999999,1,BELOW_TRIGGER,NORMAL_UPDATE,DISABLED_NOT_IMPLEMENTED,0,NOT_REQUESTED
UNONLOCAL_ONLY,3580,0.25667099999999998,17.375064999999999,0.001467,0,0,0.025631999999999999,19.853414999999998,1,BELOW_TRIGGER,NORMAL_UPDATE,DISABLED_NOT_IMPLEMENTED,0,NOT_REQUESTED
UNONLOCAL_ONLY,3581,0.214555,17.408379,0.001397,0,0,0.027237999999999998,19.437505000000002,1,BELOW_TRIGGER,NORMAL_UPDATE,DISABLED_NOT_IMPLEMENTED,0,NOT_REQUESTED
UNONLOCAL_ONLY,3582,0.20757100000000001,14.579211000000001,0.001397,0,0,0.025701999999999999,16.551625000000001,1,BELOW_TRIGGER,NORMAL_UPDATE,DISABLED_NOT_IMPLEMENTED,0,NOT_REQUESTED
UNONLOCAL_ONLY,3583,0.203101,14.611827,0.001467,0,0,0.023118,16.568107999999999,1,BELOW_TRIGGER,NORMAL_UPDATE,DISABLED_NOT_IMPLEMENTED,0,NOT_REQUESTED
UNONLOCAL_ONLY,3584,0.20331099999999999,14.333576000000001,0.001397,0,0,0.022908999999999999,16.240058999999999,1,BELOW_TRIGGER,NORMAL_UPDATE,DISABLED_NOT_IMPLEMENTED,0,NOT_REQUESTED
UNONLOCAL_ONLY,3585,0.20205300000000001,13.807804000000001,0.0014660000000000001,0,0,0.029543,15.786783,1,BELOW_TRIGGER,NORMAL_UPDATE,DISABLED_NOT_IMPLEMENTED,0,NOT_REQUESTED
UNONLOCAL_ONLY,3586,0.261768,13.888472,0.001467,0,0,0.022838000000000001,16.228394999999999,1,BELOW_TRIGGER,NORMAL_UPDATE,DISABLED_NOT_IMPLEMENTED,0,NOT_REQUESTED
UNONLOCAL_ONLY,3587,0.19737399999999999,19.277985000000001,0.001397,0,0,0.024166,21.114556,1,BELOW_TRIGGER,NORMAL_UPDATE,DISABLED_NOT_IMPLEMENTED,0,NOT_REQUESTED
UNONLOCAL_ONLY,3588,0.214416,24.021877,0.0014660000000000001,0,0,0.025562000000000001,25.917814,1,BELOW_TRIGGER,NORMAL_UPDATE,DISABLED_NOT_IMPLEMENTED,0,NOT_REQUESTED
UNONLOCAL_ONLY,3589,0.19828200000000001,17.367801,0.001397,0,0,0.026679000000000001,19.184954999999999,1,BELOW_TRIGGER,NORMAL_UPDATE,DISABLED_NOT_IMPLEMENTED,0,NOT_REQUESTED
UNONLOCAL_ONLY,3590,0.20233200000000001,25.29063,0.000977,0,0,0.025281999999999999,27.127341000000001,1,BELOW_TRIGGER,NORMAL_UPDATE,DISABLED_NOT_IMPLEMENTED,0,NOT_REQUESTED
UNONLOCAL_ONLY,3591,0.204288,17.551276000000001,0.00090799999999999995,0,0,0.028635000000000001,19.455524,1,BELOW_TRIGGER,NORMAL_UPDATE,DISABLED_NOT_IMPLEMENTED,0,NOT_REQUESTED
UNONLOCAL_ONLY,3592,0.25380599999999998,31.404337999999999,0.0014660000000000001,0,0,0.029054,33.616101,1,BELOW_TRIGGER,NORMAL_UPDATE,DISABLED_NOT_IMPLEMENTED,0,NOT_REQUESTED
UNONLOCAL_ONLY,3593,0.195907,24.380376999999999,0.001397,0,0,0.028216999999999999,26.200256,1,BELOW_TRIGGER,NORMAL_UPDATE,DISABLED_NOT_IMPLEMENTED,0,NOT_REQUESTED
UNONLOCAL_ONLY,3594,0.201215,13.550853999999999,0.001397,0,0,0.02647,15.649333,1,BELOW_TRIGGER,NORMAL_UPDATE,DISABLED_NOT_IMPLEMENTED,0,NOT_REQUESTED
UNONLOCAL_ONLY,3595,0.20086599999999999,17.480177000000001,0.001397,0,0,0.034362999999999998,19.423954999999999,1,BELOW_TRIGGER,NORMAL_UPDATE,DISABLED_NOT_IMPLEMENTED,0,NOT_REQUESTED
UNONLOCAL_ONLY,3596,0.210504,17.559726999999999,0.001397,0,0,0.025422,19.508814000000001,1,BELOW_TRIGGER,NORMAL_UPDATE,DISABLED_NOT_IMPLEMENTED,0,NOT_REQUESTED
UNONLOCAL_ONLY,3597,0.19870099999999999,18.064475999999999,0.00090799999999999995,0,0,0.024375000000000001,19.941904999999998,1,BELOW_TRIGGER,NORMAL_UPDATE,DISABLED_NOT_IMPLEMENTED,0,NOT_REQUESTED
UNONLOCAL_ONLY,3598,0.20896799999999999,18.386589000000001,0.0018860000000000001,0,0,0.024375000000000001,20.289021000000002,1,BELOW_TRIGGER,NORMAL_UPDATE,DISABLED_NOT_IMPLEMENTED,0,NOT_REQUESTED
UNONLOCAL_ONLY,3599,0.199819,18.675666,0.001467,0,34.883248000000002,0.02682,55.513098999999997,3,HIGH_NORMALIZED_INNOVATION,DIRECTIONAL_UPDATE,DISABLED_NOT_IMPLEMENTED,0,NOT_REQUESTED
UNONLOCAL_ONLY,3600,0.201844,21.497919,0.0014660000000000001,0,46.030133999999997,0.032406999999999998,69.534060999999994,3,HIGH_NORMALIZED_INNOVATION,DIRECTIONAL_UPDATE,DISABLED_NOT_IMPLEMENTED,0,NOT_REQUESTED
UNONLOCAL_ONLY,3601,0.21043500000000001,23.436738999999999,0.001397,0,39.940311999999999,0.042464000000000002,65.411834999999996,3,HIGH_NORMALIZED_INNOVATION,DIRECTIONAL_UPDATE,DISABLED_NOT_IMPLEMENTED,0,NOT_REQUESTED
UNONLOCAL_ONLY,3602,0.20841000000000001,17.944209000000001,0.001467,0,35.626787999999998,0.029124000000000001,55.581125,3,HIGH_NORMALIZED_INNOVATION,DIRECTIONAL_UPDATE,DISABLED_NOT_IMPLEMENTED,0,NOT_REQUESTED
UNONLOCAL_ONLY,3603,0.204149,20.081520000000001,0.001397,0,39.775694000000001,0.032476999999999999,61.849673000000003,3,HIGH_NORMALIZED_INNOVATION,DIRECTIONAL_UPDATE,DISABLED_NOT_IMPLEMENTED,0,NOT_REQUESTED
UNONLOCAL_ONLY,3604,0.21434600000000001,21.058892,0.001467,0,41.520142999999997,0.028355999999999999,64.759787000000003,3,HIGH_NORMALIZED_INNOVATION,DIRECTIONAL_UPDATE,DISABLED_NOT_IMPLEMENTED,0,NOT_REQUESTED
UNONLOCAL_ONLY,3605,0.205127,41.339322000000003,0.001397,0,86.793955999999994,0.030521,130.29922400000001,3,HIGH_NORMALIZED_INNOVATION,DIRECTIONAL_UPDATE,DISABLED_NOT_IMPLEMENTED,0,NOT_REQUESTED
UNONLOCAL_ONLY,3606,0.20407900000000001,26.862569000000001,0.001397,0,66.060947999999996,0.029543,94.966471999999996,3,HIGH_NORMALIZED_INNOVATION,DIRECTIONAL_UPDATE,DISABLED_NOT_IMPLEMENTED,0,NOT_REQUESTED
UNONLOCAL_ONLY,3607,0.204987,29.336728999999998,0.001397,0,69.653142000000003,0.031918000000000002,101.03820399999999,3,HIGH_NORMALIZED_INNOVATION,DIRECTIONAL_UPDATE,DISABLED_NOT_IMPLEMENTED,0,NOT_REQUESTED
UNONLOCAL_ONLY,3608,0.204708,21.985488,0.001467,0,57.492007999999998,0.027935999999999999,81.552576999999999,3,HIGH_NORMALIZED_INNOVATION,DIRECTIONAL_UPDATE,DISABLED_NOT_IMPLEMENTED,0,NOT_REQUESTED
UNONLOCAL_ONLY,3609,0.185781,38.033341,0.001397,0,79.276978999999997,0.031428999999999999,119.24711499999999,3,HIGH_NORMALIZED_INNOVATION,DIRECTIONAL_UPDATE,DISABLED_NOT_IMPLEMENTED,0,NOT_REQUESTED
UNONLOCAL_ONLY,3610,0.20854900000000001,25.381005999999999,0.001397,0,50.639090000000003,0.029613,78.068708999999998,3,HIGH_NORMALIZED_INNOVATION,DIRECTIONAL_UPDATE,DISABLED_NOT_IMPLEMENTED,0,NOT_REQUESTED
UNONLOCAL_ONLY,3611,0.19800200000000001,25.459579000000002,0.0014660000000000001,0,52.630851,0.026679999999999999,80.119416000000001,3,HIGH_NORMALIZED_INNOVATION,DIRECTIONAL_UPDATE,DISABLED_NOT_IMPLEMENTED,0,NOT_REQUESTED
UNONLOCAL_ONLY,3612,0.19897999999999999,30.781834,0.001397,0,61.671295000000001,0.032896000000000002,94.540294000000003,3,HIGH_NORMALIZED_INNOVATION,DIRECTIONAL_UPDATE,DISABLED_NOT_IMPLEMENTED,0,NOT_REQUESTED
UNONLOCAL_ONLY,3613,0.19905,26.894905999999999,0.001397,0,51.368313000000001,0.030521,80.346124000000003,3,HIGH_NORMALIZED_INNOVATION,DIRECTIONAL_UPDATE,DISABLED_NOT_IMPLEMENTED,0,NOT_REQUESTED
UNONLOCAL_ONLY,3614,0.20016800000000001,31.909716,0.001467,0,68.271244999999993,0.026679999999999999,102.208409,3,HIGH_NORMALIZED_INNOVATION,DIRECTIONAL_UPDATE,DISABLED_NOT_IMPLEMENTED,0,NOT_REQUESTED
UNONLOCAL_ONLY,3615,0.19842199999999999,24.337494,0.001397,0,55.451638000000003,0.031009999999999999,81.812389999999994,3,HIGH_NORMALIZED_INNOVATION,DIRECTIONAL_UPDATE,DISABLED_NOT_IMPLEMENTED,0,NOT_REQUESTED
UNONLOCAL_ONLY,3616,0.20966699999999999,22.679020999999999,0.0014660000000000001,0,52.329132000000001,0.028566000000000001,77.029106999999996,3,HIGH_NORMALIZED_INNOVATION,DIRECTIONAL_UPDATE,DISABLED_NOT_IMPLEMENTED,0,NOT_REQUESTED
UNONLOCAL_ONLY,3617,0.19884099999999999,19.793002000000001,0.00090799999999999995,0,39.396870999999997,0.029055000000000001,61.161448,3,HIGH_NORMALIZED_INNOVATION,DIRECTIONAL_UPDATE,DISABLED_NOT_IMPLEMENTED,0,NOT_REQUESTED
UNONLOCAL_ONLY,3618,0.197932,20.944559999999999,0.001397,0,43.894778000000002,0.027727000000000002,66.869091999999995,3,HIGH_NORMALIZED_INNOVATION,DIRECTIONAL_UPDATE,DISABLED_NOT_IMPLEMENTED,0,NOT_REQUESTED
UNONLOCAL_ONLY,3619,0.19898099999999999,20.806273000000001,0.001467,0,44.008481000000003,0.029613,66.808538999999996,3,HIGH_NORMALIZED_INNOVATION,DIRECTIONAL_UPDATE,DISABLED_NOT_IMPLEMENTED,0,NOT_REQUESTED
UNONLOCAL_ONLY,3620,0.197654,29.384989999999998,0.0018860000000000001,0,63.244560999999997,0.029891999999999998,94.655814000000007,3,HIGH_NORMALIZED_INNOVATION,DIRECTIONAL_UPDATE,DISABLED_NOT_IMPLEMENTED,0,NOT_REQUESTED
UNONLOCAL_ONLY,3621,0.20840900000000001,23.458880000000001,0.00097799999999999992,0,46.682600000000001,0.033804000000000001,72.195747999999995,3,HIGH_NORMALIZED_INNOVATION,DIRECTIONAL_UPDATE,DISABLED_NOT_IMPLEMENTED,0,NOT_REQUESTED
UNONLOCAL_ONLY,3622,0.204567,20.756754000000001,0.001467,0,41.762216000000002,0.033453999999999998,64.654884999999993,3,HIGH_NORMALIZED_INNOVATION,DIRECTIONAL_UPDATE,DISABLED_NOT_IMPLEMENTED,0,NOT_REQUESTED
UNONLOCAL_ONLY,3623,0.207431,23.036054,0.0013960000000000001,0,40.583978000000002,0.034083000000000002,65.608858999999995,3,HIGH_NORMALIZED_INNOVATION,DIRECTIONAL_UPDATE,DISABLED_NOT_IMPLEMENTED,0,NOT_REQUESTED
UNONLOCAL_ONLY,3624,0.20142499999999999,16.354251000000001,0.001397,0,46.160809,0.033175000000000003,64.429434000000001,3,HIGH_NORMALIZED_INNOVATION,DIRECTIONAL_UPDATE,DISABLED_NOT_IMPLEMENTED,0,NOT_REQUESTED
UNONLOCAL_ONLY,3625,0.202263,18.977243999999999,0.001467,0,42.1233,0.032406999999999998,62.975597999999998,3,HIGH_NORMALIZED_INNOVATION,DIRECTIONAL_UPDATE,DISABLED_NOT_IMPLEMENTED,0,NOT_REQUESTED
UNONLOCAL_ONLY,3626,0.20938599999999999,26.305368000000001,0.001467,0,48.964275000000001,0.032406999999999998,77.137782000000001,3,HIGH_NORMALIZED_INNOVATION,DIRECTIONAL_UPDATE,DISABLED_NOT_IMPLEMENTED,0,NOT_REQUESTED
UNONLOCAL_ONLY,3627,0.21239,16.136413000000001,0.0013960000000000001,0,39.419987999999996,0.026540000000000001,57.311745000000002,3,HIGH_NORMALIZED_INNOVATION,DIRECTIONAL_UPDATE,DISABLED_NOT_IMPLEMENTED,0,NOT_REQUESTED
UNONLOCAL_ONLY,3628,0.19800200000000001,18.732586999999999,0.001397,0,42.289734000000003,0.025842,62.704470999999998,3,HIGH_NORMALIZED_INNOVATION,DIRECTIONAL_UPDATE,DISABLED_NOT_IMPLEMENTED,0,NOT_REQUESTED
UNONLOCAL_ONLY,3629,0.19800300000000001,26.279247000000002,0.0013960000000000001,0,52.346733,0.028146999999999998,80.266643000000002,3,HIGH_NORMALIZED_INNOVATION,DIRECTIONAL_UPDATE,DISABLED_NOT_IMPLEMENTED,0,NOT_REQUESTED
UNONLOCAL_ONLY,3630,0.19897999999999999,21.265903000000002,0.00097799999999999992,0,42.368656000000001,0.027448,65.385085000000004,3,HIGH_NORMALIZED_INNOVATION,DIRECTIONAL_UPDATE,DISABLED_NOT_IMPLEMENTED,0,NOT_REQUESTED
UNONLOCAL_ONLY,3631,0.19709399999999999,27.445402999999999,0.00090799999999999995,0,53.911897000000003,0.029124000000000001,83.171798999999993,3,HIGH_NORMALIZED_INNOVATION,DIRECTIONAL_UPDATE,DISABLED_NOT_IMPLEMENTED,0,NOT_REQUESTED
UNONLOCAL_ONLY,3632,0.215114,16.509789999999999,0.001397,0,35.739863,0.031918000000000002,54.211868000000003,3,HIGH_NORMALIZED_INNOVATION,DIRECTIONAL_UPDATE,DISABLED_NOT_IMPLEMENTED,0,NOT_REQUESTED
UNONLOCAL_ONLY,3633,0.21420600000000001,19.190822000000001,0.000977,0,38.087468999999999,0.031498999999999999,59.182957000000002,3,HIGH_NORMALIZED_INNOVATION,DIRECTIONAL_UPDATE,DISABLED_NOT_IMPLEMENTED,0,NOT_REQUESTED
UNONLOCAL_ONLY,3634,0.202542,19.198364999999999,0.0013960000000000001,0,37.911886000000003,0.030521,59.109622999999999,3,HIGH_NORMALIZED_INNOVATION,DIRECTIONAL_UPDATE,DISABLED_NOT_IMPLEMENTED,0,NOT_REQUESTED
UNONLOCAL_ONLY,3635,0.201215,21.547159000000001,0.001397,0,42.863767000000003,0.028705000000000001,66.581830999999994,3,HIGH_NORMALIZED_INNOVATION,DIRECTIONAL_UPDATE,DISABLED_NOT_IMPLEMENTED,0,NOT_REQUESTED
UNONLOCAL_ONLY,3636,0.20058699999999999,19.177271999999999,0.001467,0,40.693071000000003,0.029822000000000001,62.050538000000003,3,HIGH_NORMALIZED_INNOVATION,DIRECTIONAL_UPDATE,DISABLED_NOT_IMPLEMENTED,0,NOT_REQUESTED
UNONLOCAL_ONLY,3637,0.200378,19.153037000000001,0.001467,0,40.584747,0.03073,61.998088000000003,3,HIGH_NORMALIZED_INNOVATION,DIRECTIONAL_UPDATE,DISABLED_NOT_IMPLEMENTED,0,NOT_REQUESTED
UNONLOCAL_ONLY,3638,0.20177400000000001,19.697037999999999,0.001397,0,40.809078999999997,0.031988000000000003,62.682053000000003,3,HIGH_NORMALIZED_INNOVATION,DIRECTIONAL_UPDATE,DISABLED_NOT_IMPLEMENTED,0,NOT_REQUESTED
UNONLOCAL_ONLY,3639,0.21357699999999999,19.279591,0.001467,0,40.902039000000002,0.028565,62.438442999999999,3,HIGH_NORMALIZED_INNOVATION,DIRECTIONAL_UPDATE,DISABLED_NOT_IMPLEMENTED,0,NOT_REQUESTED
UNONLOCAL_ONLY,3640,0.203101,21.852298999999999,0.00097799999999999992,0,40.967832000000001,0.031009999999999999,65.151742999999996,3,HIGH_NORMALIZED_INNOVATION,DIRECTIONAL_UPDATE,DISABLED_NOT_IMPLEMENTED,0,NOT_REQUESTED
UNONLOCAL_ONLY,3641,0.20352100000000001,19.228677000000001,0.001397,0,40.776533000000001,0.030521,62.323830999999998,3,HIGH_NORMALIZED_INNOVATION,DIRECTIONAL_UPDATE,DISABLED_NOT_IMPLEMENTED,0,NOT_REQUESTED
UNONLOCAL_ONLY,3642,0.202542,21.87856,0.0014660000000000001,0,43.409654000000003,0.031918000000000002,67.551520999999994,3,HIGH_NORMALIZED_INNOVATION,DIRECTIONAL_UPDATE,DISABLED_NOT_IMPLEMENTED,0,NOT_REQUESTED
UNONLOCAL_ONLY,3643,0.20589499999999999,19.364937999999999,0.001467,0,38.512248999999997,0.027937,60.312446000000001,3,HIGH_NORMALIZED_INNOVATION,DIRECTIONAL_UPDATE,DISABLED_NOT_IMPLEMENTED,0,NOT_REQUESTED
UNONLOCAL_ONLY,3644,0.200936,19.070205000000001,0.00090799999999999995,0,37.960216000000003,0.027588000000000001,59.242044,3,HIGH_NORMALIZED_INNOVATION,DIRECTIONAL_UPDATE,DISABLED_NOT_IMPLEMENTED,0,NOT_REQUESTED
UNONLOCAL_ONLY,3645,0.21218100000000001,19.262829,0.001397,0,38.498908999999998,0.028913999999999999,60.024766,3,HIGH_NORMALIZED_INNOVATION,DIRECTIONAL_UPDATE,DISABLED_NOT_IMPLEMENTED,0,NOT_REQUESTED
UNONLOCAL_ONLY,3646,0.20086599999999999,19.382189,0.001467,0,40.568334,0.031988000000000003,62.283741999999997,3,HIGH_NORMALIZED_INNOVATION,DIRECTIONAL_UPDATE,DISABLED_NOT_IMPLEMENTED,0,NOT_REQUESTED
UNONLOCAL_ONLY,3647,0.20191400000000001,21.878629,0.00097799999999999992,0,43.789315999999999,0.030521,67.967500999999999,3,HIGH_NORMALIZED_INNOVATION,DIRECTIONAL_UPDATE,DISABLED_NOT_IMPLEMENTED,0,NOT_REQUESTED
UNONLOCAL_ONLY,3648,0.200237,19.305292999999999,0.0014660000000000001,0,0,0.025701999999999999,21.566573999999999,1,BELOW_TRIGGER,NORMAL_UPDATE,DISABLED_NOT_IMPLEMENTED,0,NOT_REQUESTED
UNONLOCAL_ONLY,3649,0.198492,19.354113000000002,0.001397,0,0,0.028915,21.578308,1,BELOW_TRIGGER,NORMAL_UPDATE,DISABLED_NOT_IMPLEMENTED,0,NOT_REQUESTED
UNONLOCAL_ONLY,3650,0.221191,19.299496000000001,0.001397,0,41.194049999999997,0.031009999999999999,62.725633999999999,3,PERIODIC_CHECK,DIRECTIONAL_UPDATE,DISABLED_NOT_IMPLEMENTED,0,NOT_REQUESTED
UNONLOCAL_ONLY,3651,0.19772300000000001,21.935272000000001,0.001397,0,0,0.028146000000000001,24.222674000000001,1,BELOW_TRIGGER,NORMAL_UPDATE,DISABLED_NOT_IMPLEMENTED,0,NOT_REQUESTED
UNONLOCAL_ONLY,3652,0.20324,19.230561999999999,0.00097799999999999992,0,43.227505999999998,0.027727999999999999,64.716485000000006,3,HIGH_NORMALIZED_INNOVATION,DIRECTIONAL_UPDATE,DISABLED_NOT_IMPLEMENTED,0,NOT_REQUESTED
UNONLOCAL_ONLY,3653,0.20044699999999999,21.886171999999998,0.001397,0,0,0.026610000000000002,24.044924999999999,1,BELOW_TRIGGER,NORMAL_UPDATE,DISABLED_NOT_IMPLEMENTED,0,NOT_REQUESTED
UNONLOCAL_ONLY,3654,0.200517,19.271839,0.001467,0,43.411819000000001,0.027657000000000001,64.970710999999994,3,HIGH_NORMALIZED_INNOVATION,DIRECTIONAL_UPDATE,DISABLED_NOT_IMPLEMENTED,0,NOT_REQUESTED
UNONLOCAL_ONLY,3655,0.203101,21.942186,0.00097799999999999992,0,46.270460999999997,0.030380999999999998,70.456607000000005,3,HIGH_NORMALIZED_INNOVATION,DIRECTIONAL_UPDATE,DISABLED_NOT_IMPLEMENTED,0,NOT_REQUESTED
UNONLOCAL_ONLY,3656,0.21197099999999999,24.567345,0.001397,0,48.744272000000002,0.031009999999999999,75.588053000000002,3,HIGH_NORMALIZED_INNOVATION,DIRECTIONAL_UPDATE,DISABLED_NOT_IMPLEMENTED,0,NOT_REQUESTED
UNONLOCAL_ONLY,3657,0.202821,21.865499,0.001467,0,45.926487999999999,0.028635000000000001,70.064862000000005,3,HIGH_NORMALIZED_INNOVATION,DIRECTIONAL_UPDATE,DISABLED_NOT_IMPLEMENTED,0,NOT_REQUESTED
UNONLOCAL_ONLY,3658,0.19988800000000001,23.098633,0.0014660000000000001,0,39.950929000000002,0.028076,65.294989000000001,3,HIGH_NORMALIZED_INNOVATION,DIRECTIONAL_UPDATE,DISABLED_NOT_IMPLEMENTED,0,NOT_REQUESTED
UNONLOCAL_ONLY,3659,0.23096800000000001,21.660373,0.001397,0,45.615200999999999,0.033384999999999998,69.522886,3,HIGH_NORMALIZED_INNOVATION,DIRECTIONAL_UPDATE,DISABLED_NOT_IMPLEMENTED,0,NOT_REQUESTED
UNONLOCAL_ONLY,3660,0.20191400000000001,21.541571000000001,0.0018860000000000001,0,45.176523000000003,0.029613,68.921544999999995,3,HIGH_NORMALIZED_INNOVATION,DIRECTIONAL_UPDATE,DISABLED_NOT_IMPLEMENTED,0,NOT_REQUESTED
UNONLOCAL_ONLY,3661,0.20233300000000001,26.489961000000001,0.00097799999999999992,0,52.842333000000004,0.028915,81.580793999999997,3,HIGH_NORMALIZED_INNOVATION,DIRECTIONAL_UPDATE,DISABLED_NOT_IMPLEMENTED,0,NOT_REQUESTED
UNONLOCAL_ONLY,3662,0.21218000000000001,24.130901000000001,0.001467,0,47.788760000000003,0.051893000000000002,74.157964000000007,3,HIGH_NORMALIZED_INNOVATION,DIRECTIONAL_UPDATE,DISABLED_NOT_IMPLEMENTED,0,NOT_REQUESTED
UNONLOCAL_ONLY,3663,0.21071400000000001,26.349927999999998,0.0018860000000000001,0,49.836533000000003,0.030521,78.443622000000005,3,HIGH_NORMALIZED_INNOVATION,DIRECTIONAL_UPDATE,DISABLED_NOT_IMPLEMENTED,0,NOT_REQUESTED
UNONLOCAL_ONLY,3664,0.20177400000000001,26.554914,0.0014660000000000001,0,0,0.032687000000000001,28.712340000000001,1,BELOW_TRIGGER,NORMAL_UPDATE,DISABLED_NOT_IMPLEMENTED,0,NOT_REQUESTED
UNONLOCAL_ONLY,3665,0.25234000000000001,23.543876999999998,0.001397,0,0,0.028566000000000001,26.142704999999999,1,BELOW_TRIGGER,NORMAL_UPDATE,DISABLED_NOT_IMPLEMENTED,0,NOT_REQUESTED
UNONLOCAL_ONLY,3666,0.21099300000000001,26.287908000000002,0.001467,0,0,0.026679999999999999,28.344621,1,BELOW_TRIGGER,NORMAL_UPDATE,DISABLED_NOT_IMPLEMENTED,0,NOT_REQUESTED
UNONLOCAL_ONLY,3667,0.200238,24.191244999999999,0.0013960000000000001,0,0,0.026818999999999999,26.192713000000001,1,BELOW_TRIGGER,NORMAL_UPDATE,DISABLED_NOT_IMPLEMENTED,0,NOT_REQUESTED
UNONLOCAL_ONLY,3668,0.20791999999999999,19.173221999999999,0.001397,0,0,0.024095999999999999,21.190265,1,BELOW_TRIGGER,NORMAL_UPDATE,DISABLED_NOT_IMPLEMENTED,0,NOT_REQUESTED
UNONLOCAL_ONLY,3669,0.196885,19.185654,0.0018860000000000001,0,0,0.024305,21.159464,1,BELOW_TRIGGER,NORMAL_UPDATE,DISABLED_NOT_IMPLEMENTED,0,NOT_REQUESTED
UNONLOCAL_ONLY,3670,0.20394000000000001,19.290208,0.001467,0,0,0.032405999999999997,21.279803000000001,1,BELOW_TRIGGER,NORMAL_UPDATE,DISABLED_NOT_IMPLEMENTED,0,NOT_REQUESTED
UNONLOCAL_ONLY,3671,0.201075,19.534237000000001,0.001467,0,0,0.028146000000000001,21.506160999999999,1,BELOW_TRIGGER,NORMAL_UPDATE,DISABLED_NOT_IMPLEMENTED,0,NOT_REQUESTED
UNONLOCAL_ONLY,3672,0.20128499999999999,22.034098,0.001397,0,0,0.026190999999999999,23.994009999999999,1,BELOW_TRIGGER,NORMAL_UPDATE,DISABLED_NOT_IMPLEMENTED,0,NOT_REQUESTED
UNONLOCAL_ONLY,3673,0.21665100000000001,22.056308000000001,0.001397,0,0,0.026748999999999998,24.211148999999999,1,BELOW_TRIGGER,NORMAL_UPDATE,DISABLED_NOT_IMPLEMENTED,0,NOT_REQUESTED
UNONLOCAL_ONLY,3674,0.21993299999999999,22.034936999999999,0.001397,0,0,0.025353000000000001,23.961463999999999,1,BELOW_TRIGGER,NORMAL_UPDATE,DISABLED_NOT_IMPLEMENTED,0,NOT_REQUESTED
UNONLOCAL_ONLY,3675,0.25408599999999998,19.562942,0.00097799999999999992,0,43.405394000000001,0.027588000000000001,64.928527000000003,3,PERIODIC_CHECK,DIRECTIONAL_UPDATE,DISABLED_NOT_IMPLEMENTED,0,NOT_REQUESTED
UNONLOCAL_ONLY,3676,0.19919000000000001,19.359629999999999,0.001467,0,0,0.044907999999999997,21.317028000000001,1,BELOW_TRIGGER,NORMAL_UPDATE,DISABLED_NOT_IMPLEMENTED,0,NOT_REQUESTED
UNONLOCAL_ONLY,3677,0.199958,19.313675,0.001397,0,0,0.026259999999999999,21.149756,1,BELOW_TRIGGER,NORMAL_UPDATE,DISABLED_NOT_IMPLEMENTED,0,NOT_REQUESTED
UNONLOCAL_ONLY,3678,0.19960900000000001,19.289719000000002,0.001467,0,0,0.025283,21.032630999999999,1,BELOW_TRIGGER,NORMAL_UPDATE,DISABLED_NOT_IMPLEMENTED,0,NOT_REQUESTED
UNONLOCAL_ONLY,3679,0.19939999999999999,27.441212,0.00097799999999999992,0,0,0.028077000000000001,29.162893,1,BELOW_TRIGGER,NORMAL_UPDATE,DISABLED_NOT_IMPLEMENTED,0,NOT_REQUESTED
UNONLOCAL_ONLY,3680,0.21085300000000001,24.575516,0.00097799999999999992,0,0,0.026261,26.297895,1,BELOW_TRIGGER,NORMAL_UPDATE,DISABLED_NOT_IMPLEMENTED,0,NOT_REQUESTED
UNONLOCAL_ONLY,3681,0.19911999999999999,22.053723000000002,0.001467,0,0,0.027657999999999999,23.83924,1,BELOW_TRIGGER,NORMAL_UPDATE,DISABLED_NOT_IMPLEMENTED,0,NOT_REQUESTED
UNONLOCAL_ONLY,3682,0.200656,24.041293,0.001467,0,0,0.025281999999999999,25.752427000000001,1,BELOW_TRIGGER,NORMAL_UPDATE,DISABLED_NOT_IMPLEMENTED,0,NOT_REQUESTED
UNONLOCAL_ONLY,3683,0.200517,26.698578999999999,0.001397,0,0,0.029054,28.369274999999998,1,BELOW_TRIGGER,NORMAL_UPDATE,DISABLED_NOT_IMPLEMENTED,0,NOT_REQUESTED
UNONLOCAL_ONLY,3684,0.20044699999999999,34.264235999999997,0.00097799999999999992,0,0,0.038483000000000003,35.996043999999998,1,BELOW_TRIGGER,NORMAL_UPDATE,DISABLED_NOT_IMPLEMENTED,0,NOT_REQUESTED
UNONLOCAL_ONLY,3685,0.217279,29.901264000000001,0.001467,0,0,0.036736999999999999,31.601852000000001,1,BELOW_TRIGGER,NORMAL_UPDATE,DISABLED_NOT_IMPLEMENTED,0,NOT_REQUESTED
UNONLOCAL_ONLY,3686,0.24724099999999999,36.981867000000001,0.00090799999999999995,0,0,0.039181000000000001,39.043399000000001,1,BELOW_TRIGGER,NORMAL_UPDATE,DISABLED_NOT_IMPLEMENTED,0,NOT_REQUESTED
UNONLOCAL_ONLY,3687,0.21846599999999999,42.118760999999999,0.001397,0,0,0.033314999999999997,43.807755,1,BELOW_TRIGGER,NORMAL_UPDATE,DISABLED_NOT_IMPLEMENTED,0,NOT_REQUESTED
UNONLOCAL_ONLY,3688,0.210784,30.108695000000001,0.001467,0,0,0.031497999999999998,31.880241999999999,1,BELOW_TRIGGER,NORMAL_UPDATE,DISABLED_NOT_IMPLEMENTED,0,NOT_REQUESTED
UNONLOCAL_ONLY,3689,0.20813000000000001,27.360963000000002,0.001397,0,54.021199000000003,0.029124000000000001,83.107055000000003,3,HIGH_NORMALIZED_INNOVATION,DIRECTIONAL_UPDATE,DISABLED_NOT_IMPLEMENTED,0,NOT_REQUESTED
UNONLOCAL_ONLY,3690,0.20477799999999999,34.474392000000002,0.001467,0,0,0.026610000000000002,36.164991999999998,1,BELOW_TRIGGER,NORMAL_UPDATE,DISABLED_NOT_IMPLEMENTED,0,NOT_REQUESTED
UNONLOCAL_ONLY,3691,0.214555,27.315496,0.001467,0,0,0.025283,29.057220999999998,1,BELOW_TRIGGER,NORMAL_UPDATE,DISABLED_NOT_IMPLEMENTED,0,NOT_REQUESTED
UNONLOCAL_ONLY,3692,0.202542,32.432136,0.0014660000000000001,0,0,0.026679000000000001,34.156678999999997,1,BELOW_TRIGGER,NORMAL_UPDATE,DISABLED_NOT_IMPLEMENTED,0,NOT_REQUESTED
UNONLOCAL_ONLY,3693,0.20233300000000001,32.127693999999998,0.001397,0,0,0.032197000000000003,33.835965000000002,1,BELOW_TRIGGER,NORMAL_UPDATE,DISABLED_NOT_IMPLEMENTED,0,NOT_REQUESTED
UNONLOCAL_ONLY,3694,0.196186,44.903928000000001,0.001397,0,94.675509000000005,0.032895000000000001,141.29972000000001,3,HIGH_NORMALIZED_INNOVATION,DIRECTIONAL_UPDATE,DISABLED_NOT_IMPLEMENTED,0,NOT_REQUESTED
UNONLOCAL_ONLY,3695,0.21504400000000001,42.943178000000003,0.001397,0,0,0.028146000000000001,44.728693999999997,1,BELOW_TRIGGER,NORMAL_UPDATE,DISABLED_NOT_IMPLEMENTED,0,NOT_REQUESTED
UNONLOCAL_ONLY,3696,0.20568500000000001,39.933608,0.001467,0,79.861069999999998,0.032896000000000002,121.55491000000001,3,HIGH_NORMALIZED_INNOVATION,DIRECTIONAL_UPDATE,DISABLED_NOT_IMPLEMENTED,0,NOT_REQUESTED
UNONLOCAL_ONLY,3697,0.22328600000000001,35.370396999999997,0.001397,0,70.346117000000007,0.031009999999999999,107.51069,3,HIGH_NORMALIZED_INNOVATION,DIRECTIONAL_UPDATE,DISABLED_NOT_IMPLEMENTED,0,NOT_REQUESTED
UNONLOCAL_ONLY,3698,0.20477699999999999,27.656047000000001,0.000977,0,0,0.041277000000000001,29.467334000000001,1,BELOW_TRIGGER,NORMAL_UPDATE,DISABLED_NOT_IMPLEMENTED,0,NOT_REQUESTED
UNONLOCAL_ONLY,3699,0.24102599999999999,45.142578999999998,0.001397,0,91.064875999999998,0.033384999999999998,137.87158600000001,3,HIGH_NORMALIZED_INNOVATION,DIRECTIONAL_UPDATE,DISABLED_NOT_IMPLEMENTED,0,NOT_REQUESTED
UNONLOCAL_ONLY,3700,0.206314,39.986617000000003,0.001397,0,77.024428,0.031848000000000001,118.701717,3,PERIODIC_CHECK,DIRECTIONAL_UPDATE,DISABLED_NOT_IMPLEMENTED,0,NOT_REQUESTED
UNONLOCAL_ONLY,3701,0.20575499999999999,24.546672000000001,0.001397,0,38.563234000000001,0.034292000000000003,64.818385000000006,3,HIGH_NORMALIZED_INNOVATION,DIRECTIONAL_UPDATE,DISABLED_NOT_IMPLEMENTED,0,NOT_REQUESTED
UNONLOCAL_ONLY,3702,0.20791999999999999,39.539347999999997,0.001397,0,0,0.027588000000000001,41.220660000000002,1,BELOW_TRIGGER,NORMAL_UPDATE,DISABLED_NOT_IMPLEMENTED,0,NOT_REQUESTED
UNONLOCAL_ONLY,3703,0.213229,29.822901000000002,0.00097799999999999992,0,0,0.025562000000000001,31.464333,1,BELOW_TRIGGER,NORMAL_UPDATE,DISABLED_NOT_IMPLEMENTED,0,NOT_REQUESTED
UNONLOCAL_ONLY,3704,0.20324,32.569724999999998,0.00097799999999999992,0,58.838984000000004,0.030033000000000001,93.080662000000004,3,HIGH_NORMALIZED_INNOVATION,DIRECTIONAL_UPDATE,DISABLED_NOT_IMPLEMENTED,0,NOT_REQUESTED
UNONLOCAL_ONLY,3705,0.20149500000000001,41.243707999999998,0.0014660000000000001,0,72.651467999999994,0.030591,115.563008,3,HIGH_NORMALIZED_INNOVATION,DIRECTIONAL_UPDATE,DISABLED_NOT_IMPLEMENTED,0,NOT_REQUESTED
UNONLOCAL_ONLY,3706,0.219025,26.423261,0.001397,0,70.870073000000005,0.029544000000000001,98.972200999999998,3,HIGH_NORMALIZED_INNOVATION,DIRECTIONAL_UPDATE,DISABLED_NOT_IMPLEMENTED,0,NOT_REQUESTED
UNONLOCAL_ONLY,3707,0.201076,21.663654999999999,0.0018860000000000001,0,0,0.030452,23.268979000000002,1,BELOW_TRIGGER,NORMAL_UPDATE,DISABLED_NOT_IMPLEMENTED,0,NOT_REQUESTED
UNONLOCAL_ONLY,3708,0.249197,28.648015000000001,0.00090700000000000004,0,0,0.025353000000000001,30.568676,1,BELOW_TRIGGER,NORMAL_UPDATE,DISABLED_NOT_IMPLEMENTED,0,NOT_REQUESTED
UNONLOCAL_ONLY,3709,0.195488,35.547029000000002,0.0014660000000000001,0,0,0.024794,37.000025000000001,1,BELOW_TRIGGER,NORMAL_UPDATE,DISABLED_NOT_IMPLEMENTED,0,NOT_REQUESTED
UNONLOCAL_ONLY,3710,0.19828200000000001,40.967832000000001,0.00097799999999999992,0,61.839824999999998,0.029891999999999998,104.40955700000001,3,HIGH_NORMALIZED_INNOVATION,DIRECTIONAL_UPDATE,DISABLED_NOT_IMPLEMENTED,0,NOT_REQUESTED
UNONLOCAL_ONLY,3711,0.201844,23.515730999999999,0.001397,0,0,0.025212999999999999,25.175878999999998,1,BELOW_TRIGGER,NORMAL_UPDATE,DISABLED_NOT_IMPLEMENTED,0,NOT_REQUESTED
UNONLOCAL_ONLY,3712,0.20044699999999999,28.573004000000001,0.00090799999999999995,0,0,0.024374,30.131813000000001,1,BELOW_TRIGGER,NORMAL_UPDATE,DISABLED_NOT_IMPLEMENTED,0,NOT_REQUESTED
UNONLOCAL_ONLY,3713,0.198491,42.998493000000003,0.00097799999999999992,0,0,0.027657000000000001,44.590546000000003,1,BELOW_TRIGGER,NORMAL_UPDATE,DISABLED_NOT_IMPLEMENTED,0,NOT_REQUESTED
UNONLOCAL_ONLY,3714,0.196187,31.306768999999999,0.00097799999999999992,0,0,0.025631999999999999,32.874447000000004,1,BELOW_TRIGGER,NORMAL_UPDATE,DISABLED_NOT_IMPLEMENTED,0,NOT_REQUESTED
UNONLOCAL_ONLY,3715,0.20170399999999999,29.171551999999998,0.001397,0,0,0.033244999999999997,30.901125,1,BELOW_TRIGGER,NORMAL_UPDATE,DISABLED_NOT_IMPLEMENTED,0,NOT_REQUESTED
UNONLOCAL_ONLY,3716,0.20533599999999999,26.230917000000002,0.00090799999999999995,0,0,0.028216999999999999,27.895954,1,BELOW_TRIGGER,NORMAL_UPDATE,DISABLED_NOT_IMPLEMENTED,0,NOT_REQUESTED
UNONLOCAL_ONLY,3717,0.203102,21.277287999999999,0.001397,0,0,0.026331,22.893156999999999,1,BELOW_TRIGGER,NORMAL_UPDATE,DISABLED_NOT_IMPLEMENTED,0,NOT_REQUESTED
UNONLOCAL_ONLY,3718,0.20261199999999999,41.355874,0.0013960000000000001,0,0,0.027237999999999998,42.966017000000001,1,BELOW_TRIGGER,NORMAL_UPDATE,DISABLED_NOT_IMPLEMENTED,0,NOT_REQUESTED
UNONLOCAL_ONLY,3719,0.20177500000000001,23.403563999999999,0.001397,0,0,0.026679999999999999,25.045763999999998,1,BELOW_TRIGGER,NORMAL_UPDATE,DISABLED_NOT_IMPLEMENTED,0,NOT_REQUESTED
UNONLOCAL_ONLY,3720,0.21329799999999999,35.053873000000003,0.001397,0,0,0.027657999999999999,36.805793999999999,1,BELOW_TRIGGER,NORMAL_UPDATE,DISABLED_NOT_IMPLEMENTED,0,NOT_REQUESTED
UNONLOCAL_ONLY,3721,0.205405,22.740552000000001,0.001397,0,0,0.025283,24.368713,1,BELOW_TRIGGER,NORMAL_UPDATE,DISABLED_NOT_IMPLEMENTED,0,NOT_REQUESTED
UNONLOCAL_ONLY,3722,0.20205400000000001,38.016508999999999,0.001467,0,0,0.03073,39.627279000000001,1,BELOW_TRIGGER,NORMAL_UPDATE,DISABLED_NOT_IMPLEMENTED,0,NOT_REQUESTED
UNONLOCAL_ONLY,3723,0.203101,24.916626000000001,0.000977,0,0,0.027657000000000001,26.535986999999999,1,BELOW_TRIGGER,NORMAL_UPDATE,DISABLED_NOT_IMPLEMENTED,0,NOT_REQUESTED
UNONLOCAL_ONLY,3724,0.21155199999999999,13.679644,0.001467,0,0,0.031428999999999999,15.326453000000001,1,BELOW_TRIGGER,NORMAL_UPDATE,DISABLED_NOT_IMPLEMENTED,0,NOT_REQUESTED
UNONLOCAL_ONLY,3725,0.20561499999999999,11.196754,0.001467,0,53.168356000000003,0.031498999999999999,66.071005,3,PERIODIC_CHECK,DIRECTIONAL_UPDATE,DISABLED_NOT_IMPLEMENTED,0,NOT_REQUESTED
UNONLOCAL_ONLY,3726,0.215114,57.352812999999998,0.001397,0,0,0.052032000000000002,59.096702999999998,1,BELOW_TRIGGER,NORMAL_UPDATE,DISABLED_NOT_IMPLEMENTED,0,NOT_REQUESTED
UNONLOCAL_ONLY,3727,0.20868900000000001,27.974667,0.001397,0,0,0.026610000000000002,29.665755999999998,1,BELOW_TRIGGER,NORMAL_UPDATE,DISABLED_NOT_IMPLEMENTED,0,NOT_REQUESTED
UNONLOCAL_ONLY,3728,0.202682,13.702063000000001,0.001397,0,0,0.027237999999999998,15.367101,1,BELOW_TRIGGER,NORMAL_UPDATE,DISABLED_NOT_IMPLEMENTED,0,NOT_REQUESTED
UNONLOCAL_ONLY,3729,0.20338000000000001,16.027318999999999,0.00097799999999999992,0,0,0.025631999999999999,17.727557999999998,1,BELOW_TRIGGER,NORMAL_UPDATE,DISABLED_NOT_IMPLEMENTED,0,NOT_REQUESTED
UNONLOCAL_ONLY,3730,0.202822,35.251455999999997,0.00097799999999999992,0,0,0.038622999999999998,37.064140999999999,1,BELOW_TRIGGER,NORMAL_UPDATE,DISABLED_NOT_IMPLEMENTED,0,NOT_REQUESTED
UNONLOCAL_ONLY,3731,0.20554600000000001,28.087949999999999,0.001397,0,0,0.026749999999999999,30.015805,1,BELOW_TRIGGER,NORMAL_UPDATE,DISABLED_NOT_IMPLEMENTED,0,NOT_REQUESTED
UNONLOCAL_ONLY,3732,0.21371699999999999,28.770658999999998,0.001397,0,0,0.026748999999999998,30.727706000000001,1,BELOW_TRIGGER,NORMAL_UPDATE,DISABLED_NOT_IMPLEMENTED,0,NOT_REQUESTED
UNONLOCAL_ONLY,3733,0.20289199999999999,37.592916000000002,0.001467,0,0,0.031428999999999999,39.641668000000003,1,BELOW_TRIGGER,NORMAL_UPDATE,DISABLED_NOT_IMPLEMENTED,0,NOT_REQUESTED
UNONLOCAL_ONLY,3734,0.20338000000000001,36.141874999999999,0.0013960000000000001,0,0,0.027937,38.207807000000003,1,BELOW_TRIGGER,NORMAL_UPDATE,DISABLED_NOT_IMPLEMENTED,0,NOT_REQUESTED
UNONLOCAL_ONLY,3735,0.20261199999999999,26.203119000000001,0.0014660000000000001,0,0,0.034432999999999998,28.303414,1,BELOW_TRIGGER,NORMAL_UPDATE,DISABLED_NOT_IMPLEMENTED,0,NOT_REQUESTED
UNONLOCAL_ONLY,3736,0.21518300000000001,37.128745000000002,0.001397,0,0,0.027866999999999999,39.316412,1,BELOW_TRIGGER,NORMAL_UPDATE,DISABLED_NOT_IMPLEMENTED,0,NOT_REQUESTED
UNONLOCAL_ONLY,3737,0.20722199999999999,18.677063,0.001397,0,0,0.041137,20.874997,1,BELOW_TRIGGER,NORMAL_UPDATE,DISABLED_NOT_IMPLEMENTED,0,NOT_REQUESTED
UNONLOCAL_ONLY,3738,0.25471500000000002,16.602329999999998,0.001467,0,0,0.028146999999999998,18.888055999999999,1,BELOW_TRIGGER,NORMAL_UPDATE,DISABLED_NOT_IMPLEMENTED,0,NOT_REQUESTED
UNONLOCAL_ONLY,3739,0.20435800000000001,21.093045,0.001397,0,0,0.028146999999999998,23.214082000000001,1,BELOW_TRIGGER,NORMAL_UPDATE,DISABLED_NOT_IMPLEMENTED,0,NOT_REQUESTED
UNONLOCAL_ONLY,3740,0.20177400000000001,13.683415,0.0013960000000000001,0,0,0.041904999999999998,15.802777000000001,1,BELOW_TRIGGER,NORMAL_UPDATE,DISABLED_NOT_IMPLEMENTED,0,NOT_REQUESTED
UNONLOCAL_ONLY,3741,0.20854900000000001,13.687536,0.00090700000000000004,0,0,0.025283,15.817094000000001,1,BELOW_TRIGGER,NORMAL_UPDATE,DISABLED_NOT_IMPLEMENTED,0,NOT_REQUESTED
UNONLOCAL_ONLY,3742,0.202822,30.451201000000001,0.001467,0,0,0.030311999999999999,32.572937000000003,1,BELOW_TRIGGER,NORMAL_UPDATE,DISABLED_NOT_IMPLEMENTED,0,NOT_REQUESTED
UNONLOCAL_ONLY,3743,0.22286700000000001,25.76465,0.0014660000000000001,0,0,0.026748999999999998,27.811654999999998,1,BELOW_TRIGGER,NORMAL_UPDATE,DISABLED_NOT_IMPLEMENTED,0,NOT_REQUESTED
UNONLOCAL_ONLY,3744,0.204847,37.651862999999999,0.001467,0,79.841583999999997,0.031009999999999999,119.650244,3,HIGH_NORMALIZED_INNOVATION,DIRECTIONAL_UPDATE,DISABLED_NOT_IMPLEMENTED,0,NOT_REQUESTED
UNONLOCAL_ONLY,3745,0.20393900000000001,11.162041,0.000977,0,0,0.026679999999999999,13.26506,1,BELOW_TRIGGER,NORMAL_UPDATE,DISABLED_NOT_IMPLEMENTED,0,NOT_REQUESTED
UNONLOCAL_ONLY,3746,0.204149,54.200066,0.00097799999999999992,0,110.34425899999999,0.032896000000000002,166.69518400000001,3,HIGH_NORMALIZED_INNOVATION,DIRECTIONAL_UPDATE,DISABLED_NOT_IMPLEMENTED,0,NOT_REQUESTED
UNONLOCAL_ONLY,3747,0.20519699999999999,25.165962,0.00090799999999999995,0,0,0.027099000000000002,27.242021000000001,1,BELOW_TRIGGER,NORMAL_UPDATE,DISABLED_NOT_IMPLEMENTED,0,NOT_REQUESTED
UNONLOCAL_ONLY,3748,0.20303199999999999,40.920408000000002,0.00097799999999999992,0,0,0.028077000000000001,42.997374999999998,1,BELOW_TRIGGER,NORMAL_UPDATE,DISABLED_NOT_IMPLEMENTED,0,NOT_REQUESTED
UNONLOCAL_ONLY,3749,0.21301899999999999,24.977876999999999,0.00097799999999999992,0,0,0.041277000000000001,27.040388,1,BELOW_TRIGGER,NORMAL_UPDATE,DISABLED_NOT_IMPLEMENTED,0,NOT_REQUESTED
UNONLOCAL_ONLY,3750,0.20303099999999999,20.249490000000002,0.001467,0,30.999253,0.032476999999999999,53.320053999999999,3,PERIODIC_CHECK,DIRECTIONAL_UPDATE,DISABLED_NOT_IMPLEMENTED,0,NOT_REQUESTED
UNONLOCAL_ONLY,3751,0.22433400000000001,31.656956999999998,0.0014660000000000001,0,60.856447000000003,0.030032,94.655534000000003,3,HIGH_NORMALIZED_INNOVATION,DIRECTIONAL_UPDATE,DISABLED_NOT_IMPLEMENTED,0,NOT_REQUESTED
UNONLOCAL_ONLY,3752,0.20421900000000001,22.606665,0.0014660000000000001,0,0,0.026190999999999999,24.643194000000001,1,BELOW_TRIGGER,NORMAL_UPDATE,DISABLED_NOT_IMPLEMENTED,0,NOT_REQUESTED
UNONLOCAL_ONLY,3753,0.20261199999999999,27.253475999999999,0.001397,0,0,0.025353000000000001,29.290983000000001,1,BELOW_TRIGGER,NORMAL_UPDATE,DISABLED_NOT_IMPLEMENTED,0,NOT_REQUESTED
UNONLOCAL_ONLY,3754,0.20163400000000001,34.210388000000002,0.001467,0,0,0.026261,36.238605999999997,1,BELOW_TRIGGER,NORMAL_UPDATE,DISABLED_NOT_IMPLEMENTED,0,NOT_REQUESTED
UNONLOCAL_ONLY,3755,0.21385599999999999,20.347408999999999,0.0013960000000000001,0,0,0.029613,22.367176000000001,1,BELOW_TRIGGER,NORMAL_UPDATE,DISABLED_NOT_IMPLEMENTED,0,NOT_REQUESTED
UNONLOCAL_ONLY,3756,0.19472100000000001,20.313395,0.001467,0,0,0.026610000000000002,22.359912000000001,1,BELOW_TRIGGER,NORMAL_UPDATE,DISABLED_NOT_IMPLEMENTED,0,NOT_REQUESTED
UNONLOCAL_ONLY,3757,0.204288,25.054424000000001,0.001397,0,56.666054000000003,0.031709000000000001,83.840188999999995,3,HIGH_NORMALIZED_INNOVATION,DIRECTIONAL_UPDATE,DISABLED_NOT_IMPLEMENTED,0,NOT_REQUESTED
UNONLOCAL_ONLY,3758,0.204428,27.179722999999999,0.0013960000000000001,0,58.980904000000002,0.030032,88.217550000000003,3,HIGH_NORMALIZED_INNOVATION,DIRECTIONAL_UPDATE,DISABLED_NOT_IMPLEMENTED,0,NOT_REQUESTED
UNONLOCAL_ONLY,3759,0.20380000000000001,18.082007000000001,0.00090799999999999995,0,0,0.033384999999999998,20.205069999999999,1,BELOW_TRIGGER,NORMAL_UPDATE,DISABLED_NOT_IMPLEMENTED,0,NOT_REQUESTED
UNONLOCAL_ONLY,3760,0.20771100000000001,57.276685000000001,0.001397,0,0,0.029194000000000001,59.388643000000002,1,BELOW_TRIGGER,NORMAL_UPDATE,DISABLED_NOT_IMPLEMENTED,0,NOT_REQUESTED
UNONLOCAL_ONLY,3761,0.21560299999999999,27.191526,0.001397,0,0,0.026749999999999999,29.337008999999998,1,BELOW_TRIGGER,NORMAL_UPDATE,DISABLED_NOT_IMPLEMENTED,0,NOT_REQUESTED
UNONLOCAL_ONLY,3762,0.244867,32.539413000000003,0.001397,0,0,0.025283,34.687131000000001,1,BELOW_TRIGGER,NORMAL_UPDATE,DISABLED_NOT_IMPLEMENTED,0,NOT_REQUESTED
UNONLOCAL_ONLY,3763,0.19423099999999999,15.370872,0.0014660000000000001,0,0,0.025281999999999999,17.335743999999998,1,BELOW_TRIGGER,NORMAL_UPDATE,DISABLED_NOT_IMPLEMENTED,0,NOT_REQUESTED
UNONLOCAL_ONLY,3764,0.20303099999999999,17.669798,0.00097799999999999992,0,0,0.025423000000000001,19.694803,1,BELOW_TRIGGER,NORMAL_UPDATE,DISABLED_NOT_IMPLEMENTED,0,NOT_REQUESTED
UNONLOCAL_ONLY,3765,0.20289199999999999,20.032769999999999,0.00097799999999999992,0,0,0.024305,22.113578,1,BELOW_TRIGGER,NORMAL_UPDATE,DISABLED_NOT_IMPLEMENTED,0,NOT_REQUESTED
UNONLOCAL_ONLY,3766,0.20771000000000001,20.274564000000002,0.001467,0,0,0.024305,22.415855000000001,1,BELOW_TRIGGER,NORMAL_UPDATE,DISABLED_NOT_IMPLEMENTED,0,NOT_REQUESTED
UNONLOCAL_ONLY,3767,0.21211099999999999,29.319686999999998,0.00090799999999999995,0,0,0.025772,31.391278,1,BELOW_TRIGGER,NORMAL_UPDATE,DISABLED_NOT_IMPLEMENTED,0,NOT_REQUESTED
UNONLOCAL_ONLY,3768,0.200796,22.247395999999998,0.00097799999999999992,0,0,0.028077000000000001,24.306833000000001,1,BELOW_TRIGGER,NORMAL_UPDATE,DISABLED_NOT_IMPLEMENTED,0,NOT_REQUESTED
UNONLOCAL_ONLY,3769,0.20275199999999999,17.725601999999999,0.001467,0,0,0.026679999999999999,19.797542,1,BELOW_TRIGGER,NORMAL_UPDATE,DISABLED_NOT_IMPLEMENTED,0,NOT_REQUESTED
UNONLOCAL_ONLY,3770,0.204288,17.947492,0.001467,0,0,0.027168999999999999,20.021315999999999,1,BELOW_TRIGGER,NORMAL_UPDATE,DISABLED_NOT_IMPLEMENTED,0,NOT_REQUESTED
UNONLOCAL_ONLY,3771,0.20372999999999999,31.774431,0.0014660000000000001,0,0,0.027657000000000001,33.912790000000001,1,BELOW_TRIGGER,NORMAL_UPDATE,DISABLED_NOT_IMPLEMENTED,0,NOT_REQUESTED
UNONLOCAL_ONLY,3772,0.20463799999999999,39.192373000000003,0.001397,0,0,0.026679999999999999,41.325633000000003,1,BELOW_TRIGGER,NORMAL_UPDATE,DISABLED_NOT_IMPLEMENTED,0,NOT_REQUESTED
UNONLOCAL_ONLY,3773,0.21169199999999999,13.369543999999999,0.00090799999999999995,0,0,0.024934000000000001,15.427515,1,BELOW_TRIGGER,NORMAL_UPDATE,DISABLED_NOT_IMPLEMENTED,0,NOT_REQUESTED
UNONLOCAL_ONLY,3774,0.202962,50.766902000000002,0.001397,0,0,0.025772,52.834021,1,BELOW_TRIGGER,NORMAL_UPDATE,DISABLED_NOT_IMPLEMENTED,0,NOT_REQUESTED
UNONLOCAL_ONLY,3775,0.20177400000000001,39.127279999999999,0.001397,0,73.418056000000007,0.035758999999999999,114.663371,3,PERIODIC_CHECK,DIRECTIONAL_UPDATE,DISABLED_NOT_IMPLEMENTED,0,NOT_REQUESTED
UNONLOCAL_ONLY,3776,0.20610500000000001,31.559805999999998,0.0013960000000000001,0,0,0.029402999999999999,33.724634999999999,1,BELOW_TRIGGER,NORMAL_UPDATE,DISABLED_NOT_IMPLEMENTED,0,NOT_REQUESTED
UNONLOCAL_ONLY,3777,0.20477699999999999,40.887372999999997,0.00097799999999999992,0,0,0.026331,42.957006999999997,1,BELOW_TRIGGER,NORMAL_UPDATE,DISABLED_NOT_IMPLEMENTED,0,NOT_REQUESTED
UNONLOCAL_ONLY,3778,0.21420600000000001,58.483209000000002,0.001467,0,0,0.026261,60.549070999999998,1,BELOW_TRIGGER,NORMAL_UPDATE,DISABLED_NOT_IMPLEMENTED,0,NOT_REQUESTED
UNONLOCAL_ONLY,3779,0.20149500000000001,37.199216,0.001467,0,0,0.030870000000000002,39.267173,1,BELOW_TRIGGER,NORMAL_UPDATE,DISABLED_NOT_IMPLEMENTED,0,NOT_REQUESTED
UNONLOCAL_ONLY,3780,0.217698,29.346437999999999,0.001397,0,0,0.032686,31.483329000000001,1,BELOW_TRIGGER,NORMAL_UPDATE,DISABLED_NOT_IMPLEMENTED,0,NOT_REQUESTED
UNONLOCAL_ONLY,3781,0.21797800000000001,29.564136000000001,0.0013960000000000001,0,70.824815000000001,0.055245000000000002,102.58590700000001,3,HIGH_NORMALIZED_INNOVATION,DIRECTIONAL_UPDATE,DISABLED_NOT_IMPLEMENTED,0,NOT_REQUESTED
UNONLOCAL_ONLY,3782,0.20352000000000001,41.567636,0.0014660000000000001,0,66.345344999999995,0.031918000000000002,109.996165,3,HIGH_NORMALIZED_INNOVATION,DIRECTIONAL_UPDATE,DISABLED_NOT_IMPLEMENTED,0,NOT_REQUESTED
UNONLOCAL_ONLY,3783,0.20358999999999999,37.037250999999998,0.00097799999999999992,0,64.296176000000003,0.035688999999999999,103.467037,3,HIGH_NORMALIZED_INNOVATION,DIRECTIONAL_UPDATE,DISABLED_NOT_IMPLEMENTED,0,NOT_REQUESTED
UNONLOCAL_ONLY,3784,0.215254,22.664982999999999,0.00090799999999999995,0,71.143505000000005,0.031219,96.023253999999994,3,HIGH_NORMALIZED_INNOVATION,DIRECTIONAL_UPDATE,DISABLED_NOT_IMPLEMENTED,0,NOT_REQUESTED
UNONLOCAL_ONLY,3785,0.204568,25.129994,0.0018159999999999999,0,59.136302000000001,0.031009999999999999,86.394598000000002,3,HIGH_NORMALIZED_INNOVATION,DIRECTIONAL_UPDATE,DISABLED_NOT_IMPLEMENTED,0,NOT_REQUESTED
UNONLOCAL_ONLY,3786,0.20568600000000001,27.257805999999999,0.001397,0,49.698596000000002,0.050634999999999999,79.193448000000004,3,HIGH_NORMALIZED_INNOVATION,DIRECTIONAL_UPDATE,DISABLED_NOT_IMPLEMENTED,0,NOT_REQUESTED
UNONLOCAL_ONLY,3787,0.20477699999999999,22.680976999999999,0.0014660000000000001,0,52.186793999999999,0.029054,76.952701000000005,3,HIGH_NORMALIZED_INNOVATION,DIRECTIONAL_UPDATE,DISABLED_NOT_IMPLEMENTED,0,NOT_REQUESTED
UNONLOCAL_ONLY,3788,0.20303199999999999,29.617146000000002,0.0023749999999999999,0,59.072467000000003,0.036736999999999999,90.807856999999998,3,HIGH_NORMALIZED_INNOVATION,DIRECTIONAL_UPDATE,DISABLED_NOT_IMPLEMENTED,0,NOT_REQUESTED
UNONLOCAL_ONLY,3789,0.20736199999999999,20.416972000000001,0.00097799999999999992,0,52.312021000000001,0.032896000000000002,74.962266999999997,3,HIGH_NORMALIZED_INNOVATION,DIRECTIONAL_UPDATE,DISABLED_NOT_IMPLEMENTED,0,NOT_REQUESTED
UNONLOCAL_ONLY,3790,0.215254,38.717236,0.001467,0,68.197072000000006,0.029124000000000001,109.035275,3,HIGH_NORMALIZED_INNOVATION,DIRECTIONAL_UPDATE,DISABLED_NOT_IMPLEMENTED,0,NOT_REQUESTED
UNONLOCAL_ONLY,3791,0.20345099999999999,24.996524999999998,0.001467,0,70.957096000000007,0.030032,98.082830999999999,3,HIGH_NORMALIZED_INNOVATION,DIRECTIONAL_UPDATE,DISABLED_NOT_IMPLEMENTED,0,NOT_REQUESTED
UNONLOCAL_ONLY,3792,0.20477799999999999,36.590609999999998,0.0014660000000000001,0,87.409964000000002,0.032476999999999999,126.12741,3,HIGH_NORMALIZED_INNOVATION,DIRECTIONAL_UPDATE,DISABLED_NOT_IMPLEMENTED,0,NOT_REQUESTED
UNONLOCAL_ONLY,3793,0.205126,20.018592000000002,0.001397,0,72.846258000000006,0.030241000000000001,95.029679000000002,3,HIGH_NORMALIZED_INNOVATION,DIRECTIONAL_UPDATE,DISABLED_NOT_IMPLEMENTED,0,NOT_REQUESTED
UNONLOCAL_ONLY,3794,0.206175,41.525101999999997,0.001467,0,91.853814,0.033383999999999997,135.487033,3,HIGH_NORMALIZED_INNOVATION,DIRECTIONAL_UPDATE,DISABLED_NOT_IMPLEMENTED,0,NOT_REQUESTED
UNONLOCAL_ONLY,3795,0.20547599999999999,22.432478,0.001397,0,53.972659,0.028565,78.613409000000004,3,HIGH_NORMALIZED_INNOVATION,DIRECTIONAL_UPDATE,DISABLED_NOT_IMPLEMENTED,0,NOT_REQUESTED
UNONLOCAL_ONLY,3796,0.212669,25.118400000000001,0.0013960000000000001,0,66.177584999999993,0.030731000000000001,93.433784000000003,3,HIGH_NORMALIZED_INNOVATION,DIRECTIONAL_UPDATE,DISABLED_NOT_IMPLEMENTED,0,NOT_REQUESTED
UNONLOCAL_ONLY,3797,0.20666300000000001,27.134884,0.000977,0,63.08567,0.032826000000000001,92.383707000000001,3,HIGH_NORMALIZED_INNOVATION,DIRECTIONAL_UPDATE,DISABLED_NOT_IMPLEMENTED,0,NOT_REQUESTED
UNONLOCAL_ONLY,3798,0.20589499999999999,17.666167000000002,0.001397,0,72.587213000000006,0.030800999999999999,92.387827999999999,3,HIGH_NORMALIZED_INNOVATION,DIRECTIONAL_UPDATE,DISABLED_NOT_IMPLEMENTED,0,NOT_REQUESTED
UNONLOCAL_ONLY,3799,0.204148,15.571459000000001,0.001397,0,58.826062999999998,0.034641999999999999,76.539094000000006,3,HIGH_NORMALIZED_INNOVATION,DIRECTIONAL_UPDATE,DISABLED_NOT_IMPLEMENTED,0,NOT_REQUESTED
UNONLOCAL_ONLY,3800,0.20722199999999999,17.693125999999999,0.001397,0,67.769777000000005,0.029543,87.681161000000003,3,HIGH_NORMALIZED_INNOVATION,DIRECTIONAL_UPDATE,DISABLED_NOT_IMPLEMENTED,0,NOT_REQUESTED
UNONLOCAL_ONLY,3801,0.225381,22.254102,0.0013960000000000001,0,58.471615,0.032826000000000001,82.992863999999997,3,HIGH_NORMALIZED_INNOVATION,DIRECTIONAL_UPDATE,DISABLED_NOT_IMPLEMENTED,0,NOT_REQUESTED
UNONLOCAL_ONLY,3802,0.215533,31.440097000000002,0.001467,0,57.992567000000001,0.029543,91.589392000000004,3,HIGH_NORMALIZED_INNOVATION,DIRECTIONAL_UPDATE,DISABLED_NOT_IMPLEMENTED,0,NOT_REQUESTED
UNONLOCAL_ONLY,3803,0.20163500000000001,29.225750000000001,0.001397,0,60.671154999999999,0.029613,91.979669000000001,3,HIGH_NORMALIZED_INNOVATION,DIRECTIONAL_UPDATE,DISABLED_NOT_IMPLEMENTED,0,NOT_REQUESTED
UNONLOCAL_ONLY,3804,0.20387,33.984938,0.00097799999999999992,0,0,0.027168000000000001,36.064349999999997,1,BELOW_TRIGGER,NORMAL_UPDATE,DISABLED_NOT_IMPLEMENTED,0,NOT_REQUESTED
UNONLOCAL_ONLY,3805,0.20191400000000001,27.181539000000001,0.001397,0,65.548167000000007,0.033453999999999998,94.824273000000005,3,HIGH_NORMALIZED_INNOVATION,DIRECTIONAL_UPDATE,DISABLED_NOT_IMPLEMENTED,0,NOT_REQUESTED
UNONLOCAL_ONLY,3806,0.20791999999999999,13.065799999999999,0.00097799999999999992,0,0,0.028566000000000001,15.170565,1,BELOW_TRIGGER,NORMAL_UPDATE,DISABLED_NOT_IMPLEMENTED,0,NOT_REQUESTED
UNONLOCAL_ONLY,3807,0.22384399999999999,48.226531999999999,0.00090799999999999995,0,0,0.030939999999999999,50.378579000000002,1,BELOW_TRIGGER,NORMAL_UPDATE,DISABLED_NOT_IMPLEMENTED,0,NOT_REQUESTED
UNONLOCAL_ONLY,3808,0.20610500000000001,36.507010000000001,0.001467,0,0,0.025770999999999999,38.569519,1,BELOW_TRIGGER,NORMAL_UPDATE,DISABLED_NOT_IMPLEMENTED,0,NOT_REQUESTED
UNONLOCAL_ONLY,3809,0.20303099999999999,43.350987000000003,0.00097799999999999992,0,0,0.026190999999999999,45.391497000000001,1,BELOW_TRIGGER,NORMAL_UPDATE,DISABLED_NOT_IMPLEMENTED,0,NOT_REQUESTED
UNONLOCAL_ONLY,3810,0.202962,29.408318000000001,0.00097799999999999992,0,0,0.027588000000000001,31.435137999999998,1,BELOW_TRIGGER,NORMAL_UPDATE,DISABLED_NOT_IMPLEMENTED,0,NOT_REQUESTED
UNONLOCAL_ONLY,3811,0.205266,29.588509999999999,0.001467,0,0,0.026679999999999999,31.689993000000001,1,BELOW_TRIGGER,NORMAL_UPDATE,DISABLED_NOT_IMPLEMENTED,0,NOT_REQUESTED
UNONLOCAL_ONLY,3812,0.21127199999999999,27.166802000000001,0.001397,0,0,0.027727000000000002,29.232944,1,BELOW_TRIGGER,NORMAL_UPDATE,DISABLED_NOT_IMPLEMENTED,0,NOT_REQUESTED
UNONLOCAL_ONLY,3813,0.213368,29.806977,0.001397,0,0,0.028426,31.859010999999999,1,BELOW_TRIGGER,NORMAL_UPDATE,DISABLED_NOT_IMPLEMENTED,0,NOT_REQUESTED
UNONLOCAL_ONLY,3814,0.20407900000000001,37.926831999999997,0.001467,0,61.150621999999998,0.033314999999999997,101.197863,3,HIGH_NORMALIZED_INNOVATION,DIRECTIONAL_UPDATE,DISABLED_NOT_IMPLEMENTED,0,NOT_REQUESTED
UNONLOCAL_ONLY,3815,0.20561599999999999,31.836382,0.001397,0,0,0.025770999999999999,33.939889000000001,1,BELOW_TRIGGER,NORMAL_UPDATE,DISABLED_NOT_IMPLEMENTED,0,NOT_REQUESTED
UNONLOCAL_ONLY,3816,0.202123,30.716391999999999,0.00090799999999999995,0,0,0.025423000000000001,32.738813,1,BELOW_TRIGGER,NORMAL_UPDATE,DISABLED_NOT_IMPLEMENTED,0,NOT_REQUESTED
UNONLOCAL_ONLY,3817,0.198212,13.198430999999999,0.001397,0,0,0.026818999999999999,15.183904999999999,1,BELOW_TRIGGER,NORMAL_UPDATE,DISABLED_NOT_IMPLEMENTED,0,NOT_REQUESTED
UNONLOCAL_ONLY,3818,0.20261199999999999,22.824501999999999,0.00097799999999999992,0,0,0.049377999999999998,24.957903000000002,1,BELOW_TRIGGER,NORMAL_UPDATE,DISABLED_NOT_IMPLEMENTED,0,NOT_REQUESTED
UNONLOCAL_ONLY,3819,0.21665000000000001,17.944209000000001,0.001397,0,0,0.024166,20.045760000000001,1,BELOW_TRIGGER,NORMAL_UPDATE,DISABLED_NOT_IMPLEMENTED,0,NOT_REQUESTED
UNONLOCAL_ONLY,3820,0.20177400000000001,10.841675,0.00090799999999999995,0,0,0.025212999999999999,12.897411,1,BELOW_TRIGGER,NORMAL_UPDATE,DISABLED_NOT_IMPLEMENTED,0,NOT_REQUESTED
UNONLOCAL_ONLY,3821,0.200797,34.308866000000002,0.001397,0,0,0.026610000000000002,36.392747,1,BELOW_TRIGGER,NORMAL_UPDATE,DISABLED_NOT_IMPLEMENTED,0,NOT_REQUESTED
UNONLOCAL_ONLY,3822,0.20317099999999999,32.402242999999999,0.00090799999999999995,0,0,0.029543,34.462729000000003,1,BELOW_TRIGGER,NORMAL_UPDATE,DISABLED_NOT_IMPLEMENTED,0,NOT_REQUESTED
UNONLOCAL_ONLY,3823,0.20764099999999999,18.354880999999999,0.000977,0,0,0.032476999999999999,20.423886,1,BELOW_TRIGGER,NORMAL_UPDATE,DISABLED_NOT_IMPLEMENTED,0,NOT_REQUESTED
UNONLOCAL_ONLY,3824,0.20805899999999999,13.429328999999999,0.00097799999999999992,0,0,0.033383999999999997,15.550646,1,BELOW_TRIGGER,NORMAL_UPDATE,DISABLED_NOT_IMPLEMENTED,0,NOT_REQUESTED
UNONLOCAL_ONLY,3825,0.21630199999999999,10.941341,0.0018860000000000001,0,64.433065999999997,0.076687000000000005,77.712024,3,PERIODIC_CHECK,DIRECTIONAL_UPDATE,DISABLED_NOT_IMPLEMENTED,0,NOT_REQUESTED
UNONLOCAL_ONLY,3826,0.210365,13.281402999999999,0.002444,0,0,0.032896000000000002,15.452588,1,BELOW_TRIGGER,NORMAL_UPDATE,DISABLED_NOT_IMPLEMENTED,0,NOT_REQUESTED
UNONLOCAL_ONLY,3827,0.20791999999999999,15.635294999999999,0.001397,0,0,0.044838999999999997,17.913965999999999,1,BELOW_TRIGGER,NORMAL_UPDATE,DISABLED_NOT_IMPLEMENTED,0,NOT_REQUESTED
UNONLOCAL_ONLY,3828,0.211064,20.243624000000001,0.0019559999999999998,0,0,0.031708,22.329180999999998,1,BELOW_TRIGGER,NORMAL_UPDATE,DISABLED_NOT_IMPLEMENTED,0,NOT_REQUESTED
UNONLOCAL_ONLY,3829,0.204149,13.295721,0.00097799999999999992,0,0,0.031498999999999999,15.451611,1,BELOW_TRIGGER,NORMAL_UPDATE,DISABLED_NOT_IMPLEMENTED,0,NOT_REQUESTED
UNONLOCAL_ONLY,3830,0.20547499999999999,16.136692,0.001467,0,0,0.031987000000000002,18.226300999999999,1,BELOW_TRIGGER,NORMAL_UPDATE,DISABLED_NOT_IMPLEMENTED,0,NOT_REQUESTED
UNONLOCAL_ONLY,3831,0.21441499999999999,22.756336000000001,0.00090799999999999995,0,0,0.051753,24.967400999999999,1,BELOW_TRIGGER,NORMAL_UPDATE,DISABLED_NOT_IMPLEMENTED,0,NOT_REQUESTED
UNONLOCAL_ONLY,3832,0.211203,13.363676999999999,0.001467,0,0,0.030242000000000002,15.50015,1,BELOW_TRIGGER,NORMAL_UPDATE,DISABLED_NOT_IMPLEMENTED,0,NOT_REQUESTED
UNONLOCAL_ONLY,3833,0.20561599999999999,11.08738,0.001397,0,0,0.030521,13.156177,1,BELOW_TRIGGER,NORMAL_UPDATE,DISABLED_NOT_IMPLEMENTED,0,NOT_REQUESTED
UNONLOCAL_ONLY,3834,0.206313,22.783225999999999,0.00090799999999999995,0,0,0.030800000000000001,24.886523,1,BELOW_TRIGGER,NORMAL_UPDATE,DISABLED_NOT_IMPLEMENTED,0,NOT_REQUESTED
UNONLOCAL_ONLY,3835,0.231736,14.086963000000001,0.00090799999999999995,0,0,0.054545999999999997,16.330784000000001,1,BELOW_TRIGGER,NORMAL_UPDATE,DISABLED_NOT_IMPLEMENTED,0,NOT_REQUESTED
UNONLOCAL_ONLY,3836,0.30709599999999998,17.007204999999999,0.0014660000000000001,0,0,0.054197000000000002,20.205279999999998,1,BELOW_TRIGGER,NORMAL_UPDATE,DISABLED_NOT_IMPLEMENTED,0,NOT_REQUESTED
UNONLOCAL_ONLY,3837,0.37337599999999999,22.429894000000001,0.001467,0,0,0.050985000000000003,25.851044000000002,1,BELOW_TRIGGER,NORMAL_UPDATE,DISABLED_NOT_IMPLEMENTED,0,NOT_REQUESTED
UNONLOCAL_ONLY,3838,0.36813800000000002,19.018801,0.0013960000000000001,0,0,0.033803,22.553445,1,BELOW_TRIGGER,NORMAL_UPDATE,DISABLED_NOT_IMPLEMENTED,0,NOT_REQUESTED
UNONLOCAL_ONLY,3839,0.22042200000000001,19.259685999999999,0.00097799999999999992,0,0,0.036178000000000002,21.540175000000001,1,BELOW_TRIGGER,NORMAL_UPDATE,DISABLED_NOT_IMPLEMENTED,0,NOT_REQUESTED
UNONLOCAL_ONLY,3840,0.21176200000000001,14.460338999999999,0.00097799999999999992,0,0,0.049588,16.728255000000001,1,BELOW_TRIGGER,NORMAL_UPDATE,DISABLED_NOT_IMPLEMENTED,0,NOT_REQUESTED
UNONLOCAL_ONLY,3841,0.21406600000000001,22.076841000000002,0.00090799999999999995,0,0,0.031918000000000002,24.313048999999999,1,BELOW_TRIGGER,NORMAL_UPDATE,DISABLED_NOT_IMPLEMENTED,0,NOT_REQUESTED
UNONLOCAL_ONLY,3842,0.21218100000000001,18.350760000000001,0.00090799999999999995,0,0,0.033314999999999997,20.471378999999999,1,BELOW_TRIGGER,NORMAL_UPDATE,DISABLED_NOT_IMPLEMENTED,0,NOT_REQUESTED
UNONLOCAL_ONLY,3843,0.20854900000000001,11.098136,0.001397,0,0,0.033105000000000002,13.263733,1,BELOW_TRIGGER,NORMAL_UPDATE,DISABLED_NOT_IMPLEMENTED,0,NOT_REQUESTED
UNONLOCAL_ONLY,3844,0.23522899999999999,32.489964999999998,0.001467,0,0,0.032476999999999999,34.667994999999998,1,BELOW_TRIGGER,NORMAL_UPDATE,DISABLED_NOT_IMPLEMENTED,0,NOT_REQUESTED
UNONLOCAL_ONLY,3845,0.211482,37.306842000000003,0.00090799999999999995,0,0,0.031988000000000003,39.542631,1,BELOW_TRIGGER,NORMAL_UPDATE,DISABLED_NOT_IMPLEMENTED,0,NOT_REQUESTED
UNONLOCAL_ONLY,3846,0.21099300000000001,29.956717999999999,0.0014660000000000001,0,0,0.032966000000000002,32.139775999999998,1,BELOW_TRIGGER,NORMAL_UPDATE,DISABLED_NOT_IMPLEMENTED,0,NOT_REQUESTED
UNONLOCAL_ONLY,3847,0.209317,13.421996,0.001397,0,0,0.026818999999999999,15.583822,1,BELOW_TRIGGER,NORMAL_UPDATE,DISABLED_NOT_IMPLEMENTED,0,NOT_REQUESTED
UNONLOCAL_ONLY,3848,0.21637100000000001,19.716525000000001,0.001467,0,0,0.035829,21.865220000000001,1,BELOW_TRIGGER,NORMAL_UPDATE,DISABLED_NOT_IMPLEMENTED,0,NOT_REQUESTED
UNONLOCAL_ONLY,3849,0.27343299999999998,15.420529999999999,0.001467,0,0,0.030102,17.625798,1,BELOW_TRIGGER,NORMAL_UPDATE,DISABLED_NOT_IMPLEMENTED,0,NOT_REQUESTED
UNONLOCAL_ONLY,3850,0.20491699999999999,39.580205999999997,0.001397,0,95.319942999999995,0.060971999999999998,137.10464899999999,3,PERIODIC_CHECK,DIRECTIONAL_UPDATE,DISABLED_NOT_IMPLEMENTED,0,NOT_REQUESTED
UNONLOCAL_ONLY,3851,0.21860599999999999,13.462294999999999,0.0014660000000000001,0,0,0.030521,15.826942000000001,1,BELOW_TRIGGER,NORMAL_UPDATE,DISABLED_NOT_IMPLEMENTED,0,NOT_REQUESTED
UNONLOCAL_ONLY,3852,0.20554600000000001,26.308510999999999,0.00090799999999999995,0,0,0.030939999999999999,28.558617999999999,1,BELOW_TRIGGER,NORMAL_UPDATE,DISABLED_NOT_IMPLEMENTED,0,NOT_REQUESTED
UNONLOCAL_ONLY,3853,0.20366000000000001,15.784338999999999,0.001467,0,0,0.030939999999999999,17.896017000000001,1,BELOW_TRIGGER,NORMAL_UPDATE,DISABLED_NOT_IMPLEMENTED,0,NOT_REQUESTED
UNONLOCAL_ONLY,3854,0.207012,15.830574,0.0018159999999999999,0,0,0.030521,17.988558000000001,1,BELOW_TRIGGER,NORMAL_UPDATE,DISABLED_NOT_IMPLEMENTED,0,NOT_REQUESTED
UNONLOCAL_ONLY,3855,0.20813000000000001,15.967395,0.001467,0,0,0.029753000000000002,18.172733000000001,1,BELOW_TRIGGER,NORMAL_UPDATE,DISABLED_NOT_IMPLEMENTED,0,NOT_REQUESTED
UNONLOCAL_ONLY,3856,0.25387599999999999,18.064826,0.001397,0,0,0.061601000000000003,20.839796,1,BELOW_TRIGGER,NORMAL_UPDATE,DISABLED_NOT_IMPLEMENTED,0,NOT_REQUESTED
UNONLOCAL_ONLY,3857,0.21748899999999999,32.042416000000003,0.001397,0,0,0.029054,34.236578999999999,1,BELOW_TRIGGER,NORMAL_UPDATE,DISABLED_NOT_IMPLEMENTED,0,NOT_REQUESTED
UNONLOCAL_ONLY,3858,0.205126,32.220514000000001,0.001467,0,0,0.031009999999999999,34.299646000000003,1,BELOW_TRIGGER,NORMAL_UPDATE,DISABLED_NOT_IMPLEMENTED,0,NOT_REQUESTED
UNONLOCAL_ONLY,3859,0.20638400000000001,22.810534000000001,0.0014660000000000001,0,0,0.027866999999999999,24.946028999999999,1,BELOW_TRIGGER,NORMAL_UPDATE,DISABLED_NOT_IMPLEMENTED,0,NOT_REQUESTED
UNONLOCAL_ONLY,3860,0.213647,22.701858999999999,0.001397,0,0,0.031009999999999999,24.841405000000002,1,BELOW_TRIGGER,NORMAL_UPDATE,DISABLED_NOT_IMPLEMENTED,0,NOT_REQUESTED
UNONLOCAL_ONLY,3861,0.20463799999999999,20.224347000000002,0.001397,0,0,0.026331,22.294889000000001,1,BELOW_TRIGGER,NORMAL_UPDATE,DISABLED_NOT_IMPLEMENTED,0,NOT_REQUESTED
UNONLOCAL_ONLY,3862,0.18598999999999999,32.994295000000001,0.0013960000000000001,0,0,0.029402999999999999,34.914676999999998,1,BELOW_TRIGGER,NORMAL_UPDATE,DISABLED_NOT_IMPLEMENTED,0,NOT_REQUESTED
UNONLOCAL_ONLY,3863,0.199679,13.169376,0.0018860000000000001,0,0,0.024794,15.189772,1,BELOW_TRIGGER,NORMAL_UPDATE,DISABLED_NOT_IMPLEMENTED,0,NOT_REQUESTED
UNONLOCAL_ONLY,3864,0.202822,20.412990000000001,0.0013960000000000001,0,0,0.025212999999999999,22.522645000000001,1,BELOW_TRIGGER,NORMAL_UPDATE,DISABLED_NOT_IMPLEMENTED,0,NOT_REQUESTED
UNONLOCAL_ONLY,3865,0.211621,13.310388,0.001397,0,0,0.039600999999999997,15.512651999999999,1,BELOW_TRIGGER,NORMAL_UPDATE,DISABLED_NOT_IMPLEMENTED,0,NOT_REQUESTED
UNONLOCAL_ONLY,3866,0.214835,15.778681000000001,0.00090799999999999995,0,0,0.037783999999999998,17.958386999999998,1,BELOW_TRIGGER,NORMAL_UPDATE,DISABLED_NOT_IMPLEMENTED,0,NOT_REQUESTED
UNONLOCAL_ONLY,3867,0.26127899999999998,14.245365,0.001467,0,0,0.048120999999999997,16.882956,1,BELOW_TRIGGER,NORMAL_UPDATE,DISABLED_NOT_IMPLEMENTED,0,NOT_REQUESTED
UNONLOCAL_ONLY,3868,0.20205300000000001,22.662607999999999,0.001397,0,0,0.034851,24.807113000000001,1,BELOW_TRIGGER,NORMAL_UPDATE,DISABLED_NOT_IMPLEMENTED,0,NOT_REQUESTED
UNONLOCAL_ONLY,3869,0.19534799999999999,14.626424,0.001467,0,0,0.031918000000000002,16.678947000000001,1,BELOW_TRIGGER,NORMAL_UPDATE,DISABLED_NOT_IMPLEMENTED,0,NOT_REQUESTED
UNONLOCAL_ONLY,3870,0.2082,12.374502,0.00097799999999999992,0,0,0.030032,14.476823,1,BELOW_TRIGGER,NORMAL_UPDATE,DISABLED_NOT_IMPLEMENTED,0,NOT_REQUESTED
UNONLOCAL_ONLY,3871,0.200098,19.634111000000001,0.001397,0,0,0.029543,21.569717000000001,1,BELOW_TRIGGER,NORMAL_UPDATE,DISABLED_NOT_IMPLEMENTED,0,NOT_REQUESTED
UNONLOCAL_ONLY,3872,0.19988800000000001,12.412077,0.001397,0,0,0.030591,14.442740000000001,1,BELOW_TRIGGER,NORMAL_UPDATE,DISABLED_NOT_IMPLEMENTED,0,NOT_REQUESTED
UNONLOCAL_ONLY,3873,0.19164700000000001,19.243413,0.001397,0,0,0.031428999999999999,21.195292999999999,1,BELOW_TRIGGER,NORMAL_UPDATE,DISABLED_NOT_IMPLEMENTED,0,NOT_REQUESTED
UNONLOCAL_ONLY,3874,0.19017999999999999,12.914243000000001,0.0013960000000000001,0,0,0.031009999999999999,14.985763,1,BELOW_TRIGGER,NORMAL_UPDATE,DISABLED_NOT_IMPLEMENTED,0,NOT_REQUESTED
UNONLOCAL_ONLY,3875,0.19325300000000001,16.762269,0.0014660000000000001,0,56.638745999999998,0.033804000000000001,75.480356999999998,3,PERIODIC_CHECK,DIRECTIONAL_UPDATE,DISABLED_NOT_IMPLEMENTED,0,NOT_REQUESTED
UNONLOCAL_ONLY,3876,0.206174,42.485362000000002,0.001397,0,0,0.031988000000000003,44.611150000000002,1,BELOW_TRIGGER,NORMAL_UPDATE,DISABLED_NOT_IMPLEMENTED,0,NOT_REQUESTED
UNONLOCAL_ONLY,3877,0.214416,15.470397999999999,0.00090799999999999995,0,0,0.031988000000000003,17.606451,1,BELOW_TRIGGER,NORMAL_UPDATE,DISABLED_NOT_IMPLEMENTED,0,NOT_REQUESTED
UNONLOCAL_ONLY,3878,0.19870099999999999,11.070199000000001,0.001397,0,0,0.028146000000000001,13.208138999999999,1,BELOW_TRIGGER,NORMAL_UPDATE,DISABLED_NOT_IMPLEMENTED,0,NOT_REQUESTED
UNONLOCAL_ONLY,3879,0.208898,15.783989,0.00097799999999999992,0,0,0.031918000000000002,17.9345,1,BELOW_TRIGGER,NORMAL_UPDATE,DISABLED_NOT_IMPLEMENTED,0,NOT_REQUESTED
UNONLOCAL_ONLY,3880,0.20708199999999999,12.787898,0.001397,0,0,0.029543,14.894759000000001,1,BELOW_TRIGGER,NORMAL_UPDATE,DISABLED_NOT_IMPLEMENTED,0,NOT_REQUESTED
UNONLOCAL_ONLY,3881,0.19702500000000001,23.986187999999999,0.00090799999999999995,0,0,0.028216000000000001,25.968239000000001,1,BELOW_TRIGGER,NORMAL_UPDATE,DISABLED_NOT_IMPLEMENTED,0,NOT_REQUESTED
UNONLOCAL_ONLY,3882,0.19625600000000001,10.438336,0.001467,0,0,0.025281999999999999,12.436731,1,BELOW_TRIGGER,NORMAL_UPDATE,DISABLED_NOT_IMPLEMENTED,0,NOT_REQUESTED
UNONLOCAL_ONLY,3883,0.22014300000000001,12.855575,0.00097799999999999992,0,0,0.023607,14.838047,1,BELOW_TRIGGER,NORMAL_UPDATE,DISABLED_NOT_IMPLEMENTED,0,NOT_REQUESTED
UNONLOCAL_ONLY,3884,0.19423099999999999,26.178464999999999,0.0014660000000000001,0,0,0.026540000000000001,28.193762,1,BELOW_TRIGGER,NORMAL_UPDATE,DISABLED_NOT_IMPLEMENTED,0,NOT_REQUESTED
UNONLOCAL_ONLY,3885,0.19464999999999999,12.812761999999999,0.00090799999999999995,0,0,0.025212999999999999,14.808433000000001,1,BELOW_TRIGGER,NORMAL_UPDATE,DISABLED_NOT_IMPLEMENTED,0,NOT_REQUESTED
UNONLOCAL_ONLY,3886,0.19534799999999999,19.577887,0.001467,0,0,0.026610000000000002,21.561336000000001,1,BELOW_TRIGGER,NORMAL_UPDATE,DISABLED_NOT_IMPLEMENTED,0,NOT_REQUESTED
UNONLOCAL_ONLY,3887,0.195908,12.683204,0.00090799999999999995,0,0,0.026748999999999998,14.670355000000001,1,BELOW_TRIGGER,NORMAL_UPDATE,DISABLED_NOT_IMPLEMENTED,0,NOT_REQUESTED
UNONLOCAL_ONLY,3888,0.19464999999999999,10.532064999999999,0.001397,0,0,0.025701999999999999,12.504199,1,BELOW_TRIGGER,NORMAL_UPDATE,DISABLED_NOT_IMPLEMENTED,0,NOT_REQUESTED
UNONLOCAL_ONLY,3889,0.20380000000000001,19.512096,0.001397,0,0,0.025772,21.582637999999999,1,BELOW_TRIGGER,NORMAL_UPDATE,DISABLED_NOT_IMPLEMENTED,0,NOT_REQUESTED
UNONLOCAL_ONLY,3890,0.206314,28.77422,0.001467,0,0,0.031848000000000001,30.820177000000001,1,BELOW_TRIGGER,NORMAL_UPDATE,DISABLED_NOT_IMPLEMENTED,0,NOT_REQUESTED
UNONLOCAL_ONLY,3891,0.19891,35.844835000000003,0.00097799999999999992,0,0,0.036318000000000003,37.922151999999997,1,BELOW_TRIGGER,NORMAL_UPDATE,DISABLED_NOT_IMPLEMENTED,0,NOT_REQUESTED
UNONLOCAL_ONLY,3892,0.24724099999999999,16.427375000000001,0.00097799999999999992,0,0,0.033803,18.918786999999998,1,BELOW_TRIGGER,NORMAL_UPDATE,DISABLED_NOT_IMPLEMENTED,0,NOT_REQUESTED
UNONLOCAL_ONLY,3893,0.18731600000000001,21.696411000000001,0.00097799999999999992,0,0,0.029544000000000001,23.788394,1,BELOW_TRIGGER,NORMAL_UPDATE,DISABLED_NOT_IMPLEMENTED,0,NOT_REQUESTED
UNONLOCAL_ONLY,3894,0.19856199999999999,16.901045,0.001397,0,0,0.030450999999999999,19.011606,1,BELOW_TRIGGER,NORMAL_UPDATE,DISABLED_NOT_IMPLEMENTED,0,NOT_REQUESTED
UNONLOCAL_ONLY,3895,0.24612400000000001,13.722875999999999,0.0013960000000000001,0,0,0.024794,16.083473000000001,1,BELOW_TRIGGER,NORMAL_UPDATE,DISABLED_NOT_IMPLEMENTED,0,NOT_REQUESTED
UNONLOCAL_ONLY,3896,0.185082,12.366261,0.00097799999999999992,0,0,0.022699,14.286153000000001,1,BELOW_TRIGGER,NORMAL_UPDATE,DISABLED_NOT_IMPLEMENTED,0,NOT_REQUESTED
UNONLOCAL_ONLY,3897,0.194441,26.991778,0.0013960000000000001,0,0,0.052940000000000001,29.079640999999999,1,BELOW_TRIGGER,NORMAL_UPDATE,DISABLED_NOT_IMPLEMENTED,0,NOT_REQUESTED
UNONLOCAL_ONLY,3898,0.20777999999999999,24.814447000000001,0.001467,0,0,0.030731000000000001,26.900562999999998,1,BELOW_TRIGGER,NORMAL_UPDATE,DISABLED_NOT_IMPLEMENTED,0,NOT_REQUESTED
UNONLOCAL_ONLY,3899,0.200377,31.852305999999999,0.0014660000000000001,0,0,0.030521,33.887787000000003,1,BELOW_TRIGGER,NORMAL_UPDATE,DISABLED_NOT_IMPLEMENTED,0,NOT_REQUESTED
UNONLOCAL_ONLY,3900,0.20952699999999999,22.793633,0.0013960000000000001,0,56.650548999999998,0.032896000000000002,81.568781000000001,3,PERIODIC_CHECK,DIRECTIONAL_UPDATE,DISABLED_NOT_IMPLEMENTED,0,NOT_REQUESTED
UNONLOCAL_ONLY,3901,0.20044699999999999,22.315003000000001,0.001397,0,0,0.034501999999999998,24.416695000000001,1,BELOW_TRIGGER,NORMAL_UPDATE,DISABLED_NOT_IMPLEMENTED,0,NOT_REQUESTED
UNONLOCAL_ONLY,3902,0.204986,15.334904,0.001397,0,0,0.025212999999999999,17.334485999999998,1,BELOW_TRIGGER,NORMAL_UPDATE,DISABLED_NOT_IMPLEMENTED,0,NOT_REQUESTED
UNONLOCAL_ONLY,3903,0.19744400000000001,17.907681,0.001397,0,0,0.029543,19.914527,1,BELOW_TRIGGER,NORMAL_UPDATE,DISABLED_NOT_IMPLEMENTED,0,NOT_REQUESTED
UNONLOCAL_ONLY,3904,0.200377,26.935205,0.001467,0,0,0.040439000000000003,29.077126,1,BELOW_TRIGGER,NORMAL_UPDATE,DISABLED_NOT_IMPLEMENTED,0,NOT_REQUESTED
UNONLOCAL_ONLY,3905,0.20652300000000001,13.084866999999999,0.001467,0,0,0.028566000000000001,15.245785,1,BELOW_TRIGGER,NORMAL_UPDATE,DISABLED_NOT_IMPLEMENTED,0,NOT_REQUESTED
UNONLOCAL_ONLY,3906,0.22286700000000001,15.496378999999999,0.001397,0,0,0.027588000000000001,17.615741,1,BELOW_TRIGGER,NORMAL_UPDATE,DISABLED_NOT_IMPLEMENTED,0,NOT_REQUESTED
UNONLOCAL_ONLY,3907,0.19919000000000001,13.113153000000001,0.001397,0,0,0.021510999999999999,15.186,1,BELOW_TRIGGER,NORMAL_UPDATE,DISABLED_NOT_IMPLEMENTED,0,NOT_REQUESTED
UNONLOCAL_ONLY,3908,0.19800200000000001,15.449585000000001,0.00097799999999999992,0,0,0.024375000000000001,17.535492000000001,1,BELOW_TRIGGER,NORMAL_UPDATE,DISABLED_NOT_IMPLEMENTED,0,NOT_REQUESTED
UNONLOCAL_ONLY,3909,0.19744400000000001,17.786225000000002,0.001467,0,0,0.026610000000000002,19.819960999999999,1,BELOW_TRIGGER,NORMAL_UPDATE,DISABLED_NOT_IMPLEMENTED,0,NOT_REQUESTED
UNONLOCAL_ONLY,3910,0.198212,13.140881,0.00097799999999999992,0,0,0.023816,15.186419000000001,1,BELOW_TRIGGER,NORMAL_UPDATE,DISABLED_NOT_IMPLEMENTED,0,NOT_REQUESTED
UNONLOCAL_ONLY,3911,0.21790799999999999,15.694102000000001,0.001397,0,0,0.026818999999999999,17.756542,1,BELOW_TRIGGER,NORMAL_UPDATE,DISABLED_NOT_IMPLEMENTED,0,NOT_REQUESTED
UNONLOCAL_ONLY,3912,0.208898,15.475217000000001,0.00097799999999999992,0,0,0.026679999999999999,17.555257000000001,1,BELOW_TRIGGER,NORMAL_UPDATE,DISABLED_NOT_IMPLEMENTED,0,NOT_REQUESTED
UNONLOCAL_ONLY,3913,0.19695499999999999,20.005182000000001,0.001467,0,0,0.024305,22.015730000000001,1,BELOW_TRIGGER,NORMAL_UPDATE,DISABLED_NOT_IMPLEMENTED,0,NOT_REQUESTED
UNONLOCAL_ONLY,3914,0.19814200000000001,22.675319999999999,0.001397,0,0,0.032336999999999998,24.719252000000001,1,BELOW_TRIGGER,NORMAL_UPDATE,DISABLED_NOT_IMPLEMENTED,0,NOT_REQUESTED
UNONLOCAL_ONLY,3915,0.25806699999999999,31.286095,0.00097799999999999992,0,0,0.034851,33.866346,1,BELOW_TRIGGER,NORMAL_UPDATE,DISABLED_NOT_IMPLEMENTED,0,NOT_REQUESTED
UNONLOCAL_ONLY,3916,0.21392700000000001,22.531583999999999,0.001467,0,0,0.024514999999999999,24.674274,1,BELOW_TRIGGER,NORMAL_UPDATE,DISABLED_NOT_IMPLEMENTED,0,NOT_REQUESTED
UNONLOCAL_ONLY,3917,0.19087899999999999,20.180626,0.001467,0,0,0.024305,22.20158,1,BELOW_TRIGGER,NORMAL_UPDATE,DISABLED_NOT_IMPLEMENTED,0,NOT_REQUESTED
UNONLOCAL_ONLY,3918,0.206733,45.671354000000001,0.001397,0,0,0.025142999999999999,47.703482999999999,1,BELOW_TRIGGER,NORMAL_UPDATE,DISABLED_NOT_IMPLEMENTED,0,NOT_REQUESTED
UNONLOCAL_ONLY,3919,0.19772400000000001,38.781281,0.00097799999999999992,0,0,0.027168999999999999,40.815924000000003,1,BELOW_TRIGGER,NORMAL_UPDATE,DISABLED_NOT_IMPLEMENTED,0,NOT_REQUESTED
UNONLOCAL_ONLY,3920,0.19814200000000001,22.280781000000001,0.00090700000000000004,0,0,0.025701999999999999,24.371995999999999,1,BELOW_TRIGGER,NORMAL_UPDATE,DISABLED_NOT_IMPLEMENTED,0,NOT_REQUESTED
UNONLOCAL_ONLY,3921,0.19828200000000001,13.121395,0.00097799999999999992,0,0,0.025352,15.147797000000001,1,BELOW_TRIGGER,NORMAL_UPDATE,DISABLED_NOT_IMPLEMENTED,0,NOT_REQUESTED
UNONLOCAL_ONLY,3922,0.19702500000000001,36.092984999999999,0.001397,0,0,0.025142999999999999,38.124625000000002,1,BELOW_TRIGGER,NORMAL_UPDATE,DISABLED_NOT_IMPLEMENTED,0,NOT_REQUESTED
UNONLOCAL_ONLY,3923,0.19919000000000001,13.048549,0.001397,0,0,0.024514000000000001,15.100723,1,BELOW_TRIGGER,NORMAL_UPDATE,DISABLED_NOT_IMPLEMENTED,0,NOT_REQUESTED
UNONLOCAL_ONLY,3924,0.227406,17.676642999999999,0.0014660000000000001,0,0,0.023886000000000001,19.718828999999999,1,BELOW_TRIGGER,NORMAL_UPDATE,DISABLED_NOT_IMPLEMENTED,0,NOT_REQUESTED
UNONLOCAL_ONLY,3925,0.22049199999999999,13.004339,0.001397,0,28.196625999999998,0.025283,43.349100999999997,3,PERIODIC_CHECK,DIRECTIONAL_UPDATE,DISABLED_NOT_IMPLEMENTED,0,NOT_REQUESTED
UNONLOCAL_ONLY,3926,0.19884099999999999,13.036187,0.00097799999999999992,0,0,0.025631999999999999,15.120907000000001,1,BELOW_TRIGGER,NORMAL_UPDATE,DISABLED_NOT_IMPLEMENTED,0,NOT_REQUESTED
UNONLOCAL_ONLY,3927,0.19786300000000001,31.388065000000001,0.00097799999999999992,0,0,0.026679999999999999,33.435628000000001,1,BELOW_TRIGGER,NORMAL_UPDATE,DISABLED_NOT_IMPLEMENTED,0,NOT_REQUESTED
UNONLOCAL_ONLY,3928,0.19716500000000001,15.466067000000001,0.001397,0,0,0.026329999999999999,17.489466,1,BELOW_TRIGGER,NORMAL_UPDATE,DISABLED_NOT_IMPLEMENTED,0,NOT_REQUESTED
UNONLOCAL_ONLY,3929,0.19702500000000001,17.686140999999999,0.00090799999999999995,0,0,0.025701000000000002,19.705418999999999,1,BELOW_TRIGGER,NORMAL_UPDATE,DISABLED_NOT_IMPLEMENTED,0,NOT_REQUESTED
UNONLOCAL_ONLY,3930,0.209457,17.640325000000001,0.001397,0,0,0.026259999999999999,19.693966,1,BELOW_TRIGGER,NORMAL_UPDATE,DISABLED_NOT_IMPLEMENTED,0,NOT_REQUESTED
UNONLOCAL_ONLY,3931,0.19884099999999999,20.009443000000001,0.00097799999999999992,0,0,0.026540000000000001,22.060846999999999,1,BELOW_TRIGGER,NORMAL_UPDATE,DISABLED_NOT_IMPLEMENTED,0,NOT_REQUESTED
UNONLOCAL_ONLY,3932,0.197793,36.185524999999998,0.0014660000000000001,0,0,0.026679000000000001,38.234136999999997,1,BELOW_TRIGGER,NORMAL_UPDATE,DISABLED_NOT_IMPLEMENTED,0,NOT_REQUESTED
UNONLOCAL_ONLY,3933,0.19744400000000001,57.101031999999996,0.0014660000000000001,0,0,0.035758999999999999,59.220742000000001,1,BELOW_TRIGGER,NORMAL_UPDATE,DISABLED_NOT_IMPLEMENTED,0,NOT_REQUESTED
UNONLOCAL_ONLY,3934,0.203101,15.699339999999999,0.000977,0,0,0.031918000000000002,17.872551000000001,1,BELOW_TRIGGER,NORMAL_UPDATE,DISABLED_NOT_IMPLEMENTED,0,NOT_REQUESTED
UNONLOCAL_ONLY,3935,0.21343799999999999,35.719748000000003,0.00097799999999999992,0,0,0.032895000000000001,37.837572999999999,1,BELOW_TRIGGER,NORMAL_UPDATE,DISABLED_NOT_IMPLEMENTED,0,NOT_REQUESTED
UNONLOCAL_ONLY,3936,0.22140000000000001,10.659946,0.001467,0,0,0.028635000000000001,12.660786,1,BELOW_TRIGGER,NORMAL_UPDATE,DISABLED_NOT_IMPLEMENTED,0,NOT_REQUESTED
UNONLOCAL_ONLY,3937,0.20086599999999999,13.285384000000001,0.0014660000000000001,0,0,0.044977999999999997,15.384841,1,BELOW_TRIGGER,NORMAL_UPDATE,DISABLED_NOT_IMPLEMENTED,0,NOT_REQUESTED
UNONLOCAL_ONLY,3938,0.222168,51.057654999999997,0.0014660000000000001,0,0,0.030521,53.322916999999997,1,BELOW_TRIGGER,NORMAL_UPDATE,DISABLED_NOT_IMPLEMENTED,0,NOT_REQUESTED
UNONLOCAL_ONLY,3939,0.19842099999999999,41.663389000000002,0.001467,0,0,0.028844999999999999,43.683993999999998,1,BELOW_TRIGGER,NORMAL_UPDATE,DISABLED_NOT_IMPLEMENTED,0,NOT_REQUESTED
UNONLOCAL_ONLY,3940,0.20058699999999999,44.298676,0.0013960000000000001,0,0,0.031498999999999999,46.355249000000001,1,BELOW_TRIGGER,NORMAL_UPDATE,DISABLED_NOT_IMPLEMENTED,0,NOT_REQUESTED
UNONLOCAL_ONLY,3941,0.247032,17.372131,0.001467,0,0,0.024305,19.709819,1,BELOW_TRIGGER,NORMAL_UPDATE,DISABLED_NOT_IMPLEMENTED,0,NOT_REQUESTED
UNONLOCAL_ONLY,3942,0.19513900000000001,64.497529999999998,0.00097799999999999992,0,0,0.029892999999999999,66.714881000000005,1,BELOW_TRIGGER,NORMAL_UPDATE,DISABLED_NOT_IMPLEMENTED,0,NOT_REQUESTED
UNONLOCAL_ONLY,3943,0.19716400000000001,22.685376999999999,0.00097799999999999992,0,0,0.027657999999999999,24.721347000000002,1,BELOW_TRIGGER,NORMAL_UPDATE,DISABLED_NOT_IMPLEMENTED,0,NOT_REQUESTED
UNONLOCAL_ONLY,3944,0.202123,23.516359000000001,0.001397,0,0,0.029544000000000001,25.77317,1,BELOW_TRIGGER,NORMAL_UPDATE,DISABLED_NOT_IMPLEMENTED,0,NOT_REQUESTED
UNONLOCAL_ONLY,3945,0.204148,25.640260999999999,0.001397,0,0,0.032406999999999998,27.776035,1,BELOW_TRIGGER,NORMAL_UPDATE,DISABLED_NOT_IMPLEMENTED,0,NOT_REQUESTED
UNONLOCAL_ONLY,3946,0.28579500000000002,20.891200999999999,0.00090799999999999995,0,0,0.025631999999999999,23.353626999999999,1,BELOW_TRIGGER,NORMAL_UPDATE,DISABLED_NOT_IMPLEMENTED,0,NOT_REQUESTED
UNONLOCAL_ONLY,3947,0.21253,22.876116,0.000977,0,0,0.025772,24.988143999999998,1,BELOW_TRIGGER,NORMAL_UPDATE,DISABLED_NOT_IMPLEMENTED,0,NOT_REQUESTED
UNONLOCAL_ONLY,3948,0.20561599999999999,25.133485,0.001467,0,0,0.030800000000000001,27.225051000000001,1,BELOW_TRIGGER,NORMAL_UPDATE,DISABLED_NOT_IMPLEMENTED,0,NOT_REQUESTED
UNONLOCAL_ONLY,3949,0.20771100000000001,13.353410999999999,0.00097799999999999992,0,0,0.025212999999999999,15.431495,1,BELOW_TRIGGER,NORMAL_UPDATE,DISABLED_NOT_IMPLEMENTED,0,NOT_REQUESTED
UNONLOCAL_ONLY,3950,0.202124,22.749072999999999,0.0014660000000000001,0,59.175066000000001,0.036736999999999999,84.121932000000001,3,PERIODIC_CHECK,DIRECTIONAL_UPDATE,DISABLED_NOT_IMPLEMENTED,0,NOT_REQUESTED
UNONLOCAL_ONLY,3951,0.21616199999999999,24.962861,0.0013960000000000001,0,0,0.026748999999999998,27.086483999999999,1,BELOW_TRIGGER,NORMAL_UPDATE,DISABLED_NOT_IMPLEMENTED,0,NOT_REQUESTED
UNONLOCAL_ONLY,3952,0.20303099999999999,29.369275999999999,0.00097799999999999992,0,0,0.026679999999999999,31.423753999999999,1,BELOW_TRIGGER,NORMAL_UPDATE,DISABLED_NOT_IMPLEMENTED,0,NOT_REQUESTED
UNONLOCAL_ONLY,3953,0.21273900000000001,20.261572999999999,0.001397,0,0,0.025842,22.433945000000001,1,BELOW_TRIGGER,NORMAL_UPDATE,DISABLED_NOT_IMPLEMENTED,0,NOT_REQUESTED
UNONLOCAL_ONLY,3954,0.202822,36.658147999999997,0.001397,0,0,0.029124000000000001,38.771155,1,BELOW_TRIGGER,NORMAL_UPDATE,DISABLED_NOT_IMPLEMENTED,0,NOT_REQUESTED
UNONLOCAL_ONLY,3955,0.20554500000000001,34.830376999999999,0.001397,0,0,0.031918000000000002,37.004705000000001,1,BELOW_TRIGGER,NORMAL_UPDATE,DISABLED_NOT_IMPLEMENTED,0,NOT_REQUESTED
UNONLOCAL_ONLY,3956,0.219724,18.038985,0.001397,0,0,0.030941,20.157788,1,BELOW_TRIGGER,NORMAL_UPDATE,DISABLED_NOT_IMPLEMENTED,0,NOT_REQUESTED
UNONLOCAL_ONLY,3957,0.204149,15.792160000000001,0.001397,0,0,0.028635000000000001,17.843845000000002,1,BELOW_TRIGGER,NORMAL_UPDATE,DISABLED_NOT_IMPLEMENTED,0,NOT_REQUESTED
UNONLOCAL_ONLY,3958,0.20449800000000001,33.483400000000003,0.000977,0,0,0.029054,35.580692999999997,1,BELOW_TRIGGER,NORMAL_UPDATE,DISABLED_NOT_IMPLEMENTED,0,NOT_REQUESTED
UNONLOCAL_ONLY,3959,0.203101,45.558070999999998,0.001397,0,0,0.031009999999999999,47.513303000000001,1,BELOW_TRIGGER,NORMAL_UPDATE,DISABLED_NOT_IMPLEMENTED,0,NOT_REQUESTED
UNONLOCAL_ONLY,3960,0.20505699999999999,34.59892,0.001397,0,0,0.028076,36.736021999999998,1,BELOW_TRIGGER,NORMAL_UPDATE,DISABLED_NOT_IMPLEMENTED,0,NOT_REQUESTED
UNONLOCAL_ONLY,3961,0.21679000000000001,34.465032999999998,0.001467,0,0,0.030102,36.643481000000001,1,BELOW_TRIGGER,NORMAL_UPDATE,DISABLED_NOT_IMPLEMENTED,0,NOT_REQUESTED
UNONLOCAL_ONLY,3962,0.20330999999999999,36.662129,0.001467,0,0,0.028077000000000001,38.798532000000002,1,BELOW_TRIGGER,NORMAL_UPDATE,DISABLED_NOT_IMPLEMENTED,0,NOT_REQUESTED
UNONLOCAL_ONLY,3963,0.20338000000000001,25.052399000000001,0.00097799999999999992,0,0,0.026679999999999999,27.10576,1,BELOW_TRIGGER,NORMAL_UPDATE,DISABLED_NOT_IMPLEMENTED,0,NOT_REQUESTED
UNONLOCAL_ONLY,3964,0.21127299999999999,24.829322999999999,0.00097799999999999992,0,0,0.025911,26.891973,1,BELOW_TRIGGER,NORMAL_UPDATE,DISABLED_NOT_IMPLEMENTED,0,NOT_REQUESTED
UNONLOCAL_ONLY,3965,0.20191400000000001,13.292718000000001,0.001397,0,0,0.024725,15.344403,1,BELOW_TRIGGER,NORMAL_UPDATE,DISABLED_NOT_IMPLEMENTED,0,NOT_REQUESTED
UNONLOCAL_ONLY,3966,0.20086599999999999,15.506366,0.00090799999999999995,0,0,0.029613,17.565524,1,BELOW_TRIGGER,NORMAL_UPDATE,DISABLED_NOT_IMPLEMENTED,0,NOT_REQUESTED
UNONLOCAL_ONLY,3967,0.20072699999999999,13.329174999999999,0.0013960000000000001,0,0,0.023397000000000001,15.411521,1,BELOW_TRIGGER,NORMAL_UPDATE,DISABLED_NOT_IMPLEMENTED,0,NOT_REQUESTED
UNONLOCAL_ONLY,3968,0.20205300000000001,13.302286,0.00097799999999999992,0,0,0.023886000000000001,15.384562000000001,1,BELOW_TRIGGER,NORMAL_UPDATE,DISABLED_NOT_IMPLEMENTED,0,NOT_REQUESTED
UNONLOCAL_ONLY,3969,0.20072699999999999,14.467952,0.00097799999999999992,0,0,0.025212999999999999,16.558817999999999,1,BELOW_TRIGGER,NORMAL_UPDATE,DISABLED_NOT_IMPLEMENTED,0,NOT_REQUESTED
UNONLOCAL_ONLY,3970,0.206733,20.164771999999999,0.001397,0,0,0.031009999999999999,22.242089,1,BELOW_TRIGGER,NORMAL_UPDATE,DISABLED_NOT_IMPLEMENTED,0,NOT_REQUESTED
UNONLOCAL_ONLY,3971,0.20505699999999999,18.127963000000001,0.00090799999999999995,0,0,0.028566000000000001,20.230284000000001,1,BELOW_TRIGGER,NORMAL_UPDATE,DISABLED_NOT_IMPLEMENTED,0,NOT_REQUESTED
UNONLOCAL_ONLY,3972,0.211342,17.193543999999999,0.00097799999999999992,0,0,0.024444,19.296842999999999,1,BELOW_TRIGGER,NORMAL_UPDATE,DISABLED_NOT_IMPLEMENTED,0,NOT_REQUESTED
UNONLOCAL_ONLY,3973,0.19367200000000001,22.369479999999999,0.001397,0,0,0.028635000000000001,24.339448999999998,1,BELOW_TRIGGER,NORMAL_UPDATE,DISABLED_NOT_IMPLEMENTED,0,NOT_REQUESTED
UNONLOCAL_ONLY,3974,0.204148,28.034312,0.001397,0,0,0.026749999999999999,30.111559,1,BELOW_TRIGGER,NORMAL_UPDATE,DISABLED_NOT_IMPLEMENTED,0,NOT_REQUESTED
UNONLOCAL_ONLY,3975,0.20086599999999999,34.494436999999998,0.000977,0,79.672494999999998,0.033595,116.35390099999999,3,PERIODIC_CHECK,DIRECTIONAL_UPDATE,DISABLED_NOT_IMPLEMENTED,0,NOT_REQUESTED
UNONLOCAL_ONLY,3976,0.21476400000000001,25.233011000000001,0.00097799999999999992,0,0,0.02647,27.339102,1,BELOW_TRIGGER,NORMAL_UPDATE,DISABLED_NOT_IMPLEMENTED,0,NOT_REQUESTED
UNONLOCAL_ONLY,3977,0.202543,35.437725,0.00090799999999999995,0,0,0.026540000000000001,37.518185000000003,1,BELOW_TRIGGER,NORMAL_UPDATE,DISABLED_NOT_IMPLEMENTED,0,NOT_REQUESTED
UNONLOCAL_ONLY,3978,0.20261299999999999,17.223856000000001,0.001467,0,0,0.029124000000000001,19.319051999999999,1,BELOW_TRIGGER,NORMAL_UPDATE,DISABLED_NOT_IMPLEMENTED,0,NOT_REQUESTED
UNONLOCAL_ONLY,3979,0.23718400000000001,16.410264000000002,0.001397,0,0,0.028146000000000001,18.813324999999999,1,BELOW_TRIGGER,NORMAL_UPDATE,DISABLED_NOT_IMPLEMENTED,0,NOT_REQUESTED
UNONLOCAL_ONLY,3980,0.237952,12.765898,0.001397,0,0,0.023397000000000001,14.981572,1,BELOW_TRIGGER,NORMAL_UPDATE,DISABLED_NOT_IMPLEMENTED,0,NOT_REQUESTED
UNONLOCAL_ONLY,3981,0.20170399999999999,16.622095999999999,0.0018159999999999999,0,0,0.032197000000000003,18.691241000000002,1,BELOW_TRIGGER,NORMAL_UPDATE,DISABLED_NOT_IMPLEMENTED,0,NOT_REQUESTED
UNONLOCAL_ONLY,3982,0.25694899999999998,14.019285999999999,0.001397,0,0,0.023886000000000001,16.40775,1,BELOW_TRIGGER,NORMAL_UPDATE,DISABLED_NOT_IMPLEMENTED,0,NOT_REQUESTED
UNONLOCAL_ONLY,3983,0.18270700000000001,16.735658999999998,0.001397,0,0,0.024374,18.580960000000001,1,BELOW_TRIGGER,NORMAL_UPDATE,DISABLED_NOT_IMPLEMENTED,0,NOT_REQUESTED
UNONLOCAL_ONLY,3984,0.215253,13.265968000000001,0.001397,0,0,0.023816,15.270579,1,BELOW_TRIGGER,NORMAL_UPDATE,DISABLED_NOT_IMPLEMENTED,0,NOT_REQUESTED
UNONLOCAL_ONLY,3985,0.20910799999999999,15.706604,0.0013960000000000001,0,0,0.024235,17.829248,1,BELOW_TRIGGER,NORMAL_UPDATE,DISABLED_NOT_IMPLEMENTED,0,NOT_REQUESTED
UNONLOCAL_ONLY,3986,0.20338000000000001,34.445197,0.0013960000000000001,0,0,0.032476999999999999,36.522374999999997,1,BELOW_TRIGGER,NORMAL_UPDATE,DISABLED_NOT_IMPLEMENTED,0,NOT_REQUESTED
UNONLOCAL_ONLY,3987,0.206733,15.70856,0.001397,0,0,0.026190999999999999,17.765830999999999,1,BELOW_TRIGGER,NORMAL_UPDATE,DISABLED_NOT_IMPLEMENTED,0,NOT_REQUESTED
UNONLOCAL_ONLY,3988,0.19311300000000001,15.778751,0.00097799999999999992,0,0,0.030032,17.838187999999999,1,BELOW_TRIGGER,NORMAL_UPDATE,DISABLED_NOT_IMPLEMENTED,0,NOT_REQUESTED
UNONLOCAL_ONLY,3989,0.20694199999999999,15.944417,0.001397,0,0,0.026120999999999998,18.004132999999999,1,BELOW_TRIGGER,NORMAL_UPDATE,DISABLED_NOT_IMPLEMENTED,0,NOT_REQUESTED
UNONLOCAL_ONLY,3990,0.20463799999999999,23.176786,0.0014660000000000001,0,0,0.025212999999999999,25.449871000000002,1,BELOW_TRIGGER,NORMAL_UPDATE,DISABLED_NOT_IMPLEMENTED,0,NOT_REQUESTED
UNONLOCAL_ONLY,3991,0.19122800000000001,23.845455999999999,0.00097799999999999992,0,0,0.026610000000000002,25.774149000000001,1,BELOW_TRIGGER,NORMAL_UPDATE,DISABLED_NOT_IMPLEMENTED,0,NOT_REQUESTED
UNONLOCAL_ONLY,3992,0.19730400000000001,15.192565,0.00097799999999999992,0,0,0.026679999999999999,17.179576000000001,1,BELOW_TRIGGER,NORMAL_UPDATE,DISABLED_NOT_IMPLEMENTED,0,NOT_REQUESTED
UNONLOCAL_ONLY,3993,0.19870099999999999,12.8224,0.001467,0,0,0.022838000000000001,14.805918999999999,1,BELOW_TRIGGER,NORMAL_UPDATE,DISABLED_NOT_IMPLEMENTED,0,NOT_REQUESTED
UNONLOCAL_ONLY,3994,0.21211099999999999,15.263664,0.00097799999999999992,0,0,0.023746,17.252980999999998,1,BELOW_TRIGGER,NORMAL_UPDATE,DISABLED_NOT_IMPLEMENTED,0,NOT_REQUESTED
UNONLOCAL_ONLY,3995,0.196885,37.907974000000003,0.0013960000000000001,0,0,0.024934000000000001,39.913493000000003,1,BELOW_TRIGGER,NORMAL_UPDATE,DISABLED_NOT_IMPLEMENTED,0,NOT_REQUESTED
UNONLOCAL_ONLY,3996,0.19939999999999999,40.231274999999997,0.001397,0,0,0.025701999999999999,42.259003999999997,1,BELOW_TRIGGER,NORMAL_UPDATE,DISABLED_NOT_IMPLEMENTED,0,NOT_REQUESTED
UNONLOCAL_ONLY,3997,0.19939899999999999,15.210305999999999,0.001397,0,0,0.025701000000000002,17.206605,1,BELOW_TRIGGER,NORMAL_UPDATE,DISABLED_NOT_IMPLEMENTED,0,NOT_REQUESTED
UNONLOCAL_ONLY,3998,0.20142499999999999,15.298306,0.00097799999999999992,0,0,0.030032,17.341750000000001,1,BELOW_TRIGGER,NORMAL_UPDATE,DISABLED_NOT_IMPLEMENTED,0,NOT_REQUESTED
UNONLOCAL_ONLY,3999,0.20799000000000001,19.771419999999999,0.001397,0,0,0.030870000000000002,21.810953000000001,1,BELOW_TRIGGER,NORMAL_UPDATE,DISABLED_NOT_IMPLEMENTED,0,NOT_REQUESTED
UNONLOCAL_ONLY,4000,0.20142499999999999,17.491282000000002,0.001397,0,35.213042999999999,0.031009999999999999,54.833185,3,PERIODIC_CHECK,DIRECTIONAL_UPDATE,DISABLED_NOT_IMPLEMENTED,0,NOT_REQUESTED
UNONLOCAL_ONLY,4001,0.200796,31.154164000000002,0.0014660000000000001,0,0,0.029124000000000001,33.206546000000003,1,BELOW_TRIGGER,NORMAL_UPDATE,DISABLED_NOT_IMPLEMENTED,0,NOT_REQUESTED
UNONLOCAL_ONLY,4002,0.19919000000000001,15.198641,0.00090799999999999995,0,0,0.023605999999999999,17.226649999999999,1,BELOW_TRIGGER,NORMAL_UPDATE,DISABLED_NOT_IMPLEMENTED,0,NOT_REQUESTED
UNONLOCAL_ONLY,4003,0.197793,15.162045000000001,0.001397,0,0,0.028146999999999998,17.172312999999999,1,BELOW_TRIGGER,NORMAL_UPDATE,DISABLED_NOT_IMPLEMENTED,0,NOT_REQUESTED
UNONLOCAL_ONLY,4004,0.19800300000000001,22.060848,0.0014660000000000001,0,0,0.024235,24.069091,1,BELOW_TRIGGER,NORMAL_UPDATE,DISABLED_NOT_IMPLEMENTED,0,NOT_REQUESTED
UNONLOCAL_ONLY,4005,0.209178,49.836953000000001,0.0019559999999999998,0,0,0.043721999999999997,52.010652,1,BELOW_TRIGGER,NORMAL_UPDATE,DISABLED_NOT_IMPLEMENTED,0,NOT_REQUESTED
UNONLOCAL_ONLY,4006,0.29578199999999999,32.291054000000003,0.0018860000000000001,0,0,0.032406999999999998,35.072240999999998,1,BELOW_TRIGGER,NORMAL_UPDATE,DISABLED_NOT_IMPLEMENTED,0,NOT_REQUESTED
UNONLOCAL_ONLY,4007,0.23292399999999999,30.364806999999999,0.000977,0,0,0.033454999999999999,32.502746000000002,1,BELOW_TRIGGER,NORMAL_UPDATE,DISABLED_NOT_IMPLEMENTED,0,NOT_REQUESTED
UNONLOCAL_ONLY,4008,0.201844,13.677409000000001,0.0013960000000000001,0,0,0.036318000000000003,15.792090999999999,1,BELOW_TRIGGER,NORMAL_UPDATE,DISABLED_NOT_IMPLEMENTED,0,NOT_REQUESTED
UNONLOCAL_ONLY,4009,0.208339,19.379815000000001,0.001397,0,0,0.032476999999999999,21.527951999999999,1,BELOW_TRIGGER,NORMAL_UPDATE,DISABLED_NOT_IMPLEMENTED,0,NOT_REQUESTED
UNONLOCAL_ONLY,4010,0.21190100000000001,16.087313999999999,0.000977,0,0,0.032406999999999998,18.276447999999998,1,BELOW_TRIGGER,NORMAL_UPDATE,DISABLED_NOT_IMPLEMENTED,0,NOT_REQUESTED
UNONLOCAL_ONLY,4011,0.24409800000000001,21.591228999999998,0.00090799999999999995,0,0,0.031428999999999999,24.003996999999998,1,BELOW_TRIGGER,NORMAL_UPDATE,DISABLED_NOT_IMPLEMENTED,0,NOT_REQUESTED
UNONLOCAL_ONLY,4012,0.224194,17.35041,0.001397,0,0,0.025212999999999999,19.414247,1,BELOW_TRIGGER,NORMAL_UPDATE,DISABLED_NOT_IMPLEMENTED,0,NOT_REQUESTED
UNONLOCAL_ONLY,4013,0.19534899999999999,14.738591,0.001397,0,0,0.034641999999999999,16.756122999999999,1,BELOW_TRIGGER,NORMAL_UPDATE,DISABLED_NOT_IMPLEMENTED,0,NOT_REQUESTED
UNONLOCAL_ONLY,4014,0.19164700000000001,16.993027000000001,0.001397,0,0,0.022908999999999999,18.925981,1,BELOW_TRIGGER,NORMAL_UPDATE,DISABLED_NOT_IMPLEMENTED,0,NOT_REQUESTED
UNONLOCAL_ONLY,4015,0.193463,17.019568,0.00090799999999999995,0,0,0.025212999999999999,19.008254000000001,1,BELOW_TRIGGER,NORMAL_UPDATE,DISABLED_NOT_IMPLEMENTED,0,NOT_REQUESTED
UNONLOCAL_ONLY,4016,0.19304399999999999,14.800820999999999,0.001397,0,0,0.025212999999999999,16.751791999999998,1,BELOW_TRIGGER,NORMAL_UPDATE,DISABLED_NOT_IMPLEMENTED,0,NOT_REQUESTED
UNONLOCAL_ONLY,4017,0.200936,14.912568,0.001397,0,0,0.029054,16.929611000000001,1,BELOW_TRIGGER,NORMAL_UPDATE,DISABLED_NOT_IMPLEMENTED,0,NOT_REQUESTED
UNONLOCAL_ONLY,4018,0.19751299999999999,17.470538999999999,0.0014660000000000001,0,0,0.029333999999999999,19.461251000000001,1,BELOW_TRIGGER,NORMAL_UPDATE,DISABLED_NOT_IMPLEMENTED,0,NOT_REQUESTED
UNONLOCAL_ONLY,4019,0.20317099999999999,22.198297,0.0013960000000000001,0,0,0.030521,24.302572999999999,1,BELOW_TRIGGER,NORMAL_UPDATE,DISABLED_NOT_IMPLEMENTED,0,NOT_REQUESTED
UNONLOCAL_ONLY,4020,0.198492,12.7784,0.001467,0,0,0.024375000000000001,14.847125999999999,1,BELOW_TRIGGER,NORMAL_UPDATE,DISABLED_NOT_IMPLEMENTED,0,NOT_REQUESTED
UNONLOCAL_ONLY,4021,0.19611700000000001,14.868777,0.001467,0,0,0.022839000000000002,16.883724999999998,1,BELOW_TRIGGER,NORMAL_UPDATE,DISABLED_NOT_IMPLEMENTED,0,NOT_REQUESTED
UNONLOCAL_ONLY,4022,0.191856,12.612105,0.00090799999999999995,0,0,0.023466999999999998,14.563077,1,BELOW_TRIGGER,NORMAL_UPDATE,DISABLED_NOT_IMPLEMENTED,0,NOT_REQUESTED
UNONLOCAL_ONLY,4023,0.202403,15.022150999999999,0.001397,0,0,0.022488999999999999,17.054838,1,BELOW_TRIGGER,NORMAL_UPDATE,DISABLED_NOT_IMPLEMENTED,0,NOT_REQUESTED
UNONLOCAL_ONLY,4024,0.19283400000000001,12.602956000000001,0.00097799999999999992,0,0,0.022977999999999998,14.54862,1,BELOW_TRIGGER,NORMAL_UPDATE,DISABLED_NOT_IMPLEMENTED,0,NOT_REQUESTED
UNONLOCAL_ONLY,4025,0.19053,14.926955,0.001397,0,27.307534,0.028146000000000001,44.283310999999998,3,PERIODIC_CHECK,DIRECTIONAL_UPDATE,DISABLED_NOT_IMPLEMENTED,0,NOT_REQUESTED
UNONLOCAL_ONLY,4026,0.19395100000000001,10.448604,0.001397,0,0,0.023677,12.395035999999999,1,BELOW_TRIGGER,NORMAL_UPDATE,DISABLED_NOT_IMPLEMENTED,0,NOT_REQUESTED
UNONLOCAL_ONLY,4027,0.19653599999999999,15.010835999999999,0.00090799999999999995,0,0,0.022488999999999999,16.943369000000001,1,BELOW_TRIGGER,NORMAL_UPDATE,DISABLED_NOT_IMPLEMENTED,0,NOT_REQUESTED
UNONLOCAL_ONLY,4028,0.20030800000000001,17.151917999999998,0.001397,0,0,0.024235,19.194732999999999,1,BELOW_TRIGGER,NORMAL_UPDATE,DISABLED_NOT_IMPLEMENTED,0,NOT_REQUESTED
UNONLOCAL_ONLY,4029,0.19178600000000001,19.475708999999998,0.001397,0,0,0.023466999999999998,21.441137999999999,1,BELOW_TRIGGER,NORMAL_UPDATE,DISABLED_NOT_IMPLEMENTED,0,NOT_REQUESTED
UNONLOCAL_ONLY,4030,0.19039,26.129086000000001,0.001397,0,0,0.024723999999999999,28.186288000000001,1,BELOW_TRIGGER,NORMAL_UPDATE,DISABLED_NOT_IMPLEMENTED,0,NOT_REQUESTED
UNONLOCAL_ONLY,4031,0.21099300000000001,32.658146000000002,0.0014660000000000001,0,65.460445000000007,0.030032,100.17383700000001,3,HIGH_NORMALIZED_INNOVATION,DIRECTIONAL_UPDATE,DISABLED_NOT_IMPLEMENTED,0,NOT_REQUESTED
UNONLOCAL_ONLY,4032,0.19520899999999999,39.498072000000001,0.001397,0,0,0.038970999999999999,41.529362999999996,1,BELOW_TRIGGER,NORMAL_UPDATE,DISABLED_NOT_IMPLEMENTED,0,NOT_REQUESTED
UNONLOCAL_ONLY,4033,0.198492,37.163038,0.001397,0,0,0.025772,39.222335000000001,1,BELOW_TRIGGER,NORMAL_UPDATE,DISABLED_NOT_IMPLEMENTED,0,NOT_REQUESTED
UNONLOCAL_ONLY,4034,0.20191300000000001,35.096336000000001,0.001397,0,0,0.025981000000000001,37.099411000000003,1,BELOW_TRIGGER,NORMAL_UPDATE,DISABLED_NOT_IMPLEMENTED,0,NOT_REQUESTED
UNONLOCAL_ONLY,4035,0.192275,23.722254,0.000977,0,0,0.026679000000000001,25.713035999999999,1,BELOW_TRIGGER,NORMAL_UPDATE,DISABLED_NOT_IMPLEMENTED,0,NOT_REQUESTED
UNONLOCAL_ONLY,4036,0.19325300000000001,14.783289999999999,0.001467,0,0,0.026540000000000001,16.790416,1,BELOW_TRIGGER,NORMAL_UPDATE,DISABLED_NOT_IMPLEMENTED,0,NOT_REQUESTED
UNONLOCAL_ONLY,4037,0.192555,14.780775,0.00097799999999999992,0,0,0.025283,16.754166999999999,1,BELOW_TRIGGER,NORMAL_UPDATE,DISABLED_NOT_IMPLEMENTED,0,NOT_REQUESTED
UNONLOCAL_ONLY,4038,0.19611600000000001,12.654011000000001,0.00097799999999999992,0,0,0.024653999999999999,14.638716000000001,1,BELOW_TRIGGER,NORMAL_UPDATE,DISABLED_NOT_IMPLEMENTED,0,NOT_REQUESTED
UNONLOCAL_ONLY,4039,0.21490500000000001,28.036407000000001,0.00097799999999999992,0,0,0.025212999999999999,30.074473000000001,1,BELOW_TRIGGER,NORMAL_UPDATE,DISABLED_NOT_IMPLEMENTED,0,NOT_REQUESTED
UNONLOCAL_ONLY,4040,0.202682,23.828344999999999,0.0014660000000000001,0,0,0.025422,25.909852000000001,1,BELOW_TRIGGER,NORMAL_UPDATE,DISABLED_NOT_IMPLEMENTED,0,NOT_REQUESTED
UNONLOCAL_ONLY,4041,0.21287900000000001,21.302500999999999,0.001397,0,0,0.025772,23.303550000000001,1,BELOW_TRIGGER,NORMAL_UPDATE,DISABLED_NOT_IMPLEMENTED,0,NOT_REQUESTED
UNONLOCAL_ONLY,4042,0.19178700000000001,28.174973999999999,0.001467,0,0,0.029543,30.165057999999998,1,BELOW_TRIGGER,NORMAL_UPDATE,DISABLED_NOT_IMPLEMENTED,0,NOT_REQUESTED
UNONLOCAL_ONLY,4043,0.194859,21.328972,0.001397,0,0,0.041277000000000001,23.346992,1,BELOW_TRIGGER,NORMAL_UPDATE,DISABLED_NOT_IMPLEMENTED,0,NOT_REQUESTED
UNONLOCAL_ONLY,4044,0.19611700000000001,30.278482,0.00090799999999999995,0,0,0.027099000000000002,32.276248000000002,1,BELOW_TRIGGER,NORMAL_UPDATE,DISABLED_NOT_IMPLEMENTED,0,NOT_REQUESTED
UNONLOCAL_ONLY,4045,0.19318299999999999,45.788269999999997,0.001397,0,0,0.030452,47.911194000000002,1,BELOW_TRIGGER,NORMAL_UPDATE,DISABLED_NOT_IMPLEMENTED,0,NOT_REQUESTED
UNONLOCAL_ONLY,4046,0.20366000000000001,27.805788,0.001467,0,0,0.030591,29.832329999999999,1,BELOW_TRIGGER,NORMAL_UPDATE,DISABLED_NOT_IMPLEMENTED,0,NOT_REQUESTED
UNONLOCAL_ONLY,4047,0.19353300000000001,25.797405999999999,0.001397,0,0,0.024864000000000001,27.806068,1,BELOW_TRIGGER,NORMAL_UPDATE,DISABLED_NOT_IMPLEMENTED,0,NOT_REQUESTED
UNONLOCAL_ONLY,4048,0.19465099999999999,30.453087,0.001467,0,0,0.029124000000000001,32.489755000000002,1,BELOW_TRIGGER,NORMAL_UPDATE,DISABLED_NOT_IMPLEMENTED,0,NOT_REQUESTED
UNONLOCAL_ONLY,4049,0.19367300000000001,21.495474999999999,0.001397,0,0,0.026748999999999998,23.516148999999999,1,BELOW_TRIGGER,NORMAL_UPDATE,DISABLED_NOT_IMPLEMENTED,0,NOT_REQUESTED
UNONLOCAL_ONLY,4050,0.19423099999999999,34.551149000000002,0.00090799999999999995,0,73.424970999999999,0.029333999999999999,110.013485,3,PERIODIC_CHECK,DIRECTIONAL_UPDATE,DISABLED_NOT_IMPLEMENTED,0,NOT_REQUESTED
UNONLOCAL_ONLY,4051,0.195908,32.495902000000001,0.00097799999999999992,0,0,0.025701999999999999,34.467616999999997,1,BELOW_TRIGGER,NORMAL_UPDATE,DISABLED_NOT_IMPLEMENTED,0,NOT_REQUESTED
UNONLOCAL_ONLY,4052,0.20289099999999999,29.733433000000002,0.00090799999999999995,0,0,0.025073999999999999,31.781345999999999,1,BELOW_TRIGGER,NORMAL_UPDATE,DISABLED_NOT_IMPLEMENTED,0,NOT_REQUESTED
UNONLOCAL_ONLY,4053,0.18557100000000001,29.917607,0.000977,0,0,0.028146000000000001,31.843716000000001,1,BELOW_TRIGGER,NORMAL_UPDATE,DISABLED_NOT_IMPLEMENTED,0,NOT_REQUESTED
UNONLOCAL_ONLY,4054,0.191717,41.143903000000002,0.0014660000000000001,0,0,0.026749999999999999,43.182037999999999,1,BELOW_TRIGGER,NORMAL_UPDATE,DISABLED_NOT_IMPLEMENTED,0,NOT_REQUESTED
UNONLOCAL_ONLY,4055,0.19318399999999999,12.539260000000001,0.0018860000000000001,0,0,0.024305,14.563706,1,BELOW_TRIGGER,NORMAL_UPDATE,DISABLED_NOT_IMPLEMENTED,0,NOT_REQUESTED
UNONLOCAL_ONLY,4056,0.19520899999999999,16.892035,0.001467,0,0,0.027796999999999999,18.860468000000001,1,BELOW_TRIGGER,NORMAL_UPDATE,DISABLED_NOT_IMPLEMENTED,0,NOT_REQUESTED
UNONLOCAL_ONLY,4057,0.204708,23.678812000000001,0.001467,0,0,0.025701999999999999,25.662541000000001,1,BELOW_TRIGGER,NORMAL_UPDATE,DISABLED_NOT_IMPLEMENTED,0,NOT_REQUESTED
UNONLOCAL_ONLY,4058,0.194161,19.302289999999999,0.001397,0,0,0.026190999999999999,21.254518999999998,1,BELOW_TRIGGER,NORMAL_UPDATE,DISABLED_NOT_IMPLEMENTED,0,NOT_REQUESTED
UNONLOCAL_ONLY,4059,0.19444,21.352159,0.00097799999999999992,0,0,0.024375000000000001,23.351600999999999,1,BELOW_TRIGGER,NORMAL_UPDATE,DISABLED_NOT_IMPLEMENTED,0,NOT_REQUESTED
UNONLOCAL_ONLY,4060,0.191577,19.017683000000002,0.001397,0,0,0.023188,21.052605,1,BELOW_TRIGGER,NORMAL_UPDATE,DISABLED_NOT_IMPLEMENTED,0,NOT_REQUESTED
UNONLOCAL_ONLY,4061,0.192555,21.433595,0.001397,0,0,0.023466999999999998,23.406358000000001,1,BELOW_TRIGGER,NORMAL_UPDATE,DISABLED_NOT_IMPLEMENTED,0,NOT_REQUESTED
UNONLOCAL_ONLY,4062,0.19101899999999999,19.130058999999999,0.001397,0,0,0.034362999999999998,21.095489000000001,1,BELOW_TRIGGER,NORMAL_UPDATE,DISABLED_NOT_IMPLEMENTED,0,NOT_REQUESTED
UNONLOCAL_ONLY,4063,0.20058699999999999,12.542332999999999,0.0014660000000000001,0,0,0.022629,14.623491,1,BELOW_TRIGGER,NORMAL_UPDATE,DISABLED_NOT_IMPLEMENTED,0,NOT_REQUESTED
UNONLOCAL_ONLY,4064,0.19206599999999999,12.586473,0.0014660000000000001,0,0,0.024025000000000001,14.530391,1,BELOW_TRIGGER,NORMAL_UPDATE,DISABLED_NOT_IMPLEMENTED,0,NOT_REQUESTED
UNONLOCAL_ONLY,4065,0.192275,12.549946,0.001467,0,0,0.031778000000000001,14.495609999999999,1,BELOW_TRIGGER,NORMAL_UPDATE,DISABLED_NOT_IMPLEMENTED,0,NOT_REQUESTED
UNONLOCAL_ONLY,4066,0.19297400000000001,19.182860000000002,0.0019550000000000001,0,0,0.024235,21.152270999999999,1,BELOW_TRIGGER,NORMAL_UPDATE,DISABLED_NOT_IMPLEMENTED,0,NOT_REQUESTED
UNONLOCAL_ONLY,4067,0.19506999999999999,12.656245,0.00097799999999999992,0,0,0.024375000000000001,14.637808,1,BELOW_TRIGGER,NORMAL_UPDATE,DISABLED_NOT_IMPLEMENTED,0,NOT_REQUESTED
UNONLOCAL_ONLY,4068,0.19304399999999999,22.837982,0.001467,0,0,0.028566000000000001,24.845247000000001,1,BELOW_TRIGGER,NORMAL_UPDATE,DISABLED_NOT_IMPLEMENTED,0,NOT_REQUESTED
UNONLOCAL_ONLY,4069,0.23962900000000001,16.799075999999999,0.0013960000000000001,0,0,0.029124000000000001,19.022362000000001,1,BELOW_TRIGGER,NORMAL_UPDATE,DISABLED_NOT_IMPLEMENTED,0,NOT_REQUESTED
UNONLOCAL_ONLY,4070,0.238372,18.902024999999998,0.001397,0,0,0.024375000000000001,21.319264,1,BELOW_TRIGGER,NORMAL_UPDATE,DISABLED_NOT_IMPLEMENTED,0,NOT_REQUESTED
UNONLOCAL_ONLY,4071,0.21874499999999999,17.091505000000002,0.001397,0,0,0.023047999999999999,19.062801,1,BELOW_TRIGGER,NORMAL_UPDATE,DISABLED_NOT_IMPLEMENTED,0,NOT_REQUESTED
UNONLOCAL_ONLY,4072,0.19464999999999999,23.763461,0.00090799999999999995,0,0,0.024864000000000001,25.728891000000001,1,BELOW_TRIGGER,NORMAL_UPDATE,DISABLED_NOT_IMPLEMENTED,0,NOT_REQUESTED
UNONLOCAL_ONLY,4073,0.193742,28.141449999999999,0.001467,0,0,0.032896000000000002,30.132162000000001,1,BELOW_TRIGGER,NORMAL_UPDATE,DISABLED_NOT_IMPLEMENTED,0,NOT_REQUESTED
UNONLOCAL_ONLY,4074,0.197793,12.780773999999999,0.001397,0,0,0.024374,14.829456,1,BELOW_TRIGGER,NORMAL_UPDATE,DISABLED_NOT_IMPLEMENTED,0,NOT_REQUESTED
UNONLOCAL_ONLY,4075,0.20358999999999999,12.708627,0.000977,0,29.686639,0.027588000000000001,44.405534000000003,3,PERIODIC_CHECK,DIRECTIONAL_UPDATE,DISABLED_NOT_IMPLEMENTED,0,NOT_REQUESTED
UNONLOCAL_ONLY,4076,0.19395200000000001,21.475919999999999,0.00097799999999999992,0,0,0.043582000000000003,23.485140000000001,1,BELOW_TRIGGER,NORMAL_UPDATE,DISABLED_NOT_IMPLEMENTED,0,NOT_REQUESTED
UNONLOCAL_ONLY,4077,0.20072699999999999,14.76995,0.001467,0,0,0.024864000000000001,16.731120000000001,1,BELOW_TRIGGER,NORMAL_UPDATE,DISABLED_NOT_IMPLEMENTED,0,NOT_REQUESTED
UNONLOCAL_ONLY,4078,0.19423099999999999,28.308302999999999,0.0018159999999999999,0,0,0.024236000000000001,30.292729999999999,1,BELOW_TRIGGER,NORMAL_UPDATE,DISABLED_NOT_IMPLEMENTED,0,NOT_REQUESTED
UNONLOCAL_ONLY,4079,0.192136,12.762824999999999,0.001467,0,0,0.023188,14.727905,1,BELOW_TRIGGER,NORMAL_UPDATE,DISABLED_NOT_IMPLEMENTED,0,NOT_REQUESTED
UNONLOCAL_ONLY,4080,0.191717,17.147728000000001,0.0019550000000000001,0,0,0.027657000000000001,19.153317000000001,1,BELOW_TRIGGER,NORMAL_UPDATE,DISABLED_NOT_IMPLEMENTED,0,NOT_REQUESTED
UNONLOCAL_ONLY,4081,0.206314,12.807593000000001,0.001397,0,0,0.024025999999999999,14.896573999999999,1,BELOW_TRIGGER,NORMAL_UPDATE,DISABLED_NOT_IMPLEMENTED,0,NOT_REQUESTED
UNONLOCAL_ONLY,4082,0.19464999999999999,19.443092,0.0013960000000000001,0,0,0.024723999999999999,21.389036000000001,1,BELOW_TRIGGER,NORMAL_UPDATE,DISABLED_NOT_IMPLEMENTED,0,NOT_REQUESTED
UNONLOCAL_ONLY,4083,0.195489,12.605471,0.001467,0,0,0.022699,14.554277000000001,1,BELOW_TRIGGER,NORMAL_UPDATE,DISABLED_NOT_IMPLEMENTED,0,NOT_REQUESTED
UNONLOCAL_ONLY,4084,0.19325300000000001,19.195152,0.000977,0,0,0.022699,21.166588000000001,1,BELOW_TRIGGER,NORMAL_UPDATE,DISABLED_NOT_IMPLEMENTED,0,NOT_REQUESTED
UNONLOCAL_ONLY,4085,0.194162,14.831132,0.0014660000000000001,0,0,0.024305,16.802498,1,BELOW_TRIGGER,NORMAL_UPDATE,DISABLED_NOT_IMPLEMENTED,0,NOT_REQUESTED
UNONLOCAL_ONLY,4086,0.194441,19.408380999999999,0.001397,0,0,0.027937,21.417601999999999,1,BELOW_TRIGGER,NORMAL_UPDATE,DISABLED_NOT_IMPLEMENTED,0,NOT_REQUESTED
UNONLOCAL_ONLY,4087,0.204429,39.433537000000001,0.0014660000000000001,0,0,0.026329999999999999,41.416007999999998,1,BELOW_TRIGGER,NORMAL_UPDATE,DISABLED_NOT_IMPLEMENTED,0,NOT_REQUESTED
UNONLOCAL_ONLY,4088,0.19870099999999999,17.205697000000001,0.001397,0,0,0.024166,19.280988000000001,1,BELOW_TRIGGER,NORMAL_UPDATE,DISABLED_NOT_IMPLEMENTED,0,NOT_REQUESTED
UNONLOCAL_ONLY,4089,0.195628,32.977393999999997,0.001397,0,0,0.026679999999999999,35.020207999999997,1,BELOW_TRIGGER,NORMAL_UPDATE,DISABLED_NOT_IMPLEMENTED,0,NOT_REQUESTED
UNONLOCAL_ONLY,4090,0.195908,12.768552,0.000977,0,0,0.022839000000000002,14.696476000000001,1,BELOW_TRIGGER,NORMAL_UPDATE,DISABLED_NOT_IMPLEMENTED,0,NOT_REQUESTED
UNONLOCAL_ONLY,4091,0.191996,14.850897,0.001397,0,0,0.022629,16.819959000000001,1,BELOW_TRIGGER,NORMAL_UPDATE,DISABLED_NOT_IMPLEMENTED,0,NOT_REQUESTED
UNONLOCAL_ONLY,4092,0.212669,12.784126000000001,0.00090799999999999995,0,0,0.024514000000000001,14.754166,1,BELOW_TRIGGER,NORMAL_UPDATE,DISABLED_NOT_IMPLEMENTED,0,NOT_REQUESTED
UNONLOCAL_ONLY,4093,0.193742,12.588709,0.00090799999999999995,0,0,0.020952999999999999,14.581586,1,BELOW_TRIGGER,NORMAL_UPDATE,DISABLED_NOT_IMPLEMENTED,0,NOT_REQUESTED
UNONLOCAL_ONLY,4094,0.19276399999999999,28.353141000000001,0.00090799999999999995,0,0,0.023816,30.364038999999998,1,BELOW_TRIGGER,NORMAL_UPDATE,DISABLED_NOT_IMPLEMENTED,0,NOT_REQUESTED
UNONLOCAL_ONLY,4095,0.19367300000000001,26.098006000000002,0.001467,0,0,0.030521,28.081665000000001,1,BELOW_TRIGGER,NORMAL_UPDATE,DISABLED_NOT_IMPLEMENTED,0,NOT_REQUESTED
UNONLOCAL_ONLY,4096,0.19541800000000001,24.199137,0.001467,0,0,0.026051999999999999,26.229659000000002,1,BELOW_TRIGGER,NORMAL_UPDATE,DISABLED_NOT_IMPLEMENTED,0,NOT_REQUESTED
UNONLOCAL_ONLY,4097,0.191577,12.618740000000001,0.00097799999999999992,0,0,0.021302000000000001,14.623771,1,BELOW_TRIGGER,NORMAL_UPDATE,DISABLED_NOT_IMPLEMENTED,0,NOT_REQUESTED
UNONLOCAL_ONLY,4098,0.20149400000000001,14.89357,0.001397,0,0,0.023047999999999999,16.880161999999999,1,BELOW_TRIGGER,NORMAL_UPDATE,DISABLED_NOT_IMPLEMENTED,0,NOT_REQUESTED
UNONLOCAL_ONLY,4099,0.19381300000000001,26.131042000000001,0.001397,0,0,0.029402999999999999,28.199487999999999,1,BELOW_TRIGGER,NORMAL_UPDATE,DISABLED_NOT_IMPLEMENTED,0,NOT_REQUESTED
UNONLOCAL_ONLY,4100,0.19472100000000001,10.434355,0.0013960000000000001,0,29.529354000000001,0.028565,41.976281999999998,3,PERIODIC_CHECK,DIRECTIONAL_UPDATE,DISABLED_NOT_IMPLEMENTED,0,NOT_REQUESTED
UNONLOCAL_ONLY,4101,0.19513900000000001,21.422909000000001,0.001397,0,0,0.027099000000000002,23.478366000000001,1,BELOW_TRIGGER,NORMAL_UPDATE,DISABLED_NOT_IMPLEMENTED,0,NOT_REQUESTED
UNONLOCAL_ONLY,4102,0.19514000000000001,17.047084999999999,0.000977,0,0,0.023257,19.028718000000001,1,BELOW_TRIGGER,NORMAL_UPDATE,DISABLED_NOT_IMPLEMENTED,0,NOT_REQUESTED
UNONLOCAL_ONLY,4103,0.194161,12.646606999999999,0.001397,0,0,0.028844999999999999,14.661066,1,BELOW_TRIGGER,NORMAL_UPDATE,DISABLED_NOT_IMPLEMENTED,0,NOT_REQUESTED
UNONLOCAL_ONLY,4104,0.205266,10.481847999999999,0.0014660000000000001,0,0,0.024723999999999999,12.477031,1,BELOW_TRIGGER,NORMAL_UPDATE,DISABLED_NOT_IMPLEMENTED,0,NOT_REQUESTED
UNONLOCAL_ONLY,4105,0.194162,21.663934999999999,0.001467,0,0,0.023746,23.663585999999999,1,BELOW_TRIGGER,NORMAL_UPDATE,DISABLED_NOT_IMPLEMENTED,0,NOT_REQUESTED
UNONLOCAL_ONLY,4106,0.19353200000000001,14.876250000000001,0.001467,0,0,0.022838000000000001,16.814720000000001,1,BELOW_TRIGGER,NORMAL_UPDATE,DISABLED_NOT_IMPLEMENTED,0,NOT_REQUESTED
UNONLOCAL_ONLY,4107,0.19045999999999999,14.809760000000001,0.001397,0,0,0.022488999999999999,16.726859000000001,1,BELOW_TRIGGER,NORMAL_UPDATE,DISABLED_NOT_IMPLEMENTED,0,NOT_REQUESTED
UNONLOCAL_ONLY,4108,0.191996,14.839093999999999,0.00097799999999999992,0,0,0.024166,16.783850999999999,1,BELOW_TRIGGER,NORMAL_UPDATE,DISABLED_NOT_IMPLEMENTED,0,NOT_REQUESTED
UNONLOCAL_ONLY,4109,0.19478999999999999,14.922694999999999,0.001397,0,0,0.022838000000000001,16.886308,1,BELOW_TRIGGER,NORMAL_UPDATE,DISABLED_NOT_IMPLEMENTED,0,NOT_REQUESTED
UNONLOCAL_ONLY,4110,0.20394000000000001,23.486606999999999,0.0014660000000000001,0,0,0.023257,25.501065000000001,1,BELOW_TRIGGER,NORMAL_UPDATE,DISABLED_NOT_IMPLEMENTED,0,NOT_REQUESTED
UNONLOCAL_ONLY,4111,0.18431400000000001,32.076219999999999,0.00097799999999999992,0,0,0.025212999999999999,33.952322000000002,1,BELOW_TRIGGER,NORMAL_UPDATE,DISABLED_NOT_IMPLEMENTED,0,NOT_REQUESTED
UNONLOCAL_ONLY,4112,0.19276399999999999,25.742090999999999,0.00097799999999999992,0,0,0.026120999999999998,27.738320000000002,1,BELOW_TRIGGER,NORMAL_UPDATE,DISABLED_NOT_IMPLEMENTED,0,NOT_REQUESTED
UNONLOCAL_ONLY,4113,0.193742,42.754674000000001,0.0013960000000000001,0,0,0.026679999999999999,44.786453000000002,1,BELOW_TRIGGER,NORMAL_UPDATE,DISABLED_NOT_IMPLEMENTED,0,NOT_REQUESTED
UNONLOCAL_ONLY,4114,0.185221,14.899298,0.001397,0,0,0.023816,16.840492000000001,1,BELOW_TRIGGER,NORMAL_UPDATE,DISABLED_NOT_IMPLEMENTED,0,NOT_REQUESTED
UNONLOCAL_ONLY,4115,0.193742,17.194452999999999,0.001397,0,0,0.023188,19.179158000000001,1,BELOW_TRIGGER,NORMAL_UPDATE,DISABLED_NOT_IMPLEMENTED,0,NOT_REQUESTED
UNONLOCAL_ONLY,4116,0.20366000000000001,28.16778,0.00090700000000000004,0,0,0.029613,30.148505,1,BELOW_TRIGGER,NORMAL_UPDATE,DISABLED_NOT_IMPLEMENTED,0,NOT_REQUESTED
UNONLOCAL_ONLY,4117,0.19583800000000001,12.79593,0.001397,0,0,0.029544000000000001,14.800052000000001,1,BELOW_TRIGGER,NORMAL_UPDATE,DISABLED_NOT_IMPLEMENTED,0,NOT_REQUESTED
UNONLOCAL_ONLY,4118,0.242004,12.688304,0.0018860000000000001,0,0,0.023956000000000002,15.090875,1,BELOW_TRIGGER,NORMAL_UPDATE,DISABLED_NOT_IMPLEMENTED,0,NOT_REQUESTED
UNONLOCAL_ONLY,4119,0.19136700000000001,14.999173000000001,0.001467,0,0,0.025212999999999999,16.918365999999999,1,BELOW_TRIGGER,NORMAL_UPDATE,DISABLED_NOT_IMPLEMENTED,0,NOT_REQUESTED
UNONLOCAL_ONLY,4120,0.19395200000000001,13.432262,0.00090799999999999995,0,0,0.023466999999999998,15.38547,1,BELOW_TRIGGER,NORMAL_UPDATE,DISABLED_NOT_IMPLEMENTED,0,NOT_REQUESTED
UNONLOCAL_ONLY,4121,0.197514,25.957553999999998,0.001467,0,0,0.054755999999999999,27.943726000000002,1,BELOW_TRIGGER,NORMAL_UPDATE,DISABLED_NOT_IMPLEMENTED,0,NOT_REQUESTED
UNONLOCAL_ONLY,4122,0.20393900000000001,44.113244000000002,0.00097799999999999992,0,0,0.028635000000000001,46.121138000000002,1,BELOW_TRIGGER,NORMAL_UPDATE,DISABLED_NOT_IMPLEMENTED,0,NOT_REQUESTED
UNONLOCAL_ONLY,4123,0.196885,41.499540000000003,0.001397,0,0,0.025353000000000001,43.534044000000002,1,BELOW_TRIGGER,NORMAL_UPDATE,DISABLED_NOT_IMPLEMENTED,0,NOT_REQUESTED
UNONLOCAL_ONLY,4124,0.194301,12.601139999999999,0.0014660000000000001,0,0,0.024305,14.546525000000001,1,BELOW_TRIGGER,NORMAL_UPDATE,DISABLED_NOT_IMPLEMENTED,0,NOT_REQUESTED
UNONLOCAL_ONLY,4125,0.19339300000000001,12.634175000000001,0.001467,0,27.319545999999999,0.026331,41.972791000000001,3,PERIODIC_CHECK,DIRECTIONAL_UPDATE,DISABLED_NOT_IMPLEMENTED,0,NOT_REQUESTED
UNONLOCAL_ONLY,4126,0.19464999999999999,15.72616,0.00097799999999999992,0,0,0.027588000000000001,17.755144999999999,1,BELOW_TRIGGER,NORMAL_UPDATE,DISABLED_NOT_IMPLEMENTED,0,NOT_REQUESTED
UNONLOCAL_ONLY,4127,0.244727,16.436874,0.00097799999999999992,0,0,0.025142999999999999,18.789369000000001,1,BELOW_TRIGGER,NORMAL_UPDATE,DISABLED_NOT_IMPLEMENTED,0,NOT_REQUESTED
