transaction_id,processing_and_logging_ms,cpu_ms,logging_ms
1,131.53532300000001,131.42400000000001,0.310031
2,16.690677000000001,16.681999999999999,0.28628399999999998
3,16.033110000000001,16.018000000000001,0.30821500000000002
4,24.146362,24.132000000000001,0.31121799999999999
5,26.401924000000001,26.384,0.28104699999999999
6,26.295204999999999,26.274999999999999,0.288101
7,21.149001999999999,21.140999999999998,0.27909099999999998
8,31.812342000000001,31.792000000000002,0.31750400000000001
9,23.888712999999999,23.873000000000001,0.29305900000000001
10,23.723255999999999,23.709,0.27573799999999998
11,31.984783,31.959,0.31233499999999997
12,23.90757,23.893000000000001,0.26861400000000002
13,29.280902000000001,29.260999999999999,0.30891299999999999
14,32.266179000000001,32.247999999999998,0.29648200000000002
15,34.955323,34.939,0.29543399999999997
16,37.443950999999998,37.421999999999997,0.293408
17,29.909554,29.885000000000002,0.32623400000000002
18,32.520127000000002,32.5,0.27273500000000001
19,46.031084,46.009999999999998,0.30248799999999998
20,35.224775999999999,35.200000000000003,0.271897
21,37.524689000000002,37.506,0.27566800000000002
22,48.87968,48.850000000000001,0.31017
23,37.461412000000003,37.442,0.29508400000000001
24,34.681820999999999,34.658000000000001,0.28628399999999998
25,43.240457999999997,43.215000000000003,0.30577100000000002
26,42.876438999999998,42.845999999999997,0.29480499999999998
27,39.778086999999999,39.746000000000002,0.30255799999999999
28,40.600482,40.567999999999998,0.291383
29,32.036467000000002,32.015999999999998,0.28132499999999999
30,37.235052000000003,37.210999999999999,0.32036700000000001
31,31.916408000000001,31.898,0.32686300000000001
32,26.737448000000001,26.716000000000001,0.30465300000000001
33,23.866363,23.853999999999999,0.31149700000000002
34,34.39414,34.377000000000002,0.30430400000000002
35,26.282285000000002,26.263000000000002,0.29152299999999998
36,42.152242000000001,42.122999999999998,0.26994099999999999
37,29.130181,29.111999999999998,0.27706599999999998
38,31.794951999999999,31.777000000000001,0.31813200000000003
39,38.072463999999997,38.026000000000003,0.28349099999999999
40,39.969456000000001,39.945,0.30199900000000002
41,26.255534999999998,26.236000000000001,0.33245000000000002
42,29.141984999999998,29.123999999999999,0.25813799999999998
43,34.414813000000002,34.387999999999998,0.295713
44,29.050701,29.033000000000001,0.277694
45,23.932993,23.917999999999999,0.299066
46,31.722176000000001,31.702000000000002,0.29871599999999998
47,21.176100999999999,21.161999999999999,0.27657599999999999
48,23.834375000000001,23.815000000000001,0.29201199999999999
49,34.383943000000002,34.357999999999997,0.29766799999999999
50,23.728355000000001,23.715,0.27510899999999999
51,21.093337999999999,21.079999999999998,0.30060199999999998
52,15.747104999999999,15.736000000000001,0.26016400000000001
53,20.843999,20.829000000000001,0.292989
54,28.783134,28.760999999999999,0.27978900000000001
55,27.028480999999999,27.015999999999998,0.29801800000000001
56,23.814540000000001,23.794,0.28998600000000002
57,26.412541000000001,26.399999999999999,0.29354799999999998
58,24.045928,24.018999999999998,0.27022000000000002
59,26.372869999999999,26.358000000000001,0.284049
60,23.826274000000002,23.806999999999999,0.28851900000000003
61,24.108018000000001,24.094999999999999,0.27657599999999999
62,21.177847,21.155000000000001,0.292989
63,34.522928999999998,34.503999999999998,0.274341
64,23.906732000000002,23.888000000000002,0.30535200000000001
65,31.738797999999999,31.713000000000001,0.30591000000000002
66,29.131439,29.114000000000001,0.27196700000000001
67,29.300526999999999,29.286999999999999,0.31107800000000002
68,39.602713000000001,39.576999999999998,0.32274199999999997
69,28.733127,28.713999999999999,0.269173
70,23.907499999999999,23.893999999999998,0.29969400000000002
71,26.524569,26.507000000000001,0.28558600000000001
72,34.128529,34.103999999999999,0.307307
73,32.075578,32.055999999999997,0.303535
74,21.349309999999999,21.335000000000001,0.27615699999999999
75,21.242101999999999,21.227,0.30591000000000002
76,20.974955000000001,20.960000000000001,0.27015099999999997
77,23.440324,23.419,0.27280500000000002
78,23.671641999999999,23.658000000000001,0.29766799999999999
79,23.847784999999998,23.832000000000001,0.29103400000000001
80,18.549325,18.529,0.28956599999999999
81,25.970717,25.956,0.28838000000000003
82,24.188825999999999,24.172999999999998,0.29005599999999998
83,29.096308000000001,29.077000000000002,0.30290699999999998
84,26.601393999999999,26.584,0.26868399999999998
85,31.874222,31.855,0.29152299999999998
86,26.548663999999999,26.532,0.32106600000000002
87,21.099903000000001,21.085999999999999,0.267567
88,23.694202000000001,23.673999999999999,0.31156699999999998
89,26.697776999999999,26.684999999999999,0.29305900000000001
90,29.842645000000001,29.821000000000002,0.29536400000000002
91,18.604361000000001,18.591000000000001,0.28914800000000002
92,29.335239000000001,29.315999999999999,0.30046299999999998
93,18.542549999999999,18.533999999999999,0.26644899999999999
94,26.615783,26.596,0.31310399999999999
95,29.331047999999999,29.309000000000001,0.274202
96,23.858260999999999,23.844000000000001,0.28383999999999998
97,28.857935000000001,28.838000000000001,0.29103400000000001
98,18.604710000000001,18.591999999999999,0.299624
99,21.083490000000001,21.07,0.28467799999999999
100,23.866852000000002,23.850000000000001,0.26875399999999999
101,32.093598,32.070999999999998,0.288659
102,23.752171000000001,23.733000000000001,0.32351099999999999
103,21.216539999999998,21.202000000000002,0.27978900000000001
104,21.131820999999999,21.123000000000001,0.27070899999999998
105,26.469601999999998,26.449999999999999,0.36366999999999999
106,29.093654000000001,29.076000000000001,0.27909
107,23.762577,23.748999999999999,0.29655100000000001
108,21.266825999999998,21.242999999999999,0.27245599999999998
109,21.259982000000001,21.247,0.284049
110,29.752338000000002,29.734000000000002,0.30807499999999999
111,23.834444999999999,23.821000000000002,0.27713500000000002
112,23.811326999999999,23.795000000000002,0.27280500000000002
113,26.906815999999999,26.885999999999999,0.32330100000000001
114,21.254883,21.242000000000001,0.27112799999999998
115,21.289804,21.276,0.29710999999999999
116,21.417266999999999,21.401,0.309612
117,23.870972999999999,23.852,0.27210600000000001
118,26.534555000000001,26.52,0.294736
119,21.333245999999999,21.315999999999999,0.29061399999999998
120,24.248332000000001,24.227,0.30597999999999997
121,23.976224999999999,23.956,0.28628399999999998
122,23.755454,23.734999999999999,0.27524900000000002
123,26.752813,26.738,0.317714
124,26.668513000000001,26.643999999999998,0.292431
125,23.634136999999999,23.617999999999999,0.26679799999999998
126,29.036522999999999,29.018000000000001,0.29103299999999999
127,24.180236000000001,24.167000000000002,0.27343299999999998
128,26.542867000000001,26.527999999999999,0.29752899999999999
129,29.200372999999999,29.187000000000001,0.305002
130,21.68197,21.667999999999999,0.275808
131,31.834762000000001,31.812999999999999,0.322044
132,23.830953000000001,23.808,0.27441100000000002
133,29.168664,29.149999999999999,0.28460800000000003
134,31.662110999999999,31.643999999999998,0.29152299999999998
135,24.233595000000001,24.213000000000001,0.30758600000000003
136,18.512937000000001,18.498000000000001,0.29990299999999998
137,18.580265000000001,18.571000000000002,0.31890099999999999
138,18.50281,18.489000000000001,0.26819500000000002
139,26.755817,26.739999999999998,0.31911
140,21.592921,21.573,0.29620200000000002
141,18.579077999999999,18.571000000000002,0.26651799999999998
142,26.568149999999999,26.552,0.30018299999999998
143,32.606870999999998,32.579000000000001,0.31659599999999999
144,37.983274999999999,37.933999999999997,0.30576999999999999
145,23.710266000000001,23.689,0.29473500000000002
146,26.379784999999998,26.355,0.29403699999999999
147,18.564691,18.550000000000001,0.30940200000000001
148,23.830185,23.815999999999999,0.31107800000000002
149,23.848483999999999,23.82,0.302977
150,23.693852,23.678999999999998,0.307726
151,23.658162999999998,23.640999999999998,0.28460800000000003
152,18.666381000000001,18.649999999999999,0.30283700000000002
153,25.782561000000001,25.766999999999999,0.31987900000000002
154,26.926721000000001,26.905999999999999,0.29766799999999999
155,24.588045000000001,24.571999999999999,0.29627100000000001
156,21.501218000000001,21.478999999999999,0.282862
157,18.485628999999999,18.471,0.27427200000000002
158,21.234908000000001,21.222000000000001,0.305002
159,29.327974999999999,29.309000000000001,0.27035999999999999
160,18.657440999999999,18.641999999999999,0.275808
161,26.725714,26.710999999999999,0.320577
162,24.043064000000001,24.027999999999999,0.27783400000000003
163,29.151274000000001,29.126000000000001,0.301649
164,26.639040000000001,26.597999999999999,0.274341
165,21.683365999999999,21.66,0.30632999999999999
166,24.092372999999998,24.079999999999998,0.29201100000000002
167,18.54674,18.533000000000001,0.27050000000000002
168,29.685079999999999,29.666,0.27483000000000002
169,21.501427,21.469000000000001,0.33140199999999997
170,23.663191999999999,23.649000000000001,0.303815
171,23.719974000000001,23.699000000000002,0.28495700000000002
172,18.538011000000001,18.523,0.27832200000000001
173,24.129111000000002,24.116,0.290545
174,23.753288000000001,23.739000000000001,0.294875
175,23.788907999999999,23.766999999999999,0.26882400000000001
176,21.052340000000001,21.033999999999999,0.29159200000000002
177,26.539445000000001,26.524999999999999,0.32693299999999997
178,24.318034000000001,24.300000000000001,0.28935699999999998
179,29.220488,29.206,0.29613200000000001
180,23.775987000000001,23.739999999999998,0.29431600000000002
181,23.867760000000001,23.853999999999999,0.273783
182,32.11448,32.097999999999999,0.290545
183,36.927675000000001,36.909999999999997,0.28342099999999998
184,29.387830000000001,29.361999999999998,0.31743399999999999
185,27.028690999999998,26.975999999999999,0.31485000000000002
186,24.152857000000001,24.140000000000001,0.27224599999999999
187,15.929812,15.914,0.292431
188,26.590917999999999,26.579000000000001,0.308564
189,18.733149999999998,18.716000000000001,0.29682999999999998
190,37.951776000000002,37.901000000000003,0.30584099999999997
191,31.812971000000001,31.792999999999999,0.27706599999999998
192,31.752835999999999,31.731999999999999,0.31506000000000001
193,31.861232999999999,31.843,0.30472300000000002
194,34.664079999999998,34.640000000000001,0.31701499999999999
195,31.998472,31.984000000000002,0.31268499999999999
196,18.728052000000002,18.715,0.292431
197,21.401202999999999,21.387,0.27078000000000002
198,38.050114000000001,38.026000000000003,0.2969
199,18.987447,18.972999999999999,0.30604900000000002
200,19.107016999999999,19.082999999999998,0.27860200000000002
201,32.267435999999996,32.244999999999997,0.31079899999999999
202,26.870428,26.856000000000002,0.276366
203,16.105955000000002,16.091000000000001,0.29662100000000002
204,43.502437,43.475999999999999,0.31240499999999999
205,21.589148999999999,21.574999999999999,0.30137000000000003
206,32.600724999999997,32.579999999999998,0.30765599999999999
207,38.649712000000001,38.624000000000002,0.30444300000000002
208,29.600919999999999,29.577000000000002,0.27448099999999998
209,21.676383000000001,21.66,0.31701499999999999
210,52.705511000000001,52.679000000000002,0.38015300000000002
211,29.949224999999998,29.928999999999998,0.29578300000000002
212,35.221144000000002,35.195,0.27133800000000002
213,21.677989,21.663,0.30018299999999998
214,27.15343,27.138000000000002,0.290265
215,32.958387999999999,32.939,0.27657599999999999
216,35.548915000000001,35.530000000000001,0.27427200000000002
217,32.454124999999998,32.433,0.32686199999999999
218,35.218559999999997,35.192999999999998,0.27776299999999998
219,35.450646999999996,35.398000000000003,0.30996099999999999
220,21.731767999999999,21.715,0.29606199999999999
221,19.147106999999998,19.132999999999999,0.30102099999999998
222,19.142357000000001,19.122,0.30241800000000002
223,41.391168,41.374000000000002,0.27245599999999998
224,21.831083,21.812000000000001,0.26896399999999998
225,36.240983999999997,36.219000000000001,0.31387199999999998
226,27.470863000000001,27.457999999999998,0.29955399999999999
227,36.190348,36.170999999999999,0.27713500000000002
228,30.832732,30.815000000000001,0.30409399999999998
229,31.120830999999999,31.088999999999999,0.307307
230,37.551997,37.527000000000001,0.29738900000000001
231,22.420624,22.405999999999999,0.27371299999999998
232,22.707397,22.690999999999999,0.30018299999999998
233,37.606963,37.581000000000003,0.30220799999999998
234,37.567712,37.537999999999997,0.31030999999999997
235,16.540655000000001,16.532,0.26749600000000001
236,34.609673000000001,34.588999999999999,0.30681799999999998
237,31.803122999999999,31.777000000000001,0.27245599999999998
238,34.735599999999998,34.719000000000001,0.299066
239,37.611013999999997,37.57,0.30653799999999998
240,41.018909000000001,40.990000000000002,0.30849399999999999
241,37.627986,37.609999999999999,0.29676000000000002
242,43.826645999999997,43.802999999999997,0.29983399999999999
243,28.657837000000001,28.640999999999998,0.27322400000000002
244,31.506361999999999,31.489000000000001,0.32504699999999997
245,22.775493000000001,22.763000000000002,0.276646
246,28.904171000000002,28.885999999999999,0.27015099999999997
247,37.367334,37.350000000000001,0.29452499999999998
248,22.783944000000002,22.763000000000002,0.30130099999999999
249,32.123421,32.106000000000002,0.31121799999999999
250,32.250394,32.228999999999999,0.29801800000000001
251,22.920627,22.908000000000001,0.26700800000000002
252,26.388584999999999,26.370000000000001,0.315967
253,35.678472999999997,35.625,0.289078
254,19.892605,19.884,0.271478
255,35.191600999999999,35.154000000000003,0.31359199999999998
256,20.067142,20.053000000000001,0.29990299999999998
257,22.601865,22.558,0.31701499999999999
258,26.321605000000002,26.288,0.32965699999999998
259,26.499634,26.486999999999998,0.30926199999999998
260,35.223100000000002,35.174999999999997,0.30576999999999999
261,32.254655,32.237000000000002,0.27015
262,26.127444000000001,26.108000000000001,0.28195399999999998
263,23.355885000000001,23.341999999999999,0.32246200000000003
264,20.234904,20.224,0.26735700000000001
265,32.415711999999999,32.393999999999998,0.28377000000000002
266,32.866894000000002,32.847000000000001,0.34257700000000002
267,23.426286000000001,23.408000000000001,0.31037999999999999
268,23.376767999999998,23.361999999999998,0.29249999999999998
269,29.358846,29.34,0.27126800000000001
270,26.760147,26.739999999999998,0.289636
271,23.474685999999998,23.462,0.31107899999999999
272,29.799063,29.777000000000001,0.27476
273,26.571083000000002,26.553000000000001,0.29117300000000002
274,23.466374999999999,23.451000000000001,0.302068
275,26.620602000000002,26.600999999999999,0.34921200000000002
276,23.353020999999998,23.338999999999999,0.27322299999999999
277,20.179238999999999,20.157,0.308145
278,23.922656,23.899999999999999,0.287192
279,30.083252000000002,30.07,0.31862099999999999
280,26.810922000000001,26.791,0.27266499999999999
281,26.640158,26.620999999999999,0.27252500000000002
282,33.155482999999997,33.134,0.31533899999999998
283,29.921216999999999,29.902000000000001,0.30276700000000001
284,26.556554999999999,26.539000000000001,0.27105899999999999
285,29.979465999999999,29.959,0.30954199999999998
286,23.653763000000001,23.638999999999999,0.299763
287,23.736176,23.721,0.284748
288,26.819092999999999,26.803999999999998,0.296761
289,24.196579,24.183,0.28956700000000002
290,30.418426,30.387,0.33643099999999998
291,27.258054000000001,27.239000000000001,0.32001800000000002
292,20.668066,20.652000000000001,0.30018299999999998
293,20.692931000000002,20.677,0.31373200000000001
294,17.631525,17.620999999999999,0.29005500000000001
295,17.489744000000002,17.475999999999999,0.27441100000000002
296,17.649823000000001,17.635999999999999,0.31093900000000002
297,27.474983999999999,27.457000000000001,0.280418
298,20.832405999999999,20.818999999999999,0.315828
299,27.890896999999999,27.872,0.280138
300,20.969228000000001,20.949000000000002,0.32686300000000001
301,27.758755000000001,27.742999999999999,0.31114799999999998
302,24.226051999999999,24.213000000000001,0.30779600000000001
303,27.423092,27.402000000000001,0.280138
304,30.687949,30.670999999999999,0.30255799999999999
305,27.776145,27.757000000000001,0.34201900000000002
306,28.282503999999999,28.248999999999999,0.29082400000000003
307,27.723554,27.702000000000002,0.31478
308,30.933235,30.919,0.320577
309,27.684581999999999,27.667000000000002,0.31387199999999998
310,27.717756999999999,27.698,0.30123100000000003
311,30.817715,30.803999999999998,0.275808
312,27.700156,27.681000000000001,0.30144100000000001
313,27.643514,27.629999999999999,0.31491999999999998
314,24.209638999999999,24.196000000000002,0.282443
315,27.599792999999998,27.579999999999998,0.313384
316,27.383351999999999,27.364999999999998,0.29452600000000001
317,27.853531,27.832999999999998,0.30416399999999999
318,24.577428999999999,24.556999999999999,0.305282
319,27.756170000000001,27.734000000000002,0.299205
320,24.237715999999999,24.222999999999999,0.29138199999999997
321,24.817827999999999,24.803000000000001,0.30660799999999999
322,27.888242999999999,27.869,0.27182699999999999
323,27.438876,27.427,0.29333799999999999
324,24.419516000000002,24.405999999999999,0.274621
325,28.027159999999999,28.009,0.34215800000000002
326,24.376493,24.361999999999998,0.29669099999999998
327,24.435929000000002,24.414999999999999,0.27496900000000002
328,28.125218,28.109000000000002,0.33189099999999999
329,28.042245000000001,28.02,0.305701
330,24.599429000000001,24.585999999999999,0.295155
331,28.143377000000001,28.122,0.39342300000000002
332,28.177600000000002,28.148,0.320577
333,21.370263000000001,21.350999999999999,0.30262800000000001
334,27.879232999999999,27.856000000000002,0.312056
335,27.719014000000001,27.696999999999999,0.27504000000000001
336,24.630648999999998,24.609000000000002,0.30039300000000002
337,31.021795000000001,31.001000000000001,0.31282399999999999
338,17.669449,17.657,0.27245599999999998
339,24.058499999999999,24.045999999999999,0.27957900000000002
340,23.85896,23.844000000000001,0.32288099999999997
341,23.630784999999999,23.606999999999999,0.297738
342,29.902778999999999,29.890000000000001,0.31310399999999999
343,23.399605999999999,23.384,0.27922999999999998
344,23.105709000000001,23.091000000000001,0.30234800000000001
345,23.181557000000002,23.157,0.29801800000000001
346,23.075257000000001,23.059999999999999,0.29354799999999998
347,22.682393999999999,22.667999999999999,0.28600500000000001
348,22.158156000000002,22.140000000000001,0.327351
349,26.667815000000001,26.655000000000001,0.304373
350,20.982358000000001,20.966999999999999,0.27832200000000001
351,20.067699999999999,20.050999999999998,0.29375800000000002
352,20.188946999999999,20.172999999999998,0.29354799999999998
353,21.556602999999999,21.548999999999999,0.27832200000000001
354,18.712128,18.699999999999999,0.31729400000000002
355,18.069227999999999,18.047999999999998,0.30053200000000002
356,18.169941000000001,18.158000000000001,0.29710999999999999
357,15.696260000000001,15.68,0.30674899999999999
358,23.291070999999999,23.279,0.29780899999999999
359,15.548821999999999,15.529999999999999,0.322602
360,26.845144999999999,26.82,0.273364
361,29.657212000000001,29.637,0.28139500000000001
362,15.810731000000001,15.798,0.309751
363,21.229808999999999,21.216000000000001,0.30814599999999998
364,16.830641,16.815000000000001,0.29718
365,18.991078000000002,18.981999999999999,0.29187200000000002
366,21.913637000000001,21.898,0.295852
367,21.585308000000001,21.568000000000001,0.32029800000000003
368,19.343015000000001,19.335000000000001,0.272316
369,23.631482999999999,23.613,0.28055799999999997
370,19.183564000000001,19.167000000000002,0.348584
371,16.525918999999998,16.515999999999998,0.29682999999999998
372,41.690303999999998,41.618000000000002,0.304234
373,18.959230000000002,18.943999999999999,0.30632999999999999
374,16.690328000000001,16.669,0.29990299999999998
375,30.351797000000001,30.329000000000001,0.305421
376,36.455750000000002,36.436999999999998,0.36995499999999998
377,19.878288000000001,19.863,0.316247
378,24.884316999999999,24.870000000000001,0.295294
379,26.237235999999999,26.222999999999999,0.27476
380,31.247527000000002,31.228999999999999,0.28453800000000001
381,39.765306000000002,39.689999999999998,0.34481200000000001
382,18.702838,18.690000000000001,0.27860200000000002
383,29.713715000000001,29.693999999999999,0.30116100000000001
384,22.467836999999999,22.454000000000001,0.307307
385,21.877389000000001,21.859999999999999,0.30493199999999998
386,34.453017000000003,34.420000000000002,0.30123100000000003
387,19.433391,19.420999999999999,0.27776299999999998
388,26.053621,26.030999999999999,0.28146500000000002
389,33.369689999999999,33.335000000000001,0.32344000000000001
390,30.112165999999998,30.091000000000001,0.277694
391,34.104571999999997,34.082999999999998,0.333289
392,30.277274999999999,30.253,0.30095100000000002
393,27.114946,27.09,0.30283700000000002
394,23.969031000000001,23.954999999999998,0.27846199999999999
395,24.222839,24.210000000000001,0.31289499999999998
396,23.680582000000001,23.66,0.28174500000000002
397,30.508731999999998,30.486000000000001,0.31701499999999999
398,23.735408,23.721,0.27468999999999999
399,27.553557999999999,27.530999999999999,0.34243800000000002
400,24.067509000000001,24.053999999999998,0.31247599999999998
401,27.236542,27.215,0.28223300000000001
402,24.217321999999999,24.199999999999999,0.30842399999999998
403,24.165917,24.143000000000001,0.33335900000000002
404,23.530629999999999,23.521999999999998,0.295852
405,23.810071000000001,23.792999999999999,0.300043
406,29.780206,29.754000000000001,0.31457099999999999
407,46.618459000000001,46.588999999999999,0.28132600000000002
408,24.019528000000001,24.004999999999999,0.32344000000000001
409,23.832768999999999,23.812999999999999,0.27455099999999999
410,20.774576,20.753,0.28118599999999999
411,20.722124999999998,20.710000000000001,0.31149700000000002
412,23.750354999999999,23.734000000000002,0.30241800000000002
413,23.843944,23.829999999999998,0.27343299999999998
414,23.851766000000001,23.832999999999998,0.30507200000000001
415,33.215688,33.195,0.28188400000000002
416,23.757828,23.742999999999999,0.322463
417,23.697693999999998,23.684000000000001,0.31149700000000002
418,20.743566000000001,20.733000000000001,0.28621400000000002
419,30.370234,30.343,0.32616499999999998
420,20.679310999999998,20.658999999999999,0.30381399999999997
421,26.75421,26.736999999999998,0.27476099999999998
422,20.205499,20.184000000000001,0.33440599999999998
423,23.679953000000001,23.666,0.275669
424,29.625295000000001,29.603999999999999,0.32385999999999998
425,34.886809,34.860999999999997,0.320577
426,19.550516999999999,19.538,0.28914800000000002
427,22.647123000000001,22.620999999999999,0.30905300000000002
428,24.566673999999999,24.542000000000002,0.29787799999999998
429,14.960469,14.952,0.26868399999999998
430,15.822046,15.808,0.295713
431,32.090314999999997,32.069000000000003,0.361016
432,31.103721,31.084,0.35563800000000001
433,15.490853,15.476000000000001,0.28768100000000002
434,12.953476,12.946,0.28935699999999998
435,13.209308999999999,13.199999999999999,0.29808800000000002
436,41.089030000000001,41.057000000000002,0.34655900000000001
437,16.239284000000001,16.225999999999999,0.30046299999999998
438,13.015845000000001,13.005000000000001,0.267706
439,14.444891999999999,14.433999999999999,0.28663300000000003
440,27.435383999999999,27.417000000000002,0.29752899999999999
441,25.551871999999999,25.510999999999999,0.29801800000000001
442,11.916175000000001,11.907,0.32728200000000002
443,11.922530999999999,11.913,0.29152299999999998
444,20.122178000000002,20.103999999999999,0.271617
445,17.112945,17.100000000000001,0.29822700000000002
446,32.988768999999998,32.941000000000003,0.27322400000000002
447,17.183485000000001,17.175000000000001,0.308284
448,12.611596,12.593,0.30297600000000002
449,14.216227999999999,14.208,0.287192
450,15.516346,15.502000000000001,0.264214
451,13.926102,13.907999999999999,0.35864200000000002
452,18.882193999999998,18.837,0.31589800000000001
453,15.475348,15.454000000000001,0.30521199999999998
454,14.949294,14.935,0.28062799999999999
455,16.610078000000001,16.571999999999999,0.310311
456,13.223765,13.205,0.29291899999999998
457,24.266421000000001,24.222999999999999,0.32385999999999998
458,14.890276999999999,14.869999999999999,0.27950999999999998
459,13.288859,13.281000000000001,0.315828
460,13.310790000000001,13.298999999999999,0.26826499999999998
461,14.775107,14.759,0.27385300000000001
462,11.684996,11.676,0.314641
463,19.748799999999999,19.734999999999999,0.27301399999999998
464,11.733537,11.724,0.26197900000000002
465,13.328879000000001,13.314,0.30102200000000001
466,16.550502999999999,16.536000000000001,0.29843700000000001
467,13.616979000000001,13.608000000000001,0.28649400000000003
468,15.281046,15.268000000000001,0.27161800000000003
469,19.709268999999999,19.695,0.26882400000000001
470,16.205831,16.192,0.32393
471,16.104558999999998,16.094999999999999,0.28858899999999998
472,15.688507,15.66,0.27224599999999999
473,17.186907000000001,17.149999999999999,0.29536400000000002
474,19.061968,19.052,0.31394100000000003
475,18.211915999999999,18.187999999999999,0.27992899999999998
476,12.521779,12.505000000000001,0.30493199999999998
477,10.834035999999999,10.824999999999999,0.26232800000000001
478,13.232426999999999,13.225,0.30828499999999998
479,13.416112,13.407999999999999,0.28335100000000002
480,13.46172,13.451000000000001,0.26924300000000001
481,14.767564,14.754,0.279999
482,19.266956,19.236999999999998,0.29250100000000001
483,23.759713000000001,23.728999999999999,0.28370099999999998
484,15.774972,15.766,0.29738900000000001
485,14.116702,14.106999999999999,0.27063999999999999
486,17.525224000000001,17.510999999999999,0.29305900000000001
487,12.861003999999999,12.851000000000001,0.29452600000000001
488,14.273289,14.262,0.28977700000000001
489,12.870713,12.856,0.26589000000000002
490,12.529113000000001,12.518000000000001,0.318691
491,13.929873000000001,13.917999999999999,0.34718700000000002
492,14.308699000000001,14.289,0.29718
493,25.571079000000001,25.556000000000001,0.344393
494,12.894738,12.881,0.27196700000000001
495,14.456206999999999,14.441000000000001,0.28628399999999998
496,21.363697999999999,21.347999999999999,0.35011999999999999
497,23.648244999999999,23.634,0.34250799999999998
498,17.927935999999999,17.917000000000002,0.29333799999999999
499,14.763234000000001,14.747999999999999,0.32860899999999998
500,11.78124,11.779,0.26100099999999998
501,21.551155000000001,21.527999999999999,0.28998600000000002
502,18.059241,18.050999999999998,0.28670299999999999
503,15.982125,15.970000000000001,0.273922
504,21.712910000000001,21.696000000000002,0.360597
505,19.914117000000001,19.899999999999999,0.30360500000000001
506,14.948456,14.941000000000001,0.29494399999999998
507,20.553943,20.539999999999999,0.34369499999999997
508,20.158913999999999,20.145,0.34292699999999998
509,23.271515000000001,23.247,0.39866099999999999
510,27.379370000000002,27.361999999999998,0.37219099999999999
511,14.921497,14.901999999999999,0.32832899999999998
512,17.169167999999999,17.141999999999999,0.30283700000000002
513,23.095023000000001,23.071999999999999,0.35933900000000002
514,35.771014999999998,35.731999999999999,0.37875599999999998
515,25.088676,25.071999999999999,0.36366999999999999
516,39.886482999999998,39.860999999999997,0.35389199999999998
517,34.202770999999998,34.179000000000002,0.35947899999999999
518,36.363976999999998,36.341999999999999,0.33580199999999999
519,35.507148999999998,35.479999999999997,0.35109800000000002
520,31.053084999999999,31.033000000000001,0.36457800000000001
521,33.127406000000001,33.100000000000001,0.34327600000000003
522,25.875032999999998,25.861000000000001,0.35542899999999999
523,27.348220000000001,27.329999999999998,0.36737199999999998
524,26.218519000000001,26.187999999999999,0.35766300000000001
525,31.132216,31.113,0.34208899999999998
526,26.927419,26.905999999999999,0.27343299999999998
527,15.997211,15.988,0.32225399999999998
528,18.476828000000001,18.462,0.27126800000000001
529,19.741675999999998,19.728999999999999,0.267426
530,18.676227999999998,18.663,0.31205699999999997
531,21.866772999999998,21.850000000000001,0.330285
532,18.627409,18.609999999999999,0.27098899999999998
533,19.589559000000001,19.571999999999999,0.31771300000000002
534,20.637266,20.622,0.30011300000000002
535,22.032858000000001,22.018000000000001,0.290265
536,25.553269,25.538,0.298925
537,24.991875,24.975000000000001,0.27043
538,18.580755,18.568999999999999,0.28879899999999997
539,16.725318999999999,16.716999999999999,0.33147199999999999
540,17.734891999999999,17.728000000000002,0.27287400000000001
541,21.141389,21.126000000000001,0.30779600000000001
542,22.428585999999999,22.404,0.28740199999999999
543,20.629304000000001,20.613,0.28432800000000003
544,15.179007,15.166,0.289358
545,14.927015000000001,14.913,0.28558600000000001
546,21.664719000000002,21.652000000000001,0.29822700000000002
547,25.260000000000002,25.242999999999999,0.29333900000000002
548,19.960422000000001,19.946999999999999,0.31177700000000003
549,17.171682000000001,17.140000000000001,0.28621400000000002
550,22.519660999999999,22.5,0.30612
551,16.751719000000001,16.734999999999999,0.29710999999999999
552,27.340259,27.308,0.295713
553,17.086963000000001,17.068000000000001,0.27175700000000003
554,15.886092,15.877000000000001,0.29319800000000001
555,15.473532000000001,15.454000000000001,0.29564299999999999
556,14.12641,14.117000000000001,0.29564299999999999
557,12.721458999999999,12.709,0.26651900000000001
558,14.399006,14.391,0.30576999999999999
559,11.864421999999999,11.856,0.265401
560,13.137930000000001,13.122999999999999,0.28579599999999999
561,21.905466000000001,21.891999999999999,0.30346499999999998
562,16.836926999999999,16.821000000000002,0.29829800000000001
563,16.130541000000001,16.122,0.29026600000000002
564,18.340147000000002,18.324999999999999,0.29955399999999999
565,22.380813,22.364999999999998,0.28691299999999997
566,14.770497000000001,14.757,0.30933300000000002
567,18.930944,18.922999999999998,0.30556100000000003
568,25.099502000000001,25.077000000000002,0.36464800000000003
569,25.330541,25.289000000000001,0.26707700000000001
570,16.706880000000002,16.692,0.26386500000000002
571,20.733018999999999,20.698,0.30046299999999998
572,23.282620000000001,23.256,0.31603700000000001
573,16.984504000000001,16.972000000000001,0.39202599999999999
574,21.504221000000001,21.484000000000002,0.30849399999999999
575,14.475623000000001,14.465999999999999,0.348165
576,24.336473000000002,24.315000000000001,0.35039900000000002
577,20.562186000000001,20.548999999999999,0.34145999999999999
578,26.698125999999998,26.686,0.36066700000000002
579,30.398800000000001,30.367000000000001,0.33782899999999999
580,19.215551999999999,19.193999999999999,0.34159899999999999
581,70.411976999999993,70.361999999999995,0.30674800000000002
582,55.108302000000002,55.081000000000003,0.29452600000000001
583,13.286344,13.276,0.27161800000000003
584,15.415632,15.398999999999999,0.28956700000000002
585,9.0874140000000008,9.0779999999999994,0.27517900000000001
586,37.731842,37.712000000000003,0.309193
587,15.545959,15.532999999999999,0.30102099999999998
588,17.542197000000002,17.535,0.33007599999999998
589,28.274611,28.25,0.38552999999999998
590,21.198032000000001,21.178999999999998,0.31443100000000002
591,26.142809,26.129999999999999,0.36087599999999997
592,21.29176,21.274000000000001,0.33838600000000002
593,20.523353,20.507999999999999,0.35228599999999999
594,20.634542,20.619,0.34837400000000002
595,19.990804000000001,19.977,0.30716700000000002
596,17.786017000000001,17.768999999999998,0.378965
597,28.712662999999999,28.698,0.32476699999999997
598,17.589410000000001,17.573,0.36869800000000003
599,18.390853,18.376999999999999,0.30828499999999998
600,17.632223,17.614999999999998,0.345022
601,25.506125000000001,25.489000000000001,0.32344000000000001
602,19.896795999999998,19.879000000000001,0.33538400000000002
603,16.152260999999999,16.135999999999999,0.29899500000000001
604,14.805349,14.789999999999999,0.30102099999999998
605,15.299205000000001,15.291,0.26896300000000001
606,16.054133,16.041,0.29564299999999999
607,17.839794999999999,17.827999999999999,0.26686799999999999
608,19.037034999999999,19.021000000000001,0.29780800000000002
609,24.475949,24.452999999999999,0.35011999999999999
610,21.231556000000001,21.212,0.28747200000000001
611,13.542248000000001,13.532999999999999,0.32777000000000001
612,38.211311000000002,38.183999999999997,0.316805
613,13.142329,13.128,0.30430400000000002
614,14.138214,14.128,0.33203100000000002
615,15.668951,15.66,0.273922
616,13.722161,13.708,0.29725000000000001
617,22.414059000000002,22.399999999999999,0.32344000000000001
618,15.842649,15.827999999999999,0.27965000000000001
619,31.013622999999999,30.994,0.35542899999999999
620,23.443746000000001,23.422999999999998,0.34704800000000002
621,12.900745000000001,12.888999999999999,0.30563099999999999
622,13.587994999999999,13.577999999999999,0.28572500000000001
623,32.623423000000003,32.595999999999997,0.35675499999999999
624,36.759355999999997,36.735999999999997,0.30276700000000001
625,24.376213,24.363,0.29026600000000002
626,24.470361,24.457000000000001,0.27112799999999998
627,15.514459,15.5,0.26938200000000001
628,11.381601,11.374000000000001,0.29578300000000002
629,13.986167,13.978,0.29564299999999999
630,14.704566,14.691000000000001,0.28579599999999999
631,12.622351999999999,12.609999999999999,0.264353
632,16.185576000000001,16.169,0.30290699999999998
633,16.254301000000002,16.245999999999999,0.28579500000000002
634,18.250889000000001,18.234999999999999,0.269453
635,17.630268000000001,17.622,0.300043
636,14.526119,14.506,0.30283700000000002
637,13.230331,13.222,0.289078
638,15.932746,15.92,0.26994099999999999
639,13.356187,13.349,0.286215
640,18.468796999999999,18.454999999999998,0.28600500000000001
641,15.106021,15.093,0.26623999999999998
642,16.505034999999999,16.486000000000001,0.30046299999999998
643,13.842012,13.816000000000001,0.26910299999999998
644,12.021426999999999,12.013,0.297599
645,12.943766999999999,12.927,0.28251199999999999
646,13.265043,13.257,0.27944000000000002
647,11.773555999999999,11.757,0.286215
648,12.886775999999999,12.878,0.27273500000000001
649,12.790952000000001,12.766,0.26749600000000001
650,17.909428999999999,17.882999999999999,0.32923799999999998
651,12.297724000000001,12.287000000000001,0.28810000000000002
652,10.711811000000001,10.702999999999999,0.26700699999999999
653,11.111520000000001,11.103,0.28069699999999997
654,11.979243,11.970000000000001,0.273922
655,11.157755999999999,11.15,0.28460800000000003
656,15.399988,15.384,0.293269
657,12.950961,12.942,0.26875399999999999
658,12.023173999999999,12.015000000000001,0.29249999999999998
659,10.351703000000001,10.333,0.28977700000000001
660,20.473555000000001,20.446999999999999,0.264214
661,13.196318,13.188000000000001,0.28460800000000003
662,11.121228,11.108000000000001,0.26100200000000001
663,14.783277999999999,14.768000000000001,0.30535200000000001
664,13.75827,13.750999999999999,0.31254500000000002
665,12.523875,12.507,0.28272199999999997
666,14.651626,14.644,0.26994099999999999
667,15.322463000000001,15.307,0.305282
668,17.769393000000001,17.760999999999999,0.28502699999999997
669,17.338885000000001,17.324000000000002,0.27210600000000001
670,17.854951,17.849,0.290265
671,17.864659,17.850999999999999,0.32197300000000001
672,18.897769,18.882999999999999,0.29201100000000002
673,16.328474,16.315999999999999,0.26910299999999998
674,14.534151,14.525,0.26309700000000003
675,14.716578999999999,14.701000000000001,0.30409399999999998
676,14.409133000000001,14.401999999999999,0.26777600000000001
677,13.604616999999999,13.59,0.27818300000000001
678,12.614879,12.608000000000001,0.30213899999999999
679,17.162113999999999,17.154,0.29438599999999998
680,12.21119,12.202999999999999,0.27902100000000002
681,15.791594,15.778,0.289497
682,23.731497000000001,23.718,0.29962499999999997
683,20.317876999999999,20.303000000000001,0.27077899999999999
684,20.930674,20.916,0.304373
685,14.154976,14.137,0.26519199999999998
686,20.124901999999999,20.111000000000001,0.30898300000000001
687,19.318778999999999,19.302,0.27182699999999999
688,13.482602,13.472,0.29005599999999998
689,15.178378,15.162000000000001,0.29284900000000003
690,13.248768999999999,13.234999999999999,0.28914699999999999
691,12.634085000000001,12.627000000000001,0.26847500000000002
692,13.251353,13.231999999999999,0.28719299999999998
693,31.550014000000001,31.530999999999999,0.36429899999999998
694,12.905214000000001,12.897,0.28775099999999998
695,31.626211999999999,31.606000000000002,0.33901500000000001
696,23.563317000000001,23.547999999999998,0.35375200000000001
697,35.019438999999998,34.996000000000002,0.33007599999999998
698,36.791621999999997,36.774000000000001,0.34271699999999999
699,27.957108000000002,27.937999999999999,0.33259
700,33.897629000000002,33.878999999999998,0.33559299999999997
701,18.436807999999999,18.422000000000001,0.36003800000000002
702,19.031656999999999,19.015000000000001,0.31673499999999999
703,17.605753,17.585999999999999,0.37833699999999998
704,13.619493,13.611000000000001,0.28230300000000003
705,20.990110999999999,20.974,0.35109800000000002
706,35.967621000000001,35.942,0.32302199999999998
707,21.059324,21.042999999999999,0.37470500000000001
708,36.295392,36.267000000000003,0.31750400000000001
709,15.934143000000001,15.927,0.29780800000000002
710,15.738374,15.728999999999999,0.27790300000000001
711,18.192848999999999,18.177,0.356825
712,27.015840000000001,26.995999999999999,0.35291400000000001
713,23.870065,23.852,0.31107899999999999
714,24.816849000000001,24.800000000000001,0.32616400000000001
715,25.339690000000001,25.324000000000002,0.349771
716,21.892755000000001,21.878,0.34369499999999997
717,24.069395,24.050000000000001,0.330984
718,25.186036000000001,25.172000000000001,0.32455800000000001
719,23.174572999999999,23.161000000000001,0.32777099999999998
720,24.609418000000002,24.588999999999999,0.36960599999999999
721,22.149775000000002,22.128,0.30241800000000002
722,19.825137000000002,19.800999999999998,0.30577100000000002
723,18.029836,18.021000000000001,0.28425899999999998
724,17.518588999999999,17.504000000000001,0.29648200000000002
725,24.038665000000002,24.023,0.29103400000000001
726,15.663294,15.648999999999999,0.30304700000000001
727,20.194534999999998,20.181000000000001,0.27909099999999998
728,17.938064000000001,17.923999999999999,0.30535099999999998
729,19.700399000000001,19.684999999999999,0.27238499999999999
730,24.362314999999999,24.349,0.303954
731,16.275812999999999,16.257999999999999,0.29682999999999998
732,16.421225,16.408000000000001,0.27489999999999998
733,18.365849000000001,18.352,0.27461999999999998
734,20.210667999999998,20.193000000000001,0.31750400000000001
735,21.042631,21.030000000000001,0.27441100000000002
736,23.817264000000002,23.777999999999999,0.33063399999999998
737,18.451615,18.436,0.29564299999999999
738,18.494778,18.478000000000002,0.29347800000000002
739,20.842113999999999,20.829000000000001,0.320996
740,20.279184000000001,20.263000000000002,0.31142799999999998
741,20.162057999999998,20.146999999999998,0.27531899999999998
742,19.632162999999998,19.617999999999999,0.31470999999999999
743,21.873757000000001,21.859999999999999,0.27329300000000001
744,27.022335999999999,27.003,0.27545900000000001
745,21.186157999999999,21.170000000000002,0.32581500000000002
746,17.658973,17.643999999999998,0.29194199999999998
747,15.617896,15.603999999999999,0.26966200000000001
748,17.5137,17.506,0.29298999999999997
749,19.689851999999998,19.675999999999998,0.29152299999999998
750,18.802783000000002,18.786000000000001,0.31282500000000002
751,21.837439,21.812999999999999,0.29284900000000003
752,23.019174,23.004000000000001,0.27580700000000002
753,27.812742,27.792000000000002,0.34676800000000002
754,35.276040000000002,35.250999999999998,0.28328100000000001
755,32.268134000000003,32.246000000000002,0.27901999999999999
756,39.578617000000001,39.555999999999997,0.30444300000000002
757,29.147431999999998,29.129000000000001,0.32588499999999998
758,29.335937999999999,29.314,0.27531899999999998
759,29.436371000000001,29.408000000000001,0.30688799999999999
760,35.489618999999998,35.445,0.29285
761,36.687766000000003,36.636000000000003,0.32232300000000003
762,29.828467,29.806999999999999,0.326374
763,29.4678,29.454000000000001,0.28558600000000001
764,33.486046999999999,33.459000000000003,0.29536400000000002
765,30.237534,30.213000000000001,0.34460299999999999
766,29.434833999999999,29.417999999999999,0.27657599999999999
767,29.872537999999999,29.852,0.29829699999999998
768,25.690579,25.675000000000001,0.27078000000000002
769,29.987707,29.968,0.30472199999999999
770,29.968430999999999,29.949000000000002,0.32672299999999999
771,25.638615999999999,25.622,0.275947
772,26.578835999999999,26.556999999999999,0.31002999999999997
773,26.137640999999999,26.111999999999998,0.31652599999999997
774,25.855408000000001,25.837,0.293269
775,26.149094999999999,26.128,0.30095100000000002
776,22.114364999999999,22.100999999999999,0.29536400000000002
777,26.072407999999999,26.058,0.29780800000000002
778,33.631390000000003,33.606000000000002,0.32155400000000001
779,28.761274,28.736999999999998,0.32372000000000001
780,32.928075999999997,32.906999999999996,0.303116
781,24.580781999999999,24.544,0.29606199999999999
782,24.870069999999998,24.856999999999999,0.26302700000000001
783,24.574636000000002,24.556000000000001,0.279999
784,25.06926,25.050999999999998,0.314641
785,25.215789000000001,25.201000000000001,0.27126899999999998
786,29.308350000000001,29.283999999999999,0.28838000000000003
787,29.946501000000001,29.925999999999998,0.32707199999999997
788,25.978959,25.962,0.30067199999999999
789,29.987148999999999,29.966000000000001,0.28272199999999997
790,22.470212,22.454999999999998,0.30611899999999997
791,34.041645000000003,34.023000000000003,0.27322400000000002
792,29.845648000000001,29.823,0.31010100000000002
793,26.551528000000001,26.530999999999999,0.30660799999999999
794,29.559434,29.536999999999999,0.29892600000000003
795,29.661054,29.640000000000001,0.29473500000000002
796,33.710940000000001,33.691000000000003,0.31883099999999998
797,33.561478000000001,33.534999999999997,0.28153499999999998
798,29.561388999999998,29.535,0.33440500000000001
799,29.572285000000001,29.548999999999999,0.28530699999999998
800,29.855426000000001,29.827999999999999,0.30123100000000003
801,33.588087000000002,33.564999999999998,0.29710999999999999
802,29.762955000000002,29.742999999999999,0.27587800000000001
803,29.902360000000002,29.888000000000002,0.27531899999999998
804,29.751919000000001,29.728000000000002,0.33168199999999998
805,28.913041,28.890000000000001,0.28048699999999999
806,33.189357000000001,33.170000000000002,0.30877399999999999
807,33.139139999999998,33.109999999999999,0.28188400000000002
808,33.249212,33.225999999999999,0.31911
809,29.741931999999998,29.722000000000001,0.30325600000000003
810,29.723284,29.701000000000001,0.277694
811,32.837071000000002,32.820999999999998,0.31324299999999999
812,30.001676,29.975999999999999,0.31037999999999999
813,29.764071999999999,29.741,0.30046200000000001
814,32.850620999999997,32.826000000000001,0.31540899999999999
815,33.022852,33.003,0.31142799999999998
816,29.758554,29.736000000000001,0.282443
817,25.650559999999999,25.635999999999999,0.28188400000000002
818,28.82958,28.808,0.30660900000000002
819,35.419356999999998,35.366,0.31079899999999999
820,25.031265999999999,25.004000000000001,0.302977
821,31.570338,31.547000000000001,0.313942
822,32.207999999999998,32.18,0.32602399999999998
823,31.452653000000002,31.433,0.32106600000000002
824,37.679319999999997,37.649000000000001,0.28006799999999998
825,45.990087000000003,45.959000000000003,0.35752299999999998
826,46.685718000000001,46.649999999999999,0.35298400000000002
827,53.885010999999999,53.850999999999999,0.36771999999999999
828,50.361457999999999,50.331000000000003,0.37365700000000002
829,50.705571999999997,50.673000000000002,0.40571499999999999
830,53.214663000000002,53.177,0.326374
831,47.385260000000002,47.357999999999997,0.36548599999999998
832,46.849497999999997,46.817999999999998,0.34851399999999999
833,35.715139999999998,35.694000000000003,0.32483699999999999
834,39.260624,39.231000000000002,0.28048699999999999
835,31.838882999999999,31.815000000000001,0.29955399999999999
836,35.043534999999999,35.009,0.284049
837,31.038139000000001,31.018999999999998,0.33217099999999999
838,34.078870000000002,34.054000000000002,0.30395499999999998
839,30.325814999999999,30.312000000000001,0.28593499999999999
840,30.106369999999998,30.076000000000001,0.27776299999999998
841,29.926805000000002,29.907,0.32399899999999998
842,22.872295000000001,22.859000000000002,0.27168700000000001
843,36.026218999999998,36.006,0.31310399999999999
844,20.047097000000001,20.032,0.27985900000000002
845,26.779354000000001,26.765000000000001,0.303535
846,23.345967000000002,23.329999999999998,0.31918000000000002
847,36.862932000000001,36.832000000000001,0.31030999999999997
848,20.590191999999998,20.573,0.30905300000000002
849,26.417708999999999,26.404,0.30709700000000001
850,39.117097999999999,39.094000000000001,0.28258299999999997
851,30.197164999999998,30.178000000000001,0.30472199999999999
852,38.585247000000003,38.561999999999998,0.307726
853,44.776224999999997,44.741,0.28439900000000001
854,33.352089999999997,33.323,0.32784099999999999
855,36.257326999999997,36.231000000000002,0.27909
856,30.106439000000002,30.088000000000001,0.30891400000000002
857,33.449869,33.430999999999997,0.30681799999999998
858,33.334978,33.308,0.282862
859,37.337440999999998,37.313000000000002,0.288659
860,42.296607000000002,42.228999999999999,0.337758
861,33.677207000000003,33.658999999999999,0.27629700000000001
862,37.6173,37.591999999999999,0.294736
863,34.887296999999997,34.869,0.31966899999999998
864,35.162547000000004,35.142000000000003,0.32832899999999998
865,31.153728000000001,31.132000000000001,0.30255700000000002
866,30.983871000000001,30.960999999999999,0.30255700000000002
867,31.641438000000001,31.628,0.28425899999999998
868,31.327006999999998,31.300999999999998,0.32560600000000001
869,31.282657,31.265000000000001,0.27790300000000001
870,34.444775,34.421999999999997,0.28293200000000002
871,27.532254999999999,27.510999999999999,0.322463
872,30.286352999999998,30.265000000000001,0.29899599999999998
873,67.968188999999995,67.917000000000002,0.355848
874,33.416204999999998,33.396000000000001,0.31121799999999999
875,77.695710000000005,77.655000000000001,0.35591699999999998
876,40.212646999999997,40.185000000000002,0.31135800000000002
877,84.514780000000002,84.471000000000004,0.30954199999999998
878,74.355074000000002,74.313999999999993,0.31317400000000001
879,84.814194999999998,84.766999999999996,0.31645600000000002
880,74.571167000000003,74.528999999999996,0.30269699999999999
881,27.485949999999999,27.471,0.34173900000000001
882,76.339438999999999,76.293000000000006,0.31282500000000002
883,55.250920000000001,55.222000000000001,0.284748
884,42.815815999999998,42.789999999999999,0.31575799999999998
885,47.100721999999998,47.060000000000002,0.35500999999999999
886,41.388514999999998,41.369,0.380851
887,33.105964999999998,33.085999999999999,0.300811
888,36.455401000000002,36.432000000000002,0.294595
889,47.983879999999999,47.951999999999998,0.35619699999999999
890,63.647174,63.606000000000002,0.38029200000000002
891,47.309829999999998,47.283999999999999,0.34320600000000001
892,36.959733,36.939999999999998,0.30563000000000001
893,36.241892,36.218000000000004,0.27573799999999998
894,63.484020999999998,63.447000000000003,0.42157
895,54.542507999999998,54.512999999999998,0.350609
896,57.556629999999998,57.520000000000003,0.41954399999999997
897,33.641936000000001,33.627000000000002,0.27748499999999998
898,36.977752000000002,36.948,0.30926300000000001
899,37.064008000000001,37.031999999999996,0.31799300000000003
900,27.644072999999999,27.629000000000001,0.27720499999999998
901,24.381381999999999,24.361000000000001,0.30451299999999998
902,34.027814999999997,34.008000000000003,0.30241800000000002
903,27.553836,27.535,0.308564
904,43.286693999999997,43.259999999999998,0.31149700000000002
905,46.054132000000003,46.018999999999998,0.28914800000000002
906,43.904100999999997,43.880000000000003,0.31450099999999998
907,48.701231999999997,48.671999999999997,0.30046200000000001
908,43.165308000000003,43.142000000000003,0.28020800000000001
909,34.070628999999997,34.046999999999997,0.31743399999999999
910,26.926931,26.908000000000001,0.31380200000000003
911,50.302162000000003,50.273000000000003,0.28104600000000002
912,24.281786,24.266999999999999,0.30290600000000001
913,24.314263,24.297000000000001,0.29431600000000002
914,37.142021999999997,37.122999999999998,0.29829699999999998
915,34.049256999999997,34.021000000000001,0.322743
916,58.401794000000002,58.366999999999997,0.36995600000000001
917,34.054146000000003,34.033000000000001,0.31142799999999998
918,36.957289000000003,36.930999999999997,0.30157899999999999
919,27.302682999999998,27.289000000000001,0.27573799999999998
920,31.202477999999999,31.184999999999999,0.33866600000000002
921,24.650763999999999,24.620000000000001,0.27601799999999999
922,20.492761999999999,20.475999999999999,0.27322400000000002
923,33.517406999999999,33.494,0.31994800000000001
924,23.904008000000001,23.890999999999998,0.31429099999999999
925,36.795254,36.755000000000003,0.28111599999999998
926,27.257076000000001,27.239000000000001,0.30353599999999997
927,30.587305000000001,30.565000000000001,0.282443
928,24.285069,24.257000000000001,0.33615099999999998
929,30.80696,30.783999999999999,0.27147700000000002
930,33.655904999999997,33.627000000000002,0.276227
931,31.114685999999999,31.088000000000001,0.31317299999999998
932,33.885477000000002,33.865000000000002,0.30940200000000001
933,24.224027,24.210999999999999,0.27357300000000001
934,37.66207,37.642000000000003,0.31037999999999999
935,27.789833999999999,27.765000000000001,0.30612
936,20.858246999999999,20.841000000000001,0.29159299999999999
937,30.501049999999999,30.483000000000001,0.308006
938,24.723261000000001,24.709,0.30276700000000001
939,27.998873,27.978999999999999,0.29347800000000002
940,21.297348,21.288,0.29473500000000002
941,24.718720999999999,24.699000000000002,0.28209400000000001
942,18.276171000000001,18.265000000000001,0.31869199999999998
943,28.587993999999998,28.565999999999999,0.27727499999999999
944,30.693186000000001,30.638000000000002,0.29669099999999998
945,32.148983000000001,32.131,0.31659599999999999
946,31.859347,31.84,0.27650599999999997
947,32.296000999999997,32.262,0.30067199999999999
948,28.238153000000001,28.225000000000001,0.29766900000000002
949,31.544146999999999,31.486999999999998,0.304234
950,31.651914000000001,31.626000000000001,0.274061
951,36.542214000000001,36.472000000000001,0.30688799999999999
952,40.228431,40.18,0.30332599999999998
953,34.514339,34.472999999999999,0.30996099999999999
954,28.602450999999999,28.582999999999998,0.29752899999999999
955,29.337893000000001,29.318000000000001,0.30989100000000003
956,28.985817999999998,28.959,0.31596800000000003
957,28.008651,27.992000000000001,0.28544599999999998
958,31.72015,31.699000000000002,0.30821500000000002
959,24.818176999999999,24.797000000000001,0.31240499999999999
960,28.615442999999999,28.593,0.27294400000000002
961,24.652509999999999,24.637,0.27308399999999999
962,32.024662999999997,32.000999999999998,0.32735199999999998
963,28.323361999999999,28.302,0.29718
964,24.836334999999998,24.821999999999999,0.28768100000000002
965,25.139521999999999,25.119,0.29061500000000001
966,24.827255999999998,24.812999999999999,0.27972000000000002
967,28.476875,28.463000000000001,0.34083200000000002
968,21.77486,21.760999999999999,0.29201199999999999
969,24.654885,24.634,0.29305900000000001
970,25.080575,25.068000000000001,0.31771300000000002
971,27.987838,27.971,0.330984
972,27.575627000000001,27.553999999999998,0.27371200000000001
973,34.015383,34.002000000000002,0.30479299999999998
974,27.714124999999999,27.695,0.27084900000000001
975,24.436208000000001,24.408999999999999,0.30765599999999999
976,24.234083999999999,24.219000000000001,0.273364
977,21.105979000000001,21.093,0.307726
978,38.156064999999998,38.128,0.31582700000000002
979,27.834045,27.818999999999999,0.29836699999999999
980,20.918662000000001,20.905999999999999,0.26945200000000002
981,28.092670999999999,28.074000000000002,0.32176500000000002
982,20.888418999999999,20.870000000000001,0.32707199999999997
983,20.982915999999999,20.966999999999999,0.275947
984,24.138679,24.125,0.30737700000000001
985,17.708212,17.692,0.27727499999999999
986,21.398339,21.373000000000001,0.31128800000000001
987,24.831726,24.814,0.30877399999999999
988,24.371952,24.350999999999999,0.27874199999999999
989,24.437256000000001,24.422999999999998,0.31478
990,34.862363000000002,34.823,0.31058999999999998
991,28.330763999999999,28.315000000000001,0.275669
992,28.447122,28.427,0.29718
993,24.984680999999998,24.963000000000001,0.28188400000000002
994,32.214775000000003,32.195,0.30618899999999999
995,21.419362,21.399000000000001,0.30702800000000002
996,28.121307000000002,28.081,0.32427899999999998
997,25.186316000000001,25.163,0.27860200000000002
998,21.438987000000001,21.425000000000001,0.31443100000000002
999,21.570152,21.547999999999998,0.27196599999999999
1000,28.733965000000001,28.710000000000001,0.29843700000000001
1001,21.878855999999999,21.864000000000001,0.28216400000000003
1002,24.976369999999999,24.951000000000001,0.33629199999999998
1003,28.527161,28.507999999999999,0.29752899999999999
1004,24.956185999999999,24.943999999999999,0.311637
1005,22.153057,22.132999999999999,0.28146599999999999
1006,32.243619000000002,32.225000000000001,0.34900199999999998
1007,41.119410999999999,41.07,0.33699000000000001
1008,28.728448,28.710000000000001,0.28537600000000002
1009,25.491109000000002,25.471,0.32330100000000001
1010,28.919117,28.899000000000001,0.29801800000000001
1011,32.646121999999998,32.616999999999997,0.278532
1012,29.093164999999999,29.077000000000002,0.30765599999999999
1013,25.341995000000001,25.327000000000002,0.31582700000000002
1014,29.071024999999999,29.052,0.30234800000000001
1015,25.350166999999999,25.329999999999998,0.28342099999999998
1016,22.084821999999999,22.062999999999999,0.29201100000000002
1017,25.873146999999999,25.850999999999999,0.319878
1018,21.981733999999999,21.963999999999999,0.29592200000000002
1019,15.066699,15.052,0.27909
1020,18.7379,18.724,0.321135
1021,29.292496,29.274000000000001,0.33398600000000001
1022,22.278494999999999,22.259,0.28628399999999998
1023,22.237985999999999,22.23,0.29682999999999998
1024,26.031690000000001,26.013000000000002,0.27888099999999999
1025,29.945312999999999,29.925000000000001,0.350609
1026,25.862390999999999,25.838999999999999,0.291103
1027,29.07752,29.056999999999999,0.289078
1028,28.869389999999999,28.850999999999999,0.31533899999999998
1029,29.015779999999999,29,0.31764399999999998
1030,25.878385000000002,25.856000000000002,0.30472300000000002
1031,29.376725,29.361000000000001,0.31645600000000002
1032,26.047125000000001,26.024999999999999,0.29292000000000001
1033,29.100359000000001,29.079000000000001,0.31107899999999999
1034,22.159343,22.143000000000001,0.30681799999999998
1035,21.878716000000001,21.864999999999998,0.28551599999999999
1036,28.946566000000001,28.928000000000001,0.28740199999999999
1037,36.745106999999997,36.720999999999997,0.31820300000000001
1038,15.167272000000001,15.159000000000001,0.31205699999999997
1039,15.119918999999999,15.106999999999999,0.31226599999999999
1040,18.523413000000001,18.509,0.31373200000000001
1041,14.931136,14.916,0.30053200000000002
1042,18.232030999999999,18.221,0.30255799999999999
1043,32.581657999999997,32.560000000000002,0.29857699999999998
1044,14.896912,14.871,0.29396699999999998
1045,32.569156,32.546999999999997,0.30877399999999999
1046,18.366617000000002,18.341999999999999,0.28223300000000001
1047,38.987260999999997,38.966000000000001,0.30549100000000001
1048,18.267230999999999,18.251999999999999,0.31156800000000001
1049,18.625312999999998,18.609000000000002,0.29634199999999999
1050,24.779623000000001,24.739000000000001,0.28886899999999999
1051,25.249244000000001,25.23,0.31107800000000002
1052,28.169498999999998,28.151,0.31121799999999999
1053,42.825733,42.795999999999999,0.30500300000000002
1054,35.678054000000003,35.652999999999999,0.30591000000000002
1055,32.086683999999998,32.073,0.32064700000000002
1056,33.866478999999998,33.820999999999998,0.317714
1057,24.83878,24.827000000000002,0.289078
1058,31.200382999999999,31.181000000000001,0.28237299999999999
1059,24.874120000000001,24.853000000000002,0.31561800000000001
1060,18.032491,18.015999999999998,0.30346600000000001
1061,28.183257000000001,28.163,0.32623400000000002
1062,20.934374999999999,20.920000000000002,0.29997400000000002
1063,38.822431999999999,38.795999999999999,0.29906500000000003
1064,24.670877999999998,24.652999999999999,0.33810800000000002
1065,21.244406000000001,21.222000000000001,0.289078
1066,45.318621,45.290999999999997,0.28621400000000002
1067,38.201462999999997,38.176000000000002,0.33608199999999999
1068,62.780149000000002,62.743000000000002,0.35885
1069,41.171374,41.142000000000003,0.324907
1070,65.913633000000004,65.864999999999995,0.36674299999999999
1071,37.240639000000002,37.210000000000001,0.28195399999999998
1072,58.157415,58.119999999999997,0.33454499999999998
1073,43.602800999999999,43.567999999999998,0.303257
1074,40.092657000000003,40.067999999999998,0.29969400000000002
1075,20.369420000000002,20.353999999999999,0.280976
1076,27.981831,27.962,0.27748499999999998
1077,21.915384,21.907,0.31533899999999998
1078,26.550131,26.530000000000001,0.273783
1079,31.002099000000001,30.98,0.30625999999999998
1080,30.148275000000002,30.125,0.32637300000000002
1081,26.579744000000002,26.562999999999999,0.29592200000000002
1082,28.341311000000001,28.321000000000002,0.27874100000000002
1083,27.466602999999999,27.446999999999999,0.330565
1084,35.971392999999999,35.944000000000003,0.353962
1085,38.627710999999998,38.603000000000002,0.37358799999999998
1086,45.239908999999997,45.198999999999998,0.32560600000000001
1087,42.045802000000002,42.023000000000003,0.34348600000000001
1088,44.189337999999999,44.152999999999999,0.40794999999999998
1089,35.527124000000001,35.5,0.36862800000000001
1090,32.066569000000001,32.048999999999999,0.373029
1091,26.863723,26.844999999999999,0.28649400000000003
1092,28.512983999999999,28.492999999999999,0.28495700000000002
1093,26.444738000000001,26.425000000000001,0.32805000000000001
1094,29.430644000000001,29.417999999999999,0.28698299999999999
1095,24.977767,24.956,0.28761100000000001
1096,25.308191000000001,25.289999999999999,0.32225399999999998
1097,23.160744000000001,23.154,0.32008799999999998
1098,25.755113000000001,25.734000000000002,0.28593499999999999
1099,32.589478999999997,32.545000000000002,0.309193
1100,32.419272999999997,32.396000000000001,0.27734500000000001
1101,37.69699,37.667000000000002,0.373587
1102,52.044941000000001,52.002000000000002,0.31240600000000002
1103,46.751998,46.728000000000002,0.28914800000000002
1104,69.247283999999993,69.185000000000002,0.38846399999999998
1105,50.227429999999998,50.198999999999998,0.31603700000000001
1106,50.897429000000002,50.862000000000002,0.282443
1107,38.765929,38.735999999999997,0.34034300000000001
1108,46.875968999999998,46.850000000000001,0.36772100000000002
1109,51.703761,51.673000000000002,0.317714
1110,44.612374000000003,44.582000000000001,0.28768100000000002
1111,32.159809000000003,32.140999999999998,0.31610700000000003
1112,47.042962000000003,47.012999999999998,0.329656
1113,35.307260999999997,35.280000000000001,0.30011300000000002
1114,57.140369,57.107999999999997,0.28879899999999997
1115,31.547080999999999,31.52,0.338806
1116,19.246493000000001,19.234000000000002,0.27559800000000001
1117,19.371790000000001,19.359000000000002,0.27860200000000002
1118,49.025581000000003,48.994,0.32309100000000002
1119,19.822832999999999,19.803000000000001,0.31149700000000002
1120,56.825589000000001,56.789999999999999,0.322044
1121,41.355060000000002,41.326000000000001,0.33559299999999997
1122,44.294590999999997,44.271000000000001,0.290265
1123,38.744767000000003,38.722000000000001,0.32385999999999998
1124,20.024677000000001,20.003,0.27762399999999998
1125,13.613906,13.6,0.27573799999999998
1126,59.499018999999997,59.466000000000001,0.329517
1127,56.054597000000001,56.018999999999998,0.31568800000000002
1128,32.591574999999999,32.560000000000002,0.29012500000000002
1129,35.780793000000003,35.759999999999998,0.33712999999999999
1130,48.382122000000003,48.347000000000001,0.31771300000000002
1131,53.561222000000001,53.531999999999996,0.31729400000000002
1132,19.834636,19.824999999999999,0.29494399999999998
1133,36.212978,36.192,0.31408199999999997
1134,44.958163999999996,44.921999999999997,0.320158
1135,53.938929999999999,53.908999999999999,0.28761199999999998
1136,32.113503000000001,32.090000000000003,0.28083599999999997
1137,56.801912999999999,56.771999999999998,0.34970099999999998
1138,54.499904000000001,54.466999999999999,0.339086
1139,67.551787000000004,67.516000000000005,0.284748
1140,60.507336000000002,60.472000000000001,0.31673600000000002
1141,42.441389999999998,42.411000000000001,0.32085599999999997
1142,23.303014000000001,23.289999999999999,0.29641200000000001
1143,22.612062000000002,22.588000000000001,0.33517400000000003
1144,19.916350999999999,19.908000000000001,0.27804299999999998
1145,60.378056999999998,60.345999999999997,0.29054400000000002
1146,19.748100999999998,19.731999999999999,0.34711700000000001
1147,58.209308,58.170000000000002,0.293408
1148,48.082427000000003,48.055,0.31478
1149,51.57958,51.548000000000002,0.29005500000000001
1150,38.217177999999997,38.191000000000003,0.32050699999999999
1151,47.242991000000004,47.192,0.335034
1152,41.508364999999998,41.476999999999997,0.28551599999999999
1153,41.980499999999999,41.951000000000001,0.28956700000000002
1154,48.196480000000001,48.164999999999999,0.35340300000000002
1155,52.228976000000003,52.164999999999999,0.347746
1156,23.350366999999999,23.309999999999999,0.40333999999999998
1157,48.162047999999999,48.113,0.324488
1158,48.330019999999998,48.262999999999998,0.32805000000000001
1159,53.942490999999997,53.877000000000002,0.29131299999999999
1160,19.869139000000001,19.855,0.30255799999999999
1161,44.160423000000002,44.134999999999998,0.289358
1162,41.542098000000003,41.515999999999998,0.33538299999999999
1163,44.338172999999998,44.308999999999997,0.32644400000000001
1164,47.689145000000003,47.658999999999999,0.29424600000000001
1165,45.273781999999997,45.244,0.33433600000000002
1166,20.054849000000001,20.036999999999999,0.287192
1167,35.641385999999997,35.619999999999997,0.28803099999999998
1168,41.542447000000003,41.521000000000001,0.32867800000000003
1169,22.610455000000002,22.591999999999999,0.30374499999999999
1170,40.915959999999998,40.890000000000001,0.30584
1171,57.684441999999997,57.652999999999999,0.328679
1172,29.352838999999999,29.334,0.30423299999999998
1173,38.996968000000003,38.965000000000003,0.32714300000000002
1174,50.832825,50.805999999999997,0.28481699999999999
1175,19.692996000000001,19.68,0.31114799999999998
1176,53.867410999999997,53.829999999999998,0.32204300000000002
1177,47.804803999999997,47.771999999999998,0.32644299999999998
1178,45.261628999999999,45.235999999999997,0.288379
1179,16.827708000000001,16.812999999999999,0.31457099999999999
1180,41.048521000000001,41.030999999999999,0.30255799999999999
1181,38.617792999999999,38.588999999999999,0.31506000000000001
1182,16.596878,16.588000000000001,0.30025299999999999
1183,37.906379000000001,37.875,0.28453800000000001
1184,40.712578999999998,40.686999999999998,0.32344000000000001
1185,54.521205999999999,54.485999999999997,0.35095900000000002
1186,16.622509999999998,16.613,0.30374499999999999
1187,45.630747,45.600999999999999,0.31876100000000002
1188,47.767229,47.729999999999997,0.310031
1189,48.866898999999997,48.834000000000003,0.33161200000000002
1190,38.958624999999998,38.938000000000002,0.31380200000000003
1191,16.608611,16.594999999999999,0.28062700000000002
1192,19.478719000000002,19.465,0.28425899999999998
1193,50.383527999999998,50.345999999999997,0.33712900000000001
1194,44.913186000000003,44.886000000000003,0.28649400000000003
1195,26.326495000000001,26.312999999999999,0.28446900000000003
1196,34.800412999999999,34.773000000000003,0.316666
1197,50.283163999999999,50.25,0.30199900000000002
1198,20.140830000000001,20.126000000000001,0.29333599999999999
1199,16.429397999999999,16.416,0.328816
1200,22.280961999999999,22.262,0.31212299999999998
1201,34.624958999999997,34.597999999999999,0.318967
1202,41.526874999999997,41.5,0.28628199999999998
1203,22.624794000000001,22.611999999999998,0.28104400000000002
1204,43.193862000000003,43.164999999999999,0.33377499999999999
1205,46.852460000000001,46.819000000000003,0.29165999999999997
1206,16.254304999999999,16.242000000000001,0.30464999999999998
1207,22.892288000000001,22.873999999999999,0.31729200000000002
1208,43.414701999999998,43.389000000000003,0.31345099999999998
1209,46.712566000000002,46.676000000000002,0.291101
1210,69.915581000000003,69.876999999999995,0.324905
1211,19.643383,19.626000000000001,0.28383799999999998
1212,22.274467000000001,22.260000000000002,0.30409199999999997
1213,43.651814999999999,43.622,0.32951399999999997
1214,16.324216,16.309999999999999,0.30346299999999998
1215,16.316324000000002,16.302,0.29396499999999998
1216,54.012929999999997,53.975999999999999,0.34774300000000002
1217,25.162428999999999,25.146000000000001,0.28383799999999998
1218,52.055819999999997,52.026000000000003,0.320295
1219,41.393825999999997,41.366,0.28956399999999999
1220,59.317213000000002,59.277000000000001,0.31673299999999999
1221,19.379729999999999,19.364999999999998,0.34278399999999998
1222,49.613030000000002,49.564,0.337476
1223,25.197628999999999,25.152000000000001,0.30953900000000001
1224,47.061914999999999,47.031999999999996,0.32036500000000001
1225,37.055875999999998,37.036000000000001,0.28628100000000001
1226,19.091702000000002,19.079000000000001,0.308282
1227,49.306634000000003,49.271000000000001,0.31987599999999999
1228,56.281464999999997,56.240000000000002,0.31673299999999999
1229,46.348480000000002,46.323,0.32001499999999999
1230,19.314008999999999,19.300000000000001,0.278669
1231,19.331538999999999,19.315000000000001,0.32385700000000001
1232,22.501942,22.475999999999999,0.30325400000000002
1233,62.233809999999998,62.198999999999998,0.29263699999999998
1234,19.495318000000001,19.481999999999999,0.282441
1235,22.45431,22.431999999999999,0.33572999999999997
1236,16.897548,16.876999999999999,0.29152
1237,37.226779000000001,37.198,0.284605
1238,28.234006000000001,28.216000000000001,0.31247200000000003
1239,42.423715000000001,42.390000000000001,0.33307599999999998
1240,34.138998999999998,34.107999999999997,0.33098100000000003
1241,31.237836000000001,31.218,0.282441
1242,19.338592999999999,19.324999999999999,0.388181
1243,19.082204000000001,19.059000000000001,0.31764100000000001
1244,27.705303000000001,27.684999999999999,0.281393
1245,27.854835000000001,27.841000000000001,0.27817999999999998
1246,33.650385,33.628999999999998,0.32050499999999998
1247,43.466453999999999,43.433,0.33321600000000001
1248,19.060692,19.041,0.30129800000000001
1249,22.123189,22.108000000000001,0.306676
1250,19.210432999999998,19.202999999999999,0.28649200000000002
1251,45.883752000000001,45.853000000000002,0.31589499999999998
1252,25.163057999999999,25.143000000000001,0.31826900000000002
1253,45.455202999999997,45.423999999999999,0.31945699999999999
1254,54.819254999999998,54.787999999999997,0.306676
1255,28.353017000000001,28.338000000000001,0.30716500000000002
1256,24.697911000000001,24.678000000000001,0.31813000000000002
1257,21.999918000000001,21.984999999999999,0.31142500000000001
1258,24.456886000000001,24.443999999999999,0.31764100000000001
1259,21.806666,21.786999999999999,0.29787599999999997
1260,25.189527999999999,25.158000000000001,0.323158
1261,21.579331,21.564,0.28621200000000002
1262,21.436015000000001,21.414000000000001,0.31289099999999997
1263,36.040514999999999,36.021999999999998,0.32176199999999999
1264,18.920380000000002,18.899999999999999,0.27929799999999999
1265,32.985349999999997,32.972000000000001,0.30507000000000001
1266,18.717209,18.704000000000001,0.31226399999999999
1267,18.371562000000001,18.349,0.28621200000000002
1268,30.400991000000001,30.382000000000001,0.32378699999999999
1269,18.925547999999999,18.911000000000001,0.28698000000000001
1270,36.929322999999997,36.904000000000003,0.31317099999999998
1271,21.719781999999999,21.696000000000002,0.34145700000000001
1272,19.096032000000001,19.082999999999998,0.27936800000000001
1273,18.560624000000001,18.545999999999999,0.30374200000000001
1274,33.243906000000003,33.222999999999999,0.31484699999999999
1275,21.366662000000002,21.352,0.27608500000000002
1276,22.098675,22.082000000000001,0.313031
1277,22.126611,22.114000000000001,0.31582500000000002
1278,42.348914000000001,42.317,0.30472100000000002
1279,21.531348999999999,21.516999999999999,0.34878999999999999
1280,27.324245999999999,27.303999999999998,0.29054200000000002
1281,33.775052000000002,33.756,0.31002800000000003
1282,24.296389000000001,24.276,0.317222
1283,19.281531999999999,19.265000000000001,0.290962
1284,18.78342,18.766999999999999,0.28188200000000002
1285,15.829038000000001,15.821,0.33859400000000001
1286,30.156963000000001,30.135000000000002,0.30010999999999999
1287,30.632377000000002,30.614000000000001,0.30283500000000002
1288,18.969128999999999,18.956,0.30772300000000002
1289,15.954542999999999,15.941000000000001,0.293964
1290,42.328589999999998,42.305,0.32280999999999999
1291,21.434618,21.422000000000001,0.33880300000000002
1292,28.076233999999999,28.059999999999999,0.280555
1293,29.840440000000001,29.815000000000001,0.32972299999999999
1294,18.999231999999999,18.986000000000001,0.307863
1295,27.652083999999999,27.631,0.303952
1296,33.940438999999998,33.920000000000002,0.31533600000000001
1297,15.669798,15.654999999999999,0.29955199999999998
1298,27.410779999999999,27.390999999999998,0.29438300000000001
1299,18.671952000000001,18.655999999999999,0.31030799999999997
1300,22.311063999999998,22.295000000000002,0.28795799999999999
1301,18.596731999999999,18.579000000000001,0.314359
1302,47.461340999999997,47.423000000000002,0.31254199999999999
1303,19.015784,19.007999999999999,0.286352
1304,47.921948,47.890000000000001,0.31659399999999999
1305,35.937218000000001,35.908999999999999,0.30332300000000001
1306,22.014585,21.998999999999999,0.32350699999999999
1307,18.952786,18.934000000000001,0.33426400000000001
1308,44.621220000000001,44.595999999999997,0.28202100000000002
1309,18.825254999999999,18.812000000000001,0.30981900000000001
1310,19.13654,19.120999999999999,0.30967899999999998
1311,18.828396999999999,18.812000000000001,0.28453600000000001
1312,30.594173000000001,30.574999999999999,0.32762799999999997
1313,15.843425,15.824999999999999,0.347603
1314,18.526541000000002,18.518000000000001,0.32336799999999999
1315,21.619489999999999,21.597000000000001,0.328816
1316,19.202121999999999,19.189,0.302485
1317,18.417936999999998,18.398,0.27818100000000001
1318,24.926015,24.911000000000001,0.31107600000000002
1319,30.336178,30.317,0.28411700000000001
1320,41.826427000000002,41.801000000000002,0.31142500000000001
1321,30.652911,30.625,0.32385700000000001
1322,30.903782,30.885999999999999,0.291101
1323,16.019845,16.001999999999999,0.31177500000000002
1324,33.572510999999999,33.554000000000002,0.33475199999999999
1325,18.939028,18.920999999999999,0.28153299999999998
1326,33.055261999999999,33.024999999999999,0.28551399999999999
1327,45.072398999999997,45.051000000000002,0.31107600000000002
1328,27.816561,27.795999999999999,0.31798999999999999
1329,18.690670000000001,18.681999999999999,0.30953900000000001
1330,28.202577999999999,28.172000000000001,0.31484699999999999
1331,24.830819999999999,24.806000000000001,0.31128499999999998
1332,18.439239000000001,18.431000000000001,0.31959599999999999
1333,36.663085000000002,36.637999999999998,0.28579300000000002
1334,15.901673000000001,15.893000000000001,0.27999600000000002
1335,44.760415000000002,44.734000000000002,0.31023800000000001
1336,39.537289000000001,39.511000000000003,0.31184400000000001
1337,41.651961999999997,41.621000000000002,0.28376699999999999
1338,24.829912,24.812999999999999,0.31547599999999998
1339,18.504960000000001,18.484999999999999,0.27957700000000002
1340,19.025981000000002,19.010999999999999,0.34306300000000001
1341,27.238828999999999,27.210999999999999,0.286491
1342,18.359549000000001,18.350000000000001,0.310168
1343,35.449303,35.398000000000003,0.28621200000000002
1344,33.500363999999998,33.469000000000001,0.33572999999999997
1345,24.682755,24.663,0.29612899999999998
1346,36.572431000000002,36.548000000000002,0.31463799999999997
1347,15.626077,15.611000000000001,0.30618699999999999
1348,24.446061,24.428999999999998,0.32762799999999997
1349,24.080857999999999,24.059999999999999,0.304232
1350,26.764043999999998,26.742000000000001,0.27818100000000001
1351,30.727710999999999,30.704999999999998,0.33007300000000001
1352,32.979134999999999,32.954000000000001,0.28628199999999998
1353,23.947600000000001,23.920000000000002,0.278949
1354,23.678708,23.666,0.34103800000000001
1355,23.910862999999999,23.888000000000002,0.33077099999999998
1356,44.492223000000003,44.465000000000003,0.30932999999999999
1357,30.107165999999999,30.088999999999999,0.32874500000000001
1358,47.549061999999999,47.523000000000003,0.32036500000000001
1359,32.300341000000003,32.277000000000001,0.303672
1360,18.252341999999999,18.236999999999998,0.30646699999999999
1361,52.463557000000002,52.432000000000002,0.29096100000000003
1362,18.316037999999999,18.306999999999999,0.27454800000000001
1363,15.41718,15.401999999999999,0.32211099999999998
1364,44.685335000000002,44.655000000000001,0.293825
1365,38.196534,38.173999999999999,0.32693
1366,43.513038999999999,43.482999999999997,0.30590699999999998
1367,26.874534000000001,26.858000000000001,0.31079600000000002
1368,18.377219,18.367999999999999,0.30499999999999999
1369,26.572118,26.552,0.28104400000000002
1370,23.817972999999999,23.798999999999999,0.27769100000000002
1371,26.929639000000002,26.913,0.371699
1372,34.772604000000001,34.747999999999998,0.28383799999999998
1373,30.22457,30.198,0.32727899999999999
1374,41.338231999999998,41.311999999999998,0.31512600000000002
1375,52.206468999999998,52.170000000000002,0.30157699999999998
1376,40.081986000000001,40.052,0.35828900000000002
1377,30.513017999999999,30.491,0.31813000000000002
1378,41.956052999999997,41.923999999999999,0.34704400000000002
1379,41.554602000000003,41.529000000000003,0.28977399999999998
1380,47.257682000000003,47.226999999999997,0.31687300000000002
1381,37.481214000000001,37.462000000000003,0.331121
1382,43.746031000000002,43.710999999999999,0.29843500000000001
1383,34.531230999999998,34.503999999999998,0.278669
1384,32.132370999999999,32.119,0.343972
1385,32.557009999999998,32.521999999999998,0.28600199999999998
1386,20.877908999999999,20.864000000000001,0.32483499999999998
1387,18.067050999999999,18.059999999999999,0.27887800000000001
1388,27.166471999999999,27.146000000000001,0.31834000000000001
1389,45.194552000000002,45.161999999999999,0.32336799999999999
1390,20.378539,20.359000000000002,0.29808499999999999
1391,26.142590999999999,26.126999999999999,0.30946899999999999
1392,37.685710999999998,37.652999999999999,0.34732400000000002
1393,23.937123,23.922999999999998,0.28439599999999998
1394,67.706203000000002,67.664000000000001,0.39544499999999999
1395,50.218839000000003,50.186999999999998,0.28481499999999998
1396,26.733034,26.709,0.285304
1397,23.710207,23.696000000000002,0.33719700000000002
1398,83.470286999999999,83.417000000000002,0.38287399999999999
1399,29.633149,29.611999999999998,0.30967899999999998
1400,29.543890999999999,29.52,0.30548900000000001
1401,20.745208000000002,20.731000000000002,0.30709500000000001
1402,57.443494000000001,57.399999999999999,0.32434600000000002
1403,29.404555999999999,29.385000000000002,0.27957700000000002
1404,33.357818000000002,33.338000000000001,0.33524100000000001
1405,36.026406000000001,35.990000000000002,0.34460000000000002
1406,27.215921000000002,27.196999999999999,0.31051699999999999
1407,24.055364999999998,24.033000000000001,0.32246000000000002
1408,20.455295,20.425000000000001,0.28118300000000002
1409,37.028008999999997,37.003999999999998,0.30939899999999998
1410,23.528898000000002,23.507999999999999,0.34292400000000001
1411,36.956491,36.933999999999997,0.28334799999999999
1412,26.656417999999999,26.638000000000002,0.312473
1413,29.384651000000002,29.359999999999999,0.31959700000000002
1414,26.481673000000001,26.463999999999999,0.34823199999999999
1415,21.560264,21.545000000000002,0.304371
1416,18.496020000000001,18.484000000000002,0.314079
1417,21.122076,21.105,0.28670099999999998
1418,18.378895,18.367999999999999,0.308701
1419,33.055891000000003,33.030999999999999,0.32197100000000001
1420,55.760095,55.725999999999999,0.31987599999999999
1421,47.465601999999997,47.433999999999997,0.32944400000000001
1422,50.196420000000003,50.167999999999999,0.28956500000000002
1423,18.84488,18.831,0.30339300000000002
1424,72.032978,71.981999999999999,0.35528599999999999
1425,44.418678999999997,44.387,0.28767900000000002
1426,60.154756999999996,60.121000000000002,0.32246000000000002
1427,38.604340999999998,38.579000000000001,0.30136800000000002
1428,36.813454999999998,36.780999999999999,0.32127299999999998
1429,18.943777000000001,18.934000000000001,0.303533
1430,58.945514000000003,58.908000000000001,0.316803
1431,18.895586000000002,18.875,0.30814200000000003
1432,21.592739999999999,21.577999999999999,0.31980599999999998
1433,27.39716,27.382000000000001,0.28453600000000001
1434,56.018929,55.978999999999999,0.29969200000000001
1435,18.826022999999999,18.800000000000001,0.32441500000000001
1436,79.355271999999999,79.302999999999997,0.36331799999999997
1437,39.314633000000001,39.280999999999999,0.35158400000000001
1438,41.331387999999997,41.311999999999998,0.314917
1439,69.337778999999998,69.296999999999997,0.290682
1440,82.682540000000003,82.635000000000005,0.33796399999999999
1441,68.918868000000003,68.882999999999996,0.29536099999999998
1442,68.515949000000006,68.471000000000004,0.32665100000000002
1443,27.021270999999999,27.006,0.31414900000000001
1444,78.342634000000004,78.293999999999997,0.31540600000000002
1445,71.462368999999995,71.418000000000006,0.29221799999999998
1446,67.412098,67.379999999999995,0.33635900000000002
1447,70.056730999999999,70.016000000000005,0.285723
1448,54.433239,54.390999999999998,0.32015500000000002
1449,61.167394999999999,61.131,0.30967899999999998
1450,36.729574999999997,36.710999999999999,0.33063199999999998
1451,33.131459999999997,33.106999999999999,0.30066900000000002
1452,36.295786999999997,36.274999999999999,0.29522199999999998
1453,35.844189,35.811999999999998,0.28628199999999998
1454,35.568663000000001,35.546999999999997,0.32434600000000002
1455,30.233301000000001,30.207000000000001,0.308282
1456,33.295169000000001,33.268000000000001,0.303533
1457,41.866585999999998,41.838999999999999,0.31575599999999998
1458,24.364905,24.341999999999999,0.35968600000000001
1459,26.953455000000002,26.937000000000001,0.28209200000000001
1460,47.961897999999998,47.927999999999997,0.32106299999999999
1461,41.791924999999999,41.767000000000003,0.286771
1462,15.921158999999999,15.913,0.32993299999999998
1463,38.299970000000002,38.274000000000001,0.282161
1464,18.879383000000001,18.866,0.33971099999999999
1465,31.420752,31.388999999999999,0.33922200000000002
1466,32.827646999999999,32.808,0.28216200000000002
1467,69.498903999999996,69.462000000000003,0.32204100000000002
1468,62.125065999999997,62.081000000000003,0.31324099999999999
1469,26.486073000000001,26.434000000000001,0.32085399999999997
1470,46.747138,46.712000000000003,0.28418700000000002
1471,50.241886999999998,50.212000000000003,0.45676600000000001
1472,48.145443,48.106999999999999,0.327768
1473,85.416571000000005,85.358999999999995,0.42226399999999997
1474,18.790614000000001,18.777000000000001,0.27901799999999999
1475,63.358614000000003,63.314999999999998,0.29200900000000002
1476,21.375392000000002,21.359999999999999,0.32595200000000002
1477,38.865200000000002,38.832000000000001,0.27852900000000003
1478,21.730188999999999,21.716000000000001,0.29186899999999999
1479,68.997020000000006,68.942999999999998,0.43553399999999998
1480,47.671495999999998,47.646999999999998,0.29026299999999999
1481,47.038378000000002,47.002000000000002,0.31023800000000001
1482,63.974409999999999,63.929000000000002,0.32099299999999997
1483,33.291468000000002,33.273000000000003,0.29417399999999999
1484,18.234043,18.216000000000001,0.300041
1485,63.084695000000004,63.048999999999999,0.28502499999999997
1486,21.374973000000001,21.361999999999998,0.32008500000000001
1487,44.084834999999998,44.049999999999997,0.29221799999999998
1488,50.763745999999998,50.706000000000003,0.28348800000000002
1489,24.119620000000001,24.106999999999999,0.32790799999999998
1490,44.732548000000001,44.709000000000003,0.30960900000000002
1491,56.40746,56.374000000000002,0.31477699999999997
1492,46.739035999999999,46.709000000000003,0.31889800000000001
1493,29.504431,29.486000000000001,0.27845999999999999
1494,18.570402000000001,18.553000000000001,0.312473
1495,18.999998999999999,18.984999999999999,0.33000299999999999
1496,56.692065999999997,56.661999999999999,0.286771
1497,61.346677999999997,61.305999999999997,0.31526700000000002
1498,18.559367000000002,18.545000000000002,0.31533600000000001
1499,21.520104,21.506,0.27769199999999999
1500,21.735916,21.719000000000001,0.32427499999999998
1501,21.768463000000001,21.754000000000001,0.32050400000000001
1502,16.259264000000002,16.242999999999999,0.30618699999999999
1503,63.379705999999999,63.344999999999999,0.31373000000000001
1504,28.164093999999999,28.149000000000001,0.29242800000000002
1505,19.425056999999999,19.401,0.27776099999999998
1506,61.782283,61.735999999999997,0.34823199999999999
1507,31.355869999999999,31.334,0.283418
1508,54.353200000000001,54.323999999999998,0.28523399999999999
1509,30.500585000000001,30.481000000000002,0.34005999999999997
1510,61.228645,61.192999999999998,0.31254300000000002
1511,39.203583999999999,39.176000000000002,0.32518399999999997
1512,49.277439000000001,49.241999999999997,0.28628199999999998
1513,36.088216000000003,36.067999999999998,0.310587
1514,43.090843999999997,43.064,0.32357799999999998
1515,45.816704000000001,45.789000000000001,0.32246000000000002
1516,44.743304000000002,44.713000000000001,0.29075200000000001
1517,58.897602999999997,58.863,0.38999699999999998
1518,18.739768000000002,18.727,0.27643499999999999
1519,18.581296999999999,18.57,0.285723
1520,35.614829,35.591999999999999,0.324625
1521,21.341588999999999,21.324999999999999,0.30192600000000003
1522,18.459841999999998,18.445,0.32685999999999998
1523,21.379932,21.364999999999998,0.31764100000000001
1524,21.695059000000001,21.681999999999999,0.28523399999999999
1525,21.843612,21.826000000000001,0.34033999999999998
1526,27.005137999999999,26.986000000000001,0.30234499999999997
1527,18.732505,18.718,0.29920200000000002
1528,16.164558,16.146999999999998,0.32099299999999997
1529,36.547705999999998,36.521000000000001,0.321552
1530,18.425409999999999,18.411999999999999,0.28146300000000002
1531,18.914234,18.899999999999999,0.29752600000000001
1532,42.492019999999997,42.463999999999999,0.38936900000000002
1533,22.146166999999998,21.690999999999999,0.793543
1534,24.835849,24.818999999999999,0.289076
1535,18.992457000000002,18.978000000000002,0.28719
1536,40.154480999999997,40.131,0.34285399999999999
1537,18.856683,18.843,0.29990099999999997
1538,36.761353,36.741,0.28767799999999999
1539,39.608666999999997,39.579999999999998,0.31142500000000001
1540,22.257635000000001,22.242999999999999,0.32155299999999998
1541,27.473289000000001,27.452000000000002,0.30094900000000002
1542,19.354447,19.341999999999999,0.33873300000000001
1543,57.401380000000003,57.371000000000002,0.28579300000000002
1544,19.195767,19.18,0.34934900000000002
1545,49.779812999999997,49.747999999999998,0.28481499999999998
1546,19.109999999999999,19.103000000000002,0.28125299999999998
1547,19.517249,19.501000000000001,0.31086599999999998
1548,22.326988,22.312000000000001,0.30967899999999998
1549,31.695022000000002,31.672999999999998,0.28090399999999999
1550,25.11354,25.094000000000001,0.31184400000000001
1551,27.346246000000001,27.326000000000001,0.29047200000000001
1552,21.598746999999999,21.584,0.30199599999999999
1553,36.286638000000004,36.238999999999997,0.31833899999999998
1554,50.008056000000003,49.979999999999997,0.293825
1555,43.054595999999997,43.036000000000001,0.31631399999999998
1556,25.261185999999999,25.241,0.30031999999999998
1557,18.651976999999999,18.645,0.28048499999999998
1558,22.016470999999999,21.995999999999999,0.31743100000000002
1559,49.589143999999997,49.555,0.28649200000000002
1560,19.611464999999999,19.597000000000001,0.31156499999999998
1561,22.557326,22.538,0.29899300000000001
1562,22.333622999999999,22.318000000000001,0.310587
1563,16.650587000000002,16.637,0.28334900000000002
1564,22.397109,22.384,0.32686100000000001
1565,22.75037,22.731000000000002,0.29969099999999999
1566,16.326311,16.318999999999999,0.27915800000000002
1567,63.225565000000003,63.173999999999999,0.33307599999999998
1568,25.583855,25.568999999999999,0.31771100000000002
1569,58.808624000000002,58.771999999999998,0.31966600000000001
1570,49.718142999999998,49.695,0.28418700000000002
1571,64.761038999999997,64.725999999999999,0.28649200000000002
1572,22.278238000000002,22.257000000000001,0.324625
1573,19.479883999999998,19.466999999999999,0.29144999999999999
1574,64.314121,64.283000000000001,0.32078400000000001
1575,76.726982000000007,76.688999999999993,0.32413700000000001
1576,19.866319000000001,19.850999999999999,0.285304
1577,75.945031999999998,75.906999999999996,0.28285900000000003
1578,22.557606,22.536000000000001,0.314079
1579,22.583518000000002,22.568999999999999,0.29668800000000001
1580,61.193235000000001,61.158999999999999,0.31624400000000003
1581,22.403814000000001,22.388999999999999,0.310168
1582,44.124783999999998,44.093000000000004,0.305838
1583,47.573436999999998,47.548999999999999,0.32825700000000002
1584,25.448293,25.428999999999998,0.28062500000000001
1585,65.211658999999997,65.177999999999997,0.28719
1586,46.653618999999999,46.621000000000002,0.31435800000000003
1587,68.961680000000001,68.921000000000006,0.33181899999999998
1588,19.681865999999999,19.673999999999999,0.27245399999999997
1589,19.733409000000002,19.712,0.320575
1590,47.680714000000002,47.652000000000001,0.31337999999999999
1591,52.560009000000001,52.526000000000003,0.31442900000000001
1592,22.382093000000001,22.373999999999999,0.29710700000000001
1593,16.395945000000001,16.379999999999999,0.27936800000000001
1594,53.935265999999999,53.902000000000001,0.286491
1595,20.127108,20.113,0.32560299999999998
1596,50.866970999999999,50.837000000000003,0.31771100000000002
1597,47.918038000000003,47.880000000000003,0.33133000000000001
1598,62.367767000000001,62.326999999999998,0.318409
1599,37.416190999999998,37.396000000000001,0.30751400000000001
1600,19.585902999999998,19.571999999999999,0.30793300000000001
1601,13.258996,13.244999999999999,0.295711
1602,38.323645999999997,38.304000000000002,0.292848
1603,57.531495,57.487000000000002,0.33188899999999999
1604,38.427849999999999,38.404000000000003,0.29026299999999999
1605,47.269415000000002,47.244,0.290543
1606,48.399526999999999,48.368000000000002,0.33377400000000002
1607,47.352317999999997,47.326999999999998,0.31722099999999998
1608,47.618555999999998,47.584000000000003,0.323019
1609,41.857855000000001,41.838000000000001,0.28006599999999998
1610,47.169331999999997,47.139000000000003,0.310587
1611,40.695197999999998,40.661999999999999,0.30674499999999999
1612,38.522765999999997,38.496000000000002,0.30772300000000002
1613,38.674042999999998,38.648000000000003,0.28816700000000001
1614,22.538678999999998,22.526,0.32434600000000002
1615,46.746929000000002,46.715000000000003,0.29570999999999997
1616,44.859310999999998,44.823,0.32979399999999998
1617,16.651146000000001,16.637,0.306257
1618,40.363239,40.334000000000003,0.295431
1619,47.963783999999997,47.917999999999999,0.28153299999999998
1620,53.068038999999999,53.039999999999999,0.31170399999999998
1621,19.722094999999999,19.709,0.29487200000000002
1622,40.586384000000002,40.564999999999998,0.32287900000000003
1623,38.330002,38.311,0.27880899999999997
1624,41.216636999999999,41.186999999999998,0.32120199999999999
1625,56.149952999999996,56.116999999999997,0.32574199999999998
1626,38.324064999999997,38.305,0.31736199999999998
1627,61.447111,61.408000000000001,0.28104299999999999
1628,29.002545999999999,28.981999999999999,0.314917
1629,22.78124,22.768000000000001,0.27643400000000001
1630,37.846626000000001,37.822000000000003,0.320295
1631,50.613236000000001,50.582999999999998,0.33049200000000001
1632,44.065907000000003,44.036000000000001,0.29969099999999999
1633,57.124735999999999,57.088999999999999,0.28481600000000001
1634,38.376376,38.357999999999997,0.33482299999999998
1635,32.128948999999999,32.103000000000002,0.28286
1636,38.337893999999999,38.311999999999998,0.31233300000000003
1637,41.379508999999999,41.356999999999999,0.30402200000000001
1638,35.461944000000003,35.436999999999998,0.285723
1639,53.229514000000002,53.201000000000001,0.32204100000000002
1640,29.536836999999998,29.516999999999999,0.30919099999999999
1641,41.373781000000001,41.347000000000001,0.31023699999999999
1642,53.610849999999999,53.576999999999998,0.30960900000000002
1643,36.987990000000003,36.963999999999999,0.28006599999999998
1644,22.48518,22.466000000000001,0.28411700000000001
1645,58.539034000000001,58.509999999999998,0.34969800000000001
1646,19.043371,19.030000000000001,0.27776099999999998
1647,53.389102000000001,53.356999999999999,0.31938699999999998
1648,47.802937999999997,47.774999999999999,0.28719
1649,59.914290999999999,59.880000000000003,0.32267000000000001
1650,49.516159000000002,49.485999999999997,0.31149500000000002
1651,44.065418000000001,44.039999999999999,0.307863
1652,35.296908000000002,35.279000000000003,0.28928500000000001
1653,43.949131999999999,43.926000000000002,0.33000200000000002
1654,38.465775000000001,38.447000000000003,0.28481499999999998
1655,47.756632000000003,47.726999999999997,0.28230100000000002
1656,49.842531000000001,49.817,0.31254300000000002
1657,41.900179999999999,41.875999999999998,0.32427600000000001
1658,56.561950000000003,56.531999999999996,0.279088
1659,47.560516999999997,47.531999999999996,0.33859299999999998
1660,65.290930000000003,65.245999999999995,0.299761
1661,26.097683,26.074000000000002,0.336289
1662,76.608320000000006,76.566999999999993,0.28258100000000003
1663,59.894945,59.853000000000002,0.28383799999999998
1664,49.788823000000001,49.759,0.32623099999999999
1665,52.285181000000001,52.223999999999997,0.34005999999999997
1666,19.795010000000001,19.780000000000001,0.27685300000000002
1667,55.869816999999998,55.835000000000001,0.30499900000000002
1668,19.749123999999998,19.736000000000001,0.32392700000000002
1669,19.697020999999999,19.687999999999999,0.29990099999999997
1670,73.690954000000005,73.652000000000001,0.32239000000000001
1671,53.286365000000004,53.258000000000003,0.28313899999999997
1672,44.500463000000003,44.469999999999999,0.320994
1673,34.771697000000003,34.749000000000002,0.32190099999999999
1674,46.708933999999999,46.680999999999997,0.33342500000000003
1675,41.050972000000002,41.031999999999996,0.30199599999999999
1676,49.272691000000002,49.241,0.30618699999999999
1677,47.007997000000003,46.976999999999997,0.29319699999999999
1678,28.943949,28.928999999999998,0.310587
1679,25.598033000000001,25.579000000000001,0.28788799999999998
1680,25.405759,25.390000000000001,0.30569800000000003
1681,42.719146000000002,42.695,0.30038999999999999
1682,44.027704,44.003,0.31093599999999999
1683,46.013589000000003,45.988999999999997,0.27950700000000001
1684,37.468083,37.442,0.356682
1685,37.643875000000001,37.619,0.27817999999999998
1686,34.255915000000002,34.237000000000002,0.28495500000000001
1687,44.459536,44.433,0.34886099999999998
1688,34.497985999999997,34.472000000000001,0.31386900000000001
1689,49.815502000000002,49.783000000000001,0.34285399999999999
1690,40.559984,40.542999999999999,0.28362799999999999
1691,55.618943999999999,55.591999999999999,0.31317099999999998
1692,49.548566000000001,49.511000000000003,0.32127299999999998
1693,38.520111,38.494999999999997,0.27957700000000002
1694,46.54271,46.497,0.28670099999999998
1695,28.893872000000002,28.873000000000001,0.307724
1696,41.124305999999997,41.100000000000001,0.30513899999999999
1697,37.547004999999999,37.527000000000001,0.27978700000000001
1698,50.307746999999999,50.276000000000003,0.31331100000000001
1699,46.744622999999997,46.704000000000001,0.34969899999999998
1700,25.558921999999999,25.542999999999999,0.29864400000000002
1701,34.330086000000001,34.305,0.28160299999999999
1702,22.583029,22.57,0.30548799999999998
1703,28.421182999999999,28.407,0.31484699999999999
1704,47.567151000000003,47.543999999999997,0.28034599999999998
1705,43.557806999999997,43.529000000000003,0.32064399999999998
1706,52.102544999999999,52.072000000000003,0.31226399999999999
1707,46.134554999999999,46.106999999999999,0.320853
1708,46.149639999999998,46.118000000000002,0.28132299999999999
1709,35.198920000000001,35.179000000000002,0.31575500000000001
1710,28.541381000000001,28.521999999999998,0.27629500000000001
1711,49.797342999999998,49.767000000000003,0.30723400000000001
1712,28.808176,28.789999999999999,0.31051699999999999
1713,64.854208999999997,64.819000000000003,0.28453600000000001
1714,54.979053,54.950000000000003,0.31603500000000001
1715,19.387692000000001,19.370999999999999,0.31554599999999999
1716,22.411356999999999,22.396999999999998,0.29857400000000001
1717,25.150974999999999,25.131,0.32693
1718,34.635156000000002,34.612000000000002,0.27957700000000002
1719,25.533639000000001,25.515999999999998,0.28642200000000001
1720,28.093205000000001,28.071999999999999,0.30953900000000001
1721,27.897787000000001,27.879000000000001,0.29375499999999999
1722,53.202553999999999,53.149999999999999,0.30185600000000001
1723,46.874040999999998,46.814999999999998,0.55649999999999999
1724,40.303873000000003,40.271000000000001,0.55943399999999999
1725,64.542643999999996,64.492999999999995,0.55077299999999996
1726,50.847276999999998,50.804000000000002,0.55726799999999999
1727,58.823220999999997,58.750999999999998,0.35996499999999998
1728,57.956482999999999,57.917999999999999,0.33635900000000002
1729,46.142237000000002,46.115000000000002,0.30464999999999998
1730,49.238399000000001,49.207999999999998,0.35591400000000001
1731,58.417859,58.383000000000003,0.35870800000000003
1732,54.547010999999998,54.512999999999998,0.31966600000000001
1733,44.561925000000002,44.533999999999999,0.33237800000000001
1734,38.470244000000001,38.439,0.354377
1735,51.590603999999999,51.558999999999997,0.322461
1736,39.191502,39.167000000000002,0.29054200000000002
1737,57.893065999999997,57.853000000000002,0.34914000000000001
1738,53.627471999999997,53.595999999999997,0.34851100000000002
1739,47.760264999999997,47.728999999999999,0.33412399999999998
1740,49.234906000000002,49.207999999999998,0.33440300000000001
1741,50.353704,50.320999999999998,0.33943200000000001
1742,58.041410999999997,58.006999999999998,0.36799700000000002
1743,53.556024000000001,53.524000000000001,0.30234499999999997
1744,52.311442,52.273000000000003,0.29284700000000002
1745,46.075747999999997,46.039000000000001,0.35158400000000001
1746,45.618284000000003,45.578000000000003,0.32846700000000001
1747,53.257100999999999,53.213000000000001,0.29766599999999999
1748,49.434933999999998,49.401000000000003,0.35395900000000002
1749,45.525812000000002,45.473999999999997,0.34522799999999998
1750,47.165840000000003,47.084000000000003,0.96612299999999995
1751,47.843654999999998,47.780000000000001,0.32693
1752,46.901767999999997,46.875999999999998,0.27755099999999999
1753,37.929178999999998,37.895000000000003,0.31813000000000002
1754,31.903779,31.885999999999999,0.30136800000000002
1755,16.482688,16.474,0.29955199999999998
1756,40.142609,40.118000000000002,0.318409
1757,50.044652999999997,50.011000000000003,0.32609199999999999
1758,25.086860000000001,25.071999999999999,0.31861899999999999
1759,34.355859000000002,34.332000000000001,0.32204100000000002
1760,33.781267999999997,33.762999999999998,0.282441
1761,25.001304000000001,24.981000000000002,0.30458000000000002
1762,33.870457000000002,33.851999999999997,0.30304399999999998
1763,28.909307999999999,28.888999999999999,0.28383799999999998
1764,30.787775,30.768999999999998,0.31149399999999999
1765,25.58155,25.564,0.314359
1766,28.655501999999998,28.643000000000001,0.28132299999999999
1767,28.638670000000001,28.626000000000001,0.31938699999999998
1768,31.067003,31.045000000000002,0.28348800000000002
1769,25.461772,25.440000000000001,0.296898
1770,22.875665999999999,22.863,0.31442900000000001
1771,25.670459000000001,25.649000000000001,0.30129699999999998
1772,33.782874999999997,33.764000000000003,0.27901799999999999
1773,25.657259,25.646000000000001,0.33335599999999999
1774,28.729673999999999,28.706,0.34809200000000001
1775,31.046120999999999,31.032,0.31442799999999999
1776,25.285630999999999,25.265999999999998,0.300041
1777,44.099989999999998,44.076000000000001,0.310587
1778,28.088386,28.07,0.29738700000000001
1779,30.941496999999998,30.922000000000001,0.276364
1780,35.296559000000002,35.265000000000001,0.291939
1781,28.614435,28.591000000000001,0.33105099999999998
1782,30.889814000000001,30.869,0.299761
1783,25.354285000000001,25.337,0.28313899999999997
1784,25.296596000000001,25.283000000000001,0.32665100000000002
1785,22.177177,22.164000000000001,0.280694
1786,22.070948000000001,22.058,0.27629399999999998
1787,22.787247000000001,22.774999999999999,0.32364799999999999
1788,31.683078999999999,31.661000000000001,0.32315899999999997
1789,25.218024,25.198,0.29948200000000003
1790,25.374189999999999,25.359000000000002,0.29612899999999998
1791,22.830618000000001,22.811,0.28314
1792,25.302602,25.289999999999999,0.32434600000000002
1793,30.664783,30.645,0.27559600000000001
1794,31.509730999999999,31.486999999999998,0.30115799999999998
1795,25.822016000000001,25.808,0.30451099999999998
1796,25.448083,25.428000000000001,0.33042199999999999
1797,28.665558999999998,28.652999999999999,0.27908899999999998
1798,22.609219,22.596,0.30458000000000002
1799,22.868752000000001,22.844000000000001,0.30897999999999998
1800,25.112562,25.100000000000001,0.29089100000000001
1801,31.273595,31.257000000000001,0.31889800000000001
1802,19.725657000000002,19.710999999999999,0.29570999999999997
1803,25.576383,25.552,0.32280900000000001
1804,22.228511000000001,22.213000000000001,0.30011100000000002
1805,28.254819000000001,28.241,0.27329100000000001
1806,33.745998999999998,33.726999999999997,0.31512600000000002
1807,47.791763000000003,47.753999999999998,0.33677800000000002
1808,25.390812,25.372,0.29969099999999999
1809,40.406471000000003,40.381,0.30967899999999998
1810,38.340268000000002,38.320999999999998,0.28816799999999998
1811,46.899253999999999,46.875999999999998,0.28083399999999997
1812,29.227996000000001,29.210000000000001,0.34264499999999998
1813,41.194845999999998,41.173000000000002,0.28202199999999999
1814,35.886721999999999,35.869,0.320156
1815,23.353802999999999,23.329999999999998,0.31198399999999998
1816,29.682946999999999,29.669,0.32190099999999999
1817,23.425881,23.405000000000001,0.29745700000000003
1818,22.900739000000002,22.888000000000002,0.27811000000000002
1819,19.905151,19.891999999999999,0.30178700000000003
1820,46.971958999999998,46.948,0.30925999999999998
1821,20.118587000000002,20.105,0.27482800000000002
1822,51.246282999999998,51.206000000000003,0.29927300000000001
1823,23.337042,23.324000000000002,0.32441599999999998
1824,45.310630000000003,45.281999999999996,0.31394
1825,44.500253999999998,44.469000000000001,0.29005300000000001
1826,22.708604999999999,22.696000000000002,0.31582500000000002
1827,28.869147999999999,28.850000000000001,0.32748899999999997
1828,29.066801000000002,29.053000000000001,0.30423099999999997
1829,19.576264999999999,19.562000000000001,0.28090399999999999
1830,29.013860999999999,28.994,0.29857400000000001
1831,29.128260999999998,29.109999999999999,0.34243499999999999
1832,37.495251000000003,37.470999999999997,0.32057400000000003
1833,19.714482,19.706,0.27643499999999999
1834,16.586683000000001,16.573,0.31484699999999999
1835,34.562520999999997,34.542000000000002,0.310168
1836,35.229021000000003,35.203000000000003,0.33957100000000001
1837,41.381672999999999,41.359000000000002,0.28795799999999999
1838,38.033453000000002,38.009,0.29131099999999999
1839,22.881322999999998,22.866,0.32434600000000002
1840,13.352722999999999,13.343999999999999,0.27685300000000002
1841,22.697918999999999,22.683,0.30227599999999999
1842,55.568379,55.533000000000001,0.35186299999999998
1843,22.391313,22.376999999999999,0.27901900000000002
1844,28.453728999999999,28.434000000000001,0.28509499999999999
1845,37.892581999999997,37.866999999999997,0.32385700000000001
1846,31.484238999999999,31.465,0.30423099999999997
1847,25.456045,25.439,0.294873
1848,31.970338000000002,31.939,0.32239099999999998
1849,28.667653999999999,28.654,0.30325299999999999
1850,44.933413999999999,44.902999999999999,0.32308799999999999
1851,20.225935,20.216999999999999,0.28914499999999999
1852,13.69425,13.680999999999999,0.274339
1853,38.397748999999997,38.374000000000002,0.299761
1854,61.882995000000001,61.835999999999999,0.31380000000000002
1855,67.962102999999999,67.918999999999997,0.28914499999999999
1856,22.437408000000001,22.414000000000001,0.33740599999999998
1857,49.408113999999998,49.381999999999998,0.30898100000000001
1858,47.685324000000001,47.654000000000003,0.31547500000000001
1859,34.351249000000003,34.332999999999998,0.31512699999999999
1860,28.496053,28.471,0.29570999999999997
1861,22.818396,22.806000000000001,0.27957700000000002
1862,22.688628999999999,22.670999999999999,0.32350800000000002
1863,26.201328,26.184000000000001,0.280974
1864,56.227058,56.198999999999998,0.31917699999999999
1865,47.324381000000002,47.295000000000002,0.301089
1866,22.601956000000001,22.585000000000001,0.307444
1867,25.70552,25.687999999999999,0.29640899999999998
1868,19.982047000000001,19.972000000000001,0.28006599999999998
1869,35.659737,35.637999999999998,0.31470799999999999
1870,43.764888999999997,43.731999999999999,0.31624400000000003
1871,25.702936000000001,25.681999999999999,0.28579300000000002
1872,25.961351000000001,25.949000000000002,0.27769100000000002
1873,50.810051000000001,50.783000000000001,0.31715199999999999
1874,23.015699000000001,22.995000000000001,0.32727899999999999
1875,22.701758999999999,22.687999999999999,0.29424299999999998
1876,34.77449,34.753,0.28062399999999998
1877,28.797839,28.780000000000001,0.31226300000000001
1878,26.149505000000001,26.126999999999999,0.29375499999999999
1879,25.610326000000001,25.591999999999999,0.28118300000000002
1880,32.004421000000001,31.986999999999998,0.27804099999999998
1881,44.254480000000001,44.225999999999999,0.32728000000000002
1882,59.048810000000003,59.015000000000001,0.30332300000000001
1883,38.161403999999997,38.125999999999998,0.33971099999999999
1884,23.061654999999998,23.048999999999999,0.29829499999999998
1885,34.801938,34.776000000000003,0.29424400000000001
1886,43.972389,43.948,0.28523500000000002
1887,34.680833,34.658000000000001,0.31289099999999997
1888,34.679785000000003,34.659999999999997,0.30897999999999998
1889,22.713982000000001,22.699999999999999,0.31268200000000002
1890,22.670960000000001,22.655999999999999,0.28719
1891,25.929711999999999,25.917000000000002,0.30171700000000001
1892,51.090255999999997,51.055999999999997,0.30807299999999999
1893,22.677944,22.666,0.29829499999999998
1894,32.136142999999997,32.118000000000002,0.27901799999999999
1895,41.905068999999997,41.880000000000003,0.32413599999999998
1896,44.425871999999998,44.402000000000001,0.27831899999999998
1897,37.578781999999997,37.554000000000002,0.30904999999999999
1898,37.125228999999997,37.103000000000002,0.30297499999999999
1899,58.849341000000003,58.816000000000003,0.298016
1900,31.096336000000001,31.077000000000002,0.33754600000000001
1901,25.239884,25.216999999999999,0.30046
1902,34.639485999999998,34.622999999999998,0.29906300000000002
1903,23.023171999999999,23.010000000000002,0.30534899999999998
1904,22.593015999999999,22.579000000000001,0.30751400000000001
1905,25.48021,25.459,0.26546900000000001
1906,22.363586000000002,22.350999999999999,0.30716500000000002
1907,25.602293,25.579000000000001,0.312054
1908,25.583157,25.562999999999999,0.31729200000000002
1909,51.958112,51.927999999999997,0.32825700000000002
1910,34.757379999999998,34.737000000000002,0.285304
1911,40.604193000000002,40.579999999999998,0.285304
1912,37.205965999999997,37.182000000000002,0.32280900000000001
1913,31.744050999999999,31.725000000000001,0.28614200000000001
1914,54.972347999999997,54.944000000000003,0.310867
1915,40.574091000000003,40.515999999999998,0.28313899999999997
1916,43.900382,43.862000000000002,0.34390199999999999
1917,22.569130000000001,22.550999999999998,0.316523
1918,62.726405,62.689,0.280136
1919,64.060524999999998,64.001000000000005,0.31750099999999998
1920,51.736015000000002,51.707999999999998,0.31945699999999999
1921,50.332402000000002,50.308999999999997,0.28244000000000002
1922,47.003247999999999,46.975000000000001,0.28104400000000002
1923,49.830936999999999,49.798999999999999,0.33866400000000002
1924,55.676983999999997,55.649000000000001,0.33572999999999997
1925,46.844147999999997,46.817,0.32064399999999998
1926,43.054946000000001,43.030999999999999,0.27825
1927,61.724733000000001,61.691000000000003,0.28719
1928,47.692937000000001,47.655000000000001,0.333984
1929,34.568038000000001,34.526000000000003,0.282999
1930,19.688012000000001,19.673999999999999,0.283279
1931,19.449641,19.436,0.33531100000000003
1932,37.411859999999997,37.390000000000001,0.27755200000000002
1933,41.101188999999998,41.078000000000003,0.30688500000000002
1934,50.546537000000001,50.514000000000003,0.311635
1935,41.206370999999997,41.170999999999999,0.32909500000000003
1936,20.000274999999998,19.984000000000002,0.32266899999999998
1937,41.765455000000003,41.738,0.30618699999999999
1938,38.255898999999999,38.238,0.30360199999999998
1939,38.511800000000001,38.488,0.31861800000000001
1940,38.075428000000002,38.054000000000002,0.2742
1941,34.384703000000002,34.362000000000002,0.31771100000000002
1942,28.082657999999999,28.065000000000001,0.305419
1943,48.807822999999999,48.783000000000001,0.34327299999999999
1944,38.974921999999999,38.948999999999998,0.319108
1945,38.244027000000003,38.218000000000004,0.28628199999999998
1946,47.324311000000002,47.301000000000002,0.36408600000000002
1947,41.388449000000001,41.365000000000002,0.35919699999999999
1948,44.095730000000003,44.07,0.34585700000000003
1949,41.626049999999999,41.598999999999997,0.36324800000000002
1950,38.175232000000001,38.149000000000001,0.34292400000000001
1951,41.019264,40.997,0.367089
1952,50.214998000000001,50.183999999999997,0.373444
1953,35.59646,35.576999999999998,0.35724099999999998
1954,40.864355000000003,40.837000000000003,0.36268899999999998
1955,37.089469999999999,37.067,0.35842800000000002
1956,43.131003999999997,43.106999999999999,0.36066300000000001
1957,33.708983000000003,33.689999999999998,0.30904999999999999
1958,39.056497,39.034999999999997,0.27566600000000002
1959,42.229413999999998,42.206000000000003,0.280555
1960,33.151294,33.134,0.33335599999999999
1961,46.870967,46.831000000000003,0.29612899999999998
1962,36.976185999999998,36.951999999999998,0.28188200000000002
1963,41.113480000000003,41.094999999999999,0.30898100000000001
1964,43.899894000000003,43.869999999999997,0.30199599999999999
1965,51.178885000000001,51.151000000000003,0.36024499999999998
1966,40.301988000000001,40.279000000000003,0.28334900000000002
1967,51.140402000000002,51.110999999999997,0.36834699999999998
1968,47.745736999999998,47.720999999999997,0.36422500000000002
1969,54.498821,54.465000000000003,0.36178100000000002
1970,61.346817999999999,61.305999999999997,0.37896200000000002
1971,54.834479999999999,54.802999999999997,0.38084800000000002
1972,58.273913999999998,58.234999999999999,0.39055600000000001
1973,55.948948000000001,55.917000000000002,0.36555300000000002
1974,58.522412000000003,58.490000000000002,0.37700600000000001
1975,52.110506999999998,52.076999999999998,0.32224999999999998
1976,55.948459,55.914999999999999,0.38419999999999999
1977,52.983320999999997,52.954000000000001,0.357381
1978,52.939110999999997,52.909999999999997,0.34390100000000001
1979,54.502870999999999,54.472999999999999,0.39348899999999998
1980,45.137981000000003,45.110999999999997,0.302346
1981,37.669576999999997,37.643999999999998,0.311006
1982,38.368904000000001,38.340000000000003,0.30967899999999998
1983,34.120142000000001,34.103000000000002,0.29927199999999998
1984,31.557711999999999,31.542999999999999,0.29256799999999999
1985,27.570647999999998,27.548999999999999,0.30891099999999999
1986,37.775736000000002,37.753,0.30590800000000001
1987,38.320642999999997,38.295000000000002,0.28537400000000002
1988,47.397156000000003,47.369,0.32657999999999998
1989,34.504551999999997,34.484999999999999,0.30304399999999998
1990,28.088106,28.071999999999999,0.31589499999999998
1991,37.102041,37.079000000000001,0.30129800000000001
1992,24.318739999999998,24.306999999999999,0.28083399999999997
1993,24.182478,24.167000000000002,0.30988900000000003
1994,24.599574,24.579000000000001,0.29424400000000001
1995,20.585411000000001,20.574000000000002,0.27280300000000002
1996,17.643529999999998,17.629999999999999,0.29557099999999997
1997,24.254904,24.241,0.31770999999999999
1998,28.054442999999999,28.030000000000001,0.31037700000000001
1999,24.403248000000001,24.388999999999999,0.29159000000000002
2000,28.094113,28.074999999999999,0.27832000000000001
2001,21.459133000000001,21.449000000000002,0.28285900000000003
2002,21.659438999999999,21.643000000000001,0.320295
2003,31.410974,31.393999999999998,0.29096100000000003
2004,28.288481999999998,28.27,0.29375499999999999
2005,24.961144999999998,24.942,0.29899300000000001
2006,34.394829999999999,34.371000000000002,0.30227500000000002
2007,14.571395000000001,14.555999999999999,0.29389500000000002
2008,27.805945999999999,27.792000000000002,0.29438399999999998
2009,27.951775000000001,27.931999999999999,0.28188200000000002
2010,18.407741000000001,18.393999999999998,0.32015500000000002
2011,28.28988,28.271999999999998,0.278669
2012,24.722635,24.704000000000001,0.27419900000000003
2013,28.441716,28.425000000000001,0.30793300000000001
2014,32.210664000000001,32.189,0.30129800000000001
2015,31.55003,31.521000000000001,0.28090500000000002
2016,28.173873,28.146999999999998,0.31743199999999999
2017,31.943100000000001,31.914999999999999,0.33335500000000001
2018,31.796081999999998,31.776,0.27804099999999998
2019,35.781889999999997,35.762999999999998,0.30234499999999997
2020,31.946940999999999,31.925999999999998,0.28628199999999998
2021,28.498078,28.478999999999999,0.31771100000000002
2022,38.751776999999997,38.728000000000002,0.27817999999999998
2023,28.623304999999998,28.603000000000002,0.31289099999999997
2024,29.104375999999998,29.077000000000002,0.29668899999999998
2025,32.158631999999997,32.140000000000001,0.30772300000000002
2026,32.157863999999996,32.140999999999998,0.27573599999999998
2027,29.324448,29.305,0.30709500000000001
2028,28.683509000000001,28.664999999999999,0.27957799999999999
2029,32.838751999999999,32.820999999999998,0.30765399999999998
2030,29.365583999999998,29.346,0.30248599999999998
2031,29.209417999999999,29.192,0.31673299999999999
2032,29.203900999999998,29.184999999999999,0.30283399999999999
2033,25.842759999999998,25.827999999999999,0.30646600000000002
2034,25.233878000000001,25.213000000000001,0.27950700000000001
2035,28.870615000000001,28.853999999999999,0.29899399999999998
2036,24.752039,24.739000000000001,0.26057999999999998
2037,25.554383000000001,25.533999999999999,0.31966600000000001
2038,25.44068,25.422999999999998,0.31505699999999998
2039,32.130904999999998,32.118000000000002,0.30136800000000002
2040,28.512256000000001,28.492000000000001,0.27755200000000002
2041,22.203717000000001,22.190000000000001,0.31519599999999998
2042,22.374061000000001,22.353999999999999,0.266517
2043,22.111315999999999,22.091000000000001,0.29417399999999999
2044,25.994945000000001,25.981999999999999,0.34466999999999998
2045,22.74136,22.719999999999999,0.28621200000000002
2046,22.102656,22.087,0.30038999999999999
2047,22.013048999999999,22,0.27308199999999999
2048,22.089874999999999,22.077000000000002,0.31051699999999999
2049,18.653863000000001,18.640000000000001,0.30283500000000002
2050,18.570542,18.556000000000001,0.27971600000000002
2051,25.645036000000001,25.623999999999999,0.26372299999999999
2052,28.695381999999999,28.677,0.30136800000000002
2053,22.258543,22.245999999999999,0.28237099999999998
2054,29.595015,29.574000000000002,0.28809699999999999
2055,29.313970999999999,29.291,0.30772300000000002
2056,22.381813999999999,22.366,0.32504499999999997
2057,29.156058999999999,29.137,0.314917
2058,28.643559,28.626999999999999,0.27112599999999998
2059,25.683938999999999,25.672000000000001,0.27384999999999998
2060,29.035791,29.016999999999999,0.316803
2061,32.250404000000003,32.229999999999997,0.30723499999999998
2062,28.919574000000001,28.901,0.28006599999999998
2063,38.963118999999999,38.941000000000003,0.29522100000000001
2064,32.251590999999998,32.225999999999999,0.32518399999999997
2065,28.468605,28.454999999999998,0.29054200000000002
2066,25.252665,25.231000000000002,0.28432600000000002
2067,28.510370999999999,28.497,0.28292899999999999
2068,31.931785999999999,31.913,0.31771100000000002
2069,24.919239999999999,24.899000000000001,0.28872700000000001
2070,31.937861000000002,31.919,0.26002199999999998
2071,35.036397999999998,35.018000000000001,0.299761
2072,24.552779999999998,24.538,0.299761
2073,31.776945999999999,31.759,0.30912000000000001
2074,35.002594000000002,34.976999999999997,0.320994
2075,28.153058999999999,28.140000000000001,0.29598999999999998
2076,24.552081000000001,24.533999999999999,0.26896100000000001
2077,24.143505999999999,24.126999999999999,0.29305599999999998
2078,34.298448,34.281999999999996,0.27720299999999998
2079,20.169153000000001,20.152999999999999,0.30842199999999997
2080,23.407302999999999,23.393999999999998,0.28726000000000002
2081,26.831372000000002,26.809999999999999,0.293825
2082,24.065982000000002,24.053000000000001,0.29375499999999999
2083,24.032737000000001,24.018999999999998,0.29200900000000002
2084,27.181837999999999,27.161999999999999,0.25331599999999999
2085,28.045781999999999,28.032,0.30185600000000001
2086,24.263424000000001,24.244,0.25925300000000001
2087,28.128475000000002,28.109000000000002,0.312892
2088,27.555561999999998,27.529,0.297736
2089,31.250337999999999,31.228999999999999,0.308421
2090,31.001631,30.981000000000002,0.320575
2091,34.813951000000003,34.795000000000002,0.301367
2092,31.505261000000001,31.486000000000001,0.28160299999999999
2093,34.417667999999999,34.393999999999998,0.31282199999999999
2094,27.276754,27.263000000000002,0.26777400000000001
2095,27.893317,27.873000000000001,0.303952
2096,24.366371000000001,24.344000000000001,0.29857400000000001
2097,27.769627,27.753,0.29298600000000002
2098,27.350435999999998,27.331,0.29522199999999998
2099,27.368037000000001,27.356000000000002,0.31435800000000003
2100,31.354821999999999,31.335999999999999,0.28048499999999998
2101,27.334163,27.321000000000002,0.26588899999999999
2102,28.012397,27.992999999999999,0.295292
2103,33.921022000000001,33.896000000000001,0.34425099999999997
2104,27.573651000000002,27.562000000000001,0.27936699999999998
2105,27.260339999999999,27.242000000000001,0.26889099999999999
2106,28.129593,28.111999999999998,0.32336799999999999
2107,33.803339000000001,33.779000000000003,0.31198399999999998
2108,31.398821999999999,31.379999999999999,0.27727200000000002
2109,21.484764999999999,21.471,0.272453
2110,27.511282999999999,27.495999999999999,0.32902500000000001
2111,28.073160000000001,28.050999999999998,0.27343099999999998
2112,27.099633999999998,27.087,0.26463100000000001
2113,33.655973000000003,33.630000000000003,0.30534899999999998
2114,27.980201000000001,27.963000000000001,0.29438399999999998
2115,27.526927000000001,27.509,0.30527900000000002
2116,27.961832999999999,27.943999999999999,0.30569800000000003
2117,31.349163999999998,31.329999999999998,0.30290499999999998
2118,27.555002999999999,27.539999999999999,0.323438
2119,27.852041,27.84,0.27797100000000002
2120,24.318739000000001,24.300999999999998,0.27315099999999998
2121,30.692022000000001,30.672000000000001,0.29640899999999998
2122,24.567796000000001,24.539000000000001,0.29522199999999998
2123,27.696432999999999,27.684000000000001,0.29256799999999999
2124,24.527146999999999,24.506,0.34110699999999999
2125,33.977733999999998,33.959000000000003,0.27559600000000001
2126,27.920556000000001,27.905000000000001,0.30031999999999998
2127,30.736720999999999,30.716999999999999,0.29955199999999998
2128,24.755531000000001,24.736999999999998,0.27315200000000001
2129,27.314398000000001,27.300999999999998,0.29633900000000002
2130,30.739584000000001,30.721,0.30492999999999998
2131,30.60472,30.584,0.27748200000000001
2132,31.254947999999999,31.234000000000002,0.32720900000000003
2133,30.717585,30.701000000000001,0.30325400000000002
2134,28.065618000000001,28.047000000000001,0.30492999999999998
2135,27.467282000000001,27.456,0.29487200000000002
2136,27.548299,27.530000000000001,0.26819300000000001
2137,27.330811000000001,27.312999999999999,0.287748
2138,21.150711000000001,21.138000000000002,0.30115799999999998
2139,14.296916,14.281000000000001,0.27538699999999999
2140,30.288336000000001,30.271999999999998,0.32427600000000001
2141,43.167600999999998,43.143000000000001,0.29054200000000002
2142,17.889652999999999,17.870000000000001,0.28474500000000003
2143,17.110706,17.102,0.29997099999999999
2144,30.229040000000001,30.210000000000001,0.270009
2145,33.393926,33.366,0.28719
2146,16.278400000000001,16.260000000000002,0.30947000000000002
2147,30.173655,30.155999999999999,0.272034
2148,22.996911000000001,22.984000000000002,0.270986
2149,20.114606999999999,20.102,0.31624400000000003
2150,19.449711000000001,19.434999999999999,0.28837800000000002
2151,19.482956000000001,19.469999999999999,0.27440900000000001
2152,19.378892,19.359999999999999,0.280136
2153,16.270159,16.257000000000001,0.291381
2154,19.970033000000001,19.962,0.28963499999999998
2155,17.507617,17.492999999999999,0.26009100000000002
2156,23.423226,23.41,0.27734300000000001
2157,21.039173999999999,21.027000000000001,0.33475199999999999
2158,20.781527000000001,20.766999999999999,0.27063799999999999
2159,19.040088999999998,19.026,0.28146300000000002
2160,22.147634,22.135000000000002,0.32441500000000001
2161,20.327553999999999,20.314,0.29724699999999998
2162,20.675087000000001,20.655000000000001,0.27545700000000001
2163,18.433512,18.420999999999999,0.29375499999999999
2164,18.084651999999998,18.077000000000002,0.26735500000000001
2165,21.125427999999999,21.111000000000001,0.30444100000000002
2166,16.279308,16.263000000000002,0.29570999999999997
2167,18.526053000000001,18.512,0.26917099999999999
2168,15.094720000000001,15.087999999999999,0.31778099999999998
2169,13.227567000000001,13.212999999999999,0.29249799999999998
2170,13.41614,13.409000000000001,0.26861200000000002
2171,14.950357,14.938000000000001,0.29333599999999999
2172,16.164559000000001,16.155999999999999,0.29319600000000001
2173,16.284756000000002,16.268000000000001,0.27482800000000002
2174,19.676279000000001,19.663,0.31987599999999999
2175,18.403479999999998,18.384,0.29941200000000001
2176,19.341944999999999,19.314,0.31533600000000001
2177,31.089772,31.074999999999999,0.36471399999999998
2178,25.498718,25.478000000000002,0.275806
2179,31.543115,31.524000000000001,0.35423900000000003
2180,16.62754,16.614000000000001,0.26875199999999999
2181,16.553438,16.542999999999999,0.304232
2182,18.815895999999999,18.800000000000001,0.29480299999999998
2183,20.043647,20.030000000000001,0.275177
2184,20.720763999999999,20.707999999999998,0.28788799999999998
2185,20.236550000000001,20.224,0.28914600000000001
2186,20.141774999999999,20.128,0.28809800000000002
2187,20.203166,20.187999999999999,0.30486000000000002
2188,16.883649999999999,16.867999999999999,0.27566600000000002
2189,15.032211,15.019,0.29941200000000001
2190,11.738258,11.731,0.29005399999999998
2191,13.346996000000001,13.337999999999999,0.28285900000000003
2192,10.184206,10.176,0.28272000000000003
2193,11.805585000000001,11.798,0.28299999999999997
2194,13.542903000000001,13.526,0.30499999999999999
2195,13.728612,13.718999999999999,0.29228799999999999
2196,13.560224,13.551,0.27224399999999999
2197,11.68909,11.678000000000001,0.29026299999999999
2198,13.181609999999999,13.173,0.281393
2199,13.113096000000001,13.103999999999999,0.30059900000000001
2200,11.58747,11.579000000000001,0.26700600000000002
2201,13.265421,13.247999999999999,0.29906300000000002
2202,15.069367,15.06,0.27280300000000002
2203,13.278691,13.269,0.31093599999999999
2204,13.185452,13.169,0.30632700000000002
2205,13.440932999999999,13.433,0.29396499999999998
2206,16.555952000000001,16.541,0.29424400000000001
2207,16.150729999999999,16.143999999999998,0.27573599999999998
2208,14.09179,14.077999999999999,0.305419
2209,14.050862,14.042,0.31373000000000001
2210,15.090738999999999,15.077999999999999,0.27329100000000001
2211,19.887060999999999,19.872,0.274339
2212,14.622519,14.609,0.31959700000000002
2213,18.431415999999999,18.420000000000002,0.27363999999999999
2214,15.33344,15.324999999999999,0.27007799999999998
2215,14.344758000000001,14.331,0.32204100000000002
2216,14.726863,14.718,0.30318400000000001
2217,12.730850999999999,12.715999999999999,0.30723499999999998
2218,14.628664000000001,14.621,0.28230100000000002
2219,15.330157,15.316000000000001,0.27182499999999998
2220,16.628169,16.620999999999999,0.300041
2221,17.104838999999998,17.088000000000001,0.28600300000000001
2222,20.496082999999999,20.475000000000001,0.31484699999999999
2223,20.004535000000001,19.991,0.29466300000000001
2224,19.277552,19.257000000000001,0.32357799999999998
2225,17.475141000000001,17.437000000000001,0.31386999999999998
2226,22.770064999999999,22.744,0.29808499999999999
2227,10.545847,10.537000000000001,0.27762100000000001
2228,12.688876,12.68,0.29633900000000002
2229,20.6431,20.635000000000002,0.28670099999999998
2230,11.864323000000001,11.849,0.25240800000000002
2231,14.85202,14.837,0.322181
2232,12.073918000000001,12.064,0.29997099999999999
2233,11.695793999999999,11.686999999999999,0.28383799999999998
2234,16.565100999999999,16.550000000000001,0.29242800000000002
2235,13.469290000000001,13.461,0.27028799999999997
2236,16.49973,16.492000000000001,0.289076
2237,12.968802,12.961,0.28956500000000002
2238,18.845509,18.827999999999999,0.28265000000000001
2239,17.066915000000002,17.055,0.26630799999999999
2240,13.671830999999999,13.663,0.35067599999999999
2241,13.803623,13.789999999999999,0.31582500000000002
2242,14.030887999999999,14.022,0.330841
2243,13.360476,13.345000000000001,0.28006599999999998
2244,11.252717000000001,11.244,0.289634
2245,15.893013,15.878,0.27140500000000001
2246,17.618247,17.609999999999999,0.34446100000000002
2247,17.083957000000002,17.065999999999999,0.33447300000000002
2248,13.872417,13.863,0.34306300000000001
2249,17.245850999999998,17.233000000000001,0.328816
2250,16.599951999999998,16.59,0.34494900000000001
2251,14.723998999999999,14.708,0.33112000000000003
2252,13.789165000000001,13.778,0.34446100000000002
2253,17.338949,17.324000000000002,0.32916499999999999
2254,20.629341,20.616,0.31442799999999999
2255,26.933620000000001,26.920000000000002,0.33670699999999998
2256,28.833599,28.812999999999999,0.343831
2257,15.106244,15.097,0.28844700000000001
2258,26.483699000000001,26.463000000000001,0.37058099999999999
2259,15.599118000000001,15.59,0.27322200000000002
2260,14.225747,14.218,0.31296099999999999
2261,9.6999220000000008,9.6920000000000002,0.26777400000000001
2262,22.344239000000002,22.329000000000001,0.31317099999999998
2263,42.341999999999999,42.307000000000002,0.36143199999999998
2264,34.046598000000003,34.027000000000001,0.350327
2265,47.908678000000002,47.886000000000003,0.353051
2266,33.820939000000003,33.792999999999999,0.36869600000000002
2267,28.291416000000002,28.271000000000001,0.31715199999999999
2268,39.347318999999999,39.322000000000003,0.35200300000000001
2269,44.272919000000002,44.25,0.32246000000000002
2270,35.153801999999999,35.130000000000003,0.38455
2271,32.968798,32.951000000000001,0.33496199999999998
2272,20.948169,20.925999999999998,0.34103800000000001
2273,25.517575000000001,25.498999999999999,0.369952
2274,21.060336,21.045999999999999,0.34529799999999999
2275,34.933171000000002,34.909999999999997,0.394117
2276,19.053569,19.038,0.34466999999999998
2277,17.349076,17.335999999999999,0.33607900000000002
2278,30.436959000000002,30.420999999999999,0.32574199999999998
2279,18.747171999999999,18.734999999999999,0.33181899999999998
2280,16.054766999999998,16.042000000000002,0.29564099999999999
2281,14.370459,14.361000000000001,0.30430099999999999
2282,14.290001,14.279999999999999,0.29005300000000001
2283,21.409056,21.395,0.28460600000000003
2284,26.672689999999999,26.658999999999999,0.27203500000000003
2285,13.276037000000001,13.263999999999999,0.27559600000000001
2286,11.753833,11.744999999999999,0.31324099999999999
2287,11.582231,11.571999999999999,0.27538699999999999
2288,13.621824,13.613,0.28928500000000001
2289,10.392823999999999,10.382999999999999,0.30192600000000003
2290,13.547024,13.534000000000001,0.31023800000000001
2291,17.416125000000001,17.401,0.32951399999999997
2292,24.084140000000001,24.07,0.33803499999999997
2293,14.019155,14.009,0.32972299999999999
2294,27.336887000000001,27.317,0.34082899999999999
2295,19.634651999999999,19.620000000000001,0.33188899999999999
2296,19.319945000000001,19.306999999999999,0.339501
2297,19.342993,19.327999999999999,0.36820700000000001
2298,14.013847,14.004,0.33908300000000002
2299,14.921023,14.907,0.337756
2300,16.900413,16.891999999999999,0.32958399999999999
2301,16.531438000000001,16.515999999999998,0.33335500000000001
2302,18.983585999999999,18.969000000000001,0.29661900000000002
2303,17.219868999999999,17.206,0.36408499999999999
2304,21.753865999999999,21.738,0.32106299999999999
2305,18.473112,18.459,0.32008500000000001
2306,14.636278000000001,14.628,0.25387500000000002
2307,9.4201350000000001,9.4120000000000008,0.28719
2308,11.876056,11.865,0.310587
2309,12.563929,12.553000000000001,0.29249799999999998
2310,12.994783999999999,12.986000000000001,0.27559600000000001
2311,13.817311999999999,13.804,0.326511
2312,11.750271,11.742000000000001,0.30046
2313,10.298188,10.289,0.31226300000000001
2314,9.5142129999999998,9.5060000000000002,0.254992
2315,10.236307999999999,10.23,0.26763500000000001
2316,10.555694000000001,10.539999999999999,0.28041500000000003
2317,13.943935,13.936,0.271615
2318,19.112794000000001,19.093,0.26756400000000002
2319,43.310637,43.286999999999999,0.30262499999999998
2320,26.490264,26.475999999999999,0.312612
2321,17.527593,17.509,0.28956500000000002
2322,16.336718000000001,16.324000000000002,0.32588299999999998
2323,18.257370000000002,18.247,0.27280300000000002
2324,20.385244,20.372,0.29103200000000001
2325,26.118704999999999,26.097999999999999,0.28858600000000001
2326,52.944139,52.911999999999999,0.28237099999999998
2327,44.094752,44.073,0.29347600000000001
2328,45.008983000000001,44.979999999999997,0.346555
2329,27.167870000000001,27.149999999999999,0.298155
2330,31.921938000000001,31.902999999999999,0.30939899999999998
2331,24.863016999999999,24.838999999999999,0.30674600000000002
2332,24.561719,24.541,0.29927300000000001
2333,18.634585999999999,18.626999999999999,0.29103200000000001
2334,17.157640000000001,17.143000000000001,0.27133600000000002
2335,17.798508999999999,17.785,0.27350000000000002
2336,30.52028,30.501000000000001,0.311006
2337,14.396509999999999,14.388,0.27818100000000001
2338,10.415241999999999,10.407,0.29124100000000003
2339,18.064816,18.050999999999998,0.30094799999999999
2340,15.19599,15.185,0.293825
2341,17.121392,17.108000000000001,0.29913299999999998
2342,40.400115,40.378,0.27832000000000001
2343,21.566269999999999,21.553000000000001,0.29319600000000001
2344,51.091932,51.063000000000002,0.33049200000000001
2345,13.618402,13.611000000000001,0.266656
2346,26.376909999999999,26.358000000000001,0.314079
2347,26.413577,26.399000000000001,0.335171
2348,31.163174999999999,31.141999999999999,0.27252300000000002
2349,33.322127999999999,33.304000000000002,0.277063
2350,17.426950000000001,17.413,0.30772300000000002
2351,27.534120999999999,27.515999999999998,0.295431
2352,17.222593,17.212,0.27203500000000003
2353,20.941742999999999,20.93,0.28767900000000002
2354,17.042121000000002,17.026,0.28691100000000003
2355,78.255960000000002,78.216999999999999,0.336918
2356,32.858936999999997,32.837000000000003,0.28293000000000001
2357,35.289434999999997,35.265999999999998,0.27007900000000001
2358,29.210466,29.192,0.28837699999999999
2359,20.378468999999999,20.366,0.31379899999999999
2360,28.712143999999999,28.690000000000001,0.29487200000000002
2361,24.526658999999999,24.513000000000002,0.29145100000000002
2362,15.170358999999999,15.156000000000001,0.27133499999999999
2363,84.466791000000001,84.421000000000006,0.386156
2364,31.780718,31.762,0.34920899999999999
2365,35.532555000000002,35.509,0.34306399999999998
2366,30.445270000000001,30.425000000000001,0.34760400000000002
2367,42.823419999999999,42.804000000000002,0.34005999999999997
2368,32.784066000000003,32.764000000000003,0.34054899999999999
2369,35.566496999999998,35.542000000000002,0.34271400000000002
2370,25.984468,25.957999999999998,0.354937
2371,24.969666,24.952999999999999,0.34823100000000001
2372,37.178029000000002,37.152000000000001,0.34194600000000003
2373,24.602647000000001,24.588999999999999,0.32427600000000001
2374,29.005690000000001,28.986000000000001,0.350466
2375,28.599978,28.581,0.35675200000000001
2376,33.297334999999997,33.280000000000001,0.333984
2377,34.528297999999999,34.503999999999998,0.37379400000000002
2378,38.736552000000003,38.713999999999999,0.318409
2379,37.589956999999998,37.564999999999998,0.36436499999999999
2380,34.978288999999997,34.960000000000001,0.32420599999999999
2381,41.784033000000001,41.756,0.357101
2382,46.964975000000003,46.936999999999998,0.27734199999999998
2383,46.093556999999997,46.066000000000003,0.336428
2384,37.432603,37.414999999999999,0.27608500000000002
2385,38.971848999999999,38.942,0.30611699999999997
2386,33.276800999999999,33.250999999999998,0.301927
2387,34.244391,34.228999999999999,0.30534899999999998
2388,34.340074000000001,34.314999999999998,0.31757099999999999
2389,43.999766999999999,43.978999999999999,0.27468900000000002
2390,57.132418000000001,57.091999999999999,0.277063
2391,47.632871999999999,47.603999999999999,0.31575500000000001
2392,33.884565000000002,33.871000000000002,0.27727299999999999
2393,45.544251000000003,45.512,0.277063
2394,41.147074000000003,41.125999999999998,0.295711
2395,31.016787000000001,31,0.31561600000000001
2396,27.792396,27.776,0.26707500000000001
2397,27.298334000000001,27.280999999999999,0.311635
2398,23.924762000000001,23.907,0.28383799999999998
2399,24.684920000000002,24.664999999999999,0.31666299999999997
2400,21.050208000000001,21.036000000000001,0.27322099999999999
2401,20.897113999999998,20.888000000000002,0.28628199999999998
2402,24.222007999999999,24.201000000000001,0.27392
2403,31.596264999999999,31.574000000000002,0.30807299999999999
2404,30.853076999999999,30.835000000000001,0.28977399999999998
2405,23.87238,23.853999999999999,0.29633999999999999
2406,20.597912000000001,20.585999999999999,0.25792599999999999
2407,21.195829,21.18,0.31645299999999998
2408,23.977143000000002,23.963999999999999,0.28719
2409,24.313431000000001,24.297999999999998,0.25639000000000001
2410,30.585583,30.567,0.29438300000000001
2411,21.233612999999998,21.221,0.30080899999999999
2412,21.084989,21.068000000000001,0.30499999999999999
2413,24.375451000000002,24.363,0.290682
2414,30.298252999999999,30.279,0.27531699999999998
2415,27.246231999999999,27.228000000000002,0.27657399999999999
2416,56.699607999999998,56.662999999999997,0.29613
2417,46.627218999999997,46.603999999999999,0.30779299999999998
2418,37.052384000000004,37.029000000000003,0.30290499999999998
2419,24.500398000000001,24.486999999999998,0.28984399999999999
2420,24.090705,24.07,0.30087900000000001
2421,21.326922,21.312000000000001,0.29941200000000001
2422,24.280047,24.265000000000001,0.30646600000000002
2423,20.832719999999998,20.818999999999999,0.28698000000000001
2424,20.974919,20.960999999999999,0.27510699999999999
2425,55.236001000000002,55.201000000000001,0.297736
2426,21.155041000000001,21.140000000000001,0.29969200000000001
2427,17.936865999999998,17.922999999999998,0.29145100000000002
2428,54.134943999999997,54.106000000000002,0.27852900000000003
2429,21.654201,21.635999999999999,0.30136800000000002
2430,21.291163000000001,21.276,0.31233300000000003
2431,60.885862000000003,60.850999999999999,0.30576799999999998
2432,20.824408999999999,20.809000000000001,0.27217400000000003
2433,66.772975000000002,66.730000000000004,0.30430099999999999
2434,54.389446999999997,54.360999999999997,0.29850500000000002
2435,49.694955,49.662999999999997,0.27817999999999998
2436,54.557557000000003,54.521999999999998,0.31652400000000003
2437,56.533175,56.500999999999998,0.28258
2438,63.777805000000001,63.740000000000002,0.32008500000000001
2439,63.379288000000003,63.343000000000004,0.299203
2440,46.552768,46.527999999999999,0.28237099999999998
2441,61.183388000000001,61.136000000000003,0.34054899999999999
2442,20.736408000000001,20.725000000000001,0.270847
2443,40.103077999999996,40.076999999999998,0.27650400000000003
2444,30.997789999999998,30.98,0.299622
2445,46.288556,46.267000000000003,0.31240299999999999
2446,20.787533,20.774000000000001,0.30507000000000001
2447,31.437304999999999,31.420999999999999,0.298016
2448,27.163888,27.145,0.27384999999999998
2449,27.899324,27.876000000000001,0.306815
2450,24.141341000000001,24.129999999999999,0.29382399999999997
2451,27.344989000000002,27.324000000000002,0.274758
2452,28.015820000000001,27.997,0.27608500000000002
2453,28.003178999999999,27.984000000000002,0.327488
2454,24.821531,24.809000000000001,0.309749
2455,24.162921999999998,24.145,0.30367300000000003
2456,27.873273000000001,27.856000000000002,0.26910099999999998
2457,31.176445000000001,31.157,0.29885400000000001
2458,30.400780999999998,30.381,0.32637100000000002
2459,23.575831000000001,23.562000000000001,0.27119599999999999
2460,23.576668999999999,23.562000000000001,0.30199599999999999
2461,27.377465000000001,27.353999999999999,0.31198399999999998
2462,27.431522999999999,27.411999999999999,0.27468799999999999
2463,23.665438000000002,23.651,0.29522100000000001
2464,23.504383000000001,23.48,0.29794599999999999
2465,27.157253999999998,27.138000000000002,0.29242800000000002
2466,23.726759999999999,23.713999999999999,0.31673299999999999
2467,23.424833,23.411999999999999,0.26127800000000001
2468,13.971173,13.958,0.291939
2469,27.611854999999998,27.591000000000001,0.29878300000000002
2470,30.279814999999999,30.262,0.27231300000000003
2471,27.085595999999999,27.065999999999999,0.307583
2472,20.863310999999999,20.847000000000001,0.32623099999999999
2473,24.092382000000001,24.077000000000002,0.275806
2474,20.910665000000002,20.895,0.29291699999999998
2475,30.008759000000001,29.988,0.305977
2476,26.986630000000002,26.969000000000001,0.31575500000000001
2477,36.230553999999998,36.207999999999998,0.273781
2478,27.242180999999999,27.222999999999999,0.292987
2479,32.871298000000003,32.850000000000001,0.27105699999999999
2480,23.635196000000001,23.617000000000001,0.31987599999999999
2481,42.300722999999998,42.281999999999996,0.27126600000000001
2482,23.367422999999999,23.344999999999999,0.27098699999999998
2483,33.515591000000001,33.496000000000002,0.30213600000000002
2484,33.574047999999998,33.552999999999997,0.30108800000000002
2485,26.815168,26.789000000000001,0.27440900000000001
2486,32.632300000000001,32.610999999999997,0.30381200000000003
2487,32.585994999999997,32.567,0.27308199999999999
2488,35.176150999999997,35.152000000000001,0.30674600000000002
2489,34.907958999999998,34.880000000000003,0.33733600000000002
2490,35.665533000000003,35.646000000000001,0.325463
2491,32.023139,31.998000000000001,0.30877100000000002
2492,25.778924,25.757999999999999,0.31868800000000003
2493,27.595302,27.577000000000002,0.27734300000000001
2494,25.343250000000001,25.326000000000001,0.30073899999999998
2495,25.400939000000001,25.382000000000001,0.301647
2496,22.698267000000001,22.690000000000001,0.30346299999999998
2497,23.071083000000002,23.055,0.31358999999999998
2498,22.323007,22.309999999999999,0.27566600000000002
2499,31.127206999999999,31.109000000000002,0.29410399999999998
2500,22.176687999999999,22.163,0.29787599999999997
2501,26.072120000000002,26.048999999999999,0.268542
2502,26.008424000000002,25.995000000000001,0.266517
2503,23.370356000000001,23.353999999999999,0.32595299999999999
2504,29.740494999999999,29.715,0.27769100000000002
2505,27.263971999999999,27.251000000000001,0.31149399999999999
2506,27.069251999999999,27.050999999999998,0.26819300000000001
2507,23.419384999999998,23.407,0.29054200000000002
2508,27.460089,27.440000000000001,0.33007300000000001
2509,20.342151000000001,20.329000000000001,0.29005300000000001
2510,17.294391000000001,17.280999999999999,0.27133600000000002
2511,26.959810999999998,26.940999999999999,0.30234499999999997
2512,24.123531,24.108000000000001,0.27992600000000001
2513,29.893170999999999,29.873999999999999,0.30171700000000001
2514,27.049627000000001,27.021999999999998,0.30723400000000001
2515,23.597062999999999,23.584,0.29375499999999999
2516,27.205234999999998,27.187000000000001,0.299342
2517,23.600486,23.585999999999999,0.30527900000000002
2518,38.821339000000002,38.795999999999999,0.27154600000000001
2519,24.041537000000002,24.030000000000001,0.30332300000000001
2520,30.710529999999999,30.690000000000001,0.27524700000000002
2521,30.199427,30.173999999999999,0.27608500000000002
2522,33.445189999999997,33.423000000000002,0.31310100000000002
2523,43.099854000000001,43.066000000000003,0.30583700000000003
2524,26.793447,26.779,0.27294200000000002
2525,24.251901,24.236999999999998,0.30527900000000002
2526,30.856779,30.831,0.312193
2527,24.231366999999999,24.213000000000001,0.30590800000000001
2528,23.890467999999998,23.876000000000001,0.274897
2529,20.806809000000001,20.792999999999999,0.26714500000000002
2530,21.113485000000001,21.100000000000001,0.33719700000000002
2531,21.201066000000001,21.189,0.274758
2532,17.880991999999999,17.869,0.29682799999999998
2533,27.364684,27.350999999999999,0.291939
2534,37.256112999999999,37.231999999999999,0.32685999999999998
2535,37.287053,37.265000000000001,0.271754
2536,47.938082000000001,47.914000000000001,0.29375499999999999
2537,38.201912,38.182000000000002,0.27329100000000001
2538,40.926304999999999,40.902000000000001,0.33230799999999999
2539,38.820013000000003,38.801000000000002,0.27447899999999997
2540,43.408416000000003,43.357999999999997,0.28076400000000001
2541,38.143732999999997,38.119,0.31198399999999998
2542,45.018830000000001,44.994,0.30569800000000003
2543,44.669341000000003,44.642000000000003,0.30681599999999998
2544,37.280138000000001,37.261000000000003,0.30646699999999999
2545,30.485849000000002,30.460999999999999,0.27615400000000001
2546,33.219112000000003,33.201000000000001,0.30953900000000001
2547,30.212837,30.195,0.31505699999999998
2548,23.568707,23.547000000000001,0.27762199999999998
2549,20.685563999999999,20.670999999999999,0.30402099999999999
2550,20.887475999999999,20.872,0.29710799999999998
2551,17.408512000000002,17.395,0.26777400000000001
2552,27.514285999999998,27.501000000000001,0.30569800000000003
2553,24.586444,24.567,0.28034500000000001
2554,27.173597000000001,27.155000000000001,0.293126
2555,21.148755000000001,21.132999999999999,0.31121599999999999
2556,17.395869999999999,17.384,0.272872
2557,17.416194000000001,17.408000000000001,0.29647899999999999
2558,20.772376999999999,20.751000000000001,0.287609
2559,20.639956999999999,20.632000000000001,0.26979900000000001
2560,20.863310999999999,20.847000000000001,0.30646600000000002
2561,20.562432000000001,20.547999999999998,0.31938699999999998
2562,20.383987000000001,20.367999999999999,0.29752600000000001
2563,32.614978999999998,32.593000000000004,0.30961
2564,20.176416,20.164000000000001,0.272034
2565,29.219266000000001,29.199999999999999,0.29445300000000002
2566,20.560896,20.547000000000001,0.28956500000000002
2567,20.801500999999998,20.788,0.26868199999999998
2568,26.792959,26.773,0.27601500000000001
2569,17.518583,17.510999999999999,0.30541800000000002
2570,30.569868,30.545000000000002,0.279088
2571,24.307355000000001,24.295000000000002,0.312473
2572,20.914155999999998,20.899999999999999,0.274619
2573,24.0136,23.995999999999999,0.29619899999999999
2574,20.717411999999999,20.702000000000002,0.29899300000000001
2575,24.353870000000001,24.341000000000001,0.29054200000000002
2576,27.331509,27.311,0.270847
2577,27.461065999999999,27.442,0.31966600000000001
2578,30.555551000000001,30.527999999999999,0.28670099999999998
2579,37.756808999999997,37.732999999999997,0.30751400000000001
2580,30.611772999999999,30.591999999999999,0.31603500000000001
2581,24.532526000000001,24.510999999999999,0.29997099999999999
2582,27.404843,27.388999999999999,0.29256799999999999
2583,30.386113999999999,30.364000000000001,0.26875199999999999
2584,34.493586000000001,34.475000000000001,0.30171700000000001
2585,37.465358999999999,37.442999999999998,0.29424400000000001
2586,30.531735000000001,30.513999999999999,0.26931100000000002
2587,34.093741000000001,34.067999999999998,0.28767900000000002
2588,23.647418999999999,23.632999999999999,0.33587
2589,23.484407999999998,23.469999999999999,0.28928599999999999
2590,26.77431,26.756,0.27105699999999999
2591,23.476165999999999,23.460999999999999,0.31051699999999999
2592,23.664110999999998,23.648,0.32553300000000002
2593,23.682130000000001,23.664999999999999,0.293406
2594,26.350579,26.335999999999999,0.27657399999999999
2595,23.258469000000002,23.241,0.26875100000000002
2596,23.415824000000001,23.402000000000001,0.333984
2597,23.493207999999999,23.474,0.29417399999999999
2598,20.642261999999999,20.634,0.27070699999999998
2599,23.711185,23.696999999999999,0.297736
2600,24.911556999999998,24.893999999999998,0.30492999999999998
2601,21.707211000000001,21.692,0.27168500000000001
2602,25.222632999999998,25.210000000000001,0.29920200000000002
2603,25.212226999999999,25.193000000000001,0.29389399999999999
2604,25.208874000000002,25.195,0.34913899999999998
2605,25.213972999999999,25.196000000000002,0.270148
2606,24.890046000000002,24.876000000000001,0.27755200000000002
2607,28.514561,28.497,0.29948200000000003
2608,28.454567000000001,28.437000000000001,0.299203
2609,25.019601999999999,25.001000000000001,0.29103099999999998
2610,24.806166000000001,24.789999999999999,0.293825
2611,28.773744000000001,28.748999999999999,0.30681599999999998
2612,24.988382999999999,24.974,0.27943800000000002
2613,24.878173,24.863,0.31959700000000002
2614,25.172415999999998,25.152999999999999,0.27378000000000002
2615,21.936361999999999,21.594999999999999,0.641428
2616,18.356615000000001,18.343,0.30332399999999998
2617,25.253155,25.236000000000001,0.27657399999999999
2618,24.855125000000001,24.84,0.31715199999999999
2619,21.433501,21.413,0.29619899999999999
2620,28.680226000000001,28.666,0.27769100000000002
2621,24.9191,24.899000000000001,0.32057400000000003
2622,24.490480000000002,24.475999999999999,0.27294200000000002
2623,24.666412000000001,24.652999999999999,0.29850399999999999
2624,21.410453,21.390000000000001,0.29033300000000001
2625,24.857918999999999,24.844000000000001,0.27887800000000001
2626,25.025469999999999,25.003,0.270847
2627,25.048866,25.035,0.30981900000000001
2628,21.677458999999999,21.661000000000001,0.26917099999999999
2629,24.861270999999999,24.841000000000001,0.30402200000000001
2630,25.312449999999998,25.298999999999999,0.29780600000000002
2631,21.611737000000002,21.591999999999999,0.28816799999999998
2632,25.02505,25.012,0.30534800000000001
2633,25.161731,25.146000000000001,0.30793199999999998
2634,21.593159,21.579000000000001,0.27629399999999998
2635,24.511013999999999,24.486000000000001,0.315197
2636,24.209087,24.195,0.288657
2637,24.281932000000001,24.268999999999998,0.27280300000000002
2638,24.98517,24.971,0.32001600000000002
2639,24.621922999999999,24.602,0.27440900000000001
2640,24.922453000000001,24.91,0.27154499999999998
2641,21.174247999999999,21.158000000000001,0.303533
2642,21.795909999999999,21.780000000000001,0.29745700000000003
2643,21.308762999999999,21.294,0.29969099999999999
2644,24.535319000000001,24.523,0.27384999999999998
2645,24.356383999999998,24.335000000000001,0.295292
2646,21.238083,21.224,0.30402099999999999
2647,24.285423999999999,24.265999999999998,0.31114599999999998
2648,24.562277999999999,24.544,0.274339
2649,24.719142999999999,24.704999999999998,0.30290400000000001
2650,24.202452000000001,24.189,0.30807299999999999
2651,27.722415000000002,27.704999999999998,0.28998400000000002
2652,24.825721999999999,24.806999999999999,0.29410399999999998
2653,21.5398,21.526,0.27126600000000001
2654,21.667331999999998,21.651,0.31561499999999998
2655,24.734718000000001,24.710000000000001,0.29005300000000001
2656,17.918707000000001,17.905000000000001,0.27238299999999999
2657,18.022701999999999,18.010000000000002,0.29487200000000002
2658,21.650359999999999,21.635000000000002,0.29445399999999999
2659,21.570319999999999,21.559000000000001,0.27727200000000002
2660,18.418634999999998,18.405000000000001,0.30471999999999999
2661,21.731166999999999,21.709,0.29347600000000001
2662,18.200659000000002,18.192,0.29717700000000002
2663,24.801276999999999,24.782,0.29661799999999999
2664,21.328529,21.314,0.297178
2665,18.041349,18.026,0.275177
2666,21.350667999999999,21.335999999999999,0.31184400000000001
2667,21.893758999999999,21.878,0.26826299999999997
2668,21.437062999999998,21.419,0.30262499999999998
2669,21.834114,21.809000000000001,0.317222
2670,21.777052999999999,21.763999999999999,0.27608500000000002
2671,21.316026000000001,21.297000000000001,0.29494300000000001
2672,17.893004999999999,17.882999999999999,0.290821
2673,18.245148,18.233000000000001,0.29152
2674,21.525621999999998,21.512,0.29570999999999997
2675,21.664816999999999,21.646000000000001,0.31435800000000003
2676,21.231238999999999,21.218,0.271754
2677,24.712508,24.699999999999999,0.30674600000000002
2678,21.690518000000001,21.675000000000001,0.27426899999999999
2679,21.543361999999998,21.523,0.31764100000000001
2680,21.711400999999999,21.702999999999999,0.278949
2681,17.939171000000002,17.925000000000001,0.30520999999999998
2682,21.310579000000001,21.288,0.29186899999999999
2683,21.329785000000001,21.315000000000001,0.27336199999999999
2684,28.140488000000001,28.126999999999999,0.27566600000000002
2685,14.742646000000001,14.727,0.31198399999999998
2686,18.207851999999999,18.193000000000001,0.26993899999999998
2687,24.812381999999999,24.797999999999998,0.29605999999999999
2688,17.960681999999998,17.945,0.28977399999999998
2689,18.474019999999999,18.460000000000001,0.30995899999999998
2690,18.091145999999998,18.076000000000001,0.314498
2691,18.102810000000002,18.087,0.291101
2692,18.327352000000001,18.312999999999999,0.26945000000000002
2693,18.085280000000001,18.074000000000002,0.31638300000000003
2694,18.085349000000001,18.071999999999999,0.27587600000000001
2695,21.390757000000001,21.376999999999999,0.27468799999999999
2696,14.367176000000001,14.353999999999999,0.28914499999999999
2697,21.330065000000001,21.317,0.29096100000000003
2698,24.871956999999998,24.855,0.316104
2699,18.354869999999998,18.341000000000001,0.30416199999999999
2700,28.117090999999999,28.099,0.29466300000000001
2701,28.557652999999998,28.544,0.27713300000000002
2702,18.168462000000002,18.155999999999999,0.292987
2703,21.432452999999999,21.417999999999999,0.27510699999999999
2704,21.548041999999999,21.535,0.323577
2705,18.162106000000001,18.148,0.29200799999999999
2706,21.597349000000001,21.582999999999998,0.29494300000000001
2707,25.027076000000001,25.013000000000002,0.29256799999999999
2708,24.987266000000002,24.965,0.30464999999999998
2709,24.688621999999999,24.670999999999999,0.292987
2710,24.552918999999999,24.539999999999999,0.291939
2711,21.113136000000001,21.100999999999999,0.27629399999999998
2712,24.700565000000001,24.686,0.30947000000000002
2713,31.565394999999999,31.544,0.32602199999999998
2714,24.725777999999998,24.707000000000001,0.28314
2715,24.562208999999999,24.544,0.29710700000000001
2716,28.188679,28.167000000000002,0.31966600000000001
2717,17.899291000000002,17.891999999999999,0.27280300000000002
2718,24.901081000000001,24.881,0.30897999999999998
2719,18.208970000000001,18.201000000000001,0.27356999999999998
2720,21.356884000000001,21.344000000000001,0.29186899999999999
2721,21.724602000000001,21.709,0.29263699999999998
2722,17.980308000000001,17.969000000000001,0.29410399999999998
2723,24.744356,24.731000000000002,0.286491
2724,24.756159,24.738,0.29969200000000001
2725,21.312255,21.300999999999998,0.27322200000000002
2726,17.995882000000002,17.978999999999999,0.27399000000000001
2727,14.690125,14.679,0.29312700000000003
2728,18.111052000000001,18.097000000000001,0.28621200000000002
2729,25.020441000000002,25.007000000000001,0.28383799999999998
2730,24.591121999999999,24.577999999999999,0.28076499999999999
2731,21.262737000000001,21.25,0.301927
2732,21.566690000000001,21.553000000000001,0.31575500000000001
2733,21.247512,21.23,0.29738700000000001
2734,24.691904000000001,24.68,0.27322099999999999
2735,24.79101,24.774999999999999,0.32106299999999999
2736,21.255752999999999,21.234999999999999,0.27391900000000002
2737,21.516332999999999,21.504000000000001,0.270009
2738,21.543151999999999,21.529,0.30653599999999998
2739,25.355682000000002,25.332000000000001,0.31331100000000001
2740,24.689530000000001,24.673999999999999,0.30925999999999998
2741,24.654399999999999,24.641999999999999,0.29096100000000003
2742,23.956818999999999,23.939,0.26707500000000001
2743,20.598191,20.585999999999999,0.30346299999999998
2744,17.174192000000001,17.158999999999999,0.27943699999999999
2745,17.072362999999999,17.056999999999999,0.27601500000000001
2746,23.377130000000001,23.359999999999999,0.29682799999999998
2747,23.434121999999999,23.419,0.32239000000000001
2748,23.302399999999999,23.291,0.275945
2749,23.610472999999999,23.591999999999999,0.31044699999999997
2750,20.354583000000002,20.34,0.27322200000000002
2751,20.566901999999999,20.553000000000001,0.30709399999999998
2752,17.798369999999998,17.786000000000001,0.29075200000000001
2753,21.064945000000002,21.052,0.27566600000000002
2754,17.492393,17.478999999999999,0.30632700000000002
2755,23.901852999999999,23.884,0.29103099999999998
2756,24.301628000000001,24.289000000000001,0.27468900000000002
2757,24.053898,24.042999999999999,0.30953999999999998
2758,20.843126999999999,20.827000000000002,0.29277700000000001
2759,24.18618,24.172000000000001,0.28788799999999998
2760,20.620401000000001,20.606999999999999,0.291939
2761,23.834526,23.811,0.29403400000000002
2762,23.988386999999999,23.972999999999999,0.30066900000000002
2763,24.531896,24.513999999999999,0.29710799999999998
2764,24.054107999999999,24.039999999999999,0.275177
2765,24.250433999999998,24.236999999999998,0.29291600000000001
2766,21.352834000000001,21.335999999999999,0.32567299999999999
2767,24.307773999999998,24.294,0.28111399999999998
2768,24.733321,24.719000000000001,0.29766599999999999
2769,27.746300000000002,27.725999999999999,0.27154499999999998
2770,20.881609999999998,20.869,0.27517799999999998
2771,21.075839999999999,21.062999999999999,0.306396
2772,22.420507000000001,22.398,0.26959
2773,17.348239,17.338000000000001,0.26372299999999999
2774,16.392102999999999,16.381,0.310726
2775,23.693166000000002,23.68,0.28656100000000001
2776,20.674040000000002,20.655999999999999,0.29235800000000001
2777,16.199200000000001,16.184000000000001,0.31261299999999997
2778,14.248027,14.24,0.29235800000000001
2779,17.335947000000001,17.327000000000002,0.29906300000000002
2780,13.946099999999999,13.929,0.26951900000000001
2781,13.715133,13.707000000000001,0.29005300000000001
2782,15.636483,15.622999999999999,0.30849100000000002
2783,13.855026000000001,13.846,0.322181
2784,13.938627,13.925000000000001,0.28816700000000001
2785,13.890855,13.882,0.28767900000000002
2786,13.796778,13.788,0.28237000000000001
2787,17.463198999999999,17.449000000000002,0.26637699999999997
2788,14.265696999999999,14.255000000000001,0.287609
2789,16.016283999999999,16.004000000000001,0.276225
2790,15.7219,15.708,0.320714
2791,14.075168,14.067,0.30220599999999997
2792,15.859279000000001,15.847,0.27175500000000002
2793,13.943795,13.935,0.30157800000000001
2794,26.211245000000002,26.193000000000001,0.309888
2795,13.693830999999999,13.685,0.27077699999999999
2796,19.108743,19.096,0.298294
2797,13.310468999999999,13.303000000000001,0.29473199999999999
2798,12.941983,12.928000000000001,0.26707599999999998
2799,15.045970000000001,15.037000000000001,0.29047200000000001
2800,15.183069,15.169,0.290543
2801,17.219519999999999,17.212,0.29159000000000002
2802,15.424723,15.416,0.29333599999999999
2803,15.376950000000001,15.359999999999999,0.270847
2804,15.920251,15.913,0.30360199999999998
2805,17.770503000000001,17.762,0.27741199999999999
2806,17.345655000000001,17.332000000000001,0.27440900000000001
2807,17.171399000000001,17.158999999999999,0.28572399999999998
2808,16.053999000000001,16.039999999999999,0.29047200000000001
2809,15.537727,15.528,0.29096100000000003
2810,15.281268000000001,15.266999999999999,0.27713199999999999
2811,15.393503000000001,15.385999999999999,0.25422400000000001
2812,15.434989,15.422000000000001,0.274619
2813,15.201648,15.194000000000001,0.30660599999999999
2814,13.387784,13.379,0.276225
2815,15.487719999999999,15.473000000000001,0.29221799999999998
2816,13.594656000000001,13.581,0.28181200000000001
2817,19.076336999999999,19.061,0.31561499999999998
2818,15.345173000000001,15.336,0.305838
2819,16.122582999999999,16.109000000000002,0.279088
2820,17.951184000000001,17.928000000000001,0.28579300000000002
2821,17.228529999999999,17.189,0.320434
2822,15.742293999999999,15.728,0.26833200000000001
2823,17.192281999999999,17.178000000000001,0.26861200000000002
2824,16.670003999999999,16.66,0.30269499999999999
2825,19.239138000000001,19.225999999999999,0.270428
2826,23.604396000000001,23.591000000000001,0.268681
2827,22.529878,22.516999999999999,0.29550199999999999
2828,15.089969999999999,15.077,0.29291600000000001
2829,15.088153999999999,15.08,0.27524700000000002
2830,14.900418999999999,14.893000000000001,0.30185699999999999
2831,14.994007999999999,14.98,0.272314
2832,16.695077000000001,16.68,0.30870199999999998
2833,16.750530999999999,16.736999999999998,0.29103200000000001
2834,14.986395,14.978999999999999,0.28726000000000002
2835,15.174200000000001,15.16,0.29885299999999998
2836,16.747319000000001,16.733000000000001,0.28984300000000002
2837,16.556719999999999,16.545999999999999,0.26805299999999999
2838,15.228676,15.215,0.29347499999999999
2839,15.051558,15.038,0.270847
2840,16.708627,16.699000000000002,0.28481499999999998
2841,15.609734,15.593999999999999,0.29878399999999999
2842,17.795435999999999,17.786999999999999,0.29242800000000002
2843,17.896357999999999,17.882000000000001,0.28670099999999998
2844,16.253606999999999,16.239999999999998,0.29445300000000002
2845,14.547509,14.539,0.26833200000000001
2846,14.056311000000001,14.044,0.28816799999999998
2847,14.130832,14.122999999999999,0.298155
2848,14.197461000000001,14.186999999999999,0.30527900000000002
2849,16.048200999999999,16.027999999999999,0.29892400000000002
2850,15.64228,15.634,0.29277700000000001
2851,15.980874,15.965999999999999,0.290543
2852,27.221858000000001,27.209,0.29075099999999998
2853,15.730491000000001,15.722,0.27315099999999998
2854,17.371426,17.356999999999999,0.25764700000000001
2855,31.643198999999999,31.619,0.30562800000000001
2856,18.208341999999998,18.199000000000002,0.28083399999999997
2857,19.992034,19.978000000000002,0.30255500000000002
2858,17.438824,17.425000000000001,0.26966000000000001
2859,27.856231000000001,27.844000000000001,0.30486000000000002
2860,23.454585000000002,23.440000000000001,0.30059999999999998
2861,15.027113,15.012,0.31959700000000002
2862,14.796564999999999,14.789,0.270847
2863,11.259422000000001,11.249000000000001,0.29913299999999998
2864,11.274578,11.266999999999999,0.26477099999999998
2865,11.428649,11.417999999999999,0.30520900000000001
2866,12.951131999999999,12.943,0.29710700000000001
2867,18.200240000000001,18.187999999999999,0.29850500000000002
2868,15.815068999999999,15.805,0.29242800000000002
2869,17.255279000000002,17.239999999999998,0.27112599999999998
2870,11.465246,11.452,0.26197700000000002
2871,22.448233999999999,22.433,0.30262499999999998
2872,18.472344,18.463999999999999,0.265399
2873,15.523339999999999,15.509,0.30730400000000002
2874,12.500443000000001,12.491,0.29228799999999999
2875,70.126363999999995,70.087999999999994,0.35347000000000001
2876,62.487406999999997,62.451999999999998,0.376029
2877,55.161340000000003,55.128999999999998,0.31135600000000002
2878,53.391058000000001,53.363,0.34921000000000002
2879,51.300759999999997,51.268000000000001,0.30800300000000003
2880,35.516840000000002,35.485999999999997,0.36380600000000002
2881,32.726376999999999,32.709000000000003,0.27154499999999998
2882,40.762175999999997,40.738,0.347742
2883,48.208021000000002,48.177,0.37016199999999999
2884,41.093854999999998,41.07,0.371419
2885,29.205856000000001,29.187000000000001,0.35200399999999998
2886,31.497368999999999,31.478999999999999,0.33000299999999999
2887,16.822049,16.812000000000001,0.28670099999999998
2888,17.239564000000001,17.228999999999999,0.27028799999999997
2889,22.695682999999999,22.678000000000001,0.35444799999999999
2890,15.171405999999999,15.162000000000001,0.30136800000000002
2891,17.463616999999999,17.451000000000001,0.28788799999999998
2892,27.943394999999999,27.925000000000001,0.318689
2893,22.636876000000001,22.622,0.31037799999999999
2894,17.067194000000001,17.053999999999998,0.30059999999999998
2895,17.488969999999998,17.478000000000002,0.28062500000000001
2896,16.539679,16.526,0.25764700000000001
2897,19.602595000000001,19.59,0.30919000000000002
2898,23.477772999999999,23.463999999999999,0.28621200000000002
2899,18.457816999999999,18.445,0.26463100000000001
2900,15.282315000000001,15.269,0.30842199999999997
2901,15.447490999999999,15.44,0.285304
2902,17.154496999999999,17.140999999999998,0.293545
2903,19.565021000000002,19.553999999999998,0.27859899999999999
2904,17.972555,17.962,0.27182499999999998
2905,21.984693,21.969000000000001,0.27454899999999999
2906,15.283782,15.27,0.30178700000000003
2907,14.733637,14.726000000000001,0.25806600000000002
2908,19.761695,19.745999999999999,0.30897999999999998
2909,11.904761000000001,11.897,0.26386300000000001
2910,12.276529999999999,12.266999999999999,0.28432600000000002
2911,19.928197999999998,19.914000000000001,0.28048499999999998
2912,12.294828000000001,12.285,0.26637699999999997
2913,12.302441,12.294,0.26651599999999998
2914,20.407173,20.387,0.32252999999999998
2915,13.010287999999999,13.004,0.26477099999999998
2916,12.004216,11.991,0.29319699999999999
2917,11.639362,11.632,0.29654900000000001
2918,16.164767999999999,16.152000000000001,0.27461799999999997
2919,15.587524,15.574999999999999,0.316803
2920,14.300827,14.292999999999999,0.26099899999999998
2921,15.291325000000001,15.282999999999999,0.261907
2922,21.610969000000001,21.597000000000001,0.30241600000000002
2923,14.777847,14.763999999999999,0.263793
2924,12.93444,12.926,0.25995099999999999
2925,15.671265,15.664,0.308282
2926,12.509941,12.497,0.261069
2927,12.196211,12.188000000000001,0.26330399999999998
2928,11.454280000000001,11.446,0.280555
2929,12.490455000000001,12.474,0.28404699999999999
2930,13.545836,13.538,0.26532899999999998
2931,15.281197000000001,15.273,0.28376800000000002
2932,22.189050999999999,22.167999999999999,0.26567800000000003
2933,21.110202999999998,21.096,0.33118999999999998
2934,19.098407000000002,19.082999999999998,0.28670099999999998
2935,18.471436000000001,18.457999999999998,0.26093
2936,11.054505000000001,11.039999999999999,0.292987
2937,12.461121,12.452999999999999,0.30465100000000001
2938,8.7970760000000006,8.7889999999999997,0.26246599999999998
2939,12.563510000000001,12.557,0.325324
2940,16.509926,16.492999999999999,0.32280900000000001
2941,15.743131999999999,15.718999999999999,0.34005999999999997
2942,15.578794,15.569000000000001,0.33887299999999998
2943,16.212958,16.202999999999999,0.329654
2944,15.320169,15.305999999999999,0.32860600000000001
2945,15.126708000000001,15.117000000000001,0.32015500000000002
2946,14.091162000000001,14.084,0.33258700000000002
2947,11.382344,11.369,0.348441
2948,11.028314999999999,11.02,0.32672000000000001
2949,12.095079999999999,12.086,0.37030200000000002
2950,11.3088,11.300000000000001,0.31659300000000001
2951,11.161294,11.151,0.306257
2952,12.495203999999999,12.481999999999999,0.32155299999999998
2953,12.068192,12.06,0.32385700000000001
2954,11.300279,11.292,0.32665100000000002
2955,11.867675,11.853999999999999,0.31345000000000001
2956,12.918445999999999,12.91,0.33356400000000003
2957,12.897285,12.888,0.33761600000000003
2958,9.8467300000000009,9.8360000000000003,0.27804099999999998
2959,11.727781999999999,11.720000000000001,0.26302399999999998
2960,11.378921999999999,11.371,0.264212
2961,10.763894000000001,10.757,0.29724699999999998
2962,9.6390200000000004,9.6310000000000002,0.277063
2963,13.462794000000001,13.446999999999999,0.268542
2964,9.2256260000000001,9.2240000000000002,0.28914499999999999
2965,14.709123,14.695,0.313031
2966,9.7346339999999998,9.7249999999999996,0.26295499999999999
2967,8.7847840000000001,8.7769999999999992,0.27468799999999999
2968,9.3949929999999995,9.3879999999999999,0.27392
2969,10.664509000000001,10.654999999999999,0.29759600000000003
2970,10.537326999999999,10.529999999999999,0.26246599999999998
2971,9.1891689999999997,9.1820000000000004,0.24577399999999999
2972,9.2884139999999995,9.2859999999999996,0.29242800000000002
2973,9.193149,9.1799999999999997,0.27748200000000001
2974,11.32626,11.317,0.280136
2975,9.3981349999999999,9.3900000000000006,0.28167300000000001
2976,9.5264340000000001,9.5250000000000004,0.27426899999999999
2977,10.115481000000001,10.103,0.27853
2978,8.8835409999999992,8.8759999999999994,0.278669
2979,11.676238,11.669,0.26330399999999998
2980,12.397425999999999,12.390000000000001,0.26490999999999998
2981,13.63237,13.619,0.327069
2982,11.462312000000001,11.452999999999999,0.29242800000000002
2983,10.05423,10.044,0.28670099999999998
2984,9.8525969999999994,9.8510000000000009,0.26463100000000001
2985,13.02272,13.009,0.28719
2986,11.078881000000001,11.077,0.285024
2987,13.601291,13.585000000000001,0.26044
2988,7.986561,7.9800000000000004,0.263374
2989,15.329040000000001,15.315,0.34250399999999998
2990,15.833368,15.824,0.36436499999999999
2991,16.022779,16.006,0.37232799999999999
2992,11.122322,11.112,0.26560899999999998
2993,14.307321999999999,14.300000000000001,0.29431400000000002
2994,27.307275000000001,27.288,0.30800300000000003
2995,28.542287999999999,28.524000000000001,0.33943099999999998
2996,23.375664,23.358000000000001,0.32804699999999998
2997,17.287407000000002,17.277000000000001,0.29871399999999998
2998,14.303481,14.289999999999999,0.26644600000000002
2999,26.11675,26.103999999999999,0.34117799999999998
3000,23.357156,23.344000000000001,0.32553300000000002
3001,23.257562,23.234000000000002,0.34746300000000002
3002,20.995732,20.983000000000001,0.304371
3003,22.728649000000001,22.710000000000001,0.34725299999999998
3004,17.915844,17.899999999999999,0.28355799999999998
3005,14.54269,14.529,0.28062500000000001
3006,26.144057,26.129999999999999,0.35626400000000003
3007,19.159309,19.143999999999998,0.28306900000000002
3008,9.6930770000000006,9.6850000000000005,0.28006599999999998
3009,9.8137640000000008,9.8059999999999992,0.29333599999999999
3010,15.557213000000001,15.541,0.28285900000000003
3011,17.049454999999998,17.041,0.26518999999999998
3012,15.183489,15.176,0.28579300000000002
3013,10.625745999999999,10.618,0.28020600000000001
3014,39.374626999999997,39.347999999999999,0.33985100000000001
3015,23.532319000000001,23.518999999999998,0.302066
3016,34.715263999999998,34.689,0.34264499999999998
3017,24.205245999999999,24.190999999999999,0.28865600000000002
3018,19.151416999999999,19.138000000000002,0.285723
3019,14.942394999999999,14.92,0.29948200000000003
3020,16.603304999999999,16.594999999999999,0.27999600000000002
3021,17.478214000000001,17.463000000000001,0.26993800000000001
3022,16.550854000000001,16.538,0.29682799999999998
3023,15.393573999999999,15.385,0.29703800000000002
3024,13.434089,13.427,0.25003399999999998
3025,13.256271,13.246,0.27804000000000001
3026,15.698503000000001,15.686,0.283418
3027,19.203309000000001,19.187999999999999,0.28670099999999998
3028,13.830581,13.821999999999999,0.291939
3029,11.700264000000001,11.691000000000001,0.26323400000000002
3030,16.031300000000002,16.018999999999998,0.280974
3031,13.493455000000001,13.484,0.28020600000000001
3032,17.69689,17.684000000000001,0.28237099999999998
3033,14.079917,14.071999999999999,0.27769199999999999
3034,11.016232,11.007999999999999,0.28767900000000002
3035,9.7701829999999994,9.7629999999999999,0.27657399999999999
3036,10.004573000000001,9.9939999999999998,0.289634
3037,13.052194,13.044,0.26442100000000002
3038,11.854545,11.845000000000001,0.288657
3039,25.654814999999999,25.635999999999999,0.33733600000000002
3040,26.212223000000002,26.193000000000001,0.32483400000000001
3041,22.260638,22.245999999999999,0.337756
3042,10.391216999999999,10.382,0.28474500000000003
3043,16.952933999999999,16.937000000000001,0.32483499999999998
3044,14.961741,14.952999999999999,0.290543
3045,19.443915000000001,19.428999999999998,0.33419300000000002
3046,11.168348,11.159000000000001,0.264212
3047,17.236001999999999,17.221,0.35458800000000001
3048,18.150233,18.134,0.36108200000000001
3049,12.574824,12.568,0.290543
3050,15.931704999999999,15.917,0.26910099999999998
3051,15.077958000000001,15.063000000000001,0.267704
3052,13.253826999999999,13.246,0.27643499999999999
3053,14.248165999999999,14.234,0.28425600000000001
3054,16.465855999999999,16.459,0.26903100000000002
3055,11.194678,11.186,0.31107600000000002
3056,11.122392,11.111000000000001,0.293406
3057,41.956890999999999,41.933999999999997,0.34138800000000002
3058,42.699379999999998,42.671999999999997,0.32294899999999999
3059,12.821365999999999,12.814,0.30576700000000001
3060,43.796388,43.762999999999998,0.30835200000000001
3061,14.156324,14.147,0.282441
3062,11.680987,11.670999999999999,0.31540600000000002
3063,13.052682000000001,13.044,0.26463100000000001
3064,11.742448,11.727,0.30185600000000001
3065,16.481081,16.472000000000001,0.28572399999999998
3066,21.888031000000002,21.873000000000001,0.263793
3067,11.717235000000001,11.708,0.28188200000000002
3068,13.638097,13.628,0.263932
3069,12.080971999999999,12.068,0.29717700000000002
3070,12.996111000000001,12.988,0.27329100000000001
3071,11.907973999999999,11.898,0.275806
3072,10.820116000000001,10.811,0.30681599999999998
3073,10.629238000000001,10.621,0.27999600000000002
3074,10.438571,10.43,0.26435199999999998
3075,10.304823000000001,10.297000000000001,0.28914499999999999
3076,10.709906,10.701000000000001,0.285723
3077,14.452453999999999,14.439,0.33621800000000002
3078,14.557007,14.548,0.32888600000000001
3079,18.507055000000001,18.48,0.35395900000000002
3080,16.131104000000001,16.122,0.36380600000000002
3081,14.818915000000001,14.811,0.32811699999999999
3082,18.169998,18.155999999999999,0.33684700000000001
3083,17.373450999999999,17.359000000000002,0.33244699999999999
3084,11.355105,11.346,0.28006599999999998
3085,11.151586,11.141999999999999,0.27985599999999999
3086,15.108409,15.093,0.26945000000000002
3087,17.326308999999998,17.318000000000001,0.26763399999999998
3088,15.387218000000001,15.372999999999999,0.321552
3089,16.781541000000001,16.768999999999998,0.26917099999999999
3090,12.702565,12.695,0.29913200000000001
3091,14.263671,14.25,0.27028799999999997
3092,10.188955,10.186999999999999,0.292987
3093,16.374364,16.359999999999999,0.29242800000000002
3094,14.212616000000001,14.204000000000001,0.26728499999999999
3095,13.197744,13.19,0.268542
3096,12.270244,12.263,0.30471999999999999
3097,11.453791000000001,11.445,0.28621200000000002
3098,13.218347,13.201000000000001,0.32099299999999997
3099,10.221432,10.214,0.29724699999999998
3100,13.584389,13.577,0.27713199999999999
3101,12.136706,12.122999999999999,0.30863099999999999
3102,11.040747,11.038,0.27063700000000002
3103,11.049128,11.034000000000001,0.28341899999999998
3104,12.78889,12.781000000000001,0.28439599999999998
3105,12.821854999999999,12.811,0.29899300000000001
3106,12.937792999999999,12.923999999999999,0.27280199999999999
3107,12.967057,12.960000000000001,0.29389500000000002
3108,11.638453999999999,11.631,0.270428
3109,12.696419000000001,12.689,0.26896100000000001
3110,11.222616,11.215999999999999,0.29522199999999998
3111,16.703876999999999,16.687999999999999,0.29221900000000001
3112,17.945526000000001,17.937000000000001,0.27070699999999998
3113,19.459978,19.446000000000002,0.27901799999999999
3114,13.894487,13.878,0.28886600000000001
3115,13.971104,13.962,0.31582500000000002
3116,12.381501999999999,12.367000000000001,0.28432600000000002
3117,12.485636,12.468999999999999,0.29172999999999999
3118,16.955727,16.949000000000002,0.28621200000000002
3119,12.523630000000001,12.51,0.29235800000000001
3120,10.751462,10.743,0.25142999999999999
3121,10.599346000000001,10.590999999999999,0.277202
3122,11.697191,11.689,0.28313899999999997
3123,11.391353000000001,11.381,0.28341899999999998
3124,11.04801,11.039999999999999,0.28293000000000001
3125,13.179444999999999,13.166,0.265679
3126,14.139632000000001,14.132,0.27482800000000002
3127,10.563376999999999,10.555,0.28111399999999998
3128,10.080629999999999,10.071999999999999,0.26274500000000001
3129,12.044165,12.031000000000001,0.288657
3130,9.9077020000000005,9.8989999999999991,0.27873900000000001
3131,8.9063780000000001,8.8979999999999997,0.27860000000000001
3132,10.974048,10.959,0.28313899999999997
3133,9.7720690000000001,9.7560000000000002,0.305838
3134,10.616877000000001,10.609999999999999,0.27629500000000001
3135,9.5064600000000006,9.4969999999999999,0.28104400000000002
3136,12.937932,12.929,0.265818
3137,11.01735,11.003,0.25974199999999997
3138,10.806357,10.797000000000001,0.29145100000000002
3139,11.057229,11.042999999999999,0.30479000000000001
3140,10.238753000000001,10.231,0.28265000000000001
3141,10.287712000000001,10.276999999999999,0.26497999999999999
3142,11.38828,11.379,0.28747
3143,12.195792000000001,12.188000000000001,0.27573500000000001
3144,13.481930999999999,13.472,0.26616800000000002
3145,11.969574,11.960000000000001,0.29661900000000002
3146,12.019511,12.010999999999999,0.30325299999999999
3147,9.9864139999999999,9.9789999999999992,0.27727200000000002
3148,10.944575,10.936999999999999,0.27713199999999999
3149,10.045291000000001,10.034000000000001,0.280974
3150,15.3377,15.324,0.33545000000000003
3151,11.327937,11.319000000000001,0.30590699999999998
3152,12.203894,12.195,0.28202199999999999
3153,10.276327,10.262,0.26595800000000003
3154,10.249927,10.247999999999999,0.28719
3155,14.585502999999999,14.569000000000001,0.32602199999999998
3156,10.472863,10.464,0.29829499999999998
3157,10.215635000000001,10.204000000000001,0.26442100000000002
3158,15.654292999999999,15.646000000000001,0.34969899999999998
3159,10.3813,10.369,0.29752600000000001
3160,16.520612,16.506,0.33859400000000001
3161,15.634808,15.621,0.327768
3162,10.645721,10.637,0.30157699999999998
3163,16.427303999999999,16.419,0.281393
3164,19.828464,19.814,0.28956500000000002
3165,13.652345,13.638999999999999,0.28530499999999998
3166,22.627727,22.614000000000001,0.27468799999999999
3167,19.690456999999999,19.683,0.28767799999999999
3168,19.069492,19.055,0.28020600000000001
3169,19.811771,19.797000000000001,0.30094900000000002
3170,16.710442,16.699000000000002,0.26763500000000001
3171,15.212821999999999,15.204000000000001,0.301927
3172,15.489744999999999,15.475,0.26393299999999997
3173,15.276937,15.269,0.282441
3174,13.997503,13.988,0.28795799999999999
3175,12.559528999999999,12.545,0.27978700000000001
3176,15.813463,15.798999999999999,0.29822500000000002
3177,14.125313999999999,14.117000000000001,0.26945000000000002
3178,14.046322999999999,14.038,0.26665699999999998
3179,15.152269,15.138,0.29997099999999999
3180,14.985137999999999,14.976000000000001,0.26260600000000001
3181,14.704164,14.69,0.33174900000000002
3182,12.992689,12.984999999999999,0.29703800000000002
3183,10.355668,10.349,0.26442100000000002
3184,14.836653999999999,14.829000000000001,0.29438399999999998
3185,11.219752,11.209,0.28816799999999998
3186,19.80828,19.792000000000002,0.28411700000000001
3187,17.094363999999999,17.081,0.27112599999999998
3188,11.212488,11.204000000000001,0.28341899999999998
3189,11.449182,11.442,0.26477000000000001
3190,17.821068,17.812999999999999,0.33223799999999998
3191,13.218348000000001,13.198,0.30311399999999999
3192,16.294674000000001,16.286000000000001,0.26176700000000003
3193,17.652190999999998,17.640000000000001,0.28041500000000003
3194,17.560487999999999,17.553000000000001,0.280974
3195,17.258841,17.245999999999999,0.26777400000000001
3196,21.520662999999999,21.507000000000001,0.279088
3197,16.696684000000001,16.687000000000001,0.26735500000000001
3198,54.435194000000003,54.402999999999999,0.30947000000000002
3199,16.349359,16.335000000000001,0.29312700000000003
3200,57.066907,57.036000000000001,0.32176100000000002
3201,21.915969,21.893000000000001,0.30967899999999998
3202,63.244213000000002,63.206000000000003,0.33859400000000001
3203,52.251727000000002,52.225000000000001,0.34145700000000001
3204,65.140979999999999,65.113,0.34906999999999999
3205,44.570723999999998,44.537999999999997,0.367369
3206,13.072657,13.064,0.282999
3207,16.352361999999999,16.338999999999999,0.28795799999999999
3208,17.463896999999999,17.449000000000002,0.284885
3209,23.148188999999999,23.137,0.27999600000000002
3210,34.673709000000002,34.655000000000001,0.30960900000000002
3211,27.332277999999999,27.311,0.33607900000000002
3212,24.604533,24.59,0.31149500000000002
3213,33.032702999999998,33.012999999999998,0.35158400000000001
3214,24.769777999999999,24.754999999999999,0.32441500000000001
3215,27.026160999999998,27.012,0.35256199999999999
3216,33.125382999999999,33.101999999999997,0.333565
3217,25.225356999999999,25.204999999999998,0.33740599999999998
3218,29.268294999999998,29.254999999999999,0.33775500000000003
3219,12.100039000000001,12.085000000000001,0.30046
3220,17.783144,17.768000000000001,0.26484099999999999
3221,15.583194000000001,15.574999999999999,0.263932
3222,20.504953,20.489999999999998,0.31338100000000002
3223,22.146167999999999,22.132000000000001,0.28767900000000002
3224,22.518704,22.498000000000001,0.29473300000000002
3225,31.202845,31.184999999999999,0.26896100000000001
3226,14.160304999999999,14.153,0.28767900000000002
3227,13.480045,13.471,0.27755200000000002
3228,14.633972999999999,14.616,0.26728499999999999
3229,15.961387999999999,15.952999999999999,0.34781299999999998
3230,17.629701000000001,17.614000000000001,0.26323400000000002
3231,21.195478999999999,21.18,0.28788799999999998
3232,25.951084000000002,25.931000000000001,0.36073300000000003
3233,14.667287999999999,14.659000000000001,0.29633900000000002
3234,12.041442,12.032,0.29165999999999997
3235,14.951893,14.933,0.29976199999999997
3236,15.761082,15.747,0.28411700000000001
3237,12.743073000000001,12.731999999999999,0.30870199999999998
3238,14.690405999999999,14.676,0.27699299999999999
3239,11.258724000000001,11.238,0.31917699999999999
3240,16.609451,16.591000000000001,0.36401600000000001
3241,14.786927,14.776999999999999,0.47667100000000001
3242,16.885325999999999,16.870000000000001,0.493363
3243,20.577797,20.558,0.56893199999999999
3244,19.322600000000001,19.302,0.50837900000000003
3245,18.058599999999998,18.039000000000001,0.53841099999999997
3246,12.579573999999999,12.564,0.295711
3247,20.347529000000002,20.331,0.59777599999999997
3248,19.301995999999999,19.283999999999999,0.50705199999999995
3249,15.532349999999999,15.518000000000001,0.54106500000000002
3250,25.307072000000002,25.283999999999999,0.55335699999999999
3251,43.017231000000002,42.987000000000002,0.412416
3252,30.749991000000001,30.734999999999999,0.403337
3253,26.102152,26.082999999999998,0.36178100000000002
3254,23.911631,23.895,0.36883500000000002
3255,26.808184000000001,26.783999999999999,0.38985700000000001
3256,16.961314999999999,16.952000000000002,0.36443500000000001
3257,17.174821000000001,17.158000000000001,0.39083600000000002
3258,12.865855,12.856999999999999,0.312612
3259,12.849443000000001,12.84,0.33251700000000001
3260,13.877585,13.869,0.37107000000000001
3261,18.976672000000001,18.962,0.38427
3262,18.836918000000001,18.821999999999999,0.36003499999999999
3263,15.179995999999999,15.166,0.38336199999999998
3264,14.190616,14.18,0.33607900000000002
3265,15.124193,15.115,0.36660100000000001
3266,14.562524,14.548999999999999,0.33139999999999997
3267,16.677198000000001,16.667999999999999,0.34257399999999999
3268,14.107644000000001,14.092000000000001,0.351794
3269,17.223780999999999,17.207999999999998,0.34725400000000001
3270,14.805154999999999,14.792999999999999,0.32246000000000002
3271,11.934653000000001,11.925000000000001,0.305419
3272,17.011741000000001,16.995999999999999,0.31624400000000003
3273,15.329179,15.311,0.33000299999999999
3274,13.584948000000001,13.573,0.29033300000000001
3275,13.723723,13.715,0.28788900000000001
3276,15.937642,15.914999999999999,0.36408499999999999
3277,16.290762999999998,16.274000000000001,0.297736
3278,12.561555,12.547000000000001,0.30904999999999999
3279,12.718349,12.711,0.33482299999999998
3280,13.302996,13.292999999999999,0.32078400000000001
3281,14.177137,14.16,0.33188899999999999
3282,17.764984999999999,17.754000000000001,0.30646600000000002
3283,12.49297,12.484,0.34348200000000001
3284,13.679444,13.653,0.32951399999999997
3285,15.643537,15.634,0.30409199999999997
3286,13.942259,13.926,0.29759600000000003
3287,16.266667000000002,16.254999999999999,0.34543800000000002
3288,13.412857000000001,13.396000000000001,0.33091100000000001
3289,14.491286000000001,14.473000000000001,0.30458000000000002
3290,17.539325999999999,17.524000000000001,0.358848
3291,15.906981999999999,15.898,0.31917699999999999
3292,15.356417,15.340999999999999,0.29494300000000001
3293,12.717301000000001,12.709,0.31861899999999999
3294,13.255642999999999,13.247,0.32308900000000002
3295,16.383512,16.364000000000001,0.35472700000000001
3296,15.696687000000001,15.689,0.30046
3297,15.161768,15.144,0.30178700000000003
3298,14.020132,14.010999999999999,0.29235800000000001
3299,17.879735,17.863,0.33670800000000001
3300,12.658146,12.648999999999999,0.28383700000000001
3301,15.643746999999999,15.628,0.312612
3302,13.454064000000001,13.445,0.28167300000000001
3303,14.664562999999999,14.635999999999999,0.38915899999999998
3304,17.163367000000001,17.146999999999998,0.32867600000000002
3305,15.820447,15.801,0.312473
3306,18.349422000000001,18.334,0.32329799999999997
3307,19.608740999999998,19.582999999999998,0.43881700000000001
3308,21.240807,21.206,0.286213
3309,14.865220000000001,14.852,0.31317099999999998
3310,18.969128999999999,18.920999999999999,0.28369800000000001
3311,21.087572999999999,21.077999999999999,0.30178700000000003
3312,13.962583,13.943,0.33118999999999998
3313,19.065301999999999,19.044,0.33000299999999999
3314,18.945383,18.936,0.28670099999999998
3315,19.902495999999999,19.885000000000002,0.29612899999999998
3316,16.931491999999999,16.914999999999999,0.29005399999999998
3317,15.796631,15.782999999999999,0.267565
3318,15.871152,15.847,0.33908199999999999
3319,15.989744,15.983000000000001,0.29137999999999997
3320,16.824214999999999,16.809000000000001,0.28914499999999999
3321,17.829519000000001,17.818999999999999,0.30520900000000001
3322,24.672976999999999,24.655000000000001,0.297456
3323,16.294813000000001,16.282,0.28816799999999998
3324,14.945607000000001,14.936999999999999,0.26868199999999998
3325,17.761772000000001,17.748000000000001,0.26288499999999998
3326,15.996727999999999,15.988,0.306815
3327,26.500391,26.483000000000001,0.26756400000000002
3328,29.494792,29.477,0.25764700000000001
3329,21.916248,21.902000000000001,0.29375499999999999
3330,15.703182999999999,15.688000000000001,0.31771100000000002
3331,30.619945000000001,30.602,0.26749400000000001
3332,15.681392000000001,15.669,0.28816799999999998
3333,19.931550000000001,19.917999999999999,0.293686
3334,17.151913,17.141999999999999,0.29668800000000001
3335,22.686184999999998,22.666,0.308002
3336,15.716103,15.696999999999999,0.26700499999999999
3337,16.668607000000002,16.652999999999999,0.29291699999999998
3338,15.435898,15.428000000000001,0.32553300000000002
3339,19.347252999999998,19.332999999999998,0.268123
3340,15.629988000000001,15.615,0.29096100000000003
3341,17.361927999999999,17.347999999999999,0.27378000000000002
3342,20.251078,20.236999999999998,0.29759600000000003
3343,14.154438000000001,14.146000000000001,0.30283500000000002
3344,23.859946999999998,23.838999999999999,0.26372299999999999
3345,20.103919999999999,20.096,0.28719
3346,22.735074000000001,22.718,0.28788799999999998
3347,27.305947,27.292000000000002,0.308143
3348,23.826073999999998,23.805,0.30087799999999998
3349,22.503547999999999,22.494,0.28195100000000001
3350,23.334039000000001,23.314,0.305419
3351,22.935032,22.920999999999999,0.29661900000000002
3352,23.176335000000002,23.158999999999999,0.26986900000000003
3353,14.968235999999999,14.961,0.286491
3354,17.67475,17.66,0.28188200000000002
3355,27.160395999999999,27.137,0.30618699999999999
3356,21.573743,21.523,0.30171700000000001
3357,24.021212999999999,23.969000000000001,0.35249200000000003
3358,19.106928,19.085000000000001,0.276364
3359,17.182644,17.163,0.29515200000000003
3360,14.474245,14.461,0.26323400000000002
3361,15.390361,15.382,0.30723499999999998
3362,14.753890999999999,14.746,0.29906300000000002
3363,17.433306000000002,17.419,0.26442100000000002
3364,18.551824,18.538,0.28956399999999999
3365,16.526966999999999,16.518999999999998,0.29899399999999998
3366,16.291879000000002,16.277999999999999,0.288657
3367,17.994205999999998,17.981000000000002,0.26861200000000002
3368,21.734938,21.721,0.29103099999999998
3369,14.686773000000001,14.673999999999999,0.28698099999999999
3370,18.768473,18.754000000000001,0.26819300000000001
3371,19.592887000000001,19.581,0.284605
3372,15.904885999999999,15.896000000000001,0.29333599999999999
3373,16.537583999999999,16.524000000000001,0.30059900000000001
3374,16.546454000000001,16.536999999999999,0.26609699999999997
3375,15.755774000000001,15.742000000000001,0.26099899999999998
3376,15.839722999999999,15.824,0.311006
3377,40.534281999999997,40.515999999999998,0.26868199999999998
3378,24.780743999999999,24.762,0.26763399999999998
3379,41.923158000000001,41.899999999999999,0.28565299999999999
3380,37.045470000000002,37.023000000000003,0.29794500000000002
3381,24.391096000000001,24.373000000000001,0.30471999999999999
3382,13.635583,13.627000000000001,0.28795799999999999
3383,20.915973000000001,20.902000000000001,0.282441
3384,21.413665999999999,21.401,0.310587
3385,14.519292,14.505000000000001,0.26763399999999998
3386,15.164073,15.156000000000001,0.26798300000000003
3387,11.776111999999999,11.766999999999999,0.28858600000000001
3388,20.140308000000001,20.126000000000001,0.28670099999999998
3389,15.078516,15.071,0.28628199999999998
3390,20.569835999999999,20.556000000000001,0.311774
3391,18.414445000000001,18.396000000000001,0.272733
3392,17.746407000000001,17.736999999999998,0.29305599999999998
3393,21.583590999999998,21.568000000000001,0.28711999999999999
3394,18.973877999999999,18.960999999999999,0.26896199999999998
3395,21.576885999999998,21.558,0.26910099999999998
3396,19.816032,19.808,0.31673299999999999
3397,20.893553000000001,20.879000000000001,0.26993899999999998
3398,20.713709999999999,20.701000000000001,0.30458000000000002
3399,22.594132999999999,22.579999999999998,0.26442199999999999
3400,25.318386,25.303999999999998,0.31198300000000001
3401,23.270343,23.25,0.29144999999999999
3402,27.929496,27.917000000000002,0.28670099999999998
3403,30.934163999999999,30.914000000000001,0.26930999999999999
3404,24.041397,24.024000000000001,0.301367
3405,28.742525000000001,28.728999999999999,0.28698000000000001
3406,26.680723,26.661000000000001,0.32399600000000001
3407,15.711354,15.694000000000001,0.31819999999999998
3408,13.592980000000001,13.583,0.26644600000000002
3409,11.934514,11.927,0.29131000000000001
3410,12.902661999999999,12.894,0.262326
3411,19.649249999999999,19.635999999999999,0.33489200000000002
3412,18.360458000000001,18.347000000000001,0.30779400000000001
3413,21.31917,21.306000000000001,0.32434600000000002
3414,16.486948000000002,16.472999999999999,0.31861800000000001
3415,16.004619999999999,15.99,0.34390199999999999
3416,17.695981,17.681000000000001,0.35815000000000002
3417,18.473182000000001,18.463999999999999,0.34522900000000001
3418,19.611325999999998,19.597999999999999,0.30912000000000001
3419,17.508036000000001,17.492999999999999,0.34899999999999998
3420,16.001058,15.991,0.32483400000000001
3421,17.440498999999999,17.425000000000001,0.33551999999999998
3422,18.654979999999998,18.640000000000001,0.32811699999999999
3423,17.624952,17.609999999999999,0.34082899999999999
3424,20.133254000000001,20.120000000000001,0.335451
3425,22.200365000000001,22.183,0.31023800000000001
3426,21.812114000000001,21.797999999999998,0.35060599999999997
3427,25.198747000000001,25.184000000000001,0.33405299999999999
3428,23.659780999999999,23.645,0.32741900000000002
3429,23.164463000000001,23.149999999999999,0.282161
3430,22.217196999999999,22.204999999999998,0.29780600000000002
3431,15.601702,15.583,0.28432600000000002
3432,16.641438999999998,16.634,0.29808499999999999
3433,15.532558999999999,15.515000000000001,0.28767900000000002
3434,16.515025000000001,16.501000000000001,0.26791300000000001
3435,17.354804000000001,17.346,0.31561600000000001
3436,18.797039000000002,18.783999999999999,0.26728400000000002
3437,18.298507000000001,18.289000000000001,0.29878300000000002
3438,18.778320999999998,18.765999999999998,0.28439599999999998
3439,15.803476,15.789,0.28670099999999998
3440,15.164142999999999,15.148999999999999,0.27845900000000001
3441,25.642451999999999,25.629000000000001,0.31345099999999998
3442,31.848184,31.829000000000001,0.356124
3443,31.350280999999999,31.324000000000002,0.35151399999999999
3444,25.450666999999999,25.434999999999999,0.34215600000000002
3445,24.267195999999998,24.245999999999999,0.33475199999999999
3446,31.757949,31.745000000000001,0.34257500000000002
3447,28.433754,28.414000000000001,0.32350800000000002
3448,26.251334,26.233000000000001,0.34488000000000002
3449,26.781573999999999,26.765999999999998,0.371838
3450,27.532164999999999,27.513999999999999,0.30891000000000002
3451,24.514576000000002,24.492999999999999,0.36764799999999997
3452,24.026869999999999,24.013000000000002,0.33070100000000002
3453,28.067153999999999,28.038,0.34201599999999999
3454,23.971416000000001,23.957999999999998,0.36066300000000001
3455,25.401078999999999,25.388999999999999,0.33063199999999998
3456,24.010666000000001,23.989999999999998,0.36583199999999999
3457,23.13457,23.105,0.312054
3458,29.432003999999999,29.413,0.354657
3459,25.016110999999999,25.001000000000001,0.30471999999999999
3460,20.148619,20.132999999999999,0.29668899999999998
3461,20.150086000000002,20.135999999999999,0.265399
3462,18.608606000000002,18.596,0.31917699999999999
3463,18.725660000000001,18.718,0.26484099999999999
3464,21.195549,21.181999999999999,0.28118300000000002
3465,16.548967999999999,16.533999999999999,0.27936800000000001
3466,19.198070999999999,19.186,0.26945000000000002
3467,22.570806000000001,22.556999999999999,0.35018700000000003
3468,21.716011000000002,21.701000000000001,0.31051699999999999
3469,18.988755000000001,18.972999999999999,0.34327299999999999
3470,17.471719,17.457000000000001,0.284885
3471,19.606646000000001,19.594000000000001,0.26672600000000002
3472,14.857467,14.85,0.28858699999999998
3473,15.506717,15.492000000000001,0.29263699999999998
3474,30.072593999999999,30.053000000000001,0.324905
3475,14.556588,14.542,0.26679599999999998
3476,21.202812999999999,21.187999999999999,0.348721
3477,24.313711000000001,24.300000000000001,0.35088599999999998
3478,26.744838000000001,26.725000000000001,0.34655599999999998
3479,18.063699,18.055,0.32427600000000001
3480,19.252268000000001,19.238,0.32713999999999999
3481,19.783905000000001,19.768999999999998,0.34145700000000001
3482,23.420852,23.405999999999999,0.32741900000000002
3483,20.237109,20.224,0.28537400000000002
3484,17.594989999999999,17.579999999999998,0.310168
3485,14.766952,14.759,0.26239600000000002
3486,16.208209,16.193999999999999,0.30143700000000001
3487,11.166881999999999,11.157,0.30046
3488,22.296398,22.285,0.270428
3489,12.571123,12.557,0.30011100000000002
3490,12.360479,12.353999999999999,0.26707599999999998
3491,15.312556000000001,15.298999999999999,0.32602199999999998
3492,15.480387,15.473000000000001,0.28362799999999999
3493,14.298871,14.289999999999999,0.26966000000000001
3494,14.124895,14.109,0.31240200000000001
3495,15.910613,15.903,0.303813
3496,15.615181,15.599,0.276225
3497,20.404170000000001,20.390999999999998,0.271895
3498,16.640948999999999,16.626000000000001,0.29871300000000001
3499,15.576698,15.569000000000001,0.277063
3500,29.991997000000001,29.974,0.33838400000000002
3501,15.644935,15.632,0.29242800000000002
3502,15.361096999999999,15.353,0.262046
3503,16.839300999999999,16.824999999999999,0.29592000000000002
3504,17.040585,17.026,0.26442100000000002
3505,24.003751999999999,23.991,0.31673299999999999
3506,15.776237,15.762,0.270428
3507,33.021808,33,0.312193
3508,17.842510000000001,17.829000000000001,0.29550100000000001
3509,17.611822,17.596,0.32637100000000002
3510,42.538814000000002,42.064999999999998,0.82846500000000001
3511,16.240964999999999,16.23,0.29347600000000001
3512,17.674889,17.654,0.288796
3513,27.619886000000001,27.603000000000002,0.34913899999999998
3514,20.022625000000001,20.007000000000001,0.282441
3515,16.815135000000001,16.795000000000002,0.30514000000000002
3516,18.785166,18.771999999999998,0.26847199999999999
3517,15.180975,15.173,0.29675800000000002
3518,17.238935999999999,17.227,0.27412900000000001
3519,17.636614999999999,17.628,0.29159000000000002
3520,15.937433,15.923999999999999,0.30178700000000003
3521,17.588495000000002,17.579999999999998,0.28258
3522,19.595611000000002,19.581,0.27049699999999999
3523,19.295639999999999,19.283000000000001,0.28516399999999997
3524,17.392099000000002,17.381,0.26477099999999998
3525,17.647929999999999,17.632000000000001,0.28984300000000002
3526,17.386233000000001,17.372,0.285304
3527,19.055174999999998,19.041,0.28802800000000001
3528,17.213374000000002,17.204999999999998,0.28551300000000002
3529,17.269248000000001,17.256,0.29186899999999999
3530,19.390905,19.376999999999999,0.26889099999999999
3531,23.483431,23.469999999999999,0.31044699999999997
3532,21.764132,21.748999999999999,0.286213
3533,19.974574,19.957000000000001,0.27049800000000002
3534,19.554684000000002,19.542999999999999,0.29466300000000001
3535,19.935462000000001,19.922000000000001,0.27196399999999998
3536,18.130047999999999,18.122,0.30499999999999999
3537,21.831599000000001,21.814,0.28481600000000001
3538,17.524729000000001,17.515000000000001,0.26295499999999999
3539,17.669232000000001,17.655999999999999,0.26979900000000001
3540,17.615594000000002,17.600000000000001,0.31938699999999998
3541,18.295294999999999,18.286999999999999,0.27252300000000002
3542,19.851582000000001,19.829999999999998,0.27203500000000003
3543,19.761835000000001,19.744,0.28425600000000001
3544,17.699822999999999,17.684999999999999,0.31819999999999998
3545,17.811989000000001,17.803999999999998,0.30325400000000002
3546,18.082417,18.067,0.26777299999999998
3547,17.985475999999998,17.972000000000001,0.290543
3548,17.944617999999998,17.936,0.311635
3549,17.544284999999999,17.530000000000001,0.27992699999999998
3550,18.462706000000001,18.448,0.26428200000000002
3551,19.475204000000002,19.460999999999999,0.30255500000000002
3552,16.088221000000001,16.067,0.30136800000000002
3553,18.419753,18.407,0.27426899999999999
3554,19.484493000000001,19.471,0.28837699999999999
3555,14.364732,14.356999999999999,0.26281500000000002
3556,14.898743,14.885,0.27329100000000001
3557,16.941130000000001,16.927,0.29005300000000001
3558,16.498263000000001,16.483000000000001,0.27028799999999997
3559,15.156669000000001,15.141999999999999,0.29906300000000002
3560,16.535558000000002,16.521999999999998,0.284885
3561,16.416688000000001,16.401,0.26309500000000002
3562,15.060497,15.045999999999999,0.34299400000000002
3563,19.725027999999998,19.716000000000001,0.303952
3564,18.651069,18.629999999999999,0.26917099999999999
3565,16.488693999999999,16.475000000000001,0.28816700000000001
3566,17.236352,17.221,0.28816799999999998
3567,21.084918999999999,21.071000000000002,0.295431
3568,18.754854000000002,18.741,0.30444100000000002
3569,17.800255,17.791,0.272872
3570,19.446289,19.431999999999999,0.30576799999999998
3571,17.314364999999999,17.306000000000001,0.293964
3572,19.686195999999999,19.670999999999999,0.267704
3573,16.975842,16.962,0.27873900000000001
3574,20.237387999999999,20.219999999999999,0.28104400000000002
3575,21.350738,21.337,0.30227599999999999
3576,23.941593000000001,23.920999999999999,0.30087900000000001
3577,18.690460000000002,18.681000000000001,0.29577999999999999
3578,26.971962999999999,26.954000000000001,0.26973000000000003
3579,18.721748999999999,18.707000000000001,0.32825599999999999
3580,21.428542,21.414999999999999,0.27399000000000001
3581,21.205535999999999,21.193000000000001,0.27392
3582,48.194611000000002,48.170999999999999,0.32057400000000003
3583,29.208020999999999,29.187999999999999,0.31352099999999999
3584,20.424913,20.41,0.28914600000000001
3585,33.089064999999998,33.075000000000003,0.27615499999999998
3586,22.524152000000001,22.503,0.28041500000000003
3587,22.385235999999999,22.372,0.32951399999999997
3588,24.517928999999999,24.5,0.28816799999999998
3589,25.387879000000002,25.375,0.27573599999999998
3590,40.779636000000004,40.750999999999998,0.36597200000000002
3591,28.855319000000001,28.835999999999999,0.297317
3592,41.781796999999997,41.756999999999998,0.35025699999999999
3593,28.379556000000001,28.366,0.27468900000000002
3594,22.876783,22.864000000000001,0.27971600000000002
3595,27.494032000000001,27.474,0.29990099999999997
3596,24.957792999999999,24.945,0.29710700000000001
3597,21.977080000000001,21.963000000000001,0.30101899999999998
3598,20.002300000000002,19.989999999999998,0.29410399999999998
3599,22.244295000000001,22.225000000000001,0.27301199999999998
3600,37.178100000000001,37.155000000000001,0.348022
3601,37.482889999999998,37.466000000000001,0.34753299999999998
3602,25.941445999999999,25.922999999999998,0.30716500000000002
3603,23.652097999999999,23.632999999999999,0.292987
3604,23.446553000000002,23.433,0.30053000000000002
3605,23.667812000000001,23.649000000000001,0.28998400000000002
3606,21.126825,21.113,0.30660599999999999
3607,18.415213000000001,18.407,0.28767799999999999
3608,26.675554000000002,26.657,0.27776099999999998
3609,18.407112000000001,18.393999999999998,0.30925999999999998
3610,27.264671,27.25,0.301927
3611,21.525413,21.512,0.27699299999999999
3612,18.907668999999999,18.895,0.28691100000000003
3613,19.092680000000001,19.081,0.30283500000000002
3614,19.757574000000002,19.741,0.27182499999999998
3615,19.694088000000001,19.686,0.31205300000000002
3616,19.981138999999999,19.966999999999999,0.27832000000000001
3617,19.896699999999999,19.876999999999999,0.310168
3618,22.966042000000002,22.952999999999999,0.29305700000000001
3619,28.924113999999999,28.91,0.274758
3620,31.657935999999999,31.638000000000002,0.30409199999999997
3621,29.523916,29.498999999999999,0.31170500000000001
3622,26.352884,26.337,0.27845900000000001
3623,32.724282000000002,32.701000000000001,0.27273199999999997
3624,19.608253000000001,19.593,0.29948200000000003
3625,32.686427000000002,32.668999999999997,0.30304399999999998
3626,19.352841000000002,19.338999999999999,0.29054200000000002
3627,16.248857000000001,16.234999999999999,0.26099899999999998
3628,19.135562,19.122,0.288657
3629,25.275713,25.260999999999999,0.29131099999999999
3630,22.170401999999999,22.152000000000001,0.27929799999999999
3631,19.536104999999999,19.523,0.27601599999999998
3632,16.399505999999999,16.385000000000002,0.31345000000000001
3633,23.117598999999998,23.105,0.289495
3634,23.099160000000001,23.081,0.28858600000000001
3635,20.734732999999999,20.719999999999999,0.29969099999999999
3636,20.874417000000001,20.861999999999998,0.28621200000000002
3637,26.875651000000001,26.858000000000001,0.286213
3638,24.375240999999999,24.356000000000002,0.29131000000000001
3639,23.793248999999999,23.779,0.28746899999999997
3640,24.185831,24.170999999999999,0.32427600000000001
3641,27.295121999999999,27.276,0.28390700000000002
3642,23.648816,23.635999999999999,0.25268800000000002
3643,27.505904999999998,27.481999999999999,0.31233300000000003
3644,30.805795,30.786000000000001,0.29592000000000002
3645,27.170943000000001,27.151,0.314218
3646,26.906870000000001,26.885000000000002,0.30779299999999998
3647,27.451077999999999,27.437000000000001,0.27440900000000001
3648,24.282630999999999,24.265000000000001,0.32679000000000002
3649,27.445421,27.427,0.29682799999999998
3650,27.550253999999999,27.533999999999999,0.27496799999999999
3651,27.762713000000002,27.738,0.342225
3652,24.455698999999999,24.440999999999999,0.29899399999999998
3653,30.574128000000002,30.555,0.28935499999999997
3654,27.407637000000001,27.387,0.30031999999999998
3655,31.263887,31.238,0.29522199999999998
3656,23.839903,23.826000000000001,0.276783
3657,26.998502999999999,26.977,0.30632599999999999
3658,23.957238,23.945,0.27671400000000002
3659,24.468900000000001,24.454999999999998,0.30590699999999998
3660,20.915482999999998,20.896999999999998,0.316384
3661,23.92511,23.913,0.26917000000000002
3662,23.844792000000002,23.831,0.31198399999999998
3663,24.039721,24.02,0.31065700000000002
3664,24.101112000000001,24.085999999999999,0.278669
3665,23.549849999999999,23.536999999999999,0.31247200000000003
3666,20.304784999999999,20.289999999999999,0.271476
3667,20.365826999999999,20.352,0.29927300000000001
3668,23.674028,23.661000000000001,0.30974800000000002
3669,26.589718000000001,26.577000000000002,0.27384999999999998
3670,23.716422000000001,23.702000000000002,0.288657
3671,26.979645000000001,26.959,0.312193
3672,23.757629999999999,23.738,0.27531699999999998
3673,23.673888999999999,23.655000000000001,0.29794599999999999
3674,23.506757,23.492000000000001,0.26882200000000001
3675,23.8413,23.821999999999999,0.30723400000000001
3676,19.944821000000001,19.937999999999999,0.289634
3677,19.460955999999999,19.446000000000002,0.27957700000000002
3678,19.307932999999998,19.294,0.28551399999999999
3679,19.016831,19.003,0.28160299999999999
3680,19.411159000000001,19.398,0.26896100000000001
3681,19.407527000000002,19.393000000000001,0.27203500000000003
3682,22.533441,22.52,0.32804800000000001
3683,19.429386999999998,19.416,0.270428
3684,25.363574,25.344999999999999,0.28188200000000002
3685,25.230456,25.216999999999999,0.289076
3686,25.034967999999999,25.021000000000001,0.29948200000000003
3687,34.408239999999999,34.384,0.30388199999999999
3688,31.539483000000001,31.513000000000002,0.27524700000000002
3689,31.144597000000001,31.131,0.27329199999999998
3690,28.155154,28.138000000000002,0.318689
3691,25.292614,25.280000000000001,0.28719
3692,22.228231000000001,22.202000000000002,0.29438300000000001
3693,19.101130000000001,19.087,0.28600300000000001
3694,34.779798,34.755000000000003,0.28530499999999998
3695,15.763456,15.75,0.29864400000000002
3696,31.117778000000001,31.097999999999999,0.27287299999999998
3697,18.679494999999999,18.670000000000002,0.27077699999999999
3698,18.722587000000001,18.707999999999998,0.31296200000000002
3699,18.784396999999998,18.773,0.27035799999999999
3700,21.467025,21.452000000000002,0.27133600000000002
3701,18.615589,18.602,0.30297400000000002
3702,42.710205999999999,42.685000000000002,0.26707500000000001
3703,21.422536000000001,21.404,0.293825
3704,18.654422,18.646000000000001,0.29871399999999998
3705,15.399858999999999,15.385,0.29780600000000002
3706,21.457386,21.445,0.30905100000000002
3707,21.269233,21.254000000000001,0.26917000000000002
3708,18.272247,18.257000000000001,0.26518999999999998
3709,15.265484000000001,15.257,0.29766599999999999
3710,18.037438000000002,18.021999999999998,0.267565
3711,18.559228000000001,18.544,0.26721499999999998
3712,21.363797999999999,21.352,0.30758400000000002
3713,23.453607999999999,23.428999999999998,0.31345099999999998
3714,26.794215000000001,26.773,0.270009
3715,15.274073,15.260999999999999,0.29165999999999997
3716,26.782063000000001,26.763999999999999,0.27503699999999998
3717,26.643636999999998,26.625,0.31959700000000002
3718,32.708148000000001,32.686999999999998,0.272453
3719,20.469753000000001,20.457999999999998,0.29570999999999997
3720,17.733346999999998,17.725000000000001,0.31980700000000001
3721,23.373988000000001,23.359999999999999,0.285304
3722,31.726030999999999,31.698,0.29948200000000003
3723,34.468162999999997,34.439,0.308562
3724,20.809602999999999,20.795999999999999,0.26986900000000003
3725,31.507845,31.478999999999999,0.29249799999999998
3726,38.144011999999996,38.116999999999997,0.291939
3727,31.472854000000002,31.448,0.26903100000000002
3728,20.812605999999999,20.797000000000001,0.31833899999999998
3729,47.422020000000003,47.402000000000001,0.26959
3730,26.660747000000001,26.640999999999998,0.274619
3731,33.010213999999998,32.991999999999997,0.312612
3732,24.563884000000002,24.545000000000002,0.29040199999999999
3733,40.998311999999999,40.968000000000004,0.29040199999999999
3734,32.336309999999997,32.317999999999998,0.32204100000000002
3735,18.920379000000001,18.911999999999999,0.270009
3736,26.798684999999999,26.780999999999999,0.31813000000000002
3737,18.872676999999999,18.858000000000001,0.29480299999999998
3738,18.795712000000002,18.777999999999999,0.26910099999999998
3739,24.298763999999998,24.286000000000001,0.31533699999999998
3740,24.340040999999999,24.324999999999999,0.32246000000000002
3741,22.132477999999999,22.119,0.27489799999999998
3742,19.199607,19.184000000000001,0.297597
3743,21.550346000000001,21.535,0.26763399999999998
3744,29.667511000000001,29.649000000000001,0.292987
3745,26.869783999999999,26.850999999999999,0.31435800000000003
3746,18.856753000000001,18.841000000000001,0.271895
3747,24.178217,24.164999999999999,0.274339
3748,34.951259999999998,34.924999999999997,0.32385700000000001
3749,32.079571000000001,32.061,0.27741199999999999
3750,31.830026,31.812999999999999,0.29221799999999998
3751,15.844961,15.831,0.29033300000000001
3752,21.291371999999999,21.277999999999999,0.26756400000000002
3753,26.724163999999998,26.699999999999999,0.33440300000000001
3754,18.745705000000001,18.731000000000002,0.27419900000000003
3755,29.149843000000001,29.135999999999999,0.28788900000000001
3756,24.041467000000001,24.018999999999998,0.285304
3757,21.002087,20.994,0.27804099999999998
3758,18.701215000000001,18.686,0.30730499999999999
3759,29.029785,29.009,0.29235800000000001
3760,26.190712000000001,26.170000000000002,0.26714500000000002
3761,21.073117,21.062999999999999,0.32811699999999999
3762,15.810529000000001,15.795999999999999,0.27371099999999998
3763,18.608884,18.593,0.328955
3764,21.142679000000001,21.128,0.28816700000000001
3765,28.615272999999998,28.602,0.26714500000000002
3766,15.958524000000001,15.945,0.268123
3767,18.531988999999999,18.516999999999999,0.32644099999999998
3768,18.378406999999999,18.364000000000001,0.26959
3769,18.640173999999998,18.625,0.30730499999999999
3770,18.365276000000001,18.350000000000001,0.28767900000000002
3771,18.490432999999999,18.481999999999999,0.26923999999999998
3772,23.583793,23.57,0.29766599999999999
3773,21.101682,21.088000000000001,0.27378000000000002
3774,29.593897999999999,29.576000000000001,0.30716500000000002
3775,18.541696999999999,18.527000000000001,0.29857400000000001
3776,23.901014,23.878,0.27343099999999998
3777,34.742502999999999,34.719000000000001,0.30038999999999999
3778,21.146380000000001,21.132000000000001,0.32280900000000001
3779,34.762616999999999,34.743000000000002,0.27175500000000002
3780,18.500211,18.483000000000001,0.314079
3781,24.073803999999999,24.059000000000001,0.27776099999999998
3782,21.266648,21.254999999999999,0.30765300000000001
3783,26.66836,26.645,0.33161000000000002
3784,32.088721,32.07,0.28767900000000002
3785,39.930289000000002,39.909999999999997,0.28397699999999998
3786,26.794844000000001,26.776,0.32602199999999998
3787,52.033330999999997,52.006999999999998,0.344391
3788,52.323594,52.295999999999999,0.35109600000000002
3789,31.968381999999998,31.940000000000001,0.27629500000000001
3790,34.705765999999997,34.682000000000002,0.30311399999999999
3791,37.291173000000001,37.268999999999998,0.30709500000000001
3792,34.889310000000002,34.863,0.30451099999999998
3793,40.292000999999999,40.267000000000003,0.29913299999999998
3794,32.025233999999998,32.006,0.29159000000000002
3795,42.780188000000003,42.756999999999998,0.28739900000000002
3796,34.867730000000002,34.841999999999999,0.31791999999999998
3797,21.253796999999999,21.238,0.27238400000000001
3798,29.430257999999998,29.411000000000001,0.29550100000000001
3799,32.273102999999999,32.255000000000003,0.291939
3800,26.630786000000001,26.608000000000001,0.26951999999999998
3801,15.914384,15.9,0.28453600000000001
3802,13.215484,13.207000000000001,0.270148
3803,37.258417000000001,37.228999999999999,0.32204100000000002
3804,32.081595999999998,32.055,0.30737399999999998
3805,23.996487999999999,23.983000000000001,0.30716500000000002
3806,29.437101999999999,29.417999999999999,0.273781
3807,32.028796,32.009,0.31365999999999999
3808,26.638817,26.620999999999999,0.271615
3809,37.377498000000003,37.359000000000002,0.31470799999999999
3810,29.198104000000001,29.178000000000001,0.270148
3811,21.228864000000002,21.210000000000001,0.33063100000000001
3812,29.225762,29.213000000000001,0.286491
3813,29.305520999999999,29.286000000000001,0.277063
3814,29.296161999999999,29.276,0.30674600000000002
3815,31.865576000000001,31.844000000000001,0.29326600000000003
3816,37.464312,37.439,0.27587600000000001
3817,29.294974,29.277999999999999,0.27929700000000002
3818,37.318970999999998,37.295999999999999,0.32246000000000002
3819,32.112676,32.091000000000001,0.33768599999999999
3820,26.418745999999999,26.405999999999999,0.28907500000000003
3821,26.484117999999999,26.465,0.30332399999999998
3822,31.805720999999998,31.792000000000002,0.29592000000000002
3823,29.183157999999999,29.164000000000001,0.29207899999999998
3824,34.576698,34.555,0.274758
3825,23.674797000000002,23.658000000000001,0.25953300000000001
3826,21.311277,21.297000000000001,0.31980599999999998
3827,26.463165,26.443999999999999,0.31799100000000002
3828,26.177161999999999,26.163,0.27077699999999999
3829,23.549291,23.530000000000001,0.29417399999999999
3830,26.385221000000001,26.370000000000001,0.32539400000000002
3831,36.670279000000001,36.646999999999998,0.30346400000000001
3832,26.216204000000001,26.202000000000002,0.27133600000000002
3833,26.298967000000001,26.280000000000001,0.31240299999999999
3834,37.360177,37.335999999999999,0.30465100000000001
3835,26.624079999999999,26.606000000000002,0.27629500000000001
3836,18.671882,18.655000000000001,0.31226300000000001
3837,26.445983999999999,26.434000000000001,0.305977
3838,36.718330000000002,36.691000000000003,0.27014899999999997
3839,23.636524000000001,23.616,0.27028799999999997
3840,23.675844999999999,23.663,0.29242800000000002
3841,18.421289999999999,18.407,0.29787599999999997
3842,37.421778000000003,37.395000000000003,0.29801499999999997
3843,21.134855999999999,21.114000000000001,0.27091700000000002
3844,23.903599,23.890000000000001,0.30458000000000002
3845,18.618593000000001,18.606000000000002,0.30946899999999999
3846,18.590726,18.577999999999999,0.26477000000000001
3847,21.011306000000001,20.998000000000001,0.284327
3848,28.783313,28.766999999999999,0.28719
3849,21.131574000000001,21.119,0.29186899999999999
3850,26.673669,26.652999999999999,0.279088
3851,23.805821000000002,23.792000000000002,0.29473300000000002
3852,26.714247,26.695,0.306815
3853,29.256771000000001,29.234999999999999,0.315826
3854,18.683755000000001,18.670999999999999,0.26833299999999999
3855,26.595865,26.581,0.291939
3856,15.914942999999999,15.907,0.29577999999999999
3857,23.768525,23.754999999999999,0.28767900000000002
3858,29.469649,29.448,0.27817999999999998
3859,21.332719000000001,21.318999999999999,0.29207899999999998
3860,26.677299999999999,26.661000000000001,0.28719
3861,34.490653000000002,34.466000000000001,0.28090399999999999
3862,24.144693,24.129999999999999,0.32707000000000003
3863,18.544001000000002,18.530999999999999,0.270009
3864,18.639755000000001,18.622,0.30053000000000002
3865,31.961817,31.939,0.272453
3866,34.836021000000002,34.817999999999998,0.27817999999999998
3867,21.283131000000001,21.268999999999998,0.29277700000000001
3868,18.696186999999998,18.684000000000001,0.27825
3869,20.980297,20.966999999999999,0.28600199999999998
3870,18.275600000000001,18.266999999999999,0.30471999999999999
3871,26.504231999999998,26.486999999999998,0.27392
3872,20.898720999999998,20.878,0.30066999999999999
3873,21.183886000000001,21.170999999999999,0.30297400000000002
3874,21.042874999999999,21.023,0.28886600000000001
3875,20.956689999999998,20.937999999999999,0.30136800000000002
3876,23.860087,23.847000000000001,0.30590800000000001
3877,39.346550000000001,39.319000000000003,0.289076
3878,28.697126999999998,28.678999999999998,0.29787599999999997
3879,23.655939,23.638000000000002,0.28886600000000001
3880,41.888795000000002,41.865000000000002,0.29131099999999999
3881,31.018322999999999,31,0.29005300000000001
3882,26.394580999999999,26.375,0.286771
3883,31.420752,31.396999999999998,0.26945000000000002
3884,26.100266000000001,26.088999999999999,0.31547599999999998
3885,23.534065999999999,23.507000000000001,0.30045899999999998
3886,21.450263,21.437999999999999,0.29144999999999999
3887,28.994864,28.974,0.27252300000000002
3888,30.955047,30.940000000000001,0.27727200000000002
3889,26.288489999999999,26.268000000000001,0.297597
3890,36.599808000000003,36.582000000000001,0.30276500000000001
3891,26.316078000000001,26.305,0.28621200000000002
3892,29.229462999999999,29.206,0.29808499999999999
3893,42.675355000000003,42.649999999999999,0.297317
3894,21.321823999999999,21.308,0.271615
3895,55.886020000000002,55.859000000000002,0.31519599999999998
3896,21.160698,21.152999999999999,0.26777400000000001
3897,31.868718000000001,31.850999999999999,0.312054
3898,32.216112000000003,32.198999999999998,0.27531699999999998
3899,21.544129999999999,21.530000000000001,0.29990099999999997
3900,21.457944999999999,21.436,0.28579300000000002
3901,21.308693999999999,21.292999999999999,0.266656
3902,18.727685999999999,18.710999999999999,0.29214800000000002
3903,32.497785,32.478999999999999,0.31819999999999998
3904,29.518469,29.498999999999999,0.29103099999999998
3905,18.674606000000001,18.66,0.28628199999999998
3906,32.186639,32.168999999999997,0.30849199999999999
3907,29.548570999999999,29.527999999999999,0.29144999999999999
3908,32.230359999999997,32.212000000000003,0.28390700000000002
3909,35.055185000000002,35.029000000000003,0.26896100000000001
3910,26.935576000000001,26.920999999999999,0.32252999999999998
3911,27.028047000000001,27.010000000000002,0.29012300000000002
3912,34.731676999999998,34.718000000000004,0.27035799999999999
3913,18.691158000000001,18.672999999999998,0.27196399999999998
3914,29.579858999999999,29.567,0.33859400000000001
3915,18.79194,18.777000000000001,0.26910099999999998
3916,24.055505,24.042999999999999,0.28767900000000002
3917,26.977481000000001,26.959,0.27685300000000002
3918,35.032836000000003,35.014000000000003,0.33621899999999999
3919,24.133728000000001,24.119,0.29305700000000001
3920,29.553598999999998,29.535,0.26707599999999998
3921,18.676770999999999,18.664000000000001,0.27769100000000002
3922,21.372738999999999,21.359999999999999,0.30520900000000001
3923,18.479537000000001,18.466000000000001,0.27245399999999997
3924,18.658612000000002,18.648,0.28788799999999998
3925,26.714106000000001,26.695,0.29613
3926,29.670444,29.651,0.31694299999999997
3927,26.839124000000002,26.815999999999999,0.29347600000000001
3928,21.235778,21.222999999999999,0.289775
3929,21.456479000000002,21.445,0.289076
3930,18.788798,18.774999999999999,0.30066900000000002
3931,29.673867000000001,29.661000000000001,0.28048499999999998
3932,24.382645,24.366,0.31778000000000001
3933,24.139385999999998,24.125,0.30269499999999999
3934,42.912049000000003,42.884,0.280974
3935,29.266757999999999,29.248999999999999,0.31247200000000003
3936,29.871310000000001,29.852,0.27392
3937,21.276008000000001,21.262,0.29228799999999999
3938,21.421557,21.408000000000001,0.29766599999999999
3939,23.901923,23.882999999999999,0.27531699999999998
3940,26.608716000000001,26.594000000000001,0.26707599999999998
3941,29.045779,29.026,0.32064399999999998
3942,34.762408000000001,34.741999999999997,0.27859899999999999
3943,34.417110000000001,34.395000000000003,0.30856099999999997
3944,26.319569999999999,26.306000000000001,0.28600300000000001
3945,34.535701000000003,34.512999999999998,0.299203
3946,30.014624999999999,29.972000000000001,0.30953900000000001
3947,23.765940000000001,23.747,0.27322200000000002
3948,21.201136999999999,21.192,0.29619899999999999
3949,21.280268,21.260999999999999,0.31198300000000001
3950,26.695668999999999,26.681000000000001,0.27622400000000003
3951,21.272306,21.254999999999999,0.306396
3952,24.204687,24.190000000000001,0.29144999999999999
3953,18.523607999999999,18.510000000000002,0.27671400000000002
3954,23.802049,23.789000000000001,0.29808499999999999
3955,26.429082000000001,26.411000000000001,0.27566600000000002
3956,21.087993000000001,21.074000000000002,0.29284700000000002
3957,26.646080999999999,26.626000000000001,0.31065700000000002
3958,23.878036999999999,23.864999999999998,0.289495
3959,18.639755000000001,18.626000000000001,0.30981900000000001
3960,26.581897000000001,26.568000000000001,0.29131099999999999
3961,23.596155,23.577000000000002,0.27804099999999998
3962,26.652156999999999,26.637,0.30206699999999997
3963,21.109853000000001,21.097000000000001,0.29361500000000001
3964,28.933194,28.914000000000001,0.27845900000000001
3965,18.547564000000001,18.535,0.29431400000000002
3966,26.687916999999999,26.667000000000002,0.29899300000000001
3967,18.510757000000002,18.503,0.30499900000000002
3968,24.362670000000001,24.349,0.28670000000000001
3969,29.460290000000001,29.442,0.274339
3970,29.355806999999999,29.337,0.30960900000000002
3971,26.612625999999999,26.594000000000001,0.29116999999999998
3972,23.563748,23.552,0.25855400000000001
3973,26.75685,26.744,0.30325400000000002
3974,29.523427000000002,29.498000000000001,0.29508200000000001
3975,18.568517,18.559999999999999,0.30639699999999997
3976,18.463404000000001,18.449999999999999,0.25548199999999999
3977,20.928125000000001,20.914000000000001,0.26889099999999999
3978,18.549938000000001,18.536999999999999,0.307724
3979,21.240456999999999,21.227,0.29878399999999999
3980,18.556432999999998,18.541,0.26917099999999999
3981,18.490293000000001,18.475999999999999,0.29724699999999998
3982,26.632321999999998,26.613,0.29585
3983,26.586155999999999,26.573,0.32881500000000002
3984,23.732347000000001,23.718,0.26679599999999998
3985,24.223825000000001,24.204999999999998,0.27629500000000001
3986,26.533425999999999,26.515000000000001,0.306815
3987,26.470777999999999,26.456,0.30765399999999998
3988,16.09318,16.077999999999999,0.26924100000000001
3989,18.404108000000001,18.388999999999999,0.301367
3990,28.996608999999999,28.977,0.27482800000000002
3991,18.294246999999999,18.279,0.272034
3992,38.128788,38.109999999999999,0.331959
3993,18.229713,18.215,0.28816799999999998
3994,21.081078999999999,21.068999999999999,0.29242800000000002
3995,28.690842,28.670000000000002,0.279088
3996,26.806996000000002,26.788,0.270847
3997,18.650649999999999,18.638000000000002,0.31002800000000003
3998,15.905514999999999,15.896000000000001,0.26442100000000002
3999,15.801589999999999,15.788,0.27294200000000002
4000,21.041409000000002,21.027000000000001,0.31966600000000001
4001,18.753945999999999,18.728000000000002,0.30800300000000003
4002,26.414555,26.396000000000001,0.28767900000000002
4003,18.233625,18.225999999999999,0.26707599999999998
4004,18.502934,18.489999999999998,0.291381
4005,21.129898000000001,21.116,0.28481499999999998
4006,18.59366,18.579999999999998,0.26993899999999998
4007,21.143097999999998,21.128,0.27168500000000001
4008,21.144494999999999,21.132000000000001,0.32036500000000001
4009,18.483937999999998,18.471,0.27419900000000003
4010,15.749836999999999,15.734999999999999,0.28593299999999999
4011,29.315438,29.302,0.27880899999999997
4012,18.475346999999999,18.462,0.29354599999999997
4013,18.499162999999999,18.486999999999998,0.28914499999999999
4014,18.433792,18.425999999999998,0.270009
4015,40.207211999999998,40.182000000000002,0.30716399999999999
4016,15.955033,15.946,0.33237699999999998
4017,18.991129000000001,18.969999999999999,0.32399699999999998
4018,19.277411000000001,19.262,0.31554599999999999
4019,22.240454,22.224,0.30821300000000001
4020,19.178305999999999,19.161999999999999,0.28816799999999998
4021,19.350117000000001,19.332999999999998,0.310307
4022,16.520821999999999,16.510999999999999,0.28334799999999999
4023,22.386703000000001,22.367999999999999,0.31247200000000003
4024,38.266865000000003,38.244,0.33112000000000003
4025,22.124167,22.102,0.28572399999999998
4026,24.797086,24.783000000000001,0.31379899999999999
4027,21.378254999999999,21.364000000000001,0.29592099999999999
4028,26.526092999999999,26.507999999999999,0.27713199999999999
4029,16.028994000000001,16.015999999999998,0.31428899999999999
4030,18.802416000000001,18.789000000000001,0.27322200000000002
4031,18.447199999999999,18.440000000000001,0.29312700000000003
4032,23.687367999999999,23.675000000000001,0.30318400000000001
4033,21.138418999999999,21.125,0.28481499999999998
4034,21.412548999999999,21.396999999999998,0.30185699999999999
4035,26.534893,26.516999999999999,0.327349
4036,18.945243000000001,18.923999999999999,0.30877100000000002
4037,26.548791000000001,26.527999999999999,0.28788799999999998
4038,23.966875999999999,23.952000000000002,0.299761
4039,21.241295999999998,21.228999999999999,0.26763399999999998
4040,21.056773,21.044,0.30053000000000002
4041,23.639316999999998,23.626999999999999,0.27398899999999998
4042,21.363239,21.350000000000001,0.30590800000000001
4043,26.665845999999998,26.652000000000001,0.30660599999999999
4044,24.024425999999998,24.010000000000002,0.25101200000000001
4045,21.023529,21.010000000000002,0.286771
4046,21.233613999999999,21.219000000000001,0.29466199999999998
4047,23.974070000000001,23.952999999999999,0.27922799999999998
4048,23.670186999999999,23.657,0.295711
4049,31.526492999999999,31.501999999999999,0.31331100000000001
4050,26.116191000000001,26.102,0.27035799999999999
4051,18.605253000000001,18.591000000000001,0.30779299999999998
4052,29.186928999999999,29.167999999999999,0.26882200000000001
4053,13.060155,13.047000000000001,0.34383200000000003
4054,23.527709999999999,23.515000000000001,0.25639000000000001
4055,18.302837,18.286000000000001,0.272034
4056,21.317772999999999,21.305,0.30814200000000003
4057,15.870244,15.856,0.30374299999999999
4058,18.460470999999998,18.451000000000001,0.27496799999999999
4059,18.650651,18.638000000000002,0.28998299999999999
4060,21.128430999999999,21.114000000000001,0.27245399999999997
4061,26.674645999999999,26.66,0.336428
4062,15.731958000000001,15.724,0.27175500000000002
4063,26.636652000000002,26.619,0.27259299999999997
4064,21.111529000000001,21.097000000000001,0.308143
4065,18.458306,18.451000000000001,0.30038999999999999
4066,15.884842000000001,15.872999999999999,0.265818
4067,18.162455000000001,18.149000000000001,0.30255500000000002
4068,23.431747000000001,23.417999999999999,0.28467599999999998
4069,18.183547999999998,18.170999999999999,0.29431400000000002
4070,18.465011000000001,18.446000000000002,0.30897999999999998
4071,21.264133999999999,21.251999999999999,0.27231300000000003
4072,39.749678000000003,39.729999999999997,0.30332300000000001
4073,23.326286,23.312999999999999,0.29613
4074,15.670705999999999,15.656000000000001,0.29298600000000002
4075,18.74822,18.739999999999998,0.30066900000000002
4076,20.963115999999999,20.946999999999999,0.28837699999999999
4077,21.226209999999998,21.215,0.28865600000000002
4078,18.569564,18.555,0.298294
4079,21.337607999999999,21.324000000000002,0.30569800000000003
4080,21.164957999999999,21.149000000000001,0.29410399999999998
4081,32.28763,32.247999999999998,0.29682799999999998
4082,48.126514999999998,48.052,0.27657399999999999
4083,28.576162,28.489000000000001,0.97261900000000001
4084,22.587568000000001,22.542000000000002,0.29103099999999998
4085,37.790681999999997,37.725999999999999,0.31296200000000002
4086,18.713857000000001,18.690999999999999,0.27622400000000003
4087,21.857022000000001,21.827999999999999,0.30248599999999998
4088,18.617545,18.600000000000001,0.29445399999999999
4089,24.498581999999999,24.483000000000001,0.30290400000000001
4090,19.135981999999998,19.111999999999998,0.28481499999999998
4091,16.446300000000001,16.431000000000001,0.32846700000000001
4092,16.480103,16.465,0.28509499999999999
4093,16.479056,16.465,0.30185600000000001
4094,22.431681000000001,22.417000000000002,0.29871399999999998
4095,21.875181000000001,21.847999999999999,0.33056200000000002
4096,19.274896999999999,19.259,0.31051699999999999
4097,38.171390000000002,38.122999999999998,0.26679599999999998
4098,21.250444999999999,21.228999999999999,0.333704
4099,16.45524,16.431999999999999,0.30297400000000002
4100,32.511124000000002,32.457999999999998,0.27727200000000002
4101,21.189194000000001,21.167999999999999,0.29906300000000002
4102,19.22063,19.212,0.31533600000000001
4103,16.285523999999999,16.27,0.28006599999999998
4104,19.282999,19.265999999999998,0.30143700000000001
4105,21.711402,21.690000000000001,0.27741199999999999
4106,26.860285999999999,26.821000000000002,0.30960900000000002
4107,32.241954,32.220999999999997,0.30311399999999999
4108,21.967582,21.948,0.27971699999999999
4109,43.394587000000001,43.308,0.32637100000000002
4110,19.097359000000001,19.074999999999999,0.28265000000000001
4111,21.686468000000001,21.661999999999999,0.281113
4112,16.438967000000002,16.417999999999999,0.32350800000000002
4113,16.390495999999999,16.373000000000001,0.30136800000000002
4114,24.493274,24.469999999999999,0.329235
4115,21.995868000000002,21.98,0.298155
4116,30.556668999999999,30.532,0.29214899999999999
4117,32.776243999999998,32.731000000000002,0.31317200000000001
4118,18.473951,18.454999999999998,0.31324099999999999
4119,18.866810999999998,18.850000000000001,0.303533
4120,24.537134999999999,24.513000000000002,0.30094799999999999
4121,18.939028,18.925999999999998,0.29466300000000001
4122,24.699797,24.675999999999998,0.30939899999999998
4123,24.273622,24.236000000000001,0.29668800000000001
4124,23.810359999999999,23.773,0.29605999999999999
4125,26.787091,26.77,0.29291699999999998
4126,18.597290999999998,18.582999999999998,0.310587
4127,19.102876999999999,19.09,0.27154499999999998
