transaction_id,prediction_and_deskew_ms,cloud_io_ms,ndt_total_ms,ndt_alignment_ms,ikfom_update_ms,frame_total_ms,ndt_effective,lidar_update_applied
1,4.2922390000000004,1.036462,125.506311,122.08326099999999,0.052172000000000003,131.22193999999999,1,1
2,4.2633939999999999,0.61810600000000004,11.261820999999999,8.1384650000000001,0.042882999999999998,16.401109999999999,1,1
3,3.6723880000000002,0.60986399999999996,11.212930999999999,8.0793780000000002,0.038134000000000001,15.721054000000001,1,1
4,3.6619809999999999,0.61719800000000002,19.340501,16.206250000000001,0.033384999999999998,23.832350000000002,1,1
5,3.6590479999999999,0.60015700000000005,21.651168999999999,18.616164000000001,0.031918000000000002,26.117595999999999,1,1
6,3.623218,0.59156500000000001,21.553388999999999,18.506791,0.031498999999999999,26.003264000000001,1,1
7,3.7199499999999999,0.57794599999999996,16.342791999999999,13.225792,0.036178000000000002,20.867046999999999,1,1
8,3.6713399999999998,0.63640399999999997,26.952144000000001,23.891157,0.045607000000000002,31.492045000000001,1,1
9,3.7287509999999999,0.62145799999999995,19.012101000000001,15.969552999999999,0.031498999999999999,23.591812000000001,1,1
10,3.6591170000000002,0.61670899999999995,18.949172999999998,15.946505999999999,0.030521,23.444655000000001,1,1
11,3.6621199999999998,0.59701400000000004,27.168095999999998,24.060735000000001,0.038064000000000001,31.668676000000001,1,1
12,3.6940390000000001,0.61978200000000006,19.108204000000001,16.014251999999999,0.031988000000000003,23.635114000000002,1,1
13,3.7318929999999999,0.59945800000000005,24.414346999999999,21.377037999999999,0.035201000000000003,28.969055000000001,1,1
14,3.7735189999999998,0.64625299999999997,27.329153000000002,24.266141000000001,0.032896000000000002,31.966276000000001,1,1
15,3.6601650000000001,0.59673399999999999,30.180472999999999,27.1755,0.033943000000000001,34.656117999999999,1,1
16,3.6543679999999998,0.61698900000000001,32.658763,29.616005000000001,0.036666999999999998,37.147190000000002,1,1
17,3.8311389999999999,0.60930600000000001,24.905688999999999,21.842746999999999,0.037783999999999998,29.579618,1,1
18,3.664844,0.60302,27.755960000000002,24.717184,0.035549999999999998,32.244039000000001,1,1
19,3.7252580000000002,0.62131899999999995,41.153703999999998,38.095371999999998,0.030521,45.724755000000002,1,1
20,3.6644950000000001,0.59645499999999996,30.471786000000002,27.395434000000002,0.033314000000000003,34.950015999999998,1,1
21,3.669943,0.602321,32.757102000000003,29.682915000000001,0.032756,37.245179,1,1
22,3.7633230000000002,0.60302,43.982674000000003,40.916240000000002,0.039251000000000001,48.566296999999999,1,1
23,3.6710609999999999,0.60846800000000001,32.664351000000003,29.583808000000001,0.033175000000000003,37.162486000000001,1,1
24,3.7543820000000001,0.63968700000000001,29.781672,26.782914999999999,0.030941,34.391275999999998,1,1
25,3.7302870000000001,0.60043599999999997,38.356164,35.315083000000001,0.038552999999999997,42.930916000000003,1,1
26,3.6743429999999999,0.602321,38.091112000000003,35.026702999999998,0.032406999999999998,42.578280999999997,1,1
27,3.6679870000000001,0.59855000000000003,34.986961999999998,31.935544,0.037714999999999999,39.472596000000003,1,1
28,3.6727370000000001,0.61824599999999996,35.783656000000001,32.778402999999997,0.040299000000000001,40.305745999999999,1,1
29,3.7706559999999998,0.61573199999999995,27.144908999999998,24.073446000000001,0.032895000000000001,31.751719000000001,1,1
30,3.6711299999999998,0.63130699999999995,32.376809000000002,29.406409,0.034292000000000003,36.910913000000001,1,1
31,3.75075,0.60832799999999998,26.983502999999999,23.878655999999999,0.040856999999999997,31.586123000000001,1,1
32,3.7534049999999999,0.65526200000000001,21.794626000000001,18.700464,0.037296000000000003,26.429093999999999,1,1
33,3.690407,0.62062099999999998,19.030121000000001,15.966201,0.031428999999999999,23.551583000000001,1,1
34,3.5751659999999998,0.59771200000000002,29.700724999999998,26.670259000000001,0.033454999999999999,34.086134000000001,1,1
35,3.669454,0.60930499999999999,21.490461,18.452801999999998,0.032617,25.986851000000001,1,1
36,3.664774,0.600854,37.402743999999998,34.343223999999999,0.033384999999999998,41.878529999999998,1,1
37,3.6974610000000001,0.60350899999999996,24.323622,21.314737999999998,0.040578000000000003,28.849694,1,1
38,3.649759,0.60099400000000003,26.999566999999999,23.948428,0.040018999999999999,31.473956000000001,1,1
39,3.689568,0.61768699999999999,33.253610999999999,30.148555000000002,0.033804000000000001,37.785271999999999,1,1
40,3.657581,0.63207400000000002,35.156680000000001,32.061610000000002,0.037226000000000002,39.663755000000002,1,1
41,3.64452,0.62124800000000002,21.418175000000002,18.411525999999999,0.03569,25.918824000000001,1,1
42,3.6825839999999999,0.60371799999999998,24.380125,21.348960000000002,0.030032,28.880006000000002,1,1
43,3.6637970000000002,0.57599100000000003,29.657351999999999,26.676825000000001,0.034292999999999997,34.116166999999997,1,1
44,3.6788129999999999,0.60350899999999996,24.266002,21.190279,0.037645999999999999,28.769655,1,1
45,3.7528459999999999,0.61747799999999997,19.042483000000001,15.982335000000001,0.030800999999999999,23.630645000000001,1,1
46,3.6671490000000002,0.60658199999999995,26.897317000000001,23.791353000000001,0.038552999999999997,31.420525999999999,1,1
47,3.699487,0.62362300000000004,16.358646,13.284948,0.031428999999999999,20.896591000000001,1,1
48,3.6762990000000002,0.60057499999999997,19.050235000000001,15.985547,0.030450999999999999,23.539010999999999,1,1
49,3.652552,0.59938800000000003,29.618379999999998,26.547407,0.030311000000000001,34.082363000000001,1,1
50,3.7085659999999998,0.58276600000000001,18.949942,15.894193,0.032337999999999999,23.449334,1,1
51,3.7017220000000002,0.60015600000000002,16.273855999999999,13.232984999999999,0.029544000000000001,20.789871999999999,1,1
52,3.7408329999999999,0.60441699999999998,10.919034,7.9104289999999997,0.030521,15.48359,1,1
53,3.5855730000000001,0.57145199999999996,16.178591999999998,13.140374,0.031988000000000003,20.547657999999998,1,1
54,3.6795110000000002,0.56216299999999997,24.043344000000001,20.992135999999999,0.030102,28.500482000000002,1,1
55,3.756059,0.58528000000000002,22.154803000000001,19.051072999999999,0.037016,26.727599999999999,1,1
56,3.665613,0.61363599999999996,19.029841000000001,15.959426000000001,0.029543,23.520783000000002,1,1
57,3.6515749999999998,0.57920300000000002,21.674776000000001,18.553097000000001,0.033314999999999997,26.115639999999999,1,1
58,3.9317829999999998,0.62390299999999999,19.000647000000001,15.932048,0.032475999999999998,23.772984000000001,1,1
59,3.7321019999999998,0.607769,21.535021,18.528652000000001,0.029055000000000001,26.084909,1,1
60,3.6693150000000001,0.64164299999999996,19.016431000000001,15.943362,0.029544000000000001,23.534331999999999,1,1
61,3.7174360000000002,0.59275299999999997,19.308653,16.203316000000001,0.033804000000000001,23.828579000000001,1,1
62,3.678534,0.603159,16.373940999999999,13.31058,0.043860999999999997,20.881086,1,1
63,3.731055,0.59833999999999998,29.699258,26.642392999999998,0.031918000000000002,34.245235000000001,1,1
64,3.7722630000000001,0.59645499999999996,19.017479000000002,15.934492000000001,0.030450999999999999,23.59761,1,1
65,3.6456379999999999,0.58744499999999999,26.971001000000001,23.896813999999999,0.039530999999999997,31.430024,1,1
66,3.6848890000000001,0.61335700000000004,24.33794,21.249924,0.036947000000000001,28.857168000000001,1,1
67,3.8675280000000001,0.62341400000000002,24.281856000000001,21.252507999999999,0.03108,28.985676999999999,1,1
68,3.6086909999999999,0.59401000000000004,34.856566000000001,31.794044,0.032756,39.276128999999997,1,1
69,3.6595360000000001,0.60707100000000003,23.982859999999999,20.948903999999999,0.032615999999999999,28.460532000000001,1,1
70,3.6955749999999998,0.60399800000000003,19.087810999999999,16.013134999999998,0.034852000000000001,23.604384,1,1
71,3.8400089999999998,0.61077300000000001,21.575458999999999,18.563783000000001,0.030800000000000001,26.235211,1,1
72,3.6151170000000001,0.60888699999999996,29.386364,26.316368000000001,0.031918000000000002,33.818358000000003,1,1
73,3.7615759999999998,0.59100699999999995,27.180249,24.095866000000001,0.040998,31.768689999999999,1,1
74,3.685727,0.60825799999999997,16.559861999999999,13.456481,0.031498999999999999,21.069800000000001,1,1
75,3.7757540000000001,0.59631500000000004,16.339998000000001,13.317145,0.028355999999999999,20.93242,1,1
76,3.7630430000000001,0.610842,16.109867000000001,13.061591999999999,0.035270000000000003,20.700474,1,1
77,3.657232,0.61475299999999999,18.681956,15.671884,0.029544000000000001,23.163747999999998,1,1
78,3.59172,0.59184599999999998,18.968378999999999,15.927578,0.035618999999999998,23.370621,1,1
79,3.6671490000000002,0.60350899999999996,19.070699000000001,15.995813999999999,0.031498999999999999,23.552980000000002,1,1
80,3.7214170000000002,0.60804800000000003,13.719787,10.649582000000001,0.030521,18.255917,1,1
81,3.6332059999999999,0.58094999999999997,21.256070000000001,18.21443,0.034083000000000002,25.679473999999999,1,1
82,3.64445,0.59631599999999996,19.438628999999999,16.296206999999999,0.033384999999999998,23.895976000000001,1,1
83,3.677765,0.60539500000000002,24.282135,21.288408,0.031498999999999999,28.790049,1,1
84,3.6761590000000002,0.59903899999999999,21.848752999999999,18.727563,0.030450999999999999,26.330755,1,1
85,3.7490049999999999,0.59897,27.023243000000001,23.979717999999998,0.031498999999999999,31.578928000000001,1,1
86,3.6146980000000002,0.59093700000000005,21.785405999999998,18.704795000000001,0.039461000000000003,26.224246000000001,1,1
87,3.6635870000000001,0.61866399999999999,16.320512000000001,13.240527999999999,0.032686,20.828634000000001,1,1
88,3.6624699999999999,0.60120399999999996,18.906569999999999,15.833500000000001,0.030521,23.378862999999999,1,1
89,3.9132750000000001,0.60280999999999996,21.677848999999998,18.561128,0.030521,26.401855000000001,1,1
90,3.6552069999999999,0.60134299999999996,25.071565,21.971747000000001,0.034712,29.544416999999999,1,1
91,3.7494939999999999,0.60581300000000005,13.743185,10.674655,0.030522000000000001,18.312418999999998,1,1
92,3.7522180000000001,0.636544,24.422798,21.35811,0.032966000000000002,29.031355000000001,1,1
93,3.6667299999999998,0.613846,13.780759,10.694559999999999,0.030522000000000001,18.272818000000001,1,1
94,3.6635879999999998,0.61091200000000001,21.803984,18.692292999999999,0.036318000000000003,26.298767999999999,1,1
95,3.7551510000000001,0.61021300000000001,24.473154999999998,21.426416,0.033874000000000001,29.053982999999999,1,1
96,3.7149920000000001,0.60476700000000005,19.037174,15.947483,0.031288999999999997,23.57058,1,1
97,3.6628880000000001,0.56935599999999997,24.093281999999999,21.080347,0.029544000000000001,28.563548999999998,1,1
98,3.653181,0.58940000000000003,13.848297000000001,10.752459999999999,0.033873,18.301803,1,1
99,3.6757399999999998,0.60183299999999995,16.304936999999999,13.286065000000001,0.030450999999999999,20.794971,1,1
100,3.7223950000000001,0.61307699999999998,19.032146000000001,16.021515999999998,0.030522000000000001,23.594746000000001,1,1
101,3.7098239999999998,0.63305199999999995,27.217057,24.111090999999998,0.030521,31.801656000000001,1,1
102,3.64473,0.62355400000000005,18.927802,15.835107000000001,0.035201000000000003,23.425726999999998,1,1
103,3.6672189999999998,0.65330699999999997,16.392938999999998,13.307019,0.032476999999999999,20.933399000000001,1,1
104,3.6373959999999999,0.60113399999999995,16.405301000000001,13.356116999999999,0.029474,20.857689000000001,1,1
105,3.7364329999999999,0.59638500000000005,21.550666,18.487024999999999,0.040090000000000001,26.102160000000001,1,1
106,3.6606540000000001,0.60755999999999999,24.31992,21.233160999999999,0.036736999999999999,28.811211,1,1
107,3.7580840000000002,0.61335700000000004,18.881215999999998,15.825608000000001,0.031498999999999999,23.463232999999999,1,1
108,3.7407629999999998,0.59966799999999998,16.438545000000001,13.374345999999999,0.031918000000000002,20.991506999999999,1,1
109,3.8166120000000001,0.60204199999999997,16.34328,13.298218,0.030102,20.97251,1,1
110,3.6705009999999998,0.66071000000000002,24.87866,21.736726999999998,0.034851,29.440981000000001,1,1
111,3.7208580000000002,0.65428399999999998,18.958182000000001,15.882739000000001,0.033454999999999999,23.554445999999999,1,1
112,3.685378,0.60322900000000002,19.033403,15.951324,0.031849000000000002,23.535240000000002,1,1
113,3.9058709999999999,0.60029600000000005,21.852246000000001,18.782178999999999,0.036806999999999999,26.579673,1,1
114,3.6674289999999998,0.62725500000000001,16.468857,13.391387999999999,0.031988000000000003,20.980961000000001,1,1
115,3.7515890000000001,0.60127399999999998,16.417593,13.322034,0.033175000000000003,20.988852999999999,1,1
116,3.8483200000000002,0.62900100000000003,16.385116,13.361914000000001,0.042604000000000003,21.104303000000002,1,1
117,3.6662409999999999,0.64373800000000003,19.069372000000001,15.993789,0.030939999999999999,23.595514000000001,1,1
118,3.740065,0.625718,21.659690000000001,18.588297000000001,0.029613,26.236398000000001,1,1
119,3.8013870000000001,0.61663900000000005,16.408583,13.320568,0.033663999999999999,21.038789999999999,1,1
120,3.8234569999999999,0.62711600000000001,19.271286,16.151214,0.031988000000000003,23.939,1,1
121,3.748167,0.62606799999999996,19.104223000000001,16.021028000000001,0.030591,23.686169,1,1
122,3.6747619999999999,0.61629,18.972431,15.91752,0.031498999999999999,23.476852000000001,1,1
123,3.8236669999999999,0.62138800000000005,21.770530000000001,18.699137,0.035131000000000003,26.432167,1,1
124,3.7069589999999999,0.61908399999999997,21.829896000000002,18.685448000000001,0.032267999999999998,26.372311,1,1
125,3.6612819999999999,0.60232200000000002,18.892669999999999,15.827913000000001,0.030521,23.363986000000001,1,1
126,3.7251189999999998,0.59526699999999999,24.211734,21.156056,0.030450999999999999,28.741648000000001,1,1
127,3.8212920000000001,0.61475299999999999,19.247679999999999,16.156521999999999,0.034780999999999999,23.903869,1,1
128,3.6665899999999998,0.61684899999999998,21.746993,18.694458000000001,0.031918000000000002,26.241985,1,1
129,3.6756700000000002,0.60832799999999998,24.391998000000001,21.306705999999998,0.033383999999999997,28.891529999999999,1,1
130,3.8092790000000001,0.59966699999999995,16.772532999999999,13.662445999999999,0.039042,21.40232,1,1
131,3.669384,0.60818799999999995,26.998519000000002,23.887456,0.039879999999999999,31.508946999999999,1,1
132,3.6702919999999999,0.60790900000000003,19.05254,15.946296,0.034780999999999999,23.553190000000001,1,1
133,3.6536,0.59875999999999996,24.409109000000001,21.291340999999999,0.034991000000000001,28.880285000000001,1,1
134,3.7584330000000001,0.60630300000000004,26.788782999999999,23.696505999999999,0.030731000000000001,31.367235999999998,1,1
135,3.6535299999999999,0.61810600000000004,19.426756999999998,16.277906999999999,0.036248000000000002,23.922097999999998,1,1
136,3.657232,0.60616300000000001,13.736200999999999,10.694070999999999,0.031009999999999999,18.209751000000001,1,1
137,3.6528309999999999,0.59945800000000005,13.794169,10.691905999999999,0.030521,18.258500000000002,1,1
138,3.6661009999999998,0.59820099999999998,13.750239000000001,10.696655,0.030033000000000001,18.230843,1,1
139,3.744116,0.62383299999999997,21.843865000000001,18.804320000000001,0.039042,26.434332000000001,1,1
140,3.6992759999999998,0.60804800000000003,16.762335,13.614464999999999,0.034361999999999997,21.291969000000002,1,1
141,3.7347570000000001,0.60714100000000004,13.759247999999999,10.679335,0.030242000000000002,18.309277000000002,1,1
142,3.7517290000000001,0.59869000000000006,21.702852,18.660164999999999,0.031428999999999999,26.265104000000001,1,1
143,3.6554859999999998,0.59575599999999995,27.800940000000001,24.774733999999999,0.043442000000000001,32.287481,1,1
144,3.7845550000000001,0.61258800000000002,33.045760999999999,29.987428000000001,0.037087000000000002,37.673662999999998,1,1
145,3.6450089999999999,0.609236,18.947288,15.890281999999999,0.034292999999999997,23.412666999999999,1,1
146,3.7156899999999999,0.60825799999999997,21.508341999999999,18.439392999999999,0.034292999999999997,26.082464999999999,1,1
147,3.652272,0.59421999999999997,13.768746,10.699728,0.050566,18.251936000000001,1,1
148,3.744116,0.61587099999999995,18.936252,15.905576999999999,0.033384999999999998,23.515335,1,1
149,3.6894990000000001,0.60560400000000003,19.032146000000001,15.999306000000001,0.032895000000000001,23.542573999999998,1,1
150,3.6791619999999998,0.60022600000000004,18.889178999999999,15.816248999999999,0.032475999999999998,23.382285,1,1
151,3.6186780000000001,0.61405600000000005,18.927592000000001,15.899362,0.031498999999999999,23.370761000000002,1,1
152,3.6644960000000002,0.62362300000000004,13.849276,10.770199,0.037156000000000002,18.359703,1,1
153,3.657092,0.59945800000000005,20.979144999999999,17.766670000000001,0.034292999999999997,25.459889,1,1
154,3.8560729999999999,0.62222699999999997,21.929631000000001,18.861032000000002,0.032895000000000001,26.625699999999998,1,1
155,3.801596,0.60406800000000005,19.654373,16.462081999999999,0.033874000000000001,24.289328999999999,1,1
156,3.6993459999999998,0.66476100000000005,16.612943000000001,13.526883,0.036179000000000003,21.215002999999999,1,1
157,3.7280519999999999,0.60385900000000003,13.664402000000001,10.577014999999999,0.031428999999999999,18.207515999999998,1,1
158,3.7133150000000001,0.63947699999999996,16.336435999999999,13.242414,0.031009999999999999,20.926203999999998,1,1
159,3.7412529999999999,0.60357899999999998,24.492431,21.412448000000001,0.031988000000000003,29.053843000000001,1,1
160,3.8395199999999998,0.626278,13.666288,10.597759,0.035201000000000003,18.378699999999998,1,1
161,3.892601,0.61852499999999999,21.650959,18.650317000000001,0.034851,26.401436,1,1
162,3.677556,0.62634800000000002,19.244188000000001,16.089333,0.032966000000000002,23.762367999999999,1,1
163,3.739087,0.62502100000000005,24.249728999999999,21.148094,0.033384999999999998,28.846202000000002,1,1
164,3.703608,0.60539399999999999,21.835902999999998,18.786999000000002,0.036666999999999998,26.361276,1,1
165,3.722464,0.60357899999999998,16.830919999999999,13.658116,0.031918000000000002,21.373266000000001,1,1
166,3.8539780000000001,0.60190299999999997,19.126852,15.982963,0.031428999999999999,23.797008999999999,1,1
167,3.830721,0.59254399999999996,13.639329,10.655029000000001,0.031009999999999999,18.272469000000001,1,1
168,3.8907150000000001,0.61049299999999995,24.686592999999998,21.624979,0.036736999999999999,29.406967000000002,1,1
169,3.8721369999999999,0.62830299999999994,16.414868999999999,13.383076000000001,0.042044999999999999,21.166322999999998,1,1
170,3.7161789999999999,0.60630300000000004,18.823665999999999,15.757930999999999,0.031428999999999999,23.356093999999999,1,1
171,3.6684070000000002,0.59743299999999999,18.959299999999999,15.888325999999999,0.030591,23.431315000000001,1,1
172,3.7464909999999998,0.60134399999999999,13.690035,10.629327,0.033873,18.256336000000001,1,1
173,3.6545779999999999,0.58995900000000001,19.365504999999999,16.271901,0.032266999999999997,23.835144,1,1
174,3.694458,0.61056299999999997,18.932621000000001,15.867863,0.032406999999999998,23.454642,1,1
175,3.7534049999999999,0.59903899999999999,18.950849999999999,15.839297,0.032896000000000002,23.516731,1,1
176,3.6996950000000002,0.590449,16.251857000000001,13.180115000000001,0.031009999999999999,20.756906000000001,1,1
177,3.6965530000000002,0.60378799999999999,21.686719,18.621751,0.036806999999999999,26.209229000000001,1,1
178,3.805787,0.60972499999999996,19.38513,16.245570000000001,0.032896000000000002,24.024836000000001,1,1
179,3.76905,0.59910799999999997,24.337520999999999,21.223313999999998,0.031848000000000001,28.920584000000002,1,1
180,3.727284,0.60609299999999999,18.933947,15.887349,0.032896000000000002,23.478387999999999,1,1
181,3.702,0.59240400000000004,19.075588,15.997629,0.035830000000000001,23.590695,1,1
182,3.867597,0.60846800000000001,27.125841999999999,24.043483999999999,0.031498999999999999,31.820094000000001,1,1
183,3.7024889999999999,0.60106400000000004,32.120697,29.002300000000002,0.033383999999999997,36.640483000000003,1,1
184,3.8108849999999999,0.59778200000000004,24.439281000000001,21.349658999999999,0.038203000000000001,29.066485,1,1
185,3.7025600000000001,0.61182000000000003,22.174009999999999,19.127132,0.032896000000000002,26.710000000000001,1,1
186,3.6556250000000001,0.596943,19.412578,16.319534000000001,0.036318000000000003,23.87677,1,1
187,3.6612830000000001,0.59275299999999997,11.162086,8.0386600000000001,0.031009999999999999,15.63368,1,1
188,3.64473,0.58688600000000002,21.829616000000001,18.722534,0.036248000000000002,26.278513,1,1
189,3.6887310000000002,0.63004899999999997,13.885802999999999,10.678496000000001,0.036248000000000002,18.432478,1,1
190,3.76416,0.60197199999999995,33.050928999999996,28.795007999999999,0.037995000000000001,37.642583999999999,1,1
191,3.653251,0.60364899999999999,27.057675,23.938929999999999,0.036248000000000002,31.532554000000001,1,1
192,3.7366429999999999,0.61349699999999996,26.858274999999999,23.810699,0.037994,31.434355,1,1
193,3.6857980000000001,0.60944600000000004,27.036373999999999,23.908688000000001,0.035899,31.553156999999999,1,1
194,3.7198099999999998,0.60895699999999997,29.776783999999999,26.657129000000001,0.040438000000000002,34.343643,1,1
195,3.7013720000000001,0.60979399999999995,27.151333999999999,24.032727999999999,0.035340999999999997,31.682435000000002,1,1
196,3.7295889999999998,0.60777000000000003,13.879936000000001,10.761608000000001,0.031498999999999999,18.432338999999999,1,1
197,3.7075879999999999,0.59240400000000004,16.607424000000002,13.412689,0.034362999999999998,21.126583,1,1
198,4.3601960000000002,0.59498799999999996,32.582495000000002,29.477159,0.032406999999999998,37.750279999999997,1,1
199,3.862778,0.62760400000000005,13.960464999999999,10.762866000000001,0.040018999999999999,18.678464000000002,1,1
200,3.7220460000000002,0.60972499999999996,14.274476999999999,11.050337000000001,0.031919000000000003,18.825202999999998,1,1
201,3.75983,0.604626,27.375250000000001,24.224446,0.032197999999999997,31.953354000000001,1,1
202,3.7916089999999998,0.61614999999999998,21.971397,18.861170999999999,0.031498999999999999,26.59029,1,1
203,3.8041800000000001,0.61279799999999995,11.173959,8.0640830000000001,0.033874000000000001,15.806051999999999,1,1
204,3.966145,0.61258900000000005,38.383960999999999,35.244891000000003,0.039112000000000001,43.186678999999998,1,1
205,3.6890800000000001,0.61433499999999996,16.761496999999999,13.616910000000001,0.032405999999999997,21.284496000000001,1,1
206,3.7078669999999998,0.60623300000000002,27.746113000000001,24.63505,0.036248000000000002,32.289226999999997,1,1
207,3.7365729999999999,0.61342699999999994,33.765906999999999,30.570194000000001,0.036666999999999998,38.341496999999997,1,1
208,3.7249089999999998,0.61216899999999996,24.774804,21.602978,0.032406999999999998,29.323225999999998,1,1
209,3.8046690000000001,0.60469600000000001,16.729509,13.630947000000001,0.032896000000000002,21.356014999999999,1,1
210,3.6967629999999998,0.61028300000000002,38.459530000000001,35.277715999999998,0.067048999999999997,52.321936000000001,1,1
211,3.7004640000000002,0.62816300000000003,25.096917999999999,21.98348,0.032336999999999998,29.650020000000001,1,1
212,3.867807,0.60748899999999995,30.250454999999999,27.094832,0.038203000000000001,34.946454000000003,1,1
213,3.7219060000000002,0.62048099999999995,16.801796,13.715387,0.040368000000000001,21.374452999999999,1,1
214,3.7795260000000002,0.59973699999999996,22.271509999999999,19.112255000000001,0.031009999999999999,26.859393000000001,1,1
215,3.723163,0.60532399999999997,28.118583000000001,24.987684000000002,0.038483999999999997,32.678389000000003,1,1
216,3.805577,0.60644200000000004,30.636893000000001,27.469187000000002,0.037226000000000002,35.27178,1,1
217,3.7117089999999999,0.61859500000000001,27.576326000000002,24.456461999999998,0.033873,32.123910000000002,1,1
218,3.7810630000000001,0.59931900000000005,30.333987,27.223970999999999,0.033663999999999999,34.937373999999998,1,1
219,3.7349670000000001,0.61817500000000003,30.554618999999999,27.416526999999999,0.040996999999999999,35.137264000000002,1,1
220,3.6800000000000002,0.60651299999999997,16.923532000000002,13.786695999999999,0.034780999999999999,21.432283000000002,1,1
221,3.8544670000000001,0.63214400000000004,14.140727999999999,11.067170000000001,0.030939999999999999,18.843222000000001,1,1
222,3.6708509999999999,0.60916599999999999,14.340058000000001,11.186252,0.033384999999999998,18.837076,1,1
223,3.6684060000000001,0.59603600000000001,36.633499,33.565736999999999,0.036179000000000003,41.114941000000002,1,1
224,3.7156199999999999,0.61175100000000004,17.014326000000001,13.941886,0.031988000000000003,21.558768000000001,1,1
225,3.8152849999999998,0.60728099999999996,31.288943,28.24849,0.032406999999999998,35.923340000000003,1,1
226,3.6790229999999999,0.60232200000000002,22.660323000000002,19.627134000000002,0.041347000000000002,27.167887,1,1
227,3.7281909999999998,0.61349699999999996,31.345516,28.350670000000001,0.035829,35.909371999999998,1,1
228,3.8191259999999998,0.60616300000000001,25.875032999999998,22.852180000000001,0.035340000000000003,30.524797,1,1
229,3.8645239999999998,0.70708599999999999,26.008223000000001,22.981739000000001,0.037644999999999998,30.810241999999999,1,1
230,3.743417,0.61182000000000003,32.677481999999998,29.616634999999999,0.032896000000000002,37.250697000000002,1,1
231,3.8281360000000002,0.60686200000000001,17.488488,14.552868,0.033384999999999998,22.143488999999999,1,1
232,3.9930340000000002,0.61629,17.574394000000002,14.616286000000001,0.036178000000000002,22.403511999999999,1,1
233,3.802365,0.62725600000000004,32.646611,29.718952999999999,0.038972,37.300913000000001,1,1
234,3.7453729999999998,0.62662700000000005,32.658414,29.714693,0.033383999999999997,37.25356,1,1
235,3.7117089999999999,0.61265800000000004,11.727181,8.832001,0.030380999999999998,16.269736000000002,1,1
236,3.7513800000000002,0.59848000000000001,29.726427000000001,26.816998999999999,0.035479999999999998,34.299990999999999,1,1
237,3.7477480000000001,0.65582099999999999,26.904022999999999,24.015477000000001,0.032896000000000002,31.527246000000002,1,1
238,3.8215710000000001,0.60679099999999997,29.780484999999999,26.829501,0.032756,34.432763000000001,1,1
239,3.751449,0.61042399999999997,32.710447000000002,29.837965000000001,0.037644999999999998,37.301122999999997,1,1
240,3.7294489999999998,0.61454399999999998,36.146697000000003,33.246347999999998,0.032615999999999999,40.707132000000001,1,1
241,3.7155499999999999,0.62110900000000002,32.772815999999999,29.933579999999999,0.033873,37.328361999999998,1,1
242,3.735805,0.59931900000000005,38.946751999999996,36.001983000000003,0.038552999999999997,43.52346,1,1
243,3.768421,0.61726800000000004,23.764531999999999,20.830310000000001,0.031988000000000003,28.381260000000001,1,1
244,3.698299,0.60253199999999996,26.662786000000001,23.794983999999999,0.032476999999999999,31.178522000000001,1,1
245,3.705981,0.63088699999999998,17.931918,15.043163,0.03569,22.495564000000002,1,1
246,3.8768159999999998,0.61035399999999995,23.921679000000001,21.055553,0.031498999999999999,28.630178999999998,1,1
247,3.686496,0.59359099999999998,32.573416000000002,29.697790999999999,0.031498999999999999,37.069526000000003,1,1
248,3.685657,0.615591,17.955105,15.093379000000001,0.037644999999999998,22.478871999999999,1,1
249,3.7535449999999999,0.61447499999999999,27.218033999999999,24.290306999999999,0.034362999999999998,31.808361000000001,1,1
250,3.7654179999999999,0.61133099999999996,27.35276,24.456951,0.030731000000000001,31.947137999999999,1,1
251,3.719112,0.63591600000000004,18.079704,15.193533,0.030311999999999999,22.651174000000001,1,1
252,3.8144480000000001,0.603159,21.404207,18.497153000000001,0.046095999999999998,26.069265000000001,1,1
253,3.950291,0.61286799999999997,30.601901999999999,27.721249,0.034991000000000001,35.385624,1,1
254,3.670013,0.60511499999999996,15.11524,12.297305,0.039042,19.617775000000002,1,1
255,3.7182040000000001,0.62697599999999998,30.294526000000001,27.430634000000001,0.042534000000000002,34.874307000000002,1,1
256,3.6804199999999998,0.66119899999999998,15.192556,12.279286000000001,0.038692999999999998,19.763397000000001,1,1
257,3.6957840000000002,0.621668,17.699760999999999,13.787324999999999,0.043721999999999997,22.281497000000002,1,1
258,3.6965530000000002,0.62516000000000005,21.439475999999999,18.580265000000001,0.033595,25.988665999999998,1,1
259,3.7780589999999998,0.65316700000000005,21.530341,18.634392999999999,0.039181000000000001,26.186599999999999,1,1
260,3.858098,0.61740700000000004,30.214067,27.276002999999999,0.039182000000000002,34.913977000000003,1,1
261,3.7582939999999998,0.60322900000000002,27.392571,24.562832,0.032058000000000003,31.981221999999999,1,1
262,3.6506660000000002,0.590588,21.375081999999999,18.497851000000001,0.032826000000000001,25.841718,1,1
263,3.8157740000000002,0.64038600000000001,18.343568999999999,15.500351,0.031918000000000002,23.029651000000001,1,1
264,3.8207330000000002,0.61670899999999995,15.305770000000001,12.430705,0.03143,19.964264,1,1
265,3.6929219999999998,0.62201700000000004,27.590364000000001,24.741978,0.032197999999999997,32.128518999999997,1,1
266,3.854886,0.60609299999999999,27.831042,24.938165999999999,0.039669999999999997,32.520474999999998,1,1
267,3.7526359999999999,0.62425200000000003,18.508327000000001,15.528219,0.03576,23.112622999999999,1,1
268,3.76884,0.60679099999999997,18.487583999999998,15.674398999999999,0.031918000000000002,23.080915000000001,1,1
269,3.7431380000000001,0.61901399999999995,24.506050999999999,21.630077,0.031428999999999999,29.084225,1,1
270,3.776313,0.63347100000000001,21.83304,18.926753000000001,0.037086000000000001,26.466249999999999,1,1
271,3.8455270000000001,0.61342699999999994,18.483114,15.634449,0.032406999999999998,23.159766000000001,1,1
272,3.7888850000000001,0.631795,24.860361000000001,21.987950000000001,0.032406999999999998,29.520879999999998,1,1
273,3.7182740000000001,0.60797800000000002,21.733025000000001,18.823806000000001,0.031709000000000001,26.276627000000001,1,1
274,3.7826689999999998,0.60637300000000005,18.547578999999999,15.710717000000001,0.036736999999999999,23.161024000000001,1,1
275,3.7587820000000001,0.63472799999999996,21.624977999999999,18.701511,0.035270999999999997,26.268037,1,1
276,3.7487949999999999,0.61140099999999997,18.503509000000001,15.620481,0.031988000000000003,23.076445,1,1
277,3.7494930000000002,0.60609299999999999,15.297319,12.443415999999999,0.031009999999999999,19.867742,1,1
278,3.8616609999999998,0.62725500000000001,18.884778000000001,15.918009,0.047284,23.632110999999998,1,1
279,3.8386130000000001,0.63870899999999997,25.054663000000001,22.160181000000001,0.036527999999999998,29.761348000000002,1,1
280,3.809069,0.63703299999999996,21.864467999999999,18.956994999999999,0.032896000000000002,26.535392999999999,1,1
281,3.823318,0.61608099999999999,21.709486999999999,18.791678000000001,0.031498999999999999,26.364280000000001,1,1
282,3.9933139999999998,0.64618200000000003,27.957946,25.050543000000001,0.039181000000000001,32.836792000000003,1,1
283,3.7462110000000002,0.61754799999999999,25.029240000000001,22.110803000000001,0.032966000000000002,29.615167,1,1
284,3.686426,0.59652499999999997,21.782962000000001,18.917186000000001,0.032406999999999998,26.281725000000002,1,1
285,3.7121979999999999,0.59785200000000005,25.135052000000002,22.158225999999999,0.036179000000000003,29.666152,1,1
286,3.8245740000000001,0.62034100000000003,18.679931,15.757650999999999,0.039739999999999998,23.350646999999999,1,1
287,3.793005,0.59491799999999995,18.848531000000001,15.940359000000001,0.031009999999999999,23.447657,1,1
288,3.665124,0.596665,22.04515,19.121475,0.031709000000000001,26.518979999999999,1,1
289,3.822619,0.60679099999999997,19.248867000000001,16.218402000000001,0.037644999999999998,23.904567,1,1
290,3.793704,0.62655700000000003,25.412257,22.350223,0.041417000000000002,30.078711999999999,1,1
291,3.7962880000000001,0.61957300000000004,22.268926,19.173856000000001,0.039809999999999998,26.934263999999999,1,1
292,3.7597610000000001,0.62718600000000002,15.759118000000001,12.705114999999999,0.035829,20.364460999999999,1,1
293,3.7045849999999998,0.59736299999999998,15.855010999999999,12.798634,0.035270000000000003,20.375426999999998,1,1
294,3.859076,0.60511499999999996,12.657413,9.5784769999999995,0.031009999999999999,17.338187000000001,1,1
295,3.673365,0.62683699999999998,12.694570000000001,9.6044590000000003,0.035969000000000001,17.211981000000002,1,1
296,3.8066249999999999,0.60588399999999998,12.708888,9.6252019999999998,0.030033000000000001,17.335532000000001,1,1
297,3.70668,0.60015600000000002,22.673873,19.531869,0.031918000000000002,27.191773000000001,1,1
298,3.6837719999999998,0.60944500000000001,16.007128999999999,12.882725000000001,0.036179000000000003,20.513784000000001,1,1
299,3.768211,0.60630200000000001,23.008628000000002,19.824928,0.037156000000000002,27.606987,1,1
300,3.7591320000000001,0.60846800000000001,16.053992999999998,12.934339,0.030521,20.639081999999998,1,1
301,3.714712,0.60371799999999998,22.903375,19.713668999999999,0.038831999999999998,27.444254000000001,1,1
302,3.7169469999999998,0.63067700000000004,19.342874999999999,16.178311999999998,0.036179000000000003,23.915393000000002,1,1
303,3.75529,0.61915399999999998,22.544315000000001,19.419283,0.032825,27.140160000000002,1,1
304,3.683074,0.60672199999999998,25.880690000000001,22.760617,0.031220000000000001,30.382107999999999,1,1
305,3.7126169999999998,0.60399700000000001,22.883749999999999,19.684684000000001,0.043791999999999998,27.431263000000001,1,1
306,3.8861750000000002,0.63738300000000003,23.218503999999999,20.056735,0.045607000000000002,27.988327000000002,1,1
307,3.7779199999999999,0.62711499999999998,22.777798000000001,19.596682999999999,0.034362999999999998,27.404862999999999,1,1
308,3.744116,0.59638500000000005,26.049848000000001,22.894994000000001,0.034361999999999997,30.608957,1,1
309,3.6957149999999999,0.60867700000000002,22.844079000000001,19.717580000000002,0.03576,27.364493,1,1
310,3.768421,0.60406800000000005,22.790020999999999,19.643757000000001,0.042464000000000002,27.413104000000001,1,1
311,3.7159689999999999,0.60616300000000001,26.003613000000001,22.881793999999999,0.031498999999999999,30.538136000000002,1,1
312,3.7324519999999999,0.61105200000000004,22.835279,19.676862,0.031358999999999998,27.394945,1,1
313,3.796497,0.60560400000000003,22.700133000000001,19.515944999999999,0.041556000000000003,27.325241999999999,1,1
314,3.690337,0.61754699999999996,19.386178000000001,16.246618000000002,0.034780999999999999,23.924332,1,1
315,3.7128960000000002,0.60574399999999995,22.750350000000001,19.634677,0.031220000000000001,27.282988,1,1
316,3.686985,0.61838499999999996,22.566595,19.499811000000001,0.032896000000000002,27.086031999999999,1,1
317,3.8467850000000001,0.59317299999999995,22.886263,19.775200000000002,0.036178000000000002,27.546084,1,1
318,3.817869,0.60672199999999998,19.621896,16.45412,0.034852000000000001,24.268795000000001,1,1
319,3.7967070000000001,0.61629,22.807271,19.617984,0.033314999999999997,27.453123000000001,1,1
320,3.9626519999999998,0.61000399999999999,19.161494000000001,16.047777,0.031988000000000003,23.942910999999999,1,1
321,4.0673469999999998,0.59512799999999999,19.626854999999999,16.438336,0.036736999999999999,24.507448,1,1
322,3.8990269999999998,0.62746500000000005,22.850784000000001,19.651019999999999,0.031918000000000002,27.613551999999999,1,1
323,3.7807140000000001,0.60169300000000003,22.540474,19.413485999999999,0.031779000000000002,27.141625999999999,1,1
324,3.7733089999999998,0.59659499999999999,19.551914,16.390353999999999,0.035340999999999997,24.140984,1,1
325,3.9087339999999999,0.60804899999999995,22.936969000000001,19.759626000000001,0.042464000000000002,27.681649,1,1
326,3.859845,0.60895600000000005,19.391276000000001,16.229716,0.031988000000000003,24.07638,1,1
327,3.9693580000000002,0.59924900000000003,19.374583999999999,16.225247,0.031918000000000002,24.157188000000001,1,1
328,4.1010799999999996,0.61433499999999996,22.845965,19.659541000000001,0.039949999999999999,27.788996000000001,1,1
329,3.936671,0.63312199999999996,22.938645999999999,19.754946,0.034922000000000002,27.733191999999999,1,1
330,3.9111790000000002,0.63053800000000004,19.528237000000001,16.353897,0.038761999999999998,24.301411999999999,1,1
331,3.8962319999999999,0.626278,23.001014999999999,19.885062000000001,0.033734,27.746113000000001,1,1
332,3.8893879999999998,0.71295200000000003,23.005485,19.837710000000001,0.043233000000000001,27.853670000000001,1,1
333,3.930596,0.61342699999999994,16.301234999999998,13.142189999999999,0.032686,21.063794000000001,1,1
334,3.8323269999999998,0.60804899999999995,22.904143000000001,19.766608999999999,0.031987000000000002,27.563404999999999,1,1
335,3.9247290000000001,0.59477899999999995,22.709772000000001,19.596613000000001,0.032406999999999998,27.440691999999999,1,1
336,3.9031470000000001,0.60693200000000003,19.597451,16.505106000000001,0.037157000000000003,24.326415000000001,1,1
337,3.9250780000000001,0.60316000000000003,25.952069000000002,22.797772999999999,0.038622999999999998,30.705548,1,1
338,3.7864399999999998,0.59868900000000003,12.796329999999999,9.7183720000000005,0.031848000000000001,17.394130000000001,1,1
339,3.7013720000000001,0.59226500000000004,19.267655000000001,16.178103,0.031498999999999999,23.775638000000001,1,1
340,3.542481,0.57906400000000002,19.195578000000001,16.173074,0.035688999999999999,23.532796000000001,1,1
341,3.3733219999999999,0.54777500000000001,19.211711000000001,16.335806999999999,0.032965000000000001,23.329694,1,1
342,3.2771479999999999,0.52682200000000001,25.575339,22.8079,0.031009999999999999,29.585833999999998,1,1
343,3.384916,0.52835900000000002,19.006862999999999,16.273997000000001,0.035758999999999999,23.117581999999999,1,1
344,3.2582909999999998,0.53939300000000001,18.799430999999998,16.086749000000001,0.037086000000000001,22.799520000000001,1,1
345,3.3493659999999998,0.52786999999999995,18.810884999999999,16.098134000000002,0.032336999999999998,22.880606,1,1
346,3.3653599999999999,0.52270099999999997,18.700534000000001,16.028290999999999,0.031918000000000002,22.778845,1,1
347,3.1827909999999999,0.51690400000000003,18.492263000000001,15.905158,0.044350000000000001,22.392478000000001,1,1
348,3.1079910000000002,0.52186299999999997,18.009582999999999,15.450832999999999,0.031289999999999998,21.828011,1,1
349,2.99282,0.48093599999999997,22.686654000000001,20.249361,0.036596999999999998,26.3596,1,1
350,3.0479259999999999,0.47953800000000002,16.994071999999999,14.570608,0.030521,20.701242000000001,1,1
351,2.9170410000000002,0.46501199999999998,16.207576,13.900259999999999,0.030033000000000001,19.771079,1,1
352,2.9609030000000001,0.46277600000000002,16.295159000000002,13.951036,0.030033000000000001,19.892116000000001,1,1
353,2.9637660000000001,0.464592,17.666585000000001,15.473322,0.038273000000000001,21.275417000000001,1,1
354,2.9631370000000001,0.48561399999999999,14.765539,12.575977,0.031009999999999999,18.392040000000001,1,1
355,2.8600490000000001,0.45795799999999998,14.270424999999999,12.128914999999999,0.031288999999999997,17.765343000000001,1,1
356,2.9092180000000001,0.47213500000000003,14.315265,12.142674,0.031220000000000001,17.870037,1,1
357,2.8659159999999999,0.46773500000000001,11.868542,9.7280099999999994,0.031009999999999999,15.385600999999999,1,1
358,3.0132840000000001,0.45251000000000002,19.346577,17.160157999999999,0.031848000000000001,22.989979999999999,1,1
359,2.8653580000000001,0.45579199999999997,11.724736999999999,9.5578040000000009,0.033873,15.222867000000001,1,1
360,3.722604,0.46598899999999999,21.906791999999999,17.954685999999999,0.032406999999999998,26.568847999999999,1,1
361,2.931289,0.48966599999999999,25.769570999999999,23.618632000000002,0.031988000000000003,29.372464999999998,1,1
362,2.9833210000000001,0.48065600000000003,11.851570000000001,9.6668280000000006,0.031009999999999999,15.498116,1,1
363,3.289371,0.501749,16.931982000000001,14.665664,0.037016,20.918312,1,1
364,3.5516299999999998,0.541489,12.216288,9.8767040000000001,0.033384999999999998,16.530108999999999,1,1
365,3.5878779999999999,0.59226500000000004,14.296336999999999,11.973305999999999,0.030941,18.695854000000001,1,1
366,3.744186,0.62544,17.024594,14.608741999999999,0.031918000000000002,21.614502000000002,1,1
367,3.7677930000000002,0.61433499999999996,16.659946000000001,14.284254000000001,0.031498999999999999,21.261099000000002,1,1
368,3.954132,0.61231000000000002,14.277549,11.909749,0.033454999999999999,19.067416000000001,1,1
369,3.8576800000000002,0.61342600000000003,18.646615000000001,16.301234999999998,0.031918000000000002,23.347573000000001,1,1
370,3.760249,0.61454399999999998,14.213364,11.866726,0.031428999999999999,18.831209000000001,1,1
371,3.8013170000000001,0.60728000000000004,11.592805,9.2727760000000004,0.031497999999999998,16.224269,1,1
372,3.8087200000000001,0.64443600000000001,36.668419999999998,34.301668999999997,0.044699000000000003,41.383206999999999,1,1
373,3.8370760000000002,0.64604300000000003,13.906616,11.493278999999999,0.033943000000000001,18.648990000000001,1,1
374,3.7783389999999999,0.60728000000000004,11.765943,9.4774150000000006,0.033383999999999997,16.387072,1,1
375,3.9280110000000001,0.60525499999999999,25.271523999999999,22.906587999999999,0.034292000000000003,30.042534,1,1
376,3.7457220000000002,0.61014400000000002,23.525601999999999,21.216121000000001,0.064813999999999997,36.083001000000003,1,1
377,3.8231769999999998,0.61985199999999996,14.876658000000001,12.449351999999999,0.033314999999999997,19.558689000000001,1,1
378,3.8630580000000001,0.60246200000000005,19.891628000000001,17.427934,0.031988000000000003,24.58623,1,1
379,3.718064,0.60567400000000005,21.413564999999998,18.836727,0.031009999999999999,25.959192999999999,1,1
380,3.7828780000000002,0.62061999999999995,26.323421,23.757059999999999,0.036038000000000001,30.959565999999999,1,1
381,3.7284709999999999,0.61538199999999998,34.829537999999999,32.187047,0.036806999999999999,39.417560000000002,1,1
382,3.7816209999999999,0.60804899999999995,13.810791999999999,11.199661000000001,0.038622999999999998,18.420465,1,1
383,3.8006180000000001,0.61237900000000001,24.787655000000001,22.270672000000001,0.033105000000000002,29.408783,1,1
384,3.9727800000000002,0.61468400000000001,17.330295,14.661263999999999,0.036248000000000002,22.157736,1,1
385,3.7871380000000001,0.59945800000000005,16.966904,14.369949999999999,0.032686,21.568686,1,1
386,3.7294489999999998,0.63989600000000002,29.540855000000001,26.889075999999999,0.039461000000000003,34.148853000000003,1,1
387,3.6940390000000001,0.60490600000000005,14.642196999999999,11.981687000000001,0.031498999999999999,19.152345,1,1
388,3.7251880000000002,0.61985199999999996,21.197752000000001,18.522925000000001,0.038134000000000001,25.768802999999998,1,1
389,3.792656,0.63451900000000006,28.381260000000001,25.623180999999999,0.034361999999999997,33.042478000000003,1,1
390,3.8944869999999998,0.62055099999999996,25.099641999999999,22.351271000000001,0.033383999999999997,29.831609,1,1
391,3.8037610000000002,0.59959799999999996,29.130880000000001,26.354292000000001,0.047632000000000001,33.767862000000001,1,1
392,3.916976,0.61957300000000004,25.215091000000001,22.516867000000001,0.033383999999999997,29.972481999999999,1,1
393,4.0915819999999998,0.64911600000000003,21.856715999999999,19.174344999999999,0.032615999999999999,26.808337999999999,1,1
394,3.900563,0.60630200000000001,18.968378999999999,16.209461999999998,0.031848000000000001,23.687217,1,1
395,3.9425379999999999,0.60553400000000002,19.120705999999998,16.271622000000001,0.037644999999999998,23.906172999999999,1,1
396,3.9172560000000001,0.60567400000000005,18.650876,15.902295000000001,0.041347000000000002,23.395555000000002,1,1
397,4.0896270000000001,0.62404300000000001,25.252666999999999,22.476987000000001,0.039739999999999998,30.187875999999999,1,1
398,3.8905050000000001,0.61663900000000005,18.729797999999999,16.022144999999998,0.031498999999999999,23.456945999999999,1,1
399,4.2323149999999998,0.60832799999999998,22.128402999999999,19.400494999999999,0.037504999999999997,27.194078000000001,1,1
400,3.9023089999999998,0.61789700000000003,18.997783999999999,16.250668999999998,0.041487000000000003,23.751681999999999,1,1
401,3.9420489999999999,0.60343899999999995,22.184486,19.486191999999999,0.035270000000000003,26.951025999999999,1,1
402,3.9813700000000001,0.61796600000000002,19.076076,16.296137000000002,0.039949999999999999,23.904637000000001,1,1
403,3.9808110000000001,0.64150300000000005,18.979275999999999,16.223431000000001,0.033384999999999998,23.828787999999999,1,1
404,3.8821249999999998,0.60734999999999995,18.522853999999999,15.837341,0.031708,23.231494999999999,1,1
405,3.9181629999999998,0.63591600000000004,18.736782999999999,16.026544999999999,0.031428999999999999,23.506675000000001,1,1
406,3.9707539999999999,0.63905800000000001,24.623805000000001,21.848265000000001,0.036946,29.462841000000001,1,1
407,3.9426079999999999,0.62585800000000003,41.546289000000002,38.808323999999999,0.032896000000000002,46.333362000000001,1,1
408,3.9212359999999999,0.630328,18.922841999999999,16.184878000000001,0.031009999999999999,23.692734999999999,1,1
409,4.0462540000000002,0.63856900000000005,18.656673000000001,15.903691,0.031708,23.554936000000001,1,1
410,3.8421750000000001,0.64094399999999996,15.784471,13.004181000000001,0.039182000000000002,20.489968000000001,1,1
411,3.9234019999999998,0.61363599999999996,15.654145,12.921137999999999,0.031219,20.406786,1,1
412,3.8358889999999999,0.61000399999999999,18.780992000000001,16.005870999999999,0.033804000000000001,23.444583999999999,1,1
413,3.880728,0.60818799999999995,18.859216,16.124813,0.031988000000000003,23.567647000000001,1,1
414,3.895953,0.59862000000000004,18.830719999999999,16.095967999999999,0.036806999999999999,23.542852,1,1
415,3.9724309999999998,0.609236,28.125288000000001,25.386485,0.032895000000000001,32.929473000000002,1,1
416,3.863756,0.61189000000000004,18.744465000000002,15.959496,0.031009999999999999,23.432082999999999,1,1
417,3.9481959999999998,0.61817500000000003,18.586970000000001,15.835456000000001,0.032406999999999998,23.382355,1,1
418,3.9278710000000001,0.60567400000000005,15.694653000000001,12.959830999999999,0.038831999999999998,20.453999,1,1
419,3.871229,0.62997899999999996,25.309099,22.415665000000001,0.035270999999999997,30.040787000000002,1,1
420,3.9703360000000001,0.59631599999999996,15.585978000000001,12.779638,0.032826000000000001,20.372074000000001,1,1
421,3.929338,0.60274000000000005,21.729602,18.959160000000001,0.033384999999999998,26.476167,1,1
422,3.8238759999999998,0.63221400000000005,15.193462999999999,12.46842,0.034852000000000001,19.868230000000001,1,1
423,3.9396740000000001,0.59771200000000002,18.644030999999998,15.848376,0.032686,23.400932999999998,1,1
424,3.8443390000000002,0.62180800000000003,24.616052,21.822423000000001,0.033314999999999997,29.297664000000001,1,1
425,4.0268379999999997,0.60371799999999998,29.713716000000002,27.007528000000001,0.033384999999999998,34.561900999999999,1,1
426,3.8830330000000002,0.60085500000000003,14.549586,11.871895,0.039112000000000001,19.258434999999999,1,1
427,3.7238609999999999,0.62753499999999995,17.761571,15.265401000000001,0.032476999999999999,22.334786999999999,1,1
428,3.7908400000000002,0.58975,19.672810999999999,17.339513,0.031918000000000002,24.265024,1,1
429,3.7618550000000002,0.59016900000000005,10.125064,7.9348049999999999,0.031009999999999999,14.688852000000001,1,1
430,3.9969459999999999,0.59875999999999996,10.713836000000001,8.6108100000000007,0.032896000000000002,15.52298,1,1
431,3.851464,0.62676699999999996,21.532926,19.505607999999999,0.058178000000000001,31.725877000000001,1,1
432,3.8655719999999998,0.62711499999999998,20.70166,18.761856000000002,0.065092999999999998,30.744242,1,1
433,4.0425529999999998,0.61531199999999997,10.326699,8.2571969999999997,0.031709000000000001,15.199749000000001,1,1
434,3.850625,0.60846800000000001,7.990958,6.0155329999999996,0.030521,12.660696,1,1
435,4.0615490000000003,0.599109,8.0337709999999998,6.0427020000000002,0.030591,12.90738,1,1
436,3.9470779999999999,0.59785100000000002,30.795155999999999,28.697019000000001,0.060623999999999997,40.739607999999997,1,1
437,3.9562970000000002,0.62299499999999997,11.135965000000001,9.062621,0.031988000000000003,15.935051,1,1
438,3.8807969999999998,0.61622100000000002,8.0351680000000005,5.9564459999999997,0.030521,12.744786,1,1
439,3.9402330000000001,0.61070199999999997,9.3901120000000002,7.3206100000000003,0.030522000000000001,14.154836,1,1
440,3.7967770000000001,0.62208699999999995,22.476707999999999,20.322904999999999,0.036806999999999999,27.134922,1,1
441,3.8471340000000001,0.60176300000000005,20.584326000000001,18.404959999999999,0.033314999999999997,25.250502000000001,1,1
442,3.8721369999999999,0.59624600000000005,6.9030209999999999,4.7819750000000001,0.031498999999999999,11.585191,1,1
443,3.8080919999999998,0.60302,6.9977270000000003,4.8347059999999997,0.031918000000000002,11.627725999999999,1,1
444,3.8080219999999998,0.59952799999999995,15.230200999999999,13.034354,0.031498999999999999,19.847697,1,1
445,3.8222,0.59855000000000003,12.179690000000001,10.007728999999999,0.030102,16.811295000000001,1,1
446,3.7951700000000002,0.59973699999999996,28.091694,25.885020999999998,0.039948999999999998,32.712612,1,1
447,3.801736,0.60567400000000005,12.243805999999999,10.005494000000001,0.031988000000000003,16.871848,1,1
448,4.0380830000000003,0.61621999999999999,7.4388529999999999,5.186712,0.031009999999999999,12.305267000000001,1,1
449,3.9718719999999998,0.605325,9.1379110000000008,6.909097,0.030521,13.925753,1,1
450,3.8185669999999998,0.60176300000000005,10.612076,8.3333259999999996,0.030939999999999999,15.248779000000001,1,1
451,3.6752509999999998,0.60218099999999997,9.0522840000000002,6.7969309999999998,0.04428,13.56362,1,1
452,4.0046280000000003,0.609236,13.66545,11.379085999999999,0.047284,18.562525000000001,1,1
453,3.7550810000000001,0.61517299999999997,10.561090999999999,8.2640410000000006,0.040439000000000003,15.166853,1,1
454,3.7040959999999998,0.60155400000000003,10.121153,7.8491080000000002,0.045328,14.664896000000001,1,1
455,3.801107,0.61195999999999995,11.640437,9.4937579999999997,0.043790999999999997,16.296904999999999,1,1
456,3.685937,0.60881700000000005,8.4100830000000002,6.2319750000000003,0.033314999999999997,12.927004999999999,1,1
457,10.199726999999999,0.60609299999999999,12.595952,7.6738030000000004,0.046376000000000001,23.940186000000001,1,1
458,3.6962739999999998,0.64492499999999997,10.011151,7.8458949999999996,0.036457999999999997,14.607415,1,1
459,3.7749160000000002,0.60993399999999998,8.3665009999999995,6.1895110000000004,0.031009999999999999,12.96926,1,1
460,3.7806440000000001,0.61209999999999998,8.435924,6.2989540000000002,0.031708,13.039103000000001,1,1
461,3.6886610000000002,0.59813099999999997,9.9851700000000001,7.8825620000000001,0.037016,14.497972000000001,1,1
462,3.7059120000000001,0.61538300000000001,6.8341570000000003,4.6965570000000003,0.030242000000000002,11.366515,1,1
463,3.8443390000000002,0.61482400000000004,14.78237,12.650708,0.031220000000000001,19.472922000000001,1,1
464,3.7667449999999998,0.59848000000000001,6.8922660000000002,4.7274979999999998,0.029614000000000001,11.468135,1,1
465,3.7434180000000001,0.601414,8.4404640000000004,6.2803060000000004,0.048260999999999998,13.023109,1,1
466,3.7619259999999999,0.59889899999999996,11.675846999999999,9.5060500000000001,0.030591,16.248712999999999,1,1
467,3.8520219999999998,0.60211199999999998,8.6371400000000005,6.4447150000000004,0.031498999999999999,13.327133,1,1
468,3.7758940000000001,0.60588399999999998,10.407158000000001,8.1987389999999998,0.034782,15.006145999999999,1,1
469,3.7780589999999998,0.60183200000000003,14.840968,12.692754000000001,0.031918000000000002,19.437093000000001,1,1
470,3.8281360000000002,0.61985199999999996,11.214397,9.1196129999999993,0.030800999999999999,15.878549,1,1
471,3.8541180000000002,0.63032900000000003,11.105024,9.0304929999999999,0.037296000000000003,15.813105999999999,1,1
472,3.8624990000000001,0.60134299999999996,10.731926,8.6619340000000005,0.032476999999999999,15.412839,1,1
473,5.6598249999999997,0.59764200000000001,9.9417980000000004,7.2042520000000003,0.031918000000000002,16.888190999999999,1,1
474,3.7969170000000001,0.59177500000000005,14.131857999999999,12.0604,0.037156000000000002,18.744744000000001,1,1
475,3.871089,0.60343899999999995,13.222159,11.200150000000001,0.036108000000000001,17.928564999999999,1,1
476,3.8007580000000001,0.61342699999999994,7.578119,5.5116899999999998,0.030522000000000001,12.213005000000001,1,1
477,3.7760340000000001,0.61761699999999997,5.9498810000000004,3.9499409999999999,0.030032,10.568425,1,1
478,3.8435709999999998,0.60951500000000003,8.2243709999999997,6.2632649999999996,0.035829,12.921348,1,1
479,3.6792319999999998,0.59896899999999997,8.6390259999999994,6.6818999999999997,0.029963,13.129897,1,1
480,3.7542430000000002,0.59428999999999998,8.6316229999999994,6.6951700000000001,0.030591,13.189194000000001,1,1
481,3.6834920000000002,0.61007400000000001,9.9824459999999995,8.0865030000000004,0.029543,14.484213,1,1
482,3.7008830000000001,0.63284300000000004,14.422682,12.523873999999999,0.032896000000000002,18.971523000000001,1,1
483,6.9521899999999999,0.60469600000000001,15.378266999999999,11.414287,0.030939999999999999,23.472731,1,1
484,3.6556250000000001,0.59450000000000003,10.987619,9.1680130000000002,0.037714999999999999,15.474299999999999,1,1
485,3.7982429999999998,0.60679099999999997,9.2228399999999997,7.4207640000000001,0.032405999999999997,13.84271,1,1
486,3.739087,0.59792199999999995,12.681787999999999,10.858411,0.031009999999999999,17.228394000000002,1,1
487,3.7103120000000001,0.59966799999999998,8.0429910000000007,6.3027249999999997,0.030591,12.562707,1,1
488,3.8418960000000002,0.59561699999999995,9.3333309999999994,7.5466199999999999,0.030452,13.979741000000001,1,1
489,3.8273679999999999,0.64290000000000003,7.9082650000000001,6.1318910000000004,0.03108,12.601051,1,1
490,3.7652079999999999,0.60001700000000002,7.610805,5.8935180000000003,0.043930999999999998,12.20665,1,1
491,3.7399249999999999,0.61985299999999999,8.9505929999999996,7.1622070000000004,0.053428999999999997,13.578915,1,1
492,3.8944869999999998,0.64303999999999994,9.2412080000000003,7.422161,0.034083000000000002,14.008236,1,1
493,3.850276,0.60853699999999999,16.410748999999999,14.629555999999999,0.055245000000000002,25.223333,1,1
494,3.9437250000000001,0.61573199999999995,7.8487580000000001,6.0790199999999999,0.031220000000000001,12.619488,1,1
495,3.7713540000000001,0.60867700000000002,9.5675810000000006,7.7403620000000002,0.030032,14.166639999999999,1,1
496,3.7772209999999999,0.59729299999999996,11.978615,10.146786000000001,0.046725000000000003,21.009665999999999,1,1
497,3.7551510000000001,0.61384499999999997,14.160144000000001,12.274048000000001,0.057619999999999998,23.302385000000001,1,1
498,3.916417,0.63458899999999996,12.857931000000001,10.972184,0.031009999999999999,17.631734000000002,1,1
499,3.731614,0.60253100000000004,9.8815240000000006,8.0146339999999991,0.030521,14.430783999999999,1,1
500,3.7077979999999999,0.60197199999999995,6.9945839999999997,5.1913919999999996,0.029613,11.516467,1,1
501,3.8224100000000001,0.61335700000000004,16.605329000000001,14.752338999999999,0.031009999999999999,21.257328000000001,1,1
502,3.7251189999999998,0.60469600000000001,13.204071000000001,11.423436000000001,0.031009999999999999,17.769185,1,1
503,4.0050480000000004,0.62676600000000005,10.821603,9.037547,0.036806999999999999,15.70485,1,1
504,3.682375,0.61782599999999999,13.201625999999999,11.591407999999999,0.053849000000000001,21.348541999999998,1,1
505,3.7997109999999998,0.61573199999999995,14.970806,13.284808999999999,0.031708,19.607158999999999,1,1
506,3.8480409999999998,0.61091300000000004,9.9729480000000006,8.3775359999999992,0.031009999999999999,14.64967,1,1
507,3.8173110000000001,0.59945800000000005,12.253933999999999,10.694210999999999,0.047142999999999997,20.206896,1,1
508,3.725886,0.60504599999999997,11.819024000000001,10.254761999999999,0.054337999999999997,19.812215999999999,1,1
509,3.7689089999999998,0.61112100000000003,14.766586,13.163841,0.071448999999999999,22.869501,1,1
510,3.5306069999999998,0.58053100000000002,19.091861000000002,17.516912999999999,0.071587999999999999,27.004315999999999,1,1
511,3.3188439999999999,0.57312700000000005,10.474766000000001,8.9828609999999998,0.04854,14.589815,1,1
512,3.1737820000000001,0.52332999999999996,12.960808999999999,11.537419999999999,0.041137,16.862908999999998,1,1
513,3.0940210000000001,0.51550700000000005,15.31066,13.815401,0.063906000000000004,22.732330999999999,1,1
514,3.2010209999999999,0.51983699999999999,27.865334000000001,26.357154999999999,0.066699999999999995,35.388905999999999,1,1
515,3.265136,0.52619400000000005,17.117692999999999,15.632422999999999,0.049238999999999998,24.721235,1,1
516,3.3189139999999999,0.55140599999999995,31.787268999999998,30.315897,0.061043,39.529727000000001,1,1
517,3.3615179999999998,0.57689900000000005,26.691700999999998,25.104880000000001,0.049238999999999998,33.839449999999999,1,1
518,3.4951279999999998,0.57012399999999996,28.775731,27.222784000000001,0.048330999999999999,36.024403,1,1
519,3.5520489999999998,0.57941299999999996,27.668099000000002,26.036090000000002,0.056781999999999999,35.152279999999998,1,1
520,3.7204389999999998,0.60972499999999996,23.029230999999999,21.411819000000001,0.051963000000000002,30.683617999999999,1,1
521,3.8323269999999998,0.61517200000000005,24.885435000000001,23.240573999999999,0.059644999999999997,32.780358999999997,1,1
522,3.9693580000000002,0.61503300000000005,17.592272999999999,15.946923999999999,0.059087000000000001,25.515764000000001,1,1
523,3.9450530000000001,0.63354100000000002,18.359214000000001,16.713376,0.049658000000000001,26.977426999999999,1,1
524,3.9352049999999998,0.61985199999999996,18.101495,16.459848000000001,0.047282999999999999,25.858481000000001,1,1
525,3.9604170000000001,0.64010599999999995,23.026506999999999,21.439406999999999,0.055385999999999998,30.786356000000001,1,1
526,3.871788,0.61168100000000003,21.946812000000001,20.324442000000001,0.036667999999999999,26.650632999999999,1,1
527,3.8616609999999998,0.61244900000000002,10.981054,9.4026840000000007,0.032756,15.671047,1,1
528,3.9103400000000001,0.61559200000000003,13.443141000000001,11.825729000000001,0.031009999999999999,18.202276999999999,1,1
529,3.9683099999999998,0.60064499999999998,14.68501,13.069483999999999,0.031219,19.471385999999999,1,1
530,4.0374549999999996,0.61035399999999995,13.50118,11.906257,0.030521,18.360890000000001,1,1
531,3.918164,0.63109599999999999,16.757446000000002,15.164199999999999,0.038622999999999998,21.533135000000001,1,1
532,3.9950589999999999,0.61230899999999999,13.511028,11.887679,0.047143999999999998,18.353625999999998,1,1
533,3.8753489999999999,0.61985199999999996,14.555732000000001,12.921348,0.031009999999999999,19.268073999999999,1,1
534,3.9716619999999998,0.60385800000000001,15.524516999999999,13.894114,0.032896000000000002,20.333801000000001,1,1
535,4.0123800000000003,0.61740799999999996,16.882814,15.231178,0.031849000000000002,21.739170000000001,1,1
536,4.0414349999999999,0.60567400000000005,20.379268,18.700044999999999,0.037784999999999999,25.25141,1,1
537,3.8647339999999999,0.61580100000000004,20.014201,18.429334999999998,0.038274000000000002,24.718162,1,1
538,3.8826830000000001,0.59799199999999997,13.583804000000001,11.98043,0.040508000000000002,18.288672999999999,1,1
539,3.8583789999999998,0.61272800000000005,11.703435000000001,10.172348,0.031150000000000001,16.390075,1,1
540,3.9325510000000001,0.59736299999999998,12.710284,11.139108,0.031498999999999999,17.458245999999999,1,1
541,3.9511980000000002,0.63277300000000003,16.016418000000002,14.365271999999999,0.036736999999999999,20.829892000000001,1,1
542,3.89777,0.62837299999999996,17.391895000000002,15.809264000000001,0.032406999999999998,22.137830999999998,1,1
543,3.9065699999999999,0.60672099999999995,15.611192000000001,13.99357,0.031498999999999999,20.341134,1,1
544,3.9683799999999998,0.61195999999999995,10.093705,8.4605779999999999,0.031918000000000002,14.886437000000001,1,1
545,3.892531,0.60637200000000002,9.9218229999999998,8.1856779999999993,0.031009999999999999,14.638146000000001,1,1
546,3.9316430000000002,0.60651200000000005,16.602046999999999,14.847184,0.038134000000000001,21.363139,1,1
547,3.8986079999999999,0.63256299999999999,20.203824000000001,18.386102999999999,0.034292999999999997,24.963379,1,1
548,3.8747910000000001,0.63123600000000002,14.917236000000001,13.168030999999999,0.035200000000000002,19.645712,1,1
549,3.9647480000000002,0.61677899999999997,12.069758999999999,10.239815,0.044209999999999999,16.882604000000001,1,1
550,4.4130669999999999,0.61607999999999996,16.789014999999999,13.691711,0.03108,22.210189,1,1
551,3.9753639999999999,0.61063299999999998,11.628075000000001,9.8554729999999999,0.042882999999999998,16.450838000000001,1,1
552,3.9159989999999998,0.60783900000000002,22.306222000000002,20.598013999999999,0.031009999999999999,27.040704000000002,1,1
553,3.8025739999999999,0.60930600000000001,12.186534999999999,10.500608,0.032405999999999997,16.810386999999999,1,1
554,3.7886060000000001,0.60015700000000005,10.990551999999999,9.3783089999999998,0.035270000000000003,15.58996,1,1
555,3.735455,0.59771200000000002,10.625067,9.0355910000000002,0.030311999999999999,15.174187,1,1
556,3.8542580000000002,0.59617600000000004,9.1618670000000009,7.6326650000000003,0.034361999999999997,13.827484,1,1
557,3.9001440000000001,0.64373800000000003,7.668984,6.1311920000000004,0.031988000000000003,12.451029,1,1
558,3.9297569999999999,0.60979499999999998,9.3395460000000003,7.8209609999999996,0.031918000000000002,14.089394,1,1
559,3.9379279999999999,0.60134299999999996,6.8433060000000001,5.3314950000000003,0.030521,11.595179,1,1
560,3.8559329999999998,0.60392800000000002,8.1735959999999999,6.7063449999999998,0.029404,12.848363000000001,1,1
561,3.9352049999999998,0.60036599999999996,16.844609999999999,15.345300999999999,0.032896000000000002,21.598229,1,1
562,3.8647339999999999,0.61014400000000002,11.842840000000001,10.347163,0.030521,16.533881000000001,1,1
563,3.9292690000000001,0.617058,11.053829,9.5916069999999998,0.037504999999999997,15.836993,1,1
564,4.0220190000000002,0.60902699999999999,13.181721,11.674519999999999,0.033804000000000001,18.037310000000002,1,1
565,3.905592,0.62732600000000005,17.334693999999999,15.858783000000001,0.032405999999999997,22.090478000000001,1,1
566,3.9035660000000001,0.60916599999999999,9.730105,8.2488159999999997,0.031778000000000001,14.457324,1,1
567,3.9803929999999998,0.63123700000000005,11.086796,9.6162620000000008,0.052102999999999997,18.623497,1,1
568,3.9775290000000001,0.64268999999999998,17.124328999999999,15.601343,0.055246000000000003,24.731083000000002,1,1
569,3.880099,0.61461399999999999,20.346371999999999,18.860264000000001,0.032197000000000003,25.058154999999999,1,1
570,3.8861759999999999,0.61468400000000001,11.727321,10.313639,0.030939999999999999,16.440152000000001,1,1
571,6.9826420000000002,0.60651200000000005,12.624936,11.150771000000001,0.031988000000000003,20.428785999999999,1,1
572,3.7784089999999999,0.61035300000000003,16.050360999999999,13.614046,0.0528,22.962741000000001,1,1
573,3.7881860000000001,0.60490600000000005,9.1520890000000001,7.5990710000000004,0.054337000000000003,16.589545000000001,1,1
574,3.801526,0.62907100000000005,13.806322,12.337675000000001,0.048260999999999998,21.192862999999999,1,1
575,3.7876970000000001,0.61880400000000002,6.6481659999999998,5.1566099999999997,0.045187999999999999,14.124105999999999,1,1
576,3.7742879999999999,0.61286799999999997,17.035978,15.542116999999999,0.044978999999999998,23.982721000000002,1,1
577,3.8680159999999999,0.595966,13.257709,11.782425999999999,0.046306,20.217372999999998,1,1
578,3.863826,0.60225200000000001,19.266537,17.700320000000001,0.053849000000000001,26.334036999999999,1,1
579,3.764999,0.63829000000000002,22.526085999999999,21.015951999999999,0.047003999999999997,30.057690000000001,1,1
580,3.8083010000000002,0.60825799999999997,11.406884,9.8880199999999991,0.045955999999999997,18.87067,1,1
581,3.9016109999999999,0.60134299999999996,65.409718999999996,63.916066999999998,0.0018860000000000001,70.101456999999996,0,0
582,3.8499270000000001,0.62103900000000001,50.067421000000003,48.544854999999998,0.038064000000000001,54.810004999999997,1,1
583,3.8843589999999999,0.63200500000000004,8.2668350000000004,6.5715490000000001,0.034712,13.011374999999999,1,1
584,3.8574700000000002,0.63528700000000005,10.416726000000001,8.9372530000000001,0.030521,15.122223999999999,1,1
585,4.0526099999999996,0.60874700000000004,3.9217249999999999,2.36347,0.030591,8.8088130000000007,1,1
586,3.821431,0.60539399999999999,30.081855000000001,28.632624,0.052520999999999998,37.418807999999999,1,1
587,3.8942770000000002,0.609375,10.520652999999999,9.0689759999999993,0.030939999999999999,15.241096000000001,1,1
588,3.9224939999999999,0.60825799999999997,9.5384569999999993,8.0604510000000005,0.051893000000000002,17.208769,1,1
589,3.9148800000000001,0.60728000000000004,20.911187999999999,19.442191000000001,0.055663999999999998,27.883354000000001,1,1
590,3.9474969999999998,0.63521700000000003,13.824132000000001,12.40598,0.047423,20.880317999999999,1,1
591,3.895953,0.60420700000000005,18.181464999999999,16.776374000000001,0.055735,25.778649999999999,1,1
592,3.9817900000000002,0.62222599999999995,13.76295,12.275585,0.044139999999999999,20.949950999999999,1,1
593,4.0513529999999998,0.61552200000000001,12.872178999999999,11.409119,0.053989000000000002,20.167715000000001,1,1
594,3.9894020000000001,0.61160999999999999,13.02716,11.535392999999999,0.048051000000000003,20.282326999999999,1,1
595,3.999879,0.62480999999999998,12.363166,10.878874,0.043791999999999998,19.680284,1,1
596,3.9782980000000001,0.63577600000000001,9.9934820000000002,8.4841160000000002,0.044420000000000001,17.400345999999999,1,1
597,3.7884660000000001,0.61182000000000003,20.665692,19.175602999999999,0.044769000000000003,28.384124,1,1
598,4.0389210000000002,0.62201700000000004,9.8238339999999997,8.3364689999999992,0.054685999999999998,17.21687,1,1
599,3.9335290000000001,0.60881700000000005,10.817064,9.3417110000000001,0.045816999999999997,18.079284999999999,1,1
600,3.8852669999999998,0.63186500000000001,9.9537410000000008,8.4406040000000004,0.045258,17.283919000000001,1,1
601,3.8622190000000001,0.63186500000000001,17.079281000000002,15.585489000000001,0.045258,25.177446,1,1
602,3.9297569999999999,0.60728099999999996,11.966321000000001,10.426994000000001,0.044978999999999998,19.557639999999999,1,1
603,3.9719419999999999,0.60804899999999995,11.046077,9.4797899999999995,0.035061000000000002,15.849424000000001,1,1
604,3.8539080000000001,0.63521700000000003,9.7934520000000003,8.2342890000000004,0.030521,14.500906000000001,1,1
605,3.928779,0.60567400000000005,10.272990999999999,8.731427,0.031009999999999999,15.026889000000001,1,1
606,3.8601939999999999,0.60490500000000003,11.074503999999999,9.5365020000000005,0.029753000000000002,15.755277,1,1
607,3.8364470000000002,0.60707100000000003,12.910591999999999,11.374337000000001,0.031009999999999999,17.569645000000001,1,1
608,3.9728500000000002,0.61859399999999998,13.933017,12.386424,0.030591,18.735804000000002,1,1
609,3.859216,0.60853800000000002,15.941337000000001,14.364504,0.060762999999999998,24.122895,1,1
610,3.8572600000000001,0.64024599999999998,16.210021000000001,14.657074,0.036666999999999998,20.940802000000001,1,1
611,3.945471,0.62285500000000005,8.4225139999999996,6.9071420000000003,0.030800999999999999,13.211055,1,1
612,3.8556539999999999,0.60665199999999997,30.081645999999999,28.571162000000001,0.054546999999999998,37.891153000000003,1,1
613,3.7490739999999998,0.640316,8.2170369999999995,6.6646479999999997,0.030522000000000001,12.835162,1,1
614,3.801806,0.60274000000000005,9.1728319999999997,7.6601140000000001,0.037226000000000002,13.802341,1,1
615,3.8001999999999998,0.69591000000000003,10.642248,9.1604010000000002,0.031988000000000003,15.391327,1,1
616,3.7862309999999999,0.61580199999999996,8.8079750000000008,7.3130670000000002,0.030033000000000001,13.421559,1,1
617,3.7823899999999999,0.61049299999999995,14.387691,12.901513,0.050985000000000003,22.087266,1,1
618,3.8949060000000002,0.61042399999999997,10.838366000000001,9.3349360000000008,0.031009999999999999,15.559227999999999,1,1
619,3.726585,0.61475400000000002,22.933826,21.451419999999999,0.050985000000000003,30.654354000000001,1,1
620,3.8081619999999998,0.60721099999999995,15.311705999999999,13.720554999999999,0.054966000000000001,23.092927,1,1
621,3.7982429999999998,0.61440399999999995,7.9562460000000002,6.4855729999999996,0.03108,12.591901,1,1
622,3.7424400000000002,0.59282299999999999,8.749727,7.2743739999999999,0.030939999999999999,13.298847,1,1
623,3.8161930000000002,0.622506,24.556405999999999,23.059124000000001,0.062508999999999995,32.262965999999999,1,1
624,3.7364329999999999,0.61168100000000003,31.880928000000001,30.383505,0.037226000000000002,36.453795,1,1
625,3.842943,0.61405500000000002,19.406362000000001,17.841472,0.031009999999999999,24.082666,1,1
626,3.8198949999999998,0.60742099999999999,19.556244,18.022503,0.031009999999999999,24.195461000000002,1,1
627,3.7552910000000002,0.60728099999999996,10.660966,9.1650089999999995,0.030521,15.241794000000001,1,1
628,3.7059120000000001,0.60539500000000002,6.5642149999999999,5.0475859999999999,0.029613,11.083024,1,1
629,3.7200199999999999,0.60413700000000004,9.1434979999999992,7.6326650000000003,0.036178000000000002,13.68759,1,1
630,3.681187,0.61342600000000003,9.903454,8.4022600000000001,0.032336999999999998,14.415418000000001,1,1
631,3.7822499999999999,0.59819999999999995,7.7632019999999997,6.333736,0.031497999999999998,12.354227,1,1
632,3.6758799999999998,0.58953999999999995,11.394591,9.9916649999999994,0.031428999999999999,15.879246999999999,1,1
633,3.763601,0.60490600000000005,11.389074000000001,9.9575820000000004,0.031498999999999999,15.965712,1,1
634,3.831629,0.59743299999999999,13.336702000000001,11.843818000000001,0.031009999999999999,17.978154,1,1
635,3.8318379999999999,0.61237900000000001,12.661534,11.204549999999999,0.036666999999999998,17.326453000000001,1,1
636,4.0190159999999997,0.64143399999999995,9.3344480000000001,7.9257249999999999,0.033383999999999997,14.21951,1,1
637,3.699557,0.61761699999999997,8.3885009999999998,7.009112,0.045468000000000001,12.937550999999999,1,1
638,3.7240709999999999,0.60309000000000001,11.118853,9.8159410000000005,0.030521,15.659592,1,1
639,3.731614,0.63822000000000001,8.4824389999999994,7.1434889999999998,0.030033000000000001,13.06662,1,1
640,3.800548,0.58716599999999997,13.580382,12.244854,0.032476999999999999,18.178951000000001,1,1
641,3.752148,0.59638500000000005,10.272012999999999,8.9295709999999993,0.031779000000000002,14.835940000000001,1,1
642,3.7720530000000001,0.61461299999999996,11.579045000000001,10.224311,0.03576,16.200731999999999,1,1
643,6.5375360000000002,0.61202900000000005,5.9060189999999997,4.601362,0.031498999999999999,13.569626,1,1
644,3.7755450000000002,0.60127399999999998,7.1215580000000003,5.8009069999999996,0.031009999999999999,11.718590000000001,1,1
645,4.0686730000000004,0.61237900000000001,7.7559380000000004,6.4315150000000001,0.030521,12.657482999999999,1,1
646,3.7079369999999998,0.62460199999999999,8.4394159999999996,7.1255389999999998,0.030939999999999999,12.98218,1,1
647,3.6348829999999999,0.59980800000000001,7.0291569999999997,5.6876930000000003,0.031009999999999999,11.483431,1,1
648,3.6842609999999998,0.59834100000000001,8.114649,6.7855460000000001,0.030521,12.610199,1,1
649,3.6737839999999999,0.58521000000000001,8.0336320000000008,6.7016650000000002,0.032965000000000001,12.520103000000001,1,1
650,7.3460320000000001,0.605325,9.3893439999999995,7.9929129999999997,0.036736999999999999,17.576909000000001,1,1
651,3.7930760000000001,0.59945800000000005,7.4033730000000002,6.1119849999999998,0.030731000000000001,12.005853,1,1
652,3.6619109999999999,0.60944600000000004,5.9586810000000003,4.6292289999999996,0.030521,10.441940000000001,1,1
653,3.6709209999999999,0.61098200000000003,6.332268,5.0519860000000003,0.031009999999999999,10.827470999999999,1,1
654,3.806136,0.57920400000000005,7.1049360000000004,5.7545320000000002,0.029125000000000002,11.702457000000001,1,1
655,3.8242250000000002,0.59338199999999997,6.2339310000000001,4.8880650000000001,0.030102,10.869865000000001,1,1
656,3.8043900000000002,0.60825799999999997,10.473089999999999,9.1212879999999998,0.031988000000000003,15.101551000000001,1,1
657,3.8006880000000001,0.62362399999999996,8.0374730000000003,6.7015960000000003,0.031289999999999998,12.678853999999999,1,1
658,3.7893729999999999,0.61636000000000002,7.0973920000000001,5.7041750000000002,0.033944000000000002,11.727321,1,1
659,3.706191,0.60113499999999997,5.5320130000000001,4.2117810000000002,0.031988000000000003,10.058016,1,1
660,4.502815,0.59582599999999997,14.515083000000001,10.752668999999999,0.039530999999999997,20.205569000000001,1,1
661,3.7869290000000002,0.59785100000000002,8.3084620000000005,6.950933,0.030033000000000001,12.907938,1,1
662,3.7184140000000001,0.59498799999999996,6.3309420000000003,4.9618900000000004,0.030102,10.856316,1,1
663,3.8039710000000002,0.58933100000000005,9.8570089999999997,8.4775500000000008,0.04002,14.474086,1,1
664,3.9681000000000002,0.59792199999999995,8.6633320000000005,7.2386150000000002,0.030522000000000001,13.442442,1,1
665,3.7981739999999999,0.62215699999999996,7.5982329999999996,6.1359409999999999,0.034292000000000003,12.238359000000001,1,1
666,3.8009680000000001,0.63759200000000005,9.7277310000000003,8.1855390000000003,0.030521,14.378332,1,1
667,3.7015120000000001,0.60686099999999998,10.501514999999999,8.9248910000000006,0.029125000000000002,15.01327,1,1
668,3.7169469999999998,0.62362399999999996,12.920788999999999,11.346679,0.030521,17.481013999999998,1,1
669,3.718553,0.59813099999999997,12.532045999999999,10.943758000000001,0.030102,17.063006999999999,1,1
670,3.7304270000000002,0.61133199999999999,13.007185,11.378038,0.031918000000000002,17.561263,1,1
671,3.7964280000000001,0.60343899999999995,12.922675,11.295764,0.033873,17.539332999999999,1,1
672,3.7595510000000001,0.67265299999999995,13.932598,12.310784999999999,0.032896000000000002,18.602893999999999,1,1
673,3.9583930000000001,0.61223899999999998,11.259866000000001,9.6754189999999998,0.031009999999999999,16.056018000000002,1,1
674,3.7381090000000001,0.596943,9.7090130000000006,8.1050799999999992,0.029614000000000001,14.267352000000001,1,1
675,3.8386119999999999,0.60008700000000004,9.7613249999999994,8.1228909999999992,0.029822999999999999,14.408643,1,1
676,3.7902819999999999,0.60783900000000002,9.5256769999999999,7.9232100000000001,0.030939999999999999,14.138004,1,1
677,3.7863009999999999,0.59855000000000003,8.723395,7.1589939999999999,0.03576,13.322663,1,1
678,3.6674289999999998,0.64080499999999996,7.7853409999999998,6.1977520000000004,0.032686,12.309877,1,1
679,3.6746919999999998,0.60853699999999999,12.371059000000001,10.8142,0.030731000000000001,16.863886000000001,1,1
680,3.7215560000000001,0.63284200000000002,7.3658679999999999,5.8433710000000003,0.030033000000000001,11.928815999999999,1,1
681,3.9796939999999998,0.60930600000000001,10.699797999999999,9.145384,0.030521,15.498745,1,1
682,3.7253980000000002,0.60253100000000004,18.883731000000001,17.362212,0.030800999999999999,23.428031000000001,1,1
683,3.9063599999999998,0.63661400000000001,15.257229000000001,13.734874,0.031988000000000003,20.042348,1,1
684,3.7417410000000002,0.62201700000000004,16.015789000000002,14.455997,0.037156000000000002,20.622948000000001,1,1
685,3.8039710000000002,0.61328700000000003,9.2468649999999997,7.677854,0.030102,13.886431999999999,1,1
686,3.7497729999999998,0.60057499999999997,15.250525,13.707215,0.030522000000000001,19.812495999999999,1,1
687,3.698788,0.62578900000000004,14.493781,12.937901,0.034361999999999997,19.044089,1,1
688,3.7250489999999998,0.61098200000000003,8.6281300000000005,7.0615639999999997,0.030032,13.189194000000001,1,1
689,3.8550949999999999,0.60078500000000001,10.209085,8.6916180000000001,0.030311000000000001,14.881757,1,1
690,3.8324660000000002,0.61140099999999997,8.2721440000000008,6.7342820000000003,0.034292999999999997,12.95585,1,1
691,3.723233,0.61405500000000002,7.8127199999999997,6.241682,0.031009999999999999,12.362747000000001,1,1
692,3.925986,0.60874700000000004,8.2030689999999993,6.5563229999999999,0.038552999999999997,12.960808999999999,1,1
693,3.83107,0.60609299999999999,23.75245,22.217172999999999,0.057271000000000002,31.181944000000001,1,1
694,3.776313,0.62208699999999995,7.9979420000000001,6.4108409999999996,0.030939999999999999,12.613761,1,1
695,3.760669,0.60916700000000001,23.643566,22.056954000000001,0.063417000000000001,31.283843999999998,1,1
696,3.9361130000000002,0.61824599999999996,14.961377000000001,13.369597000000001,0.045816000000000003,23.207260000000002,1,1
697,3.7794560000000001,0.65854500000000005,26.225432999999999,24.621779,0.046376000000000001,34.685592,1,1
698,3.793355,0.60392800000000002,27.926796,26.270620999999998,0.053849000000000001,36.445134000000003,1,1
699,3.7857419999999999,0.64478599999999997,19.818152999999999,18.189077000000001,0.045258,27.620746,1,1
700,3.7491439999999998,0.62683599999999995,25.866441999999999,24.25357,0.047632000000000001,33.558264999999999,1,1
701,3.8605429999999998,0.61950300000000003,9.549493,7.9206960000000004,0.045187999999999999,18.072998999999999,1,1
702,3.740275,0.60253100000000004,10.008846999999999,8.3035019999999999,0.056432000000000003,18.711499,1,1
703,3.806136,0.61768599999999996,8.7243040000000001,7.0037339999999997,0.046864000000000003,17.224553,1,1
704,3.7646489999999999,0.61810600000000004,8.7377129999999994,7.0438939999999999,0.031009999999999999,13.333278,1,1
705,3.7328709999999998,0.59882899999999994,12.207418000000001,10.500956,0.045816999999999997,20.635100999999999,1,1
706,3.7606679999999999,0.62893200000000005,27.869315,26.186321,0.054755999999999999,35.641176999999999,1,1
707,3.895464,0.64094499999999999,12.02918,10.316223000000001,0.064324999999999993,20.680778,1,1
708,3.814727,0.61796600000000002,27.547481000000001,25.872868,0.047702000000000001,35.974604999999997,1,1
709,3.818009,0.61098200000000003,10.980426,9.2866759999999999,0.037714999999999999,15.633051999999999,1,1
710,3.797615,0.60323000000000004,10.840320999999999,9.1593529999999994,0.031009999999999999,15.456630000000001,1,1
711,3.8117230000000002,0.64988400000000002,13.131853,11.511018999999999,0.033383999999999997,17.832671000000001,1,1
712,3.887991,0.64387700000000003,16.809059999999999,15.063974999999999,0.053918000000000001,26.659993,1,1
713,3.7627630000000001,0.61140099999999997,15.928067,14.21923,0.032617,23.555145,1,1
714,3.847413,0.61049299999999995,15.550148999999999,13.843199,0.046864999999999997,24.486982999999999,1,1
715,3.8519519999999998,0.61580100000000004,15.861647,14.087787000000001,0.060344000000000002,24.987124999999999,1,1
716,3.8777940000000002,0.65163000000000004,12.310086999999999,10.571777000000001,0.046025999999999997,21.545217999999998,1,1
717,3.8866640000000001,0.61133099999999996,14.319525000000001,12.533861999999999,0.045187999999999999,23.734570000000001,1,1
718,3.8465750000000001,0.61091200000000001,15.571172000000001,13.762112,0.045258,24.858196,1,1
719,3.7104509999999999,0.60281099999999999,13.850042999999999,12.086102,0.045747000000000003,22.844009,1,1
720,3.7710059999999999,0.60630300000000004,14.809889,12.961508,0.056641999999999998,24.235969999999998,1,1
721,3.8102559999999999,0.61880400000000002,17.174824999999998,15.29271,0.032896000000000002,21.844563000000001,1,1
722,3.7682120000000001,0.60658199999999995,14.922545,13.026531,0.031918000000000002,19.515595000000001,1,1
723,3.8430119999999999,0.605325,13.081077000000001,11.232207000000001,0.031709000000000001,17.741665999999999,1,1
724,3.7535440000000002,0.60371900000000001,12.643654,10.773063,0.034292999999999997,17.218755999999999,1,1
725,3.9309440000000002,0.61531199999999997,18.973548000000001,17.075299999999999,0.035201000000000003,23.744767,1,1
726,3.8008980000000001,0.60874700000000004,10.727874999999999,8.8952080000000002,0.031498999999999999,15.356965000000001,1,1
727,3.7066110000000001,0.61761699999999997,15.358082,13.504742,0.03569,19.912092000000001,1,1
728,3.7256770000000001,0.59037799999999996,13.101191999999999,11.18234,0.031428999999999999,17.629359999999998,1,1
729,3.728192,0.63563599999999998,14.843971,12.889849,0.031289999999999998,19.425080000000001,1,1
730,3.7334999999999998,0.59938800000000003,19.494433999999998,17.541077999999999,0.039042,24.054518999999999,1,1
731,3.7352460000000001,0.60804899999999995,11.415754,9.4596750000000007,0.032266999999999997,15.97556,1,1
732,3.7746369999999998,0.61621999999999999,11.539374,9.5992899999999999,0.030521,16.143042000000001,1,1
733,3.6932,0.59945800000000005,13.571721,11.545311,0.030521,18.087806,1,1
734,3.7874180000000002,0.61000399999999999,15.280417,13.289348,0.030521,19.889392999999998,1,1
735,3.818079,0.60588399999999998,16.120483,14.066416,0.034640999999999998,20.764797999999999,1,1
736,3.7541030000000002,0.59959799999999996,18.911318000000001,16.871988000000002,0.031708,23.482858,1,1
737,3.6809080000000001,0.59093700000000005,13.667685000000001,11.568009999999999,0.030939999999999999,18.152550000000002,1,1
738,3.743627,0.59100699999999995,13.648967000000001,11.544613,0.031009999999999999,18.197876999999998,1,1
739,3.739087,0.59896899999999997,15.967109000000001,13.785019999999999,0.031918000000000002,20.517416000000001,1,1
740,3.7818999999999998,0.63312199999999996,15.318201999999999,13.046645,0.037156000000000002,19.964473999999999,1,1
741,3.7742870000000002,0.61566200000000004,15.269662,12.974149000000001,0.031009999999999999,19.883037000000002,1,1
742,3.8858959999999998,0.61817599999999995,14.591701,12.351293999999999,0.031009999999999999,19.314170000000001,1,1
743,3.8455970000000002,0.61559200000000003,16.924859000000001,14.691087,0.031009999999999999,21.597041000000001,1,1
744,3.748516,0.61573100000000003,22.16507,19.975648,0.031220000000000001,26.743663999999999,1,1
745,3.895953,0.60225200000000001,16.136127999999999,13.902844,0.034571999999999999,20.856570999999999,1,1
746,3.876118,0.61817599999999995,12.650778000000001,10.607327,0.031009999999999999,17.36326,1,1
747,3.7381090000000001,0.62928099999999998,10.765311000000001,8.7236750000000001,0.031009999999999999,15.344462999999999,1,1
748,3.7073779999999998,0.616919,12.636949,10.554945,0.030939999999999999,17.21687,1,1
749,3.776802,0.62760400000000005,14.778041,12.649172,0.031009999999999999,19.394558,1,1
750,3.8639649999999999,0.62124900000000005,13.768606999999999,11.554391000000001,0.037714999999999999,18.485697999999999,1,1
751,3.8400099999999999,0.63766100000000003,16.830501999999999,14.592468999999999,0.034292000000000003,21.541726000000001,1,1
752,3.6189580000000001,0.57990200000000003,18.330368,16.054621999999998,0.039461000000000003,22.740084,1,1
753,3.4468670000000001,0.55748299999999995,23.253914999999999,20.638034000000001,0.032406999999999998,27.463111000000001,1,1
754,3.446307,0.55915800000000004,30.769383999999999,27.836767999999999,0.038691999999999997,34.989826000000001,1,1
755,3.5833379999999999,0.58143900000000004,27.610548999999999,24.616332,0.031918000000000002,31.985761,1,1
756,3.7364329999999999,0.58276600000000001,34.747543,31.796837,0.032475999999999998,39.270961,1,1
757,3.682585,0.57242899999999997,24.347996999999999,21.368098,0.037574999999999997,28.818265,1,1
758,3.652552,0.631656,24.560388,21.514208,0.032406999999999998,29.056847000000001,1,1
759,3.8414760000000001,0.60937600000000003,24.448221,21.408117000000001,0.041416000000000001,29.126131000000001,1,1
760,3.8562829999999999,0.62585800000000003,30.464941,27.281731000000001,0.044350000000000001,35.193905000000001,1,1
761,3.7178550000000001,0.625579,31.781751,28.7318,0.042115,36.362090999999999,1,1
762,3.6855180000000001,0.63402999999999998,24.929576000000001,21.843305999999998,0.056014000000000001,29.498811,1,1
763,3.699487,0.61580100000000004,24.641894000000001,21.636292999999998,0.037226000000000002,29.178512999999999,1,1
764,3.867318,0.68473499999999998,28.401026000000002,25.352122999999999,0.036596999999999998,33.187401000000001,1,1
765,3.9373,0.61566200000000004,25.107185000000001,22.021684,0.035131000000000003,29.889088999999998,1,1
766,3.7359439999999999,0.61978200000000006,24.584344000000002,21.557300999999999,0.031918000000000002,29.154906,1,1
767,3.752567,0.61237900000000001,24.983703999999999,21.892683999999999,0.036806999999999999,29.571376999999998,1,1
768,3.7036769999999999,0.59994700000000001,20.898686000000001,17.937505000000002,0.031498999999999999,25.416867,1,1
769,3.7766630000000001,0.627884,25.034269999999999,22.010857999999999,0.035758999999999999,29.680121,1,1
770,3.8504860000000001,0.609236,24.951644999999999,21.935219,0.035829,29.638425999999999,1,1
771,3.7319640000000001,0.62285599999999997,20.779534999999999,17.840423999999999,0.032406999999999998,25.359316,1,1
772,4.0080499999999999,0.60853699999999999,21.425159000000001,18.463977,0.035270000000000003,26.265383,1,1
773,3.9645380000000001,0.62921099999999996,20.991786000000001,18.004973,0.032826000000000001,25.817761999999998,1,1
774,3.8219210000000001,0.62362399999999996,20.880666999999999,17.967887000000001,0.042255000000000001,25.559276000000001,1,1
775,3.7367819999999998,0.65903299999999998,21.225688999999999,18.231121999999999,0.031359999999999999,25.844301999999999,1,1
776,3.9030779999999998,0.60588299999999995,17.075648999999999,14.150086999999999,0.037644999999999998,21.815647999999999,1,1
777,3.81759,0.61726700000000001,21.117573,18.149616000000002,0.031498999999999999,25.771246999999999,1,1
778,3.7556400000000001,0.60853699999999999,28.708960999999999,25.671302000000001,0.038343000000000002,33.306412999999999,1,1
779,3.6688960000000002,0.63382000000000005,23.907291000000001,21.038861000000001,0.032686,28.434201000000002,1,1
780,3.3785599999999998,0.53911399999999998,28.499293999999999,25.660755999999999,0.034712,32.621606999999997,1,1
781,3.17001,0.509571,20.41377,17.602609999999999,0.030800000000000001,24.280808,1,1
782,3.0308839999999999,0.48589399999999999,20.890166000000001,18.092136,0.030033000000000001,24.604178999999998,1,1
783,3.0505100000000001,0.48379800000000001,20.5779,17.829319000000002,0.032896000000000002,24.291774,1,1
784,3.0973739999999998,0.50139900000000004,20.964407999999999,18.085431,0.032476999999999999,24.751336999999999,1,1
785,3.3032699999999999,0.51250499999999999,20.932769,17.944559000000002,0.031358999999999998,24.940819999999999,1,1
786,3.4080339999999998,0.54532999999999998,24.834379999999999,21.700407999999999,0.039182000000000002,29.016687999999998,1,1
787,3.5434580000000002,0.59233400000000003,25.264889,22.065124999999998,0.034780999999999999,29.615656999999999,1,1
788,3.6754609999999999,0.59882899999999994,21.183782999999998,18.011887000000002,0.034782,25.675422999999999,1,1
789,3.7753359999999998,0.60064499999999998,25.099851000000001,21.911681999999999,0.040509000000000003,29.701702999999998,1,1
790,3.7447439999999999,0.61643000000000003,17.577815999999999,14.36604,0.03143,22.160740000000001,1,1
791,3.7209279999999998,0.65393500000000004,29.163426999999999,25.946482,0.032896000000000002,33.765487999999998,1,1
792,3.9081060000000001,0.61098200000000003,24.797504,21.644324999999998,0.031498999999999999,29.532264999999999,1,1
793,4.0354289999999997,0.59896899999999997,21.353849,18.106314000000001,0.039669999999999997,26.241147999999999,1,1
794,3.7427190000000001,0.61621999999999999,24.662915999999999,21.535160999999999,0.033105999999999997,29.256736,1,1
795,3.7930060000000001,0.61629,24.72794,21.537116000000001,0.032896000000000002,29.363036000000001,1,1
796,3.8077420000000002,0.60120399999999996,28.756454000000002,25.500747,0.036806999999999999,33.388756999999998,1,1
797,3.8510450000000001,0.60588299999999995,28.590858000000001,25.270406000000001,0.037087000000000002,33.276100999999997,1,1
798,3.801526,0.65721799999999997,24.518622000000001,21.278210000000001,0.043511000000000001,29.223141999999999,1,1
799,3.8569110000000002,0.61182000000000003,24.589233,21.344211999999999,0.041347000000000002,29.284115,1,1
800,3.723373,0.63514800000000005,24.945499999999999,21.703970000000002,0.033384999999999998,29.550912,1,1
801,3.7065410000000001,0.59903899999999999,28.762879999999999,25.545515999999999,0.032476999999999999,33.285249999999998,1,1
802,3.829952,0.61244900000000002,24.821249999999999,21.538025000000001,0.034362999999999998,29.484213,1,1
803,3.8432930000000001,0.625718,24.930204,21.738612,0.032406999999999998,29.624247,1,1
804,3.94624,0.59820099999999998,24.617659,21.442829,0.037156000000000002,29.417373000000001,1,1
805,3.6375359999999999,0.59526800000000002,24.176255000000001,21.026986999999998,0.039461000000000003,28.629270999999999,1,1
806,3.6525530000000002,0.60392800000000002,28.399349999999998,25.182404999999999,0.04002,32.877719999999997,1,1
807,3.7214870000000002,0.61007400000000001,28.296472000000001,25.030148000000001,0.035340999999999997,32.853903000000003,1,1
808,3.7124069999999998,0.622645,28.374275999999998,25.13156,0.032197999999999997,32.926189999999998,1,1
809,3.6901980000000001,0.59387000000000001,24.931111999999999,21.709766999999999,0.036318000000000003,29.436301,1,1
810,3.792027,0.60490600000000005,24.824462,21.521193,0.034361999999999997,29.442238,1,1
811,3.6742729999999999,0.60518499999999997,28.026879999999998,24.858964,0.031428999999999999,32.519986000000003,1,1
812,3.806835,0.59296300000000002,25.059481999999999,21.782263,0.039042,29.687525000000001,1,1
813,3.7464209999999998,0.61147099999999999,24.878799999999998,21.623441,0.034851,29.459838000000001,1,1
814,3.8120029999999998,0.60295100000000001,27.900884000000001,24.714041999999999,0.032896000000000002,32.531928999999998,1,1
815,3.6794419999999999,0.60763,28.192826,24.961213999999998,0.036249000000000003,32.708002,1,1
816,3.8087200000000001,0.60113499999999997,24.832284000000001,21.528735999999999,0.040509000000000003,29.473666000000001,1,1
817,3.8166129999999998,0.62543899999999997,20.711299,17.516214999999999,0.031498999999999999,25.364974,1,1
818,3.7055630000000002,0.60036599999999996,23.999832000000001,20.852101999999999,0.031428999999999999,28.519689,1,1
819,3.8091390000000001,0.59177500000000005,30.478909999999999,27.319095999999998,0.039739999999999998,35.104787000000002,1,1
820,3.8371460000000002,0.59869000000000006,20.070494,16.859067,0.032966000000000002,24.724447999999999,1,1
821,3.8174510000000001,0.62194700000000003,26.587077000000001,23.370203,0.040996999999999999,31.253043999999999,1,1
822,3.7498429999999998,0.60700100000000001,27.290880000000001,24.001159000000001,0.041904999999999998,31.878133999999999,1,1
823,3.7707950000000001,0.64066599999999996,26.484407999999998,23.316632999999999,0.034780999999999999,31.128164999999999,1,1
824,4.0183169999999997,0.62320399999999998,32.535701000000003,29.353746999999998,0.032475999999999998,37.396388000000002,1,1
825,3.8611719999999998,0.60225200000000001,29.627600000000001,26.529178000000002,0.059156,45.629280999999999,1,1
826,3.839521,0.61691799999999997,30.170345000000001,27.021498000000001,0.053848,46.328823,1,1
827,3.7557100000000001,0.62048000000000003,37.360629000000003,34.228892000000002,0.060134,53.513519000000002,1,1
828,3.7285409999999999,0.61384499999999997,33.818148999999998,30.734673000000001,0.057619999999999998,49.984448,1,1
829,3.727633,0.62208699999999995,33.951129000000002,30.912421999999999,0.058319000000000003,50.296574,1,1
830,3.7307060000000001,0.62341400000000002,36.900506999999998,33.872067000000001,0.051194999999999997,52.884937000000001,1,1
831,3.81738,0.61182000000000003,30.914307999999998,27.863098999999998,0.056223000000000002,47.016421999999999,1,1
832,3.7800850000000001,0.620062,30.374495,27.394037000000001,0.050495999999999999,46.497701999999997,1,1
833,3.8457370000000002,0.61419500000000005,30.693117000000001,27.621164,0.043161999999999999,35.386530999999998,1,1
834,3.9600680000000001,0.616151,34.137048999999998,31.141226,0.037365000000000002,38.976784000000002,1,1
835,3.8329559999999998,0.61852499999999999,26.844587000000001,23.788698,0.031498999999999999,31.535557000000001,1,1
836,3.8586580000000001,0.60462700000000003,30.066699,27.036512999999999,0.036806999999999999,34.755643999999997,1,1
837,3.7211370000000001,0.68222099999999997,26.077017000000001,23.136579000000001,0.033804000000000001,30.702615000000002,1,1
838,3.6295739999999999,0.57892500000000002,29.361568999999999,26.535882000000001,0.032617,33.771563,1,1
839,3.2338469999999999,0.52116399999999996,26.071569,23.240504000000001,0.046585000000000001,30.036456999999999,1,1
840,3.1023329999999998,0.51075800000000005,26.021702999999999,23.220948,0.033175000000000003,29.825184,1,1
841,2.9657909999999998,0.48393799999999998,25.972951999999999,23.182186000000002,0.032406999999999998,29.599034,1,1
842,2.9775939999999999,0.463754,18.979904000000001,16.289152999999999,0.030102,22.597325000000001,1,1
843,2.8674529999999998,0.47772199999999998,32.179574000000002,29.371836999999999,0.036318000000000003,35.709273000000003,1,1
844,3.05938,0.50321499999999997,16.016417000000001,13.049718,0.032406999999999998,19.764374,1,1
845,3.377443,0.54484100000000002,22.343169,19.294056000000001,0.031988000000000003,26.472605999999999,1,1
846,3.5172680000000001,0.57089199999999996,18.734826000000002,15.622645,0.031009999999999999,23.023015000000001,1,1
847,3.7923770000000001,0.62432200000000004,31.890566,28.616351000000002,0.038972,36.548780000000001,1,1
848,3.7516590000000001,0.61698799999999998,15.671326000000001,12.437549000000001,0.037086000000000001,20.277787,1,1
849,3.7260270000000002,0.63437900000000003,21.509598,18.283225000000002,0.036457999999999997,26.106770000000001,1,1
850,3.818149,0.61251800000000001,34.174833999999997,30.929604000000001,0.037784999999999999,38.831581999999997,1,1
851,3.8309299999999999,0.61482300000000001,25.218094000000001,21.995142999999999,0.034361999999999997,29.889579000000001,1,1
852,3.8240159999999999,0.62942100000000001,33.600099999999998,30.512225000000001,0.031988000000000003,38.274237999999997,1,1
853,3.6510850000000001,0.59750199999999998,39.996555000000001,36.896735,0.050146999999999997,44.488543,1,1
854,3.6630289999999999,0.59715300000000004,28.545878999999999,25.500398000000001,0.034432999999999998,33.020477,1,1
855,3.718763,0.59994700000000001,31.420037000000001,28.42596,0.032267999999999998,35.974465000000002,1,1
856,3.666242,0.57417499999999999,25.339829999999999,22.418248999999999,0.036666999999999998,29.793685,1,1
857,3.4270309999999999,0.541489,28.968495999999998,26.073036999999999,0.034852000000000001,33.139279000000002,1,1
858,3.248723,0.54407300000000003,29.053843000000001,26.142320999999999,0.036178000000000002,33.048274999999997,1,1
859,3.5330520000000001,0.58290500000000001,32.711354999999998,29.681588000000001,0.039530999999999997,37.045428999999999,1,1
860,3.7091249999999998,0.60560499999999995,37.428795000000001,34.516294000000002,0.033453999999999998,41.956474,1,1
861,3.6436829999999998,0.59617500000000001,28.939232000000001,26.086376000000001,0.038552999999999997,33.397486999999998,1,1
862,3.6544379999999999,0.62215699999999996,32.825406999999998,29.887134,0.032896000000000002,37.319631999999999,1,1
863,3.760389,0.60343899999999995,29.977789000000001,27.069479000000001,0.034641999999999999,34.563786,1,1
864,3.7422300000000002,0.61349600000000004,30.243122,27.239336000000002,0.040369000000000002,34.830865000000003,1,1
865,3.838193,0.64457600000000004,26.137779999999999,23.177994999999999,0.033874000000000001,30.847818,1,1
866,3.8202440000000002,0.61119100000000004,26.015136999999999,23.141538000000001,0.050077000000000003,30.677961,1,1
867,3.7696779999999999,0.60385800000000001,26.756027,23.755732999999999,0.035340000000000003,31.353757000000002,1,1
868,3.7218360000000001,0.61482300000000001,26.430769999999999,23.471893000000001,0.03569,30.997491,1,1
869,3.7584339999999998,0.61063199999999995,26.410444999999999,23.418113999999999,0.031988000000000003,31.001401000000001,1,1
870,3.846784,0.60392800000000002,29.482187,26.297999000000001,0.037714999999999999,34.15898,1,1
871,3.834422,0.61482400000000004,22.536142999999999,19.476693999999998,0.032825,27.206021,1,1
872,3.7385989999999998,0.61475400000000002,25.411349000000001,22.340095000000002,0.032476999999999999,29.983585999999999,1,1
873,3.8152149999999998,0.59498799999999996,51.808874000000003,48.606805000000001,0.060135000000000001,67.609127999999998,1,1
874,3.7635320000000001,0.615313,28.496780000000001,25.357780000000002,0.033384999999999998,33.101633999999997,1,1
875,3.9504999999999999,0.61307699999999998,61.324353000000002,58.140653,0.059644999999999997,77.336021000000002,1,1
876,3.7247690000000002,0.61237900000000001,35.336314000000002,32.173288999999997,0.034712,39.898425000000003,1,1
877,3.6962039999999998,0.60804800000000003,79.673230000000004,76.535696000000002,0.040230000000000002,84.201466999999994,1,1
878,3.891902,0.61663999999999997,69.292332000000002,66.050104000000005,0.040369000000000002,74.038128999999998,1,1
879,3.9059409999999999,0.63186500000000001,79.713527999999997,76.512298999999999,0.043302,84.494315999999998,1,1
880,3.736853,0.62082999999999999,69.664801999999995,66.459869999999995,0.037156000000000002,74.264697999999996,1,1
881,3.9859100000000001,0.60406700000000002,22.308596999999999,19.088927999999999,0.037087000000000002,27.140858000000001,1,1
882,3.7508900000000001,0.62655700000000003,71.418058000000002,68.222414999999998,0.039600999999999997,76.023331999999996,1,1
883,3.7166679999999999,0.60651200000000005,50.409439999999996,47.256331000000003,0.037575999999999998,54.962820000000001,1,1
884,3.7333599999999998,0.621668,37.894505000000002,34.716672000000003,0.040509000000000003,42.496706000000003,1,1
885,3.710941,0.60881700000000005,31.174471,28.081287,0.061041999999999999,46.741802,1,1
886,3.706331,0.61000399999999999,25.683454999999999,22.559331,0.049238999999999998,41.003892999999998,1,1
887,3.8208030000000002,0.60316000000000003,28.147846999999999,25.126321999999998,0.047912000000000003,32.801312000000003,1,1
888,3.7353160000000001,0.62893100000000002,31.577183000000002,28.599239000000001,0.033665,36.156964000000002,1,1
889,3.7436959999999999,0.60350899999999996,31.953773000000002,28.850881000000001,0.073823,47.623842000000003,1,1
890,4.0221590000000003,0.63368100000000005,47.510348,44.453972,0.056363000000000003,63.264088000000001,1,1
891,3.7647189999999999,0.63605500000000004,31.492324,28.410385000000002,0.052172000000000003,46.963760999999998,1,1
892,3.9157190000000002,0.62180800000000003,31.842724,28.693387000000001,0.040369000000000002,36.650680000000001,1,1
893,3.9070580000000001,0.62509099999999995,31.204084000000002,28.101890000000001,0.037156000000000002,35.963220999999997,1,1
894,3.797685,0.60029600000000005,47.628731000000002,44.514873999999999,0.058179000000000002,63.058681,1,1
895,3.835191,0.61838599999999999,38.395555000000002,35.232807999999999,0.056711999999999999,54.188546000000002,1,1
896,3.8858959999999998,0.60497500000000004,41.604188999999998,38.388710000000003,0.056571999999999997,57.134222999999999,1,1
897,3.8833820000000001,0.61160999999999999,28.643868000000001,25.559972999999999,0.032406999999999998,33.3611,1,1
898,3.8973499999999999,0.61629,31.927233000000001,28.851789,0.036527999999999998,36.665067000000001,1,1
899,3.8419650000000001,0.60965499999999995,32.070340000000002,29.001532000000001,0.032406999999999998,36.742314,1,1
900,3.7336390000000002,0.63808100000000001,22.757543999999999,19.694602,0.031428999999999999,27.363516000000001,1,1
901,3.8483209999999999,0.62886200000000003,19.367388999999999,16.339789,0.035270999999999997,24.073167000000002,1,1
902,3.884779,0.61286799999999997,29.007397999999998,25.937123,0.033873,33.721626000000001,1,1
903,3.710941,0.61684899999999998,22.685746000000002,19.508331999999999,0.043022999999999999,27.241849999999999,1,1
904,3.7462810000000002,0.62034100000000003,38.36636,35.324651000000003,0.042534000000000002,42.971355000000003,1,1
905,3.8325360000000002,0.62138800000000005,41.069893999999998,37.967281,0.043302,45.762050000000002,1,1
906,3.673994,0.61202900000000005,39.078265999999999,35.885905000000001,0.039111,43.586317999999999,1,1
907,3.7635320000000001,0.60686099999999998,43.800316000000002,40.715232999999998,0.034292000000000003,48.396998000000004,1,1
908,3.7212079999999998,0.61293799999999998,38.295192,35.184966000000003,0.033873,42.881816999999998,1,1
909,3.8224089999999999,0.60015700000000005,29.077449999999999,25.789126,0.041974999999999998,33.749772,1,1
910,3.7379699999999998,0.63465800000000006,22.019728000000001,18.988424999999999,0.032406999999999998,26.609776,1,1
911,3.7206489999999999,0.61740700000000004,45.452300000000001,42.365192,0.038064000000000001,50.017763000000002,1,1
912,3.7182740000000001,0.60294999999999999,19.432693,16.354315,0.032475999999999998,23.975597,1,1
913,3.742928,0.65323699999999996,19.389181000000001,16.35669,0.03143,24.016594000000001,1,1
914,3.8743720000000001,0.60392800000000002,32.149681999999999,29.082619000000001,0.031708,36.838976000000002,1,1
915,3.7190430000000001,0.63843000000000005,29.141425999999999,26.076668000000002,0.039879999999999999,33.723582,1,1
916,3.7053530000000001,0.60658199999999995,42.227462000000003,39.163823000000001,0.061462000000000003,58.028485000000003,1,1
917,3.7958690000000002,0.613147,29.103013000000001,26.019537,0.042044999999999999,33.738877000000002,1,1
918,3.710661,0.59359099999999998,32.132640000000002,29.074936000000001,0.032896000000000002,36.652427000000003,1,1
919,3.7196699999999998,0.59456900000000001,22.477266,19.567768000000001,0.032966000000000002,27.023102999999999,1,1
920,3.7117089999999999,0.60755999999999999,26.303446999999998,23.255870000000002,0.038762999999999999,30.860040000000001,1,1
921,3.9073370000000001,0.62655700000000003,19.613095999999999,16.569710000000001,0.033384999999999998,24.370905,1,1
922,3.7173660000000002,0.622367,15.660221,12.691706,0.031709000000000001,20.216184999999999,1,1
923,3.7467000000000001,0.60707100000000003,28.613555999999999,25.588609000000002,0.042115,33.194175999999999,1,1
924,3.8409870000000002,0.59868900000000003,18.925426999999999,15.918708000000001,0.036666999999999998,23.585875999999999,1,1
925,3.8270189999999999,0.60811899999999997,31.836997,28.687519999999999,0.040578999999999997,36.510854999999999,1,1
926,3.7737989999999999,0.61419500000000005,22.339746000000002,19.270658000000001,0.037644999999999998,26.950258000000002,1,1
927,3.6920130000000002,0.61370599999999997,25.757698000000001,22.587617999999999,0.040856999999999997,30.301998000000001,1,1
928,3.6973210000000001,0.61649900000000002,19.406991000000001,16.234465,0.034782,23.945146000000001,1,1
929,3.7985229999999999,0.62432200000000004,25.887115000000001,22.763200999999999,0.033384999999999998,30.532689000000001,1,1
930,3.9443549999999998,0.62544,28.593162,25.530010999999998,0.031918000000000002,33.376325000000001,1,1
931,3.8534199999999998,0.63710299999999997,26.057950999999999,22.879767999999999,0.037086000000000001,30.797671000000001,1,1
932,3.8404980000000002,0.607769,28.901796999999998,25.719214000000001,0.03569,33.573281000000001,1,1
933,3.81738,0.61119199999999996,19.300689999999999,16.188928000000001,0.031009999999999999,23.947102000000001,1,1
934,3.7329409999999998,0.59729299999999996,32.760523999999997,29.617263000000001,0.038134000000000001,37.348337000000001,1,1
935,3.789793,0.61286700000000005,22.849526999999998,19.691669000000001,0.036248000000000002,27.479942999999999,1,1
936,3.75543,0.60448599999999997,15.985756,12.894807999999999,0.031009999999999999,20.562813999999999,1,1
937,3.7206489999999999,0.59561600000000003,25.589307000000002,22.521267000000002,0.030939999999999999,30.188783999999998,1,1
938,3.7205789999999999,0.59994700000000001,19.880941,16.709883999999999,0.035758999999999999,24.417629999999999,1,1
939,3.808999,0.60616300000000001,23.061637999999999,20.015806999999999,0.032476999999999999,27.702041999999999,1,1
940,3.7318929999999999,0.61063299999999998,16.442665999999999,13.422957,0.031848000000000001,20.99926,1,1
941,3.7659769999999999,0.62502000000000002,19.8155,16.721059,0.038972,24.433833,1,1
942,3.7313350000000001,0.61971200000000004,13.356816,10.256368,0.039182000000000002,17.954685999999999,1,1
943,3.8155649999999999,0.60748999999999997,23.667801000000001,20.578178999999999,0.033314000000000003,28.307366999999999,1,1
944,3.8129110000000002,0.63738300000000003,25.696515999999999,21.042701000000001,0.031988000000000003,30.393212999999999,1,1
945,3.7291699999999999,0.59051799999999999,27.291927999999999,24.115839999999999,0.035899,31.829104000000001,1,1
946,3.9111790000000002,0.60239100000000001,26.847380000000001,23.746234000000001,0.034851,31.579488000000001,1,1
947,3.7578749999999999,0.60434699999999997,27.410799000000001,24.229334999999999,0.032896000000000002,31.992046999999999,1,1
948,3.7441149999999999,0.60218099999999997,23.377606,20.290009999999999,0.031498999999999999,27.936713000000001,1,1
949,3.8520919999999998,0.62536999999999998,26.502009000000001,23.217596,0.037505999999999998,31.236211000000001,1,1
950,3.7614359999999998,0.60280999999999996,26.794160000000002,23.657045,0.031708,31.374569999999999,1,1
951,3.7649979999999998,0.60944600000000004,31.634663,26.404717999999999,0.031011,36.231974000000001,1,1
952,3.6430539999999998,0.59477899999999995,35.444291,32.326593000000003,0.038064000000000001,39.921753000000002,1,1
953,3.6473140000000002,0.60022600000000004,29.738299999999999,26.621579000000001,0.033944000000000002,34.201025000000001,1,1
954,3.7449539999999999,0.59729299999999996,23.746303999999999,20.586002000000001,0.031009999999999999,28.301639999999999,1,1
955,3.9106200000000002,0.60106499999999996,24.272357,21.057926999999999,0.046515000000000001,29.024649,1,1
956,3.814797,0.60225200000000001,24.033844999999999,20.830869,0.032336999999999998,28.666079,1,1
957,3.6549969999999998,0.59568600000000005,23.253775000000001,20.137823000000001,0.033663999999999999,27.720271,1,1
958,3.7409729999999999,0.59317200000000003,26.848986,23.717459000000002,0.038692999999999998,31.409071999999998,1,1
959,3.7273540000000001,0.61796600000000002,19.937165,16.749624000000001,0.033175999999999997,24.502838000000001,1,1
960,3.7031179999999999,0.66552900000000004,23.760760999999999,20.591937999999999,0.031498999999999999,28.338726999999999,1,1
961,3.6934800000000001,0.600715,19.867253000000002,16.741941000000001,0.030800000000000001,24.376073999999999,1,1
962,3.7358039999999999,0.63521799999999995,27.100629000000001,23.900445999999999,0.038901999999999999,31.694029,1,1
963,3.7088450000000002,0.60294999999999999,23.497803999999999,20.360969000000001,0.034782,28.022829000000002,1,1
964,3.7332209999999999,0.60155400000000003,19.994645999999999,16.845309,0.031498999999999999,24.545302,1,1
965,3.699557,0.62522999999999995,20.306701,17.156317000000001,0.031918000000000002,24.845065999999999,1,1
966,3.6716890000000002,0.59799100000000005,20.046538999999999,16.900693,0.037994,24.544115000000001,1,1
967,3.6876829999999998,0.61237900000000001,23.603197000000002,20.389395,0.039740999999999999,28.132272,1,1
968,3.7883260000000001,0.60302,16.869054999999999,13.633672000000001,0.040160000000000001,21.480962999999999,1,1
969,3.84015,0.60783900000000002,19.665966000000001,16.520471000000001,0.031918000000000002,24.358053999999999,1,1
970,3.8091390000000001,0.62369300000000005,20.107161000000001,16.944344000000001,0.034362999999999998,24.759439,1,1
971,3.702,0.60078500000000001,23.137906999999998,20.052962999999998,0.033873,27.653502,1,1
972,3.809418,0.60134399999999999,22.672545,19.608626000000001,0.031918000000000002,27.299121,1,1
973,3.6649150000000001,0.596804,29.226495,26.155241,0.035131000000000003,33.707237999999997,1,1
974,3.7302870000000001,0.60302,22.892340000000001,19.797619999999998,0.032686,27.439923,1,1
975,3.8580290000000002,0.60902599999999996,19.436045,16.419408000000001,0.031498999999999999,24.124711000000001,1,1
976,3.833933,0.59729299999999996,19.311167000000001,16.221405000000001,0.033384999999999998,23.957438,1,1
977,3.7578749999999999,0.60225200000000001,16.210370000000001,13.091135,0.037156000000000002,20.795877999999998,1,1
978,3.8404980000000002,0.61866399999999999,33.146334000000003,29.949224000000001,0.035340000000000003,37.836466000000001,1,1
979,3.7228140000000001,0.61126100000000005,22.982296999999999,19.827652,0.033384999999999998,27.531766999999999,1,1
980,3.8312089999999999,0.60057499999999997,15.996024,12.891874,0.031009999999999999,20.645786999999999,1,1
981,3.7038869999999999,0.63808100000000001,23.18526,19.976696,0.039461000000000003,27.767136000000001,1,1
982,3.7404839999999999,0.60853800000000002,15.989598000000001,12.907310000000001,0.034153000000000003,20.558482999999999,1,1
983,3.7894429999999999,0.596804,16.100717,12.996708,0.031918000000000002,20.703686000000001,1,1
984,3.6873339999999999,0.60455599999999998,19.326253000000001,16.251507,0.031288999999999997,23.827950000000001,1,1
985,3.7718440000000002,0.59477899999999995,12.850388000000001,9.7843730000000004,0.031918000000000002,17.428073999999999,1,1
986,3.7889550000000001,0.59715300000000004,16.430723,13.287113,0.058666999999999997,21.083698999999999,1,1
987,3.9025189999999998,0.62020200000000003,19.780438,16.594923000000001,0.031498999999999999,24.517852999999999,1,1
988,3.7404839999999999,0.59945800000000005,19.537735000000001,16.387979999999999,0.032896000000000002,24.090347999999999,1,1
989,3.719042,0.59903899999999999,19.58886,16.448813000000001,0.032476999999999999,24.119053000000001,1,1
990,3.7240009999999999,0.60658199999999995,29.989802999999998,26.740033,0.038483000000000003,34.547932000000003,1,1
991,3.7614369999999999,0.60714100000000004,23.457156000000001,20.332474000000001,0.035829,28.051673999999998,1,1
992,3.838263,0.60029600000000005,23.491029999999999,20.394981999999999,0.035829,28.146031000000001,1,1
993,3.821501,0.60609400000000002,20.046398,16.932821000000001,0.037644999999999998,24.699373999999999,1,1
994,3.7383890000000002,0.609236,27.335578999999999,24.170178,0.034153000000000003,31.905722000000001,1,1
995,3.7481659999999999,0.60469600000000001,16.535906000000001,13.498806,0.032336999999999998,21.108563,1,1
996,3.7426490000000001,0.59296300000000002,23.223742000000001,20.082298000000002,0.042882999999999998,27.793675,1,1
997,3.6714799999999999,0.60218099999999997,20.400359999999999,17.282451999999999,0.041975999999999999,24.903873000000001,1,1
998,3.7251880000000002,0.61698900000000001,16.550992000000001,13.498177,0.032406999999999998,21.120785000000001,1,1
999,3.689778,0.59903899999999999,16.791878000000001,13.659094,0.031498999999999999,21.294763,1,1
1000,3.7904209999999998,0.59498799999999996,23.824178,20.755089999999999,0.032687000000000001,28.432175000000001,1,1
1001,3.7123370000000002,0.602321,17.053649,13.936648,0.038065000000000002,21.593478999999999,1,1
1002,3.7436970000000001,0.60302,20.071961000000002,16.973958,0.033804000000000001,24.636655999999999,1,1
1003,3.7869989999999998,0.60204199999999997,23.611367999999999,20.507916999999999,0.042115,28.226279999999999,1,1
1004,3.7216260000000001,0.60336900000000004,20.097733000000002,16.949164,0.031220000000000001,24.641335999999999,1,1
1005,3.9079660000000001,0.60092400000000001,17.141300000000001,13.975828999999999,0.033593999999999999,21.868798999999999,1,1
1006,3.7217660000000001,0.61845600000000001,27.315604,24.227378999999999,0.044838999999999997,31.891822999999999,1,1
1007,3.9116680000000001,0.62914099999999995,35.989552000000003,32.848176000000002,0.044977999999999997,40.778579999999998,1,1
1008,3.7640210000000001,0.61964200000000003,23.831651000000001,20.670929999999998,0.037714999999999999,28.440138000000001,1,1
1009,3.76884,0.61091200000000001,20.563511999999999,17.450702,0.034361999999999997,25.164456000000001,1,1
1010,3.76451,0.62509000000000003,23.999832000000001,20.875917000000001,0.032266999999999997,28.617258,1,1
1011,3.7319629999999999,0.60176300000000005,27.812743000000001,24.690784000000001,0.031918000000000002,32.363748999999999,1,1
1012,3.8520919999999998,0.64338899999999999,24.066323000000001,20.999957999999999,0.034431999999999997,28.782644999999999,1,1
1013,3.8319770000000002,0.60274000000000005,20.372074000000001,17.282730999999998,0.032475999999999998,25.022326,1,1
1014,3.755989,0.62893100000000002,24.150062999999999,21.095782,0.035131000000000003,28.764835999999999,1,1
1015,3.8400799999999999,0.59806099999999995,20.384505999999998,17.332318999999998,0.046725000000000003,25.061997000000002,1,1
1016,3.8318379999999999,0.64478599999999997,17.075368999999998,13.968636,0.038622999999999998,21.783172,1,1
1017,3.7543820000000001,0.62900100000000003,20.944154000000001,17.809204000000001,0.033873,25.549986000000001,1,1
1018,3.7385280000000001,0.60972499999999996,17.116506999999999,13.97569,0.031219,21.682459000000001,1,1
1019,3.6997650000000002,0.63060799999999995,10.239186999999999,7.1117109999999997,0.031498999999999999,14.784744999999999,1,1
1020,3.8001999999999998,0.590588,13.793609999999999,10.579179999999999,0.034991000000000001,18.413900999999999,1,1
1021,4.0026719999999996,0.611541,24.112278,20.930674,0.039600999999999997,28.955157,1,1
1022,3.7305670000000002,0.62222699999999997,17.417667000000002,14.192202,0.034362999999999998,21.988928000000001,1,1
1023,3.7410420000000002,0.61223899999999998,17.372478999999998,14.239414999999999,0.031009999999999999,21.937873,1,1
1024,3.714502,0.62390299999999999,21.183503999999999,17.996590999999999,0.031987000000000002,25.748898000000001,1,1
1025,3.8890389999999999,0.621668,24.826627999999999,21.607168000000001,0.037156000000000002,29.591771000000001,1,1
1026,3.728332,0.61810600000000004,20.976769999999998,17.787623,0.032966000000000002,25.567934999999999,1,1
1027,3.7286809999999999,0.59701400000000004,24.232897000000001,21.077622999999999,0.040439000000000003,28.785159,1,1
1028,3.6953659999999999,0.601553,24.029585000000001,20.866070000000001,0.037714999999999999,28.550698000000001,1,1
1029,3.7609469999999998,0.61629,24.079104000000001,20.878432,0.042044999999999999,28.694224999999999,1,1
1030,3.819197,0.60895600000000005,20.923341000000001,17.736008999999999,0.031498999999999999,25.569821000000001,1,1
1031,3.7611569999999999,0.60294999999999999,24.477415000000001,21.317951000000001,0.031918000000000002,29.057334999999998,1,1
1032,3.7699579999999999,0.63829000000000002,21.114151,17.914317,0.040369000000000002,25.750782999999998,1,1
1033,3.747957,0.62983900000000004,24.176952,20.994928999999999,0.033734,28.784041999999999,1,1
1034,3.7249089999999998,0.65302700000000002,17.253468000000002,14.052796000000001,0.034782,21.849173,1,1
1035,3.7742879999999999,0.61105200000000004,16.990371,13.85619,0.031918000000000002,21.589846999999999,1,1
1036,3.7160389999999999,0.60679099999999997,24.113326000000001,20.961055999999999,0.036667999999999999,28.656300000000002,1,1
1037,3.825691,0.64485499999999996,31.731954000000002,28.492937999999999,0.033663999999999999,36.423552999999998,1,1
1038,3.833863,0.606792,10.194907000000001,7.0417290000000001,0.031009999999999999,14.851933000000001,1,1
1039,3.715341,0.63919899999999996,10.229479,7.0569540000000002,0.030522000000000001,14.803812000000001,1,1
1040,3.7485149999999998,0.67069800000000002,13.563689999999999,10.402549,0.037644999999999998,18.205908999999998,1,1
1041,3.7273529999999999,0.63898900000000003,10.04307,6.9061640000000004,0.030939999999999999,14.626832,1,1
1042,3.7346870000000001,0.60483500000000001,13.370435000000001,10.236394000000001,0.030521,17.926120999999998,1,1
1043,3.7555000000000001,0.64625200000000005,27.658460999999999,24.454855999999999,0.031708,32.279659000000002,1,1
1044,3.768351,0.61182000000000003,10.001652999999999,6.8627229999999999,0.031009999999999999,14.599593,1,1
1045,3.670223,0.60686099999999998,27.759312999999999,24.568490000000001,0.038622999999999998,32.256610000000002,1,1
1046,3.7643,0.61175100000000004,13.476107000000001,10.332706999999999,0.031988000000000003,18.081101,1,1
1047,3.7894429999999999,0.60707100000000003,34.064273999999997,30.951255,0.033384999999999998,38.677928000000001,1,1
1048,3.8003390000000001,0.62460099999999996,13.310999000000001,10.23821,0.031009999999999999,17.951892999999998,1,1
1049,3.809698,0.61168,13.651341,10.495998,0.042185,18.326108000000001,1,1
1050,3.8686449999999999,0.60783900000000002,19.782883000000002,16.693960000000001,0.034432999999999998,24.487472,1,1
1051,3.6884510000000001,0.61035300000000003,20.421802,17.286573000000001,0.033804000000000001,24.934882999999999,1,1
1052,3.7038869999999999,0.59792199999999995,23.335978999999998,20.265353999999999,0.032406999999999998,27.854438999999999,1,1
1053,3.7079369999999998,0.59966699999999995,37.984672000000003,34.875773000000002,0.037226000000000002,42.516959999999997,1,1
1054,3.75515,0.615591,30.769525000000002,27.646028999999999,0.036736999999999999,35.369349999999997,1,1
1055,3.7585039999999998,0.60825799999999997,27.149588000000001,24.027141,0.048681000000000002,31.763662,1,1
1056,3.8108149999999998,0.66343399999999997,28.824271,25.832709000000001,0.035270999999999997,33.544994000000003,1,1
1057,3.7513800000000002,0.58094999999999997,19.976626,16.915430000000001,0.037226000000000002,24.545791000000001,1,1
1058,3.8368669999999998,0.60420700000000005,26.258538000000001,23.355815,0.031498999999999999,30.914587000000001,1,1
1059,3.6668699999999999,0.60616300000000001,20.009032999999999,16.993164,0.036596999999999998,24.554660999999999,1,1
1060,3.789514,0.60511499999999996,13.112367000000001,10.139313,0.031918000000000002,17.727139000000001,1,1
1061,3.7601800000000001,0.602321,23.264320999999999,20.357406999999998,0.041765999999999998,27.852204,1,1
1062,3.6100880000000002,0.59477899999999995,16.216307,13.342148999999999,0.031009999999999999,20.631049999999998,1,1
1063,3.5905320000000001,0.64276,34.053448000000003,31.036601999999998,0.040160000000000001,38.520572999999999,1,1
1064,3.615116,0.62837299999999996,19.871372999999998,16.937431,0.030521,24.329418,1,1
1065,3.5836869999999998,0.57578200000000002,16.541912,13.642821,0.053428999999999997,20.951487,1,1
1066,3.595351,0.58451200000000003,40.632888999999999,37.722831999999997,0.035200000000000002,45.029473000000003,1,1
1067,3.6143480000000001,0.60392800000000002,33.419486999999997,30.525635000000001,0.044559000000000001,37.861609000000001,1,1
1068,3.418091,0.58402299999999996,46.755141000000002,43.906267,0.059575999999999997,62.417946000000001,1,1
1069,3.439603,0.57208000000000003,36.620159000000001,33.716807000000003,0.034782,40.843114,1,1
1070,3.3834490000000002,0.58702600000000005,50.035013999999997,47.208557999999996,0.059995,65.543606999999994,1,1
1071,3.3577469999999998,0.55859999999999999,32.835394999999998,30.006983999999999,0.033383999999999997,36.955333000000003,1,1
1072,3.248094,0.52738099999999999,53.840800999999999,50.924177999999998,0.038622999999999998,57.819586999999999,1,1
1073,3.2883939999999998,0.54086000000000001,39.265653,36.485501999999997,0.032896000000000002,43.295774000000002,1,1
1074,3.5615480000000002,0.61733800000000005,35.390512000000001,32.535142999999998,0.033384999999999998,39.789610000000003,1,1
1075,3.6834920000000002,0.59841,15.552384999999999,12.750862,0.036667999999999999,20.085090999999998,1,1
1076,3.6329259999999999,0.59785200000000005,23.258174,20.505613,0.031220000000000001,27.700925000000002,1,1
1077,3.6879620000000002,0.59645499999999996,17.097998,14.391392,0.030032,21.596204,1,1
1078,3.6832129999999998,0.59743199999999996,21.784848,19.177976999999998,0.031009999999999999,26.273554000000001,1,1
1079,3.759271,0.67439899999999997,26.036579,23.442139999999998,0.037574999999999997,30.692976999999999,1,1
1080,3.7274240000000001,0.59673399999999999,25.269499,22.704674000000001,0.032197000000000003,29.818549000000001,1,1
1081,3.7425090000000001,0.58982000000000001,21.734701000000001,19.292238999999999,0.03108,26.280049999999999,1,1
1082,3.7128960000000002,0.59987699999999999,23.541595999999998,21.170373000000001,0.031009999999999999,28.059287000000001,1,1
1083,3.9390459999999998,0.59191499999999997,22.390871000000001,20.020627000000001,0.034712,27.132617,1,1
1084,3.6040109999999999,0.59030899999999997,23.936135,21.627703,0.057201000000000002,35.614078999999997,1,1
1085,3.5685319999999998,0.57745800000000003,26.544892000000001,24.147898999999999,0.052451999999999999,38.250422,1,1
1086,3.7904209999999998,0.61538199999999998,40.287168000000001,37.891222999999997,0.037714999999999999,44.910462000000003,1,1
1087,3.6285959999999999,0.58290600000000004,30.096381999999998,27.823778000000001,0.052033000000000003,41.699103999999998,1,1
1088,3.566646,0.560975,31.556229999999999,29.312121000000001,0.078712000000000004,43.777476999999998,1,1
1089,3.58264,0.60371799999999998,23.613952000000001,21.264382000000001,0.062019999999999999,35.155631999999997,1,1
1090,3.6083419999999999,0.604626,19.881779999999999,17.590596999999999,0.049658000000000001,31.690187999999999,1,1
1091,3.5804049999999998,0.57696899999999995,22.190214000000001,19.856566999999998,0.038972,26.573457000000001,1,1
1092,3.619866,0.58129900000000001,23.810559000000001,21.490950999999999,0.033384999999999998,28.225162999999998,1,1
1093,3.554144,0.57654899999999998,21.779121,19.515037,0.031428999999999999,26.112777000000001,1,1
1094,3.6371869999999999,0.58150900000000005,24.707405999999999,22.434034,0.035829,29.140238,1,1
1095,3.7321029999999999,0.57012399999999996,20.179587999999999,17.931567999999999,0.031428999999999999,24.686803000000001,1,1
1096,3.562176,0.57082200000000005,20.639430999999998,18.283994,0.031918000000000002,24.982237000000001,1,1
1097,3.6083409999999998,0.56649300000000002,18.455525999999999,16.170421000000001,0.031428999999999999,22.837793000000001,1,1
1098,3.4924040000000001,0.59917799999999999,21.142226999999998,18.807950999999999,0.038064000000000001,25.465826,1,1
1099,3.5148229999999998,0.57724900000000001,27.972193000000001,25.598806,0.033384999999999998,32.276933999999997,1,1
1100,3.4465870000000001,0.55133699999999997,27.933361000000001,25.492715,0.033384999999999998,32.138646000000001,1,1
1101,3.2868569999999999,0.52123399999999998,33.302360999999998,30.608536999999998,0.040299000000000001,37.320189999999997,1,1
1102,3.343499,0.55336200000000002,47.628101999999998,44.886296000000002,0.035409999999999997,51.729182999999999,1,1
1103,3.2126839999999999,0.52633300000000005,42.507531,39.737927999999997,0.039530999999999997,46.459009000000002,1,1
1104,3.4602759999999999,0.54742500000000005,64.633349999999993,61.772531999999998,0.043860999999999997,68.855048999999994,1,1
1105,3.5760049999999999,0.55825000000000002,45.555038000000003,42.690657999999999,0.038972,49.907550999999998,1,1
1106,3.405729,0.57242899999999997,46.419128999999998,43.495173000000001,0.034782,50.611634000000002,1,1
1107,3.4388339999999999,0.55678499999999997,34.208219,31.239004999999999,0.039740999999999999,38.421745000000001,1,1
1108,3.5777510000000001,0.57822600000000002,31.397478,28.331462999999999,0.067537,46.504337,1,1
1109,3.4406500000000002,0.55901900000000004,47.165885000000003,44.007677999999999,0.039949999999999999,51.383184,1,1
1110,3.4249360000000002,0.55713400000000002,40.130651,36.996400000000001,0.039600999999999997,44.321829000000001,1,1
1111,3.434574,0.56551399999999996,27.611387000000001,24.554031999999999,0.036039000000000002,31.839860000000002,1,1
1112,3.3360259999999999,0.566353,42.595602999999997,39.539296,0.040509000000000003,46.710023,1,1
1113,3.3580260000000002,0.55028900000000003,30.893982999999999,27.823708,0.034710999999999999,35.003794999999997,1,1
1114,3.4199069999999998,0.55336200000000002,52.661439999999999,49.608066999999998,0.039949999999999999,56.849125999999998,1,1
1115,3.46726,0.56293000000000004,26.962969000000001,23.856655,0.034223000000000003,31.204922,1,1
1116,3.3454549999999998,0.547705,14.879242,11.881952,0.032267999999999998,18.966982999999999,1,1
1117,3.3134670000000002,0.52898699999999999,15.056222999999999,12.065219000000001,0.030521,19.090254999999999,1,1
1118,3.3089270000000002,0.52800899999999995,44.655186999999998,41.559350000000002,0.040647999999999997,48.699137,1,1
1119,3.3861029999999999,0.55496800000000002,15.362482,12.223482000000001,0.031848000000000001,19.507563999999999,1,1
1120,3.3397969999999999,0.55168600000000001,52.399810000000002,49.306207999999998,0.039530999999999997,56.499704000000001,1,1
1121,3.3536260000000002,0.54358399999999996,36.912520000000001,33.802084999999998,0.038973000000000001,41.017021999999997,1,1
1122,3.4452600000000002,0.554759,39.791426999999999,36.710394999999998,0.040926999999999998,44.001043000000003,1,1
1123,3.4328270000000001,0.55273300000000003,34.222816000000002,31.130749999999999,0.034292999999999997,38.417555,1,1
1124,3.3457340000000002,0.53659999999999997,15.657916,12.524922,0.034361999999999997,19.744679000000001,1,1
1125,3.3798170000000001,0.54924099999999998,9.211176,6.1530529999999999,0.030939999999999999,13.334816,1,1
1126,3.4444910000000002,0.54099900000000001,54.944661000000004,51.815857000000001,0.051124999999999997,59.166150000000002,1,1
1127,3.438485,0.55615599999999998,51.531249000000003,48.417043,0.034710999999999999,55.734718999999998,1,1
1128,3.4170430000000001,0.54505099999999995,28.128430999999999,24.936838999999999,0.038552999999999997,32.298026999999998,1,1
1129,3.3421020000000001,0.61035399999999995,31.285032000000001,28.0669,0.033804000000000001,35.439891000000003,1,1
1130,3.3796080000000002,0.55692399999999997,43.914368000000003,40.669417000000003,0.040857999999999998,48.060637,1,1
1131,3.2757520000000002,0.54051099999999996,49.216040999999997,46.003008000000001,0.039461000000000003,53.240575,1,1
1132,3.2788249999999999,0.56774999999999998,15.488199,12.305896000000001,0.032896000000000002,19.536339000000002,1,1
1133,3.4518939999999998,0.52353899999999998,31.696404000000001,28.435946999999999,0.038204000000000002,35.896033000000003,1,1
1134,3.2931430000000002,0.54100000000000004,40.592730000000003,37.310203000000001,0.039112000000000001,44.634583999999997,1,1
1135,3.2895810000000001,0.56774899999999995,49.581316999999999,46.342720999999997,0.036806999999999999,53.647965999999997,1,1
1136,3.4581110000000002,0.53743799999999997,27.626054,24.384803999999999,0.035270000000000003,31.829384000000001,1,1
1137,3.377094,0.540022,52.318375000000003,48.913623000000001,0.048120999999999997,56.449418000000001,1,1
1138,3.2633890000000001,0.57717799999999997,50.109116999999998,46.786850000000001,0.037016,54.157466999999997,1,1
1139,3.3478300000000001,0.52828900000000001,63.177762000000001,59.831470000000003,0.040926999999999998,67.264105999999998,1,1
1140,3.23245,0.52116499999999999,56.232346999999997,52.953311999999997,0.036178000000000002,60.187247999999997,1,1
1141,3.19278,0.52500599999999997,38.190427,34.877729000000002,0.041695999999999997,42.117181000000002,1,1
1142,3.2385950000000001,0.54435199999999995,19.01727,15.707644,0.033384999999999998,23.003668999999999,1,1
1143,3.2253949999999998,0.51432,18.339797999999998,15.122363999999999,0.032336999999999998,22.272556999999999,1,1
1144,3.2105190000000001,0.52752100000000002,15.705897,12.509556999999999,0.032965000000000001,19.634537000000002,1,1
1145,3.3014549999999998,0.54993899999999996,56.021422999999999,52.717593999999998,0.041904999999999998,60.084229999999998,1,1
1146,3.23245,0.52305000000000001,15.437702,12.201691,0.038761999999999998,19.397143,1,1
1147,3.3425220000000002,0.51760200000000001,53.845131000000002,50.490875000000003,0.042464000000000002,57.913035999999998,1,1
1148,3.2983120000000001,0.57536299999999996,43.687170000000002,40.392282000000002,0.038622999999999998,47.763736000000002,1,1
1149,3.2272110000000001,0.52605400000000002,47.326383,44.029189000000002,0.039739999999999998,51.286242000000001,1,1
1150,3.2281200000000001,0.54037100000000005,33.927661000000001,30.682220999999998,0.034780999999999999,37.892828999999999,1,1
1151,3.3043870000000002,0.51292300000000002,42.866801000000002,39.617310000000003,0.040439000000000003,46.905093000000001,1,1
1152,3.124822,0.52200199999999997,37.369010000000003,34.104362999999999,0.035758999999999999,41.219985000000001,1,1
1153,3.199065,0.52298,37.762293,34.460419999999999,0.042535000000000003,41.687579999999997,1,1
1154,3.3336519999999998,0.52465600000000001,43.767769000000001,40.380128999999997,0.039530000000000003,47.839306000000001,1,1
1155,3.2629709999999998,0.530524,47.870525999999998,44.530588000000002,0.046235999999999999,51.877389000000001,1,1
1156,3.4641169999999999,0.53890400000000005,18.695295999999999,14.729849,0.063417000000000001,22.942836,1,1
1157,3.120492,0.63633499999999998,43.864221999999998,40.530011000000002,0.046585000000000001,47.833649000000001,1,1
1158,3.2468379999999999,0.522142,44.004953999999998,40.559345,0.044907999999999997,47.998617000000003,1,1
1159,3.2265830000000002,0.52591399999999999,49.680143999999999,46.287545999999999,0.042325000000000002,53.647826000000002,1,1
1160,3.1056859999999999,0.51683400000000002,15.748291999999999,12.457874,0.032896000000000002,19.562809000000001,1,1
1161,3.095488,0.50950099999999998,40.062904000000003,36.803984999999997,0.041626000000000003,43.867294000000001,1,1
1162,3.2515860000000001,0.52437699999999998,37.203344000000001,33.863475999999999,0.047213999999999999,41.203012999999999,1,1
1163,3.1612809999999998,0.50880199999999998,40.133934000000004,36.811877000000003,0.043930999999999998,44.007956999999998,1,1
1164,3.1489180000000001,0.51732299999999998,43.503763999999997,40.186315999999998,0.044211,47.391475999999997,1,1
1165,3.2364999999999999,0.512154,40.979168000000001,37.6173,0.042604000000000003,44.936512999999998,1,1
1166,3.216316,0.51606600000000002,15.836433,12.5259,0.037365000000000002,19.764374,1,1
1167,3.1947350000000001,0.50698699999999997,31.446438000000001,28.095953999999999,0.037504999999999997,35.349443999999998,1,1
1168,3.1256599999999999,0.52584399999999998,37.363562000000002,34.119309000000001,0.035270000000000003,41.209997000000001,1,1
1169,3.141375,0.50971100000000003,18.460903999999999,15.232016,0.034083000000000002,22.303357999999999,1,1
1170,3.1438199999999998,0.50007299999999999,36.765990000000002,33.548625999999999,0.034013000000000002,40.606349000000002,1,1
1171,3.1709179999999999,0.50747600000000004,53.479086000000002,50.203614000000002,0.040439000000000003,57.352899000000001,1,1
1172,3.162747,0.50803399999999999,25.17577,21.869218,0.036248000000000002,29.044834000000002,1,1
1173,3.1535280000000001,0.49874499999999999,34.813263999999997,31.482545999999999,0.040439000000000003,38.665984999999999,1,1
1174,3.1142069999999999,0.50286600000000004,46.728391999999999,43.40361,0.040857999999999998,50.545214000000001,1,1
1175,3.1265689999999999,0.50712599999999997,15.543583999999999,12.289833,0.031987000000000002,19.378495000000001,1,1
1176,3.035075,0.49560199999999999,49.812565999999997,46.485619,0.039949999999999999,53.541525999999998,1,1
1177,3.1257999999999999,0.51166599999999995,43.633392000000001,40.307493000000001,0.040996999999999999,47.474519000000001,1,1
1178,3.0861299999999998,0.50524100000000005,41.179127000000001,37.841633999999999,0.038761999999999998,44.969966999999997,1,1
1179,3.1194440000000001,0.50621799999999995,12.693243000000001,9.4311799999999995,0.033593999999999999,16.509366,1,1
1180,3.1947350000000001,0.48324,36.869008000000001,33.697740000000003,0.033314999999999997,40.742192000000003,1,1
1181,3.108479,0.51117800000000002,34.478648999999997,31.153238999999999,0.041556000000000003,38.299382000000001,1,1
1182,2.9891179999999999,0.49246000000000001,12.613621999999999,9.3314450000000004,0.033803,16.292784000000001,1,1
1183,3.0932529999999998,0.47604600000000002,33.858238999999998,30.625019999999999,0.036178000000000002,37.618558,1,1
1184,3.0940219999999998,0.491062,36.596342999999997,33.396369999999997,0.034780999999999999,40.385367000000002,1,1
1185,3.2091219999999998,0.50922100000000003,50.249780000000001,47.021590000000003,0.039949999999999999,54.166476000000003,1,1
1186,3.0353539999999999,0.49392599999999998,12.59686,9.3144729999999996,0.033593999999999999,16.314993999999999,1,1
1187,3.030605,0.48372900000000002,41.601185000000001,38.304062000000002,0.040647999999999997,45.308284,1,1
1188,3.0449929999999998,0.49972299999999997,43.701908000000003,40.415190000000003,0.037644999999999998,47.453426999999998,1,1
1189,3.026484,0.49553199999999997,44.807792999999997,41.470090999999996,0.043022999999999999,48.531376000000002,1,1
1190,3.0473669999999999,0.493786,34.899729000000001,31.518025999999999,0.037296000000000003,38.641401000000002,1,1
1191,3.104568,0.49671999999999999,12.540428,9.3461110000000005,0.03108,16.324701999999998,1,1
1192,3.0046240000000002,0.48233199999999998,15.518789999999999,12.379231000000001,0.032896000000000002,19.191037999999999,1,1
1193,3.029976,0.49252899999999999,46.329801000000003,43.063406999999998,0.039461000000000003,50.043115999999998,1,1
1194,3.0308139999999999,0.49273899999999998,40.907229999999998,37.589224000000002,0.033944000000000002,44.623339999999999,1,1
1195,3.095558,0.48142400000000002,22.252723,18.966004999999999,0.051963000000000002,26.038605,1,1
1196,2.9592260000000001,0.51383100000000004,30.824490000000001,27.629964999999999,0.034292999999999997,34.480395000000001,1,1
1197,3.093324,0.491481,46.204293999999997,42.998942999999997,0.034292999999999997,49.977324000000003,1,1
1198,3.1880999999999999,0.478771,15.966697,12.672603000000001,0.040647999999999997,19.844211000000001,1,1
1199,3.0255510000000001,0.48987199999999997,12.396518,9.1666089999999993,0.032406999999999998,16.09723,1,1
1200,3.0608209999999998,0.48575099999999999,18.239001999999999,15.083895,0.032405999999999997,21.965555999999999,1,1
1201,2.9775700000000001,0.48959200000000003,30.646135999999998,27.442976000000002,0.037644999999999998,34.302289999999999,1,1
1202,2.9828769999999998,0.48190899999999998,37.570681,34.312207000000001,0.039040999999999999,41.237310000000001,1,1
1203,2.9392269999999998,0.47764800000000002,18.742073000000001,15.545968,0.032405999999999997,22.340398,1,1
1204,3.0120719999999999,0.528424,39.145336,35.992044,0.03073,42.856875000000002,1,1
1205,2.9179940000000002,0.45809299999999997,42.996000000000002,39.795563999999999,0.039949999999999999,46.557935999999998,1,1
1206,2.9875569999999998,0.489033,12.259278999999999,9.0791679999999992,0.030311999999999999,15.945743,1,1
1207,2.9993599999999998,0.50390900000000005,18.866112000000001,15.615461,0.037226000000000002,22.571224999999998,1,1
1208,3.0528590000000002,0.51333799999999996,39.331603999999999,36.033251,0.041137,43.097968999999999,1,1
1209,3.0454560000000002,0.50439800000000001,42.665785999999997,39.366594999999997,0.042324000000000001,46.418531999999999,1,1
1210,3.0188470000000001,0.49294399999999999,65.855740999999995,62.491526999999998,0.042534000000000002,69.587323999999995,1,1
1211,3.07891,0.54315999999999998,15.543314000000001,12.21898,0.032966000000000002,19.356193000000001,1,1
1212,3.0130490000000001,0.49420199999999997,18.274899999999999,15.086129,0.031988000000000003,21.966463999999998,1,1
1213,2.9792459999999998,0.48121000000000003,39.661327999999997,36.408580999999998,0.039530999999999997,43.318947999999999,1,1
1214,3.0773730000000001,0.49490000000000001,12.260954,9.0503929999999997,0.034292000000000003,16.016981999999999,1,1
1215,3.0766049999999998,0.48994100000000002,12.270244,9.0772820000000003,0.031289999999999998,16.019006999999998,1,1
1216,3.1236090000000001,0.47981400000000002,49.859991999999998,46.559472999999997,0.043511000000000001,53.661276000000001,1,1
1217,2.982599,0.48777599999999999,21.219923999999999,17.973673000000002,0.034013000000000002,24.875240000000002,1,1
1218,3.0899459999999999,0.47904600000000003,47.974818999999997,44.705869,0.035618999999999998,51.731684000000001,1,1
1219,3.0233159999999999,0.48330600000000001,37.402012999999997,34.116300000000003,0.040368000000000001,41.100909000000001,1,1
1220,2.9752649999999998,0.49133700000000002,55.336782999999997,52.057008000000003,0.036248000000000002,58.997056999999998,1,1
1221,3.07877,0.494062,15.269114999999999,11.856151000000001,0.040508000000000002,19.033593,1,1
1222,2.9823189999999999,0.53938900000000001,45.554727,42.338017999999998,0.038972,49.271712999999998,1,1
1223,3.07437,0.49531900000000001,21.131084999999999,17.885670999999999,0.033314000000000003,24.884179,1,1
1224,2.9631120000000002,0.47925600000000002,43.102508999999998,39.822592999999998,0.039181000000000001,46.737848999999997,1,1
1225,2.9650669999999999,0.49210599999999999,33.123567999999999,29.873194999999999,0.036248000000000002,36.766382,1,1
1226,2.9118490000000001,0.47757899999999998,15.21387,12.067912,0.032825,18.779717999999999,1,1
1227,3.0620080000000001,0.53631600000000001,45.178209000000003,41.838718999999998,0.040160000000000001,48.983055999999998,1,1
1228,2.9885350000000002,0.48707800000000001,52.283296,48.958959999999998,0.042534000000000002,55.960889999999999,1,1
1229,3.002713,0.48854399999999998,42.343466999999997,39.044764000000001,0.040787999999999998,46.025531000000001,1,1
1230,3.006694,0.48428399999999999,15.352926,12.067493000000001,0.034292999999999997,19.032056999999998,1,1
1231,2.944045,0.48973100000000003,15.388824,12.198656,0.032895000000000001,19.00433,1,1
1232,3.1145990000000001,0.47632200000000002,18.417936999999998,15.184676,0.031988000000000003,22.195336000000001,1,1
1233,2.964998,0.48609999999999998,58.283273000000001,54.995257000000002,0.042882999999999998,61.939287,1,1
1234,3.050694,0.49315399999999998,15.479827999999999,12.181824000000001,0.035758999999999999,19.209944,1,1
1235,2.9559890000000002,0.48218899999999998,18.486871000000001,15.221202999999999,0.038692999999999998,22.115157,1,1
1236,2.976731,0.47401700000000002,12.952669,9.6304990000000004,0.041974999999999998,16.602675999999999,1,1
1237,2.9876269999999998,0.494481,33.269747000000002,30.013159000000002,0.035758999999999999,36.938890999999998,1,1
1238,3.000966,0.47282999999999997,24.265658999999999,21.048323,0.033873,27.918181000000001,1,1
1239,2.9825279999999998,0.48253699999999999,38.433717000000001,35.174056,0.040299000000000001,42.086866999999998,1,1
1240,2.9957989999999999,0.48568099999999997,30.131679999999999,26.872927000000001,0.036178000000000002,33.804665999999997,1,1
1241,3.0242239999999998,0.48135099999999997,27.262505000000001,24.019955,0.033384999999999998,30.952462000000001,1,1
1242,3.0656400000000001,0.46542600000000001,15.222531,11.864043000000001,0.043512000000000002,18.946151,1,1
1243,3.0202429999999998,0.51382700000000003,15.041919,11.904761000000001,0.032965000000000001,18.760650999999999,1,1
1244,2.8779750000000002,0.47087400000000001,23.897033,20.700021,0.033943000000000001,27.420069000000002,1,1
1245,2.9306359999999998,0.46954699999999999,23.988667,20.783411999999998,0.034782,27.573371999999999,1,1
1246,2.9704459999999999,0.47164200000000001,29.689651000000001,26.471266,0.040089,33.326459,1,1
1247,3.1178819999999998,0.48498200000000002,39.332791999999998,36.014533,0.039669999999999997,43.129885999999999,1,1
1248,3.059145,0.479744,15.036053000000001,11.781909000000001,0.033804000000000001,18.756041,1,1
1249,3.0324650000000002,0.47618300000000002,18.125088999999999,14.923258000000001,0.034571999999999999,21.813091,1,1
1250,3.0019450000000001,0.476881,15.254448,12.036902,0.037714999999999999,18.920659000000001,1,1
1251,3.0048780000000002,0.47436600000000001,41.887538999999997,38.656582999999998,0.044489000000000001,45.564086000000003,1,1
1252,3.006275,0.48169899999999999,21.161536000000002,17.885672,0.032405999999999997,24.842344000000001,1,1
1253,2.9698169999999999,0.491338,41.472816999999999,38.237949999999998,0.042324000000000001,45.132463000000001,1,1
1254,3.002224,0.473109,50.834426000000001,47.526572999999999,0.036248000000000002,54.508808000000002,1,1
1255,3.1393230000000001,0.477719,24.23451,20.914995000000001,0.039112000000000001,28.042010999999999,1,1
1256,3.0320459999999998,0.48623899999999998,20.663983000000002,17.476678,0.033874000000000001,24.376010000000001,1,1
1257,3.0000580000000001,0.47178199999999998,18.029546,14.830508,0.031708,21.684722000000001,1,1
1258,2.9587119999999998,0.460538,20.527791000000001,17.344118000000002,0.034292000000000003,24.135473999999999,1,1
1259,3.0067629999999999,0.47373799999999999,17.827703,14.552467999999999,0.045186999999999998,21.505578,1,1
1260,3.0242239999999998,0.49427100000000002,21.132133,17.809335000000001,0.061530000000000001,24.862597999999998,1,1
1261,2.899486,0.46675299999999997,17.746547,14.538429000000001,0.033874000000000001,21.290185000000001,1,1
1262,2.9918179999999999,0.47101399999999999,17.470600999999998,14.295938,0.035409999999999997,21.119212000000001,1,1
1263,2.936782,0.47108299999999997,32.106389999999998,28.808805,0.042115,35.715471000000001,1,1
1264,3.0849859999999998,0.47946499999999997,14.894133999999999,11.631957999999999,0.032615999999999999,18.638217999999998,1,1
1265,2.903886,0.48065200000000002,29.111848999999999,25.967008,0.032896000000000002,32.676997999999998,1,1
1266,2.908496,0.46500799999999998,14.848876000000001,11.659826000000001,0.031428999999999999,18.402083000000001,1,1
1267,2.907937,0.46451900000000002,14.520829000000001,11.439334000000001,0.040578999999999997,18.082905,1,1
1268,2.8580009999999998,0.488404,26.521972000000002,23.313154999999998,0.056153000000000002,30.074339999999999,1,1
1269,2.957595,0.48135,15.003087000000001,11.717096,0.039040999999999999,18.635285,1,1
1270,2.9184830000000002,0.47806799999999999,33.029350999999998,29.785613999999999,0.036736999999999999,36.612869000000003,1,1
1271,3.0028519999999999,0.48044199999999998,17.705480000000001,14.423469000000001,0.037713999999999998,21.375461999999999,1,1
1272,2.990211,0.49587700000000001,15.132783,11.938145,0.031848000000000001,18.813801000000002,1,1
1273,2.9554999999999998,0.49406099999999997,14.624822999999999,11.485779000000001,0.031009999999999999,18.254017999999999,1,1
1274,2.9103810000000001,0.46800999999999998,29.371241999999999,26.228216,0.033593999999999999,32.925705999999998,1,1
1275,2.9533339999999999,0.465916,17.490227000000001,14.376326000000001,0.032406999999999998,21.086804999999998,1,1
1276,2.9272130000000001,0.46354099999999998,18.197306000000001,14.918438999999999,0.039042,21.782361000000002,1,1
1277,2.9796649999999998,0.47276000000000001,18.167414000000001,14.860749999999999,0.036248000000000002,21.807922999999999,1,1
1278,2.896064,0.47478500000000001,38.488123000000002,35.240963999999998,0.034571999999999999,42.040422999999997,1,1
1279,2.9911189999999999,0.46828999999999998,17.516628000000001,14.304669000000001,0.043091999999999998,21.178857000000001,1,1
1280,2.9428580000000002,0.487147,23.415614000000001,20.266093999999999,0.033384999999999998,27.030351,1,1
1281,2.969049,0.474296,29.838135000000001,26.629667999999999,0.035618999999999998,33.461252999999999,1,1
1282,2.9246300000000001,0.47073399999999999,20.396698000000001,17.230066000000001,0.035061000000000002,23.975815000000001,1,1
1283,3.0804469999999999,0.49853199999999998,15.217851,11.935771000000001,0.038972,18.987148000000001,1,1
1284,2.8824450000000001,0.47436600000000001,14.944141,11.745452,0.037296000000000003,18.497696999999999,1,1
1285,2.9309850000000002,0.47031499999999998,11.897148,8.7466500000000007,0.037296000000000003,15.487092000000001,1,1
1286,2.970097,0.47513499999999997,26.227588000000001,23.081769000000001,0.033383999999999997,29.853570000000001,1,1
1287,2.960388,0.46843000000000001,26.700278000000001,23.391169000000001,0.042604000000000003,30.326260000000001,1,1
1288,2.916528,0.50495699999999999,15.056027,11.910977000000001,0.031428999999999999,18.657564000000001,1,1
1289,2.899975,0.483516,12.09529,8.9229310000000002,0.032197000000000003,15.657296000000001,1,1
1290,2.9955189999999998,0.48351499999999997,38.342294000000003,35.179991999999999,0.036735999999999998,42.002428999999999,1,1
1291,2.8998360000000001,0.46172400000000002,17.548615000000002,14.310954000000001,0.037156000000000002,21.093021,1,1
1292,3.0197539999999998,0.51333799999999996,24.069334000000001,20.825735999999999,0.037644999999999998,27.792396,1,1
1293,2.8901970000000001,0.49287399999999998,25.942982000000001,22.779214,0.032965000000000001,29.507853000000001,1,1
1294,3.0194049999999999,0.47366799999999998,15.010281000000001,11.805446,0.035270000000000003,18.687597,1,1
1295,2.9221849999999998,0.53268400000000005,23.705807,20.559849,0.034292999999999997,27.344778999999999,1,1
1296,2.957036,0.47813699999999998,29.997164999999999,26.721999,0.037504999999999997,33.621679999999998,1,1
1297,2.9455119999999999,0.48309600000000003,11.760538,8.6263120000000004,0.030521,15.367312999999999,1,1
1298,3.0578180000000001,0.471223,23.404717999999999,20.274474000000001,0.032405999999999997,27.113184,1,1
1299,2.8990670000000001,0.51620100000000002,14.766742000000001,11.667647000000001,0.031848000000000001,18.358362,1,1
1300,2.9347569999999998,0.47087400000000001,18.424361999999999,15.104009,0.039879999999999999,22.019822999999999,1,1
1301,2.899486,0.48190899999999998,14.720018,11.549894,0.032197000000000003,18.279022000000001,1,1
1302,3.072066,0.47010600000000002,43.402408999999999,40.226908000000002,0.049797000000000001,47.144537999999997,1,1
1303,2.9721920000000002,0.46912900000000002,15.087386,11.816621,0.036875999999999999,18.726219,1,1
1304,3.0481799999999999,0.51787700000000003,43.850653999999999,40.636740000000003,0.037365000000000002,47.601584000000003,1,1
1305,2.924839,0.47569299999999998,32.047165,28.89939,0.034292999999999997,35.630192999999998,1,1
1306,2.8651249999999999,0.46144600000000002,18.171675,14.919276999999999,0.039530000000000003,21.687306,1,1
1307,2.8925719999999999,0.46926800000000002,15.074185999999999,11.866208,0.032406999999999998,18.615729000000002,1,1
1308,3.074999,0.46933799999999998,40.611387000000001,37.370024999999998,0.034780999999999999,44.335845999999997,1,1
1309,2.944464,0.47324899999999998,14.901607,11.705850999999999,0.031918000000000002,18.512084000000002,1,1
1310,2.9043049999999999,0.478487,15.240689,12.052407000000001,0.035829,18.822949999999999,1,1
1311,2.9461409999999999,0.47171200000000002,14.942254999999999,11.761934999999999,0.031847,18.540509,1,1
1312,2.970097,0.470665,26.642029999999998,23.483848999999999,0.031987000000000002,30.263331999999998,1,1
1313,2.986021,0.46423900000000001,11.853287,8.7173859999999994,0.036178000000000002,15.488697999999999,1,1
1314,2.9450240000000001,0.46975699999999998,14.601426999999999,11.481938,0.032615999999999999,18.199331999999998,1,1
1315,2.916388,0.46912799999999999,17.717842000000001,14.551629,0.037504999999999997,21.286973,1,1
1316,3.124727,0.47995399999999999,15.105195999999999,11.860272,0.033384999999999998,18.896353999999999,1,1
1317,2.8955760000000001,0.46291199999999999,14.605198,11.448204,0.031428999999999999,18.136963999999999,1,1
1318,3.0445479999999998,0.47073500000000001,20.913457999999999,17.724336999999998,0.034292999999999997,24.611656,1,1
1319,2.920509,0.47108299999999997,26.470918000000001,23.244012000000001,0.037296000000000003,30.048708000000001,1,1
1320,2.9094739999999999,0.476881,37.945382000000002,34.790205,0.033873,41.511159999999997,1,1
1321,2.903537,0.47387800000000002,26.759784,23.516535000000001,0.038622999999999998,30.325212000000001,1,1
1322,3.022478,0.47289999999999999,26.925937000000001,23.645394,0.040438000000000002,30.609399,1,1
1323,2.9335,0.48163,12.075664,8.8619590000000006,0.032476999999999999,15.704789,1,1
1324,2.953265,0.485122,29.602069,26.404149,0.032966000000000002,33.234406,1,1
1325,2.948096,0.47066400000000003,15.050929,11.838411000000001,0.034292999999999997,18.654212000000001,1,1
1326,2.985741,0.47115299999999999,29.127075000000001,25.99278,0.037156000000000002,32.766326999999997,1,1
1327,3.050694,0.47366799999999998,41.051043,37.845579000000001,0.033384999999999998,44.758529000000003,1,1
1328,2.9724010000000001,0.46884799999999999,23.868328999999999,20.658255,0.033873,27.494730000000001,1,1
1329,2.948655,0.46563599999999999,14.788881999999999,11.625533000000001,0.033454999999999999,18.377848,1,1
1330,3.1784349999999999,0.46060699999999999,24.060393999999999,20.776078999999999,0.037923999999999999,27.884447999999999,1,1
1331,3.0193349999999999,0.489172,20.831323000000001,17.632984,0.034292000000000003,24.515692999999999,1,1
1332,2.9338489999999999,0.47101399999999999,14.529768000000001,11.399106,0.032197000000000003,18.116289999999999,1,1
1333,3.0069729999999999,0.46444800000000003,32.715063000000001,29.472234,0.037086000000000001,36.374009999999998,1,1
1334,3.0008970000000001,0.46898800000000002,11.969085,8.7915589999999995,0.030939999999999999,15.618812999999999,1,1
1335,2.9762430000000002,0.45997900000000003,40.830202,37.701214999999998,0.033874000000000001,44.446824999999997,1,1
1336,3.0205920000000002,0.473389,35.540446000000003,32.231966,0.040018999999999999,39.221603000000002,1,1
1337,2.9051429999999998,0.47764899999999999,37.795361999999997,34.614552000000003,0.035340000000000003,41.365260999999997,1,1
1338,2.8725269999999998,0.48302600000000001,20.970799,17.662039,0.036806999999999999,24.510525000000001,1,1
1339,3.0077410000000002,0.46312199999999998,14.568042,11.486827,0.031848000000000001,18.22203,1,1
1340,2.9453719999999999,0.46221299999999998,15.089342,11.789662,0.037713999999999998,18.679145999999999,1,1
1341,2.9020709999999998,0.46724199999999999,23.383347000000001,20.118936999999999,0.035758999999999999,26.948566,1,1
1342,2.8975309999999999,0.470804,14.498829000000001,11.373614,0.030939999999999999,18.045679,1,1
1343,2.900045,0.49936900000000001,31.58502,28.499825000000001,0.032406999999999998,35.160158000000003,1,1
1344,2.88035,0.45131900000000003,29.643484999999998,26.392206000000002,0.040996999999999999,33.161282,1,1
1345,2.9200900000000001,0.47199200000000002,20.793329,17.481356999999999,0.044699000000000003,24.383272999999999,1,1
1346,3.067107,0.48456300000000002,32.490031999999999,29.195170999999998,0.038134000000000001,36.254021000000002,1,1
1347,2.9031880000000001,0.49091899999999999,11.744474,8.5682729999999996,0.032896000000000002,15.316468,1,1
1348,2.9468390000000002,0.46214300000000003,20.511308,17.285799999999998,0.036178000000000002,24.114661000000002,1,1
1349,2.883702,0.46961700000000001,20.244931000000001,17.084097,0.032896000000000002,23.773693999999999,1,1
1350,2.9060510000000002,0.46053699999999997,22.939710999999999,19.789283000000001,0.034292999999999997,26.482092000000002,1,1
1351,2.961856,0.45411200000000002,26.788419000000001,23.458845,0.040159,30.394355999999998,1,1
1352,2.9358040000000001,0.478487,29.097252000000001,25.859031999999999,0.034782,32.689151000000003,1,1
1353,2.9416009999999999,0.46409899999999998,20.075495,16.947695,0.032475999999999998,23.665787999999999,1,1
1354,2.908426,0.46654400000000001,19.771194000000001,16.674334000000002,0.033874000000000001,23.335294999999999,1,1
1355,2.9197410000000001,0.45809299999999997,20.015709999999999,16.878412000000001,0.037155000000000001,23.576809000000001,1,1
1356,2.9997090000000002,0.46284199999999998,40.533093999999998,37.327002999999998,0.036108000000000001,44.179540000000003,1,1
1357,2.9279820000000001,0.46032699999999999,26.204609999999999,23.019749999999998,0.034571999999999999,29.775137999999998,1,1
1358,2.8277580000000002,0.45655600000000002,43.747428999999997,40.534281999999997,0.041904999999999998,47.225344999999997,1,1
1359,2.9075880000000001,0.46458899999999997,28.438362999999999,25.297713000000002,0.034361999999999997,31.992757000000001,1,1
1360,2.8920140000000001,0.455509,14.423609000000001,11.312991,0.031988000000000003,17.942592999999999,1,1
1361,2.788367,0.44070300000000001,48.762354999999999,45.631203999999997,0.039949999999999999,52.169243000000002,1,1
1362,2.8358599999999998,0.46018799999999999,14.568600999999999,11.454420000000001,0.031778000000000001,18.038136999999999,1,1
1363,2.786832,0.46060699999999999,11.652073,8.5738610000000008,0.032895000000000001,15.091227999999999,1,1
1364,2.778451,0.44635999999999998,40.974494999999997,37.837197000000003,0.043442000000000001,44.388646000000001,1,1
1365,2.8464070000000001,0.46926699999999999,34.375902000000004,31.230922,0.034361999999999997,37.866670999999997,1,1
1366,2.8408890000000002,0.45271499999999998,39.734102999999998,36.682571000000003,0.033803,43.203848999999998,1,1
1367,2.7079800000000001,0.42722300000000002,23.235980000000001,20.130040999999999,0.041416000000000001,26.560873999999998,1,1
1368,2.8988580000000002,0.47303899999999999,14.512797000000001,11.277301,0.033384999999999998,18.068936999999998,1,1
1369,2.9518680000000002,0.45334400000000002,22.697778,19.597078,0.037714999999999999,26.288211,1,1
1370,2.8392119999999998,0.44712800000000003,20.052796000000001,16.911587000000001,0.031498999999999999,23.537488,1,1
1371,2.8475239999999999,0.48351499999999997,23.036162999999998,19.864502000000002,0.040578000000000003,26.551376000000001,1,1
1372,2.868058,0.46437899999999999,30.955604999999998,27.674223000000001,0.033943000000000001,34.485413999999999,1,1
1373,2.9456509999999998,0.47904600000000003,26.275849000000001,22.951864,0.047772000000000002,29.89303,1,1
1374,3.0698310000000002,0.48498200000000002,37.273783000000002,33.943021999999999,0.038970999999999999,41.019753000000001,1,1
1375,2.9980329999999999,0.499579,48.218147999999999,45.051656000000001,0.034501999999999998,51.901468999999999,1,1
1376,2.9279120000000001,0.473528,25.840105000000001,22.672705000000001,0.060971999999999998,39.719856,1,1
1377,3.124377,0.49545800000000001,26.363430000000001,23.127865,0.039042,30.191046,1,1
1378,2.9705159999999999,0.48910300000000001,28.245460000000001,25.10502,0.054824999999999999,41.601815000000002,1,1
1379,2.9915379999999998,0.47506399999999999,37.606928000000003,34.374017000000002,0.037574999999999997,41.261615999999997,1,1
1380,2.949144,0.478487,43.322091,40.116627000000001,0.033384999999999998,46.937038000000001,1,1
1381,2.846616,0.47129300000000002,33.625312000000001,30.430115000000001,0.039530000000000003,37.146740999999999,1,1
1382,2.793396,0.45725500000000002,40.009140000000002,36.786357000000002,0.038552999999999997,43.443336000000002,1,1
1383,2.7959809999999998,0.44517200000000001,30.833731,27.665284,0.035270000000000003,34.248721000000003,1,1
1384,2.7855050000000001,0.46018799999999999,28.344076999999999,25.172975999999998,0.037994,31.784559000000002,1,1
1385,2.7839680000000002,0.47715999999999997,28.832342000000001,25.635467999999999,0.033384999999999998,32.267584999999997,1,1
1386,2.801917,0.45082899999999998,17.119924999999999,13.995687999999999,0.034780999999999999,20.549302000000001,1,1
1387,2.8779050000000002,0.44202999999999998,14.293354000000001,11.223454,0.031988000000000003,17.785798,1,1
1388,2.9180649999999999,0.47101399999999999,23.255535999999999,20.043298,0.042044999999999999,26.844850000000001,1,1
1389,2.867429,0.46305200000000002,41.357647999999998,38.205264,0.034501999999999998,44.867832,1,1
1390,2.8022670000000001,0.47722900000000001,16.621813,13.536547000000001,0.034292999999999997,20.077100999999999,1,1
1391,2.9027690000000002,0.46354099999999998,22.276492000000001,19.174814000000001,0.035340000000000003,25.829768999999999,1,1
1392,2.9435570000000002,0.46109600000000001,33.750957999999997,30.624275000000001,0.034782,37.334685,1,1
1393,2.9612959999999999,0.476601,20.035964,16.862767000000002,0.032266999999999997,23.649443999999999,1,1
1394,2.8909660000000001,0.531497,53.859417999999998,50.626016999999997,0.060831999999999997,67.306987000000007,1,1
1395,2.8942480000000002,0.49147800000000003,46.357000999999997,43.192743999999998,0.035409999999999997,49.930740999999998,1,1
1396,2.900674,0.468779,22.892776999999999,19.687871999999999,0.038064000000000001,26.445844000000001,1,1
1397,2.9740069999999998,0.48763600000000001,19.713085,16.493932000000001,0.041626000000000003,23.369239,1,1
1398,2.8660320000000001,0.46654400000000001,69.821364000000003,66.505619999999993,0.062927999999999998,83.084200999999993,1,1
1399,2.9720520000000001,0.48651800000000001,25.673742000000001,22.385376000000001,0.034501999999999998,29.320048,1,1
1400,2.8526919999999998,0.45788400000000001,25.743164,22.540493999999999,0.035060000000000001,29.234143,1,1
1401,2.8495499999999998,0.46011800000000003,16.927161000000002,13.768212999999999,0.039040999999999999,20.434830999999999,1,1
1402,2.8452190000000002,0.46724199999999999,53.623072999999998,50.320948000000001,0.039391000000000002,57.115307000000001,1,1
1403,2.8981599999999998,0.47317900000000002,25.565417,22.398226999999999,0.034292999999999997,29.121696,1,1
1404,2.9587129999999999,0.46479799999999999,29.404555999999999,26.130507000000001,0.042882999999999998,33.019154,1,1
1405,2.8106469999999999,0.46403,32.195089000000003,28.944227999999999,0.042044999999999999,35.677965,1,1
1406,2.8722479999999999,0.47324899999999998,23.376852,20.134651000000002,0.035340000000000003,26.902470999999998,1,1
1407,2.8984390000000002,0.46926800000000002,20.176487000000002,16.848869000000001,0.038691999999999997,23.72634,1,1
1408,2.8410989999999998,0.49196600000000001,16.656873999999998,13.518109000000001,0.033873,20.170829000000001,1,1
1409,2.8040120000000002,0.47269,33.262622999999998,30.118061000000001,0.032895000000000001,36.715257000000001,1,1
1410,2.7625959999999998,0.44614999999999999,19.776502000000001,16.687255,0.031988000000000003,23.182552000000001,1,1
1411,2.9443250000000001,0.46612399999999998,33.072304000000003,29.87969,0.040018999999999999,36.669789999999999,1,1
1412,2.870781,0.47562300000000002,22.811481000000001,19.577801000000001,0.033873,26.340104,1,1
1413,3.0045980000000001,0.483097,25.383759000000001,22.157271999999999,0.034851,29.061702,1,1
1414,2.7915809999999999,0.456347,22.682762,19.589604999999999,0.054826,26.130507000000001,1,1
1415,2.891105,0.54888800000000004,17.625581,14.460136,0.033175000000000003,21.252610000000001,1,1
1416,2.8151869999999999,0.46130599999999999,14.727002000000001,11.613241,0.032266999999999997,18.178100000000001,1,1
1417,2.8693140000000001,0.46780100000000002,17.295926999999999,14.174623,0.032686,20.832023,1,1
1418,2.965557,0.47296899999999997,14.451616,11.356851000000001,0.031009999999999999,18.066493000000001,1,1
1419,2.8374670000000002,0.45536900000000002,29.256561000000001,26.021623999999999,0.039530000000000003,32.730148,1,1
1420,2.8542290000000001,0.477858,51.919837999999999,48.69894,0.036038000000000001,55.436866999999999,1,1
1421,2.8755999999999999,0.47960399999999997,43.568843000000001,40.253796999999999,0.046443999999999999,47.132804999999998,1,1
1422,2.9237920000000002,0.50244200000000006,46.281083000000002,43.014228000000003,0.037016,49.903573000000002,1,1
1423,2.9527760000000001,0.47220099999999998,14.93136,11.68895,0.031917000000000001,18.538135,1,1
1424,3.0926689999999999,0.47569400000000001,67.896313000000006,64.565482000000003,0.048959000000000003,71.673850999999999,1,1
1425,2.9279120000000001,0.48882300000000001,40.514795999999997,37.271897000000003,0.041346000000000001,44.127158999999999,1,1
1426,3.121305,0.56530000000000002,55.947132000000003,52.641165999999998,0.037156000000000002,59.828944,1,1
1427,2.9216959999999998,0.48547099999999999,34.708280000000002,31.536549999999998,0.034292000000000003,38.299202000000001,1,1
1428,3.0487389999999999,0.478487,32.758992999999997,29.332550000000001,0.039878999999999998,36.48883,1,1
1429,2.9581529999999998,0.479464,14.993309,11.75055,0.057131000000000001,18.637381000000001,1,1
1430,2.982459,0.494201,54.947974000000002,51.709614000000002,0.043930999999999998,58.624940000000002,1,1
1431,2.968979,0.484983,14.944769000000001,11.664714,0.034921000000000001,18.584091000000001,1,1
1432,2.9139430000000002,0.47534300000000002,17.699124000000001,14.486537,0.033873,21.270001000000001,1,1
1433,2.989652,0.482817,23.432096000000001,20.279153999999998,0.039111,27.109202,1,1
1434,2.920439,0.47464600000000001,52.127338999999999,48.895753999999997,0.044489000000000001,55.715397000000003,1,1
1435,2.9478170000000001,0.50230300000000006,14.864312,11.606256,0.036666999999999998,18.497765999999999,1,1
1436,2.8791630000000001,0.48239799999999999,65.547878999999995,62.369442999999997,0.058736999999999998,78.988602,1,1
1437,2.9557790000000002,0.47387699999999999,35.335251,32.043742000000002,0.039530000000000003,38.959207999999997,1,1
1438,2.9337089999999999,0.46074700000000002,37.436165000000003,34.250816,0.036806999999999999,41.012698999999998,1,1
1439,3.058446,0.46696300000000002,65.333533000000003,62.151327000000002,0.040159,69.044234000000003,1,1
1440,2.9182039999999998,0.46724300000000002,78.765597,75.532126000000005,0.040578000000000003,82.340733999999998,1,1
1441,2.908776,0.46235300000000001,65.057518999999999,61.901572999999999,0.042603000000000002,68.620572999999993,1,1
1442,3.0553729999999999,0.489172,64.448008000000002,61.241287,0.040717999999999997,68.186435000000003,1,1
1443,2.9745659999999998,0.473109,23.064938000000001,19.939723000000001,0.032405999999999997,26.703769999999999,1,1
1444,2.9550809999999998,0.45208599999999999,74.421850000000006,71.178532000000004,0.043442000000000001,78.023876000000001,1,1
1445,2.9184839999999999,0.48665900000000001,67.573014000000001,64.283390999999995,0.040926999999999998,71.166867999999994,1,1
1446,2.9957980000000002,0.49196600000000001,63.393954000000001,60.010533000000002,0.040090000000000001,67.072457,1,1
1447,2.9715630000000002,0.46703299999999998,66.144608000000005,62.927061000000002,0.036178000000000002,69.768074999999996,1,1
1448,2.9605290000000002,0.46095700000000001,50.496670000000002,47.224088999999999,0.042743000000000003,54.109312000000003,1,1
1449,2.9371309999999999,0.47248000000000001,57.25562,54.040658000000001,0.034991000000000001,60.854362999999999,1,1
1450,3.0812149999999998,0.468499,32.652903000000002,29.317882000000001,0.043651000000000002,36.396568000000002,1,1
1451,3.0064850000000001,0.48498200000000002,29.138248999999998,25.903312,0.033384999999999998,32.827368,1,1
1452,3.0210810000000001,0.49734499999999998,32.285603999999999,29.022660999999999,0.042534000000000002,35.997213000000002,1,1
1453,2.9089849999999999,0.49908999999999998,31.946034000000001,28.738195000000001,0.047003999999999997,35.553716999999999,1,1
1454,2.8971809999999998,0.48763600000000001,31.670227000000001,28.481247,0.035829,35.241033999999999,1,1
1455,3.0530689999999998,0.487008,26.198045,22.983153000000001,0.034851,29.921735999999999,1,1
1456,2.9010929999999999,0.47736899999999999,29.433681,26.251543999999999,0.033873,32.987724999999998,1,1
1457,2.9337080000000002,0.46982600000000002,37.952786000000003,34.735449000000003,0.038831999999999998,41.547060000000002,1,1
1458,3.1215139999999999,0.49545899999999998,20.195692000000001,16.994907999999999,0.037994,24.001448,1,1
1459,2.8999060000000001,0.47387699999999999,23.111592000000002,19.978624,0.034292999999999997,26.668081000000001,1,1
1460,2.9791759999999998,0.48100100000000001,43.993482,40.815325000000001,0.035131000000000003,47.637413000000002,1,1
1461,2.93336,0.48072199999999998,37.900893000000003,34.607010000000002,0.040647999999999997,41.502361000000001,1,1
1462,3.1202570000000001,0.47911599999999999,11.802023999999999,8.6397919999999999,0.034292000000000003,15.587802999999999,1,1
1463,2.9777089999999999,0.48302600000000001,34.375554000000001,31.243563999999999,0.033593999999999999,38.014944999999997,1,1
1464,3.0741610000000001,0.47778799999999999,14.797193,11.44576,0.041974999999999998,18.537296999999999,1,1
1465,3.002783,0.495807,27.379560000000001,24.073315000000001,0.044419,31.078178000000001,1,1
1466,2.9374799999999999,0.48616999999999999,28.924184,25.721654000000001,0.035340000000000003,32.542064000000003,1,1
1467,2.9697480000000001,0.47115400000000002,65.536005000000003,62.361480999999998,0.048399999999999999,69.173929000000001,1,1
1468,2.8990670000000001,0.50132600000000005,58.219507999999998,54.956634000000001,0.036178000000000002,61.807983999999998,1,1
1469,2.9766620000000001,0.47806799999999999,22.494888,19.197790999999999,0.041066999999999999,26.162006000000002,1,1
1470,2.9175059999999999,0.48100100000000001,42.878874000000003,39.738712999999997,0.034780999999999999,46.459249999999997,1,1
1471,2.9325220000000001,0.47269,46.183374000000001,42.921267999999998,0.040647999999999997,49.780791000000001,1,1
1472,3.235007,0.62927500000000003,43.746589999999998,40.497754999999998,0.040439000000000003,47.814321999999997,1,1
1473,2.9969860000000001,0.46696300000000002,71.415226000000004,68.215907999999999,0.062577999999999995,84.990536000000006,1,1
1474,2.9468390000000002,0.4773,14.906077,11.731203000000001,0.034362999999999998,18.507823999999999,1,1
1475,3.0471330000000001,0.46975600000000001,59.355136999999999,56.131653999999997,0.041904999999999998,63.063253000000003,1,1
1476,2.985741,0.46982600000000002,17.408791000000001,14.256338,0.033803,21.045598999999999,1,1
1477,2.8891499999999999,0.46004899999999999,35.052601000000003,31.890509000000002,0.034851,38.583807,1,1
1478,2.9050739999999999,0.46703299999999998,17.871005,14.672734999999999,0.039948999999999998,21.434898,1,1
1479,2.8822359999999998,0.47422700000000001,54.897686999999998,51.633206999999999,0.059086,68.558133999999995,1,1
1480,2.9399950000000001,0.488404,43.757694999999998,40.495030999999997,0.040089,47.377809999999997,1,1
1481,2.8850989999999999,0.50411899999999998,43.158521,39.946632000000001,0.033592999999999998,46.724787999999997,1,1
1482,2.8451490000000002,0.43315999999999999,60.182554000000003,57.087510000000002,0.043021999999999998,63.650553000000002,1,1
1483,2.962135,0.479744,29.37236,26.136303999999999,0.034780999999999999,32.993941,1,1
1484,2.9009529999999999,0.47178199999999998,14.382263,11.266545000000001,0.031009999999999999,17.931069000000001,1,1
1485,2.8827240000000001,0.46836,59.254494000000001,56.130186999999999,0.039042,62.795828,1,1
1486,2.7290019999999999,0.44426500000000002,17.699403,14.535985,0.031987000000000002,21.051604999999999,1,1
1487,2.98637,0.43804799999999999,40.148753999999997,36.845931,0.047632000000000001,43.788775000000001,1,1
1488,2.8909660000000001,0.47003600000000001,46.927469000000002,43.697212,0.037713999999999998,50.477324000000003,1,1
1489,2.817841,0.46479799999999999,20.335027,17.229227999999999,0.032197999999999997,23.788848999999999,1,1
1490,2.9290289999999999,0.47003600000000001,40.835999000000001,37.647367000000003,0.036248000000000002,44.420074999999997,1,1
1491,2.896693,0.48868400000000001,52.517963999999999,49.329191999999999,0.039600000000000003,56.088911000000003,1,1
1492,2.907937,0.47736899999999999,42.828239000000004,39.60322,0.043860999999999997,46.416297,1,1
1493,2.9299369999999998,0.47855700000000001,25.629252999999999,22.419877,0.033804000000000001,29.222200000000001,1,1
1494,2.9724010000000001,0.474715,14.621192000000001,11.419079999999999,0.031428999999999999,18.254577000000001,1,1
1495,3.0076710000000002,0.56264700000000001,14.882960000000001,11.622669999999999,0.054896,18.667202,1,1
1496,3.0259,0.48889300000000002,52.686841999999999,49.407694999999997,0.040647999999999997,56.401592999999998,1,1
1497,3.0719259999999999,0.46996599999999999,57.293683000000001,54.097509000000002,0.041416000000000001,61.028060000000004,1,1
1498,2.864077,0.47520400000000002,14.717573,11.523842999999999,0.035270000000000003,18.241167999999998,1,1
1499,2.9659059999999999,0.47359800000000002,17.622648000000002,14.498619,0.031918000000000002,21.238990999999999,1,1
1500,2.8736449999999998,0.474296,17.855360999999998,14.664633,0.044419,21.408358,1,1
1501,2.8957139999999999,0.48344500000000001,17.880015,14.62196,0.036736999999999999,21.443557999999999,1,1
1502,2.9383889999999999,0.48400399999999999,12.342599999999999,9.1191169999999993,0.034641999999999999,15.949725000000001,1,1
1503,3.0311379999999999,0.48260700000000001,59.350386999999998,56.048541999999998,0.042463000000000001,63.062204999999999,1,1
1504,3.0486689999999999,0.48959200000000003,24.136382000000001,20.859259999999999,0.041346000000000001,27.868873000000001,1,1
1505,3.1130629999999999,0.50467799999999996,15.342658999999999,12.060089,0.032966000000000002,19.143453999999998,1,1
1506,3.059704,0.49182599999999999,57.679560000000002,54.425136999999999,0.042185,61.431187000000001,1,1
1507,3.064174,0.51215100000000002,27.287369000000002,23.916101000000001,0.040856999999999997,31.068680000000001,1,1
1508,3.1150880000000001,0.50712199999999996,50.247892999999998,46.896599000000002,0.037994,54.064683000000002,1,1
1509,3.0615899999999998,0.49685499999999999,26.388712999999999,23.009902,0.047143999999999998,30.157173,1,1
1510,3.0632649999999999,0.54944700000000002,57.083879000000003,53.679785000000003,0.055315000000000003,60.912331999999999,1,1
1511,3.1146699999999998,0.50977600000000001,35.054485999999997,31.676024000000002,0.038972,38.875605999999998,1,1
1512,3.1831839999999998,0.51501399999999997,45.06297,41.612082000000001,0.043999999999999997,48.987386000000001,1,1
1513,3.2322139999999999,0.51152200000000003,31.840083,28.476986,0.035270000000000003,35.774276999999998,1,1
1514,3.159926,0.49755300000000002,38.897049000000003,35.492185999999997,0.044769000000000003,42.763007000000002,1,1
1515,3.091691,0.51326799999999995,41.696451000000003,38.429944999999996,0.035758999999999999,45.490820999999997,1,1
1516,2.9844140000000001,0.48211900000000002,40.780543999999999,37.575150999999998,0.038762999999999999,44.449199,1,1
1517,2.9541729999999999,0.47436600000000001,54.890563,51.722954000000001,0.040996999999999999,58.504671999999999,1,1
1518,2.9161779999999999,0.485122,14.882680000000001,11.750201000000001,0.032266999999999997,18.459492999999998,1,1
1519,2.9976150000000001,0.46961700000000001,14.635789000000001,11.489411,0.037644999999999998,18.292151,1,1
1520,2.9599000000000002,0.47946499999999997,31.655142000000001,28.498498000000001,0.035130000000000002,35.286850999999999,1,1
1521,2.9341279999999998,0.46291199999999999,17.422270999999999,14.404961,0.036596999999999998,21.03631,1,1
1522,2.969957,0.46402900000000002,14.514054,11.4239,0.030521,18.1297,1,1
1523,2.9363630000000001,0.47003600000000001,17.465852999999999,14.370528999999999,0.037574999999999997,21.056075,1,1
1524,2.9179940000000002,0.46395999999999998,17.848306999999998,14.708843,0.033873,21.406402,1,1
1525,2.969328,0.46577499999999999,17.892098000000001,14.819751999999999,0.031009999999999999,21.499919999999999,1,1
1526,3.0466440000000001,0.47820800000000002,23.000543,19.937906999999999,0.032475999999999998,26.699020999999998,1,1
1527,2.9662549999999999,0.46402900000000002,14.802500999999999,11.635241000000001,0.049307999999999998,18.429950000000002,1,1
1528,2.9592710000000002,0.51166199999999995,12.189017,9.1183479999999992,0.032895000000000001,15.840142999999999,1,1
1529,2.985392,0.465007,32.572654999999997,29.408258,0.036178000000000002,36.223221000000002,1,1
1530,2.8813270000000002,0.45516000000000001,14.626569999999999,11.627628,0.032406999999999998,18.141013999999998,1,1
1531,2.8808389999999999,0.48309600000000003,15.08145,12.037599999999999,0.030450999999999999,18.613285000000001,1,1
1532,2.917017,0.44628899999999999,38.535336999999998,35.364933999999998,0.053568999999999999,42.099229999999999,1,1
1533,2.8897789999999999,0.462283,17.814223999999999,14.74977,0.033453999999999998,21.348782,1,1
1534,2.9274230000000001,0.45942,20.970379000000001,17.837620000000001,0.038761999999999998,24.54391,1,1
1535,2.962135,0.46060699999999999,15.103241000000001,11.978025000000001,0.033384999999999998,18.702332999999999,1,1
1536,2.9191820000000002,0.462424,36.224896999999999,33.042620999999997,0.040578000000000003,39.808205000000001,1,1
1537,2.9698180000000001,0.46856900000000001,14.931010000000001,11.824233,0.031987000000000002,18.552941000000001,1,1
1538,2.9839250000000002,0.470804,32.832956000000003,29.782540000000001,0.034361999999999997,36.469344,1,1
1539,2.879302,0.48379499999999998,35.748714999999997,32.587600000000002,0.037504999999999997,39.287534000000001,1,1
1540,2.958154,0.473528,18.322462999999999,15.141933,0.032406999999999998,21.932312,1,1
1541,2.9747759999999999,0.45962900000000001,23.558509999999998,20.384266,0.034361999999999997,27.169056999999999,1,1
1542,2.9285399999999999,0.46877799999999997,15.422907,12.183151000000001,0.041974999999999998,19.012430999999999,1,1
1543,2.990561,0.48351499999999997,53.42989,50.283163000000002,0.037156000000000002,57.112304000000002,1,1
1544,2.9568970000000001,0.46305200000000002,15.235032,12.095081,0.031987000000000002,18.842645999999998,1,1
1545,3.0893160000000002,0.46472799999999997,45.750424000000002,42.589100000000002,0.037783999999999998,49.492134,1,1
1546,3.0564209999999998,0.46870899999999999,15.116581,11.938355,0.035201000000000003,18.825883000000001,1,1
1547,3.181508,0.471084,15.37269,12.16136,0.032895000000000001,19.202541,1,1
1548,3.128568,0.47129300000000002,18.236977,15.136835,0.030939000000000001,22.013957000000001,1,1
1549,3.0521609999999999,0.50083599999999995,27.670521999999998,24.446549999999998,0.039112000000000001,31.411254,1,1
1550,3.1225610000000001,0.50153499999999995,20.991330999999999,17.818833000000001,0.032896000000000002,24.798342999999999,1,1
1551,2.9675820000000002,0.46668399999999999,23.441385,20.379726999999999,0.032895000000000001,27.052910000000001,1,1
1552,3.046224,0.453204,17.621041000000002,14.606036,0.030519999999999999,21.292909000000002,1,1
1553,2.9002539999999999,0.42275299999999999,32.459721000000002,26.91602,0.041416000000000001,35.965434999999999,1,1
1554,2.7304689999999998,0.43944499999999997,46.373553000000001,43.374682,0.033663999999999999,49.710320000000003,1,1
1555,2.9964270000000002,0.453484,39.109926000000002,36.034996999999997,0.037714999999999999,42.734929999999999,1,1
1556,2.9776389999999999,0.45802399999999999,21.335024000000001,18.190393,0.033383999999999997,24.957094000000001,1,1
1557,2.9498419999999999,0.48162899999999997,14.757383000000001,11.802932,0.034782,18.367581000000001,1,1
1558,3.0575389999999998,0.48847499999999999,17.976467,14.884705,0.031358999999999998,21.695687,1,1
1559,3.0206620000000002,0.44915300000000002,45.639864000000003,42.435029,0.038972,49.299370000000003,1,1
1560,3.0763959999999999,0.48100199999999999,15.562450999999999,12.361178000000001,0.031008999999999998,19.296059,1,1
1561,3.095323,0.47527399999999997,18.499582,15.317795,0.032895000000000001,22.253094999999998,1,1
1562,3.1413489999999999,0.48602899999999999,18.211624,15.097163999999999,0.031498999999999999,22.019684000000002,1,1
1563,3.2472289999999999,0.48693799999999998,12.442195,9.241619,0.036806999999999999,16.364305000000002,1,1
1564,3.2042069999999998,0.50789099999999998,18.172861999999999,14.951613999999999,0.035479999999999998,22.067385999999999,1,1
1565,3.0983260000000001,0.47157300000000002,18.698561999999999,15.510629,0.032475999999999998,22.446836999999999,1,1
1566,3.1147399999999998,0.47855700000000001,12.274853999999999,9.1435619999999993,0.031498999999999999,16.043800999999998,1,1
1567,3.1051009999999999,0.47408600000000001,59.097349999999999,55.819110999999999,0.042324000000000001,62.888717999999997,1,1
1568,3.0567700000000002,0.48030299999999998,21.527228999999998,18.220634,0.038133,25.263210999999998,1,1
1569,2.9798740000000001,0.48623899999999998,54.826309000000002,51.650947000000002,0.039949999999999999,58.485675000000001,1,1
1570,3.1856990000000001,0.49014999999999997,45.567019000000002,42.374057000000001,0.037644999999999998,49.430534000000002,1,1
1571,3.1190690000000001,0.48519099999999998,60.668514000000002,57.413113000000003,0.042255000000000001,64.471683999999996,1,1
1572,3.0849169999999999,0.50251199999999996,18.177890999999999,14.945328,0.032895000000000001,21.950261000000001,1,1
1573,3.0868720000000001,0.49469000000000002,15.424652999999999,12.261653000000001,0.030521,19.184661999999999,1,1
1574,3.1437240000000002,0.47681099999999998,60.171030000000002,56.951039000000002,0.041276,63.989496000000003,1,1
1575,3.226626,0.49615700000000001,72.484785000000002,69.229245000000006,0.039669999999999997,76.399632999999994,1,1
1576,3.0988850000000001,0.49482999999999999,15.792859,12.495972999999999,0.038552999999999997,19.577732000000001,1,1
1577,3.0950440000000001,0.48225800000000002,71.892177000000004,68.686852999999999,0.037225000000000001,75.658820000000006,1,1
1578,3.1341549999999998,0.48588999999999999,18.424153,15.196828999999999,0.039181000000000001,22.240663999999999,1,1
1579,3.0483189999999998,0.48588999999999999,18.559297000000001,15.327503,0.031009999999999999,22.282988,1,1
1580,3.099863,0.47674,57.091071999999997,53.839652000000001,0.044419,60.873638999999997,1,1
1581,3.07884,0.511243,18.28838,15.070834,0.034292000000000003,22.089874999999999,1,1
1582,3.0791900000000001,0.477858,40.074024000000001,36.857525000000003,0.036178000000000002,43.815175000000004,1,1
1583,3.0817040000000002,0.48114099999999999,43.483494999999998,40.197434999999999,0.040508000000000002,47.242316000000002,1,1
1584,3.0850559999999998,0.49021999999999999,21.405563999999998,18.211694000000001,0.032615999999999999,25.164384999999999,1,1
1585,3.0485289999999998,0.47094399999999997,61.210555999999997,57.912204000000003,0.039739999999999998,64.921116999999995,1,1
1586,3.0708790000000001,0.49315399999999998,42.571570000000001,39.355559999999997,0.038134000000000001,46.335977999999997,1,1
1587,3.107056,0.497973,64.822500000000005,61.488177999999998,0.041556000000000003,68.626090000000005,1,1
1588,3.0658500000000002,0.48637900000000001,15.655131000000001,12.442404,0.031009999999999999,19.405083000000001,1,1
1589,3.1292659999999999,0.48777599999999999,15.604215999999999,12.451763,0.034292000000000003,19.409064000000001,1,1
1590,3.0693419999999998,0.487147,43.617173000000001,40.417506000000003,0.039251000000000001,47.363981000000003,1,1
1591,3.13632,0.49399100000000001,48.420271,45.157397000000003,0.038483000000000003,52.242299000000003,1,1
1592,3.0658500000000002,0.48763600000000001,18.332031000000001,15.166797000000001,0.031987000000000002,22.081703000000001,1,1
1593,3.1254949999999999,0.48344599999999999,12.312149,9.1552950000000006,0.033663999999999999,16.113225,1,1
1594,3.0987459999999998,0.48163,49.875774999999997,46.592089000000001,0.037783999999999998,53.645422000000003,1,1
1595,3.230537,0.486099,15.897413,12.646761,0.034361999999999997,19.798223,1,1
1596,3.1412789999999999,0.487566,46.729258999999999,43.531058999999999,0.034361999999999997,50.545838000000003,1,1
1597,3.0657800000000002,0.47506500000000002,43.841504999999998,40.594135999999999,0.037784999999999999,47.583354999999997,1,1
1598,3.0847069999999999,0.496226,58.271051,55.038209000000002,0.039461000000000003,62.046075000000002,1,1
1599,3.1808800000000002,0.48337599999999997,33.254869999999997,30.096689000000001,0.035270000000000003,37.104905000000002,1,1
1600,3.0598429999999999,0.47806700000000002,15.550019000000001,12.300694999999999,0.036666999999999998,19.274688000000001,1,1
1601,3.0594250000000001,0.47855599999999998,9.2433650000000007,6.1289759999999998,0.030032,12.959514,1,1
1602,3.0648719999999998,0.47289900000000001,34.299286000000002,31.04654,0.041626000000000003,38.027447000000002,1,1
1603,3.082611,0.48253800000000002,53.422905999999998,50.082717000000002,0.042254,57.195765000000002,1,1
1604,3.1723590000000002,0.51808699999999996,34.229514000000002,30.943242999999999,0.042603000000000002,38.134304999999998,1,1
1605,3.067456,0.48742600000000003,43.220680999999999,39.964511000000002,0.042325000000000002,46.975589999999997,1,1
1606,3.234728,0.489313,44.138053999999997,40.813370999999997,0.042743000000000003,48.062399999999997,1,1
1607,3.0695519999999998,0.487566,43.281722000000002,40.041128999999998,0.042113999999999999,47.031744000000003,1,1
1608,3.1459579999999998,0.49161700000000003,43.453744,40.210844000000002,0.042324000000000001,47.292673000000001,1,1
1609,3.1009099999999998,0.51375700000000002,37.771686000000003,34.484577000000002,0.035270000000000003,41.574018000000002,1,1
1610,3.0687829999999998,0.50928799999999996,43.074151999999998,39.8506,0.038064000000000001,46.854903999999998,1,1
1611,3.2205490000000001,0.49049900000000002,36.485337999999999,33.295307999999999,0.035270000000000003,40.38503,1,1
1612,3.1327579999999999,0.48547099999999999,34.405585000000002,31.186083,0.033383999999999997,38.211201000000003,1,1
1613,3.1694249999999999,0.48274699999999998,34.535770999999997,31.227360000000001,0.040856999999999997,38.383012000000001,1,1
1614,3.169006,0.48491200000000001,18.370374999999999,15.222391,0.032476999999999999,22.210981,1,1
1615,3.2200609999999998,0.49056899999999998,42.556134999999998,39.388316000000003,0.033873,46.447377000000003,1,1
1616,3.1684480000000002,0.47827700000000001,40.681438999999997,37.460400999999997,0.041066999999999999,44.526166000000003,1,1
1617,3.0784210000000001,0.512849,12.560437,9.3159320000000001,0.034292000000000003,16.341607,1,1
1618,3.0983960000000002,0.48637900000000001,36.298439999999999,33.101917,0.032406999999999998,40.064455000000002,1,1
1619,3.0860340000000002,0.49860100000000002,43.886203999999999,40.594625000000001,0.049798000000000002,47.678897999999997,1,1
1620,3.1762000000000001,0.50649299999999997,48.881155999999997,45.666963000000003,0.033663999999999999,52.752982000000003,1,1
1621,3.1349239999999998,0.49685499999999999,15.595905,12.40441,0.04002,19.423451,1,1
1622,3.2490450000000002,0.49538900000000002,36.313806,33.137117000000003,0.033873,40.260151999999998,1,1
1623,3.246321,0.483097,34.122306999999999,30.914888000000001,0.034361999999999997,38.047840000000001,1,1
1624,3.2635019999999999,0.50516700000000003,36.931767000000001,33.728887999999998,0.039111,40.892640999999998,1,1
1625,3.0966499999999999,0.49287399999999998,52.031444999999998,48.736792999999999,0.042044999999999999,55.820788,1,1
1626,3.1636989999999998,0.49294399999999999,34.148567,30.939402000000001,0.040578000000000003,38.003002000000002,1,1
1627,3.153152,0.47408699999999998,57.340757000000004,54.153731000000001,0.035758999999999999,61.161807000000003,1,1
1628,3.149311,0.50013799999999997,24.834171999999999,21.556213,0.039669999999999997,28.683858000000001,1,1
1629,3.1794120000000001,0.50579499999999999,18.598199000000001,15.363122000000001,0.033383999999999997,22.501522999999999,1,1
1630,3.1421869999999998,0.49077900000000002,33.699973,30.551919000000002,0.034641999999999999,37.522908999999999,1,1
1631,3.1912859999999998,0.49294399999999999,46.395133999999999,43.146858000000002,0.038970999999999999,50.279460999999998,1,1
1632,3.1746629999999998,0.50614400000000004,39.888523999999997,36.625300000000003,0.034712,43.762374000000001,1,1
1633,3.3591850000000001,0.49888100000000002,52.777146999999999,49.506521999999997,0.040369000000000002,56.835591000000001,1,1
1634,3.2643409999999999,0.51256999999999997,34.070414999999997,30.822766000000001,0.033943000000000001,38.038271999999999,1,1
1635,3.193171,0.50076699999999996,27.957083000000001,24.751619999999999,0.033873,31.842737,1,1
1636,3.2234129999999999,0.53994799999999998,34.057074999999998,30.796436,0.042115,38.022139000000003,1,1
1637,3.348779,0.52828399999999998,36.999234000000001,33.792304000000001,0.036109000000000002,41.072693000000001,1,1
1638,3.2082570000000001,0.50928700000000005,31.258230999999999,27.994517999999999,0.040926999999999998,35.172938000000002,1,1
1639,3.3136489999999998,0.53666499999999995,48.852311999999998,45.563527000000001,0.040229000000000001,52.904539,1,1
1640,3.2380800000000001,0.52395400000000003,25.256996000000001,22.024013,0.035899,29.224782999999999,1,1
1641,3.087431,0.50691299999999995,37.270429999999998,34.072648999999998,0.035688999999999999,41.059702000000001,1,1
1642,3.094973,0.52877300000000005,49.484102,46.238061000000002,0.038204000000000002,53.297958000000001,1,1
1643,3.0478999999999998,0.47632200000000002,32.989680999999997,29.864535,0.037366000000000003,36.705060000000003,1,1
1644,3.120536,0.47709000000000001,18.418775,15.217013,0.033314000000000003,22.197711000000002,1,1
1645,3.1228410000000002,0.52632900000000005,54.342303999999999,51.238461000000001,0.034362999999999998,58.185912999999999,1,1
1646,3.0317669999999999,0.50844900000000004,15.042199,11.960355,0.031918000000000002,18.761838000000001,1,1
1647,3.0294620000000001,0.48456300000000002,49.364182999999997,46.246861000000003,0.038133,53.065804,1,1
1648,3.1585999999999999,0.52527999999999997,43.618220999999998,40.421416999999998,0.041066999999999999,47.512326000000002,1,1
1649,3.3382329999999998,0.53722400000000003,55.514530999999998,52.303269999999998,0.037156000000000002,59.588268999999997,1,1
1650,3.1003509999999999,0.54434800000000005,45.35463,42.149306000000003,0.040926999999999998,49.200823,1,1
1651,3.2924169999999999,0.53519899999999998,39.723697000000001,36.505381999999997,0.037574999999999997,43.754201999999999,1,1
1652,3.2714650000000001,0.52870300000000003,30.992552,27.715430999999999,0.037784999999999999,35.004759,1,1
1653,3.30897,0.53589699999999996,39.571790999999997,36.366675999999998,0.032615999999999999,43.615358000000001,1,1
1654,3.2809620000000002,0.52968099999999996,34.16966,30.974951999999998,0.033453999999999998,38.178095999999996,1,1
1655,3.25156,0.54371899999999995,43.473857000000002,40.250514000000003,0.037156000000000002,47.470908999999999,1,1
1656,3.2461820000000001,0.53861999999999999,45.544460000000001,42.356665999999997,0.033384999999999998,49.526636000000003,1,1
1657,3.2521179999999998,0.53135699999999997,37.578921999999999,34.372061000000002,0.037644999999999998,41.572620999999998,1,1
1658,3.2230639999999999,0.57053799999999999,52.290698999999996,49.119109000000002,0.034712,56.279997999999999,1,1
1659,3.222296,0.54211299999999996,43.242541000000003,40.108246999999999,0.053918000000000001,47.21913,1,1
1660,3.3113440000000001,0.53478000000000003,60.945576000000003,57.811490999999997,0.033593999999999999,64.987397000000001,1,1
1661,3.2785890000000002,0.55405599999999999,21.692405000000001,18.455023000000001,0.042604000000000003,25.756644999999999,1,1
1662,3.3002389999999999,0.55412600000000001,72.256750999999994,69.059737999999996,0.039600000000000003,76.322317999999996,1,1
1663,3.3845390000000002,0.55049400000000004,55.465291999999998,52.205281999999997,0.039251000000000001,59.607267,1,1
1664,3.267134,0.53401100000000001,45.438859000000001,42.224386000000003,0.043302,49.459238999999997,1,1
1665,3.302613,0.53736399999999995,47.896386,44.697766999999999,0.036387999999999997,51.941279000000002,1,1
1666,3.345148,0.52898199999999995,15.437643,12.280022000000001,0.031428999999999999,19.514734000000001,1,1
1667,3.3466140000000002,0.53799200000000003,51.472920000000002,48.293227999999999,0.037713999999999998,55.561464999999998,1,1
1668,3.3960620000000001,0.53240399999999999,15.29349,12.130909000000001,0.032686,19.421845000000001,1,1
1669,3.3432620000000002,0.550284,15.300125,12.172325000000001,0.037296000000000003,19.393908,1,1
1670,3.2090260000000002,0.53680499999999998,69.405456000000001,66.265782999999999,0.041486000000000002,73.365212,1,1
1671,3.2619660000000001,0.537713,48.993811999999998,45.825923000000003,0.040090000000000001,52.999873000000001,1,1
1672,3.3338329999999998,0.59582199999999996,40.025692999999997,36.848376000000002,0.037644999999999998,44.176186999999999,1,1
1673,3.2744680000000002,0.546512,30.422922,27.332906000000001,0.035060000000000001,34.446024000000001,1,1
1674,3.2371720000000002,0.54686199999999996,42.388095999999997,39.260226000000003,0.040368000000000001,46.372157000000001,1,1
1675,3.3258719999999999,0.52940200000000004,36.694164999999998,33.544364999999999,0.034782,40.746042000000003,1,1
1676,3.234937,0.52828399999999998,44.999344000000001,41.935031000000002,0.039879999999999999,48.962733,1,1
1677,3.2734200000000002,0.53589699999999996,42.696097999999999,39.544832,0.041764999999999997,46.711868000000003,1,1
1678,3.2458320000000001,0.53142699999999998,24.639524000000002,21.505647,0.032965000000000001,28.630499,1,1
1679,3.3063159999999998,0.53317300000000001,21.266718000000001,18.067540000000001,0.037156000000000002,25.307281,1,1
1680,3.2237629999999999,0.53079799999999999,21.144704999999998,18.049869999999999,0.032197000000000003,25.096709000000001,1,1
1681,3.205184,0.52786500000000003,38.492733000000001,35.442177999999998,0.034710999999999999,42.415404000000002,1,1
1682,3.2353559999999999,0.51962399999999997,39.727747000000001,36.53304,0.037783999999999998,43.714323999999998,1,1
1683,3.255331,0.54295099999999996,41.735073,38.633116000000001,0.035549999999999998,45.730728999999997,1,1
1684,3.2877369999999999,0.51256999999999997,33.094512999999999,30.007850999999999,0.053848,37.108117999999997,1,1
1685,3.349548,0.53044899999999995,33.280852000000003,30.159687000000002,0.035758999999999999,37.362411999999999,1,1
1686,3.2204090000000001,0.51934400000000003,30.023425,26.967213999999998,0.040089,33.967537999999998,1,1
1687,3.3139280000000002,0.526119,40.051673999999998,36.859130999999998,0.041834999999999997,44.106834999999997,1,1
1688,3.2358449999999999,0.53512899999999997,30.210183000000001,27.110879000000001,0.033383999999999997,34.180764000000003,1,1
1689,3.360303,0.52646800000000005,45.378585000000001,42.188975999999997,0.038343000000000002,49.469785000000002,1,1
1690,3.2438760000000002,0.53296299999999996,36.279094999999998,33.081034000000002,0.050705,40.273004,1,1
1691,3.3191660000000001,0.52723699999999996,51.259413000000002,48.144813999999997,0.036248000000000002,55.302002000000002,1,1
1692,3.5090659999999998,0.52241700000000002,44.996132000000003,41.869729,0.036178000000000002,49.223941000000003,1,1
1693,3.324195,0.53659599999999996,34.185164,31.031383000000002,0.032895000000000001,38.236763000000003,1,1
1694,3.3074330000000001,0.51843700000000004,42.223197999999996,39.052446000000003,0.040229000000000001,46.252656999999999,1,1
1695,3.2090960000000002,0.54176400000000002,24.638824,21.434757999999999,0.031988000000000003,28.583214999999999,1,1
1696,3.414221,0.529053,36.675516999999999,33.488072000000003,0.034851,40.815744000000002,1,1
1697,3.1959659999999999,0.519903,33.349505999999998,30.275973,0.037435000000000003,37.263446000000002,1,1
1698,3.2596609999999999,0.53394200000000003,45.997525000000003,42.792968999999999,0.035200000000000002,49.991154000000002,1,1
1699,3.1545489999999998,0.51522400000000002,42.502566000000002,39.322944,0.042534000000000002,46.391573000000001,1,1
1700,3.2976549999999998,0.53051999999999999,21.231936999999999,18.139127999999999,0.033944000000000002,25.256924999999999,1,1
1701,3.2290700000000001,0.52542,30.088728,26.967423,0.040089,34.045549999999999,1,1
1702,3.400881,0.53324300000000002,18.144855,15.077399,0.033175000000000003,22.274187999999999,1,1
1703,3.312951,0.52744599999999997,24.068705000000001,20.958925000000001,0.031987000000000002,28.102564000000001,1,1
1704,3.2742580000000001,0.51613100000000001,43.298763999999998,40.163142000000001,0.036178000000000002,47.283524,1,1
1705,3.1980599999999999,0.52269699999999997,39.311000999999997,36.158059000000002,0.038621999999999997,43.233322000000001,1,1
1706,3.1824859999999999,0.51564299999999996,47.890588999999999,44.830886,0.039669999999999997,51.786929999999998,1,1
1707,3.143653,0.514316,41.950325999999997,38.853676,0.038970999999999999,45.810349000000002,1,1
1708,3.1417679999999999,0.50830900000000001,42.021914000000002,38.956763000000002,0.033803,45.865454,1,1
1709,3.1838829999999998,0.50418799999999997,30.989967,27.823056999999999,0.040926999999999998,34.879812000000001,1,1
1710,3.1445620000000001,0.50977600000000001,24.418963000000002,21.322731000000001,0.033314999999999997,28.261734000000001,1,1
1711,3.039031,0.496506,45.758037000000002,42.71293,0.036108000000000001,49.486826000000001,1,1
1712,3.210842,0.51096299999999995,24.578271999999998,21.449843999999999,0.037016,28.494726,1,1
1713,3.181508,0.50956599999999996,60.685974000000002,57.633254999999998,0.034851,64.566321000000002,1,1
1714,3.361281,0.50614400000000004,50.590536999999998,47.546199000000001,0.039461000000000003,54.659177,1,1
1715,3.1694249999999999,0.52018200000000003,15.184816,12.103462,0.031988000000000003,19.068235000000001,1,1
1716,3.2452040000000002,0.50621400000000005,18.167902999999999,15.161208999999999,0.031428999999999999,22.10943,1,1
1717,3.2155909999999999,0.504328,20.907522,17.902225000000001,0.036247000000000001,24.820692999999999,1,1
1718,3.2968869999999999,0.51333799999999996,30.318926999999999,27.287369000000002,0.034570999999999998,34.352715000000003,1,1
1719,3.2785890000000002,0.55657000000000001,21.211264,18.212741000000001,0.040647999999999997,25.243306,1,1
1720,3.1559460000000001,0.51613200000000004,23.906880999999998,20.874694999999999,0.047003999999999997,27.780802999999999,1,1
1721,3.227185,0.52304600000000001,23.633520999999998,20.612649000000001,0.050985000000000003,27.600680000000001,1,1
1722,3.336767,0.53792300000000004,48.805239,45.640282999999997,0.047771000000000001,52.897345000000001,1,1
1723,3.5189140000000001,0.55929399999999996,41.998448000000003,38.407876000000002,0.058178000000000001,46.313699,1,1
1724,4.2685969999999998,0.72307299999999997,34.480176,30.159897000000001,0.058666999999999997,39.740738,1,1
1725,4.6282829999999997,0.80967699999999998,58.264066999999997,53.838256000000001,0.060623000000000003,63.988030000000002,1,1
1726,4.4406179999999997,0.77985400000000005,44.783183999999999,40.378394999999998,0.060971999999999998,50.286166999999999,1,1
1727,4.9376829999999998,0.81687100000000001,52.416972999999999,48.555833,0.070889999999999995,58.460321999999998,1,1
1728,3.801285,0.59561200000000003,52.991492000000001,49.598782,0.042324000000000001,57.616771999999997,1,1
1729,3.4842029999999999,0.57102799999999998,41.555858999999998,38.315823999999999,0.045256999999999999,45.834234000000002,1,1
1730,3.4293770000000001,0.57465900000000003,44.660122000000001,41.410518000000003,0.038621999999999997,48.878642999999997,1,1
1731,3.4249070000000001,0.55817600000000001,53.846915000000003,50.574474000000002,0.04428,58.055728000000002,1,1
1732,3.4571040000000002,0.57144700000000004,49.972296999999998,46.768858000000002,0.042534000000000002,54.224550999999998,1,1
1733,3.3394910000000002,0.536246,40.137439999999998,37.002865999999997,0.044209999999999999,44.225776000000003,1,1
1734,3.3594650000000001,0.55454499999999995,33.990864999999999,30.819274,0.035688999999999999,38.112583999999998,1,1
1735,3.4279799999999998,0.55105300000000002,47.066943999999999,43.853727999999997,0.040368000000000001,51.264232999999997,1,1
1736,3.4232309999999999,0.57654499999999997,34.683695999999998,31.47907,0.03569,38.897607000000001,1,1
1737,3.46807,0.57417099999999999,53.263525999999999,50.001631000000003,0.042534000000000002,57.540016000000001,1,1
1738,3.4442529999999998,0.57319299999999995,49.036135999999999,45.673737000000003,0.042743000000000003,53.275609000000003,1,1
1739,3.7060909999999998,0.60189800000000004,42.885579,39.461370000000002,0.042812999999999997,47.422370000000001,1,1
1740,3.4355929999999999,0.57514799999999999,44.665989000000003,41.334600000000002,0.04002,48.896731000000003,1,1
1741,3.6517529999999998,0.62103399999999997,45.488796000000001,42.208461999999997,0.046794000000000002,50.010919999999999,1,1
1742,3.662928,0.585345,53.194802000000003,49.782676000000002,0.047003999999999997,57.670060999999997,1,1
1743,3.7186620000000001,0.62159200000000003,48.679872000000003,45.402262,0.045186999999999998,53.251303999999998,1,1
1744,3.3588369999999999,0.55845500000000003,47.891776999999998,44.754618000000001,0.036178000000000002,52.015731000000002,1,1
1745,3.316792,0.57919900000000002,41.605238,38.427500999999999,0.042951999999999997,45.715223999999999,1,1
1746,3.4490720000000001,0.61258299999999999,41.007599999999996,37.768332999999998,0.037714999999999999,45.286535000000001,1,1
1747,3.5132560000000002,0.56571899999999997,48.661295000000003,45.391576000000001,0.040090000000000001,52.956152000000003,1,1
1748,3.5139550000000002,0.56648699999999996,44.767328999999997,41.439152999999997,0.046164999999999998,49.077621999999998,1,1
1749,3.524921,0.57891999999999999,40.840679000000002,37.535060999999999,0.046515000000000001,45.176881999999999,1,1
1750,3.4095420000000001,0.57898899999999998,41.839556999999999,34.745786000000003,0.16950599999999999,46.195036999999999,1,1
1751,3.378253,0.53603699999999999,43.380687999999999,40.230330000000002,0.041276,47.513373000000001,1,1
1752,3.4304939999999999,0.55217000000000005,42.429372000000001,39.366385999999999,0.034851,46.620863999999997,1,1
1753,3.3830019999999998,0.56229700000000005,33.452243000000003,30.359365,0.040578000000000003,37.607137999999999,1,1
1754,3.5784189999999998,0.53896900000000003,27.275984999999999,24.189322000000001,0.033384999999999998,31.599128,1,1
1755,3.4725389999999998,0.53631600000000001,11.979492,8.9843220000000006,0.031498999999999999,16.179853999999999,1,1
1756,3.4390149999999999,0.52905199999999997,35.646675999999999,32.614699999999999,0.042882999999999998,39.820777,1,1
1757,3.474704,0.55531299999999995,45.470846999999999,42.376153000000002,0.038972,49.714649999999999,1,1
1758,3.3542269999999998,0.529891,20.687868999999999,17.676843999999999,0.032476999999999999,24.764330000000001,1,1
1759,3.487206,0.52884299999999995,29.812851999999999,26.752799,0.037643999999999997,34.030465,1,1
1760,3.3141379999999998,0.52996100000000002,29.44716,26.389621000000002,0.038622999999999998,33.495474999999999,1,1
1761,3.3333439999999999,0.53331300000000004,20.630597999999999,17.628443999999998,0.032405999999999997,24.693370999999999,1,1
1762,3.3722460000000001,0.52095100000000005,29.470627,26.467635000000001,0.037713999999999998,33.564480000000003,1,1
1763,3.5988829999999998,0.57277400000000001,24.225988999999998,21.12452,0.037994,28.622118,1,1
1764,3.3418649999999999,0.52632900000000005,26.409735999999999,23.435030000000001,0.031428999999999999,30.472439000000001,1,1
1765,3.312811,0.522837,21.22167,18.165109000000001,0.032896000000000002,25.263839000000001,1,1
1766,3.3144870000000002,0.51815699999999998,24.339411999999999,21.284597999999999,0.038483000000000003,28.370895999999998,1,1
1767,3.4070269999999998,0.53010000000000002,24.187227,21.138698000000002,0.032895000000000001,28.316001,1,1
1768,3.3334139999999999,0.52905199999999997,26.728494000000001,23.759027,0.031917000000000001,30.779813000000001,1,1
1769,3.40137,0.52325500000000003,21.042596,18.025286000000001,0.031988000000000003,25.161103000000001,1,1
1770,3.405421,0.532335,18.406133000000001,15.340144,0.046794000000000002,22.557956000000001,1,1
1771,3.4039549999999998,0.51857600000000004,21.252331000000002,18.214976,0.032406999999999998,25.365390000000001,1,1
1772,3.3762970000000001,0.52339500000000005,29.397991000000001,26.39451,0.031987000000000002,33.500503999999999,1,1
1773,3.365472,0.51417599999999997,21.237106000000001,18.147508999999999,0.040578000000000003,25.320551999999999,1,1
1774,3.316233,0.53959900000000005,24.320136000000002,21.218527000000002,0.036178000000000002,28.378368999999999,1,1
1775,3.3086899999999999,0.52430299999999996,26.696995999999999,23.674727000000001,0.038064000000000001,30.727851000000001,1,1
1776,3.3850280000000001,0.52884299999999995,20.862542999999999,17.823373,0.033663999999999999,24.981749000000001,1,1
1777,3.4939800000000001,0.51780700000000002,39.571092999999998,36.477096000000003,0.039600000000000003,43.786540000000002,1,1
1778,3.3471730000000002,0.52137,23.724943,20.708192,0.032475999999999998,27.787717000000001,1,1
1779,3.3316680000000001,0.52011300000000005,26.621357,23.64246,0.031497999999999998,30.661360999999999,1,1
1780,3.320214,0.54371899999999995,30.928297000000001,27.792047,0.042464000000000002,35.001266999999999,1,1
1781,3.4513069999999999,0.533802,24.096361999999999,20.969121999999999,0.033874000000000001,28.280031999999999,1,1
1782,3.3754590000000002,0.53792300000000004,26.475736999999999,23.423995000000001,0.033174000000000002,30.587119000000001,1,1
1783,3.4285389999999998,0.51766800000000002,20.914784999999998,17.835875000000001,0.040438000000000002,25.067793999999999,1,1
1784,3.3482910000000001,0.54288099999999995,20.877769000000001,17.838318999999998,0.032895000000000001,24.966522999999999,1,1
1785,3.4333580000000001,0.52185899999999996,17.743753000000002,14.723091,0.031288999999999997,21.893129999999999,1,1
1786,3.4265829999999999,0.53135699999999997,17.637872999999999,14.619027000000001,0.030100999999999999,21.791301000000001,1,1
1787,3.4394339999999999,0.52493199999999995,18.291104000000001,15.09905,0.040159,22.461293999999999,1,1
1788,3.4050020000000001,0.53456999999999999,27.213336999999999,24.094477000000001,0.034782,31.356218999999999,1,1
1789,3.3586969999999998,0.53456999999999999,20.800035000000001,17.750318,0.032406999999999998,24.914770000000001,1,1
1790,3.5552320000000002,0.53289299999999995,20.791862999999999,17.753530999999999,0.031428999999999999,25.075686000000001,1,1
1791,3.4072369999999998,0.54525599999999996,18.390699000000001,15.203742999999999,0.038761999999999998,22.544616000000001,1,1
1792,3.3892869999999999,0.61104700000000001,20.773074999999999,17.692699000000001,0.032336999999999998,24.974415,1,1
1793,3.4214150000000001,0.51285000000000003,26.252521999999999,23.279631999999999,0.033314000000000003,30.385415999999999,1,1
1794,3.3369759999999999,0.53058799999999995,27.143705000000001,24.092801000000001,0.031987000000000002,31.205708999999999,1,1
1795,3.3841890000000001,0.53561700000000001,21.388522999999999,18.291733000000001,0.038063,25.513804,1,1
1796,3.4144999999999999,0.54148499999999999,20.961299,17.900549000000002,0.031987000000000002,25.114377999999999,1,1
1797,3.4662540000000002,0.531636,24.186319000000001,21.090157999999999,0.032406999999999998,28.3827,1,1
1798,3.3827929999999999,0.52898299999999998,18.192347000000002,15.150663,0.032615999999999999,22.301286000000001,1,1
1799,3.3931979999999999,0.54916699999999996,18.392444000000001,15.297051,0.038273000000000001,22.556349000000001,1,1
1800,3.4805009999999998,0.53156700000000001,20.608737999999999,17.600787,0.030032,24.818807,1,1
1801,3.3774850000000001,0.54916699999999996,26.827670000000001,23.761749999999999,0.031918000000000002,30.951343999999999,1,1
1802,3.4514469999999999,0.53093800000000002,15.249280000000001,12.150814,0.031288999999999997,19.427223000000001,1,1
1803,3.3639350000000001,0.52891299999999997,21.151199999999999,18.039883,0.037226000000000002,25.248266000000001,1,1
1804,3.3521320000000001,0.52563099999999996,17.838457999999999,14.814933,0.030870000000000002,21.925048,1,1
1805,3.4003920000000001,0.51480499999999996,23.869306000000002,20.839704999999999,0.031497999999999998,27.978245000000001,1,1
1806,3.2586140000000001,0.50970599999999999,29.464200999999999,26.418187,0.036666999999999998,33.428078999999997,1,1
1807,3.3970400000000001,0.52129999999999999,43.326421000000003,40.120607999999997,0.043721000000000003,47.452052000000002,1,1
1808,3.226766,0.52423399999999998,21.138209,18.01886,0.031917000000000001,25.087768000000001,1,1
1809,3.3551350000000002,0.51955399999999996,36.02487,32.881425999999998,0.036666999999999998,40.093510000000002,1,1
1810,3.4281890000000002,0.54050699999999996,33.883865999999998,30.679870000000001,0.032896000000000002,38.048748000000003,1,1
1811,3.4045130000000001,0.52877300000000005,42.479937,39.262529999999998,0.037994,46.616045,1,1
1812,3.453821,0.53959800000000002,24.671230999999999,21.465488000000001,0.051124000000000003,28.882069000000001,1,1
1813,3.4738660000000001,0.60280599999999995,36.636265999999999,33.472987000000003,0.032197000000000003,40.909542000000002,1,1
1814,3.4037440000000001,0.53890000000000005,31.410346000000001,28.134691,0.041137,35.563285,1,1
1815,3.5344190000000002,0.54455699999999996,18.751501999999999,15.46579,0.039181000000000001,23.038955999999999,1,1
1816,3.4659740000000001,0.621174,25.067654000000001,21.802755000000001,0.032405999999999997,29.357203999999999,1,1
1817,3.5314160000000001,0.54288199999999998,18.854310000000002,15.608756,0.032896000000000002,23.124652000000001,1,1
1818,3.4457900000000001,0.54525599999999996,18.415073,15.201857,0.034780999999999999,22.619346,1,1
1819,3.4890919999999999,0.537852,15.370246,12.171906,0.032896000000000002,19.600080999999999,1,1
1820,3.4274209999999998,0.53736399999999995,42.496560000000002,39.349972999999999,0.031988000000000003,46.659345999999999,1,1
1821,3.4603169999999999,0.558666,15.629429,12.423617,0.031219,19.840966000000002,1,1
1822,3.4965649999999999,0.56111,46.653759000000001,43.387951999999999,0.046794000000000002,50.943727000000003,1,1
1823,3.4480249999999999,0.54078499999999996,18.824207000000001,15.569436,0.033384999999999998,23.009412999999999,1,1
1824,3.5365150000000001,0.52891200000000005,40.715940000000003,37.417028999999999,0.042534000000000002,44.993408000000002,1,1
1825,3.470933,0.55517399999999995,39.976035000000003,36.756743,0.036248000000000002,44.206988000000003,1,1
1826,3.40584,0.53373199999999998,18.256253000000001,15.128593,0.030100999999999999,22.389427000000001,1,1
1827,3.3582779999999999,0.53820100000000004,24.440823000000002,21.191707999999998,0.038972,28.539214999999999,1,1
1828,3.360932,0.54693199999999997,24.648741999999999,21.399626999999999,0.034921000000000001,28.759217,1,1
1829,3.3424939999999999,0.52283599999999997,15.239223000000001,12.142153,0.031009999999999999,19.292427,1,1
1830,3.3288039999999999,0.52884299999999995,24.661453999999999,21.475615000000001,0.031569,28.712004,1,1
1831,3.40584,0.51773800000000003,24.655028000000001,21.489025000000002,0.037366000000000003,28.782404,1,1
1832,3.3130899999999999,0.51829700000000001,33.144590000000001,30.006245,0.032406999999999998,37.171323999999998,1,1
1833,3.437478,0.51571199999999995,15.291674,12.197818,0.030032,19.434695999999999,1,1
1834,3.3322270000000001,0.53952900000000004,12.193906,9.0811229999999998,0.040856999999999997,16.268553000000001,1,1
1835,3.2939530000000001,0.50935699999999995,30.248387000000001,27.130085999999999,0.037855,34.249139999999997,1,1
1836,3.4088440000000002,0.53317300000000001,30.724986999999999,27.549695,0.046164999999999998,34.886516999999998,1,1
1837,3.3830719999999999,0.53310400000000002,36.977094000000001,33.839866000000001,0.033383999999999997,41.090432999999997,1,1
1838,3.4147099999999999,0.512849,33.606315000000002,30.447085999999999,0.040996999999999999,37.739348999999997,1,1
1839,3.241851,0.52346499999999996,18.594079000000001,15.441065999999999,0.029891999999999998,22.553205999999999,1,1
1840,3.279566,0.53792300000000004,9.0619169999999993,5.9811199999999998,0.030100999999999999,13.072098,1,1
1841,3.2866900000000001,0.50523600000000002,18.412001,15.333997999999999,0.032965000000000001,22.392779000000001,1,1
1842,3.3945949999999998,0.51312899999999995,51.088999000000001,47.903928999999998,0.047142999999999997,55.213163000000002,1,1
1843,3.3232170000000001,0.53408100000000003,18.067329999999998,14.946376000000001,0.032686,22.108941999999999,1,1
1844,3.3130899999999999,0.50684300000000004,24.161384999999999,21.090157999999999,0.031918000000000002,28.165351000000001,1,1
1845,3.3382339999999999,0.52660799999999997,33.498409000000002,30.422851000000001,0.037713999999999998,37.565373000000001,1,1
1846,3.333205,0.52744599999999997,27.118421000000001,24.024007000000001,0.031009999999999999,31.174699,1,1
1847,3.3476620000000001,0.52856400000000003,21.082335,17.915005000000001,0.032686,25.157820000000001,1,1
1848,3.4190399999999999,0.51690000000000003,27.494729,24.289684999999999,0.044699000000000003,31.644525999999999,1,1
1849,3.2975159999999999,0.53841099999999997,24.329564999999999,21.179765,0.034362999999999998,28.361048,1,1
1850,3.3149760000000001,0.52409399999999995,40.572206000000001,37.426037999999998,0.034361999999999997,44.607391999999997,1,1
1851,3.425675,0.52416399999999996,15.78825,12.587256,0.037574999999999997,19.932948,1,1
1852,3.296538,0.53743300000000005,9.3907319999999999,6.200215,0.030591,13.416978,1,1
1853,3.5258980000000002,0.51263899999999996,33.864798999999998,30.792943000000001,0.031288999999999997,38.094565000000003,1,1
1854,3.1266820000000002,0.50369900000000001,57.735573000000002,54.564681,0.040578000000000003,61.565353999999999,1,1
1855,3.3016359999999998,0.50586500000000001,63.662146999999997,60.508645999999999,0.038064000000000001,67.669674999999998,1,1
1856,3.0903649999999998,0.49406099999999997,18.326094000000001,15.261991,0.035758999999999999,22.09665,1,1
1857,3.0771639999999998,0.48204900000000001,45.343454999999999,42.218868000000001,0.040578000000000003,49.095362000000002,1,1
1858,3.197082,0.50858800000000004,43.460099,40.256661000000001,0.039600000000000003,47.365937000000002,1,1
1859,3.1384859999999999,0.49713400000000002,30.197821000000001,27.131063000000001,0.043512000000000002,34.032350000000001,1,1
1860,3.2913000000000001,0.51843600000000001,24.206433000000001,21.156787000000001,0.031498999999999999,28.19706,1,1
1861,3.197921,0.505166,18.643666,15.543803,0.031497999999999998,22.535466,1,1
1862,3.274537,0.51096299999999995,18.383296000000001,15.247115000000001,0.036457999999999997,22.361768999999999,1,1
1863,3.3511540000000002,0.52067099999999999,21.851226,18.696396,0.031918000000000002,25.91742,1,1
1864,3.2907410000000001,0.53890000000000005,51.869132999999998,48.715840999999998,0.041625000000000002,55.904598,1,1
1865,3.3760880000000002,0.548817,42.860855000000001,39.734102999999998,0.033873,47.019452000000001,1,1
1866,3.3556240000000002,0.52122999999999997,18.221122999999999,15.106942,0.030452,22.291229000000001,1,1
1867,3.4075169999999999,0.53191600000000006,21.267137000000002,18.192627000000002,0.033384999999999998,25.406247,1,1
1868,3.3095979999999998,0.53289399999999998,15.653385999999999,12.472925,0.038134000000000001,19.698627999999999,1,1
1869,3.417853,0.54050600000000004,31.181055000000001,27.954149000000001,0.040159,35.341256999999999,1,1
1870,3.3373949999999999,0.52716600000000002,39.385173000000002,36.260655999999997,0.032896000000000002,43.445222000000001,1,1
1871,3.340678,0.52632800000000002,21.348293999999999,18.194163,0.037783999999999998,25.414279000000001,1,1
1872,3.320843,0.526119,21.640024,18.496509,0.031220000000000001,25.680866000000002,1,1
1873,3.3135089999999998,0.55894500000000003,46.421534999999999,43.269151000000001,0.033384999999999998,50.489545999999997,1,1
1874,3.3274780000000002,0.519903,18.644365000000001,15.426679,0.035270000000000003,22.685068000000001,1,1
1875,3.3309700000000002,0.52604899999999999,18.358291999999999,15.261502,0.031917000000000001,22.403744,1,1
1876,3.3485,0.52891299999999997,30.420127000000001,27.338075,0.030939999999999999,34.490583000000001,1,1
1877,3.5036879999999999,0.52549100000000004,24.249945,21.132342999999999,0.037086000000000001,28.481735,1,1
1878,3.466323,0.53491900000000003,21.656855,18.471505000000001,0.032406999999999998,25.851908999999999,1,1
1879,3.2558889999999998,0.52891200000000005,21.347314999999998,18.237884000000001,0.033453999999999998,25.325790000000001,1,1
1880,3.364144,0.532335,27.630013999999999,24.521070999999999,0.031988000000000003,31.722539000000001,1,1
1881,3.2724419999999999,0.53163700000000003,39.916321000000003,36.782026000000002,0.036248000000000002,43.923360000000002,1,1
1882,3.3700809999999999,0.52828399999999998,54.641297000000002,51.474037000000003,0.035829,58.742134,1,1
1883,3.2847339999999998,0.53100800000000004,33.794747999999998,30.619945999999999,0.040509000000000003,37.818829000000001,1,1
1884,3.272443,0.53910999999999998,18.733273000000001,15.51426,0.033314999999999997,22.760007999999999,1,1
1885,3.3220290000000001,0.53044999999999998,30.460007000000001,27.369433000000001,0.032406999999999998,34.504342000000001,1,1
1886,3.3220999999999998,0.53429000000000004,39.629550000000002,36.531224000000002,0.037295000000000002,43.683314000000003,1,1
1887,3.2982830000000001,0.54413800000000001,30.326958999999999,27.184562,0.033873,34.365008000000003,1,1
1888,3.2991220000000001,0.53834099999999996,30.323466,27.233381000000001,0.039181000000000001,34.367452,1,1
1889,3.2778200000000002,0.56355500000000003,18.354381,15.317235999999999,0.033384999999999998,22.397946999999998,1,1
1890,3.3172809999999999,0.53282399999999996,18.315270000000002,15.178250999999999,0.043512000000000002,22.379998000000001,1,1
1891,3.2867600000000001,0.53408100000000003,21.607337000000001,18.559297000000001,0.031918000000000002,25.624713,1,1
1892,3.2412930000000002,0.52423299999999995,46.794910000000002,43.67633,0.038622999999999998,50.778481999999997,1,1
1893,3.274467,0.53373199999999998,18.370374999999999,15.327294,0.032266999999999997,22.376297000000001,1,1
1894,3.287738,0.536246,27.826269,24.800160000000002,0.038552999999999997,31.853701999999998,1,1
1895,3.324265,0.53666499999999995,37.518858000000002,34.450353999999997,0.037714999999999999,41.578068999999999,1,1
1896,3.2764229999999999,0.53296399999999999,40.134576000000003,37.080669,0.033383999999999997,44.143711000000003,1,1
1897,3.3309000000000002,0.53750299999999995,33.199415999999999,30.123439999999999,0.034501999999999998,37.266379000000001,1,1
1898,3.3211219999999999,0.53310299999999999,32.760181000000003,29.723175000000001,0.036666999999999998,36.818553999999999,1,1
1899,3.4275609999999999,0.55782699999999996,54.362838000000004,51.299641999999999,0.034431999999999997,58.547555000000003,1,1
1900,3.3430520000000001,0.543161,26.666055,23.685063,0.038482000000000002,30.755927,1,1
1901,3.287388,0.56159899999999996,20.886848000000001,17.872610999999999,0.032686,24.935652000000001,1,1
1902,3.3864239999999999,0.54525500000000005,30.204944999999999,27.186029000000001,0.033314999999999997,34.337141000000003,1,1
1903,3.6307309999999999,0.55119200000000002,18.313033999999998,15.257451,0.034361999999999997,22.714959,1,1
1904,3.2811720000000002,0.53366199999999997,18.271269,15.261991,0.031708,22.282150000000001,1,1
1905,3.3425630000000002,0.547211,21.129200000000001,18.158194999999999,0.030450999999999999,25.211808000000001,1,1
1906,3.4037440000000001,0.51801699999999995,17.935887999999998,14.961252,0.032966000000000002,22.053138000000001,1,1
1907,3.2558199999999999,0.53037999999999996,21.299544000000001,18.337129999999998,0.037714999999999999,25.287445999999999,1,1
1908,3.2047659999999998,0.54169299999999998,21.328317999999999,18.353332999999999,0.031428999999999999,25.262581999999998,1,1
1909,3.1351330000000002,0.51019499999999995,47.788899999999998,44.848484999999997,0.036038000000000001,51.626013999999998,1,1
1910,3.1104090000000002,0.50768100000000005,30.656682,27.704533999999999,0.034780999999999999,34.468722999999997,1,1
1911,3.1699139999999999,0.50928700000000005,36.450277,33.476478999999998,0.031988000000000003,40.316026000000001,1,1
1912,3.2398959999999999,0.52514099999999997,32.918930000000003,29.994859999999999,0.035758999999999999,36.880223000000001,1,1
1913,3.1675399999999998,0.51501399999999997,27.566876000000001,24.549078000000002,0.039948999999999998,31.454136999999999,1,1
1914,3.2526769999999998,0.52011200000000002,50.690759999999997,47.774652000000003,0.034641999999999999,54.658199000000003,1,1
1915,3.2996799999999999,0.51885599999999998,36.273716999999998,33.347200999999998,0.037156000000000002,40.287669999999999,1,1
1916,3.1722190000000001,0.52423299999999995,39.638418999999999,36.661479,0.037713999999999998,43.553547000000002,1,1
1917,3.1952669999999999,0.54022700000000001,18.316666000000001,15.312068,0.032895000000000001,22.249254000000001,1,1
1918,3.218315,0.52290599999999998,58.498944999999999,55.505870000000002,0.038413999999999997,62.442917000000001,1,1
1919,3.239128,0.53373099999999996,59.759452000000003,56.792079000000001,0.040927999999999999,63.739741000000002,1,1
1920,3.2700680000000002,0.525281,47.417758999999997,44.473714000000001,0.034782,51.412855999999998,1,1
1921,3.3663099999999999,0.52088100000000004,45.957504999999998,42.981541999999997,0.037644999999999998,50.047097999999998,1,1
1922,3.2375210000000001,0.52988999999999997,42.756371999999999,39.781596,0.032895000000000001,46.718921999999999,1,1
1923,3.2929059999999999,0.53212599999999999,45.446682000000003,42.501379,0.043999999999999997,49.488013000000002,1,1
1924,3.3008679999999999,0.52877300000000005,51.293914999999998,48.318302000000003,0.042812999999999997,55.337412,1,1
1925,3.1905169999999998,0.54532599999999998,42.580928999999998,39.605384000000001,0.040018999999999999,46.520710000000001,1,1
1926,3.19834,0.52304600000000001,38.859262999999999,35.896709999999999,0.034780999999999999,42.773902,1,1
1927,3.2609180000000002,0.51864600000000005,57.443424999999998,54.483593999999997,0.044069999999999998,61.433771999999998,1,1
1928,3.222505,0.54651300000000003,43.372517000000002,40.338515000000001,0.043302,47.355041999999997,1,1
1929,3.3884500000000002,0.53903999999999996,30.157800999999999,27.145101,0.034361999999999997,34.281826000000002,1,1
1930,3.3383729999999998,0.55838600000000005,15.300682999999999,12.330587,0.037644999999999998,19.401451000000002,1,1
1931,3.3957830000000002,0.54434800000000005,14.972636,12.073848,0.031428999999999999,19.110907999999998,1,1
1932,3.341167,0.54406900000000002,33.046461999999998,30.209205000000001,0.032895000000000001,37.130467000000003,1,1
1933,3.3071540000000001,0.54776999999999998,36.729714999999999,33.904958000000001,0.036178000000000002,40.790951,1,1
1934,3.381605,0.58765000000000001,46.043132,43.195328000000003,0.041066999999999999,50.231062000000001,1,1
1935,3.3349510000000002,0.54232199999999997,36.77581,34.030115000000002,0.051403999999999998,40.873992999999999,1,1
1936,3.3748309999999999,0.56592900000000002,15.507135999999999,12.737486000000001,0.043442000000000001,19.674323000000001,1,1
1937,3.4122659999999998,0.56306500000000004,37.272317000000001,34.452519000000002,0.036736999999999999,41.455846000000001,1,1
1938,3.5273650000000001,0.57710399999999995,33.620423000000002,30.844975999999999,0.049029000000000003,37.949573000000001,1,1
1939,3.564171,0.56572,33.855789999999999,31.093402999999999,0.033803,38.189759000000002,1,1
1940,3.5842860000000001,0.57919900000000002,33.431012000000003,30.697189999999999,0.032406999999999998,37.797877,1,1
1941,3.5606100000000001,0.59749699999999994,29.688883000000001,27.017220999999999,0.036666999999999998,34.06371,1,1
1942,3.6701220000000001,0.59638000000000002,23.295415999999999,20.647570000000002,0.033314999999999997,27.774376,1,1
1943,3.6479819999999998,0.58171399999999995,34.419415000000001,31.763397000000001,0.061461000000000002,48.460777999999998,1,1
1944,3.663627,0.59994199999999998,34.178739,31.555267000000001,0.036666999999999998,38.652462,1,1
1945,3.646096,0.59023400000000004,33.505603000000001,30.968247000000002,0.031428999999999999,37.954461999999999,1,1
1946,3.6522420000000002,0.59128099999999995,33.794747999999998,31.242027,0.068654000000000007,46.956454000000001,1,1
1947,3.8199329999999998,0.63227900000000004,27.865171,25.38278,0.050077000000000003,41.026038999999997,1,1
1948,3.6327560000000001,0.59149200000000002,31.256834000000001,28.817675000000001,0.051542999999999999,43.744214999999997,1,1
1949,3.6566429999999999,0.62166299999999997,29.27018,26.905054,0.055036000000000002,41.259031,1,1
1950,3.6589469999999999,0.594495,25.590420000000002,23.177523000000001,0.048051000000000003,37.828536999999997,1,1
1951,3.6449090000000002,0.584507,28.735052,26.417908000000001,0.056920999999999999,40.648403999999999,1,1
1952,3.7472970000000001,0.59959300000000004,37.413046999999999,34.961387999999999,0.051962000000000001,49.83869,1,1
1953,3.66628,0.60992900000000005,22.985457,20.613277,0.062996999999999997,35.235517000000002,1,1
1954,3.6544080000000001,0.61663400000000002,28.164514,25.719836999999998,0.051124000000000003,40.497754999999998,1,1
1955,3.6044010000000002,0.58646200000000004,24.24352,21.786552,0.046304999999999999,36.727269999999997,1,1
1956,3.5151430000000001,0.56886199999999998,29.218077999999998,26.701115999999999,0.054755999999999999,42.767057999999999,1,1
1957,3.662928,0.59344600000000003,28.922507,26.246026000000001,0.033803,33.396509999999999,1,1
1958,3.7397550000000002,0.59044300000000005,34.232517000000001,31.376750999999999,0.032686,38.778387000000002,1,1
1959,3.5792570000000001,0.59114199999999995,37.552452000000002,34.7483,0.037644999999999998,41.945577,1,1
1960,3.675011,0.61160599999999998,28.309923999999999,25.548514999999998,0.036806999999999999,32.815564000000002,1,1
1961,3.6801789999999999,0.58548500000000003,42.074294999999999,39.169153000000001,0.043302,46.571136000000003,1,1
1962,3.6242359999999998,0.58757999999999999,32.269540999999997,29.462734000000001,0.034571999999999999,36.690393,1,1
1963,3.7599390000000001,0.58038599999999996,36.253532,33.402307,0.036179000000000003,40.801217000000001,1,1
1964,3.6191369999999998,0.57256399999999996,39.186892,36.392378000000001,0.035688999999999999,43.594544999999997,1,1
1965,3.580165,0.56572,35.346915000000003,32.537734,0.055384999999999997,50.815358000000003,1,1
1966,3.5654979999999998,0.56187900000000002,35.675800000000002,32.833165000000001,0.038761999999999998,40.015287000000001,1,1
1967,3.618649,0.58653299999999997,35.195149000000001,32.374374000000003,0.058597000000000003,50.768774000000001,1,1
1968,3.5746479999999998,0.57340199999999997,32.185870999999999,29.370474000000002,0.051823000000000001,47.378089000000003,1,1
1969,3.581213,0.55803700000000001,38.619287,35.849426999999999,0.053498999999999998,54.133687000000002,1,1
1970,3.593785,0.558805,45.696576,42.872030000000002,0.057131000000000001,60.964503000000001,1,1
1971,3.5707369999999998,0.564253,38.952641999999997,36.157640000000001,0.058248000000000001,54.449860999999999,1,1
1972,3.585683,0.58136399999999999,42.292760999999999,39.462977000000002,0.057688999999999997,57.880495000000003,1,1
1973,3.622001,0.62564299999999995,39.852276000000003,37.063209999999998,0.056711999999999999,55.580112999999997,1,1
1974,3.702528,0.58352899999999996,42.425601,39.589671000000003,0.054965,58.141634000000003,1,1
1975,3.6866050000000001,0.58506599999999997,36.053505000000001,33.193339999999999,0.060622000000000002,51.784973999999998,1,1
1976,3.6333160000000002,0.58883700000000005,42.338228000000001,39.507047,0.050634999999999999,55.560487000000002,1,1
1977,3.6712400000000001,0.61223399999999994,39.206518000000003,36.412213000000001,0.059366000000000002,52.622098999999999,1,1
1978,3.663138,0.59051299999999995,39.301782000000003,36.384974,0.048051000000000003,52.591437999999997,1,1
1979,3.720548,0.59114199999999995,40.443626999999999,37.492178000000003,0.062507999999999994,54.105611000000003,1,1
1980,3.7629410000000001,0.59002399999999999,40.266298999999997,37.356057,0.037783999999999998,44.832352999999998,1,1
1981,3.5184259999999998,0.56369400000000003,33.063223999999998,30.216190000000001,0.041626000000000003,37.355707000000002,1,1
1982,3.6362489999999998,0.57423999999999997,33.638303000000001,30.694257,0.033874000000000001,38.055942000000002,1,1
1983,3.4344060000000001,0.544068,29.640622,26.866710999999999,0.031428999999999999,33.817587000000003,1,1
1984,3.5607500000000001,0.56537000000000004,26.923423,24.063047999999998,0.044209999999999999,31.261792,1,1
1985,3.638134,0.58443699999999998,22.821677999999999,19.947265000000002,0.032896000000000002,27.258454,1,1
1986,3.9133810000000002,0.60085,32.732872,29.869913,0.036247000000000001,37.466476,1,1
1987,3.8733620000000002,0.60140899999999997,33.329810000000002,30.414470000000001,0.038621999999999997,38.031917,1,1
1988,3.9010189999999998,0.61474799999999996,42.324539000000001,39.459135000000003,0.034710999999999999,47.067152999999998,1,1
1989,3.7939509999999999,0.60406199999999999,29.578253,26.608087000000001,0.035968,34.198225000000001,1,1
1990,3.88775,0.59665900000000005,23.068988000000001,20.175159000000001,0.032895000000000001,27.768999000000001,1,1
1991,3.7623829999999998,0.61719299999999999,32.201723999999999,29.361253999999999,0.032686,36.797390999999998,1,1
1992,3.7472279999999998,0.60217699999999996,19.462074000000001,16.601628000000002,0.032406999999999998,24.033994,1,1
1993,3.8320859999999999,0.58311000000000002,19.241092999999999,16.401112000000001,0.037225000000000001,23.869726,1,1
1994,3.8760859999999999,0.60434200000000005,19.603923000000002,16.674054000000002,0.032197999999999997,24.301558,1,1
1995,3.7772589999999999,0.59714800000000001,15.723087,12.898262000000001,0.030450999999999999,20.309325999999999,1,1
1996,3.7950689999999998,0.61153599999999997,12.725962000000001,9.8200500000000002,0.030102,17.345096000000002,1,1
1997,3.842352,0.57109699999999997,19.289494000000001,16.395316000000001,0.040438000000000002,23.933841000000001,1,1
1998,3.9262320000000002,0.61677400000000004,22.962409999999998,19.939094000000001,0.034852000000000001,27.740224000000001,1,1
1999,3.7834750000000001,0.59896400000000005,19.506353000000001,16.592967999999999,0.031988000000000003,24.108374999999999,1,1
2000,3.7864789999999999,0.597078,23.215167999999998,20.177115000000001,0.031078999999999999,27.812999000000001,1,1
2001,3.9406889999999999,0.59672899999999995,16.416408000000001,13.414534,0.035270000000000003,21.172920999999999,1,1
2002,3.8826510000000001,0.62410699999999997,16.616434999999999,13.534102000000001,0.031917000000000001,21.335303,1,1
2003,3.7942309999999999,0.61586600000000002,26.495640999999999,23.488668000000001,0.031009999999999999,31.116171000000001,1,1
2004,3.8777620000000002,0.61188500000000001,23.287942999999999,20.229496000000001,0.031427999999999998,27.991375000000001,1,1
2005,3.9149880000000001,0.59603099999999998,19.934134,16.873104000000001,0.033383999999999997,24.658868999999999,1,1
2006,3.7812410000000001,0.60099000000000002,29.482361000000001,26.413996999999998,0.030521,34.088642999999998,1,1
2007,3.7000839999999999,0.60217699999999996,9.7621520000000004,6.673394,0.031009999999999999,14.273659,1,1
2008,3.8252410000000001,0.58653200000000005,22.875526000000001,19.787745999999999,0.030521,27.508838000000001,1,1
2009,3.7016909999999998,0.57011900000000004,23.166837000000001,20.094211999999999,0.040509000000000003,27.66696,1,1
2010,3.7400329999999999,0.61614500000000005,13.493804000000001,10.325426,0.031009999999999999,18.083884000000001,1,1
2011,3.7447819999999998,0.58750999999999998,23.445366,20.350393,0.037644999999999998,28.007020000000001,1,1
2012,3.7543510000000002,0.60951,19.862687000000001,16.764291,0.031009999999999999,24.445222999999999,1,1
2013,3.6633469999999999,0.60022200000000003,23.640084999999999,20.511168999999999,0.035478999999999997,28.130918999999999,1,1
2014,3.6754989999999998,0.614958,27.402888000000001,24.216421,0.030380999999999998,31.906013999999999,1,1
2015,3.6561530000000002,0.563554,26.828368999999999,23.712232,0.033943000000000001,31.265774,1,1
2016,3.5903619999999998,0.56138900000000003,23.471696999999999,20.312818,0.043372000000000001,27.853648,1,1
2017,3.7585419999999998,0.60587899999999995,26.994312000000001,23.792898999999998,0.047282999999999999,31.605972999999999,1,1
2018,3.6640459999999999,0.60825300000000004,27.026859000000002,23.847936000000001,0.032966000000000002,31.514689000000001,1,1
2019,3.6754989999999998,0.59833499999999995,30.981866,27.841284999999999,0.038203000000000001,35.476121999999997,1,1
2020,3.76797,0.59337600000000001,27.080358,23.932652999999998,0.034780999999999999,31.657865999999999,1,1
2021,3.7783069999999999,0.60413300000000003,23.571151,20.487770999999999,0.030939999999999999,28.177434000000002,1,1
2022,3.7662239999999998,0.58786000000000005,33.901327000000002,30.757881999999999,0.033383999999999997,38.470244000000001,1,1
2023,3.6563629999999998,0.59966200000000003,23.824119,20.672433000000002,0.038063,28.306991,1,1
2024,3.671589,0.60378299999999996,24.302396000000002,21.096304,0.032475999999999998,28.803847000000001,1,1
2025,3.6782240000000002,0.60301499999999997,27.350854999999999,24.218167000000001,0.031497999999999998,31.847066999999999,1,1
2026,3.6562229999999998,0.60392299999999999,27.397998000000001,24.269501000000002,0.032895000000000001,31.878287,1,1
2027,3.71957,0.60175800000000002,24.473230000000001,21.250585000000001,0.033384999999999998,29.013442000000001,1,1
2028,3.792135,0.63423399999999996,23.763774999999999,20.589251000000001,0.03108,28.400580000000001,1,1
2029,3.903883,0.60322500000000001,27.798821,24.675491999999998,0.035829,32.526279000000002,1,1
2030,3.9243459999999999,0.61377099999999996,24.289196,21.120678999999999,0.033453999999999998,29.059258,1,1
2031,3.779703,0.61907900000000005,24.265937999999998,21.087294,0.031498999999999999,28.888843999999999,1,1
2032,3.8048470000000001,0.59589099999999995,24.281652999999999,21.129200000000001,0.035200000000000002,28.897295,1,1
2033,3.8199329999999998,0.60678600000000005,20.880633,17.705410000000001,0.034640999999999998,25.532871,1,1
2034,3.8035899999999998,0.62361900000000003,20.308696999999999,17.194447,0.031917000000000001,24.951018000000001,1,1
2035,3.8721739999999998,0.58960599999999996,23.892772999999998,20.763508000000002,0.030800000000000001,28.568200000000001,1,1
2036,3.7257159999999998,0.596939,19.953690999999999,16.894755,0.028636000000000002,24.488105999999998,1,1
2037,3.900112,0.60748500000000005,20.502927,17.313178000000001,0.037295000000000002,25.230944999999998,1,1
2038,3.8049170000000001,0.62431700000000001,20.467517999999998,17.310663999999999,0.032896000000000002,25.122340000000001,1,1
2039,3.9598960000000001,0.611815,27.043690999999999,23.886139,0.031498999999999999,31.825696000000001,1,1
2040,3.7698559999999999,0.60622699999999996,23.61571,20.458926000000002,0.036248000000000002,28.231770999999998,1,1
2041,3.78166,0.60615799999999997,17.257165000000001,14.036476,0.030450999999999999,21.884678999999998,1,1
2042,3.9673690000000001,0.59449399999999997,17.324840999999999,14.156673,0.031498999999999999,22.104261999999999,1,1
2043,3.8526189999999998,0.56411299999999998,17.185158000000001,13.972080999999999,0.030521,21.813790000000001,1,1
2044,3.82531,0.62229100000000004,20.977502999999999,17.791944000000001,0.035758999999999999,25.646504,1,1
2045,4.0573949999999996,0.65337100000000004,17.509153999999999,14.276173,0.037017000000000001,22.452214000000001,1,1
2046,3.9536799999999999,0.59735799999999994,17.034509,13.939674,0.029472999999999999,21.799332,1,1
2047,3.756586,0.60350400000000004,17.164833999999999,13.993872,0.030450999999999999,21.736545,1,1
2048,3.874898,0.59959300000000004,17.088425999999998,13.930733999999999,0.030450999999999999,21.776494,1,1
2049,4.0237309999999997,0.60252600000000001,13.500578000000001,10.400086999999999,0.034851,18.347746000000001,1,1
2050,3.7940209999999999,0.60350400000000004,13.679233999999999,10.534882,0.030591,18.287542999999999,1,1
2051,3.7669220000000001,0.601549,20.803177000000002,17.724337999999999,0.029543,25.37838,1,1
2052,3.8025419999999999,0.63178999999999996,23.757210000000001,20.704840000000001,0.029054,28.390242000000001,1,1
2053,3.870079,0.58052599999999999,17.269456999999999,14.05219,0.038970999999999999,21.973239,1,1
2054,3.83446,0.615587,24.618012,21.372738999999999,0.041066999999999999,29.303495000000002,1,1
2055,3.7799130000000001,0.63758700000000001,24.338714,21.13814,0.037086000000000001,29.002894999999999,1,1
2056,4.0575349999999997,0.633745,17.126142000000002,14.002462,0.042254,22.052928999999999,1,1
2057,3.9044409999999998,0.61083699999999996,24.097968999999999,20.957457999999999,0.036736999999999999,28.837859999999999,1,1
2058,3.8827210000000001,0.601688,23.659711999999999,20.556076999999998,0.031709000000000001,28.36908,1,1
2059,3.9003899999999998,0.61565599999999998,20.680883999999999,17.562512999999999,0.029961999999999999,25.406317999999999,1,1
2060,3.810924,0.60469099999999998,24.092382000000001,20.968983000000001,0.030521,28.715636,1,1
2061,3.8506629999999999,0.61600500000000002,27.248328000000001,24.136102999999999,0.037644999999999998,31.940306,1,1
2062,3.8065929999999999,0.62173299999999998,23.981262999999998,20.887685999999999,0.034780999999999999,28.635667000000002,1,1
2063,3.9092600000000002,0.60874200000000001,33.933244999999999,30.870118999999999,0.031009999999999999,38.665103999999999,1,1
2064,3.7674120000000002,0.60699599999999998,27.333324999999999,24.262516999999999,0.035758999999999999,31.923544,1,1
2065,3.785012,0.60119900000000004,23.566611999999999,20.477364999999999,0.032405999999999997,28.174641000000001,1,1
2066,3.7885740000000001,0.59274800000000005,20.374137999999999,17.309826000000001,0.030521,24.964497000000001,1,1
2067,3.9427850000000002,0.57884999999999998,23.477982999999998,20.434062999999998,0.043511000000000001,28.224088999999999,1,1
2068,3.915197,0.61516700000000002,26.857702,23.820208000000001,0.031569,31.611281000000002,1,1
2069,3.821539,0.59861500000000001,19.992032999999999,16.984362000000001,0.030032,24.627161000000001,1,1
2070,3.7861989999999999,0.59365599999999996,27.080566999999999,24.074711000000001,0.031009999999999999,31.674558000000001,1,1
2071,3.8439589999999999,0.59232899999999999,30.062677000000001,27.031607999999999,0.037086000000000001,34.732795000000003,1,1
2072,3.6967319999999999,0.58506499999999995,19.756665999999999,16.839859000000001,0.031498999999999999,24.249666000000001,1,1
2073,3.7741159999999998,0.56858299999999995,26.91169,23.950602,0.036318000000000003,31.464473000000002,1,1
2074,3.7660849999999999,0.604132,30.080417000000001,27.055215,0.039111,34.678248000000004,1,1
2075,3.9055589999999998,0.68829200000000001,23.021217,20.073539,0.032686,27.853787000000001,1,1
2076,3.9464160000000001,0.59253900000000004,19.526537000000001,16.604212,0.030870000000000002,24.279278000000001,1,1
2077,3.7496719999999999,0.59002500000000002,19.295361,16.474865999999999,0.031078999999999999,23.846608,1,1
2078,3.3142079999999998,0.51962399999999997,29.973768,27.157463,0.036248000000000002,34.018452000000003,1,1
2079,3.3721760000000001,0.52220800000000001,15.763735,13.039482,0.03073,19.857448999999999,1,1
2080,3.335299,0.53554800000000002,19.053008999999999,16.327708999999999,0.029613,23.116340999999998,1,1
2081,3.4988700000000001,0.55070300000000005,22.273350000000001,19.437978000000001,0.042394000000000001,26.533705999999999,1,1
2082,3.6631369999999999,0.61209400000000003,19.261068999999999,16.377715999999999,0.034292999999999997,23.769362999999998,1,1
2083,3.8224469999999999,0.58946500000000002,19.114749,16.261499000000001,0.030521,23.736885999999998,1,1
2084,3.867146,0.60217699999999996,22.230606999999999,19.303042999999999,0.029544000000000001,26.925169,1,1
2085,3.9953059999999998,0.57850100000000004,22.937266000000001,20.025977000000001,0.035270000000000003,27.741061999999999,1,1
2086,3.8007960000000001,0.626552,19.354935999999999,16.385887,0.033314999999999997,24.001238000000001,1,1
2087,3.7969550000000001,0.57305300000000003,23.219567000000001,20.150435000000002,0.037574999999999997,27.812719999999999,1,1
2088,3.9721880000000001,0.60804400000000003,22.459128,19.514873999999999,0.031918000000000002,27.254892000000002,1,1
2089,3.8694510000000002,0.59365599999999996,26.245187999999999,23.241078000000002,0.039460000000000002,30.938634,1,1
2090,3.8031709999999999,0.62138300000000002,26.012823999999998,22.958359000000002,0.033314999999999997,30.677775,1,1
2091,3.7848730000000002,0.59938400000000003,29.909303999999999,26.834513999999999,0.031987000000000002,34.508741999999998,1,1
2092,3.788224,0.62285000000000001,26.564436000000001,23.428255,0.040998,31.219887,1,1
2093,3.8902640000000002,0.62103399999999997,29.366561999999998,26.238274000000001,0.031779000000000002,34.100935,1,1
2094,3.7720910000000001,0.61062799999999995,22.411356999999999,19.345088000000001,0.030939999999999999,27.006535,1,1
2095,3.8716849999999998,0.59735700000000003,22.905767999999998,19.851441999999999,0.030241000000000001,27.586501999999999,1,1
2096,3.8098049999999999,0.59561200000000003,19.434974,16.294255,0.037644999999999998,24.064444999999999,1,1
2097,3.8623970000000001,0.60273600000000005,22.791716000000001,19.694158000000002,0.031498999999999999,27.472939,1,1
2098,3.808548,0.58730000000000004,22.448094000000001,19.425127,0.029124000000000001,27.051862,1,1
2099,3.841933,0.61865999999999999,22.368054999999998,19.246192000000001,0.034361999999999997,27.049837,1,1
2100,3.8776920000000001,0.63325600000000004,26.328230000000001,23.173611999999999,0.032476999999999999,31.070983999999999,1,1
2101,3.7966760000000002,0.59372599999999998,22.462202000000001,19.341666,0.030032,27.064503999999999,1,1
2102,3.7979319999999999,0.58674199999999999,23.116342,19.949850000000001,0.030521,27.713334,1,1
2103,3.7919260000000001,0.58716100000000004,28.954215999999999,25.860638999999999,0.036248000000000002,33.573838000000002,1,1
2104,3.8128790000000001,0.59309800000000001,22.648121,19.559501999999998,0.030032,27.290931,1,1
2105,3.7683200000000001,0.58352899999999996,22.414639000000001,19.337544999999999,0.031009999999999999,26.988095999999999,1,1
2106,3.8978069999999998,0.59449399999999997,23.041889000000001,19.933924999999999,0.035968,27.803360999999999,1,1
2107,3.859883,0.61048800000000003,28.787015,25.668714000000001,0.036527999999999998,33.487093999999999,1,1
2108,3.7739769999999999,0.60287500000000005,26.517012999999999,23.331105000000001,0.041347000000000002,31.117778000000001,1,1
2109,3.9673690000000001,0.59121199999999996,16.426814,13.261858999999999,0.030591,21.20889,1,1
2110,3.7057410000000002,0.59917399999999998,22.653499,19.567744000000001,0.035270000000000003,27.178905,1,1
2111,3.8941050000000001,0.60392299999999999,23.082957,19.931341,0.031498999999999999,27.796796000000001,1,1
2112,3.8195839999999999,0.59540199999999999,22.205324000000001,19.232921999999999,0.028915,26.831230999999999,1,1
2113,3.7664330000000001,0.60531999999999997,28.757819999999999,25.725633999999999,0.036666999999999998,33.347341,1,1
2114,3.8030309999999998,0.62319899999999995,23.037979,19.908642,0.031918000000000002,27.682116000000001,1,1
2115,3.7987009999999999,0.60783399999999999,22.602515,19.483795000000001,0.030591,27.218715,1,1
2116,3.8588339999999999,0.60029100000000002,22.986923999999998,19.873372,0.030032,27.652293,1,1
2117,3.7707639999999998,0.60587800000000003,26.446054,23.319580999999999,0.035758999999999999,31.042489,1,1
2118,3.878949,0.61579600000000001,22.514513000000001,19.502372000000001,0.029124000000000001,27.228283000000001,1,1
2119,3.792554,0.60462099999999996,22.943832,19.833981000000001,0.035270000000000003,27.570788,1,1
2120,3.83474,0.60113000000000005,19.394606,16.316953000000002,0.033873,24.043631999999999,1,1
2121,3.8110629999999999,0.61300200000000005,25.752942999999998,22.678013,0.032405999999999997,30.391772,1,1
2122,3.8496160000000001,0.59980199999999995,19.564601,16.487926000000002,0.031009999999999999,24.269290999999999,1,1
2123,3.7262740000000001,0.61048800000000003,22.845005,19.738088000000001,0.032405999999999997,27.401001999999998,1,1
2124,4.0331599999999996,0.61998699999999995,19.300388999999999,16.208697999999998,0.040438000000000002,24.182687000000001,1,1
2125,3.7880150000000001,0.60692599999999997,29.084052,26.005281,0.032895000000000001,33.698855999999999,1,1
2126,3.8683329999999998,0.61307199999999995,22.92267,19.825461000000001,0.030939999999999999,27.616394,1,1
2127,3.797793,0.595472,25.823412999999999,22.766293999999998,0.037574999999999997,30.434305999999999,1,1
2128,3.8105739999999999,0.62592300000000001,19.816241999999999,16.702061,0.031498999999999999,24.479026999999999,1,1
2129,3.777679,0.60105900000000001,22.424837,19.379380000000001,0.031498999999999999,27.014218,1,1
2130,3.7792849999999998,0.59093300000000004,25.832910999999999,22.784941,0.038413999999999997,30.430743,1,1
2131,3.7924150000000001,0.62431599999999998,25.676116,22.625910999999999,0.039949999999999999,30.323816000000001,1,1
2132,3.7916470000000002,0.60538899999999995,26.303436999999999,23.196939,0.034851,30.925363999999998,1,1
2133,3.7936719999999999,0.60371300000000006,25.799945999999998,22.797861999999999,0.030521,30.411466999999998,1,1
2134,3.8572980000000001,0.60043100000000005,23.064378999999999,19.982534999999999,0.052172000000000003,27.757404999999999,1,1
2135,3.7715320000000001,0.59966200000000003,22.583936000000001,19.567395000000001,0.031917000000000001,27.169056999999999,1,1
2136,3.8640029999999999,0.62145300000000003,22.570107,19.597916000000001,0.032476999999999999,27.277172,1,1
2137,3.7713920000000001,0.59512299999999996,22.465274999999998,19.525908999999999,0.030521,27.03978,1,1
2138,3.7173349999999998,0.58199199999999995,16.323727000000002,13.316475000000001,0.037086000000000001,20.846758999999999,1,1
2139,3.8504529999999999,0.60622799999999999,9.3550430000000002,6.4749020000000002,0.030521,14.018666,1,1
2140,3.7961860000000001,0.59079199999999998,25.351421999999999,22.44097,0.039182000000000002,29.961126,1,1
2141,3.8407450000000001,0.60902100000000003,38.216858000000002,35.383302,0.032405999999999997,42.874124999999999,1,1
2142,3.818327,0.608043,12.950991999999999,9.9949340000000007,0.039600999999999997,17.601485,1,1
2143,3.7586819999999999,0.61104700000000001,12.228478000000001,9.4327070000000006,0.031008999999999998,16.806894,1,1
2144,3.8560409999999998,0.58785900000000002,25.304068999999998,22.622838000000002,0.031009999999999999,29.955190000000002,1,1
2145,3.8815339999999998,0.59994199999999998,28.408190999999999,25.745749,0.030521,33.102964,1,1
2146,3.875807,0.60650700000000002,11.259911000000001,8.5568200000000001,0.036248000000000002,15.966068,1,1
2147,3.804427,0.61293299999999995,25.259509999999999,22.554881999999999,0.032896000000000002,29.898827000000001,1,1
2148,3.8167200000000001,0.59561200000000003,18.098828999999999,15.58962,0.028635000000000001,22.722642,1,1
2149,3.7872469999999998,0.63779600000000003,15.159114000000001,12.670159,0.029613,19.795079999999999,1,1
2150,3.8185359999999999,0.62766999999999995,14.490867,12.114147000000001,0.030939999999999999,19.157563,1,1
2151,3.8144849999999999,0.61796099999999998,14.537452,12.170858000000001,0.034292000000000003,19.204706000000002,1,1
2152,3.8279640000000001,0.58855800000000003,14.474664000000001,12.12176,0.029613,19.095472999999998,1,1
2153,3.7699259999999999,0.55642999999999998,11.425295999999999,9.1820450000000005,0.030032,15.975426000000001,1,1
2154,3.5001959999999999,0.56299600000000005,15.406145,13.231408,0.030521,19.676558,1,1
2155,3.341167,0.54169400000000001,13.162053999999999,11.01281,0.030032,17.244592999999998,1,1
2156,3.3884500000000002,0.55454400000000004,18.994271999999999,16.964248000000001,0.036947000000000001,23.142112999999998,1,1
2157,3.3719670000000002,0.52940100000000001,16.595552000000001,14.577401,0.033873,20.701069,1,1
2158,3.222575,0.51836700000000002,16.577044000000001,14.606525,0.029613,20.508095999999998,1,1
2159,3.160415,0.50698200000000004,14.893644999999999,12.858522000000001,0.034292999999999997,18.755343,1,1
2160,3.1294759999999999,0.51836599999999999,17.964594000000002,16.023686999999999,0.029613,21.819517000000001,1,1
2161,3.180809,0.50265199999999999,16.141231000000001,14.174203,0.033873,20.027024000000001,1,1
2162,3.0946950000000002,0.50300100000000003,16.611754999999999,14.633483999999999,0.031428999999999999,20.396279,1,1
2163,3.0234559999999999,0.494201,14.441628,12.474392,0.029054,18.136403999999999,1,1
2164,3.005576,0.47981400000000002,14.152203999999999,12.243912999999999,0.030521,17.814014,1,1
2165,2.9543119999999998,0.491477,17.192771,15.336582,0.030800999999999999,20.817634999999999,1,1
2166,2.945792,0.46654400000000001,12.376613000000001,10.642229,0.037156000000000002,15.979825999999999,1,1
2167,2.9693290000000001,0.48596,14.622170000000001,12.940935,0.030311000000000001,18.254017999999999,1,1
2168,2.9800140000000002,0.49029,11.128399,9.47119,0.029613,14.773726,1,1
2169,3.1470060000000002,0.48812499999999998,9.1144370000000006,7.4746199999999998,0.029613,12.931647,1,1
2170,3.2324220000000001,0.51501399999999997,9.1972699999999996,7.5320299999999998,0.030032,13.144106000000001,1,1
2171,3.3456359999999998,0.53603699999999999,10.562051,8.8646130000000003,0.031009999999999999,14.654158000000001,1,1
2172,3.5715750000000002,0.56446200000000002,11.523913,9.7952560000000002,0.033105000000000002,15.867590999999999,1,1
2173,3.715449,0.603993,11.480541000000001,9.7678790000000006,0.031498999999999999,16.006575000000002,1,1
2174,3.6616719999999998,0.593167,14.89148,13.148923999999999,0.030032,19.352492000000002,1,1
2175,3.6639059999999999,0.594773,13.621753999999999,11.859014,0.039460000000000002,18.100296,1,1
2176,3.8688920000000002,0.61216400000000004,14.302015000000001,12.512525,0.043232,19.023326000000001,1,1
2177,3.6988970000000001,0.60999899999999996,20.856048000000001,19.014527000000001,0.070610999999999993,30.721634999999999,1,1
2178,3.7203379999999999,0.61879899999999999,20.656998000000002,18.726219,0.032475999999999998,25.219141,1,1
2179,3.695335,0.59770699999999999,21.289974999999998,19.403057,0.050215999999999997,31.185036,1,1
2180,3.6888390000000002,0.60441199999999995,11.847072000000001,9.9753089999999993,0.030870000000000002,16.355436000000001,1,1
2181,3.7531639999999999,0.59665999999999997,11.678962,9.805453,0.029613,16.245505000000001,1,1
2182,3.8027519999999999,0.66713,13.818149999999999,11.914539,0.035131000000000003,18.517741000000001,1,1
2183,3.814066,0.60608799999999996,15.132854,13.267446,0.030380999999999998,19.765605999999998,1,1
2184,3.8989240000000001,0.60175800000000002,15.720364,13.804321,0.029961999999999999,20.430012000000001,1,1
2185,3.841863,0.60217699999999996,15.286714999999999,13.418443999999999,0.030032,19.943563999999999,1,1
2186,4.0661949999999996,0.62976399999999999,14.945607000000001,13.092701,0.029543,19.849905,1,1
2187,3.8889360000000002,0.61530700000000005,15.146053999999999,13.290215,0.034991000000000001,19.894465,1,1
2188,3.8288030000000002,0.63472300000000004,11.925643000000001,10.033346999999999,0.030800000000000001,16.604143000000001,1,1
2189,3.8126000000000002,0.60364399999999996,10.105005,8.264462,0.029822000000000001,14.730494,1,1
2190,3.8095970000000001,0.61432900000000001,6.8103530000000001,4.9550729999999996,0.029472999999999999,11.444364,1,1
2191,3.9062570000000001,0.61691399999999996,8.3247350000000004,6.4782549999999999,0.030241000000000001,13.060784,1,1
2192,3.9103780000000001,0.59840499999999996,5.1808019999999999,3.331458,0.029613,9.8982039999999998,1,1
2193,3.8998309999999998,0.60462199999999999,6.8063029999999998,4.9404760000000003,0.030032,11.519303000000001,1,1
2194,3.8938950000000001,0.60119900000000004,8.4982930000000003,6.632536,0.039600000000000003,13.234062,1,1
2195,3.9387340000000002,0.61509800000000003,8.6586490000000005,6.7775280000000002,0.031918000000000002,13.433040999999999,1,1
2196,3.8918699999999999,0.589256,8.590204,6.7256349999999996,0.030521,13.284767,1,1
2197,3.9153359999999999,0.60874200000000001,6.6584469999999998,4.8252370000000004,0.030032,11.395403999999999,1,1
2198,3.7991890000000001,0.60923099999999997,8.2526589999999995,6.402406,0.028566000000000001,12.896376,1,1
2199,3.8354379999999999,0.611815,8.1423780000000008,6.3317269999999999,0.035549999999999998,12.807747000000001,1,1
2200,3.8064529999999999,0.60203700000000004,6.6891080000000001,4.8260059999999996,0.032615999999999999,11.316693000000001,1,1
2201,3.9745620000000002,0.601549,8.1717110000000002,6.3360570000000003,0.028985,12.963075,1,1
2202,3.911845,0.59980299999999998,10.042707,8.1526449999999997,0.035829,14.792793,1,1
2203,3.907235,0.60706599999999999,8.2361760000000004,6.4000320000000004,0.031008999999999998,12.963914000000001,1,1
2204,3.8204920000000002,0.59652000000000005,8.2377120000000001,6.3899749999999997,0.029613,12.875215000000001,1,1
2205,3.8214700000000001,0.60490100000000002,8.5029020000000006,6.6407769999999999,0.030032,13.142708000000001,1,1
2206,4.0082269999999998,0.60385299999999997,11.435492999999999,9.6382519999999996,0.030450999999999999,16.257867000000001,1,1
2207,3.8018429999999999,0.60063999999999995,11.255511,9.4081930000000007,0.031009999999999999,15.872059999999999,1,1
2208,3.8239130000000001,0.60224599999999995,9.1376249999999999,7.3421289999999999,0.042464000000000002,13.783996999999999,1,1
2209,3.8171390000000001,0.60992999999999997,9.0915990000000004,7.2776649999999998,0.035270999999999997,13.734268999999999,1,1
2210,3.8068719999999998,0.603993,10.188048,8.4357839999999999,0.030032,14.813675999999999,1,1
2211,3.9104480000000001,0.601688,14.888476000000001,13.177909,0.031009999999999999,19.609439999999999,1,1
2212,3.8325040000000001,0.60245599999999999,9.6557130000000004,7.929989,0.029544000000000001,14.299151,1,1
2213,3.7956279999999998,0.606298,13.543810000000001,11.819763,0.030521,18.154492999999999,1,1
2214,3.806314,0.60161799999999999,10.444995,8.7232529999999997,0.029613,15.060009000000001,1,1
2215,3.883419,0.59365599999999996,9.3263379999999998,7.612139,0.035549999999999998,14.018875,1,1
2216,3.842422,0.59854499999999999,9.7617320000000003,8.1195389999999996,0.033663999999999999,14.420396999999999,1,1
2217,3.9001809999999999,0.59945300000000001,7.7014659999999999,6.1175920000000001,0.041417000000000002,12.420264,1,1
2218,3.8801359999999998,0.61768199999999995,9.6295210000000004,7.9792969999999999,0.030521,14.342941,1,1
2219,3.8144849999999999,0.65092700000000003,10.381019999999999,8.7580340000000003,0.030032,15.05491,1,1
2220,3.8979460000000001,0.59337600000000001,11.601508000000001,9.9507940000000001,0.029613,16.324845,1,1
2221,3.8883779999999999,0.60126900000000005,12.099411,10.425719000000001,0.041904999999999998,16.815484000000001,1,1
2222,3.915686,0.61544699999999997,15.375066,13.690199,0.042183999999999999,20.177394,1,1
2223,3.9022060000000001,0.63283800000000001,14.950986,13.24363,0.031708,19.706520000000001,1,1
2224,3.821609,0.61314199999999996,14.283716,12.524469,0.043721000000000003,18.950133000000001,1,1
2225,3.906047,0.69911800000000002,12.283443,10.483967,0.041066999999999999,17.157848999999999,1,1
2226,8.9641380000000002,1.1360479999999999,12.110794,10.301748999999999,0.045397,22.469047,1,1
2227,3.9140100000000002,0.61404999999999998,5.5086399999999998,3.736192,0.035270000000000003,10.265292000000001,1,1
2228,3.841723,0.60085,7.7341519999999999,6.045515,0.029613,12.388695999999999,1,1
2229,3.895222,0.59253900000000004,15.65555,13.933179000000001,0.030591,20.353116,1,1
2230,3.850943,0.60015099999999999,6.9215419999999996,5.334384,0.028565,11.608561999999999,1,1
2231,3.6980590000000002,0.56774500000000006,10.059119000000001,8.4062400000000004,0.030521,14.525998,1,1
2232,3.8277549999999998,0.61139600000000005,7.1103249999999996,5.4805640000000002,0.036736999999999999,11.768708999999999,1,1
2233,3.8729429999999998,0.61551699999999998,6.713692,5.1645989999999999,0.030032,11.408605,1,1
2234,3.8010060000000001,0.59009400000000001,11.663318,10.114433,0.036178000000000002,16.268971000000001,1,1
2235,3.7307450000000002,0.58834799999999998,8.6667500000000004,7.0767300000000004,0.030311000000000001,13.196208,1,1
2236,3.699316,0.59526199999999996,11.699286000000001,10.098998999999999,0.029613,16.206813,1,1
2237,3.780961,0.58492599999999995,8.1064790000000002,6.6065550000000002,0.029543,12.675884999999999,1,1
2238,3.7222240000000002,0.58373900000000001,14.047370000000001,12.495694,0.031358999999999998,18.558109000000002,1,1
2239,3.7635000000000001,0.605599,12.224078,10.684063999999999,0.030032,16.797326000000002,1,1
2240,3.7164269999999999,0.57556700000000005,6.5105919999999999,4.9409650000000003,0.040298,13.317453,1,1
2241,3.846123,0.61530700000000005,5.4860810000000004,3.9370569999999998,0.055454000000000003,13.484515,1,1
2242,3.7433860000000001,0.59805600000000003,9.1453070000000007,7.6263860000000001,0.030521,13.697113999999999,1,1
2243,3.9172220000000002,0.59638000000000002,8.35365,6.7893309999999998,0.029961999999999999,13.077128,1,1
2244,3.833761,0.58813899999999997,6.3327739999999997,4.8023290000000003,0.029543,10.95966,1,1
2245,3.765037,0.60636699999999999,11.030201,9.46204,0.032406999999999998,15.618255,1,1
2246,3.9734449999999999,0.59575100000000003,9.2074669999999994,7.6785579999999998,0.050285999999999997,17.270434999999999,1,1
2247,3.8297810000000001,0.58506599999999997,8.9709129999999995,7.4475210000000001,0.050566,16.746130999999998,1,1
2248,3.8753869999999999,0.60608799999999996,5.5124110000000002,3.923648,0.044489000000000001,13.526071,1,1
2249,3.7675510000000001,0.61921800000000005,9.1135300000000008,7.5901379999999996,0.058597999999999997,16.913751999999999,1,1
2250,3.818117,0.58429699999999996,8.3175410000000003,6.7985499999999996,0.043999999999999997,16.251721,1,1
2251,3.9276990000000001,0.58234200000000003,6.4027560000000001,4.8757330000000003,0.044699000000000003,14.389526,1,1
2252,3.7533029999999998,0.58576399999999995,5.5415359999999998,3.9992869999999998,0.04428,13.440934,1,1
2253,3.8325740000000001,0.58716100000000004,9.1659109999999995,7.586506,0.045676000000000001,17.005942999999998,1,1
2254,3.755538,0.60552899999999998,15.726998,14.117842,0.036318000000000003,20.311142,1,1
2255,3.9772159999999999,0.61006899999999997,18.242495000000002,16.615527,0.054826,26.593001000000001,1,1
2256,3.8031709999999999,0.61390999999999996,20.362195,18.712949999999999,0.044977999999999997,28.485996,1,1
2257,3.8366250000000002,0.61544699999999997,10.150821000000001,8.50793,0.030800000000000001,14.814444999999999,1,1
2258,3.8694510000000002,0.61747200000000002,17.842789,16.149332999999999,0.057131000000000001,26.108857,1,1
2259,3.7758620000000001,0.60189800000000004,10.731208000000001,9.0758849999999995,0.030521,15.322544000000001,1,1
2260,3.8795769999999998,0.59337700000000004,9.2245779999999993,7.5693250000000001,0.030102,13.909503000000001,1,1
2261,3.793463,0.61663400000000002,4.7946460000000002,3.172777,0.039252000000000002,9.4287960000000002,1,1
2262,3.7804720000000001,0.67369500000000004,14.044017999999999,12.432696,0.046864000000000003,22.027715000000001,1,1
2263,3.9773559999999999,0.62920600000000004,33.847617999999997,32.267724999999999,0.055733999999999999,41.977285999999999,1,1
2264,3.8104339999999999,0.61586600000000002,25.761533,24.161735,0.057340000000000002,33.692919000000003,1,1
2265,3.8235640000000002,0.62718099999999999,39.906263000000003,38.350675000000003,0.048190999999999998,47.552903999999998,1,1
2266,3.8799269999999999,0.62529400000000002,26.111091999999999,24.531338000000002,0.053498999999999998,33.448473,1,1
2267,4.1077510000000004,0.60943999999999998,20.439091999999999,18.844532000000001,0.046304999999999999,27.970842000000001,1,1
2268,3.7806120000000001,0.60664600000000002,31.005402,29.399806999999999,0.046095999999999998,38.991543999999998,1,1
2269,3.8286630000000001,0.61593500000000001,35.992742999999997,34.310741,0.055384999999999997,43.946686999999997,1,1
2270,3.8855149999999998,0.61013899999999999,26.843384,25.309866,0.045258,34.765411,1,1
2271,3.859254,0.59840599999999999,25.101737,23.494185999999999,0.050425999999999999,32.630063999999997,1,1
2272,3.8506629999999999,0.59596099999999996,12.296924000000001,10.664928,0.045886000000000003,20.603359999999999,1,1
2273,3.9663919999999999,0.60727600000000004,17.490297000000002,15.842587,0.049098999999999997,25.144759000000001,1,1
2274,3.8243320000000001,0.63542200000000004,12.918098000000001,11.217656,0.044769000000000003,20.711126,1,1
2275,3.8288030000000002,0.59791700000000003,26.116889,24.480702999999998,0.057200000000000001,34.535770999999997,1,1
2276,3.8322940000000001,0.605599,10.92886,9.2046729999999997,0.045816999999999997,18.705127000000001,1,1
2277,3.8202820000000002,0.60133899999999996,9.372363,7.6292489999999997,0.044349,17.009156000000001,1,1
2278,3.82559,0.59309800000000001,22.571504000000001,20.875883000000002,0.045326999999999999,30.107375000000001,1,1
2279,3.8010060000000001,0.59693799999999997,10.990600000000001,9.300217,0.045117999999999998,18.411511999999998,1,1
2280,3.7063000000000001,0.59931299999999998,11.234,9.5127459999999999,0.033593999999999999,15.755424,1,1
2281,3.6785030000000001,0.59805600000000003,9.5694579999999991,7.9339690000000003,0.031498999999999999,14.062386999999999,1,1
2282,3.7976529999999999,0.59854499999999999,9.3763450000000006,7.7682349999999998,0.043371,13.997154,1,1
2283,3.7875960000000002,0.59309699999999999,16.527317,14.874229,0.030589999999999999,21.122076,1,1
2284,3.8022629999999999,0.60874200000000001,21.774329000000002,20.111743000000001,0.030591,26.397373999999999,1,1
2285,3.7057410000000002,0.59344600000000003,8.4726599999999994,6.7572029999999996,0.038413000000000003,12.997158000000001,1,1
2286,3.7328399999999999,0.64820199999999994,6.8136359999999998,5.1201090000000002,0.035688999999999999,11.436821,1,1
2287,3.7631510000000001,0.61363100000000004,6.7044730000000001,5.0295240000000003,0.030939999999999999,11.303003,1,1
2288,3.76783,0.65791100000000002,8.6944079999999992,6.9708500000000004,0.029055000000000001,13.329745000000001,1,1
2289,3.7878059999999998,0.59868500000000002,5.4888750000000002,3.8165800000000001,0.029544000000000001,10.087545,1,1
2290,3.712377,0.59093200000000001,6.4802109999999997,4.7749509999999997,0.031988000000000003,13.232945000000001,1,1
2291,3.7824279999999999,0.600082,9.4568030000000007,7.8491119999999999,0.050915000000000002,17.082839,1,1
2292,3.773628,0.59365599999999996,16.039891000000001,14.417254,0.056920999999999999,23.742263999999999,1,1
2293,3.718731,0.61481799999999998,6.4417970000000002,4.7982079999999998,0.055035000000000001,13.686498,1,1
2294,3.7111890000000001,0.60154799999999997,19.918209999999998,18.35473,0.042882999999999998,26.992287999999999,1,1
2295,3.7755830000000001,0.58443699999999998,12.241469,10.740008,0.045607000000000002,19.298991999999998,1,1
2296,3.6933090000000002,0.58562499999999995,12.169392,10.703829000000001,0.044139999999999999,18.977231,1,1
2297,3.691284,0.60070999999999997,12.156122,10.636571999999999,0.051612999999999999,18.971015000000001,1,1
2298,3.7047639999999999,0.63367499999999999,6.8409440000000004,5.3529629999999999,0.044978999999999998,13.670852999999999,1,1
2299,3.7504400000000002,0.62040499999999998,8.2668359999999996,6.8309559999999996,0.048680000000000001,14.579496000000001,1,1
2300,3.696523,0.61223399999999994,10.378925000000001,8.9437429999999996,0.043651000000000002,16.567475999999999,1,1
2301,3.6847889999999999,0.62103399999999997,9.5993490000000001,8.1835149999999999,0.043372000000000001,16.191027999999999,1,1
2302,3.7133539999999998,0.62278100000000003,11.948691,10.463853,0.042394000000000001,18.684104000000001,1,1
2303,3.769647,0.59686799999999995,10.050528999999999,8.6016589999999997,0.046724000000000002,16.851872,1,1
2304,3.6948460000000001,0.62794799999999995,14.412224999999999,12.895398,0.052871000000000001,21.429449999999999,1,1
2305,3.7072080000000001,0.60106000000000004,13.625945,12.142992,0.030939999999999999,18.149674000000001,1,1
2306,3.7377289999999999,0.59379599999999999,9.8317139999999998,8.4062409999999996,0.029333999999999999,14.378631,1,1
2307,3.5668950000000001,0.63088200000000005,4.7337449999999999,3.398158,0.030521,9.1296630000000007,1,1
2308,3.560889,0.58457700000000001,7.2040519999999999,5.8273979999999996,0.028635000000000001,11.558904,1,1
2309,3.6815760000000002,0.63821499999999998,7.7451869999999996,6.363016,0.030521,12.268079,1,1
2310,3.72418,0.58506599999999997,8.1869370000000004,6.8842460000000001,0.032896000000000002,12.714997,1,1
2311,3.6954739999999999,0.60154799999999997,8.9714010000000002,7.5714199999999998,0.031498999999999999,13.487029,1,1
2312,3.7130740000000002,0.60043000000000002,6.9213319999999996,5.5471919999999999,0.029613,11.446458,1,1
2313,3.7148910000000002,0.61167499999999997,5.4475290000000003,4.1253520000000004,0.028565,9.9825719999999993,1,1
2314,3.6695630000000001,0.59679899999999997,4.7878020000000001,3.4566159999999999,0.027587,9.2562870000000004,1,1
2315,3.735563,0.64044999999999996,5.3908870000000002,4.0799539999999999,0.029613,9.9658110000000004,1,1
2316,3.6688649999999998,0.62173299999999998,5.7722239999999996,4.4437610000000003,0.029054,10.271438,1,1
2317,3.6331060000000002,0.62026599999999998,9.1930789999999991,7.7116629999999997,0.030311000000000001,13.668967,1,1
2318,3.764618,0.56341399999999997,14.296427,12.792242,0.030032,18.841877,1,1
2319,3.765387,0.599244,38.418979999999998,36.839855,0.038762999999999999,43.004728999999998,1,1
2320,3.6771069999999999,0.60238599999999998,21.660207,20.042808999999998,0.045676000000000001,26.17388,1,1
2321,3.757844,0.65099600000000002,12.562391999999999,10.878015,0.043442000000000001,17.235164999999999,1,1
2322,3.7857099999999999,0.61432900000000001,11.387722,9.6504049999999992,0.033663999999999999,16.008392000000001,1,1
2323,3.683951,0.61153599999999997,13.464261,11.724918000000001,0.035340000000000003,17.981285,1,1
2324,3.6655129999999998,0.62403699999999995,15.582984,13.819896,0.030032,20.090790999999999,1,1
2325,3.7468780000000002,0.59770699999999999,21.269931,19.523464000000001,0.030521,25.826346999999998,1,1
2326,3.662998,0.59435499999999997,48.165627000000001,46.428240000000002,0.043091999999999998,52.658416000000003,1,1
2327,3.654687,0.59784599999999999,39.318893000000003,37.584229999999998,0.034082000000000001,43.797994000000003,1,1
2328,3.7419889999999998,0.60322500000000001,40.084359999999997,38.401449999999997,0.04428,44.658515999999999,1,1
2329,3.6731950000000002,0.60259600000000002,22.362189000000001,20.674738000000001,0.032476999999999999,26.866432,1,1
2330,3.6759179999999998,0.59596099999999996,27.114999000000001,25.473994000000001,0.033383999999999997,31.609674999999999,1,1
2331,3.7496019999999999,0.60063999999999995,19.993220999999998,18.331821000000001,0.031498999999999999,24.553477000000001,1,1
2332,3.638344,0.58737099999999998,19.808979000000001,18.162734,0.038134000000000001,24.259163999999998,1,1
2333,3.5991629999999999,0.58331999999999995,13.947986,12.302581,0.031918000000000002,18.340273,1,1
2334,3.695265,0.58667199999999997,12.392188000000001,10.759842000000001,0.030032,16.883371,1,1
2335,3.6847189999999999,0.58597299999999997,13.044231,11.465944,0.029543,17.522144999999998,1,1
2336,3.637994,0.61949799999999999,25.729963999999999,24.104603999999998,0.032475999999999998,30.205432999999999,1,1
2337,3.5955300000000001,0.58024699999999996,9.7194079999999996,8.0972609999999996,0.036736999999999999,14.114977,1,1
2338,3.6491699999999998,0.59128199999999997,5.6713019999999998,4.0631919999999999,0.030519999999999999,10.120718999999999,1,1
2339,3.5996519999999999,0.58352899999999996,13.373605,11.763470999999999,0.030032,17.760166000000002,1,1
2340,3.6520329999999999,0.59512200000000004,10.433681,8.8603529999999999,0.031498999999999999,14.899302,1,1
2341,3.6155050000000002,0.57794100000000004,12.417261,10.750762999999999,0.030521,16.818418000000001,1,1
2342,3.765177,0.59854499999999999,35.532415,33.877021999999997,0.036806999999999999,40.118862,1,1
2343,3.764548,0.59477400000000002,16.698080000000001,15.097512999999999,0.030870000000000002,21.269233,1,1
2344,3.6340840000000001,0.58834799999999998,46.319985000000003,44.738624000000002,0.034292000000000003,50.757528999999998,1,1
2345,3.6330360000000002,0.64575800000000005,8.8539969999999997,7.2628589999999997,0.031497999999999998,13.349930000000001,1,1
2346,3.6727759999999998,0.62480599999999997,21.523806,19.888458,0.039879999999999999,26.058990000000001,1,1
2347,3.625562,0.60846299999999998,21.619909,20.040644,0.034222000000000002,26.074565,1,1
2348,3.6965219999999999,0.60231699999999999,26.378796000000001,24.719491999999999,0.032406999999999998,30.887369,1,1
2349,3.6945670000000002,0.59686899999999998,28.529088000000002,26.899607,0.038761999999999998,33.041224,1,1
2350,3.6156450000000002,0.60371300000000006,12.681193,11.06589,0.031428999999999999,17.115316,1,1
2351,3.6416270000000002,0.58108400000000004,22.798071,21.179904000000001,0.032475999999999998,27.235337000000001,1,1
2352,3.7104210000000002,0.582341,12.443522,10.809990000000001,0.03073,16.946648,1,1
2353,3.657899,0.58408800000000005,16.202971000000002,14.572652,0.031498999999999999,20.651130999999999,1,1
2354,3.849755,0.62557399999999996,12.058343000000001,10.392893000000001,0.033384999999999998,16.751439000000001,1,1
2355,3.6537090000000001,0.59470400000000001,73.440011999999996,71.770443,0.039879999999999999,77.915761000000003,1,1
2356,3.8743400000000001,0.60140800000000005,27.860351999999999,26.065835,0.046375,32.573143999999999,1,1
2357,3.6768260000000001,0.61244299999999996,30.493601000000002,28.720665,0.031498999999999999,35.015515000000001,1,1
2358,3.8596729999999999,0.62326899999999996,24.226686999999998,22.475542000000001,0.030521,28.918666000000002,1,1
2359,3.7658749999999999,0.62152300000000005,15.452799000000001,13.680562,0.036318000000000003,20.061806000000001,1,1
2360,3.7904589999999998,0.59714800000000001,23.787033000000001,21.954311000000001,0.036039000000000002,28.413919,1,1
2361,3.6218620000000001,0.59037399999999995,19.799479999999999,18.008524000000001,0.032197000000000003,24.231856000000001,1,1
2362,3.7352150000000002,0.58408800000000005,10.379553,8.6069659999999999,0.030450999999999999,14.895740999999999,1,1
2363,3.524292,0.57018899999999995,74.894469999999998,73.054066000000006,0.082064999999999999,84.077353000000002,1,1
2364,3.523943,0.58625300000000002,22.487065000000001,20.685704000000001,0.050634999999999999,31.428715,1,1
2365,3.5470609999999998,0.57375100000000001,26.869575000000001,25.038321,0.063416,35.185720000000003,1,1
2366,3.6319880000000002,0.58429799999999998,21.521432000000001,19.628716000000001,0.046864000000000003,30.094874000000001,1,1
2367,3.4523549999999998,0.57025999999999999,33.833579999999998,31.902381999999999,0.053358999999999997,42.479588,1,1
2368,3.5912000000000002,0.564392,23.834734999999998,21.928470000000001,0.068026000000000003,32.439675999999999,1,1
2369,3.4874160000000001,0.550983,26.509121,24.579668999999999,0.047772000000000002,35.220011999999997,1,1
2370,3.3622589999999999,0.54385899999999998,16.589476000000001,14.601146999999999,0.046933999999999997,25.626109,1,1
2371,3.4041640000000002,0.59218899999999997,15.739221000000001,13.784694999999999,0.054826,24.617663,1,1
2372,3.3793000000000002,0.52870300000000003,27.654668000000001,25.652929,0.047142999999999997,36.832312000000002,1,1
2373,3.3346010000000001,0.53603699999999999,15.143330000000001,13.182518,0.043232,24.275089000000001,1,1
2374,3.1831839999999998,0.49014999999999997,18.944685,16.845586000000001,0.051822,28.651451999999999,1,1
2375,3.218664,0.53903999999999996,18.155052000000001,15.903489,0.056292000000000002,28.239453999999999,1,1
2376,3.263852,0.52479200000000004,21.628709000000001,19.494340999999999,0.047562,32.961046000000003,1,1
2377,3.2811729999999999,0.52849400000000002,24.188483999999999,22.009136999999999,0.051333999999999998,34.15164,1,1
2378,3.2822200000000001,0.53792200000000001,28.095020999999999,25.81147,0.049727,38.414790000000004,1,1
2379,3.3058269999999998,0.52800499999999995,26.630784999999999,24.336967999999999,0.050424999999999998,37.222239000000002,1,1
2380,3.2042060000000001,0.52451300000000001,24.229551000000001,21.935385,0.057131000000000001,34.651218999999998,1,1
2381,3.2966769999999999,0.56090099999999998,28.579094999999999,26.128553,0.048889000000000002,41.423090000000002,1,1
2382,3.4289580000000002,0.54462699999999997,42.465829999999997,39.946423000000003,0.053219000000000002,46.684280000000001,1,1
2383,3.7388460000000001,0.58108499999999996,41.217266000000002,38.61768,0.03576,45.754753999999998,1,1
2384,3.6044700000000001,0.579129,32.759760999999997,30.106957000000001,0.032896000000000002,37.153165999999999,1,1
2385,3.5685020000000001,0.60476099999999999,34.278264,31.491921999999999,0.036666999999999998,38.662449000000002,1,1
2386,3.7011310000000002,0.59023400000000004,28.468744999999998,25.675418000000001,0.031498999999999999,32.970194999999997,1,1
2387,3.4825970000000002,0.59554200000000002,29.652774999999998,26.742882000000002,0.031219,33.936179000000003,1,1
2388,3.573251,0.58813800000000005,29.636921000000001,26.702234000000001,0.038413000000000003,34.019638999999998,1,1
2389,3.5560010000000002,0.593167,39.350602000000002,36.410327000000002,0.032895000000000001,43.721867000000003,1,1
2390,3.3707790000000002,0.56271599999999999,52.708423000000003,49.787146,0.036806999999999999,56.852072999999997,1,1
2391,3.380557,0.55286800000000003,43.172420000000002,40.252889000000003,0.033803,47.313346000000003,1,1
2392,3.3139280000000002,0.527725,29.551295,26.73038,0.040647999999999997,33.604429000000003,1,1
2393,3.5378409999999998,0.55419499999999999,40.963459999999998,37.977789000000001,0.034431999999999997,45.263905000000001,1,1
2394,3.376646,0.54791000000000001,36.720426000000003,33.842311000000002,0.033384999999999998,40.847591999999999,1,1
2395,3.3755980000000001,0.55223999999999995,26.562411000000001,23.677030999999999,0.035270000000000003,30.698308000000001,1,1
2396,3.3629570000000002,0.54141499999999998,23.416592000000001,20.497968,0.030521,27.522037999999998,1,1
2397,3.479314,0.55482399999999998,22.731023,19.878959999999999,0.044349,26.983277000000001,1,1
2398,3.422533,0.55084299999999997,19.454321,16.550294000000001,0.034361999999999997,23.638061,1,1
2399,3.5481780000000001,0.56313599999999997,20.049374,17.089963000000001,0.033873,24.365532999999999,1,1
2400,3.687792,0.56313599999999997,16.319607000000001,13.447638,0.031009999999999999,20.774193,1,1
2401,3.6240269999999999,0.58429799999999998,16.189281999999999,13.278271,0.031497999999999998,20.607130999999999,1,1
2402,3.7058810000000002,0.61055700000000002,19.419051,16.545894000000001,0.029613,23.944806,1,1
2403,3.6103369999999999,0.57843100000000003,26.877607000000001,23.909884999999999,0.036526999999999997,31.284839999999999,1,1
2404,3.732491,0.60217699999999996,26.008633,23.109635999999998,0.031709000000000001,30.559391999999999,1,1
2405,3.6358990000000002,0.59393600000000002,19.137028999999998,16.214075999999999,0.031009999999999999,23.572758,1,1
2406,3.7878759999999998,0.56998000000000004,15.773372999999999,12.934021,0.029543,20.336144000000001,1,1
2407,3.9408289999999999,0.61838000000000004,16.098279000000002,13.153254,0.038063,20.875533999999998,1,1
2408,3.6347119999999999,0.60043100000000005,19.244236000000001,16.383721999999999,0.030521,23.686530999999999,1,1
2409,3.6083120000000002,0.58192200000000005,19.658747999999999,16.730695999999998,0.029892999999999999,24.053688999999999,1,1
2410,3.7039949999999999,0.55279900000000004,25.815660999999999,22.871963999999998,0.034780999999999999,30.288336000000001,1,1
2411,3.7345160000000002,0.58674199999999999,16.385887,13.432482,0.035897999999999999,20.929382,1,1
2412,3.6719379999999999,0.59686899999999998,16.278888999999999,13.338266000000001,0.045607000000000002,20.776218,1,1
2413,3.8031709999999999,0.58297100000000002,19.484701999999999,16.555043999999999,0.030521,24.081416000000001,1,1
2414,3.7393350000000001,0.58150299999999999,25.480419000000001,22.634571999999999,0.030589999999999999,30.019583999999998,1,1
2415,3.60894,0.55929399999999996,22.584495,19.698208999999999,0.038273000000000001,26.966864000000001,1,1
2416,3.6594359999999999,0.65742100000000003,51.856141999999998,49.001494000000001,0.038972,56.400126,1,1
2417,3.7001539999999999,0.58960599999999996,41.806522000000001,38.901587999999997,0.036248000000000002,46.317050999999999,1,1
2418,3.6976399999999998,0.60175800000000002,32.235039,29.296232,0.032686,36.745778000000001,1,1
2419,3.6766179999999999,0.59742799999999996,19.725936000000001,16.780982999999999,0.031008999999999998,24.207341,1,1
2420,3.629543,0.58667199999999997,19.346205000000001,16.368425999999999,0.047493,23.786404000000001,1,1
2421,3.7104900000000001,0.60091899999999998,16.498262,13.476902000000001,0.032756,21.024156999999999,1,1
2422,3.6532900000000001,0.597916,19.507190999999999,16.546174000000001,0.03108,23.970298,1,1
2423,3.6470739999999999,0.58876700000000004,16.096043000000002,13.172112,0.030102,20.542456999999999,1,1
2424,3.6657220000000001,0.59651900000000002,16.227765000000002,13.27464,0.030939999999999999,20.696459000000001,1,1
2425,3.810435,0.58960500000000005,50.317875000000001,47.311180999999998,0.035758999999999999,54.934843000000001,1,1
2426,3.731792,0.61900900000000003,16.281752999999998,13.317104,0.032896000000000002,20.851507999999999,1,1
2427,3.6400199999999998,0.59631000000000001,13.189921999999999,10.12491,0.033804000000000001,17.641504999999999,1,1
2428,3.6309399999999998,0.59700799999999998,49.402526000000002,46.469726000000001,0.040089,53.853062000000001,1,1
2429,3.9269310000000002,0.60511000000000004,16.604212,13.565391999999999,0.031918000000000002,21.349969999999999,1,1
2430,3.6442100000000002,0.58827799999999997,16.524035000000001,13.512661,0.034921000000000001,20.974989000000001,1,1
2431,3.6561539999999999,0.59693799999999997,56.10239,53.131664999999998,0.036527999999999998,60.577300000000001,1,1
2432,3.7111890000000001,0.59959300000000004,15.996029,13.005470000000001,0.033593999999999999,20.546997000000001,1,1
2433,3.8063829999999998,0.616425,61.814408999999998,58.853532000000001,0.039600000000000003,66.464903000000007,1,1
2434,3.6210930000000001,0.603993,49.640897000000002,46.590761999999998,0.035130000000000002,54.087591000000003,1,1
2435,3.7491129999999999,0.62047600000000003,44.820408999999998,41.805754,0.036597999999999999,49.413840999999998,1,1
2436,3.814765,0.60371300000000006,49.593265000000002,46.465884000000003,0.037504999999999997,54.237262000000001,1,1
2437,3.6598549999999999,0.60608799999999996,51.749633000000003,48.685110000000002,0.038483000000000003,56.247171999999999,1,1
2438,3.7628720000000002,0.61244299999999996,58.847875000000002,55.783980999999997,0.038552000000000003,63.454926,1,1
2439,3.6604839999999998,0.61384000000000005,58.567808999999997,55.546937,0.035758999999999999,63.076732,1,1
2440,3.7620339999999999,0.599522,41.684438,38.704493999999997,0.038901999999999999,46.266486,1,1
2441,3.7513480000000001,0.63283699999999998,56.224963000000002,53.189424000000002,0.033383999999999997,60.839067999999997,1,1
2442,3.869939,0.59065299999999998,15.791532999999999,12.812775999999999,0.030589999999999999,20.462209000000001,1,1
2443,3.6592259999999999,0.59065199999999995,35.352153000000001,32.307814999999998,0.038552999999999997,39.823220999999997,1,1
2444,3.760008,0.59679899999999997,26.115981000000001,23.043216999999999,0.032475999999999998,30.694396999999999,1,1
2445,3.8561109999999998,0.59204999999999997,41.301634999999997,38.335797999999997,0.037504999999999997,45.973219999999998,1,1
2446,3.7565870000000001,0.60252600000000001,15.902162000000001,12.905246999999999,0.031988000000000003,20.478691999999999,1,1
2447,3.8601619999999999,0.67313599999999996,26.378796000000001,23.363371999999998,0.043302,31.136426,1,1
2448,3.7366809999999999,0.58932600000000002,22.351292999999998,19.409621999999999,0.032826000000000001,26.887245,1,1
2449,3.589874,0.56844300000000003,23.218869000000002,20.198556,0.036178000000000002,27.589226,1,1
2450,3.5599120000000002,0.56809399999999999,19.499089999999999,16.520403000000002,0.031708,23.844163999999999,1,1
2451,3.5382609999999999,0.55084299999999997,22.779423999999999,19.869181999999999,0.031498999999999999,27.067367999999998,1,1
2452,3.4957959999999999,0.53554800000000002,23.496979,20.456202999999999,0.039600999999999997,27.736381999999999,1,1
2453,3.5726930000000001,0.55203000000000002,23.331942999999999,20.305554000000001,0.040996999999999999,27.671849000000002,1,1
2454,3.4800119999999999,0.56418299999999999,20.256176,17.247736,0.031918000000000002,24.508011,1,1
2455,3.4772880000000002,0.54895799999999995,19.626062999999998,16.617481999999999,0.037156000000000002,23.856385,1,1
2456,3.442717,0.538551,23.424833,20.487352999999999,0.031709000000000001,27.601308,1,1
2457,3.3306900000000002,0.52178800000000003,26.825085000000001,23.852544999999999,0.036109000000000002,30.873889999999999,1,1
2458,3.335998,0.53226499999999999,26.005420999999998,23.138202,0.032896000000000002,30.070986999999999,1,1
2459,3.4190399999999999,0.53408100000000003,19.159587999999999,16.353269999999998,0.031498999999999999,23.300864000000001,1,1
2460,3.2841749999999998,0.549516,19.244446,16.400763000000001,0.037295000000000002,23.270900999999999,1,1
2461,3.3631669999999998,0.52269600000000005,22.985037999999999,20.087648000000002,0.031008999999999998,27.061710000000001,1,1
2462,3.426793,0.54141499999999998,22.989298999999999,20.079405999999999,0.033453999999999998,27.153482,1,1
2463,3.5018729999999998,0.54239300000000001,19.133676999999999,16.324985000000002,0.031008999999999998,23.366864,1,1
2464,3.413662,0.53792200000000001,19.049028,16.276305000000001,0.038482000000000002,23.203503999999999,1,1
2465,3.4304250000000001,0.53813200000000005,22.693099,19.842991000000001,0.032896000000000002,26.861055,1,1
2466,3.5171679999999999,0.54364900000000005,19.148973000000002,16.327010000000001,0.030519999999999999,23.407233000000002,1,1
2467,3.430634,0.55971300000000002,18.974716999999998,16.117415000000001,0.030519999999999999,23.160202000000002,1,1
2468,3.650636,0.56250699999999998,9.257892,6.3985649999999996,0.030032,13.675392,1,1
2469,3.8887269999999998,0.58471700000000004,22.621371,19.700723,0.038063,27.309719000000001,1,1
2470,3.8757359999999998,0.60650700000000002,25.296804999999999,22.472328999999998,0.035548999999999997,30.004079000000001,1,1
2471,3.8436789999999998,0.61670400000000003,22.084707000000002,19.266795999999999,0.031428999999999999,26.774311000000001,1,1
2472,3.785431,0.58646299999999996,15.946790999999999,13.047305,0.036318000000000003,20.533238000000001,1,1
2473,3.8971779999999998,0.645339,19.023536,16.198291000000001,0.033593999999999999,23.813713,1,1
2474,3.7700659999999999,0.62138400000000005,15.998264000000001,13.113864,0.031918000000000002,20.614884,1,1
2475,3.7831260000000002,0.59882500000000005,25.103273000000002,22.315253999999999,0.031009999999999999,29.69894,1,1
2476,3.8565299999999998,0.586812,21.966394999999999,19.093447999999999,0.039809999999999998,26.667591999999999,1,1
2477,3.810295,0.615097,31.302928999999999,28.451214,0.035340000000000003,35.952933000000002,1,1
2478,3.8743400000000001,0.60469200000000001,22.252047999999998,19.335519999999999,0.031078999999999999,26.946261,1,1
2479,3.8105739999999999,0.59631000000000001,27.980550000000001,25.133236,0.030521,32.597377999999999,1,1
2480,3.8241930000000002,0.60133899999999996,18.667203000000001,15.817164,0.034851,23.311897999999999,1,1
2481,3.7879450000000001,0.59540199999999999,37.425967999999997,34.609034999999999,0.031918000000000002,42.026173999999997,1,1
2482,3.7868279999999999,0.61565599999999998,18.479956000000001,15.661137999999999,0.031988000000000003,23.093084000000001,1,1
2483,3.8400470000000002,0.59400500000000001,28.536560999999999,25.556757000000001,0.038064000000000001,33.210031999999998,1,1
2484,3.9222510000000002,0.59903300000000004,28.531882,25.636377,0.032896000000000002,33.269537,1,1
2485,3.7380779999999998,0.57933900000000005,22.005994999999999,19.062438,0.032405999999999997,26.537966000000001,1,1
2486,3.7473670000000001,0.58772000000000002,27.774515999999998,24.862877999999998,0.035758999999999999,32.325204999999997,1,1
2487,3.9416669999999998,0.59847499999999998,27.552699,24.632749,0.032896000000000002,32.310119,1,1
2488,3.9500479999999998,0.59679899999999997,30.103743999999999,27.114160999999999,0.031008999999999998,34.866053000000001,1,1
2489,3.8847459999999998,0.58052599999999999,29.85811,26.838356000000001,0.056780999999999998,34.567270000000001,1,1
2490,3.854784,0.61139600000000005,30.64425,27.557099000000001,0.036178000000000002,35.336229000000003,1,1
2491,3.8563900000000002,0.61433000000000004,27.017150999999998,23.907999,0.032197000000000003,31.710107000000001,1,1
2492,3.7970950000000001,0.58911599999999997,20.844524,17.650653999999999,0.043091999999999998,25.456464,1,1
2493,3.816999,0.61335200000000001,22.664254,19.527305999999999,0.033383999999999997,27.314608,1,1
2494,3.77705,0.59246900000000002,20.459765000000001,17.247038,0.031427999999999998,25.038739,1,1
2495,3.797234,0.59428499999999995,20.480159,17.339369000000001,0.030521,25.09601,1,1
2496,3.851502,0.58855800000000003,17.735651000000001,14.658208,0.036666999999999998,22.391452000000001,1,1
2497,3.793533,0.59163100000000002,18.152118999999999,15.144448000000001,0.03108,22.754629999999999,1,1
2498,3.604889,0.57884999999999998,17.646253999999999,14.73706,0.039669999999999997,22.043987999999999,1,1
2499,3.549715,0.55922400000000005,26.518758999999999,23.642389999999999,0.031428999999999999,30.829820000000002,1,1
2500,3.3823029999999998,0.54043600000000003,17.746756000000001,14.928845000000001,0.035758999999999999,21.875948999999999,1,1
2501,3.4576630000000002,0.55000499999999997,21.592390999999999,18.773363,0.033314000000000003,25.800294999999998,1,1
2502,3.540775,0.57410099999999997,21.422885000000001,18.650231000000002,0.030100999999999999,25.738624999999999,1,1
2503,3.6732649999999998,0.58059499999999997,18.579899999999999,15.764434,0.030521,23.040562999999999,1,1
2504,3.748624,0.58792900000000003,24.887322000000001,22.057397999999999,0.038831999999999998,29.459871,1,1
2505,3.8625370000000001,0.60518000000000005,22.258821999999999,19.383641000000001,0.033383999999999997,26.948636,1,1
2506,3.8610690000000001,0.59749699999999994,22.126611,19.126902000000001,0.031917000000000001,26.797777,1,1
2507,3.8395579999999998,0.59135099999999996,18.481632999999999,15.62021,0.031428999999999999,23.126048999999998,1,1
2508,3.8644910000000001,0.59295799999999999,22.451097000000001,19.506423000000002,0.037644999999999998,27.125616000000001,1,1
2509,3.776281,0.60657700000000003,15.448888,12.555687000000001,0.031917000000000001,20.049233999999998,1,1
2510,3.7628020000000002,0.59428400000000003,12.451344000000001,9.5657560000000004,0.030521,17.020191000000001,1,1
2511,3.8975970000000002,0.60580800000000001,21.939087000000001,19.014665999999998,0.030032,26.654043000000001,1,1
2512,3.8454250000000001,0.59267899999999996,19.172998,16.091504,0.040996999999999999,23.840181999999999,1,1
2513,3.8114119999999998,0.62466600000000005,24.927271999999999,21.999499,0.035270999999999997,29.588031000000001,1,1
2514,3.8623959999999999,0.60601799999999995,22.054673999999999,18.983516999999999,0.031987000000000002,26.738551000000001,1,1
2515,3.854714,0.60448199999999996,18.630185999999998,15.650452,0.032475999999999998,23.299956000000002,1,1
2516,3.854644,0.59875400000000001,22.228231000000001,19.171880000000002,0.036805999999999998,26.902609999999999,1,1
2517,3.7966760000000002,0.60322399999999998,18.677538999999999,15.687818,0.031498999999999999,23.291784,1,1
2518,3.8621180000000002,0.59456399999999998,33.877021999999997,30.882899999999999,0.03108,38.546931000000001,1,1
2519,3.7838949999999998,0.60895100000000002,19.128996999999998,16.051344,0.030939999999999999,23.734931,1,1
2520,3.7903199999999999,0.59819599999999995,25.820201000000001,22.763359999999999,0.036248000000000002,30.432001,1,1
2521,3.785501,0.61293299999999995,25.298131999999999,22.251418999999999,0.030939999999999999,29.91957,1,1
2522,3.886841,0.61775100000000005,28.410008000000001,25.352329000000001,0.031987000000000002,33.128805999999997,1,1
2523,3.8538760000000001,0.59330700000000003,38.117403000000003,35.093738000000002,0.039251000000000001,42.790734,1,1
2524,3.7645490000000001,0.63570099999999996,21.886565000000001,18.866461999999999,0.032406999999999998,26.517151999999999,1,1
2525,3.8341799999999999,0.59037300000000004,19.296268999999999,16.20786,0.034361999999999997,23.943200000000001,1,1
2526,3.8483589999999999,0.62613200000000002,25.833680000000001,22.743106000000001,0.040926999999999998,30.541232999999998,1,1
2527,3.7741169999999999,0.61614500000000005,19.308771,16.185790000000001,0.032406999999999998,23.922107,1,1
2528,3.8695900000000001,0.59428499999999995,18.92925,15.782942,0.034851,23.612428000000001,1,1
2529,3.78592,0.62452700000000005,15.915222,12.824369000000001,0.028705000000000001,20.537289000000001,1,1
2530,3.8371840000000002,0.62906600000000001,16.079350999999999,12.954764000000001,0.035340000000000003,20.772447,1,1
2531,3.8922189999999999,0.60804400000000003,16.204367000000001,13.099057999999999,0.031428999999999999,20.922536999999998,1,1
2532,4.0090649999999997,0.59037300000000004,12.772128,9.7186400000000006,0.031987000000000002,17.581301,1,1
2533,4.0033380000000003,0.60280599999999995,22.247577,19.247729,0.032476999999999999,27.069322,1,1
2534,3.9339840000000001,0.59616999999999998,32.175393999999997,29.111429999999999,0.04002,36.925480999999998,1,1
2535,3.7779579999999999,0.60140800000000005,32.411878999999999,29.337858000000001,0.033943000000000001,37.011946000000002,1,1
2536,3.780821,0.59721800000000003,43.052152,39.952499000000003,0.032406999999999998,47.640974999999997,1,1
2537,3.7880150000000001,0.59959300000000004,33.312769000000003,30.234907,0.037994,37.925268000000003,1,1
2538,3.9207839999999998,0.62040499999999998,35.811991999999996,32.789025000000002,0.032896000000000002,40.590226000000001,1,1
2539,3.9416669999999998,0.60057000000000005,33.774563999999998,30.684619000000001,0.037784999999999999,38.542180999999999,1,1
2540,3.8843969999999999,0.59288799999999997,38.352699999999999,35.370939999999997,0.036666999999999998,43.124299000000001,1,1
2541,3.8552729999999999,0.61020799999999997,33.142215999999998,30.082371999999999,0.033663999999999999,37.828885999999997,1,1
2542,4.0110200000000003,0.593028,39.880701000000002,36.815829000000001,0.037714999999999999,44.709290000000003,1,1
2543,3.7765610000000001,0.61335099999999998,39.738782999999998,36.682152000000002,0.031498999999999999,44.359242999999999,1,1
2544,3.7866879999999998,0.57361200000000001,32.377446999999997,29.331502,0.037016,36.970388999999997,1,1
2545,3.7875960000000002,0.60755499999999996,25.591608000000001,22.547549,0.033383999999999997,30.206831000000001,1,1
2546,3.740942,0.58262100000000006,28.374317999999999,25.371884999999999,0.031987000000000002,32.906289999999998,1,1
2547,3.7006429999999999,0.60518000000000005,25.349955000000001,22.382722000000001,0.036318000000000003,29.893939,1,1
2548,3.7218740000000001,0.58262100000000006,18.769870000000001,15.804384000000001,0.032476999999999999,23.287732999999999,1,1
2549,3.7921360000000002,0.57996700000000001,15.79677,12.892535000000001,0.030591,20.378260000000001,1,1
2550,3.747646,0.59023400000000004,16.040937,13.118683000000001,0.031498999999999999,20.587016999999999,1,1
2551,3.747436,0.58255199999999996,12.597243000000001,9.6643720000000002,0.030521,17.137035999999998,1,1
2552,3.8733620000000002,0.58736999999999995,22.520589999999999,19.604061999999999,0.037994,27.205234999999998,1,1
2553,3.9011580000000001,0.62459600000000004,19.560549999999999,16.582281999999999,0.033593999999999999,24.302326999999998,1,1
2554,3.752745,0.58499500000000004,22.332993999999999,19.45928,0.030450999999999999,26.876698999999999,1,1
2555,3.837602,0.61705299999999996,16.152196,13.228683999999999,0.045677000000000002,20.834187,1,1
2556,3.7599390000000001,0.58702100000000002,12.561973,9.6582969999999992,0.034153000000000003,17.120134,1,1
2557,3.7880850000000001,0.58834799999999998,12.522164,9.5499720000000003,0.030939999999999999,17.115943999999999,1,1
2558,3.7871069999999998,0.62173299999999998,15.859629,12.845739999999999,0.031009999999999999,20.481415999999999,1,1
2559,3.7743259999999998,0.59344699999999995,15.791532,12.758298999999999,0.031358999999999998,20.367433999999999,1,1
2560,3.9209939999999999,0.58478699999999995,15.839653999999999,12.769404,0.031498999999999999,20.553981,1,1
2561,3.93161,0.59323700000000001,15.492120999999999,12.417889000000001,0.037783999999999998,20.240182000000001,1,1
2562,3.8561800000000002,0.59742799999999996,15.411592000000001,12.342110999999999,0.033174000000000002,20.083597000000001,1,1
2563,3.863235,0.58743999999999996,27.635950000000001,24.556272,0.035270000000000003,32.302017999999997,1,1
2564,3.7482060000000001,0.62347900000000001,15.308785,12.219189999999999,0.031220000000000001,19.900120999999999,1,1
2565,3.7614749999999999,0.61551599999999995,24.326352,21.200648000000001,0.034361999999999997,28.921530000000001,1,1
2566,3.7616839999999998,0.59749699999999994,15.696268,12.556317,0.032896000000000002,20.267489999999999,1,1
2567,3.87825,0.59498300000000004,15.850549000000001,12.781347,0.030939999999999999,20.529537000000001,1,1
2568,3.9237169999999999,0.58771899999999999,21.787879,18.763725000000001,0.031708,26.513172000000001,1,1
2569,3.8431199999999999,0.58527499999999999,12.57259,9.5466189999999997,0.030521,17.209882,1,1
2570,3.7592409999999998,0.59002399999999999,25.720257,22.596229000000001,0.039530999999999997,30.287915999999999,1,1
2571,3.7661549999999999,0.60636699999999999,19.399355,16.345658,0.03108,23.991109999999999,1,1
2572,3.747995,0.59596099999999996,16.078233999999998,13.129856999999999,0.032896000000000002,20.636185999999999,1,1
2573,3.7652459999999999,0.59484400000000004,19.142825999999999,16.221268999999999,0.031498999999999999,23.713559,1,1
2574,3.8285230000000001,0.59281799999999996,15.777634000000001,12.895189,0.034852000000000001,20.415065999999999,1,1
2575,3.780961,0.58730099999999996,19.447545999999999,16.536674999999999,0.032686,24.059975000000001,1,1
2576,3.9337749999999998,0.61174499999999998,22.293534000000001,19.444403999999999,0.032476999999999999,27.056332000000001,1,1
2577,3.8302,0.58331900000000003,22.510812000000001,19.631091000000001,0.031988000000000003,27.136581,1,1
2578,3.7581229999999999,0.59470400000000001,25.686523000000001,22.846471999999999,0.039182000000000002,30.265426999999999,1,1
2579,3.7505799999999998,0.60106000000000004,32.871788000000002,29.925018000000001,0.033803,37.445453999999998,1,1
2580,3.8731520000000002,0.59512299999999996,25.604669000000001,22.687442000000001,0.034782,30.292386,1,1
2581,3.7858499999999999,0.59093200000000001,19.630952000000001,16.707509000000002,0.034431999999999997,24.228643999999999,1,1
2582,3.9477440000000001,0.59540199999999999,22.348708999999999,19.486727999999999,0.033873,27.109411999999999,1,1
2583,3.7753739999999998,0.59002500000000002,25.539854999999999,22.722642,0.031008999999999998,30.114080000000001,1,1
2584,3.7738369999999999,0.60301499999999997,29.584399000000001,26.656905999999999,0.036039000000000002,34.188586000000001,1,1
2585,3.7743259999999998,0.60608799999999996,32.566648000000001,29.591173999999999,0.032895000000000001,37.167344,1,1
2586,3.7622439999999999,0.61600600000000005,25.652441,22.758890000000001,0.031498999999999999,30.260469000000001,1,1
2587,3.7660849999999999,0.60106000000000004,29.209139,26.187778000000002,0.034780999999999999,33.802779999999998,1,1
2588,3.778238,0.59449399999999997,18.720002999999998,15.7439,0.034361999999999997,23.308197,1,1
2589,3.7713230000000002,0.64603699999999997,18.559926000000001,15.579143,0.031009999999999999,23.191770999999999,1,1
2590,3.7799130000000001,0.59351699999999996,21.907098000000001,18.886437000000001,0.031498999999999999,26.500389999999999,1,1
2591,3.7208269999999999,0.58569499999999997,18.623691999999998,15.552254,0.047772000000000002,23.159852999999998,1,1
2592,3.9177119999999999,0.61942799999999998,18.570471999999999,15.507485000000001,0.042882999999999998,23.335294999999999,1,1
2593,3.83439,0.59526199999999996,18.732154999999999,15.674058,0.032197000000000003,23.385442000000001,1,1
2594,3.4957259999999999,0.55545299999999997,21.813091,18.902011000000002,0.034222000000000002,26.070723000000001,1,1
2595,3.483784,0.51690000000000003,18.792847999999999,16.001407,0.031708,22.986505000000001,1,1
2596,3.1466569999999998,0.50467799999999996,19.242840000000001,16.458034000000001,0.032476999999999999,23.078486999999999,1,1
2597,3.0882689999999999,0.48218800000000001,19.442867,16.659668,0.031987000000000002,23.195612000000001,1,1
2598,3.15008,0.48847499999999999,16.546523000000001,13.737062999999999,0.030311000000000001,20.368202,1,1
2599,3.202391,0.49692599999999998,19.521998,16.682994999999998,0.033314000000000003,23.410585000000001,1,1
2600,3.4383170000000001,0.53240500000000002,20.421841000000001,17.380434999999999,0.038761999999999998,24.602785999999998,1,1
2601,3.670261,0.56704699999999997,16.985969000000001,13.859356999999999,0.033804000000000001,21.431754000000002,1,1
2602,3.7471570000000001,0.59288799999999997,20.374279000000001,17.278466999999999,0.032336999999999998,24.920078,1,1
2603,3.77705,0.58045599999999997,20.349484,17.245501000000001,0.032895000000000001,24.91498,1,1
2604,3.8848159999999998,0.58129399999999998,20.175718,17.090242,0.033453999999999998,24.855823000000001,1,1
2605,3.8171390000000001,0.58408800000000005,20.328043000000001,17.158128000000001,0.033383999999999997,24.940472,1,1
2606,3.736332,0.58702100000000002,20.074797,17.004687000000001,0.030589999999999999,24.609211999999999,1,1
2607,3.9669500000000002,0.59491400000000005,23.440197999999999,20.378609000000001,0.030521,28.211796,1,1
2608,3.7073480000000001,0.58031600000000005,23.642530000000001,20.522971999999999,0.039182000000000002,28.151523000000001,1,1
2609,3.7278120000000001,0.59700900000000001,20.170200000000001,17.056788000000001,0.032826000000000001,24.725289,1,1
2610,3.7215250000000002,0.58380900000000002,19.997900000000001,16.958659999999998,0.031498999999999999,24.508987999999999,1,1
2611,3.744364,0.58436699999999997,23.923295,20.825108,0.031988000000000003,28.463158,1,1
2612,3.7959770000000002,0.60147799999999996,20.082618,17.027453999999999,0.038972,24.705524,1,1
2613,3.8633739999999999,0.59638000000000002,19.876374999999999,16.807942000000001,0.032406999999999998,24.555713000000001,1,1
2614,3.8332030000000001,0.62319899999999995,20.225026,17.128515,0.032405999999999997,24.895284,1,1
2615,3.77244,0.58737099999999998,16.722386,13.694251,0.030521,21.291581999999998,1,1
2616,3.7343769999999998,0.59079300000000001,13.508331,10.406093,0.037296000000000003,18.050498000000001,1,1
2617,3.7433860000000001,0.59309699999999999,20.417231000000001,17.29879,0.037855,24.972739000000001,1,1
2618,3.7223639999999998,0.59407600000000005,20.002161000000001,16.988063,0.032686,24.534061999999999,1,1
2619,3.6243750000000001,0.59051299999999995,16.704295999999999,13.661913,0.033873,21.133459999999999,1,1
2620,3.699875,0.582202,23.900805999999999,20.812815000000001,0.033593999999999999,28.399182,1,1
2621,3.7065790000000001,0.58876700000000004,20.085273000000001,17.054622999999999,0.037155000000000001,24.595103999999999,1,1
2622,3.6090800000000001,0.58485600000000004,19.804228999999999,16.817999,0.036736999999999999,24.214675,1,1
2623,3.6126420000000001,0.59281799999999996,19.946287999999999,16.937010000000001,0.031918000000000002,24.364135999999998,1,1
2624,3.6944270000000001,0.60147799999999996,16.613500999999999,13.609323,0.030032,21.114882000000001,1,1
2625,3.6668400000000001,0.61069700000000005,20.081990000000001,17.070896999999999,0.039040999999999999,24.575268999999999,1,1
2626,3.621232,0.59470400000000001,20.316728999999999,17.229088000000001,0.032896000000000002,24.751759,1,1
2627,3.604889,0.56697699999999995,20.357516,17.328264000000001,0.029543,24.736184000000002,1,1
2628,3.6844389999999998,0.60636699999999999,16.908864000000001,13.864943999999999,0.031009999999999999,21.405006,1,1
2629,3.6074039999999998,0.58569400000000005,20.120054,17.066496000000001,0.037644999999999998,24.553896999999999,1,1
2630,3.8147639999999998,0.59302699999999997,20.364151,17.287965,0.032965000000000001,25.010871999999999,1,1
2631,3.6782940000000002,0.59756699999999996,16.829941999999999,13.760040999999999,0.031428999999999999,21.320217,1,1
2632,3.634992,0.65707300000000002,20.204771999999998,17.198986000000001,0.032895000000000001,24.716349000000001,1,1
2633,3.7489729999999999,0.59623999999999999,20.279433000000001,17.189557000000001,0.038691999999999997,24.850515999999999,1,1
2634,3.7169159999999999,0.61900900000000003,16.745922,13.680911,0.033803,21.313582,1,1
2635,3.655805,0.58890699999999996,19.736063000000001,16.731045000000002,0.032895000000000001,24.191976,1,1
2636,3.6047500000000001,0.59149099999999999,19.495248,16.577044999999998,0.031498999999999999,23.917497000000001,1,1
2637,3.7537919999999998,0.61132699999999995,19.407108000000001,16.481780000000001,0.035340000000000003,24.006195999999999,1,1
2638,3.7648280000000001,0.60371399999999997,20.076542,17.068871000000001,0.031988000000000003,24.661383000000001,1,1
2639,3.6856960000000001,0.58632300000000004,19.855841999999999,16.941548999999998,0.031428999999999999,24.344231000000001,1,1
2640,3.7471570000000001,0.62040499999999998,20.063692,17.126211000000001,0.032475999999999998,24.647555000000001,1,1
2641,3.6861160000000002,0.61537699999999995,16.343633000000001,13.444216000000001,0.038972,20.867293,1,1
2642,3.83439,0.61712299999999998,16.799489999999999,13.843572,0.036248000000000002,21.494612,1,1
2643,3.6488200000000002,0.61970700000000001,16.503222000000001,13.659469,0.030800000000000001,21.005230000000001,1,1
2644,3.7054619999999998,0.59163100000000002,19.745421,16.905231000000001,0.030241000000000001,24.258116999999999,1,1
2645,3.6294740000000001,0.596939,19.614816999999999,16.753464999999998,0.034361999999999997,24.057321000000002,1,1
2646,3.7328399999999999,0.60511000000000004,16.368147,13.518737,0.034780999999999999,20.930289999999999,1,1
2647,3.6041210000000001,0.595333,19.557617,16.695426000000001,0.031988000000000003,23.968551999999999,1,1
2648,3.565569,0.61865999999999999,19.887270999999998,17.016839000000001,0.031498999999999999,24.284586000000001,1,1
2649,3.573391,0.58702100000000002,20.040783999999999,17.227622,0.033944000000000002,24.412886,1,1
2650,3.602096,0.57968799999999998,19.495108999999999,16.676010999999999,0.037992999999999999,23.891445999999998,1,1
2651,3.5877089999999998,0.59093200000000001,23.037281,20.168175000000002,0.032266999999999997,27.429497999999999,1,1
2652,3.6213030000000002,0.59854499999999999,20.087019000000002,17.237539000000002,0.042952999999999998,24.527775999999999,1,1
2653,3.6307309999999999,0.59211899999999995,16.829034,13.951199000000001,0.034431999999999997,21.265740999999998,1,1
2654,3.6566420000000002,0.58541500000000002,16.894196000000001,13.943446,0.031428999999999999,21.348364,1,1
2655,3.7421289999999998,0.58541399999999999,19.904661999999998,17.020610000000001,0.030589999999999999,24.440823000000002,1,1
2656,3.6606930000000002,0.58569499999999997,13.188594999999999,10.327731,0.030102,17.642970999999999,1,1
2657,3.72411,0.59239900000000001,13.176093,10.290715000000001,0.031427999999999998,17.724477,1,1
2658,3.6517539999999999,0.59002500000000002,16.897967999999999,13.988842999999999,0.031918000000000002,21.352554000000001,1,1
2659,3.8403969999999998,0.59128199999999997,16.631730999999998,13.714714000000001,0.035758999999999999,21.290115,1,1
2660,3.8116219999999998,0.62710999999999995,13.438559,10.453586,0.035409999999999997,18.110633,1,1
2661,3.7880150000000001,0.59505300000000005,16.834622,13.827648,0.031498999999999999,21.434269,1,1
2662,3.9515150000000001,0.594634,13.122733999999999,10.242872999999999,0.031358999999999998,17.900129,1,1
2663,3.8537360000000001,0.58311000000000002,19.845434999999998,16.934286,0.034292000000000003,24.501795000000001,1,1
2664,3.8633039999999998,0.60092000000000001,16.337906,13.433669,0.037714999999999999,21.02758,1,1
2665,3.7886440000000001,0.59009400000000001,13.142359000000001,10.241407000000001,0.032895000000000001,17.762260999999999,1,1
2666,3.7375889999999998,0.59442499999999998,16.486460000000001,13.601012000000001,0.030939999999999999,21.035889999999998,1,1
2667,3.8480789999999998,0.65609399999999996,16.908443999999999,13.970126,0.030521,21.622143999999999,1,1
2668,3.7935319999999999,0.59309699999999999,16.523686000000001,13.639424999999999,0.031009999999999999,21.131155,1,1
2669,3.7711130000000002,0.61817100000000003,16.894266999999999,13.883592,0.036108000000000001,21.514448000000002,1,1
2670,3.793463,0.61027900000000002,16.874082000000001,13.917814,0.035060000000000001,21.497685000000001,1,1
2671,3.7587510000000002,0.631162,16.401112999999999,13.466286,0.030521,21.017731999999999,1,1
2672,3.7622429999999998,0.58834900000000001,13.040739,10.168839999999999,0.030521,17.59939,1,1
2673,3.8649810000000002,0.59184000000000003,13.286234,10.341070999999999,0.030939999999999999,17.950206000000001,1,1
2674,3.8725939999999999,0.603854,16.529063000000001,13.642847,0.034292000000000003,21.227048,1,1
2675,3.805685,0.60413300000000003,16.723362999999999,13.787559,0.032476999999999999,21.346547000000001,1,1
2676,3.7804720000000001,0.59721800000000003,16.370312999999999,13.501696000000001,0.030450999999999999,20.956061999999999,1,1
2677,3.7648269999999999,0.60140800000000005,19.809467000000001,16.926183999999999,0.030521,24.402339999999999,1,1
2678,3.8518509999999999,0.58646299999999996,16.762474000000001,13.869344,0.032475999999999998,21.412827,1,1
2679,3.7776779999999999,0.60874200000000001,16.594294999999999,13.657862,0.035969000000000001,21.222438,1,1
2680,3.8579970000000001,0.60175699999999999,16.743548000000001,13.818218999999999,0.035340000000000003,21.428612000000001,1,1
2681,3.7709039999999998,0.59288799999999997,13.057850999999999,10.188606,0.030521,17.630610000000001,1,1
2682,3.8640029999999999,0.58352899999999996,16.354877999999999,13.516641999999999,0.033175000000000003,21.014868,1,1
2683,3.756167,0.59700900000000001,16.489042999999999,13.61463,0.031778000000000001,21.052723,1,1
2684,3.8892859999999998,0.60420200000000002,23.148258999999999,20.241508,0.036248000000000002,27.861889000000001,1,1
2685,3.9068160000000001,0.62250099999999997,9.68337,6.8207599999999999,0.031009999999999999,14.427379999999999,1,1
2686,3.7723710000000001,0.58974499999999996,13.357822000000001,10.357623,0.033453999999999998,17.934979999999999,1,1
2687,3.7629419999999998,0.59756799999999999,19.929316,17.021377999999999,0.033804000000000001,24.51248,1,1
2688,3.7676910000000001,0.59721900000000006,13.086207,10.20467,0.032476999999999999,17.667135999999999,1,1
2689,3.9142190000000001,0.61188500000000001,13.414673000000001,10.455261999999999,0.034851,18.161197999999999,1,1
2690,3.8637239999999999,0.59742799999999996,13.096124,10.148935,0.035270000000000003,17.772807,1,1
2691,3.8104339999999999,0.59568200000000004,13.127763,10.220803,0.030521,17.807867999999999,1,1
2692,3.8484980000000002,0.59826599999999996,13.38918,10.413287,0.030591,18.055039000000001,1,1
2693,3.7535129999999999,0.59484300000000001,13.200398,10.283381,0.033314999999999997,17.765125000000001,1,1
2694,3.854854,0.60636699999999999,13.12448,10.191190000000001,0.034501999999999998,17.806190999999998,1,1
2695,3.8598129999999999,0.59093200000000001,16.444555000000001,13.540457999999999,0.030939999999999999,21.112717,1,1
2696,3.7795640000000001,0.59260900000000005,9.4816660000000006,6.6405669999999999,0.029054,14.072723,1,1
2697,3.7996789999999998,0.59309800000000001,16.430865000000001,13.514127999999999,0.031917000000000001,21.035681,1,1
2698,3.7269040000000002,0.59163100000000002,20.01117,17.059792000000002,0.034431999999999997,24.552081000000001,1,1
2699,3.7727200000000001,0.59763699999999997,13.450502,10.455750999999999,0.036457999999999997,18.047356000000001,1,1
2700,3.7663639999999998,0.59784700000000002,23.235142,20.321269000000001,0.032406999999999998,27.818726999999999,1,1
2701,3.7577729999999998,0.601688,23.703711999999999,20.724534999999999,0.031917000000000001,28.277238000000001,1,1
2702,3.9402010000000001,0.59407600000000005,13.123780999999999,10.201456,0.030939999999999999,17.872052,1,1
2703,3.7821479999999998,0.62808799999999998,16.506854000000001,13.568954,0.035758999999999999,21.153993,1,1
2704,3.7832659999999998,0.61446900000000004,16.603863,13.635513,0.031497999999999998,21.221042000000001,1,1
2705,3.7787259999999998,0.60294499999999995,13.270588999999999,10.277234999999999,0.030939999999999999,17.866745000000002,1,1
2706,3.7688079999999999,0.59295799999999999,16.725667999999999,13.802854,0.030311000000000001,21.299543,1,1
2707,3.765666,0.60329500000000003,20.144219,17.196961000000002,0.033384999999999998,24.731155000000001,1,1
2708,3.8388599999999999,0.69387900000000002,19.922681000000001,16.962851000000001,0.039042,24.678844000000002,1,1
2709,3.7822179999999999,0.604132,19.788095999999999,16.900970999999998,0.031220000000000001,24.391863000000001,1,1
2710,3.731932,0.59931400000000001,19.717136,16.822748000000001,0.033175000000000003,24.257626999999999,1,1
2711,3.7658049999999998,0.59288799999999997,16.259194000000001,13.362221999999999,0.033383999999999997,20.833489,1,1
2712,3.8438880000000002,0.59805600000000003,19.720489000000001,16.801656000000001,0.040438000000000002,24.387394,1,1
2713,3.7793540000000001,0.62229100000000004,26.598448999999999,23.662714000000001,0.037994,31.235602,1,1
2714,3.7767710000000001,0.59239900000000001,19.853256999999999,16.955307999999999,0.031358999999999998,24.438797999999998,1,1
2715,3.8116219999999998,0.59093200000000001,19.647224000000001,16.742639,0.03073,24.261330000000001,1,1
2716,3.7556780000000001,0.58792900000000003,23.301283000000002,20.395230999999999,0.039669999999999997,27.865729999999999,1,1
2717,3.7608459999999999,0.60406300000000002,13.037737,10.141463,0.031918000000000002,17.623626000000002,1,1
2718,3.8239139999999998,0.59323700000000001,19.960115999999999,17.055251999999999,0.030102,24.588747999999999,1,1
2719,3.916385,0.59819599999999995,13.207452,10.256282000000001,0.030450999999999999,17.932535999999999,1,1
2720,3.858835,0.57954799999999995,16.414313,13.525302,0.031917000000000001,21.061173,1,1
2721,3.7653859999999999,0.57822099999999998,16.868285,13.889388,0.033384999999999998,21.429171,1,1
2722,3.7577739999999999,0.58681099999999997,13.122455,10.196778,0.030939999999999999,17.682431999999999,1,1
2723,3.9330069999999999,0.58778900000000001,19.722933000000001,16.842234000000001,0.03073,24.454512000000001,1,1
2724,3.8983650000000001,0.61118600000000001,19.733758999999999,16.833013999999999,0.030589999999999999,24.453115,1,1
2725,3.739824,0.596939,16.482060000000001,13.585088000000001,0.036178000000000002,21.036657999999999,1,1
2726,3.7866179999999998,0.60378299999999996,13.110722000000001,10.20872,0.032476999999999999,17.718050999999999,1,1
2727,3.764688,0.62704099999999996,9.7961639999999992,6.8948619999999998,0.030032,14.393227,1,1
2728,3.7574939999999999,0.59435499999999997,13.260113,10.329966000000001,0.030450999999999999,17.821556999999999,1,1
2729,3.7712530000000002,0.58443699999999998,20.168035,17.214631000000001,0.035270000000000003,24.733740000000001,1,1
2730,3.7416399999999999,0.58757999999999999,19.754083000000001,16.866119000000001,0.036178000000000002,24.307634,1,1
2731,3.814835,0.597777,16.329944000000001,13.383243999999999,0.032406999999999998,20.957457999999999,1,1
2732,3.7577729999999998,0.60057099999999997,16.668468000000001,13.665196,0.030731000000000001,21.247093,1,1
2733,3.743805,0.58883799999999997,16.396992000000001,13.496598000000001,0.035270999999999997,20.946842,1,1
2734,3.7460399999999998,0.58282999999999996,19.873442000000001,16.87932,0.035829,24.416308000000001,1,1
2735,3.8320150000000002,0.60874200000000001,19.800317,16.858506999999999,0.037783999999999998,24.466245000000001,1,1
2736,3.814765,0.63283699999999998,16.315276999999998,13.370742,0.031428999999999999,20.97897,1,1
2737,3.7591709999999998,0.59456399999999998,16.666442,13.690828,0.030521,21.242972000000002,1,1
2738,3.8668670000000001,0.58688099999999999,16.566846999999999,13.581524999999999,0.030521,21.232914999999998,1,1
2739,3.9964930000000001,0.60196799999999995,20.196949,17.214839999999999,0.049727,25.038599000000001,1,1
2740,3.8439580000000002,0.60657700000000003,19.702190000000002,16.763172999999998,0.034431999999999997,24.376918,1,1
2741,4.0028490000000003,0.59812600000000005,19.54749,16.657363,0.030591,24.359667000000002,1,1
2742,3.55579,0.55531299999999995,19.373094999999999,16.572854,0.030521,23.686042,1,1
2743,3.438177,0.53442999999999996,16.086894000000001,13.269750999999999,0.032406999999999998,20.291795,1,1
2744,3.2982830000000001,0.52493199999999995,12.869557,10.058280999999999,0.037784999999999999,16.891401999999999,1,1
2745,3.2359140000000002,0.50879799999999997,12.867811,10.077767,0.030102,16.792995999999999,1,1
2746,3.2169880000000002,0.50726199999999999,19.169295999999999,16.435894000000001,0.030521,23.077369000000001,1,1
2747,3.2599399999999998,0.49671500000000002,19.168178999999999,16.424859000000001,0.031009999999999999,23.108798,1,1
2748,3.3042210000000001,0.50768000000000002,19.021999000000001,16.310039,0.034570999999999998,23.024080000000001,1,1
2749,3.4061189999999999,0.55412499999999998,19.136541000000001,16.379531,0.032476999999999999,23.296184,1,1
2750,3.4203670000000002,0.52884299999999995,15.93848,13.147107999999999,0.030032,20.078009000000002,1,1
2751,3.5253389999999998,0.58422799999999997,15.944207,13.129020000000001,0.030521,20.255966000000001,1,1
2752,3.7427579999999998,0.56592900000000002,12.989615000000001,10.097951,0.03108,17.504196,1,1
2753,3.6857660000000001,0.57361099999999998,16.312691999999998,13.400983999999999,0.035270000000000003,20.786415999999999,1,1
2754,3.7072080000000001,0.58716100000000004,12.678749,9.8622350000000001,0.032896000000000002,17.183691,1,1
2755,3.7201979999999999,0.57815099999999997,19.103784999999998,16.247461000000001,0.030521,23.607119999999998,1,1
2756,3.7006429999999999,0.57947800000000005,19.534987999999998,16.625444999999999,0.033383999999999997,24.023098999999998,1,1
2757,3.7880150000000001,0.57563699999999995,19.157772000000001,16.307804000000001,0.031917000000000001,23.740936999999999,1,1
2758,3.7100010000000001,0.585206,16.034791999999999,13.181400999999999,0.041417000000000002,20.546507999999999,1,1
2759,3.7717420000000002,0.58548500000000003,19.317989000000001,16.480174000000002,0.031428999999999999,23.894869,1,1
2760,3.6968009999999998,0.59100200000000003,15.81437,12.987380999999999,0.038621999999999997,20.324131999999999,1,1
2761,3.6871640000000001,0.58429699999999996,19.056781000000001,16.218266,0.031078999999999999,23.537139,1,1
2762,3.789901,0.55042400000000002,19.132839000000001,16.309829000000001,0.035340000000000003,23.684016,1,1
2763,3.78173,0.58932600000000002,19.647085000000001,16.723922000000002,0.032406999999999998,24.230948000000001,1,1
2764,3.7329089999999998,0.57864000000000004,19.252338000000002,16.399925,0.031988000000000003,23.775577999999999,1,1
2765,3.809456,0.58569400000000005,19.354516,16.458523,0.030521,23.954165,1,1
2766,3.8612090000000001,0.58276099999999997,16.368774999999999,13.405245000000001,0.032476999999999999,21.023807999999999,1,1
2767,3.8540160000000001,0.60217699999999996,19.341666,16.455659000000001,0.033384999999999998,24.022749000000001,1,1
2768,3.8966889999999998,0.59610099999999999,19.727193,16.783007999999999,0.031009999999999999,24.432303000000001,1,1
2769,3.7382179999999998,0.59170100000000003,22.941737,20.003627999999999,0.031497999999999998,27.471471999999999,1,1
2770,3.6150169999999999,0.57843,16.201225000000001,13.263605,0.029054,20.602592000000001,1,1
2771,3.8364150000000001,0.56404299999999996,16.140322999999999,13.238462,0.038552999999999997,20.766161,1,1
2772,3.7739069999999999,0.59889400000000004,17.560627,14.852648,0.030521,22.147075999999998,1,1
2773,3.8315269999999999,0.59616999999999998,12.442823000000001,10.004921,0.030311999999999999,17.081582000000001,1,1
2774,3.7435960000000001,0.55293800000000004,11.571475,9.2036949999999997,0.028355000000000002,16.078443,1,1
2775,3.8544350000000001,0.57654499999999997,18.756599999999999,16.512231,0.030591,23.403392,1,1
2776,3.8394889999999999,0.59609999999999996,15.724415,13.521112,0.035131000000000003,20.378399000000002,1,1
2777,3.785641,0.61041800000000002,11.271364,9.1501970000000004,0.030032,15.883235000000001,1,1
2778,3.8683329999999998,0.57724299999999995,9.2935130000000008,7.2257030000000002,0.033384999999999998,13.951827,1,1
2779,3.7755130000000001,0.593866,12.440099,10.375572999999999,0.033383999999999997,17.034089999999999,1,1
2780,3.7597290000000001,0.62585299999999999,9.0754660000000005,7.0454410000000003,0.031009999999999999,13.673228,1,1
2781,3.7421289999999998,0.59672899999999995,8.8668479999999992,6.8646200000000004,0.031918000000000002,13.421797,1,1
2782,3.7827069999999998,0.58911599999999997,10.730719000000001,8.6948969999999992,0.037156000000000002,15.324638999999999,1,1
2783,3.7828469999999998,0.61160599999999998,8.916226,6.877332,0.030939999999999999,13.529423,1,1
2784,3.870568,0.59414500000000003,8.9748940000000008,6.9534589999999996,0.030032,13.646687999999999,1,1
2785,3.7739069999999999,0.58737099999999998,9.0310469999999992,6.9901960000000001,0.029961999999999999,13.599404,1,1
2786,3.8468909999999998,0.60378299999999996,8.8437999999999999,6.8484170000000004,0.030032,13.511544000000001,1,1
2787,3.7787259999999998,0.59554200000000002,12.608628,10.578742,0.030100999999999999,17.194447,1,1
2788,3.8780410000000001,0.59889400000000004,9.2884840000000004,7.2270300000000001,0.029124000000000001,13.974316,1,1
2789,3.859534,0.66252,10.990460000000001,8.9255849999999999,0.035758999999999999,15.736706,1,1
2790,3.7780269999999998,0.59519200000000005,10.798743999999999,8.7480469999999997,0.031009999999999999,15.398253,1,1
2791,3.7968839999999999,0.58429699999999996,9.1721970000000006,7.1351180000000003,0.030521,13.770099,1,1
2792,3.743106,0.575847,11.052061999999999,8.9916560000000008,0.031987000000000002,15.584172000000001,1,1
2793,3.6820650000000001,0.56453200000000003,9.1888190000000005,7.1582359999999996,0.029613,13.638935,1,1
2794,3.6199750000000002,0.56390399999999996,21.512422000000001,19.502790999999998,0.031987000000000002,25.898004,1,1
2795,3.4662540000000002,0.60818300000000003,9.128406,7.1509720000000003,0.036666999999999998,13.419701999999999,1,1
2796,3.4660440000000001,0.571936,14.566855,12.511058,0.031428999999999999,18.807096000000001,1,1
2797,3.4536120000000001,0.55559199999999997,8.8070629999999994,6.8660170000000003,0.029613,13.013362000000001,1,1
2798,3.4661140000000001,0.57465900000000003,8.4352250000000009,6.5376899999999996,0.029613,12.671625000000001,1,1
2799,3.4896509999999998,0.57479800000000003,10.486203,8.5140770000000003,0.029474,14.751726,1,1
2800,3.5007549999999998,0.57633599999999996,10.606749000000001,8.6309920000000009,0.031987000000000002,14.889175,1,1
2801,3.605448,0.57298300000000002,12.537458000000001,10.532926,0.032686,16.924576999999999,1,1
2802,3.604889,0.597777,10.712699000000001,8.6699640000000002,0.032895000000000001,15.128105,1,1
2803,3.703436,0.58464700000000003,10.605911000000001,8.6156269999999999,0.029961999999999999,15.102751,1,1
2804,3.7287189999999999,0.58590299999999995,11.094386,9.0354460000000003,0.030521,15.613785,1,1
2805,3.8786700000000001,0.58820799999999995,12.812495999999999,10.768293,0.029543,17.489668999999999,1,1
2806,3.8547829999999998,0.58765000000000001,12.412652,10.365306,0.031288999999999997,17.068313,1,1
2807,3.658458,0.58702100000000002,12.423895999999999,10.409167,0.029822000000000001,16.882254,1,1
2808,3.6986180000000002,0.603294,11.240914,9.1395800000000005,0.034710999999999999,15.760173999999999,1,1
2809,3.6816460000000002,0.59484300000000001,10.749435999999999,8.7109609999999993,0.032406999999999998,15.242505,1,1
2810,3.7151700000000001,0.61104700000000001,10.467974,8.4751750000000001,0.028076,15.001272,1,1
2811,3.7078359999999999,0.60650700000000002,10.60675,8.6017279999999996,0.030381999999999999,15.136345,1,1
2812,3.6522420000000002,0.63563099999999995,10.657385,8.6943389999999994,0.028146999999999998,15.157437,1,1
2813,3.6430229999999999,0.57389100000000004,10.452259,8.4471679999999996,0.030311000000000001,14.892179,1,1
2814,3.629823,0.59400500000000001,8.6824650000000005,6.7224219999999999,0.032405999999999997,13.108696,1,1
2815,3.7748849999999998,0.61873,10.568754999999999,8.5570989999999991,0.031008999999999998,15.19173,1,1
2816,3.7799830000000001,0.62431700000000001,8.6839320000000004,6.7009809999999996,0.029333999999999999,13.309561,1,1
2817,3.690795,0.59023400000000004,14.26891,12.319622000000001,0.030032,18.75695,1,1
2818,3.7169159999999999,0.59149099999999999,10.509949000000001,8.5165209999999991,0.030102,15.035564000000001,1,1
2819,3.6575510000000002,0.61712299999999998,11.341277,9.1374150000000007,0.042325000000000002,15.84112,1,1
2820,3.7596590000000001,0.635351,13.031451000000001,10.935006,0.041417000000000002,17.662108,1,1
2821,3.732281,0.61691300000000004,12.327793,10.234351999999999,0.032965000000000001,16.904254000000002,1,1
2822,3.7478560000000001,0.60252600000000001,10.908746000000001,8.8121620000000007,0.030521,15.471028,1,1
2823,3.5862409999999998,0.56907200000000002,12.563230000000001,10.576857,0.029961999999999999,16.920387000000002,1,1
2824,3.7842440000000002,0.615726,11.752855,9.7609639999999995,0.030521,16.363537999999998,1,1
2825,3.5731109999999999,0.60455099999999995,14.580893,12.670717,0.029124000000000001,18.965427999999999,1,1
2826,3.606007,0.57773200000000002,18.917795999999999,16.977937000000001,0.033663999999999999,23.332013,1,1
2827,3.6846489999999998,0.61279300000000003,17.718052,15.746624000000001,0.031428999999999999,22.231024999999999,1,1
2828,3.6781540000000001,0.59344699999999995,10.303915,8.2970780000000008,0.031987000000000002,14.793841,1,1
2829,3.6627890000000001,0.59603099999999998,10.342677,8.3354909999999993,0.030521,14.809974,1,1
2830,3.6866750000000001,0.60015099999999999,10.084820000000001,8.1000540000000001,0.029404,14.594721,1,1
2831,3.7783069999999999,0.58855800000000003,10.14279,8.1504799999999999,0.031708,14.718342,1,1
2832,3.8261479999999999,0.59679899999999997,11.741261,9.7739550000000008,0.035200000000000002,16.383094,1,1
2833,3.6979190000000002,0.60280599999999995,11.941846999999999,9.90428,0.031848000000000001,16.456216999999999,1,1
2834,3.673683,0.59840499999999996,10.211862999999999,8.1953879999999995,0.030032,14.695434000000001,1,1
2835,3.6728459999999998,0.59624100000000002,10.388005,8.3935999999999993,0.030032,14.871994000000001,1,1
2836,3.882511,0.59728800000000004,11.765496000000001,9.7754220000000007,0.030032,16.453564,1,1
2837,3.8470309999999999,0.59644900000000001,11.627209000000001,9.6544559999999997,0.030521,16.285315000000001,1,1
2838,3.8515709999999999,0.60804400000000003,10.255514,8.2528679999999994,0.033873,14.932337,1,1
2839,3.7040649999999999,0.60853199999999996,10.249718,8.2608300000000003,0.030311000000000001,14.77694,1,1
2840,3.6904460000000001,0.59568200000000004,11.921524,9.9480699999999995,0.029544000000000001,16.419969999999999,1,1
2841,3.6943570000000001,0.59589099999999995,10.803703000000001,8.818168,0.033454999999999999,15.307179,1,1
2842,3.8269160000000002,0.618869,12.842179,10.807266,0.031498999999999999,17.499586000000001,1,1
2843,3.7583329999999999,0.59274800000000005,13.035501,10.948975000000001,0.031918000000000002,17.605816000000001,1,1
2844,3.776491,0.60217699999999996,11.364883000000001,9.225835,0.033383999999999997,15.955800999999999,1,1
2845,3.8828610000000001,0.60580900000000004,9.5683399999999992,7.4663789999999999,0.031497999999999998,14.276313,1,1
2846,3.7016900000000001,0.603993,9.2546099999999996,7.1712259999999999,0.030032,13.764372,1,1
2847,3.6933790000000002,0.58492599999999995,9.3508519999999997,7.2990370000000002,0.030311999999999999,13.829325000000001,1,1
2848,3.8029609999999998,0.586951,9.2810109999999995,7.2106170000000001,0.031009999999999999,13.885477,1,1
2849,3.7679710000000002,0.59365599999999996,11.170443000000001,9.0633130000000008,0.031009999999999999,15.745507,1,1
2850,3.634922,0.59826599999999996,10.899247000000001,8.801266,0.031009999999999999,15.346220000000001,1,1
2851,3.7092339999999999,0.57438,11.195517000000001,9.1143680000000007,0.032406999999999998,15.687398999999999,1,1
2852,3.8529680000000002,0.59770699999999999,22.265806999999999,20.195204,0.031009999999999999,26.927754,1,1
2853,3.5645910000000001,0.57326200000000005,11.114221000000001,9.0605189999999993,0.031009999999999999,15.454406000000001,1,1
2854,3.716008,0.60252600000000001,12.58516,10.62833,0.028426,17.110427000000001,1,1
2855,3.6037020000000002,0.58506499999999995,26.941511999999999,24.954370000000001,0.030589999999999999,31.334288000000001,1,1
2856,3.723411,0.62710999999999995,13.352793999999999,11.258793000000001,0.035758999999999999,17.923736000000002,1,1
2857,3.7714629999999998,0.59379499999999996,15.105127,13.048282,0.030032,19.686266,1,1
2858,3.6861160000000002,0.59365599999999996,12.673999999999999,10.646978000000001,0.030521,17.165811999999999,1,1
2859,3.7007129999999999,0.59742799999999996,23.011089999999999,20.968284000000001,0.031848000000000001,27.548019,1,1
2860,3.7821479999999998,0.60371399999999997,18.544979999999999,16.554556000000002,0.034013000000000002,23.150632999999999,1,1
2861,3.7768410000000001,0.60469099999999998,10.105632999999999,8.1045929999999995,0.030870000000000002,14.705142,1,1
2862,3.7702749999999998,0.61160599999999998,9.9177590000000002,7.954853,0.030102,14.522435,1,1
2863,3.6654429999999998,0.59211899999999995,6.4922930000000001,4.5682879999999999,0.030032,10.956448,1,1
2864,3.6884899999999998,0.61006899999999997,6.4913860000000003,4.6237430000000002,0.030032,11.004569,1,1
2865,3.7857799999999999,0.60825300000000004,6.5133159999999997,4.5645179999999996,0.028705000000000001,11.116804999999999,1,1
2866,3.7007819999999998,0.61935799999999996,8.1143020000000003,6.1566330000000002,0.031497999999999998,12.650672,1,1
2867,3.7343069999999998,0.59826599999999996,13.358449999999999,11.493532,0.030032,17.898313999999999,1,1
2868,3.7952789999999998,0.61167499999999997,10.891565,8.9470960000000002,0.036318000000000003,15.519288,1,1
2869,3.687163,0.62543400000000005,12.452252,10.530970999999999,0.031498999999999999,16.981289,1,1
2870,3.7962560000000001,0.59833599999999998,6.5980340000000002,4.6217180000000004,0.029124000000000001,11.199846000000001,1,1
2871,3.7869670000000002,0.59679899999999997,17.545960999999998,15.583962,0.032406999999999998,22.141907,1,1
2872,3.6446990000000001,0.57277400000000001,13.773381000000001,11.836107,0.031497999999999998,18.204080999999999,1,1
2873,3.7906689999999998,0.60776399999999997,10.600114,8.6761800000000004,0.029543,15.213241999999999,1,1
2874,3.7002929999999998,0.59596099999999996,7.6935039999999999,5.8132200000000003,0.032406999999999998,12.204802000000001,1,1
2875,3.759868,0.60350400000000004,61.004243000000002,59.063198,0.056991,69.770099999999999,1,1
2876,3.7593800000000002,0.61865899999999996,53.498683999999997,51.618609999999997,0.059575000000000003,62.107467,1,1
2877,3.77705,0.61614599999999997,46.282969000000001,44.398704000000002,0.052660999999999999,54.846283,1,1
2878,3.6983380000000001,0.59449399999999997,44.62576,42.745685999999999,0.053358999999999997,53.038496000000002,1,1
2879,3.776281,0.60615799999999997,42.337530000000001,40.414572999999997,0.069561999999999999,50.990383000000001,1,1
2880,3.696383,0.61984700000000004,25.683101000000001,23.736257999999999,0.056571999999999997,35.149681000000001,1,1
2881,3.7056719999999999,0.59617100000000001,27.920905000000001,25.976296999999999,0.038621999999999997,32.451478999999999,1,1
2882,3.6970109999999998,0.60895100000000002,31.752222,29.876757000000001,0.053848,40.411081000000003,1,1
2883,3.748624,0.57857000000000003,38.249682999999997,36.336364000000003,0.057898999999999999,47.834575999999998,1,1
2884,3.6641159999999999,0.60294499999999995,32.149901999999997,30.227433000000001,0.048260999999999998,40.719084000000002,1,1
2885,3.6119439999999998,0.61775199999999997,20.204632,18.328538999999999,0.055803999999999999,28.849941999999999,1,1
2886,3.6933799999999999,0.60776399999999997,21.606708000000001,19.694786000000001,0.049029000000000003,31.164014000000002,1,1
2887,3.7289979999999998,0.60175800000000002,11.973485,10.136574,0.032475999999999998,16.531995999999999,1,1
2888,3.6794799999999999,0.593167,12.480817,10.629727000000001,0.030311000000000001,16.964108,1,1
2889,3.6865350000000001,0.58660199999999996,13.082644999999999,11.236584000000001,0.058667999999999998,22.338442000000001,1,1
2890,3.862466,0.59826500000000005,10.187068999999999,8.3817269999999997,0.031009999999999999,14.866616,1,1
2891,3.6968709999999998,0.599383,12.666387,10.840579999999999,0.031078999999999999,17.171956999999999,1,1
2892,3.9285369999999999,0.59288799999999997,19.642405,17.804794999999999,0.031428999999999999,27.621354,1,1
2893,3.67564,0.59652000000000005,13.453925,11.617501000000001,0.051893000000000002,22.323286,1,1
2894,3.764967,0.59966299999999995,12.160940999999999,10.357832,0.033384999999999998,16.763311999999999,1,1
2895,3.6711,0.61041800000000002,12.702844000000001,10.992906,0.031009999999999999,17.204643000000001,1,1
2896,3.6150859999999998,0.62473500000000004,11.829122,10.099907,0.029613,16.278331000000001,1,1
2897,3.6238169999999998,0.58667199999999997,14.830717999999999,13.099126999999999,0.043232,19.290051999999999,1,1
2898,3.6305909999999999,0.594773,18.724962000000001,17.060979,0.031358999999999998,23.188697999999999,1,1
2899,3.5985339999999999,0.58918599999999999,13.799780999999999,12.070634999999999,0.030311999999999999,18.190742,1,1
2900,3.6588780000000001,0.59232899999999999,10.467485,8.8038509999999999,0.033384999999999998,14.970610000000001,1,1
2901,3.7951389999999998,0.59142099999999997,10.559606,8.9119650000000004,0.030521,15.158416000000001,1,1
2902,3.708116,0.58939600000000003,12.345044,10.661296,0.034851,16.858018000000001,1,1
2903,3.711678,0.61789099999999997,14.743136,13.06714,0.031009999999999999,19.283557999999999,1,1
2904,3.7229920000000001,0.59260800000000002,13.172670999999999,11.528872,0.031498999999999999,17.696959,1,1
2905,3.5972759999999999,0.56599900000000003,17.325120999999999,15.744738,0.036318000000000003,21.706862000000001,1,1
2906,3.7895509999999999,0.61307199999999995,10.353013000000001,8.7212270000000007,0.041137,14.978573000000001,1,1
2907,3.6628590000000001,0.603294,9.9936070000000008,8.4267040000000009,0.030032,14.472219000000001,1,1
2908,3.7376589999999998,0.56327400000000005,14.927797999999999,13.377307999999999,0.039181000000000001,19.449781000000002,1,1
2909,3.7655959999999999,0.59980299999999998,7.0508189999999997,5.4227350000000003,0.030032,11.637546,1,1
2910,3.6978490000000002,0.61293299999999995,7.4744099999999998,5.9842630000000003,0.029333000000000001,11.988851,1,1
2911,3.710909,0.57556700000000005,15.149755000000001,13.665545,0.030100999999999999,19.643872000000002,1,1
2912,3.7871069999999998,0.60664600000000002,7.4163019999999999,5.8785930000000004,0.031918000000000002,12.025099000000001,1,1
2913,3.777399,0.594773,7.4579279999999999,5.9563259999999998,0.029124000000000001,12.032572,1,1
2914,3.673753,0.61579600000000001,15.560635,14.064831999999999,0.029753000000000002,20.081291,1,1
2915,3.6013280000000001,0.61439900000000003,8.3184500000000003,6.7812989999999997,0.030521,12.742584000000001,1,1
2916,3.809526,0.59009400000000001,7.0946800000000003,5.5774350000000004,0.031009999999999999,11.708226,1,1
2917,3.850244,0.604132,6.6727650000000001,5.1697670000000002,0.030450999999999999,11.339041999999999,1,1
2918,3.6941470000000001,0.59351600000000004,11.393447999999999,9.9675560000000001,0.028146000000000001,15.886308,1,1
2919,3.6491690000000001,0.59309800000000001,10.803145000000001,9.3079699999999992,0.036178000000000002,15.267439,1,1
2920,3.695125,0.60371399999999997,9.5222440000000006,8.0349609999999991,0.030032,14.036125999999999,1,1
2921,3.7635710000000002,0.60057000000000005,10.448627,8.9597379999999998,0.030102,15.025646,1,1
2922,3.7852220000000001,0.59421500000000005,16.717426,15.26688,0.030450999999999999,21.305201,1,1
2923,3.7727189999999999,0.62201200000000001,9.9075620000000004,8.4053319999999996,0.030102,14.510700999999999,1,1
2924,3.6801789999999999,0.59616999999999998,8.1816990000000001,6.6342119999999998,0.029544000000000001,12.671136000000001,1,1
2925,3.8680530000000002,0.59177100000000005,10.670305000000001,9.1930800000000001,0.031498999999999999,15.3597,1,1
2926,3.8054060000000001,0.61195500000000003,7.6094840000000001,6.0642319999999996,0.031497999999999998,12.245589000000001,1,1
2927,3.6681659999999998,0.61104599999999998,7.4196540000000004,5.9186820000000004,0.029543,11.929066000000001,1,1
2928,3.7741859999999998,0.60511099999999995,6.5740780000000001,5.0426539999999997,0.029472999999999999,11.170443000000001,1,1
2929,3.732491,0.615726,7.6398650000000004,6.0630449999999998,0.03073,12.203544000000001,1,1
2930,3.7785869999999999,0.60126900000000005,8.6853289999999994,7.1315559999999998,0.030032,13.277713,1,1
2931,3.6759189999999999,0.59686899999999998,10.515186999999999,8.9850209999999997,0.029543,14.994496,1,1
2932,3.7030180000000001,0.60029100000000002,17.406137000000001,15.8634,0.030521,21.920020000000001,1,1
2933,3.8891460000000002,0.59526299999999999,16.067408,14.450568000000001,0.035478999999999997,20.775241000000001,1,1
2934,3.6842299999999999,0.621313,14.282389,12.692717999999999,0.031498999999999999,18.808353,1,1
2935,3.699316,0.595472,13.703469,12.211226999999999,0.029613,18.207155,1,1
2936,3.8519899999999998,0.60483100000000001,6.0893050000000004,4.6298190000000004,0.030032,10.757607,1,1
2937,3.7623829999999998,0.59421500000000005,7.5824550000000004,6.1801690000000002,0.033383999999999997,12.153048999999999,1,1
2938,3.6838109999999999,0.62347799999999998,4.0106710000000003,2.6328309999999999,0.030380999999999998,8.5317460000000001,1,1
2939,3.706858,0.589256,5.1759130000000004,3.8188149999999998,0.051542999999999999,12.234484999999999,1,1
2940,3.7270430000000001,0.5917,9.6397180000000002,8.3160050000000005,0.044209999999999999,16.183765000000001,1,1
2941,3.7022490000000001,0.603294,9.1897269999999995,7.9361350000000002,0.045677000000000002,15.399229999999999,1,1
2942,3.703227,0.60161799999999999,9.2945600000000006,7.9955699999999998,0.051823000000000001,15.236568999999999,1,1
2943,3.731093,0.65951700000000002,9.8908000000000005,8.6469149999999999,0.048680000000000001,15.879951999999999,1,1
2944,3.7830560000000002,0.61740300000000004,8.9764300000000006,7.726121,0.045537000000000001,14.987792000000001,1,1
2945,3.7891330000000001,0.60259600000000002,8.6326689999999999,7.3167770000000001,0.04428,14.802640999999999,1,1
2946,3.8396979999999998,0.603294,7.3395450000000002,6.0713559999999998,0.049658000000000001,13.755292000000001,1,1
2947,3.8987850000000002,0.61377000000000004,4.6405060000000002,3.3995540000000002,0.044907999999999997,11.031109000000001,1,1
2948,3.7707639999999998,0.62187199999999998,4.3269849999999996,3.0353289999999999,0.046234999999999998,10.697823,1,1
2949,3.8658190000000001,0.60112900000000002,5.294365,4.0307849999999998,0.043302,11.720936999999999,1,1
2950,3.7806820000000001,0.60622799999999999,4.690652,3.4273509999999998,0.043860000000000003,10.988924000000001,1,1
2951,3.8026819999999999,0.60357400000000005,4.6104729999999998,3.3510840000000002,0.042044999999999999,10.851196,1,1
2952,3.707627,0.57850100000000004,5.9314629999999999,4.6837369999999998,0.063486000000000001,12.170299999999999,1,1
2953,3.8026810000000002,0.59568200000000004,5.1875070000000001,3.9087019999999999,0.043511000000000001,11.740633000000001,1,1
2954,3.7135630000000002,0.60965000000000003,4.5651460000000004,3.259592,0.040996999999999999,10.969787999999999,1,1
2955,3.8058239999999999,0.62787899999999996,4.8837640000000002,3.5821209999999999,0.045186999999999998,11.550941999999999,1,1
2956,3.93587,0.58325000000000005,5.8981479999999999,4.6477680000000001,0.044349,12.581529,1,1
2957,3.6198359999999998,0.60692599999999997,6.1307910000000003,4.7993959999999998,0.043860999999999997,12.555828,1,1
2958,3.7877360000000002,0.60951100000000002,4.9536069999999999,3.7169159999999999,0.028496,9.5649870000000004,1,1
2959,3.7162169999999999,0.56802399999999997,6.9676369999999999,5.6088630000000004,0.030521,11.460986,1,1
2960,3.7917860000000001,0.58792900000000003,6.5208589999999997,5.2476409999999998,0.029543,11.111287000000001,1,1
2961,3.6197659999999998,0.59931400000000001,6.0402069999999997,4.7889189999999999,0.029055000000000001,10.463293999999999,1,1
2962,3.715239,0.60322399999999998,4.828519,3.487206,0.029544000000000001,9.3585349999999998,1,1
2963,3.757844,0.60762499999999997,8.6001919999999998,7.3164280000000002,0.035758999999999999,13.189083,1,1
2964,3.731303,0.62976500000000002,4.3589719999999996,3.047831,0.030102,8.933128,1,1
2965,3.7181030000000002,0.59505300000000005,9.8669139999999995,8.5378220000000002,0.030521,14.392809,1,1
2966,3.7100019999999998,0.60105900000000001,4.9452259999999999,3.6496580000000001,0.029613,9.4688149999999993,1,1
2967,3.7745359999999999,0.59645000000000004,3.9252539999999998,2.6073379999999999,0.029054,8.5071619999999992,1,1
2968,3.6986870000000001,0.60238599999999998,4.6054449999999996,3.2541440000000001,0.029124000000000001,9.1177200000000003,1,1
2969,3.712307,0.60748500000000005,5.8312400000000002,4.4825920000000004,0.029125000000000002,10.363071,1,1
2970,3.695265,0.60811300000000001,5.7566480000000002,4.3933350000000004,0.029543,10.271439000000001,1,1
2971,3.7433860000000001,0.58590399999999998,4.4001099999999997,3.108873,0.028146000000000001,8.9406009999999991,1,1
2972,3.6350609999999999,0.58171300000000004,4.5724799999999997,3.229978,0.029124000000000001,8.9926329999999997,1,1
2973,3.61313,0.62347799999999998,4.4659009999999997,3.119837,0.031009999999999999,8.9123149999999995,1,1
2974,3.724459,0.59679899999999997,6.510243,5.1252779999999998,0.031008999999999998,11.042353,1,1
2975,3.773209,0.60566900000000001,4.4992150000000004,3.182137,0.037574999999999997,9.1131100000000007,1,1
2976,3.8696609999999998,0.60224699999999998,4.5643779999999996,3.1995269999999998,0.029822000000000001,9.2488130000000002,1,1
2977,3.8772720000000001,0.60364399999999996,5.1298170000000001,3.7748149999999998,0.030032,9.8340879999999995,1,1
2978,3.952283,0.60392299999999999,3.83893,2.4943330000000001,0.029333000000000001,8.6015890000000006,1,1
2979,3.7734179999999999,0.59232899999999999,6.8299789999999998,5.5075919999999998,0.030032,11.409582,1,1
2980,3.7903889999999998,0.59512299999999996,7.5356610000000002,6.2053820000000002,0.029124000000000001,12.128743999999999,1,1
2981,3.679411,0.60091899999999998,8.8127209999999998,7.4526190000000003,0.030450999999999999,13.301529,1,1
2982,3.711957,0.60322500000000001,6.6373540000000002,5.2514120000000002,0.029613,11.166112999999999,1,1
2983,3.9564729999999999,0.61600600000000005,4.9762360000000001,3.6195560000000002,0.032896000000000002,9.7641069999999992,1,1
2984,3.7038549999999999,0.61321099999999995,5.0597659999999998,3.7236210000000001,0.029543,9.585032,1,1
2985,3.73298,0.622081,8.1511779999999998,6.8260670000000001,0.031220000000000001,12.732177999999999,1,1
2986,3.7732779999999999,0.59882500000000005,6.2032170000000004,4.8653959999999996,0.030800000000000001,10.790015,1,1
2987,3.6530109999999998,0.61914800000000003,8.851483,7.5314009999999998,0.030521,13.337078999999999,1,1
2988,3.6897470000000001,0.59826599999999996,3.2218770000000001,1.929522,0.028913999999999999,7.7198349999999998,1,1
2989,3.716707,0.601688,7.9490550000000004,6.5381090000000004,0.051054000000000002,14.983183,1,1
2990,3.8801359999999998,0.59728800000000004,8.4310349999999996,7.0171549999999998,0.045258,15.46565,1,1
2991,3.8232159999999999,0.60476099999999999,8.084479,6.6439199999999996,0.049168999999999997,15.646611,1,1
2992,3.700224,0.60881200000000002,6.3289330000000001,4.845701,0.030589999999999999,10.853431,1,1
2993,3.7128649999999999,0.62166299999999997,9.4579889999999995,7.9392079999999998,0.029961999999999999,14.009656,1,1
2994,3.6906560000000002,0.585345,19.472479,17.932047000000001,0.048051999999999997,26.995989000000002,1,1
2995,3.7016209999999998,0.59225899999999998,20.770491,19.228662,0.045886000000000003,28.199504000000001,1,1
2996,3.6857660000000001,0.59295799999999999,15.25361,13.675952000000001,0.052940000000000001,23.044753,1,1
2997,3.797304,0.61167499999999997,12.362015,10.789315999999999,0.031358999999999998,16.984852,1,1
2998,3.708116,0.60999899999999996,9.5017099999999992,7.903518,0.030870000000000002,14.033682000000001,1,1
2999,3.732631,0.60287500000000005,17.974091000000001,16.416687,0.047073999999999998,25.77187,1,1
3000,3.6935889999999998,0.59875400000000001,15.044573,13.400076,0.044350000000000001,23.027851999999999,1,1
3001,3.7785160000000002,0.60874200000000001,14.882051000000001,13.308932,0.048749000000000001,22.907164999999999,1,1
3002,3.7863389999999999,0.60580900000000004,12.717930000000001,11.143903,0.044209999999999999,20.687519999999999,1,1
3003,3.6973600000000002,0.60580900000000004,14.675878000000001,13.177350000000001,0.045467,22.378043000000002,1,1
3004,3.7137730000000002,0.60322399999999998,13.097312000000001,11.569729000000001,0.032686,17.628864,1,1
3005,3.7949989999999998,0.60518000000000005,9.6446769999999997,8.0784719999999997,0.030032,14.258362999999999,1,1
3006,3.6963819999999998,0.60825300000000004,17.822254999999998,16.254095,0.056363000000000003,25.784092000000001,1,1
3007,3.7953480000000002,0.63500299999999998,14.218622999999999,12.618893999999999,0.031427999999999998,18.872398,1,1
3008,3.7064400000000002,0.60741500000000004,4.8797839999999999,3.2366830000000002,0.029613,9.4091699999999996,1,1
3009,3.7028080000000001,0.59777599999999997,5.0004,3.4031159999999998,0.030032,9.5165869999999995,1,1
3010,3.747646,0.59603099999999998,10.719823,9.0758849999999995,0.030032,15.271001,1,1
3011,3.8887969999999998,0.60050000000000003,12.079015999999999,10.459592000000001,0.030032,16.780843000000001,1,1
3012,3.7996089999999998,0.60378399999999999,10.275278999999999,8.5705089999999995,0.031498999999999999,14.894413,1,1
3013,3.8442370000000001,0.60371300000000006,5.6794029999999998,3.9751219999999998,0.029822000000000001,10.341699,1,1
3014,3.8251010000000001,0.60434200000000005,29.902529999999999,28.155434,0.058178000000000001,39.031492999999998,1,1
3015,3.8530380000000002,0.610209,18.531638999999998,16.780563000000001,0.031009999999999999,23.226970999999999,1,1
3016,3.862816,0.63835500000000001,25.177516000000001,23.433562999999999,0.059644999999999997,34.368779000000004,1,1
3017,3.8310379999999999,0.62347799999999998,19.231665,17.502939000000001,0.031987000000000002,23.912748000000001,1,1
3018,3.9049999999999998,0.61069700000000005,14.13153,12.393305,0.030800000000000001,18.862411000000002,1,1
3019,3.8388599999999999,0.597078,9.9938160000000007,8.3388439999999999,0.030521,14.63963,1,1
3020,3.7618939999999998,0.60287500000000005,11.745172,10.173730000000001,0.030102,16.319956999999999,1,1
3021,3.7681800000000001,0.59456399999999998,12.624342,11.016999999999999,0.034361999999999997,17.205411999999999,1,1
3022,3.8250310000000001,0.620475,11.585095000000001,9.9802669999999996,0.032896000000000002,16.250674,1,1
3023,3.8252410000000001,0.68053900000000001,10.364746999999999,8.7658570000000005,0.029613,15.093114,1,1
3024,3.895362,0.605599,8.4609970000000008,6.8576360000000003,0.036248000000000002,13.180773,1,1
3025,3.8414440000000001,0.64010100000000003,8.280106,6.7084539999999997,0.030870000000000002,12.975018,1,1
3026,3.9070260000000001,0.61516800000000005,10.680084000000001,9.0620560000000001,0.030032,15.412221000000001,1,1
3027,3.9063270000000001,0.593028,14.19802,12.564558,0.030870000000000002,18.912837,1,1
3028,3.8239830000000001,0.606576,8.8758579999999991,7.211036,0.036248000000000002,13.53529,1,1
3029,3.9133119999999999,0.612653,6.6948350000000003,4.9902740000000003,0.03073,11.433258,1,1
3030,3.983921,0.60231599999999996,10.952885999999999,9.2904389999999992,0.030521,15.746973000000001,1,1
3031,3.8737110000000001,0.60385299999999997,8.5181970000000007,6.8542839999999998,0.031009999999999999,13.209966,1,1
3032,3.8735010000000001,0.62201200000000001,12.696,11.041445,0.033804000000000001,17.411166000000001,1,1
3033,3.7109800000000002,0.58681099999999997,9.300357,7.7125019999999997,0.029054,13.798384,1,1
3034,3.7032970000000001,0.58674199999999999,6.2336679999999998,4.5659140000000003,0.029543,10.725201,1,1
3035,3.6402990000000002,0.56257599999999996,5.0777850000000004,3.422323,0.035688999999999999,9.4902569999999997,1,1
3036,3.788154,0.58604299999999998,5.1273039999999996,3.4631099999999999,0.030521,9.7111669999999997,1,1
3037,3.7000850000000001,0.58143400000000001,8.3006399999999996,6.7040540000000002,0.030939999999999999,12.784839,1,1
3038,3.7851509999999999,0.58862700000000001,6.9813960000000002,5.4002460000000001,0.029054,11.563094,1,1
3039,3.8493360000000001,0.58045599999999997,16.980450999999999,15.372132000000001,0.054545999999999997,25.314195999999999,1,1
3040,3.686604,0.58429699999999996,17.787265000000001,16.231605999999999,0.043302,25.884105999999999,1,1
3041,3.6482610000000002,0.56103999999999998,14.720227,13.245794999999999,0.053289000000000003,21.919530999999999,1,1
3042,3.8308979999999999,0.59994199999999998,5.4413119999999999,3.916175,0.031009999999999999,10.10263,1,1
3043,3.855483,0.60036100000000003,8.5735119999999991,7.0548700000000002,0.049098999999999997,16.624746999999999,1,1
3044,3.7791450000000002,0.59456399999999998,10.079442999999999,8.5711379999999995,0.031988000000000003,14.667776999999999,1,1
3045,3.931959,0.65874900000000003,11.101089999999999,9.6226769999999995,0.045467,19.106439000000002,1,1
3046,3.964575,0.59910300000000005,6.1295349999999997,4.6449049999999996,0.030521,10.900784,1,1
3047,3.7842440000000002,0.59980199999999995,9.0913190000000004,7.6502020000000002,0.050146999999999997,16.878481000000001,1,1
3048,3.801285,0.59840599999999999,10.004573000000001,8.4967559999999995,0.051473999999999999,17.785309000000002,1,1
3049,3.7755830000000001,0.61342200000000002,7.6748560000000001,6.1694839999999997,0.030450999999999999,12.280860000000001,1,1
3050,3.8073610000000002,0.60301499999999997,11.028385,9.4927709999999994,0.030032,15.658832,1,1
3051,3.8950119999999999,0.59714900000000004,10.105912999999999,8.607386,0.029613,14.806901,1,1
3052,3.818047,0.60420200000000002,8.3442910000000001,6.8347280000000001,0.029543,12.973622000000001,1,1
3053,3.816929,0.60029100000000002,9.3347189999999998,7.7965210000000003,0.030033000000000001,13.960487000000001,1,1
3054,3.7987009999999999,0.59980199999999995,11.575596000000001,10.059329,0.035340000000000003,16.194381,1,1
3055,3.8224469999999999,0.61502800000000002,6.2240310000000001,4.7658019999999999,0.030102,10.879761,1,1
3056,3.8172790000000001,0.60273600000000005,6.1907160000000001,4.7117440000000004,0.030521,10.825144999999999,1,1
3057,3.8287330000000002,0.62005600000000005,33.660093000000003,32.198650999999998,0.051962000000000001,41.612291999999997,1,1
3058,3.805126,0.59987199999999996,35.094226999999997,33.637045999999998,0.054058000000000002,42.371541999999998,1,1
3059,3.9580099999999998,0.60706499999999997,7.701606,6.1734650000000002,0.031428999999999999,12.512245999999999,1,1
3060,3.8762249999999998,0.60518000000000005,35.997909999999997,34.464531999999998,0.071028999999999995,43.484264000000003,1,1
3061,3.8318759999999998,0.60133899999999996,9.2241590000000002,7.6783479999999997,0.028635000000000001,13.87102,1,1
3062,3.8675639999999998,0.60518000000000005,6.6746499999999997,5.1596399999999996,0.032476999999999999,11.360901999999999,1,1
3063,4.0003349999999998,0.60489999999999999,7.9563189999999997,6.3799869999999999,0.033873,12.785118000000001,1,1
3064,3.8070819999999999,0.62690100000000004,6.7745939999999996,5.2266880000000002,0.030521,11.437309000000001,1,1
3065,3.8929170000000002,0.59603099999999998,11.482775999999999,9.8731299999999997,0.030032,16.192005999999999,1,1
3066,3.9873440000000002,0.63947299999999996,16.783777000000001,15.217851,0.031708,21.620956,1,1
3067,3.8807649999999998,0.61041900000000004,6.7180920000000004,5.1528650000000003,0.034362999999999998,11.431931000000001,1,1
3068,3.9570319999999999,0.58785900000000002,8.6108080000000005,7.0594789999999996,0.030521,13.370742,1,1
3069,3.8232149999999998,0.59505300000000005,7.1305779999999999,5.5754089999999996,0.029683000000000001,11.780582000000001,1,1
3070,3.8019129999999999,0.60057000000000005,8.0993549999999992,6.5494240000000001,0.031497999999999998,12.718978,1,1
3071,3.898784,0.59428400000000003,6.9225190000000003,5.4045759999999996,0.030032,11.628466,1,1
3072,3.7978619999999998,0.603155,5.8962630000000003,4.3879570000000001,0.030032,10.509459,1,1
3073,3.7965360000000001,0.59568200000000004,5.735697,4.2320000000000002,0.031009999999999999,10.345890000000001,1,1
3074,3.7998880000000002,0.60441199999999995,5.5589959999999996,4.103421,0.030032,10.170797,1,1
3075,3.8309679999999999,0.609371,5.3609239999999998,3.9008099999999999,0.028844000000000002,10.011906,1,1
3076,3.8068719999999998,0.59267800000000004,5.8097279999999998,4.3212580000000003,0.030032,10.421319,1,1
3077,3.7061609999999998,0.58988499999999999,6.6941369999999996,5.1808019999999999,0.051542999999999999,14.112463999999999,1,1
3078,3.6987570000000001,0.60441199999999995,6.7456800000000001,5.2766950000000001,0.049168999999999997,14.224281,1,1
3079,3.7007829999999999,0.60343400000000003,10.149425000000001,8.6504080000000005,0.049658000000000001,18.149813999999999,1,1
3080,3.6182989999999999,0.56460200000000005,8.4317329999999995,6.9885200000000003,0.044350000000000001,15.764015000000001,1,1
3081,3.4518659999999999,0.537713,7.1421020000000004,5.6233199999999997,0.048750000000000002,14.487095999999999,1,1
3082,3.3383729999999998,0.55580200000000002,10.633708,9.1873520000000006,0.043930999999999998,17.829868000000001,1,1
3083,3.2930459999999999,0.51766800000000002,9.9328450000000004,8.4799939999999996,0.044420000000000001,17.037651,1,1
3084,3.2179660000000001,0.508239,7.1636139999999999,5.7502230000000001,0.030521,11.071268,1,1
3085,3.2861310000000001,0.50705299999999998,6.8828490000000002,5.367559,0.032686,10.867958,1,1
3086,3.2003659999999998,0.49971900000000002,10.945413,9.4183900000000005,0.032475999999999998,14.835607,1,1
3087,3.1576219999999999,0.49154700000000001,13.222747999999999,11.698448000000001,0.029891999999999998,17.054902999999999,1,1
3088,3.2001559999999998,0.48889300000000002,11.196075,9.6865819999999996,0.030242000000000002,15.062243,1,1
3089,3.1732670000000001,0.48994100000000002,12.665758,11.102278,0.030032,16.509018000000001,1,1
3090,3.0560710000000002,0.48623899999999998,8.6838619999999995,7.1396579999999998,0.029613,12.400080000000001,1,1
3091,3.050694,0.47150300000000001,10.289038,8.7261170000000003,0.030241000000000001,13.990031,1,1
3092,3.0527199999999999,0.45732400000000001,6.2064300000000001,4.6903030000000001,0.032405999999999997,9.8925459999999994,1,1
3093,2.9285410000000001,0.451318,12.529776,10.955819,0.030100999999999999,16.078094,1,1
3094,2.9737979999999999,0.45718500000000001,10.338697,8.776821,0.030100999999999999,13.941979,1,1
3095,3.0316269999999998,0.46563599999999999,9.2597780000000007,7.6809329999999996,0.029543,12.92543,1,1
3096,3.1351330000000002,0.47443600000000002,8.1751339999999999,6.5684209999999998,0.029961999999999999,11.962171,1,1
3097,3.146029,0.49210599999999999,7.3433869999999999,5.603834,0.029543,11.163738,1,1
3098,3.275236,0.49273499999999998,8.9361309999999996,7.186591,0.031497999999999998,12.891208000000001,1,1
3099,3.2028789999999998,0.50076600000000004,6.0301489999999998,4.2764889999999998,0.030242000000000002,9.9208320000000008,1,1
3100,3.4193899999999999,0.50300100000000003,9.1948249999999998,7.4079899999999999,0.032406999999999998,13.303414999999999,1,1
3101,3.2937439999999998,0.52765499999999999,7.8105599999999997,5.9897109999999998,0.030102,11.823256000000001,1,1
3102,3.4743550000000001,0.54546499999999998,6.5524969999999998,4.691281,0.029544000000000001,10.766826999999999,1,1
3103,3.589594,0.55531299999999995,6.4181210000000002,4.5422380000000002,0.029613,10.761938000000001,1,1
3104,3.7072080000000001,0.57654399999999995,7.9965479999999998,6.0948929999999999,0.030032,12.501211,1,1
3105,3.7591709999999998,0.57996800000000004,7.9760850000000003,6.061858,0.030032,12.519508999999999,1,1
3106,3.6905160000000001,0.61055800000000005,8.1516669999999998,6.2040550000000003,0.030450999999999999,12.662127,1,1
3107,3.748275,0.57968799999999998,8.1398639999999993,6.2091539999999998,0.029543,12.669739999999999,1,1
3108,3.821679,0.57933800000000002,6.7378580000000001,4.689953,0.035758999999999999,11.364674000000001,1,1
3109,3.6884899999999998,0.58646200000000004,7.9404649999999997,6.0406259999999996,0.030591,12.424524,1,1
3110,3.7086049999999999,0.58778900000000001,6.4193090000000002,4.511228,0.031498999999999999,10.923553,1,1
3111,3.6735440000000001,0.58974499999999996,11.932838,10.050599,0.031498999999999999,16.407398000000001,1,1
3112,3.716008,0.59121199999999996,13.152976000000001,11.288266999999999,0.032476999999999999,17.671955000000001,1,1
3113,3.7407319999999999,0.61146599999999995,14.617139999999999,12.780718,0.029054,19.177606999999998,1,1
3114,3.837882,0.59700799999999998,8.9597379999999998,7.0692570000000003,0.030521,13.60178,1,1
3115,3.8134380000000001,0.62780899999999995,8.9947979999999994,7.0981019999999999,0.031428999999999999,13.651507000000001,1,1
3116,3.7578429999999998,0.58995399999999998,7.5397119999999997,5.6511170000000002,0.031008999999999998,12.093823,1,1
3117,3.7109800000000002,0.60518000000000005,7.643777,5.7623759999999997,0.030311999999999999,12.190973,1,1
3118,3.7495319999999999,0.59645000000000004,12.115265000000001,10.215705,0.030521,16.666163000000001,1,1
3119,3.7382879999999998,0.59512299999999996,7.684355,5.8287259999999996,0.029543,12.227919,1,1
3120,3.6567820000000002,0.57430999999999999,6.06081,4.208882,0.030102,10.496679,1,1
3121,3.6594359999999999,0.63074200000000002,5.8290050000000004,4.070945,0.030032,10.318792,1,1
3122,3.6199050000000002,0.57039799999999996,7.0188309999999996,5.254346,0.031358999999999998,11.41028,1,1
3123,3.5907119999999999,0.605599,6.698188,4.9570280000000002,0.031220000000000001,11.104652,1,1
3124,3.4552179999999999,0.54267200000000004,6.5704469999999997,4.8832060000000004,0.030311999999999999,10.762217,1,1
3125,3.4131740000000002,0.53282399999999996,8.7711649999999999,7.1367940000000001,0.029963,12.910833,1,1
3126,3.3859349999999999,0.53142699999999998,9.7588690000000007,8.2181569999999997,0.030033000000000001,13.86187,1,1
3127,3.4513769999999999,0.52304600000000001,6.1252740000000001,4.5400729999999996,0.029124000000000001,10.278981,1,1
3128,3.3422139999999998,0.52549000000000001,5.7377909999999996,4.1879999999999997,0.039181000000000001,9.8145330000000008,1,1
3129,3.3153950000000001,0.52346499999999996,7.7231870000000002,6.1771669999999999,0.029543,11.751666999999999,1,1
3130,3.328805,0.54071599999999997,5.5658399999999997,4.0282010000000001,0.029124000000000001,9.6251219999999993,1,1
3131,3.3426339999999999,0.52241800000000005,4.5465679999999997,3.0002680000000002,0.03108,8.6239380000000008,1,1
3132,3.3833510000000002,0.56264700000000001,6.5144339999999996,4.9777019999999998,0.030032,10.687067000000001,1,1
3133,3.3560430000000001,0.53771199999999997,5.3776859999999997,3.8606500000000001,0.029543,9.4624600000000001,1,1
3134,3.3219599999999998,0.52542,6.3003679999999997,4.7950660000000003,0.029124000000000001,10.337300000000001,1,1
3135,3.3024049999999998,0.520042,5.1993799999999997,3.735773,0.029613,9.2206670000000006,1,1
3136,3.3397000000000001,0.52325600000000005,8.6127629999999993,7.105086,0.031498999999999999,12.668761,1,1
3137,3.390406,0.52025299999999997,6.6517419999999996,5.1564969999999999,0.029543,10.754745,1,1
3138,3.368404,0.51194200000000001,6.4413780000000003,4.9972580000000004,0.029543,10.511623999999999,1,1
3139,3.3962720000000002,0.53533900000000001,6.6110249999999997,5.107888,0.033593999999999999,10.74769,1,1
3140,3.3988559999999999,0.55447500000000005,5.8104269999999998,4.2980010000000002,0.029543,9.9531690000000008,1,1
3141,3.356811,0.53058899999999998,5.931813,4.3885160000000001,0.033803,10.019030000000001,1,1
3142,3.3501059999999998,0.53219499999999997,7.0238589999999999,5.4624050000000004,0.029822999999999999,11.097529,1,1
3143,3.4376880000000001,0.52248799999999995,7.7655110000000001,6.2826979999999999,0.029543,11.916214999999999,1,1
3144,3.5862419999999999,0.52164900000000003,8.9034449999999996,7.3463200000000004,0.029543,13.211852,1,1
3145,3.2961879999999999,0.53058899999999998,7.6326020000000003,6.1073940000000002,0.029613,11.669115,1,1
3146,3.324125,0.543161,7.6553000000000004,6.1604039999999998,0.029543,11.712486,1,1
3147,3.3607230000000001,0.54008699999999998,5.6097010000000003,4.0647289999999998,0.029822000000000001,9.7063480000000002,1,1
3148,3.4599669999999998,0.54839899999999997,6.4583500000000003,4.9287429999999999,0.030032,10.66409,1,1
3149,3.552997,0.56034200000000001,5.4515099999999999,3.9448099999999999,0.030032,9.7614529999999995,1,1
3150,3.5594920000000001,0.57144700000000004,7.3613359999999997,5.8222300000000002,0.051542999999999999,14.998896999999999,1,1
3151,3.5782099999999999,0.59281799999999996,6.6270179999999996,5.026033,0.032895000000000001,11.018328,1,1
3152,3.6930299999999998,0.58408800000000005,7.4329939999999999,5.8524019999999997,0.030939999999999999,11.919009000000001,1,1
3153,3.7394050000000001,0.57843100000000003,5.4800750000000003,3.8964089999999998,0.030521,10.007016999999999,1,1
3154,3.6444899999999998,0.59994199999999998,5.5047990000000002,3.920156,0.029194000000000001,9.9589649999999992,1,1
3155,3.747716,0.59596099999999996,6.4385149999999998,4.8489129999999996,0.050077000000000003,14.255709,1,1
3156,3.8413740000000001,0.59742700000000004,5.5088499999999998,3.953541,0.030032,10.171215,1,1
3157,3.6646040000000002,0.619008,5.4451539999999996,3.895432,0.029543,9.9482800000000005,1,1
3158,3.6933090000000002,0.59875400000000001,7.4797180000000001,5.8976600000000001,0.055245000000000002,15.301311999999999,1,1
3159,3.7909480000000002,0.60664700000000005,5.4640810000000002,3.8733620000000002,0.031220000000000001,10.080420999999999,1,1
3160,3.7015509999999998,0.615587,8.3896189999999997,6.8174770000000002,0.04861,16.178666,1,1
3161,3.7086749999999999,0.60224599999999995,7.4962010000000001,5.8942370000000004,0.044000999999999998,15.303198,1,1
3162,3.8808349999999998,0.59421500000000005,5.6476249999999997,4.0217749999999999,0.030032,10.340303,1,1
3163,3.6922619999999999,0.62787899999999996,11.603324000000001,9.8870989999999992,0.041486000000000002,16.142068999999999,1,1
3164,3.6851379999999998,0.60224599999999995,15.036053000000001,13.33212,0.029961999999999999,19.535128,1,1
3165,3.7055319999999998,0.60266600000000004,8.8405170000000002,7.0464890000000002,0.032896000000000002,13.363759,1,1
3166,3.6924709999999998,0.59323700000000001,17.845652000000001,16.070830000000001,0.031708,22.350245000000001,1,1
3167,3.7778879999999999,0.60210699999999995,14.794119999999999,12.962167000000001,0.030521,19.399356000000001,1,1
3168,3.7170550000000002,0.59679899999999997,14.248374999999999,12.444777999999999,0.030032,18.785374999999998,1,1
3169,3.7086049999999999,0.58960599999999996,14.997151000000001,13.150741,0.030589999999999999,19.508029000000001,1,1
3170,3.6947760000000001,0.60741500000000004,11.919986,10.041938,0.033943000000000001,16.439526000000001,1,1
3171,3.7786559999999998,0.59819599999999995,10.315928,8.4499619999999993,0.031009999999999999,14.907124,1,1
3172,3.8334820000000001,0.60210699999999995,10.573365000000001,8.6839320000000004,0.029961999999999999,15.222949,1,1
3173,3.838721,0.59742799999999996,10.346309,8.4711239999999997,0.030032,14.990655,1,1
3174,3.7221540000000002,0.60036100000000003,9.1750600000000002,7.29331,0.029613,13.705843,1,1
3175,3.7654559999999999,0.61907900000000005,7.6810020000000003,5.8192969999999997,0.029263999999999998,12.276458999999999,1,1
3176,3.7704849999999999,0.597638,10.930187,9.0424299999999995,0.030450999999999999,15.511955,1,1
3177,3.7789350000000002,0.60106000000000004,9.2396639999999994,7.3892030000000002,0.033943000000000001,13.852581000000001,1,1
3178,3.8762249999999998,0.60063999999999995,9.0823099999999997,7.2800399999999996,0.030521,13.776804,1,1
3179,3.7022490000000001,0.59756799999999999,10.335274,8.549137,0.03073,14.849016000000001,1,1
3180,3.8003079999999998,0.59589099999999995,10.109964,8.2877189999999992,0.030591,14.719249,1,1
3181,3.7087439999999998,0.59086300000000003,9.8482669999999999,8.108644,0.034782,14.368574000000001,1,1
3182,3.6849280000000002,0.64268499999999995,8.1444740000000007,6.4459179999999998,0.036805999999999998,12.691879,1,1
3183,3.7748849999999998,0.59400500000000001,5.506475,3.7884340000000001,0.030521,10.087963999999999,1,1
3184,3.6854170000000002,0.62780800000000003,10.00576,8.1870770000000004,0.033314999999999997,14.538848,1,1
3185,3.8014939999999999,0.60154799999999997,6.3116130000000004,4.4742110000000004,0.029961999999999999,10.927743,1,1
3186,3.7793540000000001,0.59330700000000003,14.932896,13.101432000000001,0.031497999999999998,19.520810999999998,1,1
3187,3.7838240000000001,0.60245599999999999,12.216675,10.375572999999999,0.031848000000000001,16.819955,1,1
3188,3.6254930000000001,0.60783399999999999,6.4828640000000002,4.608657,0.029753000000000002,10.925298,1,1
3189,3.6808770000000002,0.59512299999999996,6.697419,4.8206980000000001,0.030032,11.181129,1,1
3190,3.7338870000000002,0.58597399999999999,12.951062,11.088449000000001,0.030102,17.485476999999999,1,1
3191,3.8443779999999999,0.60301499999999997,8.2495150000000006,6.3560319999999999,0.031708,12.911393,1,1
3192,3.82091,0.60077999999999998,11.389188000000001,9.4475130000000007,0.031009999999999999,16.029972999999998,1,1
3193,3.7134939999999999,0.59875400000000001,12.848046,10.934448,0.029543,17.368423,1,1
3194,3.6768969999999999,0.57053900000000002,12.821994999999999,10.946251,0.030521,17.276091999999998,1,1
3195,3.8026119999999999,0.61628499999999997,12.363832,10.504082,0.030032,16.987715000000001,1,1
3196,3.744993,0.59826599999999996,16.678245,14.856559000000001,0.030032,21.238222,1,1
3197,3.6639059999999999,0.600082,11.945130000000001,10.119672,0.035340000000000003,16.426045999999999,1,1
3198,3.7135630000000002,0.60538899999999995,49.583207999999999,47.716264000000002,0.035340000000000003,54.121884000000001,1,1
3199,3.7090239999999999,0.60825300000000004,11.509874999999999,9.6876999999999995,0.034361999999999997,16.052392000000001,1,1
3200,3.777469,0.60853199999999996,48.033555999999997,46.167799000000002,0.062507999999999994,56.741863000000002,1,1
3201,3.7079059999999999,0.61789099999999997,17.049944,15.143889,0.031428999999999999,21.603007000000002,1,1
3202,3.7012010000000002,0.59295799999999999,52.947003000000002,51.051842999999998,0.057270000000000001,62.902267999999999,1,1
3203,3.7142620000000002,0.608043,43.064793000000002,41.181437000000003,0.055593999999999998,51.906917999999997,1,1
3204,3.6950560000000001,0.600989,54.651564999999998,52.709470000000003,0.060553000000000003,64.788068999999993,1,1
3205,3.6167630000000002,0.57968699999999995,34.608547000000002,32.693201999999999,0.047142999999999997,44.200493000000002,1,1
3206,3.703576,0.60846299999999998,8.2536360000000002,6.3455560000000002,0.031427999999999998,12.786375,1,1
3207,3.6627890000000001,0.60287500000000005,11.571615,9.6406960000000002,0.035270000000000003,16.061122000000001,1,1
3208,3.8702179999999999,0.62648199999999998,12.461192,10.583353000000001,0.030521,17.17531,1,1
3209,3.7040649999999999,0.59903300000000004,18.342717,16.485271999999998,0.030521,22.864350999999999,1,1
3210,3.6184379999999998,0.599383,25.332564999999999,23.509550999999998,0.049029000000000003,34.360747000000003,1,1
3211,3.679271,0.57004900000000003,17.986453999999998,16.18572,0.052102000000000002,26.992426999999999,1,1
3212,3.956474,0.60678600000000005,16.419550999999998,14.61735,0.034362999999999998,24.289684999999999,1,1
3213,3.7572139999999998,0.59505300000000005,24.675561999999999,22.875036999999999,0.049447999999999999,32.677697000000002,1,1
3214,3.6762679999999999,0.60895200000000005,16.586753000000002,14.845872999999999,0.045256999999999999,24.441521000000002,1,1
3215,3.6229789999999999,0.59051299999999995,18.193325999999999,16.472211999999999,0.055245000000000002,26.670665,1,1
3216,3.7069290000000001,0.60999899999999996,24.235347999999998,22.500546,0.045537000000000001,32.788536000000001,1,1
3217,3.605658,0.57724399999999998,16.629007000000001,14.932477,0.045747000000000003,24.884039000000001,1,1
3218,3.5770230000000001,0.58639200000000002,20.564177999999998,18.897192,0.050915000000000002,28.926767999999999,1,1
3219,3.6078229999999998,0.586951,7.3800540000000003,5.7145339999999996,0.038762999999999999,11.795738,1,1
3220,3.7739069999999999,0.60196700000000003,12.927804999999999,11.226317,0.031009999999999999,17.515021000000001,1,1
3221,3.699316,0.59330700000000003,10.805728999999999,9.1644439999999996,0.030311000000000001,15.31549,1,1
3222,3.7464590000000002,0.612653,15.612527999999999,13.967682,0.030521,20.187730999999999,1,1
3223,3.6734740000000001,0.60573900000000003,17.366398,15.750534999999999,0.031988000000000003,21.855136999999999,1,1
3224,3.7596590000000001,0.612653,17.624393000000001,15.943508,0.037713999999999998,22.220689,1,1
3225,3.9425750000000002,0.59917399999999998,26.164729999999999,24.519394999999999,0.034153000000000003,30.931090999999999,1,1
3226,3.708815,0.59868500000000002,9.3529479999999996,7.7317770000000001,0.029613,13.869832000000001,1,1
3227,3.9450189999999998,0.597916,8.4146920000000005,6.8926970000000001,0.029961999999999999,13.198651999999999,1,1
3228,3.7676210000000001,0.59184000000000003,9.7910649999999997,8.2490970000000008,0.030521,14.363336,1,1
3229,3.6872340000000001,0.61726300000000001,7.6906410000000003,6.0731719999999996,0.053918000000000001,15.610223,1,1
3230,3.7004329999999999,0.61949699999999996,12.809493,11.226247000000001,0.040018999999999999,17.362625999999999,1,1
3231,3.7733479999999999,0.59589099999999995,16.322889,14.7944,0.029961999999999999,20.904658000000001,1,1
3232,3.7799140000000002,0.59414500000000003,17.619644000000001,16.073274999999999,0.045886000000000003,25.586649000000001,1,1
3233,3.7142620000000002,0.59428499999999995,9.8361140000000002,8.3079029999999996,0.031008999999999998,14.367596000000001,1,1
3234,3.6852079999999998,0.59351600000000004,7.2562239999999996,5.7297589999999996,0.030032,11.746359999999999,1,1
3235,3.6762679999999999,0.59631000000000001,10.151869,8.6008910000000007,0.038064000000000001,14.648289999999999,1,1
3236,3.7169159999999999,0.61851999999999996,10.895336,9.3484770000000008,0.044769000000000003,15.473193,1,1
3237,3.6893289999999999,0.617892,7.8876650000000001,6.370628,0.041137,12.431089999999999,1,1
3238,3.72397,0.61139600000000005,9.8417019999999997,8.3488310000000006,0.036178000000000002,14.409990000000001,1,1
3239,3.793323,0.62075499999999995,6.2673329999999998,4.698474,0.061530000000000001,10.936194,1,1
3240,3.7100710000000001,0.61223399999999994,11.689717999999999,7.9359250000000001,0.044838000000000003,16.242083000000001,1,1
3241,3.7179639999999998,0.63423399999999996,9.7094210000000007,8.0005290000000002,0.047143999999999998,14.306972999999999,1,1
3242,4.4955129999999999,0.83761399999999997,10.77891,8.5878990000000002,0.055176000000000003,16.388121999999999,1,1
3243,5.0825339999999999,0.89663000000000004,13.721069999999999,11.405531,0.062577999999999995,20.005023999999999,1,1
3244,5.1655769999999999,0.89257900000000001,12.423686,10.057164,0.080597000000000002,18.810448999999998,1,1
3245,5.246454,0.90906200000000004,11.063376,8.7381290000000007,0.055943,17.516417000000001,1,1
3246,5.1453920000000002,0.91353200000000001,5.9444530000000002,4.1078910000000004,0.038273000000000001,12.280092,1,1
3247,3.8517809999999999,0.61453899999999995,11.579368000000001,9.9271879999999992,0.067187999999999998,19.746400000000001,1,1
3248,4.9412450000000003,0.872255,12.679238,10.413705999999999,0.054267000000000003,18.791101999999999,1,1
3249,5.1931640000000003,0.918072,8.5742799999999999,6.2301070000000003,0.052520999999999998,14.987583000000001,1,1
3250,5.122903,0.91017999999999999,18.418914000000001,15.969141,0.055245000000000002,24.749873000000001,1,1
3251,5.3797110000000004,0.96207299999999996,31.8551,29.491997999999999,0.071028999999999995,42.600973000000003,1,1
3252,4.4198040000000001,0.69813999999999998,21.113486000000002,19.277621,0.063975000000000004,30.342881999999999,1,1
3253,4.1516109999999999,0.68403199999999997,17.172726000000001,15.419555000000001,0.054896,25.736598999999998,1,1
3254,4.0891729999999997,0.70610099999999998,15.170358999999999,13.525093,0.055036000000000002,23.539442999999999,1,1
3255,4.1233950000000004,0.67865299999999995,18.565791999999998,16.994209999999999,0.066210000000000005,26.414484999999999,1,1
3256,4.1488189999999996,0.68235500000000004,9.3854240000000004,7.8139120000000002,0.051893000000000002,16.593108000000001,1,1
3257,4.1019540000000001,0.65979600000000005,9.8178850000000004,8.3412880000000005,0.054826,16.780145000000001,1,1
3258,4.069617,0.65909799999999996,7.5826650000000004,6.1250640000000001,0.034851,12.549401,1,1
3259,4.0610970000000002,0.65316099999999999,6.2845839999999997,4.8945210000000001,0.036178000000000002,12.513083999999999,1,1
3260,4.0617960000000002,0.673346,6.6705290000000002,5.295134,0.055523999999999997,13.501277,1,1
3261,4.087288,0.65539700000000001,11.758722000000001,10.346029,0.075847999999999999,18.589468,1,1
3262,4.1812250000000004,0.67313699999999999,11.582231,10.204321,0.052032000000000002,18.473042,1,1
3263,4.2622410000000004,0.66237999999999997,7.521274,6.0902830000000003,0.052590999999999999,14.792863000000001,1,1
3264,4.078487,0.67446300000000003,6.9651930000000002,5.5714980000000001,0.049728000000000001,13.850765000000001,1,1
3265,4.1143169999999998,0.68025999999999998,7.903937,6.4929220000000001,0.047352999999999999,14.754311,1,1
3266,3.9755400000000001,0.652254,7.8522550000000004,6.485239,0.049937000000000002,14.228261,1,1
3267,4.2093720000000001,0.64897099999999996,9.4716090000000008,8.1154890000000002,0.047772000000000002,16.331340999999998,1,1
3268,3.7412909999999999,0.60888100000000001,7.3134249999999996,5.9826569999999997,0.054337000000000003,13.752497999999999,1,1
3269,3.7825679999999999,0.61719299999999999,9.9155940000000005,8.5981660000000009,0.050495999999999999,16.872686000000002,1,1
3270,4.0370710000000001,0.62263999999999997,9.5746959999999994,8.1580220000000008,0.044838000000000003,14.478854,1,1
3271,3.968137,0.66454599999999997,6.7467280000000001,5.334384,0.037086000000000001,11.625533000000001,1,1
3272,4.0397949999999998,0.67488199999999998,11.741540000000001,10.306289,0.035340000000000003,16.692074000000002,1,1
3273,4.1421140000000003,0.65651400000000004,9.9616900000000008,8.5778420000000004,0.033873,14.995823,1,1
3274,4.0858910000000002,0.64966900000000005,8.3164940000000005,7.0045840000000004,0.038972,13.291263000000001,1,1
3275,4.1022340000000002,0.656864,8.4319419999999994,7.0673019999999998,0.035270000000000003,13.432413,1,1
3276,4.062773,0.65029800000000004,10.625397,9.2546800000000005,0.034851,15.569785,1,1
3277,4.2282979999999997,0.65763099999999997,10.865513,9.4691639999999992,0.035829,15.989674000000001,1,1
3278,4.3118990000000004,0.67823500000000003,7.0253959999999998,5.6465079999999999,0.034570999999999998,12.248663000000001,1,1
3279,4.103002,0.66524399999999995,7.373907,5.9492029999999998,0.034361999999999997,12.379616,1,1
3280,4.3514299999999997,0.65888899999999995,7.7268179999999997,6.2362529999999996,0.037225000000000001,12.978021999999999,1,1
3281,4.0995799999999996,0.67418400000000001,8.8291339999999998,7.350651,0.038274000000000002,13.842383999999999,1,1
3282,4.2380060000000004,0.67872399999999999,12.283652999999999,10.790502999999999,0.042604000000000003,17.455165999999998,1,1
3283,4.2732070000000002,0.67509200000000003,6.9633770000000004,5.5262399999999996,0.035688999999999999,12.146134999999999,1,1
3284,4.3167879999999998,0.65944700000000001,8.117165,6.6175889999999997,0.039461000000000003,13.346577,1,1
3285,4.0613060000000001,0.67306699999999997,10.363001000000001,8.8998139999999992,0.035829,15.335604,1,1
3286,4.0770910000000002,0.67984100000000003,8.6460080000000001,7.1200320000000001,0.039948999999999998,13.642288000000001,1,1
3287,4.1444879999999999,0.66733900000000002,10.859647000000001,9.3395379999999992,0.036666999999999998,15.917877000000001,1,1
3288,4.030786,0.66685099999999997,8.1375589999999995,6.7168349999999997,0.043999999999999997,13.078524,1,1
3289,3.9575209999999998,0.68312300000000004,9.2929530000000007,7.83249,0.037714999999999999,14.182864,1,1
3290,4.1940049999999998,0.67180899999999999,12.075804,10.595924,0.036666999999999998,17.176636999999999,1,1
3291,4.1132689999999998,0.71294599999999997,10.51798,9.0751159999999995,0.036457000000000003,15.583963000000001,1,1
3292,4.0830270000000004,0.66286999999999996,10.084262000000001,8.7208780000000008,0.035758999999999999,15.058123,1,1
3293,4.1087290000000003,0.64715500000000004,7.4069430000000001,5.9703650000000001,0.035270999999999997,12.394841,1,1
3294,4.0206590000000002,0.77224199999999998,7.8977909999999998,6.4179110000000001,0.035758999999999999,12.928782,1,1
3295,4.1334530000000003,0.65798100000000004,10.985013,9.4922830000000005,0.045256999999999999,16.024944000000001,1,1
3296,4.1052369999999998,0.67460299999999995,10.376969000000001,8.9921450000000007,0.037225000000000001,15.393364,1,1
3297,4.102862,0.62292000000000003,9.903651,8.5152629999999991,0.034361999999999997,14.856209,1,1
3298,3.9430640000000001,0.63116099999999997,8.9257249999999999,7.5237879999999997,0.031359999999999999,13.723863,1,1
3299,4.0260360000000004,0.60874200000000001,12.680076,11.326051,0.035340000000000003,17.539256000000002,1,1
3300,3.8675649999999999,0.63514199999999998,7.6354649999999999,6.2574149999999999,0.036248000000000002,12.370467,1,1
3301,4.1066339999999997,0.639123,10.356436,8.9353630000000006,0.035270000000000003,15.327292999999999,1,1
3302,4.0228229999999998,0.63423399999999996,8.2777320000000003,6.8985640000000004,0.036877,13.16897,1,1
3303,4.0862400000000001,0.63884399999999997,9.3029410000000006,7.7667679999999999,0.043790999999999997,14.272052,1,1
3304,4.7177499999999997,0.78844499999999995,11.089916000000001,9.601934,0.034780999999999999,16.831268999999999,1,1
3305,4.1303799999999997,0.656165,10.479917,9.0075789999999998,0.04002,15.504132999999999,1,1
3306,4.0483849999999997,0.65749199999999997,13.080899,11.595012000000001,0.038692999999999998,18.022282000000001,1,1
3307,4.0509000000000004,0.82043200000000005,13.9945,12.356358,0.057270000000000001,19.166084000000001,1,1
3308,4.0515990000000004,0.89809700000000003,15.722948000000001,14.162121000000001,0.045326999999999999,20.951173000000001,1,1
3309,3.764338,0.64568800000000004,9.8895429999999998,8.3517639999999993,0.044629000000000002,14.548207,1,1
3310,3.8401169999999998,0.62473500000000004,13.974665999999999,12.469851999999999,0.038552999999999997,18.681730000000002,1,1
3311,3.8250320000000002,0.61321199999999998,16.121116000000001,14.616372,0.033454999999999999,20.781945,1,1
3312,3.7509290000000002,0.63968199999999997,9.0028299999999994,7.4669369999999997,0.043790999999999997,13.627621,1,1
3313,3.735913,0.61481799999999998,14.124965,12.495134,0.049238999999999998,18.731527,1,1
3314,3.8719649999999999,0.64589799999999997,13.905381999999999,12.296854,0.032895000000000001,18.655259999999998,1,1
3315,3.8413740000000001,0.63234900000000005,14.909359,13.384152,0.034152000000000002,19.603083999999999,1,1
3316,3.732351,0.61530700000000005,12.053663999999999,10.503663,0.031498999999999999,16.638504999999999,1,1
3317,3.6890489999999998,0.59840499999999996,11.011832999999999,9.4632269999999998,0.043022999999999999,15.525785000000001,1,1
3318,3.6489600000000002,0.59226000000000001,11.075597999999999,9.5012220000000003,0.033175000000000003,15.528717,1,1
3319,3.6689340000000001,0.59693799999999997,11.221289000000001,9.6809949999999994,0.031009999999999999,15.696408,1,1
3320,3.77705,0.59211899999999995,11.943872000000001,10.403998,0.034361999999999997,16.531368000000001,1,1
3321,3.8524790000000002,0.59121199999999996,12.864668,11.298882000000001,0.033175000000000003,17.520468999999999,1,1
3322,3.7871069999999998,0.59889400000000004,19.776710999999999,18.161477000000001,0.030939999999999999,24.371749000000001,1,1
3323,3.869939,0.630602,11.285334000000001,9.7090010000000007,0.031498999999999999,16.002385,1,1
3324,3.7118869999999999,0.65078599999999998,10.098998999999999,8.5452259999999995,0.031220000000000001,14.673992,1,1
3325,3.7520470000000001,0.60036,12.932205,11.409373,0.031009999999999999,17.495605000000001,1,1
3326,3.7061600000000001,0.59421500000000005,11.174704,9.6460050000000006,0.031497999999999998,15.687049,1,1
3327,3.8966889999999998,0.594773,21.519615999999999,19.992453000000001,0.031918000000000002,26.228985000000002,1,1
3328,3.7748849999999998,0.601688,24.643363999999998,23.109356999999999,0.030589999999999999,29.233374000000001,1,1
3329,3.748065,0.59903399999999996,17.057905000000002,15.491771,0.031288999999999997,21.618721000000001,1,1
3330,3.7991199999999998,0.58527499999999999,10.774089999999999,9.2689979999999998,0.035758999999999999,15.382118999999999,1,1
3331,3.7274620000000001,0.60762499999999997,25.785837999999998,24.293945999999998,0.039182000000000002,30.349098000000001,1,1
3332,3.6673979999999999,0.59498300000000004,10.906580999999999,9.3387700000000002,0.031009999999999999,15.389872,1,1
3333,3.6077539999999999,0.58785900000000002,15.217293,13.561062,0.032896000000000002,19.634094000000001,1,1
3334,3.6345719999999999,0.58101400000000003,12.416353000000001,10.798954,0.030032,16.851872,1,1
3335,3.9011589999999998,0.64485000000000003,17.605395999999999,15.997776,0.037295000000000002,22.374759999999998,1,1
3336,4.054951,0.60615799999999997,10.556323000000001,8.9849499999999995,0.032686,15.436736,1,1
3337,3.9010199999999999,0.595472,11.65368,10.061354,0.031219,16.372267000000001,1,1
3338,3.829291,0.59218899999999997,10.471396,8.8487589999999994,0.034292000000000003,15.106593,1,1
3339,3.8317359999999998,0.60175800000000002,14.429964,12.794687,0.030870000000000002,19.076197000000001,1,1
3340,3.9109370000000001,0.60699599999999998,10.589708,8.9737749999999998,0.031918000000000002,15.335255,1,1
3341,3.817628,0.60105900000000001,12.445058,10.823748,0.039040999999999999,17.084446,1,1
3342,3.8376030000000001,0.60839299999999996,15.258430000000001,13.639633999999999,0.034851,19.950617999999999,1,1
3343,3.8980860000000002,0.59826599999999996,9.1318979999999996,7.5332169999999996,0.034361999999999997,13.847832,1,1
3344,3.9249749999999999,0.63926300000000003,18.811496000000002,17.250319999999999,0.032895000000000001,23.592872,1,1
3345,3.884188,0.60287599999999997,15.111272,13.567836,0.031428999999999999,19.813307999999999,1,1
3346,3.822238,0.59791700000000003,17.805633,16.247181000000001,0.036596999999999998,22.443902999999999,1,1
3347,3.895572,0.59470400000000001,22.280963,20.718109999999999,0.036318000000000003,26.994033000000002,1,1
3348,3.801075,0.59665900000000005,18.910810999999999,17.372333999999999,0.032475999999999998,23.522262000000001,1,1
3349,3.7707639999999998,0.59763699999999997,17.636267,16.112456000000002,0.031428999999999999,22.218313999999999,1,1
3350,4.0003339999999996,0.62417699999999998,18.149045999999998,16.651356,0.036596999999999998,23.024360000000001,1,1
3351,3.8490570000000002,0.61384099999999997,17.952580999999999,16.425207,0.033804000000000001,22.63513,1,1
3352,3.851153,0.60252600000000001,18.231528999999998,16.705344,0.031708,22.903182999999999,1,1
3353,3.904442,0.59023400000000004,9.9718160000000005,8.4519169999999999,0.029613,14.678462,1,1
3354,3.8133680000000001,0.627529,12.734552000000001,11.164156999999999,0.030939999999999999,17.389514999999999,1,1
3355,3.817488,0.59421500000000005,22.211538999999998,20.585132000000002,0.044838999999999997,26.850857000000001,1,1
3356,3.8393489999999999,0.616425,16.568733000000002,14.920604000000001,0.044838000000000003,21.268253999999999,1,1
3357,4.2460380000000004,0.66230999999999995,18.503912,16.744036999999999,0.044838999999999997,23.665787000000002,1,1
3358,4.0694080000000001,0.67551099999999997,13.80921,12.173163000000001,0.043021999999999998,18.826792000000001,1,1
3359,3.854714,0.60958000000000001,12.196211,10.611497999999999,0.032476999999999999,16.884139000000001,1,1
3360,3.9402699999999999,0.605599,9.4420660000000005,7.8575629999999999,0.035758999999999999,14.207587999999999,1,1
3361,3.8211900000000001,0.60524900000000004,10.433192,8.8526699999999998,0.031567999999999999,15.079285,1,1
3362,3.9170129999999999,0.59896499999999997,9.7201059999999995,8.1059199999999993,0.031009999999999999,14.451057,1,1
3363,3.8354379999999999,0.59721800000000003,12.518602,10.920548999999999,0.030800000000000001,17.165113000000002,1,1
3364,3.8341810000000001,0.59589099999999995,13.613512999999999,12.005891999999999,0.031848000000000001,18.258488,1,1
3365,3.833901,0.59658999999999995,11.581253,9.9725850000000005,0.031988000000000003,16.224132999999998,1,1
3366,3.7660849999999999,0.62452600000000003,11.37082,9.7465069999999994,0.033804000000000001,16.00001,1,1
3367,3.9227400000000001,0.616425,12.963145000000001,11.377454,0.032896000000000002,17.721823000000001,1,1
3368,3.8688220000000002,0.60518000000000005,16.738448999999999,15.198295,0.033663999999999999,21.441044000000002,1,1
3369,3.9865059999999999,0.62627200000000005,9.5699459999999998,8.051304,0.031498999999999999,14.396509999999999,1,1
3370,3.9108670000000001,0.60420200000000002,13.746911000000001,12.209621,0.030521,18.497487,1,1
3371,3.9220419999999998,0.59889400000000004,14.570487,13.033056999999999,0.030311000000000001,19.305347999999999,1,1
3372,3.8619080000000001,0.59798600000000002,10.926276,9.388916,0.034851,15.608267,1,1
3373,3.84354,0.604132,11.568821,10.066172999999999,0.034292000000000003,16.234120999999998,1,1
3374,3.8484280000000002,0.59589099999999995,11.623229,10.141323,0.030521,16.276585000000001,1,1
3375,3.8870499999999999,0.597777,10.794345,9.2926040000000008,0.030521,15.491351999999999,1,1
3376,3.919597,0.59267800000000004,10.803424,9.3099249999999998,0.029544000000000001,15.525295,1,1
3377,3.8172090000000001,0.603294,35.608612000000001,34.063429999999997,0.035758999999999999,40.261828999999999,1,1
3378,3.8274059999999999,0.61041800000000002,19.833213000000001,18.282653,0.030521,24.509827000000001,1,1
3379,3.8740600000000001,0.59484300000000001,36.951810999999999,35.444344000000001,0.031009999999999999,41.633662999999999,1,1
3380,3.9808490000000001,0.61048800000000003,31.927734999999998,30.416775000000001,0.038203000000000001,36.744312000000001,1,1
3381,3.7696459999999998,0.610348,19.485959000000001,18.022283000000002,0.031009999999999999,24.083023000000001,1,1
3382,3.707557,0.57850000000000001,8.8484099999999994,7.3433169999999999,0.030870000000000002,13.344341999999999,1,1
3383,3.6814369999999998,0.579897,16.146049999999999,14.68384,0.030521,20.630178999999998,1,1
3384,3.5117210000000001,0.55615099999999995,16.827846999999998,15.316468,0.034361999999999997,21.099796000000001,1,1
3385,3.552648,0.55782699999999996,9.9433910000000001,8.452337,0.031498999999999999,14.248236,1,1
3386,3.4777779999999998,0.54958600000000002,10.667581,9.1891689999999997,0.030521,14.892318,1,1
3387,3.4890219999999998,0.56285600000000002,7.2347830000000002,5.7781599999999997,0.030032,11.484102999999999,1,1
3388,3.556349,0.55971300000000002,15.538216,14.067485,0.031009999999999999,19.850325000000002,1,1
3389,3.6729150000000002,0.570469,10.345051,8.8611900000000006,0.030032,14.788881999999999,1,1
3390,3.797094,0.60657700000000003,15.632712,14.156324,0.047702000000000001,20.254708999999998,1,1
3391,3.7719520000000002,0.57968699999999995,13.563226,12.085442,0.038203000000000001,18.13843,1,1
3392,3.7636400000000001,0.58709100000000003,12.882129000000001,11.418032999999999,0.038133,17.449579,1,1
3393,3.7301160000000002,0.58890699999999996,16.768761000000001,15.284131,0.031497999999999998,21.293049,1,1
3394,3.752046,0.59351699999999996,14.144380999999999,12.668761999999999,0.031988000000000003,18.701564999999999,1,1
3395,3.760707,0.60112900000000002,16.724829,15.224347,0.039600999999999997,21.304431999999998,1,1
3396,3.8510119999999999,0.593167,14.824571000000001,13.335331999999999,0.039879999999999999,19.495947000000001,1,1
3397,3.8530380000000002,0.60322399999999998,15.949095,14.436669,0.032895000000000001,20.620191999999999,1,1
3398,3.7574939999999999,0.60252600000000001,15.834346,14.268420000000001,0.031498999999999999,20.405287999999999,1,1
3399,3.7556080000000001,0.58304,17.772319,16.136412,0.031009999999999999,22.326359,1,1
3400,3.7738369999999999,0.59435499999999997,20.414646999999999,18.764980999999999,0.041486000000000002,25.002631000000001,1,1
3401,3.829501,0.59875500000000004,18.337688,16.681877,0.032896000000000002,22.975051000000001,1,1
3402,3.911845,0.59204999999999997,22.926022,21.267416999999998,0.030450999999999999,27.639092999999999,1,1
3403,3.7614749999999999,0.58716100000000004,26.105225000000001,24.436702,0.031918000000000002,30.661501000000001,1,1
3404,3.8318759999999998,0.59624100000000002,19.094913999999999,17.399083000000001,0.032475999999999998,23.736118000000001,1,1
3405,3.7282299999999999,0.59756699999999996,23.896196,22.210073000000001,0.032406999999999998,28.452192,1,1
3406,3.782009,0.58709100000000003,21.765459,20.074587000000001,0.035758999999999999,26.353304000000001,1,1
3407,3.9470450000000001,0.58988399999999996,10.638248000000001,8.9905380000000008,0.032686,15.389313,1,1
3408,3.793393,0.60776399999999997,8.7075379999999996,7.1278550000000003,0.030939999999999999,13.322622000000001,1,1
3409,4.0671730000000004,0.630602,6.7069869999999998,5.0832329999999999,0.032965000000000001,11.639362,1,1
3410,3.9384549999999998,0.60112900000000002,7.879982,6.3864130000000001,0.031009999999999999,12.637053,1,1
3411,4.029388,0.60015099999999999,10.777582000000001,9.2263940000000009,0.052660999999999999,19.311495000000001,1,1
3412,3.9621309999999998,0.60497100000000004,11.073712,9.5379590000000007,0.031498999999999999,18.049033000000001,1,1
3413,3.8106439999999999,0.60301499999999997,12.896865,11.329193999999999,0.043371,20.991541000000002,1,1
3414,3.8317359999999998,0.56166899999999997,8.4247490000000003,6.884665,0.042463000000000001,16.165396000000001,1,1
3415,3.8348789999999999,0.56893199999999999,7.9671450000000004,6.4422870000000003,0.052032000000000002,15.656947000000001,1,1
3416,3.8731520000000002,0.603993,9.3931760000000004,7.7852769999999998,0.048750000000000002,17.334548999999999,1,1
3417,3.9105880000000002,0.59966299999999995,10.191958,8.6839320000000004,0.044768000000000002,18.124531999999999,1,1
3418,3.838371,0.60273600000000005,10.883533,9.3586749999999999,0.042534000000000002,19.297526000000001,1,1
3419,3.8087580000000001,0.65043799999999996,10.28387,8.7813619999999997,0.031289999999999998,17.155194999999999,1,1
3420,3.7291379999999998,0.60629699999999997,7.6568370000000003,6.1041119999999998,0.048259999999999997,15.672452,1,1
3421,3.8348779999999998,0.65064699999999998,8.8939470000000007,7.3094440000000001,0.04861,17.101206999999999,1,1
3422,3.7998189999999998,0.69765100000000002,10.057791999999999,8.4457009999999997,0.044490000000000002,18.323091000000002,1,1
3423,3.894593,0.57947800000000005,9.0327920000000006,7.4377430000000002,0.045187999999999999,17.280213,1,1
3424,3.8973879999999999,0.59121100000000004,11.638873,10.118904000000001,0.043999999999999997,19.793962000000001,1,1
3425,3.8413750000000002,0.57919799999999999,13.775266,12.190764,0.043860999999999997,21.886773999999999,1,1
3426,3.7521170000000001,0.60511000000000004,13.541925000000001,11.933327,0.052032000000000002,21.458224999999999,1,1
3427,3.8036599999999998,0.59714900000000004,17.500772999999999,15.905094999999999,0.049658000000000001,24.861340999999999,1,1
3428,3.8883079999999999,0.60615799999999997,15.883305,14.288395,0.044977999999999997,23.328590999999999,1,1
3429,3.8704990000000001,0.59847499999999998,18.197028,16.657433000000001,0.03108,22.879438,1,1
3430,3.821679,0.625085,17.250809,15.660228999999999,0.037086000000000001,21.916457000000001,1,1
3431,3.9146380000000001,0.63346599999999997,10.545358,8.9534520000000004,0.032895000000000001,15.314512000000001,1,1
3432,3.9659019999999998,0.61188500000000001,11.544516,9.9561720000000005,0.030521,16.339511999999999,1,1
3433,3.8186059999999999,0.60657700000000003,10.602418999999999,8.982367,0.031009999999999999,15.241598,1,1
3434,3.8220969999999999,0.62096499999999999,11.576015,9.9904639999999993,0.028077000000000001,16.244247999999999,1,1
3435,3.8139959999999999,0.589256,12.410626000000001,10.772902999999999,0.030032,17.035836,1,1
3436,3.8354379999999999,0.60105900000000001,13.867946999999999,12.178750000000001,0.032405999999999997,18.526053000000001,1,1
3437,3.9140100000000002,0.60301400000000005,13.266958000000001,11.612403,0.030033000000000001,17.995882000000002,1,1
3438,3.8116219999999998,0.59281799999999996,13.877236,12.242516,0.030521,18.490152999999999,1,1
3439,3.8936160000000002,0.60364399999999996,10.808242999999999,9.1969899999999996,0.029961999999999999,15.512934,1,1
3440,3.923997,0.59882500000000005,10.146490999999999,8.4064499999999995,0.029613,14.882331000000001,1,1
3441,3.8143449999999999,0.64457100000000001,15.912637999999999,14.029491,0.061879999999999998,25.326138,1,1
3442,3.9019970000000002,0.61928799999999995,21.649940999999998,19.630182999999999,0.053359999999999998,31.489127,1,1
3443,3.7359830000000001,0.60923099999999997,21.017731999999999,19.020112999999998,0.057061000000000001,30.994855999999999,1,1
3444,3.7614749999999999,0.615726,15.455382999999999,13.539759,0.047212999999999998,25.105159,1,1
3445,3.694566,0.60301499999999997,14.238039000000001,12.281558,0.049658000000000001,23.928602000000001,1,1
3446,3.7574939999999999,0.60657700000000003,21.813859999999998,19.876655,0.045746000000000002,31.411602999999999,1,1
3447,3.6935190000000002,0.60057099999999997,18.666784,16.740824,0.041904999999999998,28.106824,1,1
3448,3.7176840000000002,0.56550900000000004,16.569500999999999,14.640608,0.046794000000000002,25.902614,1,1
3449,3.8234249999999999,0.60797400000000001,16.826589999999999,14.907124,0.053359999999999998,26.405894,1,1
3450,3.8445870000000002,0.606437,17.782166,15.902721,0.044977999999999997,27.219971999999999,1,1
3451,3.760707,0.61293200000000003,14.805016,12.922497,0.044768000000000002,24.143156999999999,1,1
3452,3.6734040000000001,0.59358699999999998,14.509166,12.642082,0.062439000000000001,23.692257000000001,1,1
3453,3.703017,0.60755400000000004,18.479398,16.629845,0.046724000000000002,27.721716000000001,1,1
3454,3.6670479999999999,0.59428499999999995,14.727701,12.932554,0.050634999999999999,23.606981000000001,1,1
3455,3.7608459999999999,0.59519200000000005,16.36703,14.623846,0.053918000000000001,25.066676000000001,1,1
3456,3.7797740000000002,0.60420200000000002,14.952242,13.256830000000001,0.051472999999999998,23.641482,1,1
3457,3.6815760000000002,0.61384000000000005,14.128807,12.354892,0.047842000000000003,22.819234000000002,1,1
3458,3.6678869999999999,0.60099000000000002,19.901449,18.038485999999999,0.054127000000000002,29.073436000000001,1,1
3459,3.7719510000000001,0.59616999999999998,16.215053999999999,14.294261000000001,0.045537000000000001,24.708037999999998,1,1
3460,3.7457600000000002,0.62459699999999996,15.263598,13.299365,0.030939999999999999,19.848578,1,1
3461,3.8026810000000002,0.637656,15.215267000000001,13.201515000000001,0.035131000000000003,19.881823000000001,1,1
3462,3.759938,0.61865899999999996,13.689571000000001,11.731553,0.031009999999999999,18.285516999999999,1,1
3463,3.6761279999999998,0.60077999999999998,13.970684,11.968666000000001,0.031009999999999999,18.457536999999999,1,1
3464,4.0390269999999999,0.59142099999999997,16.066500000000001,14.1228,0.030521,20.910664000000001,1,1
3465,3.7801230000000001,0.595333,11.681895000000001,9.7275790000000004,0.030521,16.265758999999999,1,1
3466,3.7662939999999998,0.62033499999999997,14.295729,12.282465999999999,0.036806999999999999,18.925269,1,1
3467,3.7021790000000001,0.61062799999999995,12.557085000000001,10.577067,0.052450999999999998,22.217337000000001,1,1
3468,3.6813660000000001,0.59679899999999997,12.069658,10.129030999999999,0.045816000000000003,21.401651999999999,1,1
3469,3.7788659999999998,0.59225899999999998,11.022728000000001,9.1893779999999996,0.038063,18.641292,1,1
3470,3.6568520000000002,0.59379599999999999,12.720445,10.841488,0.03073,17.183551999999999,1,1
3471,3.9140100000000002,0.59756699999999996,14.608689999999999,12.755993999999999,0.033804000000000001,19.336566999999999,1,1
3472,3.6647439999999998,0.60203700000000004,10.089639999999999,8.3132809999999999,0.029613,14.566087,1,1
3473,3.6725669999999999,0.59107200000000004,10.735678,8.9190889999999996,0.030521,15.210796999999999,1,1
3474,3.7609859999999999,0.59735799999999994,21.101960999999999,19.326370000000001,0.050215999999999997,29.743849000000001,1,1
3475,3.6555949999999999,0.59274800000000005,9.8253579999999996,7.9344590000000004,0.031009999999999999,14.286509000000001,1,1
3476,3.6673279999999999,0.59735799999999994,12.035855,10.203621999999999,0.053779,20.851158999999999,1,1
3477,3.7391260000000002,0.61663400000000002,15.280569,13.462725000000001,0.047143999999999998,23.958914,1,1
3478,3.695824,0.60448199999999996,17.729575000000001,15.918924000000001,0.047003000000000003,26.394441,1,1
3479,3.7051129999999999,0.58695200000000003,9.1455870000000008,7.3512089999999999,0.044490000000000002,17.735651000000001,1,1
3480,3.61355,0.61914899999999995,10.365655,8.5696700000000003,0.044699000000000003,18.918983000000001,1,1
3481,3.6933790000000002,0.610209,10.713817000000001,8.8259209999999992,0.050915000000000002,19.439094999999998,1,1
3482,3.6792009999999999,0.62061500000000003,14.044926,12.093194,0.044209999999999999,23.089731,1,1
3483,3.7134930000000002,0.60106000000000004,15.408659,13.427524,0.031008999999999998,19.947963000000001,1,1
3484,3.6649530000000001,0.60301499999999997,12.777785,10.775627,0.030450999999999999,17.282029000000001,1,1
3485,3.7959770000000002,0.60399199999999997,9.8828379999999996,7.8986299999999998,0.030452,14.501692,1,1
3486,3.6811569999999998,0.62375800000000003,11.378852,9.3766940000000005,0.039181000000000001,15.90314,1,1
3487,3.7712530000000002,0.60776399999999997,6.2586729999999999,4.2264119999999998,0.031009999999999999,10.863068999999999,1,1
3488,3.927908,0.61041800000000002,17.275393000000001,15.244042,0.031009999999999999,22.022617,1,1
3489,3.6768969999999999,0.59484300000000001,7.7842279999999997,5.7662170000000001,0.030032,12.267659999999999,1,1
3490,3.7804720000000001,0.60797299999999999,7.4733619999999998,5.4865000000000004,0.030032,12.090121,1,1
3491,3.7114690000000001,0.59798700000000005,10.457706,8.4394849999999995,0.029822999999999999,14.982692999999999,1,1
3492,3.6897479999999998,0.58918700000000002,10.692166,8.6279179999999993,0.039600999999999997,15.192987,1,1
3493,3.7104200000000001,0.59987199999999996,9.4775460000000002,7.3519769999999998,0.033314999999999997,14.025859000000001,1,1
3494,3.687303,0.60818399999999995,9.2998670000000008,7.2152269999999996,0.029543,13.809139999999999,1,1
3495,3.6766869999999998,0.60734500000000002,11.105141,8.9829260000000009,0.031009999999999999,15.603448999999999,1,1
3496,3.6771060000000002,0.60455199999999998,10.84051,8.7957490000000007,0.030800000000000001,15.335744,1,1
3497,3.682274,0.59645000000000004,15.631176,13.557219999999999,0.030521,20.128993000000001,1,1
3498,3.686674,0.60070999999999997,11.842252,9.8625139999999991,0.030032,16.339302,1,1
3499,3.6734040000000001,0.59833599999999998,10.804681,8.7546820000000007,0.038762999999999999,15.296702,1,1
3500,3.674871,0.61293200000000003,19.982745000000001,17.92597,0.055245000000000002,29.650680000000001,1,1
3501,3.6733349999999998,0.59519299999999997,10.855805,8.8074130000000004,0.031008999999999998,15.349224,1,1
3502,3.747995,0.59135199999999999,10.54438,8.5597530000000006,0.029613,15.095209000000001,1,1
3503,3.7501600000000002,0.61097699999999999,11.963428,9.9909529999999993,0.030870000000000002,16.539608999999999,1,1
3504,3.6581790000000001,0.59533199999999997,12.302021999999999,10.268366,0.030032,16.772392,1,1
3505,3.675011,0.59470400000000001,19.190598000000001,17.219170999999999,0.034292000000000003,23.683665999999999,1,1
3506,3.8376030000000001,0.61914800000000003,10.834434,8.8602830000000008,0.030521,15.502527000000001,1,1
3507,3.6470039999999999,0.61782199999999998,22.753024,20.704281999999999,0.051472999999999998,32.706262000000002,1,1
3508,3.8236340000000002,0.59728800000000004,12.911462,10.870960999999999,0.029613,17.543655999999999,1,1
3509,3.727671,0.59917299999999996,12.737905,10.6416,0.034361999999999997,17.281609,1,1
3510,3.659087,0.60657700000000003,32.053660000000001,29.975584000000001,0.058037999999999999,41.706507999999999,1,1
3511,3.6854170000000002,0.60538999999999998,11.425297,9.3487570000000009,0.043860999999999997,15.944626,1,1
3512,3.658458,0.62857700000000005,12.885968999999999,10.820815,0.032896000000000002,17.38316,1,1
3513,3.6627890000000001,0.59791700000000003,17.466760000000001,15.431846999999999,0.053707999999999999,27.267393999999999,1,1
3514,3.7549100000000002,0.59617100000000001,15.160651,13.076428999999999,0.036178000000000002,19.73732,1,1
3515,3.7630119999999998,0.62299000000000004,11.902386999999999,9.8393270000000008,0.031428999999999999,16.506644000000001,1,1
3516,3.9019970000000002,0.60371300000000006,13.796289,11.717655000000001,0.030311999999999999,18.513271,1,1
3517,3.7359830000000001,0.62452600000000003,10.311527999999999,8.2333119999999997,0.029474,14.880445,1,1
3518,3.8404660000000002,0.59714800000000001,12.304187000000001,10.230371,0.031917000000000001,16.961524000000001,1,1
3519,3.8044980000000002,0.66217099999999995,12.646901,10.517281000000001,0.040089,17.341673,1,1
3520,3.846333,0.61670400000000003,10.957286,8.8296919999999997,0.031428999999999999,15.632363,1,1
3521,3.735773,0.59938400000000003,12.759277000000001,10.657245,0.030519999999999999,17.302073,1,1
3522,3.8156020000000002,0.61970700000000001,14.659395,12.50177,0.030380999999999998,19.321831,1,1
3523,3.6662110000000001,0.58890699999999996,14.539057,12.409019000000001,0.029892999999999999,19.007262999999998,1,1
3524,3.6558039999999998,0.60217699999999996,12.654793,10.533835,0.030450999999999999,17.123975999999999,1,1
3525,3.7739069999999999,0.60741500000000004,12.758438999999999,10.648166,0.033383999999999997,17.354734000000001,1,1
3526,3.6730550000000002,0.60441199999999995,12.605765,10.508552,0.030521,17.097576,1,1
3527,3.6602039999999998,0.60063999999999995,14.282667999999999,12.154795,0.030450999999999999,18.763794999999998,1,1
3528,3.6731950000000002,0.59875500000000004,12.439330999999999,10.368589,0.032197000000000003,16.924578,1,1
3529,3.6644640000000002,0.60392299999999999,12.49681,10.410773000000001,0.028146999999999998,16.973956000000001,1,1
3530,3.7671320000000001,0.64338399999999996,14.493240999999999,12.379686,0.034083000000000002,19.118731,1,1
3531,3.8207010000000001,0.61474799999999996,18.528915999999999,16.379740999999999,0.031009999999999999,23.170120000000001,1,1
3532,3.82552,0.59686799999999995,16.840278000000001,14.658068999999999,0.030521,21.474568000000001,1,1
3533,3.7065800000000002,0.57940800000000003,15.191801,13.040948999999999,0.03073,19.700724000000001,1,1
3534,3.6680969999999999,0.59700799999999998,14.770792999999999,12.739929999999999,0.032197000000000003,19.256668000000001,1,1
3535,3.6643249999999998,0.641428,15.141374000000001,13.002815999999999,0.034782,19.659725999999999,1,1
3536,3.665861,0.60112900000000002,13.342806,11.200685,0.030939999999999999,17.821138000000001,1,1
3537,3.6711,0.60350400000000004,17.049244999999999,14.945607000000001,0.034501999999999998,21.542942,1,1
3538,3.699875,0.60476099999999999,12.744540000000001,10.685181999999999,0.030032,17.25891,1,1
3539,3.8805559999999999,0.58960500000000005,12.714926999999999,10.666812999999999,0.031009999999999999,17.395592000000001,1,1
3540,3.5374919999999999,0.60720600000000002,12.932065,10.792389,0.037994,17.292853999999998,1,1
3541,3.755817,0.60224599999999995,13.437302000000001,11.26892,0.032476999999999999,18.018930000000001,1,1
3542,3.7389860000000001,0.61998699999999995,14.993589,12.888273999999999,0.030521,19.576264999999999,1,1
3543,3.6811569999999998,0.59980199999999995,14.986395,12.860128,0.029961999999999999,19.474644999999999,1,1
3544,3.731862,0.62829699999999999,12.801252,10.735258999999999,0.034851,17.378271000000002,1,1
3545,3.6897479999999998,0.60119900000000004,13.003723000000001,10.9246,0.031498999999999999,17.504894,1,1
3546,3.7683200000000001,0.60636699999999999,13.215274000000001,11.077413999999999,0.032895000000000001,17.811291000000001,1,1
3547,3.6648130000000001,0.61858999999999997,13.194251,11.104652,0.030032,17.691231999999999,1,1
3548,3.6648839999999998,0.59868500000000002,13.154722,11.039350000000001,0.030032,17.629701000000001,1,1
3549,3.663208,0.61244299999999996,12.778553,10.699011,0.030032,17.260656999999998,1,1
3550,3.7445729999999999,0.59686799999999995,13.640611,11.460008,0.031358999999999998,18.195141,1,1
3551,3.7389860000000001,0.61335099999999998,14.588086000000001,12.503864999999999,0.037226000000000002,19.169366,1,1
3552,3.7736269999999998,0.60587800000000003,11.188882,9.1099680000000003,0.030589999999999999,15.783431,1,1
3553,3.6739630000000001,0.60608799999999996,13.638028,11.641876,0.028705000000000001,18.141642000000001,1,1
3554,3.6889099999999999,0.565998,14.738317,12.788470999999999,0.030032,19.192692999999998,1,1
3555,3.5976949999999999,0.59763699999999997,9.6970589999999994,7.7555930000000002,0.028983999999999999,14.098565000000001,1,1
3556,3.6690740000000002,0.60594899999999996,10.138738,8.1444729999999996,0.027588000000000001,14.622657999999999,1,1
3557,3.924067,0.58143400000000001,11.928089,9.8952690000000008,0.033873,16.646747000000001,1,1
3558,3.6892580000000001,0.60238599999999998,11.717375000000001,9.7099799999999998,0.030800000000000001,16.225110999999998,1,1
3559,3.7509990000000002,0.60126900000000005,10.265223000000001,8.2282829999999993,0.030100999999999999,14.853346,1,1
3560,3.6600649999999999,0.60713499999999998,11.767801,9.7368690000000004,0.03073,16.246970999999998,1,1
3561,3.6824140000000001,0.59616999999999998,11.663387,9.6689819999999997,0.030521,16.150310999999999,1,1
3562,3.7373099999999999,0.59540199999999999,10.173869,8.2005560000000006,0.029613,14.712685,1,1
3563,3.6712389999999999,0.61111700000000002,14.918647999999999,12.903988999999999,0.035969000000000001,19.417235000000002,1,1
3564,3.7801930000000001,0.62815900000000002,13.744467,11.695235,0.030521,18.378056999999998,1,1
3565,3.5868000000000002,0.59554200000000002,11.777647999999999,9.7259030000000006,0.030032,16.197244000000001,1,1
3566,3.8308279999999999,0.57815099999999997,12.315360999999999,10.230371999999999,0.035829,16.944762000000001,1,1
3567,3.6623000000000001,0.690527,16.215472999999999,14.136348999999999,0.031918000000000002,20.786135999999999,1,1
3568,3.7414999999999998,0.60664700000000005,13.887293,11.839319,0.032475999999999998,18.446572,1,1
3569,3.707697,0.68151700000000004,12.880242000000001,10.805659,0.034431999999999997,17.523541000000002,1,1
3570,3.659646,0.59616999999999998,14.668615000000001,12.592563999999999,0.030032,19.136679999999998,1,1
3571,3.6614610000000001,0.59756799999999999,12.544024,10.449534999999999,0.030381999999999999,17.017047999999999,1,1
3572,3.6428829999999999,0.59260900000000005,14.959994999999999,12.848046,0.030032,19.415068999999999,1,1
3573,3.5510419999999998,0.56152800000000003,12.374309,10.262289000000001,0.028424999999999999,16.694309000000001,1,1
3574,3.556908,0.60748400000000002,15.574394,13.072378,0.037783999999999998,19.953061999999999,1,1
3575,3.7377989999999999,0.63723799999999997,16.430306999999999,13.838124000000001,0.032895000000000001,21.043223999999999,1,1
3576,3.6711689999999999,0.67034300000000002,19.061669999999999,16.525082000000001,0.043022999999999999,23.637360999999999,1,1
3577,3.6116640000000002,0.58890699999999996,13.979414999999999,11.396871000000001,0.030311000000000001,18.391397000000001,1,1
3578,3.663278,0.584507,22.240873000000001,19.658677999999998,0.030521,26.698812,1,1
3579,3.672148,0.57675500000000002,13.925497,11.294831,0.032615999999999999,18.390070000000001,1,1
3580,3.646096,0.59994199999999998,16.696404000000001,14.137606,0.029124000000000001,21.151199999999999,1,1
3581,3.7322120000000001,0.57242400000000004,16.401530999999999,13.841127,0.031009999999999999,20.928682999999999,1,1
3582,3.6768969999999999,0.611676,43.354776999999999,40.774118999999999,0.040856999999999997,47.870683999999997,1,1
3583,3.7012719999999999,0.61607599999999996,24.349191000000001,21.794094999999999,0.031988000000000003,28.891217999999999,1,1
3584,3.6728459999999998,0.60902199999999995,15.64242,13.174277,0.030521,20.132415999999999,1,1
3585,3.7575639999999999,0.59463299999999997,28.243016000000001,25.781299000000001,0.031008999999999998,32.809069000000001,1,1
3586,3.6954050000000001,0.59121199999999996,17.732299000000001,15.293908999999999,0.036457000000000003,22.240383999999999,1,1
3587,3.7588910000000002,0.60552899999999998,17.471229999999998,15.066573,0.030521,22.051950999999999,1,1
3588,3.5511119999999998,0.61118600000000001,19.832654999999999,17.436727999999999,0.030032,24.226409,1,1
3589,4.0011720000000004,0.58380900000000002,20.310234000000001,17.864439999999998,0.031288999999999997,25.108791,1,1
3590,3.6849289999999999,0.60106000000000004,26.838145999999998,24.300719999999998,0.060204000000000001,40.409823000000003,1,1
3591,3.678992,0.61565700000000001,24.033923999999999,21.486511,0.032825,28.554649999999999,1,1
3592,3.7326999999999999,0.56334499999999998,28.240919999999999,25.826626000000001,0.049937000000000002,41.427768999999998,1,1
3593,3.6961719999999998,0.58464700000000003,23.608587,21.216013,0.035829,28.101586000000001,1,1
3594,3.8598129999999999,0.60441199999999995,17.905926000000001,15.468933,0.037713999999999998,22.593713999999999,1,1
3595,3.7213159999999998,0.614958,22.639600000000002,20.289141000000001,0.031917000000000001,27.191196999999999,1,1
3596,3.5346289999999998,0.62061500000000003,20.263439000000002,17.843557000000001,0.031987000000000002,24.657333000000001,1,1
3597,3.7390560000000002,0.604132,17.111265,14.743066000000001,0.036877,21.672709000000001,1,1
3598,3.7258559999999998,0.60231699999999999,15.151082000000001,12.726032,0.031569,19.705331999999999,1,1
3599,3.6937980000000001,0.60273600000000005,17.445459,15.040103999999999,0.030032,21.968489000000002,1,1
3600,3.7681800000000001,0.59239900000000001,23.468554000000001,20.989654999999999,0.062019999999999999,36.826236000000002,1,1
3601,3.6903760000000001,0.61223399999999994,23.720054000000001,21.235848000000001,0.051892000000000001,37.132492999999997,1,1
3602,3.6893289999999999,0.63835500000000001,21.082056999999999,18.558250000000001,0.031009999999999999,25.63044,1,1
3603,3.7847330000000001,0.60036100000000003,18.758275999999999,16.256121,0.030939999999999999,23.355758999999999,1,1
3604,3.6969409999999998,0.60273600000000005,18.622433999999998,16.125865999999998,0.036248000000000002,23.142741000000001,1,1
3605,3.7033670000000001,0.63039299999999998,18.804302,16.243549000000002,0.040578000000000003,23.374407000000001,1,1
3606,3.939711,0.59658999999999995,16.072506000000001,13.5311,0.030521,20.816376999999999,1,1
3607,3.691214,0.59603099999999998,13.624618,11.060582,0.030032,18.124741,1,1
3608,3.690725,0.61782199999999998,21.868406,19.256529,0.037714999999999999,26.394998999999999,1,1
3609,3.6846489999999998,0.60936999999999997,13.576008,10.987527999999999,0.037086000000000001,18.094569,1,1
3610,3.6935190000000002,0.60636699999999999,22.439014,19.837054999999999,0.031918000000000002,26.959392000000001,1,1
3611,3.7457609999999999,0.605599,16.685509,14.054425,0.030939999999999999,21.245626000000001,1,1
3612,3.6516139999999999,0.60175800000000002,14.156184,11.488922000000001,0.029613,18.617825,1,1
3613,3.9322379999999999,0.60210699999999995,14.040666,11.401411,0.033383999999999997,18.786493,1,1
3614,3.8069419999999998,0.62110399999999999,14.837002999999999,12.121689999999999,0.033454999999999999,19.482396999999999,1,1
3615,3.6685850000000002,0.62913600000000003,14.855581000000001,12.122458,0.030870000000000002,19.378751999999999,1,1
3616,3.7132839999999998,0.59323700000000001,15.181184,12.415234999999999,0.030242000000000002,19.699954999999999,1,1
3617,3.7772600000000001,0.59987199999999996,14.99771,12.255857000000001,0.030032,19.583248999999999,1,1
3618,3.6967319999999999,0.59260800000000002,18.161477000000001,15.421231000000001,0.033943000000000001,22.669143999999999,1,1
3619,3.7882940000000001,0.61391099999999998,24.015834999999999,21.27929,0.032335999999999997,28.646142999999999,1,1
3620,3.6937280000000001,0.5917,26.847296,24.136661,0.031498999999999999,31.350072999999998,1,1
3621,3.7671320000000001,0.60085,24.627649999999999,21.933638999999999,0.030591,29.208929000000001,1,1
3622,3.7662249999999999,0.59903399999999996,21.482040999999999,18.776575000000001,0.038692999999999998,26.071560999999999,1,1
3623,3.589035,0.59609999999999996,28.052347000000001,25.349885,0.032895000000000001,32.448616000000001,1,1
3624,3.271814,0.53338200000000002,15.303687,12.645365,0.030519999999999999,19.304998999999999,1,1
3625,3.4176440000000001,0.535408,28.221713999999999,25.582318999999998,0.042812999999999997,32.380519999999997,1,1
3626,3.0750690000000001,0.50174399999999997,15.295097,12.732248,0.029963,19.058876000000001,1,1
3627,3.0879889999999999,0.45969900000000002,12.256973,9.6365060000000007,0.029961999999999999,15.985065000000001,1,1
3628,2.9635319999999998,0.458652,15.248162000000001,12.73972,0.029822999999999999,18.843553,1,1
3629,2.7960500000000001,0.44000400000000001,21.569343,19.039669,0.030521,24.980630999999999,1,1
3630,2.8238479999999999,0.47702099999999997,18.411231999999998,15.780498,0.036318000000000003,21.887822,1,1
3631,3.0816340000000002,0.492176,15.498965,12.884433,0.033873,19.256388999999999,1,1
3632,3.0039690000000001,0.47059499999999999,12.428366,9.7672489999999996,0.030521,16.082284000000001,1,1
3633,3.128358,0.494201,19.002023999999999,16.303194000000001,0.029961999999999999,22.824193000000001,1,1
3634,3.2576360000000002,0.53498800000000002,18.822531000000001,16.099254999999999,0.028496,22.80771,1,1
3635,3.5608900000000001,0.58422799999999997,16.081446,13.036060000000001,0.035340000000000003,20.431619000000001,1,1
3636,3.6491690000000001,0.59414500000000003,16.112945,13.076848,0.030521,20.584363,1,1
3637,3.6356199999999999,0.59805600000000003,22.148053000000001,19.155957000000001,0.029543,26.586506,1,1
3638,3.650077,0.58618300000000001,19.629973,16.622302000000001,0.030939000000000001,24.080089000000001,1,1
3639,3.55579,0.58869700000000003,19.144711999999998,16.082073999999999,0.035478999999999997,23.502078000000001,1,1
3640,3.6926809999999999,0.64743399999999995,19.299690999999999,16.265549,0.031918000000000002,23.857713,1,1
3641,3.6111049999999998,0.61188399999999998,22.569828000000001,19.537013999999999,0.031708,27.007932,1,1
3642,3.5855429999999999,0.60231599999999996,18.986101000000001,16.06203,0.028636000000000002,23.392426,1,1
3643,3.7760720000000001,0.57465900000000003,22.585681999999998,19.456975,0.039460000000000002,27.190708000000001,1,1
3644,3.6621600000000001,0.63185999999999998,25.977274999999999,22.862397000000001,0.034782,30.506522,1,1
3645,3.6562239999999999,0.61104700000000001,22.363724999999999,19.298642999999998,0.031428999999999999,26.851067,1,1
3646,3.6530100000000001,0.62292000000000003,22.102795,19.115448000000001,0.030521,26.595306000000001,1,1
3647,3.602376,0.588418,22.761405,19.690387000000001,0.038133,27.172898,1,1
3648,3.6837420000000001,0.63472399999999995,19.413533000000001,16.330152999999999,0.032406999999999998,23.953396000000001,1,1
3649,3.7745350000000002,0.61034900000000003,22.541471999999999,19.48142,0.031918000000000002,27.144752,1,1
3650,3.8499650000000001,0.60469099999999998,22.581143000000001,19.506353000000001,0.031009999999999999,27.271515000000001,1,1
3651,3.7687379999999999,0.60140899999999997,22.812460000000002,19.694367,0.041555000000000002,27.416716000000001,1,1
3652,3.9288159999999999,0.621174,19.37959,16.329943,0.032475999999999998,24.153354,1,1
3653,3.822168,0.60748500000000005,25.626180000000002,22.591898,0.031917000000000001,30.281002000000001,1,1
3654,3.7302559999999998,0.58443699999999998,22.567035000000001,19.465914000000001,0.038552000000000003,27.104942000000001,1,1
3655,3.8105739999999999,0.60818300000000003,26.321386,23.179407999999999,0.033943000000000001,30.964963999999998,1,1
3656,3.77244,0.60427200000000003,18.955371,15.935337000000001,0.037574999999999997,23.559348,1,1
3657,3.8639329999999998,0.59819599999999995,21.975961999999999,18.92464,0.030032,26.688824,1,1
3658,3.8075700000000001,0.593866,19.051193000000001,15.987997,0.038761999999999998,23.677102000000001,1,1
3659,3.7805420000000001,0.60748500000000005,19.528493000000001,16.445042999999998,0.031988000000000003,24.159220999999999,1,1
3660,3.7840340000000001,0.637656,15.949864,12.916142000000001,0.046165999999999999,20.595746999999999,1,1
3661,3.8394889999999999,0.59840599999999999,19.007193000000001,16.026411,0.031009999999999999,23.652587,1,1
3662,3.6405090000000002,0.59288799999999997,19.073962000000002,16.054278,0.035340000000000003,23.528967000000002,1,1
3663,3.8155320000000001,0.61146599999999995,19.073962000000002,16.044848999999999,0.033804000000000001,23.725781999999999,1,1
3664,3.7632910000000002,0.59889400000000004,19.239277999999999,16.174475000000001,0.031008999999999998,23.819089999999999,1,1
3665,3.7676210000000001,0.59400500000000001,18.660428,15.723017,0.032475999999999998,23.234514000000001,1,1
3666,3.8566699999999998,0.59854499999999999,15.362284000000001,12.469433,0.029543,20.030376,1,1
3667,3.7867570000000002,0.59854499999999999,15.464952,12.586418,0.033873,20.063690999999999,1,1
3668,3.9382450000000002,0.60546,18.599387,15.742433999999999,0.031918000000000002,23.361066999999998,1,1
3669,3.78159,0.59707900000000003,21.722854999999999,18.918005000000001,0.031219,26.312027,1,1
3670,3.7491129999999999,0.59714800000000001,18.865273999999999,16.016423,0.030521,23.423925000000001,1,1
3671,3.7635010000000002,0.59323700000000001,22.087709,19.242141,0.039879999999999999,26.66403,1,1
3672,3.956753,0.60608799999999996,18.693743000000001,15.867800000000001,0.033873,23.478961000000002,1,1
3673,3.7840340000000001,0.60301499999999997,18.763375,15.926328,0.037296000000000003,23.372591,1,1
3674,3.9258130000000002,0.594495,18.499303000000001,15.673989000000001,0.030380999999999998,23.234583000000001,1,1
3675,3.8876089999999999,0.58806800000000004,18.828398,15.954542999999999,0.036387000000000003,23.531131999999999,1,1
3676,3.6693530000000001,0.56851300000000005,15.204022,12.433953000000001,0.042394000000000001,19.651903999999998,1,1
3677,3.4515169999999999,0.54050699999999996,14.987932000000001,12.368441000000001,0.029124000000000001,19.177537000000001,1,1
3678,3.2523279999999999,0.53170600000000001,15.047437,12.419216,0.028635000000000001,19.019065999999999,1,1
3679,3.2597309999999999,0.49343300000000001,14.786508,12.160662,0.032966000000000002,18.731876,1,1
3680,3.2572860000000001,0.488404,15.199972000000001,12.477185,0.036806999999999999,19.139823,1,1
3681,3.199039,0.50830900000000001,15.238244999999999,12.58104,0.030521,19.132698999999999,1,1
3682,3.2565179999999998,0.49804199999999998,18.261700999999999,15.637181999999999,0.032406999999999998,22.202110999999999,1,1
3683,3.1222120000000002,0.51473400000000002,15.339306000000001,12.682729999999999,0.030521,19.155118000000002,1,1
3684,3.0903640000000001,0.48588999999999999,21.321892999999999,18.706664,0.030032,25.077919999999999,1,1
3685,3.1292659999999999,0.47604200000000002,21.150711000000001,18.558948000000001,0.033383999999999997,24.938027999999999,1,1
3686,3.0016660000000002,0.45823199999999997,21.093928999999999,18.501259000000001,0.031009999999999999,24.732133000000001,1,1
3687,3.1230500000000001,0.47569299999999998,30.320392999999999,27.703417000000002,0.035270000000000003,34.101424000000002,1,1
3688,3.214404,0.48302699999999998,27.377884000000002,24.705454,0.036038000000000001,31.261443,1,1
3689,3.0915520000000001,0.49329400000000001,27.099145,24.521001999999999,0.031428999999999999,30.867464999999999,1,1
3690,3.0649419999999998,0.48526200000000003,24.105301999999998,21.518847000000001,0.029472999999999999,27.833043,1,1
3691,3.1704029999999999,0.47918500000000003,21.151689000000001,18.537785,0.030452,25.002002000000001,1,1
3692,3.0836589999999999,0.54888800000000004,18.111609999999999,15.525994000000001,0.036318000000000003,21.931054,1,1
3693,3.1059389999999998,0.48833500000000002,15.03745,12.453509,0.030800999999999999,18.812263999999999,1,1
3694,3.1847210000000001,0.48232900000000001,30.649488999999999,28.021058,0.031009999999999999,34.491142000000004,1,1
3695,3.0902949999999998,0.476462,11.717934,9.1455870000000008,0.030032,15.461948,1,1
3696,3.0115829999999999,0.45439099999999999,27.178135999999999,24.571567000000002,0.041974999999999998,30.842462000000001,1,1
3697,2.8413080000000002,0.46856999999999999,14.920604000000001,12.361666,0.038133,18.405365,1,1
3698,2.833974,0.44894400000000001,14.949589,12.375914,0.029822999999999999,18.406272999999999,1,1
3699,2.825523,0.436722,15.070345,12.548144000000001,0.029054,18.510268,1,1
3700,2.859537,0.45062000000000002,17.688298,15.158904,0.031988000000000003,21.191848,1,1
3701,2.9691879999999999,0.450131,14.719599000000001,12.200053,0.029753000000000002,18.308844000000001,1,1
3702,2.8360699999999999,0.45062000000000002,38.961931,36.401667000000003,0.030241000000000001,42.439777999999997,1,1
3703,2.928401,0.42638500000000001,17.582977,15.089482,0.047003999999999997,21.125357999999999,1,1
3704,2.8369080000000002,0.45292500000000002,14.893924,12.335755000000001,0.030102,18.351797000000001,1,1
3705,2.920369,0.43909599999999999,11.570567,9.0724630000000008,0.032197000000000003,15.098701,1,1
3706,2.8461970000000001,0.44594099999999998,17.670209,15.15653,0.041626000000000003,21.144983,1,1
3707,2.818819,0.44733699999999998,17.560907,15.040312999999999,0.03073,20.997129000000001,1,1
3708,2.863518,0.44174999999999998,14.530397000000001,11.991016,0.029543,18.003285999999999,1,1
3709,2.7916509999999999,0.46319100000000002,11.544936,9.0784690000000001,0.030241000000000001,14.964954000000001,1,1
3710,2.7998919999999998,0.43763000000000002,14.361520000000001,11.870119000000001,0.030102,17.766521000000001,1,1
3711,2.8401909999999999,0.43581399999999998,14.817098,12.193277999999999,0.032896000000000002,18.28866,1,1
3712,3.0788410000000002,0.47604299999999999,17.331896,14.754101,0.030521,21.052792,1,1
3713,2.7548439999999998,0.447268,19.769867000000001,17.253183,0.029124000000000001,23.136804999999999,1,1
3714,2.867359,0.44677899999999998,23.022054000000001,20.447333,0.030102,26.520783999999999,1,1
3715,2.9207879999999999,0.44223899999999999,11.443315999999999,8.8648220000000002,0.035758999999999999,14.979620000000001,1,1
3716,2.9038170000000001,0.445801,22.979590000000002,20.375675000000001,0.034851,26.504162000000001,1,1
3717,2.8799299999999999,0.44000400000000001,22.826218000000001,20.231731,0.032895000000000001,26.320269,1,1
3718,2.851785,0.50663400000000003,28.907071999999999,26.198533999999999,0.031009999999999999,32.432341999999998,1,1
3719,2.8569529999999999,0.44230900000000001,16.696683,14.086971,0.032965000000000001,20.171109000000001,1,1
3720,3.022688,0.447407,13.770727000000001,11.164507,0.030939999999999999,17.410188999999999,1,1
3721,2.8911750000000001,0.44552199999999997,19.580386000000001,16.954889000000001,0.030032,23.085401000000001,1,1
3722,2.9064009999999998,0.43532399999999999,27.897926999999999,25.269776,0.040647999999999997,31.423615999999999,1,1
3723,2.826222,0.44384499999999999,30.691462999999999,28.041732,0.040647999999999997,34.155760999999998,1,1
3724,2.7979370000000001,0.44845499999999999,17.121811000000001,14.414879000000001,0.032895000000000001,20.53687,1,1
3725,2.9094039999999999,0.43609300000000001,27.698598,25.047540000000001,0.031009999999999999,31.211435999999999,1,1
3726,2.91988,0.44021399999999999,34.317374999999998,31.646481000000001,0.036108000000000001,37.849139999999998,1,1
3727,2.8735750000000002,0.45292500000000002,27.702857999999999,25.055152,0.031917000000000001,31.200051999999999,1,1
3728,2.9572449999999999,0.45369300000000001,16.911028999999999,14.189639,0.030591,20.490914,1,1
3729,3.0336530000000002,0.47646100000000002,43.447597000000002,40.682696,0.041486000000000002,47.149147999999997,1,1
3730,3.3568120000000001,0.51669100000000001,22.308620000000001,19.400962,0.041486000000000002,26.383685,1,1
3731,3.6092200000000001,0.59253900000000004,28.248394000000001,25.242049000000002,0.040509000000000003,32.694319,1,1
3732,3.8740600000000001,0.61768199999999995,19.558664,16.503710000000002,0.031498999999999999,24.269639999999999,1,1
3733,3.87839,0.59770699999999999,36.001612000000002,32.960766,0.040368000000000001,40.703229999999998,1,1
3734,3.858695,0.61635499999999999,27.295960000000001,24.320625,0.035758999999999999,32.008401999999997,1,1
3735,3.8731520000000002,0.62766900000000003,13.929897,10.919851,0.031008999999999998,18.646529000000001,1,1
3736,3.888029,0.59330700000000003,21.786201999999999,18.786771999999999,0.034852000000000001,26.477132999999998,1,1
3737,3.810854,0.60999899999999996,13.931991999999999,10.872218,0.033384999999999998,18.573962999999999,1,1
3738,3.78138,0.595472,13.933669,10.945551999999999,0.029543,18.522839999999999,1,1
3739,3.7595200000000002,0.60650700000000002,19.394955,16.358649,0.031987000000000002,23.980146000000001,1,1
3740,3.7625229999999998,0.60343400000000003,19.424009000000002,16.368706,0.039460000000000002,24.014298,1,1
3741,4.0198210000000003,0.60294499999999995,17.002661,13.896163,0.037225000000000001,21.854298,1,1
3742,3.7778179999999999,0.60119900000000004,14.303900000000001,11.175891,0.033453999999999998,18.899146999999999,1,1
3743,3.7789350000000002,0.59568200000000004,16.696614,13.68957,0.03108,21.279358999999999,1,1
3744,3.7583319999999998,0.58904599999999996,24.810355999999999,21.769300999999999,0.031009999999999999,29.370683,1,1
3745,3.7600090000000002,0.59260800000000002,21.984342999999999,18.896004999999999,0.037016,26.552074000000001,1,1
3746,3.7880150000000001,0.60992999999999997,13.966144,10.919570999999999,0.031988000000000003,18.581506000000001,1,1
3747,3.9259529999999998,0.58981499999999998,19.138007000000002,16.085985999999998,0.043930999999999998,23.900525999999999,1,1
3748,3.9200159999999999,0.59658999999999995,29.888351,26.839334000000001,0.033383999999999997,34.623632000000001,1,1
3749,3.8630949999999999,0.60622799999999999,27.110669000000001,24.113962999999998,0.035340000000000003,31.799295999999998,1,1
3750,3.7763520000000002,0.60113000000000005,26.941721999999999,23.953465999999999,0.031428999999999999,31.533965999999999,1,1
3751,3.7817289999999999,0.59672899999999995,10.960708,7.8834039999999996,0.031009999999999999,15.551765,1,1
3752,3.920156,0.59400600000000003,16.298933999999999,13.282113000000001,0.030521,21.020524999999999,1,1
3753,3.8709880000000001,0.59533199999999997,21.698132000000001,18.610351000000001,0.039111,26.385988999999999,1,1
3754,3.7987009999999999,0.61083799999999999,13.829674000000001,10.754815000000001,0.032406999999999998,18.467663999999999,1,1
3755,3.8538760000000001,0.59288799999999997,24.202940999999999,21.095465999999998,0.030521,28.858184000000001,1,1
3756,3.744084,0.59246900000000002,19.185569000000001,16.164487999999999,0.030591,23.752320999999998,1,1
3757,3.7104900000000001,0.58457599999999998,16.204927000000001,13.212062,0.030032,20.720275000000001,1,1
3758,3.772929,0.59973299999999996,13.805369000000001,10.693702,0.035270000000000003,18.390488999999999,1,1
3759,3.7928350000000002,0.58995399999999998,24.14162,21.071580000000001,0.031987000000000002,28.734144000000001,1,1
3760,3.7428270000000001,0.56467100000000003,21.398928999999999,18.384412999999999,0.031917000000000001,25.920214000000001,1,1
3761,3.7467380000000001,0.597777,16.166931999999999,13.139217,0.031498999999999999,20.741157999999999,1,1
3762,3.690445,0.58164300000000002,11.045007,7.9581350000000004,0.036806999999999999,15.533467,1,1
3763,3.780402,0.59770699999999999,13.677,10.667092999999999,0.032965000000000001,18.273713000000001,1,1
3764,3.765107,0.607765,16.258285999999998,13.268145000000001,0.030521,20.850739999999998,1,1
3765,3.7669929999999998,0.590723,23.777255,20.710426999999999,0.033314000000000003,28.344774999999998,1,1
3766,3.8751069999999999,0.58632200000000001,11.016652000000001,7.9693100000000001,0.030800000000000001,15.687049,1,1
3767,3.7514880000000002,0.612792,13.623919000000001,10.641112,0.031918000000000002,18.201706999999999,1,1
3768,3.6711,0.59484300000000001,13.627342000000001,10.638806000000001,0.031848000000000001,18.105533999999999,1,1
3769,3.8487079999999998,0.59987199999999996,13.670434,10.621136999999999,0.030032,18.329936,1,1
3770,3.658738,0.58995399999999998,13.616236000000001,10.665905,0.030800999999999999,18.073755999999999,1,1
3771,3.8326440000000002,0.60895200000000005,13.568745,10.568545,0.030521,18.21791,1,1
3772,3.667119,0.58953599999999995,18.813312,15.783849999999999,0.034780999999999999,23.282774,1,1
3773,3.77237,0.59875400000000001,16.231186999999998,13.217439000000001,0.036248000000000002,20.824967999999998,1,1
3774,4.0034070000000002,0.61293200000000003,24.448295999999999,21.482529,0.031009999999999999,29.282962000000001,1,1
3775,3.674871,0.59372599999999998,13.761996,10.773183,0.030521,18.239350999999999,1,1
3776,3.6653730000000002,0.60161799999999999,19.147435999999999,16.119299999999999,0.031918000000000002,23.624231000000002,1,1
3777,3.7792150000000002,0.60608799999999996,29.824237,26.752310999999999,0.036666999999999998,34.438271,1,1
3778,3.670471,0.59554200000000002,16.337206999999999,13.347974000000001,0.031219,20.819800000000001,1,1
3779,3.744783,0.58981399999999995,29.940942,26.939836,0.03108,34.487580000000001,1,1
3780,3.6595759999999999,0.59023400000000004,13.717646999999999,10.746503000000001,0.035829,18.182780000000001,1,1
3781,3.7468789999999998,0.59623999999999999,19.230757000000001,16.260311999999999,0.034292000000000003,23.793248999999999,1,1
3782,3.6699820000000001,0.59225899999999998,16.461665,13.472432,0.039251000000000001,20.955082999999998,1,1
3783,3.6763379999999999,0.60608799999999996,21.836767999999999,18.854168999999999,0.030450999999999999,26.332909999999998,1,1
3784,3.6644649999999999,0.61600600000000005,27.305527999999999,24.344232000000002,0.033874000000000001,31.797758999999999,1,1
3785,3.6576900000000001,0.59288700000000005,35.176361,32.220790999999998,0.031918000000000002,39.642609999999998,1,1
3786,3.7652459999999999,0.60301499999999997,21.888031999999999,18.935815000000002,0.031917000000000001,26.465050999999999,1,1
3787,3.6737540000000002,0.60657700000000003,37.884340999999999,34.893501000000001,0.058946999999999999,51.685588000000003,1,1
3788,3.6882799999999998,0.61956699999999998,38.125435000000003,35.140323000000002,0.051683,51.969147,1,1
3789,3.707487,0.60566900000000001,27.142935999999999,24.156217000000002,0.03576,31.688386000000001,1,1
3790,3.8374630000000001,0.61027900000000002,29.735816,26.790094,0.033384999999999998,34.399298999999999,1,1
3791,3.6570619999999998,0.59840499999999996,32.515104999999998,29.537046,0.031987000000000002,36.980795999999998,1,1
3792,3.7548400000000002,0.60441199999999995,29.997164999999999,26.989353000000001,0.039670999999999998,34.580958000000003,1,1
3793,3.8269169999999999,0.60448100000000005,35.334623000000001,32.305788999999997,0.034292999999999997,39.989514999999997,1,1
3794,3.6754289999999998,0.60015099999999999,27.237082999999998,24.275227999999998,0.032406999999999998,31.730710999999999,1,1
3795,3.818746,0.59163100000000002,37.863737,34.839373000000002,0.032476999999999999,42.489854999999999,1,1
3796,3.6923319999999999,0.60259600000000002,30.030688999999999,27.041734999999999,0.033873,34.546456999999997,1,1
3797,3.729069,0.59707900000000003,16.424160000000001,13.442959,0.03108,20.977641999999999,1,1
3798,3.6792720000000001,0.59526299999999999,24.646787,21.638138000000001,0.032896000000000002,29.131404,1,1
3799,3.8924289999999999,0.59561200000000003,27.271166000000001,24.265309999999999,0.033873,31.977881,1,1
3800,3.7556790000000002,0.60057000000000005,21.787109999999998,18.725729999999999,0.031498999999999999,26.358402000000002,1,1
3801,3.7649680000000001,0.59749799999999997,11.051223,7.994802,0.030311000000000001,15.626077,1,1
3802,3.6811569999999998,0.60776399999999997,8.4371109999999998,5.4477380000000002,0.032127000000000003,12.942053,1,1
3803,3.6856969999999998,0.59854600000000002,32.436602999999998,29.407630000000001,0.031708,36.931207999999998,1,1
3804,3.8377430000000001,0.59309800000000001,27.129736000000001,24.126463999999999,0.031497999999999998,31.770311,1,1
3805,3.7502309999999999,0.59784700000000002,19.115727,16.105612000000001,0.030521,23.685482,1,1
3806,3.6874419999999999,0.61865999999999999,24.623949,21.587641999999999,0.041486000000000002,29.160458999999999,1,1
3807,3.7609870000000001,0.61342200000000002,27.113392999999999,24.081976000000001,0.034782,31.711783,1,1
3808,3.655176,0.60566900000000001,21.883772,18.844321999999998,0.032476999999999999,26.364477999999998,1,1
3809,3.6667000000000001,0.599244,32.572096000000002,29.562469,0.039461000000000003,37.059018999999999,1,1
3810,3.6705410000000001,0.60427200000000003,24.430416999999998,21.430147999999999,0.031008999999999998,28.924533,1,1
3811,3.67536,0.58897699999999997,16.418572999999999,13.388622,0.030032,20.894950000000001,1,1
3812,3.6666989999999999,0.59044300000000005,24.471135,21.505996,0.030032,28.935848,1,1
3813,3.6877219999999999,0.58771899999999999,24.5305,21.569343,0.037855,29.025105,1,1
3814,3.6688649999999998,0.60029100000000002,24.494251999999999,21.476103999999999,0.031009999999999999,28.985156,1,1
3815,3.752815,0.597777,27.003183,24.050476,0.031428999999999999,31.568887,1,1
3816,3.6652330000000002,0.620336,32.683073999999998,29.674704999999999,0.037226000000000002,37.184733999999999,1,1
3817,3.740942,0.61691399999999996,24.417636000000002,21.425539000000001,0.037295000000000002,29.012813000000001,1,1
3818,3.6765469999999998,0.60972000000000004,32.488146,29.479566999999999,0.032895000000000001,36.993716999999997,1,1
3819,3.6766169999999998,0.61670400000000003,27.258244999999999,24.237164,0.037714999999999999,31.771567999999998,1,1
3820,3.6801089999999999,0.60133899999999996,21.619769000000002,18.605463,0.031358999999999998,26.125899,1,1
3821,3.7341660000000001,0.62110399999999999,21.588759,18.584928999999999,0.037643999999999997,26.178000999999998,1,1
3822,3.7255760000000002,0.59309699999999999,26.970566000000002,23.977910999999999,0.034921000000000001,31.506937000000001,1,1
3823,3.6820650000000001,0.59784700000000002,24.395147000000001,21.397532000000002,0.031498999999999999,28.887727000000002,1,1
3824,3.6440709999999998,0.59379599999999999,29.844000999999999,26.899885999999999,0.033804000000000001,34.298586999999998,1,1
3825,3.8145549999999999,0.60224699999999998,18.764004,15.899158999999999,0.046794000000000002,23.411422999999999,1,1
3826,3.6412070000000001,0.61104599999999998,16.515305000000001,13.486750000000001,0.038761999999999998,20.988119000000001,1,1
3827,3.7577029999999998,0.62019599999999997,21.526250999999998,18.597919000000001,0.031428999999999999,26.141404000000001,1,1
3828,3.5888949999999999,0.58422799999999997,21.518429000000001,18.460470000000001,0.031009999999999999,25.902543999999999,1,1
3829,3.7007819999999998,0.58667199999999997,18.764213000000002,15.764155000000001,0.031428999999999999,23.251835,1,1
3830,3.6667000000000001,0.56823400000000002,21.598186999999999,18.683266,0.047142999999999997,26.055008999999998,1,1
3831,3.6243759999999998,0.59002500000000002,31.932763000000001,28.923414999999999,0.031498999999999999,36.363464,1,1
3832,3.6634169999999999,0.58771899999999999,21.478059999999999,18.464801000000001,0.030521,25.941516,1,1
3833,3.7128649999999999,0.59658900000000004,21.458364,18.448947,0.041974999999999998,25.982793000000001,1,1
3834,3.769018,0.64973899999999996,32.408456000000001,29.415312,0.031918000000000002,37.052174000000001,1,1
3835,3.6938680000000002,0.60161799999999999,21.830832000000001,18.769590999999998,0.035201000000000003,26.344432999999999,1,1
3836,3.8204210000000001,0.62829800000000002,13.68985,10.672750000000001,0.03108,18.356335999999999,1,1
3837,3.6819950000000001,0.59616999999999998,21.649032999999999,18.684104000000001,0.031220000000000001,26.138051000000001,1,1
3838,3.6606239999999999,0.58311000000000002,31.981164,29.010508999999999,0.033873,36.445807000000002,1,1
3839,3.6813660000000001,0.58932600000000002,18.876239000000002,15.849780000000001,0.031009999999999999,23.363371999999998,1,1
3840,3.6549670000000001,0.59197999999999995,18.926665,15.886448,0.030102,23.380064000000001,1,1
3841,3.6697730000000002,0.58876700000000004,13.646058999999999,10.584819,0.033454999999999999,18.120201000000002,1,1
3842,3.6829730000000001,0.59966299999999995,32.620426000000002,29.598856999999999,0.035688999999999999,37.12041,1,1
3843,3.6784330000000001,0.599383,16.369474,13.300901,0.031709000000000001,20.860657,1,1
3844,3.7142620000000002,0.62229199999999996,19.027238000000001,15.998613000000001,0.03108,23.595735999999999,1,1
3845,3.6518229999999998,0.616425,13.808510999999999,10.720801,0.035130000000000002,18.305700999999999,1,1
3846,3.7587510000000002,0.60560000000000003,13.743418999999999,10.666045,0.030380999999999998,18.322533,1,1
3847,3.68011,0.59414500000000003,16.238939999999999,13.205705999999999,0.030521,20.723628000000001,1,1
3848,3.5738099999999999,0.57249399999999995,24.134636,21.091833999999999,0.030589999999999999,28.492840000000001,1,1
3849,3.6780140000000001,0.57891999999999999,16.372337999999999,13.329046999999999,0.033804000000000001,20.836352000000002,1,1
3850,3.6498680000000001,0.61907900000000005,21.873853,18.827978999999999,0.033873,26.391297999999999,1,1
3851,3.6032839999999999,0.58946500000000002,19.101618999999999,16.012792000000001,0.034361999999999997,23.507805000000001,1,1
3852,3.6516839999999999,0.590723,21.948236000000001,18.886087,0.031848000000000001,26.403659999999999,1,1
3853,3.8020529999999999,0.61244299999999996,24.314478000000001,21.294445,0.031918000000000002,28.938082999999999,1,1
3854,3.6597149999999998,0.61523700000000003,13.920398,10.839672,0.031918000000000002,18.411721,1,1
3855,3.663208,0.62075499999999995,21.807085000000001,18.789216,0.030032,26.300573,1,1
3856,3.6896770000000001,0.59428499999999995,11.1189,8.0941170000000007,0.031498999999999999,15.615391000000001,1,1
3857,3.6516139999999999,0.59924299999999997,19.018158,15.990721000000001,0.030521,23.477074999999999,1,1
3858,3.7461799999999998,0.58897699999999997,24.610537999999998,21.544899000000001,0.038552000000000003,29.188186000000002,1,1
3859,3.6731950000000002,0.605599,16.54373,13.505328,0.030870000000000002,21.037845999999998,1,1
3860,3.7549800000000002,0.59379599999999999,21.828876000000001,18.827770000000001,0.031848000000000001,26.386828000000001,1,1
3861,3.6705410000000001,0.59393600000000002,29.729182000000002,26.672411,0.030032,34.205837000000002,1,1
3862,3.7321409999999999,0.589117,19.274757999999999,16.218965000000001,0.034641999999999999,23.813852000000001,1,1
3863,3.6604139999999998,0.61705299999999996,13.774497999999999,10.697474,0.031988000000000003,18.270081000000001,1,1
3864,3.7399640000000001,0.60064099999999998,13.784834999999999,10.768573,0.029753000000000002,18.335453999999999,1,1
3865,3.7378689999999999,0.61069799999999996,27.124217999999999,24.077923999999999,0.031498999999999999,31.686012000000002,1,1
3866,3.83439,0.597777,29.888839999999998,26.870412999999999,0.039460000000000002,34.554558,1,1
3867,3.7336779999999998,0.61153500000000005,16.420528000000001,13.342247,0.030102,20.987000999999999,1,1
3868,3.8435389999999998,0.62201200000000001,13.727145999999999,10.701874,0.031428999999999999,18.414584999999999,1,1
3869,3.7950689999999998,0.55705899999999997,16.134806000000001,13.17742,0.028844000000000002,20.691012000000001,1,1
3870,3.6301019999999999,0.59400500000000001,13.514896,10.489414999999999,0.038691999999999997,17.968015999999999,1,1
3871,3.6921919999999999,0.59861500000000001,21.705814,18.632701000000001,0.032336999999999998,26.226959000000001,1,1
3872,3.643373,0.60545899999999997,16.137319999999999,13.130277,0.030521,20.59477,1,1
3873,3.7899699999999998,0.584646,16.280425999999999,13.27918,0.037086000000000001,20.877628999999999,1,1
3874,3.7660140000000002,0.61977700000000002,16.150590000000001,13.168131000000001,0.032896000000000002,20.750306999999999,1,1
3875,3.5995819999999998,0.59896400000000005,16.229651,13.178118,0.037574999999999997,20.651969999999999,1,1
3876,3.736542,0.61202500000000004,18.967732000000002,15.915641000000001,0.031918000000000002,23.550827000000002,1,1
3877,3.8562500000000002,0.59204999999999997,34.398043000000001,31.466080000000002,0.029474,39.054122,1,1
3878,3.7463890000000002,0.60420200000000002,23.824189000000001,20.781037000000001,0.040647999999999997,28.395969000000001,1,1
3879,3.6857660000000001,0.59819599999999995,18.861084000000002,15.846776999999999,0.032266999999999997,23.36421,1,1
3880,3.8116219999999998,0.63423399999999996,36.930230999999999,33.901676000000002,0.033384999999999998,41.594620999999997,1,1
3881,3.6433019999999998,0.59253900000000004,26.275081,23.228507,0.039808999999999997,30.724986999999999,1,1
3882,3.6978490000000002,0.66475499999999998,21.494821999999999,18.450272999999999,0.043652000000000003,26.104037999999999,1,1
3883,3.752046,0.643872,26.533566,23.471765999999999,0.033943000000000001,31.147950000000002,1,1
3884,3.6623700000000001,0.61600600000000005,21.267137000000002,18.191509,0.031778000000000001,25.781019000000001,1,1
3885,3.7264140000000001,0.57577699999999998,18.692067000000002,15.585359,0.054896,23.230253999999999,1,1
3886,3.6713089999999999,0.59903399999999996,16.667560000000002,13.585785,0.031918000000000002,21.155529999999999,1,1
3887,3.7479960000000001,0.61167499999999997,24.138407000000001,21.104475000000001,0.031498999999999999,28.718988,1,1
3888,3.597836,0.62263999999999997,26.250077000000001,23.235980000000001,0.029124000000000001,30.674422,1,1
3889,3.7668529999999998,0.57102699999999995,21.432383000000002,18.350888999999999,0.036806999999999999,25.987611000000001,1,1
3890,3.6477719999999998,0.62166299999999997,31.797131,28.742455,0.032966000000000002,36.293761000000003,1,1
3891,3.667189,0.59973299999999996,21.546714000000001,18.509988,0.030450999999999999,26.026931999999999,1,1
3892,3.6359689999999998,0.62473500000000004,24.441870999999999,21.407378999999999,0.033943000000000001,28.928025000000002,1,1
3893,3.7716720000000001,0.61523700000000003,37.763933999999999,34.676921,0.036596999999999998,42.374267000000003,1,1
3894,3.663557,0.62396799999999997,16.537794000000002,13.447149,0.031428999999999999,21.046437000000001,1,1
3895,3.7445729999999999,0.59442399999999995,51.007353999999999,47.920969999999997,0.038692999999999998,55.567121999999998,1,1
3896,3.654058,0.603993,16.410122999999999,13.315427,0.031009999999999999,20.890059999999998,1,1
3897,3.66188,0.59512299999999996,27.086642999999999,24.006826,0.032405999999999997,31.553871000000001,1,1
3898,3.822238,0.59672899999999995,27.297426000000002,24.209226999999998,0.036736999999999999,31.937442000000001,1,1
3899,3.7577729999999998,0.61817,16.652263999999999,13.604573,0.030521,21.240877000000001,1,1
3900,3.7202679999999999,0.62962499999999999,16.593316999999999,13.503861000000001,0.030521,21.168869000000001,1,1
3901,3.655176,0.59561200000000003,16.577254,13.545557000000001,0.029822000000000001,21.038195999999999,1,1
3902,3.728021,0.60091899999999998,13.887433,10.817252,0.032335999999999997,18.431695999999999,1,1
3903,3.752815,0.58890699999999996,27.613671,24.561091000000001,0.038483000000000003,32.176721000000001,1,1
3904,3.7141229999999998,0.61600500000000002,24.669346000000001,21.590924000000001,0.032966000000000002,29.224084999999999,1,1
3905,3.6588769999999999,0.60476099999999999,13.910411,10.830802,0.030102,18.385041000000001,1,1
3906,3.6518229999999998,0.59177000000000002,27.412455999999999,24.349958999999998,0.042044999999999999,31.875703000000001,1,1
3907,3.6891189999999998,0.60615699999999995,24.74212,21.682206999999998,0.032475999999999998,29.253419000000001,1,1
3908,3.6436519999999999,0.61006899999999997,27.476780999999999,24.428182,0.030521,31.943169999999999,1,1
3909,3.7469480000000002,0.61237299999999995,30.198170000000001,27.200555000000001,0.034782,34.783011000000002,1,1
3910,3.654547,0.59449399999999997,22.141418000000002,19.052659999999999,0.037643999999999997,26.609204999999999,1,1
3911,3.647214,0.61076699999999995,22.251069999999999,19.119568999999998,0.033383999999999997,26.734082000000001,1,1
3912,3.6653030000000002,0.59505300000000005,29.982009000000001,26.899885999999999,0.031917000000000001,34.457548000000003,1,1
3913,3.6470039999999999,0.61712299999999998,13.939394999999999,10.938637999999999,0.030032,18.415911000000001,1,1
3914,3.6547559999999999,0.59149099999999999,24.775994000000001,21.632619999999999,0.036038000000000001,29.237843999999999,1,1
3915,3.7336079999999998,0.61935799999999996,13.9505,10.896663,0.031988000000000003,18.519068000000001,1,1
3916,3.654477,0.61838000000000004,19.276015000000001,16.203320000000001,0.030032,23.764544000000001,1,1
3917,3.793952,0.59295699999999996,22.089455999999998,18.965149,0.037574999999999997,26.697344999999999,1,1
3918,3.6792009999999999,0.62683100000000003,30.163457999999999,27.059335000000001,0.036179000000000003,34.692914999999999,1,1
3919,3.6499380000000001,0.60699599999999998,19.365062999999999,16.311295999999999,0.031219,23.8369,1,1
3920,3.6553849999999999,0.595472,24.821041999999998,21.738779000000001,0.033105000000000002,29.284148999999999,1,1
3921,3.662649,0.58953500000000003,13.921307000000001,10.841068,0.036736999999999999,18.395308,1,1
3922,3.6673979999999999,0.59302699999999997,16.595482000000001,13.522997999999999,0.031497999999999998,21.064247000000002,1,1
3923,3.6453980000000001,0.59889400000000004,13.751939,10.661924000000001,0.030032,18.203731999999999,1,1
3924,3.8291520000000001,0.597777,13.716739,10.678477000000001,0.029961999999999999,18.367370999999999,1,1
3925,3.6902370000000002,0.59400500000000001,21.889009999999999,18.829445,0.032966000000000002,26.414204999999999,1,1
3926,3.6430229999999999,0.59288799999999997,24.892489999999999,21.737940999999999,0.037156000000000002,29.350079999999998,1,1
3927,3.6556639999999998,0.61893900000000002,22.04776,18.986170000000001,0.034361999999999997,26.542296,1,1
3928,3.6410680000000002,0.59554099999999999,16.493863000000001,13.424799999999999,0.031009999999999999,20.942651999999999,1,1
3929,3.7419190000000002,0.61782199999999998,16.589407000000001,13.527398,0.030521,21.163702000000001,1,1
3930,3.7367509999999999,0.59693799999999997,13.920398,10.885838,0.048749000000000001,18.484776,1,1
3931,3.813717,0.62836700000000001,24.722635,21.652245000000001,0.039669999999999997,29.390029999999999,1,1
3932,3.8433989999999998,0.60441199999999995,19.366809,16.280635,0.039181000000000001,24.061093,1,1
3933,3.6611120000000001,0.61006899999999997,19.344390000000001,16.256121,0.031498999999999999,23.832919,1,1
3934,3.650147,0.59260800000000002,38.136749999999999,34.992676000000003,0.041834999999999997,42.627792999999997,1,1
3935,3.7572839999999998,0.63004400000000005,24.340389999999999,21.232845000000001,0.033803,28.951003,1,1
3936,3.625912,0.60378299999999996,25.147622999999999,22.01221,0.031918000000000002,29.594456000000001,1,1
3937,3.642604,0.59533199999999997,16.535837000000001,13.447429,0.030521,20.980367000000001,1,1
3938,3.8080599999999998,0.61621599999999999,16.479685,13.389739000000001,0.034361999999999997,21.120190000000001,1,1
3939,3.7546309999999998,0.59917299999999996,19.050007000000001,15.979198,0.031778000000000001,23.623253999999999,1,1
3940,3.654407,0.58499599999999996,21.879231999999998,18.80528,0.038134000000000001,26.338357999999999,1,1
3941,3.6604139999999998,0.594634,24.248269000000001,21.204280000000001,0.035758999999999999,28.722270999999999,1,1
3942,3.66174,0.61474799999999996,29.981590000000001,26.919301999999998,0.04002,34.480386000000003,1,1
3943,3.6588069999999999,0.60322399999999998,29.627911000000001,26.592931,0.031987000000000002,34.105266,1,1
3944,3.649867,0.57794199999999996,21.595464,18.554129,0.030032,26.030214999999998,1,1
3945,3.7922760000000002,0.55859599999999998,29.659338999999999,26.615769,0.040996999999999999,34.232657000000003,1,1
3946,3.7281599999999999,0.60427200000000003,25.151254000000002,22.104472000000001,0.034292000000000003,29.702223,1,1
3947,3.650566,0.59540300000000002,19.028984000000001,15.975705,0.031778000000000001,23.489366,1,1
3948,3.6555249999999999,0.58604299999999998,16.398109999999999,13.326184,0.064394000000000007,20.901166,1,1
3949,3.6638359999999999,0.62243099999999996,16.465436,13.393789999999999,0.030800000000000001,20.964442999999999,1,1
3950,3.7464590000000002,0.58213199999999998,21.870291000000002,18.840620000000001,0.038133,26.416022000000002,1,1
3951,3.727322,0.61733199999999999,16.404813999999998,13.370393999999999,0.03108,20.962627000000001,1,1
3952,3.646655,0.59177000000000002,19.464168999999998,16.347055000000001,0.030521,23.909884999999999,1,1
3953,3.6687949999999998,0.58834799999999998,13.773870000000001,10.72597,0.032896000000000002,18.243611999999999,1,1
3954,3.638763,0.59868500000000002,19.051542999999999,16.041986000000001,0.032896000000000002,23.500122000000001,1,1
3955,3.6284260000000002,0.60210699999999995,21.686188000000001,18.673348000000001,0.030380999999999998,26.150134000000001,1,1
3956,3.6931699999999998,0.58848699999999998,16.274768000000002,13.278480999999999,0.033383999999999997,20.792352000000001,1,1
3957,3.6664910000000002,0.62878599999999996,21.805897000000002,18.682638000000001,0.042324000000000001,26.332560999999998,1,1
3958,3.7242489999999999,0.60678600000000005,19.036107999999999,15.968442,0.030939999999999999,23.584771,1,1
3959,3.744084,0.60441199999999995,13.771216000000001,10.707601,0.030521,18.326165,1,1
3960,3.7350050000000001,0.58855800000000003,21.749745000000001,18.699470000000002,0.032896000000000002,26.287652999999999,1,1
3961,3.5592130000000002,0.58513599999999999,18.931065,15.899368000000001,0.049307999999999998,23.314902,1,1
3962,3.6856969999999998,0.62292000000000003,21.808761000000001,18.707781000000001,0.031498999999999999,26.346807999999999,1,1
3963,3.5702479999999999,0.58855800000000003,16.437639999999998,13.463702,0.034431999999999997,20.812954999999999,1,1
3964,3.6232579999999999,0.59798600000000002,24.221450000000001,21.167891999999998,0.035688999999999999,28.650963000000001,1,1
3965,3.718801,0.59721800000000003,13.727634999999999,10.668488999999999,0.030032,18.250456,1,1
3966,3.7213159999999998,0.58667199999999997,21.862190999999999,18.793896,0.037783999999999998,26.385641,1,1
3967,3.7321420000000001,0.59679899999999997,13.658770000000001,10.643067,0.031918000000000002,18.202894000000001,1,1
3968,3.651335,0.589256,19.599243000000001,16.475982999999999,0.031009999999999999,24.072547,1,1
3969,3.626401,0.63185999999999998,24.716000000000001,21.609292,0.031428999999999999,29.182668,1,1
3970,3.744783,0.58876700000000004,24.487127999999998,21.449914,0.037994,29.042846000000001,1,1
3971,3.7992590000000002,0.60252600000000001,21.698131,18.686199999999999,0.032406999999999998,26.317754000000001,1,1
3972,3.7000139999999999,0.58709100000000003,18.803813000000002,15.844892,0.030032,23.301770999999999,1,1
3973,3.6817859999999998,0.590723,21.956896,18.893421,0.031009999999999999,26.450244000000001,1,1
3974,3.7258550000000001,0.61265400000000003,24.661873,21.563127000000001,0.035758999999999999,29.224574,1,1
3975,3.7211759999999998,0.59861500000000001,13.717648000000001,10.685879999999999,0.030450999999999999,18.258348999999999,1,1
3976,3.5829589999999998,0.59009400000000001,13.830791,10.789037,0.028705000000000001,18.204221,1,1
3977,3.6006990000000001,0.62990400000000002,16.191727,13.306348,0.036457000000000003,20.655951000000002,1,1
3978,3.6773159999999998,0.59449399999999997,13.736784,10.657734,0.034223000000000003,18.238862000000001,1,1
3979,3.7509290000000002,0.59610099999999999,16.371010999999999,13.343852999999999,0.033803,20.936924000000001,1,1
3980,3.7261350000000002,0.59037300000000004,13.761507999999999,10.735049,0.031009999999999999,18.283491000000001,1,1
3981,3.7331889999999999,0.59239900000000001,13.652205,10.627841999999999,0.030311999999999999,18.189204,1,1
3982,3.7264840000000001,0.61363100000000004,21.749884999999999,18.734251,0.036039000000000002,26.332630000000002,1,1
3983,3.7998880000000002,0.59400600000000003,21.636811000000002,18.586953999999999,0.038691999999999997,26.253568999999999,1,1
3984,3.6534300000000002,0.60832299999999995,18.985612,15.985134,0.031918000000000002,23.462198999999998,1,1
3985,3.6910050000000001,0.59260900000000005,19.437000000000001,16.367169000000001,0.033384999999999998,23.943759,1,1
3986,3.7342369999999998,0.58988399999999996,21.69003,18.654001999999998,0.031498999999999999,26.223258000000001,1,1
3987,3.6503570000000001,0.58422799999999997,21.709865000000001,18.658822000000001,0.035549999999999998,26.157955999999999,1,1
3988,3.7232720000000001,0.59456399999999998,11.291479000000001,8.207611,0.029472999999999999,15.820587,1,1
3989,3.6312199999999999,0.60727600000000004,13.653321999999999,10.656407,0.028635000000000001,18.098898999999999,1,1
3990,3.6246550000000002,0.60036100000000003,24.271526000000001,21.200648000000001,0.032475999999999998,28.71808,1,1
3991,3.5710860000000002,0.59582199999999996,13.629087999999999,10.664508,0.037086000000000001,18.019348999999998,1,1
3992,3.707417,0.64729499999999995,33.193967999999998,30.086562000000001,0.037156000000000002,37.793477000000003,1,1
3993,3.6044010000000002,0.59477400000000002,13.518737,10.604374999999999,0.030032,17.938262999999999,1,1
3994,3.5974170000000001,0.61167499999999997,16.360954,13.263605,0.031008999999999998,20.784879,1,1
3995,3.6189279999999999,0.58960500000000005,23.981681999999999,20.978760000000001,0.036596999999999998,28.407982000000001,1,1
3996,3.6692840000000002,0.60462099999999996,22.018497,18.857451999999999,0.030939999999999999,26.532727000000001,1,1
3997,3.8800659999999998,0.59973299999999996,13.643196,10.622534,0.031498999999999999,18.336711000000001,1,1
3998,3.8549229999999999,0.59603099999999998,10.972861,7.9095250000000004,0.030032,15.637741,1,1
3999,3.744084,0.59309699999999999,10.977539999999999,7.8842420000000004,0.031918000000000002,15.525714000000001,1,1
4000,3.761825,0.59274800000000005,16.156455999999999,13.113725000000001,0.031708,20.717970999999999,1,1
4001,3.76783,0.62368800000000002,13.833864,10.786941000000001,0.034083000000000002,18.442032999999999,1,1
4002,3.6498680000000001,0.59121199999999996,21.665724000000001,18.572845999999998,0.031428999999999999,26.123943000000001,1,1
4003,3.6135489999999999,0.59470400000000001,13.535779,10.552412,0.030521,17.963197000000001,1,1
4004,3.6442800000000002,0.58660299999999999,13.753475999999999,10.643765,0.032825,18.208621000000001,1,1
4005,3.7402440000000001,0.58918700000000002,16.298375,13.262138,0.033454999999999999,20.841729999999998,1,1
4006,3.7344460000000002,0.61907900000000005,13.739019000000001,10.637759000000001,0.033105000000000002,18.320437999999999,1,1
4007,3.7340970000000002,0.59589099999999995,16.325543,13.311097999999999,0.031498999999999999,20.868480000000002,1,1
4008,3.6363880000000002,0.61488799999999999,16.351595,13.314519000000001,0.029333999999999999,20.820219000000002,1,1
4009,3.7628020000000002,0.60301499999999997,13.624548000000001,10.609472999999999,0.031988000000000003,18.205967000000001,1,1
4010,3.638344,0.594634,11.01721,7.9598120000000003,0.029613,15.459993000000001,1,1
4011,3.6393909999999998,0.59875500000000004,24.573941999999999,21.534213000000001,0.037994,29.033276999999998,1,1
4012,3.6326160000000001,0.62110399999999999,13.708707,10.657454,0.031988000000000003,18.178450000000002,1,1
4013,3.73759,0.58660199999999996,13.675183000000001,10.666115,0.029891999999999998,18.206246,1,1
4014,3.642115,0.59288799999999997,13.71199,10.71214,0.031988000000000003,18.159941,1,1
4015,3.7332589999999999,0.58541500000000002,35.351174999999998,32.306626999999999,0.042673000000000003,39.897184000000003,1,1
4016,3.6569910000000001,0.59896400000000005,11.125534999999999,8.0083520000000004,0.036735999999999998,15.618814,1,1
4017,3.932239,0.59875400000000001,13.892740999999999,10.830733,0.043790999999999997,18.664200000000001,1,1
4018,3.7579129999999998,0.61146599999999995,14.363545,11.164785999999999,0.040508000000000002,18.958024000000002,1,1
4019,3.9983789999999999,0.63220900000000002,17.072433,13.908455,0.038691999999999997,21.928470999999998,1,1
4020,3.7621039999999999,0.62047600000000003,14.245442000000001,11.124418,0.042044999999999999,18.886855000000001,1,1
4021,3.8110629999999999,0.62333899999999998,14.375628000000001,11.158080999999999,0.035340000000000003,19.036387000000001,1,1
4022,3.8195839999999999,0.62012599999999996,11.575177,8.4239110000000004,0.033383999999999997,16.233632,1,1
4023,3.9900679999999999,0.61789099999999997,17.238657,14.057708,0.037016,22.070388999999999,1,1
4024,3.7939509999999999,0.61747200000000002,33.291398000000001,30.183572999999999,0.043929999999999997,37.932392,1,1
4025,3.7905289999999998,0.62466600000000005,17.189138,13.956156999999999,0.039181000000000001,21.835581000000001,1,1
4026,3.9741430000000002,0.61719299999999999,19.663288000000001,16.581724000000001,0.037713999999999998,24.479934,1,1
4027,3.7336079999999998,0.589256,16.540237999999999,13.470966000000001,0.033383999999999997,21.079052999999998,1,1
4028,3.6074739999999998,0.61426000000000003,21.804500000000001,18.726987999999999,0.039251000000000001,26.246167,1,1
4029,3.6785730000000001,0.62215200000000004,11.181338,8.1226129999999994,0.031288999999999997,15.711283999999999,1,1
4030,3.9875530000000001,0.59456399999999998,13.716530000000001,10.661296,0.030939999999999999,18.526330999999999,1,1
4031,3.659017,0.58094500000000004,13.699,10.688744,0.030521,18.150721999999998,1,1
4032,3.5594929999999998,0.58345899999999995,19.024723000000002,15.963203,0.032686,23.381810000000002,1,1
4033,3.6974990000000001,0.59658900000000004,16.338604,13.266329000000001,0.034640999999999998,20.849831999999999,1,1
4034,3.7100010000000001,0.59526299999999999,16.589756000000001,13.510426000000001,0.032476999999999999,21.106850999999999,1,1
4035,3.6474929999999999,0.58904599999999996,21.743040000000001,18.663779999999999,0.043302,26.203702,1,1
4036,3.8674249999999999,0.60084899999999997,13.923821,10.818929000000001,0.043929999999999997,18.632631,1,1
4037,3.6698430000000002,0.59065299999999998,21.781523,18.689273,0.031497999999999998,26.257061,1,1
4038,3.6581790000000001,0.59812600000000005,19.182286999999999,16.134875999999998,0.037574999999999997,23.663761999999998,1,1
4039,3.792834,0.58555500000000005,16.380230000000001,13.349371,0.031918000000000002,20.970728000000001,1,1
4040,3.7344460000000002,0.588279,16.218755999999999,13.106251,0.030591,20.752821000000001,1,1
4041,3.6595759999999999,0.58855800000000003,18.900475,15.820098,0.031497999999999998,23.362463999999999,1,1
4042,3.6844399999999999,0.59281799999999996,16.544079,13.413765,0.034782,21.054468,1,1
4043,3.7844530000000001,0.61384099999999997,21.72963,18.674047999999999,0.032406999999999998,26.355888,1,1
4044,3.606217,0.61013899999999999,19.342434000000001,16.229651,0.029543,23.769711999999998,1,1
4045,3.72418,0.57626500000000003,16.209396000000002,13.158772000000001,0.031428999999999999,20.733476,1,1
4046,3.8143449999999999,0.58115499999999998,16.317931000000002,13.2789,0.037643999999999997,20.932245999999999,1,1
4047,3.735773,0.59561200000000003,19.135562,16.051134999999999,0.037156000000000002,23.691419,1,1
4048,3.8008660000000001,0.59128099999999995,18.761907999999998,15.756262,0.030521,23.371193999999999,1,1
4049,3.5874299999999999,0.55747800000000003,26.847505000000002,23.789546999999999,0.035688999999999999,31.20983,1,1
4050,3.7424089999999999,0.58017600000000003,21.313652000000001,18.307098,0.034780999999999999,25.842479999999998,1,1
4051,3.749393,0.60930099999999998,13.719184,10.610242,0.031008999999999998,18.293688,1,1
4052,3.7225730000000001,0.593866,24.386975,21.328738000000001,0.031428999999999999,28.915175000000001,1,1
4053,3.638204,0.58255199999999996,8.2852049999999995,5.2331839999999996,0.030800000000000001,12.712901,1,1
4054,3.597906,0.59882400000000002,18.855217,15.929261,0.029613,23.268457000000001,1,1
4055,3.5652189999999999,0.57668399999999997,13.654859,10.578602999999999,0.036318000000000003,18.027521,1,1
4056,3.7492529999999999,0.597777,16.445253000000001,13.38974,0.030032,21.006277999999998,1,1
4057,3.7355640000000001,0.58625300000000002,11.034461,7.9842560000000002,0.031009999999999999,15.56315,1,1
4058,3.720059,0.58590399999999998,13.652832999999999,10.589149000000001,0.043372000000000001,18.181242999999998,1,1
4059,3.8088280000000001,0.63493200000000005,13.695228,10.689861000000001,0.040508000000000002,18.357315,1,1
4060,3.7128649999999999,0.59079199999999998,16.341118999999999,13.277364,0.031918000000000002,20.852696000000002,1,1
4061,3.8123900000000002,0.62613300000000005,21.676969,18.625506999999999,0.033874000000000001,26.334446,1,1
4062,3.653918,0.58960500000000005,11.000798,7.9338300000000004,0.031708,15.456849999999999,1,1
4063,3.879229,0.62361800000000001,21.649452,18.575012000000001,0.031009999999999999,26.360288000000001,1,1
4064,3.683951,0.58604400000000001,16.311366,13.250544,0.030032,20.800104000000001,1,1
4065,3.5770919999999999,0.60462099999999996,13.750892,10.682877,0.035688999999999999,18.154145,1,1
4066,3.6527319999999999,0.58967499999999995,11.158918999999999,8.0860850000000006,0.030800000000000001,15.615671000000001,1,1
4067,3.6327569999999998,0.60231599999999996,13.409433999999999,10.359299,0.030102,17.856548,1,1
4068,3.6045400000000001,0.59554200000000002,18.731805999999999,15.733983,0.030032,23.143858999999999,1,1
4069,3.638344,0.56977,13.474387,10.414963,0.031498999999999999,17.885881999999999,1,1
4070,3.5994419999999998,0.59910399999999997,13.736993,10.715422999999999,0.032895000000000001,18.152678000000002,1,1
4071,3.6888399999999999,0.625085,16.440712999999999,13.363339,0.033105000000000002,20.988049,1,1
4072,3.7312340000000002,0.58387800000000001,34.915011999999997,31.855518,0.030939999999999999,39.443072000000001,1,1
4073,3.6487500000000002,0.59505300000000005,18.580598999999999,15.623423000000001,0.031219,23.026873999999999,1,1
4074,3.6680259999999998,0.58792900000000003,10.902599,7.9010740000000004,0.033873,15.373877999999999,1,1
4075,3.7544900000000001,0.62717999999999996,13.846854,10.759003999999999,0.033873,18.443708999999998,1,1
4076,3.6491690000000001,0.58911599999999997,16.221270000000001,13.189921999999999,0.031498999999999999,20.671945000000001,1,1
4077,3.8200729999999998,0.59568100000000002,16.304241999999999,13.270448999999999,0.035270000000000003,20.934270999999999,1,1
4078,3.6577600000000001,0.60245599999999999,13.750194,10.672471,0.051822,18.267917000000001,1,1
4079,3.6792720000000001,0.64394200000000001,16.479406000000001,13.377029,0.034780999999999999,21.029115999999998,1,1
4080,3.6521729999999999,0.60266600000000004,16.400344,13.354609,0.032826000000000001,20.86806,1,1
4081,3.7235510000000001,0.62278,27.422792999999999,23.192957,0.034292000000000003,31.987031000000002,1,1
4082,3.6960329999999999,0.590862,43.343392999999999,40.284317000000001,0.037784999999999999,47.846587999999997,1,1
4083,3.7389860000000001,0.597638,22.960664000000001,16.336787999999999,0.096870999999999999,27.596838999999999,1,1
4084,6.3384309999999999,1.83775,13.870042,10.733862,0.031219,22.293115,1,1
4085,6.7122950000000001,0.59121199999999996,29.651937,23.529456,0.034571999999999999,37.474367999999998,1,1
4086,3.8026819999999999,0.62229199999999996,13.792797,10.66395,0.032895000000000001,18.433790999999999,1,1
4087,3.7531639999999999,0.59149099999999999,16.993860999999999,13.844201,0.030870000000000002,21.550695999999999,1,1
4088,3.7197089999999999,0.59246900000000002,13.799013,10.700616999999999,0.032406999999999998,18.319808999999999,1,1
4089,3.833691,0.60608799999999996,19.536733999999999,16.392662000000001,0.031918000000000002,24.192883999999999,1,1
4090,3.7760720000000001,0.64757399999999998,14.150038,11.008829,0.035340000000000003,18.847884000000001,1,1
4091,3.8732220000000002,0.60280500000000004,11.411956999999999,8.2334510000000005,0.034292999999999997,16.114481000000001,1,1
4092,3.9351720000000001,0.60748500000000005,11.430255000000001,8.2597830000000005,0.032965000000000001,16.191725999999999,1,1
4093,3.9004599999999998,0.62934599999999996,11.421874000000001,8.3139800000000008,0.031848000000000001,16.173428000000001,1,1
4094,3.9583599999999999,0.61509800000000003,17.333501999999999,14.125734,0.032686,22.130033999999998,1,1
4095,3.809456,0.60015200000000002,16.908165,13.706752,0.034782,21.541336000000001,1,1
4096,3.8039390000000002,0.60504000000000002,14.328275,11.126582000000001,0.036318000000000003,18.961096999999999,1,1
4097,3.7508590000000002,0.62305999999999995,33.292026,30.276043000000001,0.031918000000000002,37.901172000000003,1,1
4098,3.6785030000000001,0.59540300000000002,16.402509999999999,13.333936,0.033383999999999997,20.913457999999999,1,1
4099,3.8639329999999998,0.60245599999999999,11.461614000000001,8.3299040000000009,0.034780999999999999,16.148425,1,1
4100,3.7652459999999999,0.65029800000000004,27.552349,22.555510999999999,0.037156000000000002,32.23001,1,1
4101,3.7271130000000001,0.62641199999999997,16.323727999999999,13.237064999999999,0.032476999999999999,20.886429,1,1
4102,3.8848159999999998,0.60636699999999999,14.172807000000001,11.029991000000001,0.046375,18.900963999999998,1,1
4103,3.8107139999999999,0.62005699999999997,11.323187000000001,8.1061300000000003,0.031498999999999999,16.001685999999999,1,1
4104,3.7871069999999998,0.61865899999999996,14.353488,11.183083999999999,0.031918000000000002,18.977650000000001,1,1
4105,3.817628,0.64051999999999998,16.746061000000001,13.581035999999999,0.035270000000000003,21.430147999999999,1,1
4106,3.7572839999999998,0.60504000000000002,21.964926999999999,18.824346999999999,0.032966000000000002,26.547813000000001,1,1
4107,3.7227830000000002,0.59505300000000005,27.407567,24.296669000000001,0.033454999999999999,31.936046000000001,1,1
4108,3.943273,0.62375800000000003,16.896152000000001,13.793426,0.032406999999999998,21.684583,1,1
4109,3.8346689999999999,0.62201200000000001,38.381126000000002,35.205764000000002,0.039878999999999998,43.065351999999997,1,1
4110,3.7995390000000002,0.62033499999999997,14.14082,10.91098,0.033314999999999997,18.811914999999999,1,1
4111,3.7801930000000001,0.61516700000000002,16.790690000000001,13.66799,0.033873,21.402072,1,1
4112,4.0031980000000003,0.61153599999999997,11.278489,8.1203079999999996,0.031498999999999999,16.111547999999999,1,1
4113,3.88761,0.615726,11.310057,8.1888229999999993,0.039530999999999997,16.085287000000001,1,1
4114,3.7666430000000002,0.62620200000000004,19.547768999999999,16.447907000000001,0.032475999999999998,24.160198000000001,1,1
4115,3.9788230000000002,0.62180199999999997,16.873313,13.730986,0.032686,21.69436,1,1
4116,3.8721040000000002,0.618031,25.547886999999999,22.297864000000001,0.036806999999999999,30.261725999999999,1,1
4117,3.833901,0.62285000000000001,27.777799000000002,24.683035,0.037574999999999997,32.459302000000001,1,1
4118,3.7305350000000002,0.599383,13.616655,10.570990999999999,0.031498999999999999,18.157775999999998,1,1
4119,3.7298369999999998,0.59197999999999995,14.003788999999999,10.916149000000001,0.031988000000000003,18.559367000000002,1,1
4120,3.7960470000000002,0.616564,19.603992000000002,16.493373999999999,0.032475999999999998,24.232834,1,1
4121,3.7901799999999999,0.62201200000000001,14.001275,10.867190000000001,0.031918000000000002,18.640943,1,1
4122,3.8228659999999999,0.60678600000000005,19.735503999999999,16.548898000000001,0.036248000000000002,24.387045000000001,1,1
4123,9.5566060000000004,0.61935799999999996,13.583970000000001,10.533345000000001,0.032965000000000001,23.973161999999999,1,1
4124,9.1620000000000008,0.63779600000000003,13.491569,10.54913,0.032896000000000002,23.510947999999999,1,1
4125,3.6567820000000002,0.62550499999999998,21.981829000000001,18.858709999999999,0.032965000000000001,26.490891999999999,1,1
4126,3.6680269999999999,0.59938400000000003,13.799151999999999,10.703620000000001,0.037296000000000003,18.282933,1,1
4127,3.9264410000000001,0.60092000000000001,14.089136,11.010436,0.031428999999999999,18.828538000000002,1,1
