transaction_id,weak_dimension,eigenvalues,eigenvectors
1,0,0;0;0;0;0;0,1;0;0;0;0;0;0;1;0;0;0;0;0;0;1;0;0;0;0;0;0;1;0;0;0;0;0;0;1;0;0;0;0;0;0;1
2,0,0;0;0;0;0;0,1;0;0;0;0;0;0;1;0;0;0;0;0;0;1;0;0;0;0;0;0;1;0;0;0;0;0;0;1;0;0;0;0;0;0;1
3,0,0;0;0;0;0;0,1;0;0;0;0;0;0;1;0;0;0;0;0;0;1;0;0;0;0;0;0;1;0;0;0;0;0;0;1;0;0;0;0;0;0;1
4,0,0;0;0;0;0;0,1;0;0;0;0;0;0;1;0;0;0;0;0;0;1;0;0;0;0;0;0;1;0;0;0;0;0;0;1;0;0;0;0;0;0;1
5,0,0;0;0;0;0;0,1;0;0;0;0;0;0;1;0;0;0;0;0;0;1;0;0;0;0;0;0;1;0;0;0;0;0;0;1;0;0;0;0;0;0;1
6,0,0;0;0;0;0;0,1;0;0;0;0;0;0;1;0;0;0;0;0;0;1;0;0;0;0;0;0;1;0;0;0;0;0;0;1;0;0;0;0;0;0;1
7,0,0;0;0;0;0;0,1;0;0;0;0;0;0;1;0;0;0;0;0;0;1;0;0;0;0;0;0;1;0;0;0;0;0;0;1;0;0;0;0;0;0;1
8,0,0;0;0;0;0;0,1;0;0;0;0;0;0;1;0;0;0;0;0;0;1;0;0;0;0;0;0;1;0;0;0;0;0;0;1;0;0;0;0;0;0;1
9,0,0;0;0;0;0;0,1;0;0;0;0;0;0;1;0;0;0;0;0;0;1;0;0;0;0;0;0;1;0;0;0;0;0;0;1;0;0;0;0;0;0;1
10,0,0;0;0;0;0;0,1;0;0;0;0;0;0;1;0;0;0;0;0;0;1;0;0;0;0;0;0;1;0;0;0;0;0;0;1;0;0;0;0;0;0;1
11,0,0;0;0;0;0;0,1;0;0;0;0;0;0;1;0;0;0;0;0;0;1;0;0;0;0;0;0;1;0;0;0;0;0;0;1;0;0;0;0;0;0;1
12,0,0;0;0;0;0;0,1;0;0;0;0;0;0;1;0;0;0;0;0;0;1;0;0;0;0;0;0;1;0;0;0;0;0;0;1;0;0;0;0;0;0;1
13,0,0;0;0;0;0;0,1;0;0;0;0;0;0;1;0;0;0;0;0;0;1;0;0;0;0;0;0;1;0;0;0;0;0;0;1;0;0;0;0;0;0;1
14,0,0;0;0;0;0;0,1;0;0;0;0;0;0;1;0;0;0;0;0;0;1;0;0;0;0;0;0;1;0;0;0;0;0;0;1;0;0;0;0;0;0;1
15,0,0;0;0;0;0;0,1;0;0;0;0;0;0;1;0;0;0;0;0;0;1;0;0;0;0;0;0;1;0;0;0;0;0;0;1;0;0;0;0;0;0;1
16,0,0;0;0;0;0;0,1;0;0;0;0;0;0;1;0;0;0;0;0;0;1;0;0;0;0;0;0;1;0;0;0;0;0;0;1;0;0;0;0;0;0;1
17,0,0;0;0;0;0;0,1;0;0;0;0;0;0;1;0;0;0;0;0;0;1;0;0;0;0;0;0;1;0;0;0;0;0;0;1;0;0;0;0;0;0;1
18,0,0;0;0;0;0;0,1;0;0;0;0;0;0;1;0;0;0;0;0;0;1;0;0;0;0;0;0;1;0;0;0;0;0;0;1;0;0;0;0;0;0;1
19,0,0;0;0;0;0;0,1;0;0;0;0;0;0;1;0;0;0;0;0;0;1;0;0;0;0;0;0;1;0;0;0;0;0;0;1;0;0;0;0;0;0;1
20,0,0;0;0;0;0;0,1;0;0;0;0;0;0;1;0;0;0;0;0;0;1;0;0;0;0;0;0;1;0;0;0;0;0;0;1;0;0;0;0;0;0;1
21,0,0;0;0;0;0;0,1;0;0;0;0;0;0;1;0;0;0;0;0;0;1;0;0;0;0;0;0;1;0;0;0;0;0;0;1;0;0;0;0;0;0;1
22,0,0;0;0;0;0;0,1;0;0;0;0;0;0;1;0;0;0;0;0;0;1;0;0;0;0;0;0;1;0;0;0;0;0;0;1;0;0;0;0;0;0;1
23,0,0;0;0;0;0;0,1;0;0;0;0;0;0;1;0;0;0;0;0;0;1;0;0;0;0;0;0;1;0;0;0;0;0;0;1;0;0;0;0;0;0;1
24,0,0;0;0;0;0;0,1;0;0;0;0;0;0;1;0;0;0;0;0;0;1;0;0;0;0;0;0;1;0;0;0;0;0;0;1;0;0;0;0;0;0;1
25,0,0;0;0;0;0;0,1;0;0;0;0;0;0;1;0;0;0;0;0;0;1;0;0;0;0;0;0;1;0;0;0;0;0;0;1;0;0;0;0;0;0;1
26,0,0;0;0;0;0;0,1;0;0;0;0;0;0;1;0;0;0;0;0;0;1;0;0;0;0;0;0;1;0;0;0;0;0;0;1;0;0;0;0;0;0;1
27,0,0;0;0;0;0;0,1;0;0;0;0;0;0;1;0;0;0;0;0;0;1;0;0;0;0;0;0;1;0;0;0;0;0;0;1;0;0;0;0;0;0;1
28,0,0;0;0;0;0;0,1;0;0;0;0;0;0;1;0;0;0;0;0;0;1;0;0;0;0;0;0;1;0;0;0;0;0;0;1;0;0;0;0;0;0;1
29,0,0;0;0;0;0;0,1;0;0;0;0;0;0;1;0;0;0;0;0;0;1;0;0;0;0;0;0;1;0;0;0;0;0;0;1;0;0;0;0;0;0;1
30,0,0;0;0;0;0;0,1;0;0;0;0;0;0;1;0;0;0;0;0;0;1;0;0;0;0;0;0;1;0;0;0;0;0;0;1;0;0;0;0;0;0;1
31,0,0;0;0;0;0;0,1;0;0;0;0;0;0;1;0;0;0;0;0;0;1;0;0;0;0;0;0;1;0;0;0;0;0;0;1;0;0;0;0;0;0;1
32,0,0;0;0;0;0;0,1;0;0;0;0;0;0;1;0;0;0;0;0;0;1;0;0;0;0;0;0;1;0;0;0;0;0;0;1;0;0;0;0;0;0;1
33,0,0;0;0;0;0;0,1;0;0;0;0;0;0;1;0;0;0;0;0;0;1;0;0;0;0;0;0;1;0;0;0;0;0;0;1;0;0;0;0;0;0;1
34,0,0;0;0;0;0;0,1;0;0;0;0;0;0;1;0;0;0;0;0;0;1;0;0;0;0;0;0;1;0;0;0;0;0;0;1;0;0;0;0;0;0;1
35,0,0;0;0;0;0;0,1;0;0;0;0;0;0;1;0;0;0;0;0;0;1;0;0;0;0;0;0;1;0;0;0;0;0;0;1;0;0;0;0;0;0;1
36,0,0;0;0;0;0;0,1;0;0;0;0;0;0;1;0;0;0;0;0;0;1;0;0;0;0;0;0;1;0;0;0;0;0;0;1;0;0;0;0;0;0;1
37,0,0;0;0;0;0;0,1;0;0;0;0;0;0;1;0;0;0;0;0;0;1;0;0;0;0;0;0;1;0;0;0;0;0;0;1;0;0;0;0;0;0;1
38,0,0;0;0;0;0;0,1;0;0;0;0;0;0;1;0;0;0;0;0;0;1;0;0;0;0;0;0;1;0;0;0;0;0;0;1;0;0;0;0;0;0;1
39,0,0;0;0;0;0;0,1;0;0;0;0;0;0;1;0;0;0;0;0;0;1;0;0;0;0;0;0;1;0;0;0;0;0;0;1;0;0;0;0;0;0;1
40,0,0;0;0;0;0;0,1;0;0;0;0;0;0;1;0;0;0;0;0;0;1;0;0;0;0;0;0;1;0;0;0;0;0;0;1;0;0;0;0;0;0;1
41,0,0;0;0;0;0;0,1;0;0;0;0;0;0;1;0;0;0;0;0;0;1;0;0;0;0;0;0;1;0;0;0;0;0;0;1;0;0;0;0;0;0;1
42,0,0;0;0;0;0;0,1;0;0;0;0;0;0;1;0;0;0;0;0;0;1;0;0;0;0;0;0;1;0;0;0;0;0;0;1;0;0;0;0;0;0;1
43,0,0;0;0;0;0;0,1;0;0;0;0;0;0;1;0;0;0;0;0;0;1;0;0;0;0;0;0;1;0;0;0;0;0;0;1;0;0;0;0;0;0;1
44,0,0;0;0;0;0;0,1;0;0;0;0;0;0;1;0;0;0;0;0;0;1;0;0;0;0;0;0;1;0;0;0;0;0;0;1;0;0;0;0;0;0;1
45,0,0;0;0;0;0;0,1;0;0;0;0;0;0;1;0;0;0;0;0;0;1;0;0;0;0;0;0;1;0;0;0;0;0;0;1;0;0;0;0;0;0;1
46,0,0;0;0;0;0;0,1;0;0;0;0;0;0;1;0;0;0;0;0;0;1;0;0;0;0;0;0;1;0;0;0;0;0;0;1;0;0;0;0;0;0;1
47,0,0;0;0;0;0;0,1;0;0;0;0;0;0;1;0;0;0;0;0;0;1;0;0;0;0;0;0;1;0;0;0;0;0;0;1;0;0;0;0;0;0;1
48,0,0;0;0;0;0;0,1;0;0;0;0;0;0;1;0;0;0;0;0;0;1;0;0;0;0;0;0;1;0;0;0;0;0;0;1;0;0;0;0;0;0;1
49,0,0;0;0;0;0;0,1;0;0;0;0;0;0;1;0;0;0;0;0;0;1;0;0;0;0;0;0;1;0;0;0;0;0;0;1;0;0;0;0;0;0;1
50,0,0;0;0;0;0;0,1;0;0;0;0;0;0;1;0;0;0;0;0;0;1;0;0;0;0;0;0;1;0;0;0;0;0;0;1;0;0;0;0;0;0;1
51,0,0;0;0;0;0;0,1;0;0;0;0;0;0;1;0;0;0;0;0;0;1;0;0;0;0;0;0;1;0;0;0;0;0;0;1;0;0;0;0;0;0;1
52,0,0;0;0;0;0;0,1;0;0;0;0;0;0;1;0;0;0;0;0;0;1;0;0;0;0;0;0;1;0;0;0;0;0;0;1;0;0;0;0;0;0;1
53,0,0;0;0;0;0;0,1;0;0;0;0;0;0;1;0;0;0;0;0;0;1;0;0;0;0;0;0;1;0;0;0;0;0;0;1;0;0;0;0;0;0;1
54,0,0;0;0;0;0;0,1;0;0;0;0;0;0;1;0;0;0;0;0;0;1;0;0;0;0;0;0;1;0;0;0;0;0;0;1;0;0;0;0;0;0;1
55,0,0;0;0;0;0;0,1;0;0;0;0;0;0;1;0;0;0;0;0;0;1;0;0;0;0;0;0;1;0;0;0;0;0;0;1;0;0;0;0;0;0;1
56,0,0;0;0;0;0;0,1;0;0;0;0;0;0;1;0;0;0;0;0;0;1;0;0;0;0;0;0;1;0;0;0;0;0;0;1;0;0;0;0;0;0;1
57,0,0;0;0;0;0;0,1;0;0;0;0;0;0;1;0;0;0;0;0;0;1;0;0;0;0;0;0;1;0;0;0;0;0;0;1;0;0;0;0;0;0;1
58,0,0;0;0;0;0;0,1;0;0;0;0;0;0;1;0;0;0;0;0;0;1;0;0;0;0;0;0;1;0;0;0;0;0;0;1;0;0;0;0;0;0;1
59,0,0;0;0;0;0;0,1;0;0;0;0;0;0;1;0;0;0;0;0;0;1;0;0;0;0;0;0;1;0;0;0;0;0;0;1;0;0;0;0;0;0;1
60,0,0;0;0;0;0;0,1;0;0;0;0;0;0;1;0;0;0;0;0;0;1;0;0;0;0;0;0;1;0;0;0;0;0;0;1;0;0;0;0;0;0;1
61,0,0;0;0;0;0;0,1;0;0;0;0;0;0;1;0;0;0;0;0;0;1;0;0;0;0;0;0;1;0;0;0;0;0;0;1;0;0;0;0;0;0;1
62,0,0;0;0;0;0;0,1;0;0;0;0;0;0;1;0;0;0;0;0;0;1;0;0;0;0;0;0;1;0;0;0;0;0;0;1;0;0;0;0;0;0;1
63,0,0;0;0;0;0;0,1;0;0;0;0;0;0;1;0;0;0;0;0;0;1;0;0;0;0;0;0;1;0;0;0;0;0;0;1;0;0;0;0;0;0;1
64,0,0;0;0;0;0;0,1;0;0;0;0;0;0;1;0;0;0;0;0;0;1;0;0;0;0;0;0;1;0;0;0;0;0;0;1;0;0;0;0;0;0;1
65,0,0;0;0;0;0;0,1;0;0;0;0;0;0;1;0;0;0;0;0;0;1;0;0;0;0;0;0;1;0;0;0;0;0;0;1;0;0;0;0;0;0;1
66,0,0;0;0;0;0;0,1;0;0;0;0;0;0;1;0;0;0;0;0;0;1;0;0;0;0;0;0;1;0;0;0;0;0;0;1;0;0;0;0;0;0;1
67,0,0;0;0;0;0;0,1;0;0;0;0;0;0;1;0;0;0;0;0;0;1;0;0;0;0;0;0;1;0;0;0;0;0;0;1;0;0;0;0;0;0;1
68,0,0;0;0;0;0;0,1;0;0;0;0;0;0;1;0;0;0;0;0;0;1;0;0;0;0;0;0;1;0;0;0;0;0;0;1;0;0;0;0;0;0;1
69,0,0;0;0;0;0;0,1;0;0;0;0;0;0;1;0;0;0;0;0;0;1;0;0;0;0;0;0;1;0;0;0;0;0;0;1;0;0;0;0;0;0;1
70,0,0;0;0;0;0;0,1;0;0;0;0;0;0;1;0;0;0;0;0;0;1;0;0;0;0;0;0;1;0;0;0;0;0;0;1;0;0;0;0;0;0;1
71,0,0;0;0;0;0;0,1;0;0;0;0;0;0;1;0;0;0;0;0;0;1;0;0;0;0;0;0;1;0;0;0;0;0;0;1;0;0;0;0;0;0;1
72,0,0;0;0;0;0;0,1;0;0;0;0;0;0;1;0;0;0;0;0;0;1;0;0;0;0;0;0;1;0;0;0;0;0;0;1;0;0;0;0;0;0;1
73,0,0;0;0;0;0;0,1;0;0;0;0;0;0;1;0;0;0;0;0;0;1;0;0;0;0;0;0;1;0;0;0;0;0;0;1;0;0;0;0;0;0;1
74,0,0;0;0;0;0;0,1;0;0;0;0;0;0;1;0;0;0;0;0;0;1;0;0;0;0;0;0;1;0;0;0;0;0;0;1;0;0;0;0;0;0;1
75,0,0;0;0;0;0;0,1;0;0;0;0;0;0;1;0;0;0;0;0;0;1;0;0;0;0;0;0;1;0;0;0;0;0;0;1;0;0;0;0;0;0;1
76,0,0;0;0;0;0;0,1;0;0;0;0;0;0;1;0;0;0;0;0;0;1;0;0;0;0;0;0;1;0;0;0;0;0;0;1;0;0;0;0;0;0;1
77,0,0;0;0;0;0;0,1;0;0;0;0;0;0;1;0;0;0;0;0;0;1;0;0;0;0;0;0;1;0;0;0;0;0;0;1;0;0;0;0;0;0;1
78,0,0;0;0;0;0;0,1;0;0;0;0;0;0;1;0;0;0;0;0;0;1;0;0;0;0;0;0;1;0;0;0;0;0;0;1;0;0;0;0;0;0;1
79,0,0;0;0;0;0;0,1;0;0;0;0;0;0;1;0;0;0;0;0;0;1;0;0;0;0;0;0;1;0;0;0;0;0;0;1;0;0;0;0;0;0;1
80,0,0;0;0;0;0;0,1;0;0;0;0;0;0;1;0;0;0;0;0;0;1;0;0;0;0;0;0;1;0;0;0;0;0;0;1;0;0;0;0;0;0;1
81,0,0;0;0;0;0;0,1;0;0;0;0;0;0;1;0;0;0;0;0;0;1;0;0;0;0;0;0;1;0;0;0;0;0;0;1;0;0;0;0;0;0;1
82,0,0;0;0;0;0;0,1;0;0;0;0;0;0;1;0;0;0;0;0;0;1;0;0;0;0;0;0;1;0;0;0;0;0;0;1;0;0;0;0;0;0;1
83,0,0;0;0;0;0;0,1;0;0;0;0;0;0;1;0;0;0;0;0;0;1;0;0;0;0;0;0;1;0;0;0;0;0;0;1;0;0;0;0;0;0;1
84,0,0;0;0;0;0;0,1;0;0;0;0;0;0;1;0;0;0;0;0;0;1;0;0;0;0;0;0;1;0;0;0;0;0;0;1;0;0;0;0;0;0;1
85,0,0;0;0;0;0;0,1;0;0;0;0;0;0;1;0;0;0;0;0;0;1;0;0;0;0;0;0;1;0;0;0;0;0;0;1;0;0;0;0;0;0;1
86,0,0;0;0;0;0;0,1;0;0;0;0;0;0;1;0;0;0;0;0;0;1;0;0;0;0;0;0;1;0;0;0;0;0;0;1;0;0;0;0;0;0;1
87,0,0;0;0;0;0;0,1;0;0;0;0;0;0;1;0;0;0;0;0;0;1;0;0;0;0;0;0;1;0;0;0;0;0;0;1;0;0;0;0;0;0;1
88,0,0;0;0;0;0;0,1;0;0;0;0;0;0;1;0;0;0;0;0;0;1;0;0;0;0;0;0;1;0;0;0;0;0;0;1;0;0;0;0;0;0;1
89,0,0;0;0;0;0;0,1;0;0;0;0;0;0;1;0;0;0;0;0;0;1;0;0;0;0;0;0;1;0;0;0;0;0;0;1;0;0;0;0;0;0;1
90,0,0;0;0;0;0;0,1;0;0;0;0;0;0;1;0;0;0;0;0;0;1;0;0;0;0;0;0;1;0;0;0;0;0;0;1;0;0;0;0;0;0;1
91,0,0;0;0;0;0;0,1;0;0;0;0;0;0;1;0;0;0;0;0;0;1;0;0;0;0;0;0;1;0;0;0;0;0;0;1;0;0;0;0;0;0;1
92,0,0;0;0;0;0;0,1;0;0;0;0;0;0;1;0;0;0;0;0;0;1;0;0;0;0;0;0;1;0;0;0;0;0;0;1;0;0;0;0;0;0;1
93,0,0;0;0;0;0;0,1;0;0;0;0;0;0;1;0;0;0;0;0;0;1;0;0;0;0;0;0;1;0;0;0;0;0;0;1;0;0;0;0;0;0;1
94,0,0;0;0;0;0;0,1;0;0;0;0;0;0;1;0;0;0;0;0;0;1;0;0;0;0;0;0;1;0;0;0;0;0;0;1;0;0;0;0;0;0;1
95,0,0;0;0;0;0;0,1;0;0;0;0;0;0;1;0;0;0;0;0;0;1;0;0;0;0;0;0;1;0;0;0;0;0;0;1;0;0;0;0;0;0;1
96,0,0;0;0;0;0;0,1;0;0;0;0;0;0;1;0;0;0;0;0;0;1;0;0;0;0;0;0;1;0;0;0;0;0;0;1;0;0;0;0;0;0;1
97,0,0;0;0;0;0;0,1;0;0;0;0;0;0;1;0;0;0;0;0;0;1;0;0;0;0;0;0;1;0;0;0;0;0;0;1;0;0;0;0;0;0;1
98,0,0;0;0;0;0;0,1;0;0;0;0;0;0;1;0;0;0;0;0;0;1;0;0;0;0;0;0;1;0;0;0;0;0;0;1;0;0;0;0;0;0;1
99,0,0;0;0;0;0;0,1;0;0;0;0;0;0;1;0;0;0;0;0;0;1;0;0;0;0;0;0;1;0;0;0;0;0;0;1;0;0;0;0;0;0;1
100,0,0;0;0;0;0;0,1;0;0;0;0;0;0;1;0;0;0;0;0;0;1;0;0;0;0;0;0;1;0;0;0;0;0;0;1;0;0;0;0;0;0;1
101,0,0;0;0;0;0;0,1;0;0;0;0;0;0;1;0;0;0;0;0;0;1;0;0;0;0;0;0;1;0;0;0;0;0;0;1;0;0;0;0;0;0;1
102,0,0;0;0;0;0;0,1;0;0;0;0;0;0;1;0;0;0;0;0;0;1;0;0;0;0;0;0;1;0;0;0;0;0;0;1;0;0;0;0;0;0;1
103,0,0;0;0;0;0;0,1;0;0;0;0;0;0;1;0;0;0;0;0;0;1;0;0;0;0;0;0;1;0;0;0;0;0;0;1;0;0;0;0;0;0;1
104,0,0;0;0;0;0;0,1;0;0;0;0;0;0;1;0;0;0;0;0;0;1;0;0;0;0;0;0;1;0;0;0;0;0;0;1;0;0;0;0;0;0;1
105,0,0;0;0;0;0;0,1;0;0;0;0;0;0;1;0;0;0;0;0;0;1;0;0;0;0;0;0;1;0;0;0;0;0;0;1;0;0;0;0;0;0;1
106,0,0;0;0;0;0;0,1;0;0;0;0;0;0;1;0;0;0;0;0;0;1;0;0;0;0;0;0;1;0;0;0;0;0;0;1;0;0;0;0;0;0;1
107,0,0;0;0;0;0;0,1;0;0;0;0;0;0;1;0;0;0;0;0;0;1;0;0;0;0;0;0;1;0;0;0;0;0;0;1;0;0;0;0;0;0;1
108,0,0;0;0;0;0;0,1;0;0;0;0;0;0;1;0;0;0;0;0;0;1;0;0;0;0;0;0;1;0;0;0;0;0;0;1;0;0;0;0;0;0;1
109,0,0;0;0;0;0;0,1;0;0;0;0;0;0;1;0;0;0;0;0;0;1;0;0;0;0;0;0;1;0;0;0;0;0;0;1;0;0;0;0;0;0;1
110,0,0;0;0;0;0;0,1;0;0;0;0;0;0;1;0;0;0;0;0;0;1;0;0;0;0;0;0;1;0;0;0;0;0;0;1;0;0;0;0;0;0;1
111,0,0;0;0;0;0;0,1;0;0;0;0;0;0;1;0;0;0;0;0;0;1;0;0;0;0;0;0;1;0;0;0;0;0;0;1;0;0;0;0;0;0;1
112,0,0;0;0;0;0;0,1;0;0;0;0;0;0;1;0;0;0;0;0;0;1;0;0;0;0;0;0;1;0;0;0;0;0;0;1;0;0;0;0;0;0;1
113,0,0;0;0;0;0;0,1;0;0;0;0;0;0;1;0;0;0;0;0;0;1;0;0;0;0;0;0;1;0;0;0;0;0;0;1;0;0;0;0;0;0;1
114,0,0;0;0;0;0;0,1;0;0;0;0;0;0;1;0;0;0;0;0;0;1;0;0;0;0;0;0;1;0;0;0;0;0;0;1;0;0;0;0;0;0;1
115,0,0;0;0;0;0;0,1;0;0;0;0;0;0;1;0;0;0;0;0;0;1;0;0;0;0;0;0;1;0;0;0;0;0;0;1;0;0;0;0;0;0;1
116,0,0;0;0;0;0;0,1;0;0;0;0;0;0;1;0;0;0;0;0;0;1;0;0;0;0;0;0;1;0;0;0;0;0;0;1;0;0;0;0;0;0;1
117,0,0;0;0;0;0;0,1;0;0;0;0;0;0;1;0;0;0;0;0;0;1;0;0;0;0;0;0;1;0;0;0;0;0;0;1;0;0;0;0;0;0;1
118,0,0;0;0;0;0;0,1;0;0;0;0;0;0;1;0;0;0;0;0;0;1;0;0;0;0;0;0;1;0;0;0;0;0;0;1;0;0;0;0;0;0;1
119,0,0;0;0;0;0;0,1;0;0;0;0;0;0;1;0;0;0;0;0;0;1;0;0;0;0;0;0;1;0;0;0;0;0;0;1;0;0;0;0;0;0;1
120,0,0;0;0;0;0;0,1;0;0;0;0;0;0;1;0;0;0;0;0;0;1;0;0;0;0;0;0;1;0;0;0;0;0;0;1;0;0;0;0;0;0;1
121,0,0;0;0;0;0;0,1;0;0;0;0;0;0;1;0;0;0;0;0;0;1;0;0;0;0;0;0;1;0;0;0;0;0;0;1;0;0;0;0;0;0;1
122,0,0;0;0;0;0;0,1;0;0;0;0;0;0;1;0;0;0;0;0;0;1;0;0;0;0;0;0;1;0;0;0;0;0;0;1;0;0;0;0;0;0;1
123,0,0;0;0;0;0;0,1;0;0;0;0;0;0;1;0;0;0;0;0;0;1;0;0;0;0;0;0;1;0;0;0;0;0;0;1;0;0;0;0;0;0;1
124,0,0;0;0;0;0;0,1;0;0;0;0;0;0;1;0;0;0;0;0;0;1;0;0;0;0;0;0;1;0;0;0;0;0;0;1;0;0;0;0;0;0;1
125,0,0;0;0;0;0;0,1;0;0;0;0;0;0;1;0;0;0;0;0;0;1;0;0;0;0;0;0;1;0;0;0;0;0;0;1;0;0;0;0;0;0;1
126,0,0;0;0;0;0;0,1;0;0;0;0;0;0;1;0;0;0;0;0;0;1;0;0;0;0;0;0;1;0;0;0;0;0;0;1;0;0;0;0;0;0;1
127,0,0;0;0;0;0;0,1;0;0;0;0;0;0;1;0;0;0;0;0;0;1;0;0;0;0;0;0;1;0;0;0;0;0;0;1;0;0;0;0;0;0;1
128,0,0;0;0;0;0;0,1;0;0;0;0;0;0;1;0;0;0;0;0;0;1;0;0;0;0;0;0;1;0;0;0;0;0;0;1;0;0;0;0;0;0;1
129,0,0;0;0;0;0;0,1;0;0;0;0;0;0;1;0;0;0;0;0;0;1;0;0;0;0;0;0;1;0;0;0;0;0;0;1;0;0;0;0;0;0;1
130,0,0;0;0;0;0;0,1;0;0;0;0;0;0;1;0;0;0;0;0;0;1;0;0;0;0;0;0;1;0;0;0;0;0;0;1;0;0;0;0;0;0;1
131,0,0;0;0;0;0;0,1;0;0;0;0;0;0;1;0;0;0;0;0;0;1;0;0;0;0;0;0;1;0;0;0;0;0;0;1;0;0;0;0;0;0;1
132,0,0;0;0;0;0;0,1;0;0;0;0;0;0;1;0;0;0;0;0;0;1;0;0;0;0;0;0;1;0;0;0;0;0;0;1;0;0;0;0;0;0;1
133,0,0;0;0;0;0;0,1;0;0;0;0;0;0;1;0;0;0;0;0;0;1;0;0;0;0;0;0;1;0;0;0;0;0;0;1;0;0;0;0;0;0;1
134,0,0;0;0;0;0;0,1;0;0;0;0;0;0;1;0;0;0;0;0;0;1;0;0;0;0;0;0;1;0;0;0;0;0;0;1;0;0;0;0;0;0;1
135,0,0;0;0;0;0;0,1;0;0;0;0;0;0;1;0;0;0;0;0;0;1;0;0;0;0;0;0;1;0;0;0;0;0;0;1;0;0;0;0;0;0;1
136,0,0;0;0;0;0;0,1;0;0;0;0;0;0;1;0;0;0;0;0;0;1;0;0;0;0;0;0;1;0;0;0;0;0;0;1;0;0;0;0;0;0;1
137,0,0;0;0;0;0;0,1;0;0;0;0;0;0;1;0;0;0;0;0;0;1;0;0;0;0;0;0;1;0;0;0;0;0;0;1;0;0;0;0;0;0;1
138,0,0;0;0;0;0;0,1;0;0;0;0;0;0;1;0;0;0;0;0;0;1;0;0;0;0;0;0;1;0;0;0;0;0;0;1;0;0;0;0;0;0;1
139,0,0;0;0;0;0;0,1;0;0;0;0;0;0;1;0;0;0;0;0;0;1;0;0;0;0;0;0;1;0;0;0;0;0;0;1;0;0;0;0;0;0;1
140,0,0;0;0;0;0;0,1;0;0;0;0;0;0;1;0;0;0;0;0;0;1;0;0;0;0;0;0;1;0;0;0;0;0;0;1;0;0;0;0;0;0;1
141,0,0;0;0;0;0;0,1;0;0;0;0;0;0;1;0;0;0;0;0;0;1;0;0;0;0;0;0;1;0;0;0;0;0;0;1;0;0;0;0;0;0;1
142,0,0;0;0;0;0;0,1;0;0;0;0;0;0;1;0;0;0;0;0;0;1;0;0;0;0;0;0;1;0;0;0;0;0;0;1;0;0;0;0;0;0;1
143,0,0;0;0;0;0;0,1;0;0;0;0;0;0;1;0;0;0;0;0;0;1;0;0;0;0;0;0;1;0;0;0;0;0;0;1;0;0;0;0;0;0;1
144,0,0;0;0;0;0;0,1;0;0;0;0;0;0;1;0;0;0;0;0;0;1;0;0;0;0;0;0;1;0;0;0;0;0;0;1;0;0;0;0;0;0;1
145,0,0;0;0;0;0;0,1;0;0;0;0;0;0;1;0;0;0;0;0;0;1;0;0;0;0;0;0;1;0;0;0;0;0;0;1;0;0;0;0;0;0;1
146,0,0;0;0;0;0;0,1;0;0;0;0;0;0;1;0;0;0;0;0;0;1;0;0;0;0;0;0;1;0;0;0;0;0;0;1;0;0;0;0;0;0;1
147,0,0;0;0;0;0;0,1;0;0;0;0;0;0;1;0;0;0;0;0;0;1;0;0;0;0;0;0;1;0;0;0;0;0;0;1;0;0;0;0;0;0;1
148,0,0;0;0;0;0;0,1;0;0;0;0;0;0;1;0;0;0;0;0;0;1;0;0;0;0;0;0;1;0;0;0;0;0;0;1;0;0;0;0;0;0;1
149,0,0;0;0;0;0;0,1;0;0;0;0;0;0;1;0;0;0;0;0;0;1;0;0;0;0;0;0;1;0;0;0;0;0;0;1;0;0;0;0;0;0;1
150,0,0;0;0;0;0;0,1;0;0;0;0;0;0;1;0;0;0;0;0;0;1;0;0;0;0;0;0;1;0;0;0;0;0;0;1;0;0;0;0;0;0;1
151,0,0;0;0;0;0;0,1;0;0;0;0;0;0;1;0;0;0;0;0;0;1;0;0;0;0;0;0;1;0;0;0;0;0;0;1;0;0;0;0;0;0;1
152,0,0;0;0;0;0;0,1;0;0;0;0;0;0;1;0;0;0;0;0;0;1;0;0;0;0;0;0;1;0;0;0;0;0;0;1;0;0;0;0;0;0;1
153,0,0;0;0;0;0;0,1;0;0;0;0;0;0;1;0;0;0;0;0;0;1;0;0;0;0;0;0;1;0;0;0;0;0;0;1;0;0;0;0;0;0;1
154,0,0;0;0;0;0;0,1;0;0;0;0;0;0;1;0;0;0;0;0;0;1;0;0;0;0;0;0;1;0;0;0;0;0;0;1;0;0;0;0;0;0;1
155,0,0;0;0;0;0;0,1;0;0;0;0;0;0;1;0;0;0;0;0;0;1;0;0;0;0;0;0;1;0;0;0;0;0;0;1;0;0;0;0;0;0;1
156,0,0;0;0;0;0;0,1;0;0;0;0;0;0;1;0;0;0;0;0;0;1;0;0;0;0;0;0;1;0;0;0;0;0;0;1;0;0;0;0;0;0;1
157,0,0;0;0;0;0;0,1;0;0;0;0;0;0;1;0;0;0;0;0;0;1;0;0;0;0;0;0;1;0;0;0;0;0;0;1;0;0;0;0;0;0;1
158,0,0;0;0;0;0;0,1;0;0;0;0;0;0;1;0;0;0;0;0;0;1;0;0;0;0;0;0;1;0;0;0;0;0;0;1;0;0;0;0;0;0;1
159,0,0;0;0;0;0;0,1;0;0;0;0;0;0;1;0;0;0;0;0;0;1;0;0;0;0;0;0;1;0;0;0;0;0;0;1;0;0;0;0;0;0;1
160,0,0;0;0;0;0;0,1;0;0;0;0;0;0;1;0;0;0;0;0;0;1;0;0;0;0;0;0;1;0;0;0;0;0;0;1;0;0;0;0;0;0;1
161,0,0;0;0;0;0;0,1;0;0;0;0;0;0;1;0;0;0;0;0;0;1;0;0;0;0;0;0;1;0;0;0;0;0;0;1;0;0;0;0;0;0;1
162,0,0;0;0;0;0;0,1;0;0;0;0;0;0;1;0;0;0;0;0;0;1;0;0;0;0;0;0;1;0;0;0;0;0;0;1;0;0;0;0;0;0;1
163,0,0;0;0;0;0;0,1;0;0;0;0;0;0;1;0;0;0;0;0;0;1;0;0;0;0;0;0;1;0;0;0;0;0;0;1;0;0;0;0;0;0;1
164,0,0;0;0;0;0;0,1;0;0;0;0;0;0;1;0;0;0;0;0;0;1;0;0;0;0;0;0;1;0;0;0;0;0;0;1;0;0;0;0;0;0;1
165,0,0;0;0;0;0;0,1;0;0;0;0;0;0;1;0;0;0;0;0;0;1;0;0;0;0;0;0;1;0;0;0;0;0;0;1;0;0;0;0;0;0;1
166,0,0;0;0;0;0;0,1;0;0;0;0;0;0;1;0;0;0;0;0;0;1;0;0;0;0;0;0;1;0;0;0;0;0;0;1;0;0;0;0;0;0;1
167,0,0;0;0;0;0;0,1;0;0;0;0;0;0;1;0;0;0;0;0;0;1;0;0;0;0;0;0;1;0;0;0;0;0;0;1;0;0;0;0;0;0;1
168,0,0;0;0;0;0;0,1;0;0;0;0;0;0;1;0;0;0;0;0;0;1;0;0;0;0;0;0;1;0;0;0;0;0;0;1;0;0;0;0;0;0;1
169,0,0;0;0;0;0;0,1;0;0;0;0;0;0;1;0;0;0;0;0;0;1;0;0;0;0;0;0;1;0;0;0;0;0;0;1;0;0;0;0;0;0;1
170,0,0;0;0;0;0;0,1;0;0;0;0;0;0;1;0;0;0;0;0;0;1;0;0;0;0;0;0;1;0;0;0;0;0;0;1;0;0;0;0;0;0;1
171,0,0;0;0;0;0;0,1;0;0;0;0;0;0;1;0;0;0;0;0;0;1;0;0;0;0;0;0;1;0;0;0;0;0;0;1;0;0;0;0;0;0;1
172,0,0;0;0;0;0;0,1;0;0;0;0;0;0;1;0;0;0;0;0;0;1;0;0;0;0;0;0;1;0;0;0;0;0;0;1;0;0;0;0;0;0;1
173,0,0;0;0;0;0;0,1;0;0;0;0;0;0;1;0;0;0;0;0;0;1;0;0;0;0;0;0;1;0;0;0;0;0;0;1;0;0;0;0;0;0;1
174,0,0;0;0;0;0;0,1;0;0;0;0;0;0;1;0;0;0;0;0;0;1;0;0;0;0;0;0;1;0;0;0;0;0;0;1;0;0;0;0;0;0;1
175,0,0;0;0;0;0;0,1;0;0;0;0;0;0;1;0;0;0;0;0;0;1;0;0;0;0;0;0;1;0;0;0;0;0;0;1;0;0;0;0;0;0;1
176,0,0;0;0;0;0;0,1;0;0;0;0;0;0;1;0;0;0;0;0;0;1;0;0;0;0;0;0;1;0;0;0;0;0;0;1;0;0;0;0;0;0;1
177,0,0;0;0;0;0;0,1;0;0;0;0;0;0;1;0;0;0;0;0;0;1;0;0;0;0;0;0;1;0;0;0;0;0;0;1;0;0;0;0;0;0;1
178,0,0;0;0;0;0;0,1;0;0;0;0;0;0;1;0;0;0;0;0;0;1;0;0;0;0;0;0;1;0;0;0;0;0;0;1;0;0;0;0;0;0;1
179,0,0;0;0;0;0;0,1;0;0;0;0;0;0;1;0;0;0;0;0;0;1;0;0;0;0;0;0;1;0;0;0;0;0;0;1;0;0;0;0;0;0;1
180,0,0;0;0;0;0;0,1;0;0;0;0;0;0;1;0;0;0;0;0;0;1;0;0;0;0;0;0;1;0;0;0;0;0;0;1;0;0;0;0;0;0;1
181,0,0;0;0;0;0;0,1;0;0;0;0;0;0;1;0;0;0;0;0;0;1;0;0;0;0;0;0;1;0;0;0;0;0;0;1;0;0;0;0;0;0;1
182,0,0;0;0;0;0;0,1;0;0;0;0;0;0;1;0;0;0;0;0;0;1;0;0;0;0;0;0;1;0;0;0;0;0;0;1;0;0;0;0;0;0;1
183,0,0;0;0;0;0;0,1;0;0;0;0;0;0;1;0;0;0;0;0;0;1;0;0;0;0;0;0;1;0;0;0;0;0;0;1;0;0;0;0;0;0;1
184,0,0;0;0;0;0;0,1;0;0;0;0;0;0;1;0;0;0;0;0;0;1;0;0;0;0;0;0;1;0;0;0;0;0;0;1;0;0;0;0;0;0;1
185,0,0;0;0;0;0;0,1;0;0;0;0;0;0;1;0;0;0;0;0;0;1;0;0;0;0;0;0;1;0;0;0;0;0;0;1;0;0;0;0;0;0;1
186,0,0;0;0;0;0;0,1;0;0;0;0;0;0;1;0;0;0;0;0;0;1;0;0;0;0;0;0;1;0;0;0;0;0;0;1;0;0;0;0;0;0;1
187,0,0;0;0;0;0;0,1;0;0;0;0;0;0;1;0;0;0;0;0;0;1;0;0;0;0;0;0;1;0;0;0;0;0;0;1;0;0;0;0;0;0;1
188,0,0;0;0;0;0;0,1;0;0;0;0;0;0;1;0;0;0;0;0;0;1;0;0;0;0;0;0;1;0;0;0;0;0;0;1;0;0;0;0;0;0;1
189,0,0;0;0;0;0;0,1;0;0;0;0;0;0;1;0;0;0;0;0;0;1;0;0;0;0;0;0;1;0;0;0;0;0;0;1;0;0;0;0;0;0;1
190,0,0;0;0;0;0;0,1;0;0;0;0;0;0;1;0;0;0;0;0;0;1;0;0;0;0;0;0;1;0;0;0;0;0;0;1;0;0;0;0;0;0;1
191,0,0;0;0;0;0;0,1;0;0;0;0;0;0;1;0;0;0;0;0;0;1;0;0;0;0;0;0;1;0;0;0;0;0;0;1;0;0;0;0;0;0;1
192,0,0;0;0;0;0;0,1;0;0;0;0;0;0;1;0;0;0;0;0;0;1;0;0;0;0;0;0;1;0;0;0;0;0;0;1;0;0;0;0;0;0;1
193,0,0;0;0;0;0;0,1;0;0;0;0;0;0;1;0;0;0;0;0;0;1;0;0;0;0;0;0;1;0;0;0;0;0;0;1;0;0;0;0;0;0;1
194,0,0;0;0;0;0;0,1;0;0;0;0;0;0;1;0;0;0;0;0;0;1;0;0;0;0;0;0;1;0;0;0;0;0;0;1;0;0;0;0;0;0;1
195,0,0;0;0;0;0;0,1;0;0;0;0;0;0;1;0;0;0;0;0;0;1;0;0;0;0;0;0;1;0;0;0;0;0;0;1;0;0;0;0;0;0;1
196,0,0;0;0;0;0;0,1;0;0;0;0;0;0;1;0;0;0;0;0;0;1;0;0;0;0;0;0;1;0;0;0;0;0;0;1;0;0;0;0;0;0;1
197,0,0;0;0;0;0;0,1;0;0;0;0;0;0;1;0;0;0;0;0;0;1;0;0;0;0;0;0;1;0;0;0;0;0;0;1;0;0;0;0;0;0;1
198,0,0;0;0;0;0;0,1;0;0;0;0;0;0;1;0;0;0;0;0;0;1;0;0;0;0;0;0;1;0;0;0;0;0;0;1;0;0;0;0;0;0;1
199,0,0;0;0;0;0;0,1;0;0;0;0;0;0;1;0;0;0;0;0;0;1;0;0;0;0;0;0;1;0;0;0;0;0;0;1;0;0;0;0;0;0;1
200,0,0;0;0;0;0;0,1;0;0;0;0;0;0;1;0;0;0;0;0;0;1;0;0;0;0;0;0;1;0;0;0;0;0;0;1;0;0;0;0;0;0;1
201,0,0;0;0;0;0;0,1;0;0;0;0;0;0;1;0;0;0;0;0;0;1;0;0;0;0;0;0;1;0;0;0;0;0;0;1;0;0;0;0;0;0;1
202,0,0;0;0;0;0;0,1;0;0;0;0;0;0;1;0;0;0;0;0;0;1;0;0;0;0;0;0;1;0;0;0;0;0;0;1;0;0;0;0;0;0;1
203,0,0;0;0;0;0;0,1;0;0;0;0;0;0;1;0;0;0;0;0;0;1;0;0;0;0;0;0;1;0;0;0;0;0;0;1;0;0;0;0;0;0;1
204,0,0;0;0;0;0;0,1;0;0;0;0;0;0;1;0;0;0;0;0;0;1;0;0;0;0;0;0;1;0;0;0;0;0;0;1;0;0;0;0;0;0;1
205,0,0;0;0;0;0;0,1;0;0;0;0;0;0;1;0;0;0;0;0;0;1;0;0;0;0;0;0;1;0;0;0;0;0;0;1;0;0;0;0;0;0;1
206,0,0;0;0;0;0;0,1;0;0;0;0;0;0;1;0;0;0;0;0;0;1;0;0;0;0;0;0;1;0;0;0;0;0;0;1;0;0;0;0;0;0;1
207,0,0;0;0;0;0;0,1;0;0;0;0;0;0;1;0;0;0;0;0;0;1;0;0;0;0;0;0;1;0;0;0;0;0;0;1;0;0;0;0;0;0;1
208,0,0;0;0;0;0;0,1;0;0;0;0;0;0;1;0;0;0;0;0;0;1;0;0;0;0;0;0;1;0;0;0;0;0;0;1;0;0;0;0;0;0;1
209,0,0;0;0;0;0;0,1;0;0;0;0;0;0;1;0;0;0;0;0;0;1;0;0;0;0;0;0;1;0;0;0;0;0;0;1;0;0;0;0;0;0;1
210,2,2.8562352845376728;3.0949519213672607;4.3620379905710571;28.198134745322715;574.78786483313127;635.62177293980744,-0.99534528512964859;-0.056000278180200008;-0.078297602522392262;0.0045425598718399707;-0.00075320876191655979;-0.00012441678356275241;-0.074775331472339432;-0.064403668141099144;0.99277560219818384;-0.066418873431519102;0.0028600971887726479;-0.015419925725025704;0.06075444728266928;-0.99585838221477829;-0.061556637611087144;-0.022921179954846639;0.015811222976585822;0.0032225473496934431;0.00085177591951719766;-0.025713639006765199;0.064596273212685698;0.99486975011138923;0.072854108600511558;-0.0095845660919817791;0.0018154155463213431;-0.01785307815123699;0.0034209748586173806;0.069113155871507251;-0.97855507635890859;-0.1931828227758049;0.0011353646704711576;0.0015150299769870496;-0.017102277723893951;-0.022362242959031598;0.19199869567487138;-0.98098947939153636
211,0,0;0;0;0;0;0,1;0;0;0;0;0;0;1;0;0;0;0;0;0;1;0;0;0;0;0;0;1;0;0;0;0;0;0;1;0;0;0;0;0;0;1
212,0,0;0;0;0;0;0,1;0;0;0;0;0;0;1;0;0;0;0;0;0;1;0;0;0;0;0;0;1;0;0;0;0;0;0;1;0;0;0;0;0;0;1
213,0,0;0;0;0;0;0,1;0;0;0;0;0;0;1;0;0;0;0;0;0;1;0;0;0;0;0;0;1;0;0;0;0;0;0;1;0;0;0;0;0;0;1
214,0,0;0;0;0;0;0,1;0;0;0;0;0;0;1;0;0;0;0;0;0;1;0;0;0;0;0;0;1;0;0;0;0;0;0;1;0;0;0;0;0;0;1
215,0,0;0;0;0;0;0,1;0;0;0;0;0;0;1;0;0;0;0;0;0;1;0;0;0;0;0;0;1;0;0;0;0;0;0;1;0;0;0;0;0;0;1
216,2,2.8980069027521229;3.3319496175768002;4.556438382022896;26.539726645067979;560.3039934567023;616.53652724714368,-0.99159890095833392;-0.095769197348138671;-0.086875865294553684;0.0031179297837593419;-0.0016322589198109745;-0.00028059137966433741;-0.079943319185942871;-0.073554604648176411;0.99062801656589261;-0.081848320601433211;0.0015825897118482879;-0.012380083676566763;0.10162161762017582;-0.99231163704071845;-0.066912414433416667;-0.01727809225528441;0.014592925145308727;0.0013801029816401613;-0.0019125106470485066;-0.021729234598385255;0.079977729754972762;0.99323328502334751;0.079894391338537832;-0.015240510634774284;0.0029801804314998986;-0.016128057042408252;0.0055069299527574899;0.077011665368690224;-0.98981824698411724;-0.11844711629059579;0.0010922433969272145;0.0018226650043496955;-0.014306714663896153;-0.023440208520352081;0.11687002116137282;-0.99276520768529763
217,0,0;0;0;0;0;0,1;0;0;0;0;0;0;1;0;0;0;0;0;0;1;0;0;0;0;0;0;1;0;0;0;0;0;0;1;0;0;0;0;0;0;1
218,0,0;0;0;0;0;0,1;0;0;0;0;0;0;1;0;0;0;0;0;0;1;0;0;0;0;0;0;1;0;0;0;0;0;0;1;0;0;0;0;0;0;1
219,0,0;0;0;0;0;0,1;0;0;0;0;0;0;1;0;0;0;0;0;0;1;0;0;0;0;0;0;1;0;0;0;0;0;0;1;0;0;0;0;0;0;1
220,0,0;0;0;0;0;0,1;0;0;0;0;0;0;1;0;0;0;0;0;0;1;0;0;0;0;0;0;1;0;0;0;0;0;0;1;0;0;0;0;0;0;1
221,0,0;0;0;0;0;0,1;0;0;0;0;0;0;1;0;0;0;0;0;0;1;0;0;0;0;0;0;1;0;0;0;0;0;0;1;0;0;0;0;0;0;1
222,0,0;0;0;0;0;0,1;0;0;0;0;0;0;1;0;0;0;0;0;0;1;0;0;0;0;0;0;1;0;0;0;0;0;0;1;0;0;0;0;0;0;1
223,0,0;0;0;0;0;0,1;0;0;0;0;0;0;1;0;0;0;0;0;0;1;0;0;0;0;0;0;1;0;0;0;0;0;0;1;0;0;0;0;0;0;1
224,0,0;0;0;0;0;0,1;0;0;0;0;0;0;1;0;0;0;0;0;0;1;0;0;0;0;0;0;1;0;0;0;0;0;0;1;0;0;0;0;0;0;1
225,0,0;0;0;0;0;0,1;0;0;0;0;0;0;1;0;0;0;0;0;0;1;0;0;0;0;0;0;1;0;0;0;0;0;0;1;0;0;0;0;0;0;1
226,0,0;0;0;0;0;0,1;0;0;0;0;0;0;1;0;0;0;0;0;0;1;0;0;0;0;0;0;1;0;0;0;0;0;0;1;0;0;0;0;0;0;1
227,0,0;0;0;0;0;0,1;0;0;0;0;0;0;1;0;0;0;0;0;0;1;0;0;0;0;0;0;1;0;0;0;0;0;0;1;0;0;0;0;0;0;1
228,0,0;0;0;0;0;0,1;0;0;0;0;0;0;1;0;0;0;0;0;0;1;0;0;0;0;0;0;1;0;0;0;0;0;0;1;0;0;0;0;0;0;1
229,0,0;0;0;0;0;0,1;0;0;0;0;0;0;1;0;0;0;0;0;0;1;0;0;0;0;0;0;1;0;0;0;0;0;0;1;0;0;0;0;0;0;1
230,0,0;0;0;0;0;0,1;0;0;0;0;0;0;1;0;0;0;0;0;0;1;0;0;0;0;0;0;1;0;0;0;0;0;0;1;0;0;0;0;0;0;1
231,0,0;0;0;0;0;0,1;0;0;0;0;0;0;1;0;0;0;0;0;0;1;0;0;0;0;0;0;1;0;0;0;0;0;0;1;0;0;0;0;0;0;1
232,0,0;0;0;0;0;0,1;0;0;0;0;0;0;1;0;0;0;0;0;0;1;0;0;0;0;0;0;1;0;0;0;0;0;0;1;0;0;0;0;0;0;1
233,0,0;0;0;0;0;0,1;0;0;0;0;0;0;1;0;0;0;0;0;0;1;0;0;0;0;0;0;1;0;0;0;0;0;0;1;0;0;0;0;0;0;1
234,0,0;0;0;0;0;0,1;0;0;0;0;0;0;1;0;0;0;0;0;0;1;0;0;0;0;0;0;1;0;0;0;0;0;0;1;0;0;0;0;0;0;1
235,0,0;0;0;0;0;0,1;0;0;0;0;0;0;1;0;0;0;0;0;0;1;0;0;0;0;0;0;1;0;0;0;0;0;0;1;0;0;0;0;0;0;1
236,0,0;0;0;0;0;0,1;0;0;0;0;0;0;1;0;0;0;0;0;0;1;0;0;0;0;0;0;1;0;0;0;0;0;0;1;0;0;0;0;0;0;1
237,0,0;0;0;0;0;0,1;0;0;0;0;0;0;1;0;0;0;0;0;0;1;0;0;0;0;0;0;1;0;0;0;0;0;0;1;0;0;0;0;0;0;1
238,0,0;0;0;0;0;0,1;0;0;0;0;0;0;1;0;0;0;0;0;0;1;0;0;0;0;0;0;1;0;0;0;0;0;0;1;0;0;0;0;0;0;1
239,0,0;0;0;0;0;0,1;0;0;0;0;0;0;1;0;0;0;0;0;0;1;0;0;0;0;0;0;1;0;0;0;0;0;0;1;0;0;0;0;0;0;1
240,0,0;0;0;0;0;0,1;0;0;0;0;0;0;1;0;0;0;0;0;0;1;0;0;0;0;0;0;1;0;0;0;0;0;0;1;0;0;0;0;0;0;1
241,0,0;0;0;0;0;0,1;0;0;0;0;0;0;1;0;0;0;0;0;0;1;0;0;0;0;0;0;1;0;0;0;0;0;0;1;0;0;0;0;0;0;1
242,0,0;0;0;0;0;0,1;0;0;0;0;0;0;1;0;0;0;0;0;0;1;0;0;0;0;0;0;1;0;0;0;0;0;0;1;0;0;0;0;0;0;1
243,0,0;0;0;0;0;0,1;0;0;0;0;0;0;1;0;0;0;0;0;0;1;0;0;0;0;0;0;1;0;0;0;0;0;0;1;0;0;0;0;0;0;1
244,0,0;0;0;0;0;0,1;0;0;0;0;0;0;1;0;0;0;0;0;0;1;0;0;0;0;0;0;1;0;0;0;0;0;0;1;0;0;0;0;0;0;1
245,0,0;0;0;0;0;0,1;0;0;0;0;0;0;1;0;0;0;0;0;0;1;0;0;0;0;0;0;1;0;0;0;0;0;0;1;0;0;0;0;0;0;1
246,0,0;0;0;0;0;0,1;0;0;0;0;0;0;1;0;0;0;0;0;0;1;0;0;0;0;0;0;1;0;0;0;0;0;0;1;0;0;0;0;0;0;1
247,0,0;0;0;0;0;0,1;0;0;0;0;0;0;1;0;0;0;0;0;0;1;0;0;0;0;0;0;1;0;0;0;0;0;0;1;0;0;0;0;0;0;1
248,0,0;0;0;0;0;0,1;0;0;0;0;0;0;1;0;0;0;0;0;0;1;0;0;0;0;0;0;1;0;0;0;0;0;0;1;0;0;0;0;0;0;1
249,0,0;0;0;0;0;0,1;0;0;0;0;0;0;1;0;0;0;0;0;0;1;0;0;0;0;0;0;1;0;0;0;0;0;0;1;0;0;0;0;0;0;1
250,0,0;0;0;0;0;0,1;0;0;0;0;0;0;1;0;0;0;0;0;0;1;0;0;0;0;0;0;1;0;0;0;0;0;0;1;0;0;0;0;0;0;1
251,0,0;0;0;0;0;0,1;0;0;0;0;0;0;1;0;0;0;0;0;0;1;0;0;0;0;0;0;1;0;0;0;0;0;0;1;0;0;0;0;0;0;1
252,0,0;0;0;0;0;0,1;0;0;0;0;0;0;1;0;0;0;0;0;0;1;0;0;0;0;0;0;1;0;0;0;0;0;0;1;0;0;0;0;0;0;1
253,0,0;0;0;0;0;0,1;0;0;0;0;0;0;1;0;0;0;0;0;0;1;0;0;0;0;0;0;1;0;0;0;0;0;0;1;0;0;0;0;0;0;1
254,0,0;0;0;0;0;0,1;0;0;0;0;0;0;1;0;0;0;0;0;0;1;0;0;0;0;0;0;1;0;0;0;0;0;0;1;0;0;0;0;0;0;1
255,0,0;0;0;0;0;0,1;0;0;0;0;0;0;1;0;0;0;0;0;0;1;0;0;0;0;0;0;1;0;0;0;0;0;0;1;0;0;0;0;0;0;1
256,0,0;0;0;0;0;0,1;0;0;0;0;0;0;1;0;0;0;0;0;0;1;0;0;0;0;0;0;1;0;0;0;0;0;0;1;0;0;0;0;0;0;1
257,0,0;0;0;0;0;0,1;0;0;0;0;0;0;1;0;0;0;0;0;0;1;0;0;0;0;0;0;1;0;0;0;0;0;0;1;0;0;0;0;0;0;1
258,0,0;0;0;0;0;0,1;0;0;0;0;0;0;1;0;0;0;0;0;0;1;0;0;0;0;0;0;1;0;0;0;0;0;0;1;0;0;0;0;0;0;1
259,0,0;0;0;0;0;0,1;0;0;0;0;0;0;1;0;0;0;0;0;0;1;0;0;0;0;0;0;1;0;0;0;0;0;0;1;0;0;0;0;0;0;1
260,0,0;0;0;0;0;0,1;0;0;0;0;0;0;1;0;0;0;0;0;0;1;0;0;0;0;0;0;1;0;0;0;0;0;0;1;0;0;0;0;0;0;1
261,0,0;0;0;0;0;0,1;0;0;0;0;0;0;1;0;0;0;0;0;0;1;0;0;0;0;0;0;1;0;0;0;0;0;0;1;0;0;0;0;0;0;1
262,0,0;0;0;0;0;0,1;0;0;0;0;0;0;1;0;0;0;0;0;0;1;0;0;0;0;0;0;1;0;0;0;0;0;0;1;0;0;0;0;0;0;1
263,0,0;0;0;0;0;0,1;0;0;0;0;0;0;1;0;0;0;0;0;0;1;0;0;0;0;0;0;1;0;0;0;0;0;0;1;0;0;0;0;0;0;1
264,0,0;0;0;0;0;0,1;0;0;0;0;0;0;1;0;0;0;0;0;0;1;0;0;0;0;0;0;1;0;0;0;0;0;0;1;0;0;0;0;0;0;1
265,0,0;0;0;0;0;0,1;0;0;0;0;0;0;1;0;0;0;0;0;0;1;0;0;0;0;0;0;1;0;0;0;0;0;0;1;0;0;0;0;0;0;1
266,0,0;0;0;0;0;0,1;0;0;0;0;0;0;1;0;0;0;0;0;0;1;0;0;0;0;0;0;1;0;0;0;0;0;0;1;0;0;0;0;0;0;1
267,0,0;0;0;0;0;0,1;0;0;0;0;0;0;1;0;0;0;0;0;0;1;0;0;0;0;0;0;1;0;0;0;0;0;0;1;0;0;0;0;0;0;1
268,0,0;0;0;0;0;0,1;0;0;0;0;0;0;1;0;0;0;0;0;0;1;0;0;0;0;0;0;1;0;0;0;0;0;0;1;0;0;0;0;0;0;1
269,0,0;0;0;0;0;0,1;0;0;0;0;0;0;1;0;0;0;0;0;0;1;0;0;0;0;0;0;1;0;0;0;0;0;0;1;0;0;0;0;0;0;1
270,0,0;0;0;0;0;0,1;0;0;0;0;0;0;1;0;0;0;0;0;0;1;0;0;0;0;0;0;1;0;0;0;0;0;0;1;0;0;0;0;0;0;1
271,0,0;0;0;0;0;0,1;0;0;0;0;0;0;1;0;0;0;0;0;0;1;0;0;0;0;0;0;1;0;0;0;0;0;0;1;0;0;0;0;0;0;1
272,0,0;0;0;0;0;0,1;0;0;0;0;0;0;1;0;0;0;0;0;0;1;0;0;0;0;0;0;1;0;0;0;0;0;0;1;0;0;0;0;0;0;1
273,0,0;0;0;0;0;0,1;0;0;0;0;0;0;1;0;0;0;0;0;0;1;0;0;0;0;0;0;1;0;0;0;0;0;0;1;0;0;0;0;0;0;1
274,0,0;0;0;0;0;0,1;0;0;0;0;0;0;1;0;0;0;0;0;0;1;0;0;0;0;0;0;1;0;0;0;0;0;0;1;0;0;0;0;0;0;1
275,0,0;0;0;0;0;0,1;0;0;0;0;0;0;1;0;0;0;0;0;0;1;0;0;0;0;0;0;1;0;0;0;0;0;0;1;0;0;0;0;0;0;1
276,0,0;0;0;0;0;0,1;0;0;0;0;0;0;1;0;0;0;0;0;0;1;0;0;0;0;0;0;1;0;0;0;0;0;0;1;0;0;0;0;0;0;1
277,0,0;0;0;0;0;0,1;0;0;0;0;0;0;1;0;0;0;0;0;0;1;0;0;0;0;0;0;1;0;0;0;0;0;0;1;0;0;0;0;0;0;1
278,0,0;0;0;0;0;0,1;0;0;0;0;0;0;1;0;0;0;0;0;0;1;0;0;0;0;0;0;1;0;0;0;0;0;0;1;0;0;0;0;0;0;1
279,0,0;0;0;0;0;0,1;0;0;0;0;0;0;1;0;0;0;0;0;0;1;0;0;0;0;0;0;1;0;0;0;0;0;0;1;0;0;0;0;0;0;1
280,0,0;0;0;0;0;0,1;0;0;0;0;0;0;1;0;0;0;0;0;0;1;0;0;0;0;0;0;1;0;0;0;0;0;0;1;0;0;0;0;0;0;1
281,0,0;0;0;0;0;0,1;0;0;0;0;0;0;1;0;0;0;0;0;0;1;0;0;0;0;0;0;1;0;0;0;0;0;0;1;0;0;0;0;0;0;1
282,0,0;0;0;0;0;0,1;0;0;0;0;0;0;1;0;0;0;0;0;0;1;0;0;0;0;0;0;1;0;0;0;0;0;0;1;0;0;0;0;0;0;1
283,0,0;0;0;0;0;0,1;0;0;0;0;0;0;1;0;0;0;0;0;0;1;0;0;0;0;0;0;1;0;0;0;0;0;0;1;0;0;0;0;0;0;1
284,0,0;0;0;0;0;0,1;0;0;0;0;0;0;1;0;0;0;0;0;0;1;0;0;0;0;0;0;1;0;0;0;0;0;0;1;0;0;0;0;0;0;1
285,0,0;0;0;0;0;0,1;0;0;0;0;0;0;1;0;0;0;0;0;0;1;0;0;0;0;0;0;1;0;0;0;0;0;0;1;0;0;0;0;0;0;1
286,0,0;0;0;0;0;0,1;0;0;0;0;0;0;1;0;0;0;0;0;0;1;0;0;0;0;0;0;1;0;0;0;0;0;0;1;0;0;0;0;0;0;1
287,0,0;0;0;0;0;0,1;0;0;0;0;0;0;1;0;0;0;0;0;0;1;0;0;0;0;0;0;1;0;0;0;0;0;0;1;0;0;0;0;0;0;1
288,0,0;0;0;0;0;0,1;0;0;0;0;0;0;1;0;0;0;0;0;0;1;0;0;0;0;0;0;1;0;0;0;0;0;0;1;0;0;0;0;0;0;1
289,0,0;0;0;0;0;0,1;0;0;0;0;0;0;1;0;0;0;0;0;0;1;0;0;0;0;0;0;1;0;0;0;0;0;0;1;0;0;0;0;0;0;1
290,0,0;0;0;0;0;0,1;0;0;0;0;0;0;1;0;0;0;0;0;0;1;0;0;0;0;0;0;1;0;0;0;0;0;0;1;0;0;0;0;0;0;1
291,0,0;0;0;0;0;0,1;0;0;0;0;0;0;1;0;0;0;0;0;0;1;0;0;0;0;0;0;1;0;0;0;0;0;0;1;0;0;0;0;0;0;1
292,0,0;0;0;0;0;0,1;0;0;0;0;0;0;1;0;0;0;0;0;0;1;0;0;0;0;0;0;1;0;0;0;0;0;0;1;0;0;0;0;0;0;1
293,0,0;0;0;0;0;0,1;0;0;0;0;0;0;1;0;0;0;0;0;0;1;0;0;0;0;0;0;1;0;0;0;0;0;0;1;0;0;0;0;0;0;1
294,0,0;0;0;0;0;0,1;0;0;0;0;0;0;1;0;0;0;0;0;0;1;0;0;0;0;0;0;1;0;0;0;0;0;0;1;0;0;0;0;0;0;1
295,0,0;0;0;0;0;0,1;0;0;0;0;0;0;1;0;0;0;0;0;0;1;0;0;0;0;0;0;1;0;0;0;0;0;0;1;0;0;0;0;0;0;1
296,0,0;0;0;0;0;0,1;0;0;0;0;0;0;1;0;0;0;0;0;0;1;0;0;0;0;0;0;1;0;0;0;0;0;0;1;0;0;0;0;0;0;1
297,0,0;0;0;0;0;0,1;0;0;0;0;0;0;1;0;0;0;0;0;0;1;0;0;0;0;0;0;1;0;0;0;0;0;0;1;0;0;0;0;0;0;1
298,0,0;0;0;0;0;0,1;0;0;0;0;0;0;1;0;0;0;0;0;0;1;0;0;0;0;0;0;1;0;0;0;0;0;0;1;0;0;0;0;0;0;1
299,0,0;0;0;0;0;0,1;0;0;0;0;0;0;1;0;0;0;0;0;0;1;0;0;0;0;0;0;1;0;0;0;0;0;0;1;0;0;0;0;0;0;1
300,0,0;0;0;0;0;0,1;0;0;0;0;0;0;1;0;0;0;0;0;0;1;0;0;0;0;0;0;1;0;0;0;0;0;0;1;0;0;0;0;0;0;1
301,0,0;0;0;0;0;0,1;0;0;0;0;0;0;1;0;0;0;0;0;0;1;0;0;0;0;0;0;1;0;0;0;0;0;0;1;0;0;0;0;0;0;1
302,0,0;0;0;0;0;0,1;0;0;0;0;0;0;1;0;0;0;0;0;0;1;0;0;0;0;0;0;1;0;0;0;0;0;0;1;0;0;0;0;0;0;1
303,0,0;0;0;0;0;0,1;0;0;0;0;0;0;1;0;0;0;0;0;0;1;0;0;0;0;0;0;1;0;0;0;0;0;0;1;0;0;0;0;0;0;1
304,0,0;0;0;0;0;0,1;0;0;0;0;0;0;1;0;0;0;0;0;0;1;0;0;0;0;0;0;1;0;0;0;0;0;0;1;0;0;0;0;0;0;1
305,0,0;0;0;0;0;0,1;0;0;0;0;0;0;1;0;0;0;0;0;0;1;0;0;0;0;0;0;1;0;0;0;0;0;0;1;0;0;0;0;0;0;1
306,0,0;0;0;0;0;0,1;0;0;0;0;0;0;1;0;0;0;0;0;0;1;0;0;0;0;0;0;1;0;0;0;0;0;0;1;0;0;0;0;0;0;1
307,0,0;0;0;0;0;0,1;0;0;0;0;0;0;1;0;0;0;0;0;0;1;0;0;0;0;0;0;1;0;0;0;0;0;0;1;0;0;0;0;0;0;1
308,0,0;0;0;0;0;0,1;0;0;0;0;0;0;1;0;0;0;0;0;0;1;0;0;0;0;0;0;1;0;0;0;0;0;0;1;0;0;0;0;0;0;1
309,0,0;0;0;0;0;0,1;0;0;0;0;0;0;1;0;0;0;0;0;0;1;0;0;0;0;0;0;1;0;0;0;0;0;0;1;0;0;0;0;0;0;1
310,0,0;0;0;0;0;0,1;0;0;0;0;0;0;1;0;0;0;0;0;0;1;0;0;0;0;0;0;1;0;0;0;0;0;0;1;0;0;0;0;0;0;1
311,0,0;0;0;0;0;0,1;0;0;0;0;0;0;1;0;0;0;0;0;0;1;0;0;0;0;0;0;1;0;0;0;0;0;0;1;0;0;0;0;0;0;1
312,0,0;0;0;0;0;0,1;0;0;0;0;0;0;1;0;0;0;0;0;0;1;0;0;0;0;0;0;1;0;0;0;0;0;0;1;0;0;0;0;0;0;1
313,0,0;0;0;0;0;0,1;0;0;0;0;0;0;1;0;0;0;0;0;0;1;0;0;0;0;0;0;1;0;0;0;0;0;0;1;0;0;0;0;0;0;1
314,0,0;0;0;0;0;0,1;0;0;0;0;0;0;1;0;0;0;0;0;0;1;0;0;0;0;0;0;1;0;0;0;0;0;0;1;0;0;0;0;0;0;1
315,0,0;0;0;0;0;0,1;0;0;0;0;0;0;1;0;0;0;0;0;0;1;0;0;0;0;0;0;1;0;0;0;0;0;0;1;0;0;0;0;0;0;1
316,0,0;0;0;0;0;0,1;0;0;0;0;0;0;1;0;0;0;0;0;0;1;0;0;0;0;0;0;1;0;0;0;0;0;0;1;0;0;0;0;0;0;1
317,0,0;0;0;0;0;0,1;0;0;0;0;0;0;1;0;0;0;0;0;0;1;0;0;0;0;0;0;1;0;0;0;0;0;0;1;0;0;0;0;0;0;1
318,0,0;0;0;0;0;0,1;0;0;0;0;0;0;1;0;0;0;0;0;0;1;0;0;0;0;0;0;1;0;0;0;0;0;0;1;0;0;0;0;0;0;1
319,0,0;0;0;0;0;0,1;0;0;0;0;0;0;1;0;0;0;0;0;0;1;0;0;0;0;0;0;1;0;0;0;0;0;0;1;0;0;0;0;0;0;1
320,0,0;0;0;0;0;0,1;0;0;0;0;0;0;1;0;0;0;0;0;0;1;0;0;0;0;0;0;1;0;0;0;0;0;0;1;0;0;0;0;0;0;1
321,0,0;0;0;0;0;0,1;0;0;0;0;0;0;1;0;0;0;0;0;0;1;0;0;0;0;0;0;1;0;0;0;0;0;0;1;0;0;0;0;0;0;1
322,0,0;0;0;0;0;0,1;0;0;0;0;0;0;1;0;0;0;0;0;0;1;0;0;0;0;0;0;1;0;0;0;0;0;0;1;0;0;0;0;0;0;1
323,0,0;0;0;0;0;0,1;0;0;0;0;0;0;1;0;0;0;0;0;0;1;0;0;0;0;0;0;1;0;0;0;0;0;0;1;0;0;0;0;0;0;1
324,0,0;0;0;0;0;0,1;0;0;0;0;0;0;1;0;0;0;0;0;0;1;0;0;0;0;0;0;1;0;0;0;0;0;0;1;0;0;0;0;0;0;1
325,0,0;0;0;0;0;0,1;0;0;0;0;0;0;1;0;0;0;0;0;0;1;0;0;0;0;0;0;1;0;0;0;0;0;0;1;0;0;0;0;0;0;1
326,0,0;0;0;0;0;0,1;0;0;0;0;0;0;1;0;0;0;0;0;0;1;0;0;0;0;0;0;1;0;0;0;0;0;0;1;0;0;0;0;0;0;1
327,0,0;0;0;0;0;0,1;0;0;0;0;0;0;1;0;0;0;0;0;0;1;0;0;0;0;0;0;1;0;0;0;0;0;0;1;0;0;0;0;0;0;1
328,0,0;0;0;0;0;0,1;0;0;0;0;0;0;1;0;0;0;0;0;0;1;0;0;0;0;0;0;1;0;0;0;0;0;0;1;0;0;0;0;0;0;1
329,0,0;0;0;0;0;0,1;0;0;0;0;0;0;1;0;0;0;0;0;0;1;0;0;0;0;0;0;1;0;0;0;0;0;0;1;0;0;0;0;0;0;1
330,0,0;0;0;0;0;0,1;0;0;0;0;0;0;1;0;0;0;0;0;0;1;0;0;0;0;0;0;1;0;0;0;0;0;0;1;0;0;0;0;0;0;1
331,0,0;0;0;0;0;0,1;0;0;0;0;0;0;1;0;0;0;0;0;0;1;0;0;0;0;0;0;1;0;0;0;0;0;0;1;0;0;0;0;0;0;1
332,0,0;0;0;0;0;0,1;0;0;0;0;0;0;1;0;0;0;0;0;0;1;0;0;0;0;0;0;1;0;0;0;0;0;0;1;0;0;0;0;0;0;1
333,0,0;0;0;0;0;0,1;0;0;0;0;0;0;1;0;0;0;0;0;0;1;0;0;0;0;0;0;1;0;0;0;0;0;0;1;0;0;0;0;0;0;1
334,0,0;0;0;0;0;0,1;0;0;0;0;0;0;1;0;0;0;0;0;0;1;0;0;0;0;0;0;1;0;0;0;0;0;0;1;0;0;0;0;0;0;1
335,0,0;0;0;0;0;0,1;0;0;0;0;0;0;1;0;0;0;0;0;0;1;0;0;0;0;0;0;1;0;0;0;0;0;0;1;0;0;0;0;0;0;1
336,0,0;0;0;0;0;0,1;0;0;0;0;0;0;1;0;0;0;0;0;0;1;0;0;0;0;0;0;1;0;0;0;0;0;0;1;0;0;0;0;0;0;1
337,0,0;0;0;0;0;0,1;0;0;0;0;0;0;1;0;0;0;0;0;0;1;0;0;0;0;0;0;1;0;0;0;0;0;0;1;0;0;0;0;0;0;1
338,0,0;0;0;0;0;0,1;0;0;0;0;0;0;1;0;0;0;0;0;0;1;0;0;0;0;0;0;1;0;0;0;0;0;0;1;0;0;0;0;0;0;1
339,0,0;0;0;0;0;0,1;0;0;0;0;0;0;1;0;0;0;0;0;0;1;0;0;0;0;0;0;1;0;0;0;0;0;0;1;0;0;0;0;0;0;1
340,0,0;0;0;0;0;0,1;0;0;0;0;0;0;1;0;0;0;0;0;0;1;0;0;0;0;0;0;1;0;0;0;0;0;0;1;0;0;0;0;0;0;1
341,0,0;0;0;0;0;0,1;0;0;0;0;0;0;1;0;0;0;0;0;0;1;0;0;0;0;0;0;1;0;0;0;0;0;0;1;0;0;0;0;0;0;1
342,0,0;0;0;0;0;0,1;0;0;0;0;0;0;1;0;0;0;0;0;0;1;0;0;0;0;0;0;1;0;0;0;0;0;0;1;0;0;0;0;0;0;1
343,0,0;0;0;0;0;0,1;0;0;0;0;0;0;1;0;0;0;0;0;0;1;0;0;0;0;0;0;1;0;0;0;0;0;0;1;0;0;0;0;0;0;1
344,0,0;0;0;0;0;0,1;0;0;0;0;0;0;1;0;0;0;0;0;0;1;0;0;0;0;0;0;1;0;0;0;0;0;0;1;0;0;0;0;0;0;1
345,0,0;0;0;0;0;0,1;0;0;0;0;0;0;1;0;0;0;0;0;0;1;0;0;0;0;0;0;1;0;0;0;0;0;0;1;0;0;0;0;0;0;1
346,0,0;0;0;0;0;0,1;0;0;0;0;0;0;1;0;0;0;0;0;0;1;0;0;0;0;0;0;1;0;0;0;0;0;0;1;0;0;0;0;0;0;1
347,0,0;0;0;0;0;0,1;0;0;0;0;0;0;1;0;0;0;0;0;0;1;0;0;0;0;0;0;1;0;0;0;0;0;0;1;0;0;0;0;0;0;1
348,0,0;0;0;0;0;0,1;0;0;0;0;0;0;1;0;0;0;0;0;0;1;0;0;0;0;0;0;1;0;0;0;0;0;0;1;0;0;0;0;0;0;1
349,0,0;0;0;0;0;0,1;0;0;0;0;0;0;1;0;0;0;0;0;0;1;0;0;0;0;0;0;1;0;0;0;0;0;0;1;0;0;0;0;0;0;1
350,0,0;0;0;0;0;0,1;0;0;0;0;0;0;1;0;0;0;0;0;0;1;0;0;0;0;0;0;1;0;0;0;0;0;0;1;0;0;0;0;0;0;1
351,0,0;0;0;0;0;0,1;0;0;0;0;0;0;1;0;0;0;0;0;0;1;0;0;0;0;0;0;1;0;0;0;0;0;0;1;0;0;0;0;0;0;1
352,0,0;0;0;0;0;0,1;0;0;0;0;0;0;1;0;0;0;0;0;0;1;0;0;0;0;0;0;1;0;0;0;0;0;0;1;0;0;0;0;0;0;1
353,0,0;0;0;0;0;0,1;0;0;0;0;0;0;1;0;0;0;0;0;0;1;0;0;0;0;0;0;1;0;0;0;0;0;0;1;0;0;0;0;0;0;1
354,0,0;0;0;0;0;0,1;0;0;0;0;0;0;1;0;0;0;0;0;0;1;0;0;0;0;0;0;1;0;0;0;0;0;0;1;0;0;0;0;0;0;1
355,0,0;0;0;0;0;0,1;0;0;0;0;0;0;1;0;0;0;0;0;0;1;0;0;0;0;0;0;1;0;0;0;0;0;0;1;0;0;0;0;0;0;1
356,0,0;0;0;0;0;0,1;0;0;0;0;0;0;1;0;0;0;0;0;0;1;0;0;0;0;0;0;1;0;0;0;0;0;0;1;0;0;0;0;0;0;1
357,0,0;0;0;0;0;0,1;0;0;0;0;0;0;1;0;0;0;0;0;0;1;0;0;0;0;0;0;1;0;0;0;0;0;0;1;0;0;0;0;0;0;1
358,0,0;0;0;0;0;0,1;0;0;0;0;0;0;1;0;0;0;0;0;0;1;0;0;0;0;0;0;1;0;0;0;0;0;0;1;0;0;0;0;0;0;1
359,0,0;0;0;0;0;0,1;0;0;0;0;0;0;1;0;0;0;0;0;0;1;0;0;0;0;0;0;1;0;0;0;0;0;0;1;0;0;0;0;0;0;1
360,0,0;0;0;0;0;0,1;0;0;0;0;0;0;1;0;0;0;0;0;0;1;0;0;0;0;0;0;1;0;0;0;0;0;0;1;0;0;0;0;0;0;1
361,0,0;0;0;0;0;0,1;0;0;0;0;0;0;1;0;0;0;0;0;0;1;0;0;0;0;0;0;1;0;0;0;0;0;0;1;0;0;0;0;0;0;1
362,0,0;0;0;0;0;0,1;0;0;0;0;0;0;1;0;0;0;0;0;0;1;0;0;0;0;0;0;1;0;0;0;0;0;0;1;0;0;0;0;0;0;1
363,0,0;0;0;0;0;0,1;0;0;0;0;0;0;1;0;0;0;0;0;0;1;0;0;0;0;0;0;1;0;0;0;0;0;0;1;0;0;0;0;0;0;1
364,0,0;0;0;0;0;0,1;0;0;0;0;0;0;1;0;0;0;0;0;0;1;0;0;0;0;0;0;1;0;0;0;0;0;0;1;0;0;0;0;0;0;1
365,0,0;0;0;0;0;0,1;0;0;0;0;0;0;1;0;0;0;0;0;0;1;0;0;0;0;0;0;1;0;0;0;0;0;0;1;0;0;0;0;0;0;1
366,0,0;0;0;0;0;0,1;0;0;0;0;0;0;1;0;0;0;0;0;0;1;0;0;0;0;0;0;1;0;0;0;0;0;0;1;0;0;0;0;0;0;1
367,0,0;0;0;0;0;0,1;0;0;0;0;0;0;1;0;0;0;0;0;0;1;0;0;0;0;0;0;1;0;0;0;0;0;0;1;0;0;0;0;0;0;1
368,0,0;0;0;0;0;0,1;0;0;0;0;0;0;1;0;0;0;0;0;0;1;0;0;0;0;0;0;1;0;0;0;0;0;0;1;0;0;0;0;0;0;1
369,0,0;0;0;0;0;0,1;0;0;0;0;0;0;1;0;0;0;0;0;0;1;0;0;0;0;0;0;1;0;0;0;0;0;0;1;0;0;0;0;0;0;1
370,0,0;0;0;0;0;0,1;0;0;0;0;0;0;1;0;0;0;0;0;0;1;0;0;0;0;0;0;1;0;0;0;0;0;0;1;0;0;0;0;0;0;1
371,0,0;0;0;0;0;0,1;0;0;0;0;0;0;1;0;0;0;0;0;0;1;0;0;0;0;0;0;1;0;0;0;0;0;0;1;0;0;0;0;0;0;1
372,0,0;0;0;0;0;0,1;0;0;0;0;0;0;1;0;0;0;0;0;0;1;0;0;0;0;0;0;1;0;0;0;0;0;0;1;0;0;0;0;0;0;1
373,2,2.1568969855123705;3.5397083082487795;4.8663601138725703;12.294717774757595;385.33925553081781;466.81339485049091,0.031462614101839231;0.94657433632221566;-0.30903632222951632;0.033445623580962071;-0.0074894113628443688;0.079554888307436303;0.033692199491754414;0.30823109710214924;0.95060211426534091;-0.0047480780050691701;-0.001473546415824571;0.013759769005856692;0.98303050135245296;-0.034997951527007368;-0.02431727805644605;-0.16030935272503991;-0.07803830403632521;-0.0067661894443183457;0.049918477331159956;0.0039863005352772599;-0.0036370485297404663;-0.1746986610439977;0.97971430336861964;0.08437587635899349;0.17023217267515187;-0.038474024209435916;0.010957102129978281;0.9704882842097261;0.16111632809192525;0.040183551288799621;-0.0074246902472189062;-0.079180924807996017;0.011294054894000633;-0.028153605248952062;-0.089739473358428884;0.99232147053168851
374,0,0;0;0;0;0;0,1;0;0;0;0;0;0;1;0;0;0;0;0;0;1;0;0;0;0;0;0;1;0;0;0;0;0;0;1;0;0;0;0;0;0;1
375,0,0;0;0;0;0;0,1;0;0;0;0;0;0;1;0;0;0;0;0;0;1;0;0;0;0;0;0;1;0;0;0;0;0;0;1;0;0;0;0;0;0;1
376,2,2.2169166799384072;3.3224498882517381;4.896560630670229;13.364446314861938;388.70212306404233;437.8126968610153,0.10657218368719525;0.97908114843727001;-0.15001084449161711;0.01884848006451988;-0.013768198182888325;0.083632484668731036;0.059433421119422215;0.14418690548464352;0.98767102932385342;-0.0093037763538014254;-0.0024789144653350539;0.0095413470640103044;0.98883939681107524;-0.11370223433116143;-0.043301493623855686;-0.033534366599021259;-0.078267635273781069;-0.011960493209195622;0.072578699870447599;-0.0049325811686261514;-0.0042164399116722331;-0.16138096365549723;0.97206030777282726;0.15409466643858999;0.04387979976463488;-0.023249529661810212;0.010066654343691934;0.9859952914201856;0.1543955452147977;0.037523138574666152;-0.010657435443144833;-0.084363333167558674;0.0029238885086360165;-0.014250988332914164;-0.15792163449300248;0.98367594493980459
377,0,0;0;0;0;0;0,1;0;0;0;0;0;0;1;0;0;0;0;0;0;1;0;0;0;0;0;0;1;0;0;0;0;0;0;1;0;0;0;0;0;0;1
378,0,0;0;0;0;0;0,1;0;0;0;0;0;0;1;0;0;0;0;0;0;1;0;0;0;0;0;0;1;0;0;0;0;0;0;1;0;0;0;0;0;0;1
379,0,0;0;0;0;0;0,1;0;0;0;0;0;0;1;0;0;0;0;0;0;1;0;0;0;0;0;0;1;0;0;0;0;0;0;1;0;0;0;0;0;0;1
380,0,0;0;0;0;0;0,1;0;0;0;0;0;0;1;0;0;0;0;0;0;1;0;0;0;0;0;0;1;0;0;0;0;0;0;1;0;0;0;0;0;0;1
381,0,0;0;0;0;0;0,1;0;0;0;0;0;0;1;0;0;0;0;0;0;1;0;0;0;0;0;0;1;0;0;0;0;0;0;1;0;0;0;0;0;0;1
382,0,0;0;0;0;0;0,1;0;0;0;0;0;0;1;0;0;0;0;0;0;1;0;0;0;0;0;0;1;0;0;0;0;0;0;1;0;0;0;0;0;0;1
383,0,0;0;0;0;0;0,1;0;0;0;0;0;0;1;0;0;0;0;0;0;1;0;0;0;0;0;0;1;0;0;0;0;0;0;1;0;0;0;0;0;0;1
384,0,0;0;0;0;0;0,1;0;0;0;0;0;0;1;0;0;0;0;0;0;1;0;0;0;0;0;0;1;0;0;0;0;0;0;1;0;0;0;0;0;0;1
385,0,0;0;0;0;0;0,1;0;0;0;0;0;0;1;0;0;0;0;0;0;1;0;0;0;0;0;0;1;0;0;0;0;0;0;1;0;0;0;0;0;0;1
386,0,0;0;0;0;0;0,1;0;0;0;0;0;0;1;0;0;0;0;0;0;1;0;0;0;0;0;0;1;0;0;0;0;0;0;1;0;0;0;0;0;0;1
387,0,0;0;0;0;0;0,1;0;0;0;0;0;0;1;0;0;0;0;0;0;1;0;0;0;0;0;0;1;0;0;0;0;0;0;1;0;0;0;0;0;0;1
388,0,0;0;0;0;0;0,1;0;0;0;0;0;0;1;0;0;0;0;0;0;1;0;0;0;0;0;0;1;0;0;0;0;0;0;1;0;0;0;0;0;0;1
389,0,0;0;0;0;0;0,1;0;0;0;0;0;0;1;0;0;0;0;0;0;1;0;0;0;0;0;0;1;0;0;0;0;0;0;1;0;0;0;0;0;0;1
390,0,0;0;0;0;0;0,1;0;0;0;0;0;0;1;0;0;0;0;0;0;1;0;0;0;0;0;0;1;0;0;0;0;0;0;1;0;0;0;0;0;0;1
391,0,0;0;0;0;0;0,1;0;0;0;0;0;0;1;0;0;0;0;0;0;1;0;0;0;0;0;0;1;0;0;0;0;0;0;1;0;0;0;0;0;0;1
392,0,0;0;0;0;0;0,1;0;0;0;0;0;0;1;0;0;0;0;0;0;1;0;0;0;0;0;0;1;0;0;0;0;0;0;1;0;0;0;0;0;0;1
393,0,0;0;0;0;0;0,1;0;0;0;0;0;0;1;0;0;0;0;0;0;1;0;0;0;0;0;0;1;0;0;0;0;0;0;1;0;0;0;0;0;0;1
394,0,0;0;0;0;0;0,1;0;0;0;0;0;0;1;0;0;0;0;0;0;1;0;0;0;0;0;0;1;0;0;0;0;0;0;1;0;0;0;0;0;0;1
395,0,0;0;0;0;0;0,1;0;0;0;0;0;0;1;0;0;0;0;0;0;1;0;0;0;0;0;0;1;0;0;0;0;0;0;1;0;0;0;0;0;0;1
396,0,0;0;0;0;0;0,1;0;0;0;0;0;0;1;0;0;0;0;0;0;1;0;0;0;0;0;0;1;0;0;0;0;0;0;1;0;0;0;0;0;0;1
397,0,0;0;0;0;0;0,1;0;0;0;0;0;0;1;0;0;0;0;0;0;1;0;0;0;0;0;0;1;0;0;0;0;0;0;1;0;0;0;0;0;0;1
398,0,0;0;0;0;0;0,1;0;0;0;0;0;0;1;0;0;0;0;0;0;1;0;0;0;0;0;0;1;0;0;0;0;0;0;1;0;0;0;0;0;0;1
399,0,0;0;0;0;0;0,1;0;0;0;0;0;0;1;0;0;0;0;0;0;1;0;0;0;0;0;0;1;0;0;0;0;0;0;1;0;0;0;0;0;0;1
400,0,0;0;0;0;0;0,1;0;0;0;0;0;0;1;0;0;0;0;0;0;1;0;0;0;0;0;0;1;0;0;0;0;0;0;1;0;0;0;0;0;0;1
401,0,0;0;0;0;0;0,1;0;0;0;0;0;0;1;0;0;0;0;0;0;1;0;0;0;0;0;0;1;0;0;0;0;0;0;1;0;0;0;0;0;0;1
402,0,0;0;0;0;0;0,1;0;0;0;0;0;0;1;0;0;0;0;0;0;1;0;0;0;0;0;0;1;0;0;0;0;0;0;1;0;0;0;0;0;0;1
403,0,0;0;0;0;0;0,1;0;0;0;0;0;0;1;0;0;0;0;0;0;1;0;0;0;0;0;0;1;0;0;0;0;0;0;1;0;0;0;0;0;0;1
404,0,0;0;0;0;0;0,1;0;0;0;0;0;0;1;0;0;0;0;0;0;1;0;0;0;0;0;0;1;0;0;0;0;0;0;1;0;0;0;0;0;0;1
405,0,0;0;0;0;0;0,1;0;0;0;0;0;0;1;0;0;0;0;0;0;1;0;0;0;0;0;0;1;0;0;0;0;0;0;1;0;0;0;0;0;0;1
406,0,0;0;0;0;0;0,1;0;0;0;0;0;0;1;0;0;0;0;0;0;1;0;0;0;0;0;0;1;0;0;0;0;0;0;1;0;0;0;0;0;0;1
407,0,0;0;0;0;0;0,1;0;0;0;0;0;0;1;0;0;0;0;0;0;1;0;0;0;0;0;0;1;0;0;0;0;0;0;1;0;0;0;0;0;0;1
408,0,0;0;0;0;0;0,1;0;0;0;0;0;0;1;0;0;0;0;0;0;1;0;0;0;0;0;0;1;0;0;0;0;0;0;1;0;0;0;0;0;0;1
409,0,0;0;0;0;0;0,1;0;0;0;0;0;0;1;0;0;0;0;0;0;1;0;0;0;0;0;0;1;0;0;0;0;0;0;1;0;0;0;0;0;0;1
410,0,0;0;0;0;0;0,1;0;0;0;0;0;0;1;0;0;0;0;0;0;1;0;0;0;0;0;0;1;0;0;0;0;0;0;1;0;0;0;0;0;0;1
411,0,0;0;0;0;0;0,1;0;0;0;0;0;0;1;0;0;0;0;0;0;1;0;0;0;0;0;0;1;0;0;0;0;0;0;1;0;0;0;0;0;0;1
412,0,0;0;0;0;0;0,1;0;0;0;0;0;0;1;0;0;0;0;0;0;1;0;0;0;0;0;0;1;0;0;0;0;0;0;1;0;0;0;0;0;0;1
413,0,0;0;0;0;0;0,1;0;0;0;0;0;0;1;0;0;0;0;0;0;1;0;0;0;0;0;0;1;0;0;0;0;0;0;1;0;0;0;0;0;0;1
414,0,0;0;0;0;0;0,1;0;0;0;0;0;0;1;0;0;0;0;0;0;1;0;0;0;0;0;0;1;0;0;0;0;0;0;1;0;0;0;0;0;0;1
415,0,0;0;0;0;0;0,1;0;0;0;0;0;0;1;0;0;0;0;0;0;1;0;0;0;0;0;0;1;0;0;0;0;0;0;1;0;0;0;0;0;0;1
416,0,0;0;0;0;0;0,1;0;0;0;0;0;0;1;0;0;0;0;0;0;1;0;0;0;0;0;0;1;0;0;0;0;0;0;1;0;0;0;0;0;0;1
417,0,0;0;0;0;0;0,1;0;0;0;0;0;0;1;0;0;0;0;0;0;1;0;0;0;0;0;0;1;0;0;0;0;0;0;1;0;0;0;0;0;0;1
418,0,0;0;0;0;0;0,1;0;0;0;0;0;0;1;0;0;0;0;0;0;1;0;0;0;0;0;0;1;0;0;0;0;0;0;1;0;0;0;0;0;0;1
419,0,0;0;0;0;0;0,1;0;0;0;0;0;0;1;0;0;0;0;0;0;1;0;0;0;0;0;0;1;0;0;0;0;0;0;1;0;0;0;0;0;0;1
420,0,0;0;0;0;0;0,1;0;0;0;0;0;0;1;0;0;0;0;0;0;1;0;0;0;0;0;0;1;0;0;0;0;0;0;1;0;0;0;0;0;0;1
421,0,0;0;0;0;0;0,1;0;0;0;0;0;0;1;0;0;0;0;0;0;1;0;0;0;0;0;0;1;0;0;0;0;0;0;1;0;0;0;0;0;0;1
422,0,0;0;0;0;0;0,1;0;0;0;0;0;0;1;0;0;0;0;0;0;1;0;0;0;0;0;0;1;0;0;0;0;0;0;1;0;0;0;0;0;0;1
423,0,0;0;0;0;0;0,1;0;0;0;0;0;0;1;0;0;0;0;0;0;1;0;0;0;0;0;0;1;0;0;0;0;0;0;1;0;0;0;0;0;0;1
424,0,0;0;0;0;0;0,1;0;0;0;0;0;0;1;0;0;0;0;0;0;1;0;0;0;0;0;0;1;0;0;0;0;0;0;1;0;0;0;0;0;0;1
425,0,0;0;0;0;0;0,1;0;0;0;0;0;0;1;0;0;0;0;0;0;1;0;0;0;0;0;0;1;0;0;0;0;0;0;1;0;0;0;0;0;0;1
426,0,0;0;0;0;0;0,1;0;0;0;0;0;0;1;0;0;0;0;0;0;1;0;0;0;0;0;0;1;0;0;0;0;0;0;1;0;0;0;0;0;0;1
427,0,0;0;0;0;0;0,1;0;0;0;0;0;0;1;0;0;0;0;0;0;1;0;0;0;0;0;0;1;0;0;0;0;0;0;1;0;0;0;0;0;0;1
428,0,0;0;0;0;0;0,1;0;0;0;0;0;0;1;0;0;0;0;0;0;1;0;0;0;0;0;0;1;0;0;0;0;0;0;1;0;0;0;0;0;0;1
429,0,0;0;0;0;0;0,1;0;0;0;0;0;0;1;0;0;0;0;0;0;1;0;0;0;0;0;0;1;0;0;0;0;0;0;1;0;0;0;0;0;0;1
430,0,0;0;0;0;0;0,1;0;0;0;0;0;0;1;0;0;0;0;0;0;1;0;0;0;0;0;0;1;0;0;0;0;0;0;1;0;0;0;0;0;0;1
431,2,2.9218607105056531;4.6494342718248003;5.5696977070570703;18.895369586532116;241.16992866414614;292.15696794323497,0.072868207343841321;0.47861923166605858;-0.87383125203620671;0.04203325535547358;-0.0055232163618220108;0.01534594174249153;0.061996956537599082;-0.87579124264109576;-0.4722044515166044;0.064187486520073889;-0.0036698302062792717;-0.045116865822386311;0.96643324706983202;0.02762469008353426;0.1069695297922415;0.22835884257278558;-0.040660245814409399;0.00039822230662649909;0.23486061276226075;-0.036778062666896469;-0.044673073851447323;-0.95942909215784089;0.052682635971376769;0.1349538444815748;-0.029324504741700629;-0.00492727429930027;-0.00025462035866139957;-0.052653967509058028;-0.99610782368485806;0.064128728799790757;-0.028878135175597189;-0.042110603947159604;-0.0019157948483393685;0.13670694153557411;0.057415279312326303;0.98762532263584735
432,0,0;0;0;0;0;0,1;0;0;0;0;0;0;1;0;0;0;0;0;0;1;0;0;0;0;0;0;1;0;0;0;0;0;0;1;0;0;0;0;0;0;1
433,0,0;0;0;0;0;0,1;0;0;0;0;0;0;1;0;0;0;0;0;0;1;0;0;0;0;0;0;1;0;0;0;0;0;0;1;0;0;0;0;0;0;1
434,0,0;0;0;0;0;0,1;0;0;0;0;0;0;1;0;0;0;0;0;0;1;0;0;0;0;0;0;1;0;0;0;0;0;0;1;0;0;0;0;0;0;1
435,0,0;0;0;0;0;0,1;0;0;0;0;0;0;1;0;0;0;0;0;0;1;0;0;0;0;0;0;1;0;0;0;0;0;0;1;0;0;0;0;0;0;1
436,2,3.1604456301859276;4.7136214243104853;4.8814477090374622;19.54475803341909;242.39376005958232;261.87863868249582,-0.061083965096082167;0.5844850598267527;0.80886455456519946;0.018425733822601899;-0.0037129230361515608;0.0055500406418016041;-0.085885608397534119;-0.80777716198157545;0.57520367815086015;0.093202262263874139;-0.0086703796452262394;-0.022329583932582171;-0.98653978736908043;0.041591907441245003;-0.10730742212454682;0.11361387409379591;-0.022602784351975127;0.0086879274335252311;-0.1193248759971014;-0.06271595023542928;0.057428652289600431;-0.97821144811814609;-0.042836518412667661;0.14070404724607802;0.035572366468961641;0.0010729248102940381;-0.0069544747022668527;0.089844759242814473;-0.92081579939471636;0.37777145694114678;0.011306640887998759;-0.014454863338209556;0.0041908644171653664;0.11443775715469137;0.38686360533684949;0.91481484687138737
437,0,0;0;0;0;0;0,1;0;0;0;0;0;0;1;0;0;0;0;0;0;1;0;0;0;0;0;0;1;0;0;0;0;0;0;1;0;0;0;0;0;0;1
438,0,0;0;0;0;0;0,1;0;0;0;0;0;0;1;0;0;0;0;0;0;1;0;0;0;0;0;0;1;0;0;0;0;0;0;1;0;0;0;0;0;0;1
439,0,0;0;0;0;0;0,1;0;0;0;0;0;0;1;0;0;0;0;0;0;1;0;0;0;0;0;0;1;0;0;0;0;0;0;1;0;0;0;0;0;0;1
440,0,0;0;0;0;0;0,1;0;0;0;0;0;0;1;0;0;0;0;0;0;1;0;0;0;0;0;0;1;0;0;0;0;0;0;1;0;0;0;0;0;0;1
441,0,0;0;0;0;0;0,1;0;0;0;0;0;0;1;0;0;0;0;0;0;1;0;0;0;0;0;0;1;0;0;0;0;0;0;1;0;0;0;0;0;0;1
442,0,0;0;0;0;0;0,1;0;0;0;0;0;0;1;0;0;0;0;0;0;1;0;0;0;0;0;0;1;0;0;0;0;0;0;1;0;0;0;0;0;0;1
443,0,0;0;0;0;0;0,1;0;0;0;0;0;0;1;0;0;0;0;0;0;1;0;0;0;0;0;0;1;0;0;0;0;0;0;1;0;0;0;0;0;0;1
444,0,0;0;0;0;0;0,1;0;0;0;0;0;0;1;0;0;0;0;0;0;1;0;0;0;0;0;0;1;0;0;0;0;0;0;1;0;0;0;0;0;0;1
445,0,0;0;0;0;0;0,1;0;0;0;0;0;0;1;0;0;0;0;0;0;1;0;0;0;0;0;0;1;0;0;0;0;0;0;1;0;0;0;0;0;0;1
446,0,0;0;0;0;0;0,1;0;0;0;0;0;0;1;0;0;0;0;0;0;1;0;0;0;0;0;0;1;0;0;0;0;0;0;1;0;0;0;0;0;0;1
447,0,0;0;0;0;0;0,1;0;0;0;0;0;0;1;0;0;0;0;0;0;1;0;0;0;0;0;0;1;0;0;0;0;0;0;1;0;0;0;0;0;0;1
448,0,0;0;0;0;0;0,1;0;0;0;0;0;0;1;0;0;0;0;0;0;1;0;0;0;0;0;0;1;0;0;0;0;0;0;1;0;0;0;0;0;0;1
449,0,0;0;0;0;0;0,1;0;0;0;0;0;0;1;0;0;0;0;0;0;1;0;0;0;0;0;0;1;0;0;0;0;0;0;1;0;0;0;0;0;0;1
450,0,0;0;0;0;0;0,1;0;0;0;0;0;0;1;0;0;0;0;0;0;1;0;0;0;0;0;0;1;0;0;0;0;0;0;1;0;0;0;0;0;0;1
451,0,0;0;0;0;0;0,1;0;0;0;0;0;0;1;0;0;0;0;0;0;1;0;0;0;0;0;0;1;0;0;0;0;0;0;1;0;0;0;0;0;0;1
452,0,0;0;0;0;0;0,1;0;0;0;0;0;0;1;0;0;0;0;0;0;1;0;0;0;0;0;0;1;0;0;0;0;0;0;1;0;0;0;0;0;0;1
453,0,0;0;0;0;0;0,1;0;0;0;0;0;0;1;0;0;0;0;0;0;1;0;0;0;0;0;0;1;0;0;0;0;0;0;1;0;0;0;0;0;0;1
454,0,0;0;0;0;0;0,1;0;0;0;0;0;0;1;0;0;0;0;0;0;1;0;0;0;0;0;0;1;0;0;0;0;0;0;1;0;0;0;0;0;0;1
455,0,0;0;0;0;0;0,1;0;0;0;0;0;0;1;0;0;0;0;0;0;1;0;0;0;0;0;0;1;0;0;0;0;0;0;1;0;0;0;0;0;0;1
456,0,0;0;0;0;0;0,1;0;0;0;0;0;0;1;0;0;0;0;0;0;1;0;0;0;0;0;0;1;0;0;0;0;0;0;1;0;0;0;0;0;0;1
457,0,0;0;0;0;0;0,1;0;0;0;0;0;0;1;0;0;0;0;0;0;1;0;0;0;0;0;0;1;0;0;0;0;0;0;1;0;0;0;0;0;0;1
458,0,0;0;0;0;0;0,1;0;0;0;0;0;0;1;0;0;0;0;0;0;1;0;0;0;0;0;0;1;0;0;0;0;0;0;1;0;0;0;0;0;0;1
459,0,0;0;0;0;0;0,1;0;0;0;0;0;0;1;0;0;0;0;0;0;1;0;0;0;0;0;0;1;0;0;0;0;0;0;1;0;0;0;0;0;0;1
460,0,0;0;0;0;0;0,1;0;0;0;0;0;0;1;0;0;0;0;0;0;1;0;0;0;0;0;0;1;0;0;0;0;0;0;1;0;0;0;0;0;0;1
461,0,0;0;0;0;0;0,1;0;0;0;0;0;0;1;0;0;0;0;0;0;1;0;0;0;0;0;0;1;0;0;0;0;0;0;1;0;0;0;0;0;0;1
462,0,0;0;0;0;0;0,1;0;0;0;0;0;0;1;0;0;0;0;0;0;1;0;0;0;0;0;0;1;0;0;0;0;0;0;1;0;0;0;0;0;0;1
463,0,0;0;0;0;0;0,1;0;0;0;0;0;0;1;0;0;0;0;0;0;1;0;0;0;0;0;0;1;0;0;0;0;0;0;1;0;0;0;0;0;0;1
464,0,0;0;0;0;0;0,1;0;0;0;0;0;0;1;0;0;0;0;0;0;1;0;0;0;0;0;0;1;0;0;0;0;0;0;1;0;0;0;0;0;0;1
465,0,0;0;0;0;0;0,1;0;0;0;0;0;0;1;0;0;0;0;0;0;1;0;0;0;0;0;0;1;0;0;0;0;0;0;1;0;0;0;0;0;0;1
466,0,0;0;0;0;0;0,1;0;0;0;0;0;0;1;0;0;0;0;0;0;1;0;0;0;0;0;0;1;0;0;0;0;0;0;1;0;0;0;0;0;0;1
467,0,0;0;0;0;0;0,1;0;0;0;0;0;0;1;0;0;0;0;0;0;1;0;0;0;0;0;0;1;0;0;0;0;0;0;1;0;0;0;0;0;0;1
468,0,0;0;0;0;0;0,1;0;0;0;0;0;0;1;0;0;0;0;0;0;1;0;0;0;0;0;0;1;0;0;0;0;0;0;1;0;0;0;0;0;0;1
469,0,0;0;0;0;0;0,1;0;0;0;0;0;0;1;0;0;0;0;0;0;1;0;0;0;0;0;0;1;0;0;0;0;0;0;1;0;0;0;0;0;0;1
470,0,0;0;0;0;0;0,1;0;0;0;0;0;0;1;0;0;0;0;0;0;1;0;0;0;0;0;0;1;0;0;0;0;0;0;1;0;0;0;0;0;0;1
471,0,0;0;0;0;0;0,1;0;0;0;0;0;0;1;0;0;0;0;0;0;1;0;0;0;0;0;0;1;0;0;0;0;0;0;1;0;0;0;0;0;0;1
472,0,0;0;0;0;0;0,1;0;0;0;0;0;0;1;0;0;0;0;0;0;1;0;0;0;0;0;0;1;0;0;0;0;0;0;1;0;0;0;0;0;0;1
473,0,0;0;0;0;0;0,1;0;0;0;0;0;0;1;0;0;0;0;0;0;1;0;0;0;0;0;0;1;0;0;0;0;0;0;1;0;0;0;0;0;0;1
474,0,0;0;0;0;0;0,1;0;0;0;0;0;0;1;0;0;0;0;0;0;1;0;0;0;0;0;0;1;0;0;0;0;0;0;1;0;0;0;0;0;0;1
475,0,0;0;0;0;0;0,1;0;0;0;0;0;0;1;0;0;0;0;0;0;1;0;0;0;0;0;0;1;0;0;0;0;0;0;1;0;0;0;0;0;0;1
476,0,0;0;0;0;0;0,1;0;0;0;0;0;0;1;0;0;0;0;0;0;1;0;0;0;0;0;0;1;0;0;0;0;0;0;1;0;0;0;0;0;0;1
477,0,0;0;0;0;0;0,1;0;0;0;0;0;0;1;0;0;0;0;0;0;1;0;0;0;0;0;0;1;0;0;0;0;0;0;1;0;0;0;0;0;0;1
478,0,0;0;0;0;0;0,1;0;0;0;0;0;0;1;0;0;0;0;0;0;1;0;0;0;0;0;0;1;0;0;0;0;0;0;1;0;0;0;0;0;0;1
479,0,0;0;0;0;0;0,1;0;0;0;0;0;0;1;0;0;0;0;0;0;1;0;0;0;0;0;0;1;0;0;0;0;0;0;1;0;0;0;0;0;0;1
480,0,0;0;0;0;0;0,1;0;0;0;0;0;0;1;0;0;0;0;0;0;1;0;0;0;0;0;0;1;0;0;0;0;0;0;1;0;0;0;0;0;0;1
481,0,0;0;0;0;0;0,1;0;0;0;0;0;0;1;0;0;0;0;0;0;1;0;0;0;0;0;0;1;0;0;0;0;0;0;1;0;0;0;0;0;0;1
482,0,0;0;0;0;0;0,1;0;0;0;0;0;0;1;0;0;0;0;0;0;1;0;0;0;0;0;0;1;0;0;0;0;0;0;1;0;0;0;0;0;0;1
483,0,0;0;0;0;0;0,1;0;0;0;0;0;0;1;0;0;0;0;0;0;1;0;0;0;0;0;0;1;0;0;0;0;0;0;1;0;0;0;0;0;0;1
484,0,0;0;0;0;0;0,1;0;0;0;0;0;0;1;0;0;0;0;0;0;1;0;0;0;0;0;0;1;0;0;0;0;0;0;1;0;0;0;0;0;0;1
485,0,0;0;0;0;0;0,1;0;0;0;0;0;0;1;0;0;0;0;0;0;1;0;0;0;0;0;0;1;0;0;0;0;0;0;1;0;0;0;0;0;0;1
486,0,0;0;0;0;0;0,1;0;0;0;0;0;0;1;0;0;0;0;0;0;1;0;0;0;0;0;0;1;0;0;0;0;0;0;1;0;0;0;0;0;0;1
487,0,0;0;0;0;0;0,1;0;0;0;0;0;0;1;0;0;0;0;0;0;1;0;0;0;0;0;0;1;0;0;0;0;0;0;1;0;0;0;0;0;0;1
488,0,0;0;0;0;0;0,1;0;0;0;0;0;0;1;0;0;0;0;0;0;1;0;0;0;0;0;0;1;0;0;0;0;0;0;1;0;0;0;0;0;0;1
489,0,0;0;0;0;0;0,1;0;0;0;0;0;0;1;0;0;0;0;0;0;1;0;0;0;0;0;0;1;0;0;0;0;0;0;1;0;0;0;0;0;0;1
490,0,0;0;0;0;0;0,1;0;0;0;0;0;0;1;0;0;0;0;0;0;1;0;0;0;0;0;0;1;0;0;0;0;0;0;1;0;0;0;0;0;0;1
491,0,0;0;0;0;0;0,1;0;0;0;0;0;0;1;0;0;0;0;0;0;1;0;0;0;0;0;0;1;0;0;0;0;0;0;1;0;0;0;0;0;0;1
492,0,0;0;0;0;0;0,1;0;0;0;0;0;0;1;0;0;0;0;0;0;1;0;0;0;0;0;0;1;0;0;0;0;0;0;1;0;0;0;0;0;0;1
493,0,0;0;0;0;0;0,1;0;0;0;0;0;0;1;0;0;0;0;0;0;1;0;0;0;0;0;0;1;0;0;0;0;0;0;1;0;0;0;0;0;0;1
494,0,0;0;0;0;0;0,1;0;0;0;0;0;0;1;0;0;0;0;0;0;1;0;0;0;0;0;0;1;0;0;0;0;0;0;1;0;0;0;0;0;0;1
495,0,0;0;0;0;0;0,1;0;0;0;0;0;0;1;0;0;0;0;0;0;1;0;0;0;0;0;0;1;0;0;0;0;0;0;1;0;0;0;0;0;0;1
496,2,2.4539305786147478;3.6930174582264494;5.2568386149940416;23.983831330953272;32.64507754578667;51.670365825539513,-0.015133758885297213;0.64689854083023013;-0.75883729566223967;0.020526208854076498;-0.029912299480771502;0.06436718896759662;-0.36445271718613359;0.67492446388816618;0.59591757696156356;-0.14632235349827874;-0.10829074828821447;0.15295852101493954;-0.88540167965121142;-0.30578039409411623;-0.24675330636303111;-0.15857154524228634;-0.17573032125699814;-0.075159439112850335;0.076213018658198198;0.016959706992957041;0.043810625217917287;0.49628414194450721;-0.84322731502209791;-0.18615670522106045;0.23755157714573436;0.037957693843406776;-0.021762097179271751;-0.77311146292626343;-0.32633469914216418;-0.48729785842729756;-0.1441175767595286;0.17541145436213781;0.075947654496795164;0.33018816605489359;0.3727875825484;-0.83348550846369429
497,2,2.9129063844583483;3.5534951873120781;5.0043965138749789;24.582121530035465;77.648713793951572;96.515341650339465,0.10462006795997224;0.72766510907140769;-0.67488019402572164;0.020998124808431731;-0.04815488131724413;0.036538203182459844;-0.20972014437380995;0.66869965377165241;0.69723511276932471;-0.075250710533542223;-0.12380851978454359;0.041595824357804449;-0.9605452723748491;-0.07299213417363494;-0.23069761626761207;-0.062868402602273721;-0.063153963080623265;-0.10422417577988272;0.020462062396403281;0.007528811449073719;0.03791757591197132;0.76667770233081189;-0.41139654344045506;-0.49096340314895409;0.14055338063426009;0.0014435625333076654;-0.019901808235996708;-0.60480553941369408;-0.2267717206356844;-0.75008761325785955;-0.047444002117994079;0.13400613254595356;0.05783343797225074;0.19068175978897986;0.87045482682702746;-0.42707795247790714
498,0,0;0;0;0;0;0,1;0;0;0;0;0;0;1;0;0;0;0;0;0;1;0;0;0;0;0;0;1;0;0;0;0;0;0;1;0;0;0;0;0;0;1
499,0,0;0;0;0;0;0,1;0;0;0;0;0;0;1;0;0;0;0;0;0;1;0;0;0;0;0;0;1;0;0;0;0;0;0;1;0;0;0;0;0;0;1
500,0,0;0;0;0;0;0,1;0;0;0;0;0;0;1;0;0;0;0;0;0;1;0;0;0;0;0;0;1;0;0;0;0;0;0;1;0;0;0;0;0;0;1
501,0,0;0;0;0;0;0,1;0;0;0;0;0;0;1;0;0;0;0;0;0;1;0;0;0;0;0;0;1;0;0;0;0;0;0;1;0;0;0;0;0;0;1
502,0,0;0;0;0;0;0,1;0;0;0;0;0;0;1;0;0;0;0;0;0;1;0;0;0;0;0;0;1;0;0;0;0;0;0;1;0;0;0;0;0;0;1
503,0,0;0;0;0;0;0,1;0;0;0;0;0;0;1;0;0;0;0;0;0;1;0;0;0;0;0;0;1;0;0;0;0;0;0;1;0;0;0;0;0;0;1
504,2,1.9424219424702789;2.3148082497916431;5.5768053964507782;14.951756643889762;76.213703894921309;83.439109980987638,-0.052727389601612468;0.87401839061912445;-0.46014801179690479;0.054569080935140395;-0.098046427462939761;0.094787108576848397;0.069185838134123823;0.45036326907931051;0.88255093392325079;0.022833929199567237;-0.10110788229535883;0.052401359830925878;0.98345763305849121;0.011640685987499615;-0.088419949723296004;0.045672149938783574;-0.096712382698034838;-0.11583721618071732;-0.094173788380099793;0.020957876728698272;-0.018103257952869774;-0.60736558021280984;-0.55594763861748575;-0.55892183006665141;-0.12776107745365742;-0.032570859807481915;0.0025276155084314402;0.78262790298761475;-0.30615551836086963;-0.525711157748739;0.0072547113305201066;0.1778459435801614;0.034863332784128225;-0.11408549093174734;0.75365896194843984;-0.62135771289687769
505,0,0;0;0;0;0;0,1;0;0;0;0;0;0;1;0;0;0;0;0;0;1;0;0;0;0;0;0;1;0;0;0;0;0;0;1;0;0;0;0;0;0;1
506,0,0;0;0;0;0;0,1;0;0;0;0;0;0;1;0;0;0;0;0;0;1;0;0;0;0;0;0;1;0;0;0;0;0;0;1;0;0;0;0;0;0;1
507,2,1.5517402593295828;2.0519523907879362;5.7093239393190123;14.183133970086088;78.74594187627423;90.81414863486583,-0.032176403674055595;0.88807041081403815;-0.43207067068157162;0.055912712980788329;-0.00440723880709523;0.14305560035591883;0.02695415823355319;0.42006367767259933;0.90025518827427631;0.041981094537663348;-0.023299276454789082;0.10027615597659034;0.98200867057013452;0.01451050082029234;-0.041033560769049848;0.051605319569189789;-0.17536108860298505;-0.018709430182977414;-0.12794142007594414;0.027128411963555848;-0.003394019285800097;-0.49862203142870948;-0.85600494110599612;-0.038924715829420309;-0.13239349748237864;-0.048523334747188521;-0.012720720710183884;0.85943513270857907;-0.47697312569214489;-0.11757347110492825;0.0002796049640019324;0.17769758791848783;0.031598137766931378;-0.072080300088190746;0.091860692008833678;-0.9766222864350026
508,2,1.272083091054456;1.975783200521313;5.6909347547813578;12.798962685140884;59.120753683911339;81.701800835321535,0.040042677665698974;0.88124057080150564;-0.44081907324650355;0.062550496018107832;-0.016362349204487724;0.15267578058516754;0.049356537899168634;0.42424698303242647;0.8965511231596327;0.043298349872537015;-0.022266612079294729;0.1067893440401165;0.97086203874370625;-0.065616575005704877;-0.029479856652582934;0.096445744015776144;-0.20600894897528946;-0.022601687238286646;-0.13639114265560004;0.037077783622311837;0.00036495960941783248;-0.47162334242887377;-0.86699667479419618;-0.076881400502751787;-0.18551598533231978;-0.048084895172849584;-0.0079905143873060767;0.87223512175057372;-0.43837421540590599;-0.1012015482798508;0.019201386659839812;0.18824744264853735;0.030685253125033469;-0.041087979609935342;0.1137611428396379;-0.97397269091010463
509,2,1.9555525874393351;2.2730758649435616;5.7387380940267096;14.511929159692492;85.181742432338126;90.923917163027781,-0.14619948112968198;0.86907848186275916;-0.44756860121674003;0.065333717590996682;-0.0020656174752169167;0.13688641223880008;-0.052583879981828965;0.43146806311676761;0.89332875121349187;0.038577536076722381;-0.012240881939894744;0.10675168781451314;0.97390325727728833;0.15049074297540849;-0.019066665539620175;0.060488077365590726;-0.15736546439532534;-0.008873957451763257;-0.10551881281043643;0.020144612602147539;-0.0032844198332677597;-0.53444013180982486;-0.83829807979305127;-0.0089029342872609593;-0.12497741668275483;-0.076743473127486334;-0.0051313590946680514;0.83851183914488292;-0.51991440428332047;-0.071075042300821373;-0.024890122750551396;0.17203218613834129;0.035290699421156452;-0.043082626168406794;0.045026062268701983;-0.98216929105694328
510,2,1.9108924234223355;2.2513468396141705;5.7335357418718944;15.550350011811235;86.097008178270059;91.616492195073107,-0.085025164732077635;0.87778011779461784;-0.44699567435624127;0.057551280854339915;-0.0026005203251105633;0.13837897470216753;-0.02816567971310031;0.43317895431801307;0.89376896331966971;0.042035604661774216;-0.0094286901487662701;0.10432562471192337;0.98128709741791975;0.084484206282815041;-0.013868359083079351;0.061874255732935826;-0.16085624505292423;-0.006524174368342176;-0.10648571665184933;0.023582669555100307;0.0018035133699494752;-0.52988689655035415;-0.8410112427497054;-0.0046220794185166088;-0.13252183642046123;-0.064708981225530399;-0.010349220709567139;0.84183461551473515;-0.51511019040472006;-0.064183924105485596;-0.012320848614717567;0.17313891149765123;0.032698882241827612;-0.040333503141083943;0.037298617044060414;-0.98274305838602871
511,0,0;0;0;0;0;0,1;0;0;0;0;0;0;1;0;0;0;0;0;0;1;0;0;0;0;0;0;1;0;0;0;0;0;0;1;0;0;0;0;0;0;1
512,0,0;0;0;0;0;0,1;0;0;0;0;0;0;1;0;0;0;0;0;0;1;0;0;0;0;0;0;1;0;0;0;0;0;0;1;0;0;0;0;0;0;1
513,2,2.0200233781875347;2.2839929107744679;5.9174273064095431;16.301017117717301;83.432043117446298;89.115344205672102,-0.21790818082524896;0.87304497391281455;-0.40642413695009572;0.055903921160032795;-0.14236708431764905;-0.041644736296404083;-0.075758703117717943;0.38680955855684901;0.91286156829093446;0.032737662285725257;-0.099170133489361045;-0.020402733644308217;0.96009566897977827;0.22734701628640075;-0.01977310090916818;0.048882649280098896;-0.043004068111368428;0.14798581620415777;-0.11090952220340348;0.00238039811641387;-0.0010204734323244482;-0.51408349329182146;-0.25220409321538362;0.81228297256170401;-0.10605547902864346;-0.077106568368966039;-0.0066590491962371257;0.85329801840391462;-0.1010573634821134;0.49440102206626391;-0.038003464187387252;0.1747371853369179;0.032662183331752956;-0.031845523691532554;0.9456363215866429;0.26779403366615162
514,2,1.4985213385530602;2.0822150052338078;6.1200358661720085;14.672252049021219;65.08776782915092;82.744294256395278,-0.018193464520421816;0.90106482511617603;-0.40047527243754494;0.054869271456328972;-0.030016375627134544;0.15316368759349075;-0.0057211675563047931;0.38632325891474101;0.91553601456800027;0.043809839043810507;-0.013925653302893836;0.10199111762929795;0.97713606567367117;0.011538025803099207;-0.0026341410551095337;0.073112066264903935;-0.19788733775306377;-0.023670060091362834;-0.14683750363331854;0.021589121212029272;0.011919819997496412;-0.44586406508489534;-0.87376314449736447;-0.12479494399736063;-0.1525317076413393;-0.064272773363592203;-0.014115809411194172;0.88933946092643357;-0.41887724379483737;-0.077595171001531502;0.003768413600946951;0.1846789510741853;0.03263564480462524;-0.0022903109692601893;0.14431048776932692;-0.97158820308436245
515,2,1.3579844616949528;2.0054022142352186;6.0358976419085453;13.978880470836431;61.810764369222738;83.901969801561705,-0.016895630983781905;0.89911102932368869;-0.40361124291173178;0.060527202352086001;-0.027235632819060468;0.15494043138502847;-0.0078990829805785506;0.38866132943076453;0.91414372858613302;0.043339134755775027;-0.016691190508284218;0.10518717858111648;0.97452797480591935;0.0097514045772350132;-0.0009740084146017254;0.091140865861732631;-0.20324262871498952;-0.024186032747175207;-0.14365887066351024;0.025225895340356897;0.0073090324495944841;-0.44749662312123145;-0.87383286757932432;-0.12180005320936015;-0.17118002880547151;-0.069464161652046497;-0.013493217370009124;0.88650080926630992;-0.418129370067435;-0.070528052052569526;0.0026258484804042429;0.18704283603665331;0.034680982096154993;0.0038219378980178438;0.13876601803931735;-0.97187174921189345
516,2,1.2312969126668052;1.8861848351770751;6.2015693623589794;13.507913904886655;62.184968771395731;80.48673728735892,0.017646352290616847;0.9068355098718166;-0.38498537421460705;0.050293631729145881;-0.035624859270523446;0.15914033409744061;-0.037491891750507322;0.3703970539671057;0.92090491428375443;0.041075508827322527;-0.0019485267744928545;0.10790516730663968;0.97248299373409908;-0.0097308656487237275;0.042171071813985328;0.083113079799561451;-0.21193467689855736;-0.02407584988916852;-0.16242929012105853;0.024539312394987241;0.017323667716774797;-0.40724956082321073;-0.88572902828123345;-0.14948686251331067;-0.16175224954652984;-0.065916937717736837;-0.018514074194001643;0.90574565226961701;-0.38498476105273932;-0.023663121035559953;0.0035674471507724718;0.18818467039276812;0.036043318167277509;0.051460448426819523;0.14519499850344866;-0.96930125194532724
517,2,1.2484820229976841;1.9307927844243806;6.3539784456612889;14.285061355344515;59.964696073267213;78.423233504998763,0.046299366928179465;0.91159486216085395;-0.36862269527275343;0.050306030300894325;-0.048184563566100118;0.16160456547741814;-0.02748845130571597;0.35501811168917374;0.92747371377754817;0.043263018468673281;-0.007126034806161639;0.10524526844505171;0.96961510159854891;-0.042255446560533462;0.042876180143077772;0.092590283398161888;-0.21551042242316554;-0.034712568495877352;-0.1692780480143091;0.025321701876576383;0.018644273160443127;-0.37123642712313576;-0.88989017698706618;-0.20158157909797891;-0.167702981532379;-0.061576011265149992;-0.021991751304141754;0.92038863591838838;-0.3443168964833192;-0.043944298433191413;0.012959971624769483;0.19167324054574186;0.035216557338394974;0.045748530224810235;0.20180206388166066;-0.9586637580918469
518,0,0;0;0;0;0;0,1;0;0;0;0;0;0;1;0;0;0;0;0;0;1;0;0;0;0;0;0;1;0;0;0;0;0;0;1;0;0;0;0;0;0;1
519,2,1.287435103985441;1.8211040888011854;6.3125085192925097;12.979648643759521;58.591736310814021;71.518284642809448,0.052734709017793459;0.9292706248826722;-0.31190225597316368;0.0528683330257219;-0.081994117176089704;0.16393304433647085;-0.063303195890152875;0.30163109014823891;0.94591688170071053;0.041785664535844841;-0.010239112620881875;0.091661129011797363;0.96797442441874382;-0.039689864859268315;0.078097107812843597;0.0866179001430291;-0.20741378041457986;-0.069483329791169349;-0.18218131373268778;0.023489765704622381;0.020160721068180634;-0.31519746394779202;-0.85707246888397948;-0.36322043852430164;-0.15140888326692195;-0.070121681887241383;-0.02713306828866497;0.93955224215841115;-0.29267496624532269;-0.054818288835133469;0.011071970041453452;0.1960374618537313;0.026766010441949213;0.076474701393166214;0.36044388776868269;-0.90827425898315117
520,2,1.2943363968496069;1.9025218090372062;6.3826682858907375;13.050751725554601;57.280501494664556;69.817588581065081,0.013159943450360844;0.92525494291919497;-0.32924414708240146;0.045715924548113233;-0.073329037162397137;0.16691705921058436;-0.07062393326712739;0.31440788845890216;0.9402029800369246;0.044567596682958226;-0.010698593413773558;0.10038707824841334;0.96742482038862287;0.0011993195315670754;0.071767625767796203;0.09906557235469951;-0.21279606096259693;-0.061976085978334053;-0.17878354888746309;0.016983538329040565;0.021687758694755671;-0.33371586485888766;-0.86573928160070668;-0.32620064535620658;-0.16420607314629768;-0.07122455876623271;-0.031350269009793541;0.9319858722031874;-0.31031878763792103;-0.04566368859428821;0.0010492966125326833;0.19921885845836659;0.031825423628498904;0.078395481360855127;0.32159598128557043;-0.92180695438101445
521,2,1.2833228243620425;1.9433468227349902;6.2633426369640253;13.279124800744;56.704186661673269;71.775834381021085,0.0084604786656954419;0.92787486012969977;-0.32158732272221113;0.055625254406704155;-0.069556343624397873;0.16621072239236473;-0.053406951995405912;0.30776600463673359;0.94440271779558327;0.046588016342560684;-0.014171098955386275;0.090332868749313094;0.96989611832366762;-0.00095073613437450077;0.053238425284616593;0.090666979267429559;-0.21134049408652358;-0.059841292302909563;-0.17707006867840008;0.018188813889322301;0.017395156411102949;-0.34419242554195772;-0.86896217594325176;-0.30732568610591848;-0.15812626883341538;-0.074973345743239425;-0.02833855227381402;0.93025134950182065;-0.31337650278238754;-0.070707858416398484;0.0044622105551364076;0.19589688845767594;0.027296621518943257;0.051757971613656133;0.31144212120250492;-0.92800016688497378
522,2,1.3850593639891571;2.0018041657464773;6.3854559231804284;13.302355307832155;56.009043123456941;70.351257712087047,0.018425997031531995;0.9250450815165806;-0.32849131340101084;0.056547883523408421;-0.073221934096116215;0.16579029540869597;-0.07184693461465301;0.31459295234271112;0.94044873592028211;0.045748744019561832;-0.0098411562770180112;0.096102401075531516;0.96781150552187201;-0.0043877104838918133;0.07484517552681752;0.092988979563401464;-0.21307216564260106;-0.060606430225567144;-0.17893555668609035;0.020189538349697715;0.019764608075758822;-0.34248185730795994;-0.86500981725649129;-0.31882283924941607;-0.16065216192212967;-0.079217250716358961;-0.028760925375324358;0.92925900476820245;-0.31722240236298727;-0.054184580154396714;0.0035128083557655217;0.19652132002700543;0.028809742545696817;0.072431474108387295;0.31665425266001795;-0.924673345305011
523,2,1.4115795207016681;1.9873032391023879;6.3391556810620404;13.341637559969925;57.463521746913727;71.459898667289295,-0.0057874095808813312;0.93531192269959051;-0.29852668558773315;0.04949192961601985;-0.069952498760292192;0.16940226668617933;-0.079460903866001062;0.28386358822927249;0.95033725994011353;0.046032654472820463;-0.0072214457195757947;0.088291369044898704;0.96970495756650965;0.021100985607142141;0.075117751055653381;0.074724200352969103;-0.21075461296386183;-0.059859453303085765;-0.18567956249481865;0.012644216480527782;0.018544703294885917;-0.325102029615706;-0.87386150440996035;-0.3093445640239047;-0.13728062408490899;-0.073758150664783514;-0.03223402599407086;0.93818214914352971;-0.30272402733431297;-0.053358704374302145;-0.0013770405462607295;0.1963865523403005;0.026745006744786536;0.063013989517044594;0.30880613034429505;-0.9281072898218039
524,2,1.4213880414245457;2.0309232645476878;6.4225428475198703;12.594443073164856;58.875874528361216;72.405964258130794,-0.075594723634511279;0.93116152476347858;-0.30400630464052342;0.048926086308744239;-0.054911258366081232;0.17144915013131856;-0.089894400903538327;0.28350193300706072;0.9494682215436806;0.045562538537537077;-0.0065392310234343894;0.089090069512665057;0.96712152761700221;0.092149643320834529;0.063850621483275902;0.06818834048227039;-0.21241927409251374;-0.048331091525867113;-0.18602385287121204;0.00073688559228216781;0.01532416661758099;-0.32979091921794146;-0.89098126163447;-0.25010016812806007;-0.12646096575090801;-0.080317756601297682;-0.031212507118700224;0.93756361465212057;-0.30956056456746744;-0.0415834926427468;-0.01682663272520564;0.19396346818773633;0.028360367954848635;0.055615298836155298;0.2492883720457188;-0.9466007463906535
525,2,1.436144098657941;2.001143989618976;6.5237055196483507;12.476157683931653;55.698983926746045;66.625308600632977,-0.044254249568565565;0.93644086279204219;-0.28941316569354791;0.044347082059161429;-0.0620276603976029;0.17761192828775782;-0.10434858867018224;0.27008824571457102;0.95157658617855023;0.053507831717956318;0.0031089537839620717;0.088277735343373742;0.96412007181263781;0.063453373104099875;0.087831927437348342;0.094132593663042996;-0.21749360200921214;-0.05066850094164306;-0.1901510630302865;0.0051504446909901389;0.022775444954173052;-0.2934765506409015;-0.89478668206451051;-0.27663266813407761;-0.14586029299601275;-0.083459006758307502;-0.044306295074274159;0.94422466305747921;-0.27970039268507318;-0.0019486766358991145;-0.013884117589091976;0.19776902328786236;0.023362448642774019;0.092847202251105293;0.26450693898048683;-0.93891656549731062
526,0,0;0;0;0;0;0,1;0;0;0;0;0;0;1;0;0;0;0;0;0;1;0;0;0;0;0;0;1;0;0;0;0;0;0;1;0;0;0;0;0;0;1
527,0,0;0;0;0;0;0,1;0;0;0;0;0;0;1;0;0;0;0;0;0;1;0;0;0;0;0;0;1;0;0;0;0;0;0;1;0;0;0;0;0;0;1
528,0,0;0;0;0;0;0,1;0;0;0;0;0;0;1;0;0;0;0;0;0;1;0;0;0;0;0;0;1;0;0;0;0;0;0;1;0;0;0;0;0;0;1
529,0,0;0;0;0;0;0,1;0;0;0;0;0;0;1;0;0;0;0;0;0;1;0;0;0;0;0;0;1;0;0;0;0;0;0;1;0;0;0;0;0;0;1
530,0,0;0;0;0;0;0,1;0;0;0;0;0;0;1;0;0;0;0;0;0;1;0;0;0;0;0;0;1;0;0;0;0;0;0;1;0;0;0;0;0;0;1
531,0,0;0;0;0;0;0,1;0;0;0;0;0;0;1;0;0;0;0;0;0;1;0;0;0;0;0;0;1;0;0;0;0;0;0;1;0;0;0;0;0;0;1
532,0,0;0;0;0;0;0,1;0;0;0;0;0;0;1;0;0;0;0;0;0;1;0;0;0;0;0;0;1;0;0;0;0;0;0;1;0;0;0;0;0;0;1
533,0,0;0;0;0;0;0,1;0;0;0;0;0;0;1;0;0;0;0;0;0;1;0;0;0;0;0;0;1;0;0;0;0;0;0;1;0;0;0;0;0;0;1
534,0,0;0;0;0;0;0,1;0;0;0;0;0;0;1;0;0;0;0;0;0;1;0;0;0;0;0;0;1;0;0;0;0;0;0;1;0;0;0;0;0;0;1
535,0,0;0;0;0;0;0,1;0;0;0;0;0;0;1;0;0;0;0;0;0;1;0;0;0;0;0;0;1;0;0;0;0;0;0;1;0;0;0;0;0;0;1
536,0,0;0;0;0;0;0,1;0;0;0;0;0;0;1;0;0;0;0;0;0;1;0;0;0;0;0;0;1;0;0;0;0;0;0;1;0;0;0;0;0;0;1
537,0,0;0;0;0;0;0,1;0;0;0;0;0;0;1;0;0;0;0;0;0;1;0;0;0;0;0;0;1;0;0;0;0;0;0;1;0;0;0;0;0;0;1
538,0,0;0;0;0;0;0,1;0;0;0;0;0;0;1;0;0;0;0;0;0;1;0;0;0;0;0;0;1;0;0;0;0;0;0;1;0;0;0;0;0;0;1
539,0,0;0;0;0;0;0,1;0;0;0;0;0;0;1;0;0;0;0;0;0;1;0;0;0;0;0;0;1;0;0;0;0;0;0;1;0;0;0;0;0;0;1
540,0,0;0;0;0;0;0,1;0;0;0;0;0;0;1;0;0;0;0;0;0;1;0;0;0;0;0;0;1;0;0;0;0;0;0;1;0;0;0;0;0;0;1
541,0,0;0;0;0;0;0,1;0;0;0;0;0;0;1;0;0;0;0;0;0;1;0;0;0;0;0;0;1;0;0;0;0;0;0;1;0;0;0;0;0;0;1
542,0,0;0;0;0;0;0,1;0;0;0;0;0;0;1;0;0;0;0;0;0;1;0;0;0;0;0;0;1;0;0;0;0;0;0;1;0;0;0;0;0;0;1
543,0,0;0;0;0;0;0,1;0;0;0;0;0;0;1;0;0;0;0;0;0;1;0;0;0;0;0;0;1;0;0;0;0;0;0;1;0;0;0;0;0;0;1
544,0,0;0;0;0;0;0,1;0;0;0;0;0;0;1;0;0;0;0;0;0;1;0;0;0;0;0;0;1;0;0;0;0;0;0;1;0;0;0;0;0;0;1
545,0,0;0;0;0;0;0,1;0;0;0;0;0;0;1;0;0;0;0;0;0;1;0;0;0;0;0;0;1;0;0;0;0;0;0;1;0;0;0;0;0;0;1
546,0,0;0;0;0;0;0,1;0;0;0;0;0;0;1;0;0;0;0;0;0;1;0;0;0;0;0;0;1;0;0;0;0;0;0;1;0;0;0;0;0;0;1
547,0,0;0;0;0;0;0,1;0;0;0;0;0;0;1;0;0;0;0;0;0;1;0;0;0;0;0;0;1;0;0;0;0;0;0;1;0;0;0;0;0;0;1
548,0,0;0;0;0;0;0,1;0;0;0;0;0;0;1;0;0;0;0;0;0;1;0;0;0;0;0;0;1;0;0;0;0;0;0;1;0;0;0;0;0;0;1
549,0,0;0;0;0;0;0,1;0;0;0;0;0;0;1;0;0;0;0;0;0;1;0;0;0;0;0;0;1;0;0;0;0;0;0;1;0;0;0;0;0;0;1
550,0,0;0;0;0;0;0,1;0;0;0;0;0;0;1;0;0;0;0;0;0;1;0;0;0;0;0;0;1;0;0;0;0;0;0;1;0;0;0;0;0;0;1
551,0,0;0;0;0;0;0,1;0;0;0;0;0;0;1;0;0;0;0;0;0;1;0;0;0;0;0;0;1;0;0;0;0;0;0;1;0;0;0;0;0;0;1
552,0,0;0;0;0;0;0,1;0;0;0;0;0;0;1;0;0;0;0;0;0;1;0;0;0;0;0;0;1;0;0;0;0;0;0;1;0;0;0;0;0;0;1
553,0,0;0;0;0;0;0,1;0;0;0;0;0;0;1;0;0;0;0;0;0;1;0;0;0;0;0;0;1;0;0;0;0;0;0;1;0;0;0;0;0;0;1
554,0,0;0;0;0;0;0,1;0;0;0;0;0;0;1;0;0;0;0;0;0;1;0;0;0;0;0;0;1;0;0;0;0;0;0;1;0;0;0;0;0;0;1
555,0,0;0;0;0;0;0,1;0;0;0;0;0;0;1;0;0;0;0;0;0;1;0;0;0;0;0;0;1;0;0;0;0;0;0;1;0;0;0;0;0;0;1
556,0,0;0;0;0;0;0,1;0;0;0;0;0;0;1;0;0;0;0;0;0;1;0;0;0;0;0;0;1;0;0;0;0;0;0;1;0;0;0;0;0;0;1
557,0,0;0;0;0;0;0,1;0;0;0;0;0;0;1;0;0;0;0;0;0;1;0;0;0;0;0;0;1;0;0;0;0;0;0;1;0;0;0;0;0;0;1
558,0,0;0;0;0;0;0,1;0;0;0;0;0;0;1;0;0;0;0;0;0;1;0;0;0;0;0;0;1;0;0;0;0;0;0;1;0;0;0;0;0;0;1
559,0,0;0;0;0;0;0,1;0;0;0;0;0;0;1;0;0;0;0;0;0;1;0;0;0;0;0;0;1;0;0;0;0;0;0;1;0;0;0;0;0;0;1
560,0,0;0;0;0;0;0,1;0;0;0;0;0;0;1;0;0;0;0;0;0;1;0;0;0;0;0;0;1;0;0;0;0;0;0;1;0;0;0;0;0;0;1
561,0,0;0;0;0;0;0,1;0;0;0;0;0;0;1;0;0;0;0;0;0;1;0;0;0;0;0;0;1;0;0;0;0;0;0;1;0;0;0;0;0;0;1
562,0,0;0;0;0;0;0,1;0;0;0;0;0;0;1;0;0;0;0;0;0;1;0;0;0;0;0;0;1;0;0;0;0;0;0;1;0;0;0;0;0;0;1
563,0,0;0;0;0;0;0,1;0;0;0;0;0;0;1;0;0;0;0;0;0;1;0;0;0;0;0;0;1;0;0;0;0;0;0;1;0;0;0;0;0;0;1
564,0,0;0;0;0;0;0,1;0;0;0;0;0;0;1;0;0;0;0;0;0;1;0;0;0;0;0;0;1;0;0;0;0;0;0;1;0;0;0;0;0;0;1
565,0,0;0;0;0;0;0,1;0;0;0;0;0;0;1;0;0;0;0;0;0;1;0;0;0;0;0;0;1;0;0;0;0;0;0;1;0;0;0;0;0;0;1
566,0,0;0;0;0;0;0,1;0;0;0;0;0;0;1;0;0;0;0;0;0;1;0;0;0;0;0;0;1;0;0;0;0;0;0;1;0;0;0;0;0;0;1
567,2,3.0967620628564125;4.4321616307665836;5.6440537114439033;6.9200636024708473;47.708696151120392;56.099690933773878,0.50042728932973701;-0.48971476710730188;0.59830794158244982;-0.37837042597469117;-0.035884872226833474;0.08560186156561693;-0.18938593681265967;0.010384467390391634;0.63623653813033398;0.74742694563455125;0.0016829435325070368;0.024048408741736835;0.47447949407907819;0.84235287918309265;0.23699967225168717;-0.092458202556419317;-0.0075450802064683763;-0.023163430828004913;-0.48040677912702739;0.11996570455795075;0.31913499135898699;-0.3756031846441259;-0.42618226240219115;-0.57468368733412845;-0.038969144591256354;0.047455184338445845;-0.051600187493027749;0.016018270707878077;-0.79892800225187111;0.59583915121555908;0.50622666570299035;-0.18403660466149635;-0.27668051590395076;0.38510508326415627;-0.42277090940909462;-0.5534183012844256
568,2,3.0650638798198107;4.4083060526045843;5.5884106564543439;6.9636485534613204;46.125986352891275;54.465459937197842,0.45179769589955232;-0.45821503991449264;0.68101392613730727;0.33684362029854792;-0.031665695400467223;0.087587161057078589;-0.22194654873988409;0.072541586692660184;0.58073838166935687;-0.77958118229449136;-0.021747561771917313;-0.00077687059555582648;0.49052156655281581;0.84276851731791524;0.20122780694200187;0.088735376418478812;-0.0012913308142232314;-0.027596269933575068;-0.50776960915633684;0.16201738899235596;0.30408815340629386;0.39741716011205919;-0.38321659356870424;-0.56449572886013544;-0.028659415839814701;0.047950346397341581;-0.056050359742071995;-0.0067460202775740498;-0.82260621196063033;0.56303753923790645;0.49734879725382269;-0.21440394482963498;-0.25071714402320699;-0.33605011636249005;-0.41831414297617425;-0.59657324201088624
569,0,0;0;0;0;0;0,1;0;0;0;0;0;0;1;0;0;0;0;0;0;1;0;0;0;0;0;0;1;0;0;0;0;0;0;1;0;0;0;0;0;0;1
570,0,0;0;0;0;0;0,1;0;0;0;0;0;0;1;0;0;0;0;0;0;1;0;0;0;0;0;0;1;0;0;0;0;0;0;1;0;0;0;0;0;0;1
571,2,3.3212387828843868;4.3148790666195111;5.8944993615453525;6.8646008790273179;46.069507104062573;54.143590968546455,0.4418842608701738;-0.39854092930102736;-0.65798338993634997;0.45552991326369974;-0.012463293794043866;0.072790457236733733;-0.22122348515043502;0.084449865083902745;-0.6814433824963011;-0.68966802398062244;-0.042697819132257557;-0.04580632376887029;0.50346105584114531;0.84954718526902362;-0.13092720745116981;0.07295904356725863;0.026309671558094484;-0.040489390537427575;-0.48148046428652125;0.1966750861015189;-0.20157376137179828;0.43923073201380652;-0.32205033872763367;-0.62627744261138185;0.018250901237680354;0.045294734614864815;0.040584763351112406;-0.014017833574555279;-0.89647651468247869;0.43829388265015312;0.51977774286600853;-0.26752612112426016;0.20801859791631042;-0.34410370119903094;-0.29990465431504842;-0.63768250454246911
572,2,3.1444015540300549;4.4165204621323157;5.9489916089651729;6.9959171197567853;47.655059394680471;55.470871584964357,-0.41845359820390332;-0.48675548738192775;0.51806900942257761;0.55997679568294478;-0.019844223133165265;0.074849036297070529;0.17737668604587678;0.13216127305978245;0.82695869172470493;-0.51230794711720462;-0.045328494523211887;-0.05192423553966815;-0.6094222599495811;0.77390960038787249;0.092020094513516462;0.13791372472242716;0.031372188823334195;-0.034588032797076895;0.4579646560091441;0.23982747310834152;0.12367308418574358;0.50784515464650393;-0.29053737673309105;-0.61248465846909361;-0.025992966890189338;0.04436605962362411;-0.043097792272416856;-0.026865625736450082;-0.91353001996165917;0.4002995622151026;-0.46003407047109673;-0.29526405085994423;-0.14874029182379128;-0.38251522480322409;-0.27860053034917043;-0.67463172705309638
573,2,3.2668945701806082;4.5113382691409756;5.8322946917444796;7.3675940699749933;49.754479680055873;55.335100365222956,0.42132439553425421;-0.46621654637667453;0.47295270422670943;0.61238550451486184;-0.0014545512551618778;0.08015923725728176;-0.23348224109369423;0.18475572053911257;0.87709415387425693;-0.37039037872463904;-0.05368345637370911;-0.044567543364330407;0.57839745700630329;0.79480895695504261;0.056507727895090738;0.16911124955389148;0.011571393792985246;-0.042537847627998164;-0.44911795402762794;0.19516327990111904;0.0040420493590253622;0.52061817717195202;-0.47420737521318523;-0.5140740202313574;0.036195961833144982;0.033321590949069599;-0.036102667347839908;-0.056384522353764122;-0.76938428071991438;0.63335987838985019;0.4800115563892331;-0.27854468817691985;-0.050087131478347091;-0.43008585854421133;-0.42444936978705505;-0.56952781183111689
574,2,3.1283333773503363;4.4853499169643536;5.7877120209230091;7.2491610434088862;48.917187611683325;54.870561078928432,0.41718657841171014;-0.45985332678138841;-0.48497252102645738;0.61228794641370721;-0.00038181989434360919;0.066296722245639594;-0.21950112463185145;0.20693704117165368;-0.87097250361948042;-0.37552952515613464;0.044154457289196244;-0.086204262381812641;0.61202992771574871;0.77405821294499;-0.030935960600738898;0.1444593431169742;-0.050782796971336738;-0.042997937303475592;-0.44041731563983344;0.22804081402985604;0.0054587272655840036;0.54408144539918024;0.24618182043793518;-0.63037296069552895;0.05560823782676471;0.041247256921181613;0.021906393686008361;-0.024031600670761943;0.94302774363437769;0.32380187538525729;0.45402014782291689;-0.30469970913129807;0.068860949326009877;-0.40817938157168809;0.21345850104540737;-0.69577799841277077
575,2,2.9749435150455756;4.5403697937503278;5.5959192184917823;7.5781100470352953;48.134361160216741;54.960431515988418,0.40683095958106785;0.52405487128259942;0.4244832442349209;0.61254656502918314;-0.0036235618424440988;0.066652929760410082;-0.16057845478914953;-0.30250911597038738;0.89951688863440205;-0.24624491561924444;-0.033057029283393789;-0.10882479506278252;0.67928334301874671;-0.70046019627519873;-0.063041192835512502;0.19646705929247404;0.061579334320635087;-0.039549229257432726;-0.41862300283213405;-0.21388829872783069;-0.071452438888041522;0.57972708246910765;-0.15153859939176315;-0.64409136688074931;0.061867590913458233;-0.04011380216783441;-0.020709005212782385;-0.0187571201200845;-0.97884059478979513;0.18882182503530343;0.41012736165187136;0.3096012251540009;-0.034275888189874266;-0.4348741451411498;-0.11836059768817195;-0.72913855946525341
576,2,2.7793674037094918;4.5556092756428823;5.4522181893754347;7.7800284478995412;48.656401503544224;57.129811560062798,-0.38350984606241106;0.41221516093281924;-0.62625519431048204;0.5358771852171299;-0.010361018776327955;0.059427117742147317;0.20353939835213181;-0.54526387689114841;-0.74654175200435902;-0.29200648709885768;0.013775103031771683;-0.13592971867475534;-0.70948466823780931;-0.63655265631805535;0.19382072885445747;0.21051839565357633;-0.091266908357765353;-0.034901330440265062;0.39310914209927711;-0.17539537638754477;0.11146733786347379;0.61927313209884105;0.078196559306850544;-0.64238834275112344;-0.09861408939960449;-0.036448637333164439;0.013072017230203738;-0.014573666557411566;0.99253437236813224;0.058643059988768703;-0.37929392375436549;0.30898970883771998;-0.017819206909783215;-0.44669705064054366;0.011578646102352366;-0.74878009789522393
577,2,2.6896879417294901;4.5741882439225376;5.4511315465082939;8.0634126534228301;46.544270888800803;56.048673773202786,-0.38152949858162982;0.50348584857871204;-0.5498135892258641;0.54239181375402212;-0.022036580808634614;0.062990226023435056;0.14842498612748731;-0.55461335006257828;-0.7887326663670412;-0.16250579514346514;0.018254983835855318;-0.14674283131008442;-0.74650604207053095;-0.57502473101085372;0.22043959704089644;0.2325702237020813;-0.090224997548468799;-0.035386618926881254;0.37660127973828705;-0.14713396666143774;0.16061401764127264;0.64109178843280124;0.11084926940136539;-0.62244675882223033;-0.11867702668537908;-0.016925594716305607;0.0046990795194357306;-0.03174190651758059;0.98928598145064117;0.076895412790094222;-0.34528427967965519;0.29379875942080513;-0.034543279423887525;-0.46185262599582272;0.0081413062356163537;-0.76150751014621132
578,2,2.4460294077258706;4.4615859141477712;5.4149620032047263;8.1051638311109393;46.587899351021122;57.967808886165727,-0.35763738509446863;0.41973626902452293;-0.65336927692853297;0.51416998276101367;-0.024911927801858032;0.063515178459836244;0.15843319508940848;-0.68442512425194224;-0.6731316666660101;-0.16618916555719149;0.0097941064442842833;-0.16012547595019849;-0.77064278392480023;-0.50763217385425052;0.28204166422839194;0.23485968081565431;-0.11343932922321151;-0.02905553655463233;0.36983454741886646;-0.12777191677473301;0.18971847372021872;0.6790962301322192;0.08681635733674746;-0.58497425231154421;-0.13888145407699368;-0.022848188727062919;0.0043083081283612282;-0.028535410618846652;0.98909909846945931;0.032249716497054173;-0.31150998749659403;0.28433358468829989;-0.066657228767384932;-0.43688140377811291;-0.023682977499082263;-0.79135738435353509
579,2,2.299762116540232;4.2223062793538277;5.3560135153700683;7.8410214859733873;45.436333617718091;59.434518935754966,-0.33253413140480048;-0.29985927801111589;0.75274538771605892;0.47756717193414594;-0.033490460456234016;0.060727518168936866;0.14594959664043619;0.81732040382306281;0.50260406190453588;-0.15385951910249354;-0.00069565121675827565;-0.18547774568123906;-0.79409525229053979;0.40280546940327133;-0.35478708057227493;0.25262958256983692;-0.13058004455325231;-0.020341031008707676;0.37599368969295993;0.084226415871195087;-0.21686490038648776;0.72658171911741998;0.049766738870039892;-0.5235518582791403;-0.14771946435220037;0.026852786997263907;-0.0059609571730670843;-0.0056103728979772609;0.98854380129331898;-0.013116070755408979;-0.27265399711639271;-0.26833628789997721;0.088451951127170275;-0.39557890217159108;-0.046164723751819695;-0.82898602957585998
580,1,2.1396104724224623;4.357697445088399;5.6884739507600992;8.3375997638361987;40.898743375321153;59.342241264611552,0.3129571718606588;0.37395081823464216;0.77105633112293748;0.39989946697225803;-0.049894639921685892;0.072675096011253063;-0.11263195015482724;-0.7940455588225489;0.53884217565891512;-0.17659128943925248;-0.018207018877061318;-0.18691930078904728;0.82155110529801867;-0.37686410830137645;-0.30074719112140158;0.27429318789430929;-0.13147892910972761;-0.0074088167299016239;-0.3628125031160353;-0.10491263672436246;-0.15177968819675614;0.76596872412930295;0.0068639106897757148;-0.49756221005507023;0.15965311279623204;-0.0072321966955124998;0.015162931334719167;-0.0045439114169852305;0.98053170366796449;-0.11298493434880547;0.23938171385060844;0.276707271166725;0.037488435059686895;-0.38331507459142061;-0.13565686640527042;-0.83629592046252488
581,2,2.0704048788607339;4.0563160613582925;5.5251341524889108;7.4255502057886487;36.827258479903506;58.355286261616513,0.27257676022364796;0.32028830608151787;0.77089332626795082;0.46323391041567846;-0.082679121830050009;0.086135343171997281;-0.057748143292889784;-0.88810359098278402;0.40401100587650368;0.0079376229121680356;-0.036223404681562668;-0.20817571869971757;0.85788629804167582;-0.21997363576787543;-0.37140786027656375;0.23653031466165808;-0.14679954024319883;0.014219906984178405;-0.34817825110979972;-0.0099356838051086697;-0.30196663252029404;0.78546120425467603;-0.030178687327921016;-0.41186075793617155;0.17952500028599042;0.012182082157258068;0.038409880033634589;0.02994780600428117;0.9631906978725232;-0.19368495220280627;0.18149611866645921;0.245054874058071;0.10906705245458131;-0.3340038535045447;-0.2040951962052979;-0.86133513942500917
582,1,1.9734864141903519;4.1076197172257656;5.6771575541579899;7.6206914619533226;43.143970553080862;57.800816312305287,0.28075003948262539;0.35482772496107529;0.80042102565376183;0.37426090882178426;-0.065922793422814221;0.10092492286871824;0.024025533073239052;-0.9006286673722681;0.35880003741657379;0.11559373637663495;-0.051868960264126573;-0.20856895619739779;0.87921875987652998;-0.095213540313810949;-0.38001417958469014;0.20845647667515194;-0.17248471277740746;0.017114278452185949;-0.3148374347365942;0.07453215751793163;-0.27366588530549596;0.8324698842020064;-0.071667686598407623;-0.34969553185377195;0.18367290462959385;0.014040391210666331;0.0097069755456934987;0.057739027182233296;0.95426182649883873;-0.22808655675529146;0.12131865135104587;0.21942537628424841;0.10578608604885016;-0.32676115773957887;-0.217855294430224;-0.87847015291172847
583,0,0;0;0;0;0;0,1;0;0;0;0;0;0;1;0;0;0;0;0;0;1;0;0;0;0;0;0;1;0;0;0;0;0;0;1;0;0;0;0;0;0;1
584,1,1.3687872991172096;3.7524843610956693;5.6434680092388838;8.4070776259787809;38.907597262246142;57.755510119183718,-0.16514545678436854;-0.42202757833939414;-0.86789658047611262;0.17330093321150716;-0.054893650998589845;0.091261714044854711;-0.025891508940502874;0.87075848841427816;-0.42728950004542759;0.069412872831545333;-0.024865649044265543;-0.23042682212162918;-0.90819199203615719;0.052891022568326333;0.21743118608127951;0.28068234797192437;-0.21514824544224409;0.0064943569699775104;0.31369631560065242;-0.052560881837023614;0.12953687689311716;0.91840960239699243;-0.013953535508798163;-0.19591139291953377;-0.21259949893723731;-0.013411108996138701;-0.010353892417897692;0.068498245663058621;0.97026843948747987;-0.091659902872201118;-0.060332313894582434;-0.24069153197225845;-0.0039852860202289012;-0.195442707043121;-0.09200039805409177;-0.94432504512686444
585,1,1.3621377107538226;3.4524277972364441;5.6698712302620207;8.7018068810457923;39.881750697842428;60.921105349571761,-0.14826512322780358;0.38317814212525253;-0.90177523003061755;0.093238460786442032;-0.051077977165312607;0.081798709120535287;-0.0011168736315815575;-0.88630467537274216;-0.39570057379799917;0.0049571772512671001;-0.032293782828890616;-0.2383618444423177;-0.91427793795337098;-0.067617253636900521;0.16540493066089734;0.28568547375036846;-0.22415386689891201;0.017430494476387313;0.30507065420965568;0.036852164093284609;0.047197889150073086;0.92976235707714272;-0.050446518566070707;-0.1906391390256216;-0.21261774249111581;0.0087583675317138461;-0.017821312605026111;0.095832098487419942;0.96342123357321474;-0.13051866913571614;-0.061948765260830513;0.24825722511194379;0.017845430480551424;-0.1897998792775043;-0.12400754516719778;-0.93957989327208924
586,0,0;0;0;0;0;0,1;0;0;0;0;0;0;1;0;0;0;0;0;0;1;0;0;0;0;0;0;1;0;0;0;0;0;0;1;0;0;0;0;0;0;1
587,0,0;0;0;0;0;0,1;0;0;0;0;0;0;1;0;0;0;0;0;0;1;0;0;0;0;0;0;1;0;0;0;0;0;0;1;0;0;0;0;0;0;1
588,1,1.0826841530306646;2.6121528465162247;5.442516830034176;8.820389383650026;45.337369110822813;65.99297807627805,-0.12881805781925121;0.3426195783230867;-0.9256802820138843;-0.02662492372586504;-0.043805137125990275;0.080659602144118256;-0.00070543838061040991;-0.90069312641700316;-0.3539450560544718;0.022279856583775876;-0.034424425593681432;-0.24858169399536273;-0.92267369472456928;-0.053193369794636534;0.12955977894050402;-0.26512081920344188;-0.24154885599969772;0.020568994730536937;0.29206694040805886;0.018989023094542881;-0.012334829114725537;-0.94274479730308669;-0.10212228663730374;-0.12242327002343523;-0.21239516193029023;0.0022409118763267537;-0.021255363596066838;-0.15310128473441584;0.95694328568737563;-0.12349505095950124;-0.040790451198304066;0.26109112834534087;0.021195234730719735;0.12766329316889471;-0.11126906847356641;-0.9492310581694019
589,1,1.0310188008181973;2.6591272334240461;5.3936478109621619;8.7141398089859994;42.231988075714128;63.957250670427221,0.085702648030112738;-0.35868109698273548;0.92594426727382051;0.0022303223494451866;-0.028881715653363733;0.076098704678673024;-0.032256822002764154;0.89254280545577924;0.36907884162267823;-0.044468142854923079;-0.016770473192064195;-0.25268356105971662;0.92619259956029076;0.072799677040531779;-0.066758262522264619;0.26704956568948801;-0.24693885642052615;0.010795396349058971;-0.29167404444994138;0.0025158064205680771;0.029301684080239164;0.95015927154211488;-0.076820065548171682;-0.07319405750511554;0.2181470151263899;0.0075677983853467395;0.017700483987038867;0.13939639744461924;0.96361096002671154;-0.06374843669872729;0.033465708722823916;-0.26334733198731236;-0.027918831116380587;-0.066844165641640585;-0.058808113089350272;-0.9595948266317833
590,1,1.0001027053875498;2.6108352245035245;5.2168418472519429;9.4181804592102214;40.958690771101679;64.870032094145785,-0.067117751594315864;0.37896099298895164;-0.91953117215956004;0.013772645288512247;-0.024525514132167761;0.074531939723375143;0.064730687226310354;-0.88164792795595237;-0.38724102331649601;0.064047986182508829;-0.015441594797010709;-0.25339824730859595;-0.92701120475066168;-0.099462917153585698;0.030509847345363824;-0.25844464308171988;-0.25074773683479123;0.012587395583714989;0.28639821673518073;-0.015425296667932565;-0.042983487898646394;-0.95284075148326408;-0.078019912748102382;-0.043565318422673666;-0.22095168447192928;-0.015656734725542212;-0.023064747210009291;-0.14115185412623896;0.96267903309135994;-0.061061203279172166;-0.033343461109870354;0.26212506922372564;0.034589011359510834;0.032942260997355567;-0.058716277470330799;-0.96148295262019745
591,1,0.91367418967164249;2.4130454550662517;5.2646649375950485;9.448736456379315;43.7953441378056;70.081763102082434,-0.078236073582498497;0.34489013152571668;-0.9321961383760522;0.015874563772118773;-0.025377745850614527;0.071022825935973713;0.051331365404100958;-0.89779510117653472;-0.35382790538901976;0.055309843158566852;-0.026706928927675701;-0.24972469199943231;-0.93039035910212609;-0.087076585572617882;0.05002618883390586;-0.25006064860209476;-0.24753536646844371;0.022016873838471219;0.27827542016627865;-0.0057827184951317386;-0.043748375241536339;-0.95276759655037102;-0.095659432430194286;-0.060816201069906324;-0.2167849451219046;-0.011945160332405311;-0.022912891686390779;-0.15168557827913309;0.95825626577715217;-0.1052283923123746;-0.034424780402141017;0.25933818661362418;0.029574185598995446;0.0581711595317966;-0.099815601967269657;-0.95777709766261165
592,1,0.89602768265737709;2.2690705540799603;5.4089344049250307;9.2790179747403609;49.169628920383971;72.646662735097422,0.074273485687522622;0.33046577811458822;-0.93721526911679942;0.038207980968982903;-0.026934330936332487;0.068688064178254044;-0.056110833788165809;-0.90427529752236313;-0.33880419713963433;0.052938857188934998;-0.016591144116453911;-0.24753118583209546;0.93809140616640818;-0.086601003623099929;0.042839813215320932;-0.22273946870733896;-0.2466601138573882;0.013980256210521614;-0.25270617020259012;0.00030728614086013387;-0.060106673048623105;-0.95754127080916907;-0.11029403503306945;-0.058962916354932941;0.21539155571749044;-0.010767719195789368;-0.026202693585813487;-0.1613136962017562;0.95996372222173965;-0.072467207988700238;0.032643630301973224;0.2558569595613569;0.026544536960419321;0.056721801669771386;-0.066805253087505803;-0.96181427135259978
593,1,0.89347974260601637;2.2355931668931803;5.2675814358134829;9.5991299913788772;48.271691882600273;73.226254413584201,-0.10712516381161875;0.32801604753728625;-0.93537302502895037;0.019426643279589016;-0.035782731038859872;0.065948294707516411;0.056290567082442747;-0.90376451996166218;-0.33871323778455464;0.057809388172917274;-0.024360582600465603;-0.24774794392677824;-0.93449006254578415;-0.10033097936723759;0.078074156216744794;-0.22152985155583363;-0.24720191818709397;0.019549430367728451;0.25036958766434186;0.00056032939906207422;-0.050262734550112473;-0.95617034234277898;-0.11269179818071455;-0.088471736538781376;-0.21838530857036287;-0.012266244643425239;-0.026280367621607147;-0.1593357828399426;0.95709582372873503;-0.10023188628597862;-0.041313689165488159;0.25573049264607856;0.032219132855436573;0.086922895548220871;-0.091024791365865707;-0.95708720568341554
594,1,0.87265045892626558;2.236181116094484;5.2656089785756732;9.3869942253916072;48.191187411665396;74.985696933261934,0.092607708812989145;0.33836874462797989;-0.9330244594686713;0.035979957060431049;-0.032527813038725019;0.063585745488545259;-0.063089145993541387;-0.89985621253778958;-0.34646326486846152;0.066413107047830211;-0.014226473967221258;-0.24825122187483842;0.93787971691970906;-0.10317973779734836;0.056939261411501817;-0.2133841252307192;-0.24654727048051855;0.013234701610409922;-0.24253767326879697;-0.0063699596250449825;-0.064685805532002844;-0.9588487375253365;-0.10906645407719266;-0.075261240778407623;0.21794845153206077;-0.012603164507600925;-0.027164572664687033;-0.15704282862600505;0.96031274109186315;-0.068838274127773505;0.038718962240176596;0.25479386763199396;0.035557238284391647;0.068619279542380771;-0.062112318646483936;-0.96111917270086855
595,1,0.90562268180480532;2.1755765975286856;5.2279109531052228;9.7389126040325777;48.854028429722682;73.182974190779007,0.090528687695909382;0.32782062719962934;-0.93690055355475954;0.041174187716502518;-0.029671797446478108;0.063085787127259499;-0.069436845623606025;-0.90312026670622492;-0.33598302391206308;0.066994705713556174;-0.016890248670445078;-0.24878533896399835;0.93761087827516831;-0.10656132721489907;0.053143584035117153;-0.20758997690079614;-0.25179476744204549;0.014562985178251883;-0.23879755395046656;-0.0050659272119190192;-0.068276127251209059;-0.95900507929273593;-0.11506916450385858;-0.073190028879976929;0.22217073891906117;-0.01588175331288039;-0.026743695476731114;-0.162382232915671;0.95779797263686328;-0.076991957230288274;0.038533272757442907;0.25548817992680389;0.03364022989546156;0.068293963764168478;-0.069396181581198424;-0.96053600465375444
596,1,0.89360864471560097;2.1071960418624971;5.1866647361962901;9.4827182881513163;49.164307218141445;75.106034883809912,0.07151088531220208;0.31887721548900422;-0.94142940993373436;0.052536149669089753;-0.025418344869857595;0.059228722404664397;-0.078286085762984667;-0.90672505773924594;-0.32506800037695199;0.059730682344949729;-0.013716530952263951;-0.24959137793570424;0.94038964083050713;-0.10578056812761416;0.032053676492939137;-0.20032372978379168;-0.25127666841616658;0.013446034498586591;-0.23394437967470161;-0.0028365445787807407;-0.07201704716392078;-0.96104775182412716;-0.11980474671506758;-0.045930028626059369;0.22028300881273463;-0.016690091720108022;-0.02821564566296713;-0.16781993108333068;0.95816121723868897;-0.064531129832541778;0.034208605985527253;0.25434397451004387;0.032116122487745445;0.042027268469900105;-0.059997540587897302;-0.96319337228392354
597,1,0.90607206538780161;2.1004868693336372;5.2926509140417553;9.3939677916430906;48.725830509331111;75.376512486266421,0.11027387598389957;0.31066574088052917;-0.94008054946163788;0.052952342090263699;-0.035246105330148894;0.059403634305957582;-0.05230221368394853;-0.91052003380811319;-0.31840698575911591;0.064627024927183196;-0.020044977043125103;-0.24951209277713871;0.93862903365394135;-0.09417318497657641;0.078294499940273876;-0.19872404856698034;-0.2534433461227199;0.015878996177536214;-0.22760999050926856;0.0023144279574662334;-0.081244020456316929;-0.95768931914576583;-0.12395400026052074;-0.095154183288121044;0.22547097087959969;-0.011769991505275055;-0.02818956222826512;-0.16613057243947915;0.95543927487795777;-0.088125377125824772;0.037897511951262633;0.255788169061409;0.036609847640677547;0.093594607389619;-0.076769649605904128;-0.95767550902109466
598,1,0.93710655797845333;1.9575311336288816;5.3231784114328891;8.4403354585372163;50.611637928912565;78.288863376342093,0.077705702531175425;0.26949668029228097;-0.95633107375280024;0.052072629095890895;-0.024476191592793788;0.058767319358188456;-0.048755725781589328;-0.92525763763170576;-0.27649122808890192;0.05371633492342507;-0.021584638831965368;-0.24844001836758087;0.94806721859179421;-0.075666735481106542;0.053360525257772178;-0.1795507761703386;-0.24495505962466638;0.018822488102545713;-0.20656770823209486;-0.0077845420170765747;-0.072083904549910177;-0.96858052974556597;-0.10670000767883198;-0.050398008743390788;0.22223649019611663;-0.011959268132293902;-0.023278674128781509;-0.1466748885188108;0.95949255376011755;-0.088241362289689318;0.026343431255566003;0.25561839775061429;0.019953609812938398;0.050027491580704908;-0.083193664519050803;-0.96132365834122668
599,1,0.9369423630818533;1.9196499203075281;5.3833125464305525;8.6625852564144932;52.518259168403802;82.132901875461684,0.097181242934770526;0.2439447530397896;-0.95935045327505619;0.082354809432314033;-0.030144287955385232;0.054794877077922688;-0.034316249509474532;-0.93359799009066979;-0.24900321209202636;0.063092031352632472;-0.017551206254064314;-0.24683180310678135;0.94743270599013429;-0.065679890566721702;0.072466723921418216;-0.1793719163075097;-0.24576384592846867;0.015226332259360226;-0.20266166210004097;-0.0052260168588704218;-0.10576651898140305;-0.96328975671032291;-0.11317546851670421;-0.083537661376104119;0.22337846791480478;-0.0074654086337506264;-0.026941398089909363;-0.14958209590434471;0.95927458887601946;-0.082085007988886183;0.027924531300494826;0.25394656674167471;0.02191544260135412;0.082224313832155282;-0.073259713075523356;-0.96027248831895329
600,2,0.95955035180840298;1.8734668360213593;5.2447609872064005;8.5120170036306337;52.825505811613269;78.999468393488911,0.10656192886230814;0.24026048779603654;-0.95954930580013897;0.079512616899950289;-0.030978141695063379;0.05387653988953213;-0.052989316219931477;-0.93158192083384728;-0.24683880523482674;0.070631762700450143;-0.017292731756893952;-0.25125679473104368;0.9465773816847397;-0.086763752875057693;0.078221405991074633;-0.16909576969376991;-0.24805979028129968;0.014754132707378211;-0.19358468830687295;-0.011353813660069767;-0.10501369473888165;-0.96556218465878074;-0.11425778704152206;-0.077479087134072325;0.22659225049503609;-0.014258930170007613;-0.026107330071681936;-0.14967919196195217;0.95884594009683044;-0.077341094483933739;0.031762692506720855;0.25801133268200621;0.022531685407685936;0.073357518863442592;-0.069045476834492386;-0.96008593536202025
601,1,0.9413682972320494;1.9113762701389831;5.1739969333754408;8.4158398870460545;51.112630876155677;79.826774903426141,0.074250955141066499;0.21613765030019513;-0.9688401373791633;0.078137577628371285;-0.024020480560454981;0.049372416008229211;-0.059534448958003965;-0.9379626598466354;-0.22064748825698291;0.069978347568001642;-0.012348277888723263;-0.25089227758424859;0.9479098801056991;-0.084813802758630139;0.046125250092131552;-0.17839867226583633;-0.24520781823139023;0.013891687282196924;-0.20229857325632369;-0.02426849488206663;-0.098902138097274772;-0.96906286414182519;-0.089487147723026988;-0.040173501565625103;0.22530045765514287;-0.014610272470821466;-0.023563526995181057;-0.13063068195187444;0.96310343181988634;-0.061954890555990641;0.026912734620336349;0.25595851971021322;0.014108958440745075;0.032003966032992215;-0.05972848930103615;-0.96383096646595856
602,2,0.96195533161019009;1.8600821651497188;5.0837322465704791;8.7396536156335056;51.387045005433251;78.91617261165193,0.1040310410766314;0.21606274113055718;-0.96553768372241611;0.084043528029726228;-0.029679872180602539;0.047824745511849939;-0.036084863501455129;-0.93874646501065817;-0.22042472764126275;0.063419713047932397;-0.019124083314948772;-0.25392539442645484;0.94844122440632916;-0.066288060804797919;0.08180754635989633;-0.16222241963162592;-0.25049194323076884;0.017616331776792324;-0.1832182844032724;-0.0091387607419771231;-0.10685829862609302;-0.9681452479891407;-0.10493518010954166;-0.081315644857449826;0.23252059428582536;-0.0087309907960782598;-0.022712434248257526;-0.13793421626793201;0.95845072412004884;-0.087683805685599789;0.026455669685433735;0.25984247568806462;0.022866907531523522;0.07916718222023722;-0.079799614098767069;-0.95844857387276339
603,2,0.97263349394058196;1.9039739295790756;5.2317103878528401;8.3349272327411228;51.143681624400216;79.779183890316276,0.10049862676649497;0.17202999272704997;-0.97374496454225101;0.096815369410651178;-0.031325464304560659;0.042094550490214544;-0.06297276663790996;-0.94695583566673291;-0.17769698777015061;0.065575199216407185;-0.014005156028585663;-0.25146889538955991;0.94976536124297217;-0.088667894199646963;0.075651081207379567;-0.15398959628602527;-0.24573915517046116;0.016129131567973437;-0.17034194077989312;-0.012449938713006455;-0.11691199015684801;-0.97155344636955232;-0.086061522148336719;-0.076403691323812917;0.23199503852218287;-0.013316447728980161;-0.024233681766372053;-0.11694376699539631;0.96235396045891375;-0.074918042813391608;0.032282202146905414;0.25590233035901522;0.016301953986905787;0.070865632979939155;-0.070022194348523456;-0.9608751518269949
604,1,1.0265116886590118;2.060057586532043;5.2705713695422949;8.2219495281639468;50.311394745413267;79.170266072433364,0.097165216944700344;0.16008240286473713;-0.97725695768998877;0.086310015636970508;-0.028719105617863679;0.040338291100446504;-0.040369156445765116;-0.9505998033637636;-0.16419950091020638;0.062065670897738998;-0.015778118274825351;-0.25232473607078409;0.95116164864600816;-0.064628046853351995;0.078584643941291804;-0.15214947926193062;-0.24790525497021954;0.018240283989669575;-0.16188616757926627;-0.014838873973835352;-0.10647345651189842;-0.97547246499252194;-0.058588145853752292;-0.085187903078595431;0.23938159434638198;-0.007187197488133761;-0.016887952027004105;-0.088445985607953165;0.9632118721033911;-0.082217945885940821;0.026647532787058701;0.2574587456452066;0.014491943234402402;0.078611368950897098;-0.079117426139042629;-0.95935164169414378
605,2,1.0001965187688184;1.9255733436624296;5.0709488595425185;8.3862397043746828;49.694587731163153;78.57508505786781,0.09287027427293465;0.16860783371644678;-0.97579754524166373;0.092271339809394476;-0.02876132585226112;0.037741850130326202;-0.066568455339289026;-0.94644287400357285;-0.17477216605730764;0.049567625051456857;-0.01343291970465247;-0.25813140875957419;0.94900880944015542;-0.087798675720638597;0.069296304164656763;-0.1475137373928973;-0.25471681810943397;0.015189938393074134;-0.16151902337761143;0.0013447938786375856;-0.10814477706555305;-0.97556759563128137;-0.071078187233968956;-0.07369030780056765;0.24343249960935531;-0.013451737820077478;-0.019928376000498616;-0.10290500564637146;0.96161624787364508;-0.069765896768243379;0.031277080047116886;0.26062601458421403;0.019478961074057607;0.070336148913898805;-0.065983092535739071;-0.95990387670669042
606,2,0.98069652382699624;1.8640246067295074;5.112237501102352;8.3157371239916866;51.407888808334938;77.815866770124572,0.074647982520899492;0.17635947857889092;-0.97516929937915509;0.10229336169977524;-0.021683686018557632;0.037891113497975137;-0.043355548467136705;-0.94757436082448421;-0.17943120572293075;0.04637803929502525;-0.015567167955748695;-0.25619194033182513;0.95583206372826823;-0.061476059835857154;0.055177388337206118;-0.12604877223623148;-0.25158434279655834;0.019448426920082949;-0.14229988947194866;-0.0050662804516857628;-0.1146674420422901;-0.97880880116038116;-0.077954114771377175;-0.049324828994356515;0.24135175541665696;-0.0066317712341776832;-0.018294888103081108;-0.10537325326613152;0.96109822063617056;-0.080977371055072078;0.020811359523169488;0.25913550799377494;0.01792792743854834;0.048235473545264619;-0.07877922176759955;-0.96102103959222429
607,0,0;0;0;0;0;0,1;0;0;0;0;0;0;1;0;0;0;0;0;0;1;0;0;0;0;0;0;1;0;0;0;0;0;0;1;0;0;0;0;0;0;1
608,0,0;0;0;0;0;0,1;0;0;0;0;0;0;1;0;0;0;0;0;0;1;0;0;0;0;0;0;1;0;0;0;0;0;0;1;0;0;0;0;0;0;1
609,2,1.0106045776072909;1.9467791112048236;5.0912498075811516;8.3267405557744461;50.386649225550094;76.961705913747096,0.093915625918087275;0.15020515464593925;-0.97900632918033648;0.089220888660812403;-0.028756644418130327;0.037115530165029345;-0.065667392980781697;-0.9488559592249145;-0.15677885056961993;0.05016609752176842;-0.014249783972666109;-0.2608847647385959;0.95037945009130109;-0.085996316969212075;0.073871811387937511;-0.13468188295414207;-0.25591021455287682;0.017240715924217026;-0.14814588516997837;-0.0052910466089188535;-0.10470823358126775;-0.97889033039242257;-0.067827850951331675;-0.0650698935976846;0.24658847635027858;-0.013587381203916749;-0.018270056496898626;-0.097053174776492362;0.96122380111631889;-0.072836782412227269;0.029890961679574956;0.26363383987396161;0.014572088974072582;0.06114072636103763;-0.070200768862318144;-0.95954418696446497
610,0,0;0;0;0;0;0,1;0;0;0;0;0;0;1;0;0;0;0;0;0;1;0;0;0;0;0;0;1;0;0;0;0;0;0;1;0;0;0;0;0;0;1
611,2,1.0315007542674481;1.8935243321089332;5.2762142845738742;8.171513096976458;51.715654701976781;74.281118477368608,0.083794314083835073;0.14177047950047153;-0.97622800513238184;0.13348755237905832;-0.018257747246304946;0.041306828612395444;-0.11808308897531695;-0.94485149399892421;-0.14834882412532852;0.07021113993085186;-0.015109218998813401;-0.25719014774585769;0.94579007933207104;-0.13729371956212613;0.047053267102751019;-0.14392938555674376;-0.25171345206661339;0.018499202219411089;-0.16113868699724221;-0.014857234536478879;-0.14942998772011248;-0.97159826843773112;-0.073129211854430054;-0.046186448738258182;0.23842239675736043;-0.028124611443562278;-0.019309229971908228;-0.10470989002268107;0.96156844308973777;-0.08008051435232183;0.04129294297554869;0.25941374059999106;0.007438470185330219;0.039603596591178132;-0.078210944521675124;-0.96086350565713119
612,2,1.1060052277316921;1.8847227833019382;5.1511141178890902;7.8858330257691245;49.471897127071195;75.167535440720144,0.14610782881172471;-0.1534627705234225;-0.96518267837418836;0.14064914965634528;-0.045519845608583923;0.040863653120410903;0.083186753955588916;0.94912469520484233;-0.13587559144219422;0.088405652588767647;-0.0090264075763575313;-0.25667696648803762;-0.94133718905633457;0.071873460775753309;-0.18258879021718979;-0.11887538028198283;0.24736436988152846;0.0077037846923852299;0.17083448515707689;0.10091026129180987;-0.12558418060740764;-0.95609046215128823;0.06352980592019225;0.16345122627677575;-0.23750286479652283;0.020622068958455746;-0.0085845668628676056;-0.10289769501854028;-0.96566039011418348;0.0023452124615476189;0.0049729991288868661;-0.24461714185559091;-0.02786527402751357;-0.18323207633306068;0.011014120909877766;-0.95166482809689634
613,0,0;0;0;0;0;0,1;0;0;0;0;0;0;1;0;0;0;0;0;0;1;0;0;0;0;0;0;1;0;0;0;0;0;0;1;0;0;0;0;0;0;1
614,0,0;0;0;0;0;0,1;0;0;0;0;0;0;1;0;0;0;0;0;0;1;0;0;0;0;0;0;1;0;0;0;0;0;0;1;0;0;0;0;0;0;1
615,1,1.0405243855862887;2.1595575639180078;5.2007144608145408;8.7817268368664561;46.704510376650475;74.443133330465656,0.060037829740246601;0.17242557683164705;-0.97665568211699905;0.10284361591086702;-0.017200990425906278;0.043998575405133238;-0.070608008811591572;-0.94545802095700726;-0.17568641000222179;0.065444391583499142;-0.013401998490677792;-0.25650602933844308;0.94842160062064862;-0.089087158401574384;0.031060172396418465;-0.16012170204370779;-0.25614845895436872;0.018553136789562649;-0.1797532972644342;-0.020261697207947231;-0.11773369663653986;-0.9732888232369068;-0.067270619541203294;-0.040006533638556642;0.2425373156450171;-0.014387462584694224;-0.019155154626796185;-0.10540121832804857;0.96096463852821412;-0.077712792798929634;0.027763973242010891;0.26043136104719244;0.0092242261103606654;0.033176988235077795;-0.077033152505969815;-0.96139729690291464
616,0,0;0;0;0;0;0,1;0;0;0;0;0;0;1;0;0;0;0;0;0;1;0;0;0;0;0;0;1;0;0;0;0;0;0;1;0;0;0;0;0;0;1
617,1,1.0053741907375726;2.1416824568339359;5.2416936001542886;8.8496008496462917;46.318503561233783;74.547766785415959,0.074230596203768068;0.19312739050674091;-0.97089412731794611;0.10883126423455032;-0.022497053762061854;0.046966601537149773;-0.062720229725873225;-0.94174508769076504;-0.19710142992174187;0.063880675348714777;-0.01287193925487444;-0.25707384428031832;0.94646156161250827;-0.084533976563541682;0.043855771804695465;-0.1653680708200452;-0.25981497170813717;0.017052041090047584;-0.18591286194964696;-0.010772636006596678;-0.12581591596464009;-0.96940598496510544;-0.081613240920490035;-0.055516020979789103;0.24368030016242292;-0.011900427668525022;-0.023085724858308069;-0.11999364528167072;0.95904723902859979;-0.075995123826862354;0.028684888614408505;0.26156134612648552;0.015155716396375377;0.050813165628697088;-0.073430568881216643;-0.96049941040625519
618,0,0;0;0;0;0;0,1;0;0;0;0;0;0;1;0;0;0;0;0;0;1;0;0;0;0;0;0;1;0;0;0;0;0;0;1;0;0;0;0;0;0;1
619,1,0.99393145041924735;2.1435120819376183;5.2434414347850797;8.9012095400325872;47.742802263168372;75.231426131316937,0.097033600302018033;0.20152287527982665;-0.96692362161629264;0.10991678416758643;-0.023177875649731831;0.049120339478000812;-0.060686477519883021;-0.93939241476187485;-0.20622317141979241;0.072494278489505987;-0.018208998661259936;-0.25640604138297185;0.94491895880847032;-0.088562567106338697;0.064535981299265563;-0.16743506449757897;-0.2582417195010398;0.019916164174627722;-0.18839222705414449;-0.0095912548593975779;-0.13222132135372261;-0.96470116110151682;-0.099749384935780699;-0.079596663055665609;0.23971646397140095;-0.013693530618744452;-0.021865041722729593;-0.13473291870236595;0.95639607107706581;-0.094994841528364654;0.032774667497952915;0.26231200617538825;0.020131139502651062;0.076335376520730788;-0.088312219938988648;-0.95712425103005971
620,1,1.0625041019992949;2.161059471461952;5.2191038658291102;8.8812723606012707;48.692105390001259;71.695156403403928,0.088307177715107182;0.17752053154004871;-0.97380797416805431;0.099212304206648019;-0.022740158746872123;0.045012626746447265;-0.065688371622447506;-0.94477607719360723;-0.18412347021525088;0.05372576042135719;-0.019493157496909053;-0.25673976900762963;0.94575635991132612;-0.087624758073206077;0.059693489684208498;-0.1678131365578639;-0.25623853976837163;0.022001333714021902;-0.18699073496945554;-0.00037383185084628669;-0.1166627223405672;-0.96938583896147401;-0.08779337566689184;-0.063305236050334723;0.23972961764567394;-0.013210089927746015;-0.020168650806495887;-0.12421007120848002;0.95766292536792785;-0.096963957522016642;0.031558886924346524;0.26082921690419875;0.014707113675279137;0.063025121904754858;-0.092837262417059294;-0.95820923278184733
621,0,0;0;0;0;0;0,1;0;0;0;0;0;0;1;0;0;0;0;0;0;1;0;0;0;0;0;0;1;0;0;0;0;0;0;1;0;0;0;0;0;0;1
622,2,1.0594374796306676;1.8458046405461295;5.2753562930359079;8.2324205590708743;51.325387860949441;78.066759032620411,0.065762145566367752;0.15808724366798019;-0.9708570390068928;0.16224222715357647;-0.011652800845047244;0.04076819068157643;-0.09298321498161799;-0.94715147014727352;-0.15995845303170445;0.066388277026060094;-0.0092335375119331434;-0.25333544183901974;0.95390257952916879;-0.10859861546491839;0.030577707252539249;-0.11948510121444922;-0.25071200203660587;0.014422757310876212;-0.14402286420403648;-0.015908213551358748;-0.17408039458035579;-0.96820926439333754;-0.10247857275471613;-0.027736654807055602;0.23548663199166792;-0.020597126721958431;-0.023388584743715215;-0.13031767750086967;0.96047888262268044;-0.063815339804565413;0.030046488138789747;0.25581544874933926;0.007993576176129483;0.024114109214779248;-0.062457219072905981;-0.96390319690001669
623,0,0;0;0;0;0;0,1;0;0;0;0;0;0;1;0;0;0;0;0;0;1;0;0;0;0;0;0;1;0;0;0;0;0;0;1;0;0;0;0;0;0;1
624,0,0;0;0;0;0;0,1;0;0;0;0;0;0;1;0;0;0;0;0;0;1;0;0;0;0;0;0;1;0;0;0;0;0;0;1;0;0;0;0;0;0;1
625,0,0;0;0;0;0;0,1;0;0;0;0;0;0;1;0;0;0;0;0;0;1;0;0;0;0;0;0;1;0;0;0;0;0;0;1;0;0;0;0;0;0;1
626,0,0;0;0;0;0;0,1;0;0;0;0;0;0;1;0;0;0;0;0;0;1;0;0;0;0;0;0;1;0;0;0;0;0;0;1;0;0;0;0;0;0;1
627,2,1.4505857433097327;1.9962605964030846;5.2604111730761502;8.8567368323320608;51.854872887254047;73.324537659808513,-0.0689724092121453;-0.004353305431505472;-0.98968158914058468;0.12060469988999763;-0.03454814865202345;0.0038909387840255702;-0.047303911078949643;-0.96686185567920557;0.011108733597907573;0.042895791736347361;0.020070640788273558;-0.2461182815166483;0.96533381317918554;-0.052054112458910423;-0.079203995274095468;-0.032164399789742615;0.23928112945352842;0.029286824943623085;-0.042413162357254196;-0.058786255218307132;-0.11630429910463659;-0.98854266554064874;-0.020389049305348114;0.059885682264278345;0.24338440020618282;-0.0029595605396646914;0.016334332131967281;0.00084395001800303428;-0.96320318627352342;-0.11281566394960485;0.010046556234545751;0.24286825099077455;-0.018443830681856874;-0.073229740925922271;0.11389488360530237;-0.96033289280891765
628,0,0;0;0;0;0;0,1;0;0;0;0;0;0;1;0;0;0;0;0;0;1;0;0;0;0;0;0;1;0;0;0;0;0;0;1;0;0;0;0;0;0;1
629,0,0;0;0;0;0;0,1;0;0;0;0;0;0;1;0;0;0;0;0;0;1;0;0;0;0;0;0;1;0;0;0;0;0;0;1;0;0;0;0;0;0;1
630,2,1.6417789413107706;2.129537588931314;5.2020167445477536;9.2881009543339967;48.044624235062535;68.416125391661112,0.089187230456658315;-0.099146885582226299;-0.98584462984697196;0.091865009693260766;-0.041976649703028203;0.011166005484069354;0.031881653508138215;-0.95981475279052653;0.10283782787681922;0.012353619099164499;0.015347244607660154;0.25840942674548589;-0.96254910609230238;-0.043781717178807099;-0.090881570956302546;0.028566808034796658;0.24887427646932125;-0.023842224159559854;-0.034964125869513279;-0.042093674806042015;-0.089042084393861173;-0.99006543563430205;-0.067754970531504616;-0.06524443869661796;-0.25127552160444555;0.0034817707195216661;0.025037833206259043;0.066468243750625405;-0.96129075415694365;0.087884327206211227;-0.012904983477818899;0.25539126151820507;-0.02683097342834222;-0.077100916355654567;0.085984692912074362;0.95945346165845879
631,2,1.6103241639916996;2.0908209363444885;5.0547422192293325;9.8015658972512956;50.029305097377261;71.329935972172976,0.083697527648078363;0.11565065915941404;-0.98272717877994831;0.10917741934480518;-0.040942432019975793;0.016460539307512206;0.090073067058406786;0.95478490429002116;0.12346720694243385;0.0017697456029107446;0.024358293416595764;0.25383463018814723;-0.95987692873342156;0.10248254613311172;-0.075259758996613843;0.046034870597625253;0.24357549960351202;-0.031958485275430631;-0.055130488347647742;0.036310244129944193;-0.10734558890501826;-0.98707131554745331;-0.085669813154256189;-0.049699306896011326;-0.24429961184433907;0.0098043995531905143;0.032014005666779935;0.087266105319592613;-0.95699520661951831;0.12546504777383066;-0.028216609449760746;-0.25118415402765415;-0.028127167589570557;-0.063504288678323431;0.12337837904754954;0.95711242132939567
632,2,1.5885922160577717;2.1535783233696586;4.9583365420971521;9.8055423020727766;46.841667782535943;69.866228722573268,0.085561737104691019;0.18034952528465917;-0.97303656789815141;0.10653167182800297;-0.032971728002934075;0.030281074225387384;0.09903185025009234;0.94092369943799981;0.18881759455682054;-0.014350534589362491;0.025192275486888297;0.26146244829902532;-0.95635144414644258;0.11595885308241681;-0.067406351838310938;0.042982014543967093;0.25443915872508865;-0.028550032148587097;-0.070335792188357699;0.023354857306463209;-0.10527265559438403;-0.98156996527304508;-0.13953388168132738;-0.021812704975597848;-0.24980552245249532;0.015809681880329326;0.032794707720384439;0.14721989829144105;-0.94957373371361997;0.11361244581843288;-0.030230354747451005;-0.26056628630034795;-0.029091448576053169;-0.038004161630065626;0.11126072541413312;0.9573514288882381
633,2,1.5719886693532694;2.1712823671928594;4.9277816974973154;9.761857163019009;45.69366253516835;69.075751441812713,0.091329290582057229;0.19746898079800909;-0.97015194636970536;0.091354834038320204;-0.043941474991525585;0.034548579317317051;0.087286781852430079;0.93753194273830442;0.20427075888941221;-0.030643521392031366;0.02884518863930912;0.26441872250464732;-0.95397232121977782;0.10776559491987651;-0.076380993811157163;0.048004273818041412;0.26306751261643568;-0.03131140660426824;-0.081275580773070746;0.012129842305811926;-0.092012520934353345;-0.97965172689559843;-0.15264786171720662;-0.041975792911830734;-0.25784992583822319;0.015313751770862204;0.040945307025290222;0.15968981881190203;-0.94421034387345071;0.12069952309239099;-0.029740283411496083;-0.26465976356794041;-0.033193065934688813;-0.056502339314602093;0.11488273373000274;0.95476614341278376
634,2,1.6673101968302131;2.2606226608234836;5.019050157187313;9.608274294645808;43.159607329357307;61.382725238364024,0.10280262013545662;0.2731732043319271;-0.95112002857995515;0.071754204642827571;-0.038011244273914085;0.05987647607534282;0.16447813866988556;0.90063596995425366;0.28709019734864816;-0.069944612125829128;0.029210770424888538;0.27135860450023902;-0.93741054405467605;0.19493374853828674;-0.051446400635934357;0.086961947092276642;0.26851687420893716;-0.030852576237931716;-0.13312179965582882;-0.0077714741536799121;-0.085700322986691377;-0.97288443051382723;-0.1645616775447509;-0.03590242935083636;-0.2500960888137867;0.041428357032186156;0.043786753627143016;0.18493805005699213;-0.94126715134303929;0.11675797721840375;-0.058056592257307908;-0.27286512998822815;-0.032269994247887471;-0.041115783021433559;0.1119650327165243;0.95231613671014725
635,2,1.6353704566517977;2.2083631521211045;5.2096541970181525;9.726437267249052;43.918848521476264;59.31993817049338,0.13270519308811135;0.30058607386287567;-0.93911297523026416;0.053337872851009306;-0.042788090916593892;0.073677773288507151;0.20899676456811392;0.87731263268088144;0.32516989571504851;-0.088954964779127926;0.026559758076444805;0.26886619228034325;-0.91823268899805166;0.25250516964322883;-0.055737691345414758;0.13127893344452593;0.26847983500352912;-0.025837913082916136;-0.18082102844242279;0.00097541662342029911;-0.077627229569704762;-0.96277163705125424;-0.17146404017190947;-0.070339713408154897;-0.23740417970406172;0.054865367289893885;0.046803105043033179;0.20063607266949546;-0.94151749273319485;0.10829816947057132;-0.08063140898546306;-0.27055597586496294;-0.031751394079185695;-0.069454074235787741;0.097607533154136505;0.95128270762503542
636,2,1.4199295853570131;2.0494824214051786;5.0395530908866686;9.2318521213420759;39.266726800423022;52.049649978546306,0.12287414628775073;0.35809123740258464;-0.91811151688660775;0.072794306146299517;-0.043692338155390573;0.080844424723718292;0.20622288410776685;0.85020587555315363;0.38076900869565961;-0.057978513205940392;-0.0063523064729160052;0.29365829372077551;-0.91376681406557558;0.24485916965341337;-0.033270373037151663;0.099795879479961047;0.30659908107208755;0.0022505003066636952;-0.17310748401134579;0.030572174710150102;-0.080076826658194142;-0.94986222587121327;-0.23943956182318951;-0.055832705845328845;-0.26579968831917927;0.053928808739516568;0.051199033620412331;0.27785513250073685;-0.92011769234584451;-0.0009087402577069581;-0.082392963446327031;-0.29175614411431156;-0.044109496072339674;-0.044028861487793898;-0.0099879798166496898;0.95084478434579223
637,2,1.6633542043298493;2.407102133701998;5.0796474752581826;9.3564011547824801;38.27764836579243;49.635897625229468,0.16332642352418686;0.36281945147421113;-0.91003620271492158;0.052567333394093856;-0.049734258497185997;0.091015458854667247;0.23245847067909581;0.83764320899322819;0.39721189572071014;-0.10110641125672679;0.0045808920428175373;0.27621754608623267;-0.8930113474520881;0.2905287548303413;-0.050621812164929406;0.17018780063335284;0.29427337793019004;0.00070684426407034186;-0.23356001543515306;0.025733330683915666;-0.08491054406444476;-0.941151374916947;-0.20424148763814104;-0.10048491731509783;-0.23961343613506203;0.067145390851190215;0.052608827140995774;0.25550836582993103;-0.93222366420713332;0.031364373116360547;-0.099264256022092337;-0.27773770873895376;-0.038945636377299669;-0.08366508268722278;0.012375484676065265;0.95096719782858774
638,2,1.4267764466987176;2.1815071555069867;4.8618669706052478;9.0574288818940101;30.276454081996963;42.511399278406401,0.17226112823823153;0.42753390915553374;-0.87882292398058326;0.047898739854656501;-0.046652036564377414;0.10363602998585865;0.22631379092219725;0.79440884668327538;0.46667210285850813;-0.039468870936211022;-0.020548224018043008;0.31294373213105886;-0.88638455570823504;0.28937689458172366;-0.043924227342603567;0.11232048779887564;0.34053882980815353;0.0084562373443834819;-0.20333351907279473;0.065655036947083814;-0.052674138475378926;-0.93032818958466712;-0.28307620669901312;-0.076991247202788604;-0.28295372440799132;0.061020462196523254;0.037499376642842808;0.33803090494300214;-0.89445268943194267;-0.022293125840631884;-0.10965063156932094;-0.3071746620940185;-0.061459831105092011;-0.06129105918084958;-0.035452939735022823;0.94065384188501699
639,2,1.3881165087494682;2.214878838330975;4.9042595868772052;9.3044743705969779;30.032531120405594;41.493800179489959,0.15037582297817517;0.479721280798939;-0.85332170721149114;0.067957903668524902;-0.045689934305641833;0.11131406850014269;0.24269742249281617;0.76246226546281171;0.50974767721352121;-0.048077695433561329;-0.029887942531355741;0.31096914079876303;-0.88523096229295473;0.29474763683645006;0.00057988816524631834;0.093986508270409191;0.34702640106542509;0.015127819857751006;-0.20631519365038795;0.05831067773861974;-0.065461626604024215;-0.9174697466387296;-0.32514402008406429;-0.047742134213510166;-0.28338982108899291;0.062943008679467324;0.055791811354003629;0.37694555767279597;-0.87633974203351539;-0.050560496741444874;-0.10943247483732108;-0.30705155852610505;-0.067831279915665357;-0.019952577460680052;-0.053868733920275129;0.94119224682376879
640,2,1.4245559124779983;2.3224335320956864;4.8358587484057134;9.8096105049548932;29.57406814006254;38.188339868742368,0.17646887241157377;0.4999557689176547;-0.83534631117097236;0.050434648035556182;-0.052466170660566767;0.12571059550626243;0.25833117348379581;0.73192413679160273;0.53877161519327765;-0.076347055745473819;-0.05734191810239047;0.31330534779622776;-0.86604854650760477;0.32676839597480978;0.0046873420109284211;0.13486743044602464;0.35126441178665008;0.039805131905990498;-0.24394348089087911;0.058513684055425071;-0.067772839020080869;-0.91522385614870905;-0.29274196626375365;-0.095613824965743763;-0.27514640737501966;0.075531072048474354;0.048608661169806652;0.36636336631795463;-0.87810119230647898;-0.10460826742291518;-0.12988336925025729;-0.31372744290760451;-0.070311849999735151;-0.039767153756299856;-0.11752853115182862;0.92971353843852811
641,2,1.5482245379609096;2.4046876066965552;5.0185430062320631;9.4002820782364687;28.793278449757594;37.078633650272792,0.17132180133747971;0.5050785086941747;-0.83260676688463542;0.046755442704185968;-0.053423576749304647;0.1314167500911165;0.27336533782456324;0.72464903019679938;0.54360351772712379;-0.078648839464726783;-0.052060275257193242;0.30944220529299832;-0.8591534493494063;0.33735514260142174;0.018435554939377295;0.14455758098271121;0.35457352398847619;0.032980455004278479;-0.25103270311623416;0.05842262469278578;-0.063308047527493277;-0.91936453246131244;-0.27790493863546867;-0.084256581598288527;-0.27656420035652124;0.079706540662100422;0.05303556948447604;0.35272829711989773;-0.88373786054109682;-0.094532962946473426;-0.13516807308264484;-0.31016875269789473;-0.064036216740235158;-0.032908954281541468;-0.10241828060513718;0.93265845642471812
642,2,1.6338271446765131;2.6270630436790787;5.0433790911841481;9.9452207126891494;34.3269797561247;39.682299857666024,0.20001124441456489;0.49697506967662974;-0.83266127388132727;0.027978200673713195;-0.055541228859490727;0.12577311870908894;0.26899317403379003;0.72822451319942416;0.54339669583061234;-0.10954308066230672;-0.045101104578509216;0.29667821878909822;-0.86147329041712961;0.35178872267330885;-0.0062253055077473038;0.17303706791906129;0.32000550354611207;0.041525424685058064;-0.26030668297164244;0.043486515937531091;-0.070117124899520461;-0.92540370510167236;-0.23402017169675085;-0.1195637250626688;-0.24488455976047693;0.08519475104231157;0.048182362008101567;0.31146186687533595;-0.90762223172580869;-0.098312037597996171;-0.13331889408507155;-0.29966699922031204;-0.064175760978571569;-0.062411497007161421;-0.11804229614363509;0.93299413456007951
643,2,1.5406457210392981;2.6105197472862169;5.0339853480539345;9.4443240742766807;28.423408790405158;35.192432733317212,-0.17750668105958942;0.5009284649403144;-0.83323968724427044;0.030161092775781696;-0.069474635830574283;0.13242831363269345;-0.28882435207254886;0.71386750775376806;0.54427870092803299;-0.086451693348210276;-0.095162350835710841;0.30692768275285454;0.84378989502169288;0.35828333858251582;0.024550694560839584;0.17354768683245175;0.35116276077385999;0.07493224666866391;0.27455511458174225;0.063764215779348987;-0.053721139220711173;-0.9186171349970258;-0.23976373918250368;-0.12776369479222358;0.27255417912821661;0.086471739885237237;0.046799938552628352;0.34027684712113943;-0.87147011888255022;-0.20198545145768776;0.15304964353147851;-0.31552126183094897;-0.061590483567206748;-0.043033012886104664;-0.2141385034816741;0.90858219958902131
644,2,1.681387969889808;2.6499703618590349;5.094986635029203;9.7349182712409306;30.378329827971221;37.88421281698276,0.17950892255964609;-0.48499351167267968;0.84529401458911502;-0.00077664970366509171;-0.035582842801803544;0.12949566544897712;0.22443544046975519;-0.75492675897677064;-0.52695895831101691;0.091000327061713543;0.01463511246220686;0.30583219558382474;-0.87110012241865165;-0.30090331644421575;0.028068145987722164;-0.1972765792017761;0.33284072050190516;-0.012367543414591984;-0.27579734151602159;-0.043670150657175291;0.040694395734453645;0.92876694810584148;-0.21799474806888125;-0.10120749196886812;-0.2608989442708487;-0.075595136055593398;-0.037408992443233507;-0.28665538590300921;-0.91532310331799327;0.069498128266809678;-0.12023902775672651;0.31097004633150616;0.062841051682682933;0.089559669647127138;0.048975870628670676;0.93513188288121918
645,2,1.5222908660426777;2.7349741205647407;5.0493027841288205;9.4624994488757732;27.208497533219873;34.392960222476361,-0.19610910695455572;0.48285710270588506;-0.84095542239640286;0.014080363722864392;-0.070226406083093815;0.12670520638133584;-0.24613223886025695;0.73686616868679433;0.53241528144315675;-0.090537761137897133;-0.069577964734529971;0.31613756365833073;0.84934263686790723;0.33348460631663551;-0.024245834268728055;0.19294703010095576;0.35524183246408059;0.058240244775465244;0.28019655583300895;0.060929162241294021;-0.050896588461163135;-0.92264713881365423;-0.2052681133479185;-0.14756125322208533;0.28258835393284731;0.079299868672775303;0.03863651372019037;0.30963643088169035;-0.8930339112343294;-0.13776170336460972;0.14563974966415905;-0.32041294165220174;-0.068241059773933216;-0.084991991685190935;-0.15615964333885274;0.91643782933821649
646,2,1.5466767524986744;2.7253531129185506;5.0679059192700349;9.7968176484975658;26.080442397647236;33.640149889765347,-0.1845835673356491;0.49283230345771839;-0.83722025165878244;0.012040633898519521;-0.05945163866438815;0.13574978212155753;-0.26232350031746055;0.72572517154807759;0.53952596266928843;-0.088648565420282474;-0.053603206197545321;0.32045158807962715;0.83958299870757025;0.34097702755075882;-0.0012902846723773127;0.21122680549703568;0.3645172353642846;0.036658039925977673;0.30114310993380894;0.067272069540966345;-0.044455126826347051;-0.91821832026507533;-0.21249742669634236;-0.12054458791227055;0.28077075875216434;0.082361591598433523;0.040595224576859767;0.31539865268928691;-0.89751416984854826;-0.087911215459198805;0.15065286091267607;-0.32072573894492823;-0.065940051744393283;-0.069126679618883566;-0.10016258101877876;0.92481327033165273
647,2,1.5937962914336039;2.8177846667859798;5.0723625657756912;9.5014096891003224;25.850789235016013;33.67405019519628,-0.18539413501322505;0.50331628363985581;-0.82986588232382164;0.029388954513456928;-0.075243320267313216;0.13076346121269378;-0.24893517267586773;0.7221054195167913;0.54689022033195778;-0.098349623518556056;-0.068241431317089291;0.32121112748491776;0.8483842140603487;0.3322588274754979;-0.0063384265658461662;0.17986067080965656;0.36675189450757723;0.054325944239245125;0.27702662283013751;0.057642159878501194;-0.061370963656867956;-0.92056757808139689;-0.22199663184710255;-0.13942763750989218;0.29314898641096587;0.076954819274011502;0.053125260387120898;0.32230221389070363;-0.88633758617576008;-0.12588208974594992;0.14568610726590137;-0.32495521304803981;-0.074865480279400515;-0.076094658871475623;-0.14247026518792805;0.91732581668328828
648,2,1.6764096533487125;2.7731351450053601;5.056147121286366;9.4608248599942968;24.513003228835665;33.285522583820203,-0.18663775560635529;0.48417789333301275;-0.84216471604711851;0.032059325035448102;-0.069427968955621616;0.12509461874946268;-0.25905591111019233;0.73209508058922856;0.52870786356273936;-0.07542239469687062;-0.05104569824437049;0.33030383281423931;0.84707782818606858;0.33822019076038395;-0.013496630248548193;0.16084868364052901;0.37555983222562789;0.03109035090320373;0.25940517411509423;0.066801570945763056;-0.050912073618901856;-0.92449422189827124;-0.24188897320030506;-0.11160029051096468;0.30294910440694189;0.07782530764932534;0.051440131940333492;0.32914097333032521;-0.88597130585605122;-0.078993919570885404;0.14644566186136609;-0.32356828453223413;-0.076199085361429497;-0.066242104280029829;-0.089852524059854597;0.92498077833950842
649,0,0;0;0;0;0;0,1;0;0;0;0;0;0;1;0;0;0;0;0;0;1;0;0;0;0;0;0;1;0;0;0;0;0;0;1;0;0;0;0;0;0;1
650,0,0;0;0;0;0;0,1;0;0;0;0;0;0;1;0;0;0;0;0;0;1;0;0;0;0;0;0;1;0;0;0;0;0;0;1;0;0;0;0;0;0;1
651,0,0;0;0;0;0;0,1;0;0;0;0;0;0;1;0;0;0;0;0;0;1;0;0;0;0;0;0;1;0;0;0;0;0;0;1;0;0;0;0;0;0;1
652,0,0;0;0;0;0;0,1;0;0;0;0;0;0;1;0;0;0;0;0;0;1;0;0;0;0;0;0;1;0;0;0;0;0;0;1;0;0;0;0;0;0;1
653,0,0;0;0;0;0;0,1;0;0;0;0;0;0;1;0;0;0;0;0;0;1;0;0;0;0;0;0;1;0;0;0;0;0;0;1;0;0;0;0;0;0;1
654,0,0;0;0;0;0;0,1;0;0;0;0;0;0;1;0;0;0;0;0;0;1;0;0;0;0;0;0;1;0;0;0;0;0;0;1;0;0;0;0;0;0;1
655,0,0;0;0;0;0;0,1;0;0;0;0;0;0;1;0;0;0;0;0;0;1;0;0;0;0;0;0;1;0;0;0;0;0;0;1;0;0;0;0;0;0;1
656,0,0;0;0;0;0;0,1;0;0;0;0;0;0;1;0;0;0;0;0;0;1;0;0;0;0;0;0;1;0;0;0;0;0;0;1;0;0;0;0;0;0;1
657,0,0;0;0;0;0;0,1;0;0;0;0;0;0;1;0;0;0;0;0;0;1;0;0;0;0;0;0;1;0;0;0;0;0;0;1;0;0;0;0;0;0;1
658,0,0;0;0;0;0;0,1;0;0;0;0;0;0;1;0;0;0;0;0;0;1;0;0;0;0;0;0;1;0;0;0;0;0;0;1;0;0;0;0;0;0;1
659,0,0;0;0;0;0;0,1;0;0;0;0;0;0;1;0;0;0;0;0;0;1;0;0;0;0;0;0;1;0;0;0;0;0;0;1;0;0;0;0;0;0;1
660,0,0;0;0;0;0;0,1;0;0;0;0;0;0;1;0;0;0;0;0;0;1;0;0;0;0;0;0;1;0;0;0;0;0;0;1;0;0;0;0;0;0;1
661,0,0;0;0;0;0;0,1;0;0;0;0;0;0;1;0;0;0;0;0;0;1;0;0;0;0;0;0;1;0;0;0;0;0;0;1;0;0;0;0;0;0;1
662,0,0;0;0;0;0;0,1;0;0;0;0;0;0;1;0;0;0;0;0;0;1;0;0;0;0;0;0;1;0;0;0;0;0;0;1;0;0;0;0;0;0;1
663,0,0;0;0;0;0;0,1;0;0;0;0;0;0;1;0;0;0;0;0;0;1;0;0;0;0;0;0;1;0;0;0;0;0;0;1;0;0;0;0;0;0;1
664,0,0;0;0;0;0;0,1;0;0;0;0;0;0;1;0;0;0;0;0;0;1;0;0;0;0;0;0;1;0;0;0;0;0;0;1;0;0;0;0;0;0;1
665,0,0;0;0;0;0;0,1;0;0;0;0;0;0;1;0;0;0;0;0;0;1;0;0;0;0;0;0;1;0;0;0;0;0;0;1;0;0;0;0;0;0;1
666,0,0;0;0;0;0;0,1;0;0;0;0;0;0;1;0;0;0;0;0;0;1;0;0;0;0;0;0;1;0;0;0;0;0;0;1;0;0;0;0;0;0;1
667,0,0;0;0;0;0;0,1;0;0;0;0;0;0;1;0;0;0;0;0;0;1;0;0;0;0;0;0;1;0;0;0;0;0;0;1;0;0;0;0;0;0;1
668,0,0;0;0;0;0;0,1;0;0;0;0;0;0;1;0;0;0;0;0;0;1;0;0;0;0;0;0;1;0;0;0;0;0;0;1;0;0;0;0;0;0;1
669,0,0;0;0;0;0;0,1;0;0;0;0;0;0;1;0;0;0;0;0;0;1;0;0;0;0;0;0;1;0;0;0;0;0;0;1;0;0;0;0;0;0;1
670,0,0;0;0;0;0;0,1;0;0;0;0;0;0;1;0;0;0;0;0;0;1;0;0;0;0;0;0;1;0;0;0;0;0;0;1;0;0;0;0;0;0;1
671,0,0;0;0;0;0;0,1;0;0;0;0;0;0;1;0;0;0;0;0;0;1;0;0;0;0;0;0;1;0;0;0;0;0;0;1;0;0;0;0;0;0;1
672,0,0;0;0;0;0;0,1;0;0;0;0;0;0;1;0;0;0;0;0;0;1;0;0;0;0;0;0;1;0;0;0;0;0;0;1;0;0;0;0;0;0;1
673,0,0;0;0;0;0;0,1;0;0;0;0;0;0;1;0;0;0;0;0;0;1;0;0;0;0;0;0;1;0;0;0;0;0;0;1;0;0;0;0;0;0;1
674,0,0;0;0;0;0;0,1;0;0;0;0;0;0;1;0;0;0;0;0;0;1;0;0;0;0;0;0;1;0;0;0;0;0;0;1;0;0;0;0;0;0;1
675,0,0;0;0;0;0;0,1;0;0;0;0;0;0;1;0;0;0;0;0;0;1;0;0;0;0;0;0;1;0;0;0;0;0;0;1;0;0;0;0;0;0;1
676,0,0;0;0;0;0;0,1;0;0;0;0;0;0;1;0;0;0;0;0;0;1;0;0;0;0;0;0;1;0;0;0;0;0;0;1;0;0;0;0;0;0;1
677,0,0;0;0;0;0;0,1;0;0;0;0;0;0;1;0;0;0;0;0;0;1;0;0;0;0;0;0;1;0;0;0;0;0;0;1;0;0;0;0;0;0;1
678,0,0;0;0;0;0;0,1;0;0;0;0;0;0;1;0;0;0;0;0;0;1;0;0;0;0;0;0;1;0;0;0;0;0;0;1;0;0;0;0;0;0;1
679,0,0;0;0;0;0;0,1;0;0;0;0;0;0;1;0;0;0;0;0;0;1;0;0;0;0;0;0;1;0;0;0;0;0;0;1;0;0;0;0;0;0;1
680,0,0;0;0;0;0;0,1;0;0;0;0;0;0;1;0;0;0;0;0;0;1;0;0;0;0;0;0;1;0;0;0;0;0;0;1;0;0;0;0;0;0;1
681,0,0;0;0;0;0;0,1;0;0;0;0;0;0;1;0;0;0;0;0;0;1;0;0;0;0;0;0;1;0;0;0;0;0;0;1;0;0;0;0;0;0;1
682,0,0;0;0;0;0;0,1;0;0;0;0;0;0;1;0;0;0;0;0;0;1;0;0;0;0;0;0;1;0;0;0;0;0;0;1;0;0;0;0;0;0;1
683,0,0;0;0;0;0;0,1;0;0;0;0;0;0;1;0;0;0;0;0;0;1;0;0;0;0;0;0;1;0;0;0;0;0;0;1;0;0;0;0;0;0;1
684,0,0;0;0;0;0;0,1;0;0;0;0;0;0;1;0;0;0;0;0;0;1;0;0;0;0;0;0;1;0;0;0;0;0;0;1;0;0;0;0;0;0;1
685,0,0;0;0;0;0;0,1;0;0;0;0;0;0;1;0;0;0;0;0;0;1;0;0;0;0;0;0;1;0;0;0;0;0;0;1;0;0;0;0;0;0;1
686,0,0;0;0;0;0;0,1;0;0;0;0;0;0;1;0;0;0;0;0;0;1;0;0;0;0;0;0;1;0;0;0;0;0;0;1;0;0;0;0;0;0;1
687,0,0;0;0;0;0;0,1;0;0;0;0;0;0;1;0;0;0;0;0;0;1;0;0;0;0;0;0;1;0;0;0;0;0;0;1;0;0;0;0;0;0;1
688,0,0;0;0;0;0;0,1;0;0;0;0;0;0;1;0;0;0;0;0;0;1;0;0;0;0;0;0;1;0;0;0;0;0;0;1;0;0;0;0;0;0;1
689,0,0;0;0;0;0;0,1;0;0;0;0;0;0;1;0;0;0;0;0;0;1;0;0;0;0;0;0;1;0;0;0;0;0;0;1;0;0;0;0;0;0;1
690,0,0;0;0;0;0;0,1;0;0;0;0;0;0;1;0;0;0;0;0;0;1;0;0;0;0;0;0;1;0;0;0;0;0;0;1;0;0;0;0;0;0;1
691,0,0;0;0;0;0;0,1;0;0;0;0;0;0;1;0;0;0;0;0;0;1;0;0;0;0;0;0;1;0;0;0;0;0;0;1;0;0;0;0;0;0;1
692,0,0;0;0;0;0;0,1;0;0;0;0;0;0;1;0;0;0;0;0;0;1;0;0;0;0;0;0;1;0;0;0;0;0;0;1;0;0;0;0;0;0;1
693,2,3.3423325047798276;5.0705525438961701;5.6999949152588876;7.7833670578452825;65.033377723811029;68.425245517631723,-0.39173548894932547;-0.88800603131848854;0.069974087790321257;0.22072166380077762;-0.043226868298397829;0.050056039232662469;0.13225028231445282;-0.10971779530290064;-0.97716989892129347;0.083425927434107289;-0.092777744420071542;0.006577357816808356;0.78475903498760602;-0.44024539177015687;0.12415471728379157;-0.41022713697073493;-0.042195691579158159;-0.069685564585456966;0.39084311980795805;-0.014922792355368362;0.060501731497993462;0.70607539616740156;0.57927437757263123;0.096214535636420906;-0.0012452218194270394;0.0050154248991168392;-0.016350588933612145;-0.18606552789383288;0.066678344120137567;0.98012222244586023;0.24585876362680911;0.073098868270301598;0.14456977755918449;0.49282137951818211;-0.80482199617234063;0.1506593694031354
694,0,0;0;0;0;0;0,1;0;0;0;0;0;0;1;0;0;0;0;0;0;1;0;0;0;0;0;0;1;0;0;0;0;0;0;1;0;0;0;0;0;0;1
695,2,3.1856782336274687;5.0969698550476989;5.7679735222981678;8.1016132737088444;63.469477947204147;69.151995017579864,-0.38671233300667374;-0.89076040586702709;-0.036713518307140432;0.22876595069596256;-0.045277763643740018;0.035604105595425511;0.10074096666569604;0.021967736406888237;-0.98888527773846147;0.085357913147389067;-0.064415018285477174;-0.006270227025328156;0.74703671867062182;-0.449963221283042;0.027297569781144015;-0.48347497030519654;-0.039154454620345801;-0.058676783366470628;0.44646194342442674;-0.046190936238990864;0.064627973621014148;0.67066577389199378;0.56281340529717516;0.16676284375226685;-0.033701466707613925;0.011199374832167172;-0.021776644519283225;-0.17904468064311657;-0.047404666273738072;0.98181483124237079;0.28596663146085338;0.036570326797681942;0.12394301315041197;0.47411237235168563;-0.8205250920327547;0.058990322153189056
696,2,3.1654862375780053;4.97047516412702;5.9966118758800615;7.9570773616167045;62.255438289525792;64.70034930009399,-0.38939306451390121;-0.88875577850201415;-0.0095375091067348965;0.23336469666636372;-0.042041493271192637;0.046569030493823736;0.12318036606771907;-0.024335586142594082;-0.98795253263189486;0.059960275715740266;-0.067722630662458538;0.0016064124603621874;0.75747027315954352;-0.45354210580137877;0.080876149079146156;-0.4569578894301099;-0.045018113338531958;-0.0562160903479033;0.42702084791401113;-0.031601519767845261;0.055248644000788084;0.67783640812995716;0.58483558692710025;0.11003302598923356;-0.031546510736646924;0.011304326866037627;-0.018891639497160172;-0.19367401037081799;0.065879194633332305;0.97809531500406699;0.27585582667517339;0.05190433348087848;0.11793460471623804;0.48596641086997971;-0.80327255373828166;0.16090613407392512
697,2,2.9618676705909017;5.0917659794167918;6.0047446747799524;8.6389819482777828;62.806396057658716;65.743752941776492,0.37974794804626688;0.884569381167575;-0.01563808039135765;0.26266683040772221;-0.035789534527954511;0.05300190297498298;-0.15501469805473411;0.067009858829655489;-0.98157078802487419;-0.069934182981188614;-0.054309731552598869;0.012592593549189391;-0.74174701487396077;0.45581249512840838;0.18299566930417124;-0.45271748968942171;-0.051884282844862135;-0.03022938883411154;-0.44326374412016706;0.016044800781026158;-0.0099089783316033773;0.67242075345557184;0.59182118264515848;-0.027561708212999025;0.043882357274792193;-0.011300782595044669;0.001614426409764738;-0.17752405002739569;0.27880424601405102;0.94270749902953566;-0.28838324697491646;-0.069975100470767618;0.051826917037487846;0.48733742188316947;-0.75172698744135436;0.32659046592531038
698,2,2.9873733964714129;5.0582733220781133;6.0615731192993225;9.2811912638250149;66.232452749377444;69.498712169898624,-0.37039540646650015;-0.90010707876840856;-0.051203345963847444;0.21346637838261062;-0.066508184791970265;-0.0012139347239494751;0.12887867664973029;-0.11912452789941701;0.98106457923519952;-0.05831397070106388;-0.047415489942283152;-0.032606396035503839;0.77801101629866343;-0.41186409381536498;-0.18066736762558111;-0.4330544853725326;-0.0083815697831197775;-0.06942399445086804;0.41704755786149328;-0.035343721357128162;0.015347406659880974;0.69864242124109843;0.37826328570743611;0.43977524586929706;-0.039690382063498203;0.0084029459302940729;-0.0044573132765710656;-0.19800521819545763;-0.53968856636294149;0.81722969924873801;0.2557193699055072;0.068299148528465747;-0.044658711071644527;0.48599187197911387;-0.74760371854352659;-0.36448458140360945
699,2,2.953445192055657;5.0407182898800267;6.241886383714661;9.8144980008857718;67.6602182254761;68.94551303691766,-0.37472229004563401;-0.89773099784874155;0.00038472448023914925;0.22237185539510942;-0.063082530189035063;-0.015279566244461742;0.12161876918045313;-0.067295718584303471;-0.98636644886960467;-0.076026253384166437;-0.042197181497492485;0.014170266675457647;0.78160085686390657;-0.42898695881465188;0.15990008768088573;-0.41825833739860985;-0.026404415647411084;0.062169298750091966;0.41449883384993558;-0.024073141182357351;-0.026745816165007076;0.71251035457195544;0.46841143274887931;-0.31593604768404326;-0.049141906129641602;0.0020999976264426726;0.0080863003774706062;-0.21381332542707876;-0.26415668320356833;-0.93915940255465891;0.24427028201273998;0.070260976453965021;0.027061329512014114;0.46523497978829426;-0.83925846762601575;0.11774866053425689
700,2,2.9082453645755226;5.1891978212108265;6.3248387186093353;10.443207025146101;71.996884062980186;72.726466708519766,0.34365352691576806;0.90899595200200556;-0.010031452298680793;0.22309825786381973;-0.066043057918241263;-0.037329137225986388;-0.13804410670078907;0.091970715593076055;0.97729368527233029;-0.12723958748008307;-0.012535567586264885;-0.032174706346659088;-0.80890556386543833;0.39550935990628483;-0.20256743371877756;-0.37779280770967544;0.027877036271802151;-0.06860054709830031;-0.40411450704967483;-0.0015881146301117172;0.058149424645151819;0.74349787690178171;0.082376381817191729;0.52319463515847342;0.05161014962042737;0.0045848677717977501;-0.018886573447775393;-0.25094311646686163;-0.8106075925985069;0.52621435927445526;-0.20626614952343908;-0.093896484615892811;0.0049798840382255368;0.41898485473738561;-0.57518128223644338;-0.66500459438867743
701,2,2.8113643286100798;5.2266023505383101;6.3555544110979438;10.567414888692971;76.21419442574738;77.160194676933145,-0.29708852997448831;-0.92301374878184406;-0.054978313647150223;0.22123177534906033;-0.066774853488376987;-0.057957143332885652;0.083240032398320674;-0.10319391204963103;0.98717887405308458;-0.084039839242715117;-0.012469120981079211;-0.026111502973257879;0.83496433091709399;-0.35334185321593492;-0.1414947685334374;-0.38925106866997711;0.05042303258071832;-0.062485635664615763;0.41088779060332437;0.019763957722069535;0.044766682671198044;0.76119127297540934;-0.047674627992343871;0.49708302065425958;-0.058908005892650557;-0.011196094708569006;-0.020746522658325672;-0.28595300353196529;-0.86572641052292809;0.40586049080533926;0.1880030287919946;0.10968228790440843;0.00010977100465522924;0.36234808989749828;-0.4910071992525239;-0.76173514876579296
702,1,2.6967563117587292;5.457236742002781;6.4987209252176825;11.521285303456789;76.215407196364026;85.536076804301231,-0.28018749897887352;-0.92136243164643439;-0.035089302905318392;0.25134018498907157;-0.021707173972301642;0.087817343366488054;0.038359470052484752;-0.058314530557802002;0.99686330617814412;-0.035703339132468911;-0.0014530670434933658;0.010708667034450867;0.84731431545931624;-0.35800140204276387;-0.067347277336817321;-0.38042254786675556;0.06337888148398943;0.024891638050732506;0.41270530180434062;0.061392921642830882;0.019388806272605398;0.78868301147723929;-0.27597627772580696;-0.35685503886854347;-0.07185002832947085;-0.03172987639914801;-0.0109126914290855;-0.28621010126637714;-0.95473460572091917;0.016652690789624752;0.16307628454992881;0.12144877655892709;0.0012732672985551426;0.29477949962522904;-0.088480118375102682;0.92947889386104088
703,1,2.5986644900363109;5.3664019289586138;6.4870190916834538;10.658094705215104;76.399757966391022;89.486378584293391,-0.24831610108232469;-0.9229055703561192;0.074106950536361363;0.26797663746362654;-0.016967644645089076;0.094832498859866138;0.029136652323672647;0.061689434688598027;0.99701481158027405;-0.036055068099727576;-0.0024353607149224482;-0.0010176989896176281;0.85442700628911528;-0.34205738579169281;-0.017419605285606366;-0.38227436430765288;0.079029458564126687;0.016384388090735592;0.4250849479989538;0.091585242000422867;0.0092747277909302032;0.7871048196685374;-0.33070351734674752;-0.28623433813206989;-0.079766617073187704;-0.050278134835460828;-0.0085328829546450578;-0.32462474979274519;-0.93931887579480278;0.057752984894579286;0.14277511738355855;0.12853295018784902;-0.0027114675605786663;0.23630412376373996;-0.042139600407732944;0.95156282487574828
704,0,0;0;0;0;0;0,1;0;0;0;0;0;0;1;0;0;0;0;0;0;1;0;0;0;0;0;0;1;0;0;0;0;0;0;1;0;0;0;0;0;0;1
705,1,2.2818890159608114;5.0774208130984428;6.4491329186769129;10.667895371171449;77.533950315391579;98.210730345878133,-0.19672013386709183;-0.95035997525809246;-0.086213244910155529;0.19196152863217836;-0.01193051058108058;0.11701631169749283;0.033679400506511782;-0.10910945244231378;0.99082237237842974;-0.070500603616916041;0.00035913721434841119;0.016167488170770464;0.87734418202756592;-0.25255817935794711;-0.085412141582662596;-0.38829604599195339;0.091441496509764741;0.0071380498116147637;0.41689643821415151;0.054979452401178908;0.051616501129902445;0.79942452684742538;-0.39226254694354112;-0.16601468781184342;-0.087224979699162944;-0.034773247693777314;-0.029071224215825576;-0.38205575866564284;-0.91514253455495176;0.082976061624188899;0.094990714788611486;0.12997496648612406;0.0058025511979216786;0.14953407714314793;0.011841552579670846;0.97547370030971403
706,1,2.1859018211021226;5.1697986581210076;6.4273706847867222;11.779586990787251;76.319765597313236;105.64172399605393,-0.14280373449542216;-0.96923206717917509;-0.075087019391619533;0.14155526079534542;-0.0053107429021947662;0.1203832921780084;0.065530581271681529;-0.10030567000241959;0.9869931196991808;-0.10655301759661556;0.0031634702256409528;0.01120464400271258;0.8960356549226689;-0.17841518825401484;-0.1190071534445135;-0.38064561074084924;0.078888961519353359;0.0032975613332312578;0.39746317475610932;0.041973156756097363;0.067846523055915764;0.80888208803743811;-0.40935460923756734;-0.11745935331892172;-0.095113021829391561;-0.019845853414433401;-0.036306925905223282;-0.39005919542791284;-0.90656788041637948;0.12340974261187661;0.073549162000235216;0.12860944495415069;0.011066844849898623;0.13145749624980366;0.065588126285694187;0.97792882192559472
707,1,2.1649946421896109;5.4442686486450205;6.3886179329694759;12.102749311963363;77.926591952995039;108.49159746091189,-0.064187897140740413;-0.98583375266636064;0.036279671659053978;0.088501088717413509;-0.0081982580149043329;0.12163822281698917;0.086809468801372358;0.016759151446815838;0.98367077523646929;-0.15664692522317505;0.0054852258519302588;0.0025896004265139687;0.91292164889956473;-0.09772859593141521;-0.13711301090150682;-0.36268374219187044;0.081753955644103912;-2.5209928291600186e-05;0.38083922028269779;0.04621185239670389;0.097982612733534327;0.81549376872457446;-0.41540520732331726;-0.075058560434544161;-0.087542068372434959;-0.010524903613145779;-0.051321767617431992;-0.4016249654158256;-0.90278639058488064;0.11517729362636002;0.047074064166123683;0.12670341584115655;0.0064107239880876882;0.098778042042690223;0.075061563418380675;0.98300449623713138
708,1,1.9195112390074547;5.2797759662412433;6.4064780427418393;13.221633747796247;77.92056586403757;112.63524570339682,-0.044011876721380731;0.97200830341125022;0.19014737741556256;0.048630696214014085;-0.0029188224634949826;0.12138090265851377;0.069424286661574339;-0.18103166448941685;0.97496067745235859;-0.10850810614611056;0.0024368332114268125;-0.0089182419705116055;0.91686960951293006;0.078976339419211505;-0.092002234774563721;-0.37279371695008989;-0.074862221683866609;-0.0083028987182684685;0.37541645283045422;-0.032152722199899078;0.056826370417818795;0.81517062602118129;0.43607727633469467;-0.011528771019602141;-0.10308243675448646;0.010237947519934551;-0.038882056154016846;-0.42331391797660589;0.88938037631804134;0.1325339746640338;0.032091127396160782;-0.12268463330601391;-0.0094968634022051992;0.056462980867042246;-0.11497976069193813;0.98357512997298013
709,0,0;0;0;0;0;0,1;0;0;0;0;0;0;1;0;0;0;0;0;0;1;0;0;0;0;0;0;1;0;0;0;0;0;0;1;0;0;0;0;0;0;1
710,0,0;0;0;0;0;0,1;0;0;0;0;0;0;1;0;0;0;0;0;0;1;0;0;0;0;0;0;1;0;0;0;0;0;0;1;0;0;0;0;0;0;1
711,0,0;0;0;0;0;0,1;0;0;0;0;0;0;1;0;0;0;0;0;0;1;0;0;0;0;0;0;1;0;0;0;0;0;0;1;0;0;0;0;0;0;1
712,0,0;0;0;0;0;0,1;0;0;0;0;0;0;1;0;0;0;0;0;0;1;0;0;0;0;0;0;1;0;0;0;0;0;0;1;0;0;0;0;0;0;1
713,0,0;0;0;0;0;0,1;0;0;0;0;0;0;1;0;0;0;0;0;0;1;0;0;0;0;0;0;1;0;0;0;0;0;0;1;0;0;0;0;0;0;1
714,0,0;0;0;0;0;0,1;0;0;0;0;0;0;1;0;0;0;0;0;0;1;0;0;0;0;0;0;1;0;0;0;0;0;0;1;0;0;0;0;0;0;1
715,0,0;0;0;0;0;0,1;0;0;0;0;0;0;1;0;0;0;0;0;0;1;0;0;0;0;0;0;1;0;0;0;0;0;0;1;0;0;0;0;0;0;1
716,0,0;0;0;0;0;0,1;0;0;0;0;0;0;1;0;0;0;0;0;0;1;0;0;0;0;0;0;1;0;0;0;0;0;0;1;0;0;0;0;0;0;1
717,0,0;0;0;0;0;0,1;0;0;0;0;0;0;1;0;0;0;0;0;0;1;0;0;0;0;0;0;1;0;0;0;0;0;0;1;0;0;0;0;0;0;1
718,0,0;0;0;0;0;0,1;0;0;0;0;0;0;1;0;0;0;0;0;0;1;0;0;0;0;0;0;1;0;0;0;0;0;0;1;0;0;0;0;0;0;1
719,0,0;0;0;0;0;0,1;0;0;0;0;0;0;1;0;0;0;0;0;0;1;0;0;0;0;0;0;1;0;0;0;0;0;0;1;0;0;0;0;0;0;1
720,0,0;0;0;0;0;0,1;0;0;0;0;0;0;1;0;0;0;0;0;0;1;0;0;0;0;0;0;1;0;0;0;0;0;0;1;0;0;0;0;0;0;1
721,0,0;0;0;0;0;0,1;0;0;0;0;0;0;1;0;0;0;0;0;0;1;0;0;0;0;0;0;1;0;0;0;0;0;0;1;0;0;0;0;0;0;1
722,0,0;0;0;0;0;0,1;0;0;0;0;0;0;1;0;0;0;0;0;0;1;0;0;0;0;0;0;1;0;0;0;0;0;0;1;0;0;0;0;0;0;1
723,0,0;0;0;0;0;0,1;0;0;0;0;0;0;1;0;0;0;0;0;0;1;0;0;0;0;0;0;1;0;0;0;0;0;0;1;0;0;0;0;0;0;1
724,0,0;0;0;0;0;0,1;0;0;0;0;0;0;1;0;0;0;0;0;0;1;0;0;0;0;0;0;1;0;0;0;0;0;0;1;0;0;0;0;0;0;1
725,0,0;0;0;0;0;0,1;0;0;0;0;0;0;1;0;0;0;0;0;0;1;0;0;0;0;0;0;1;0;0;0;0;0;0;1;0;0;0;0;0;0;1
726,0,0;0;0;0;0;0,1;0;0;0;0;0;0;1;0;0;0;0;0;0;1;0;0;0;0;0;0;1;0;0;0;0;0;0;1;0;0;0;0;0;0;1
727,0,0;0;0;0;0;0,1;0;0;0;0;0;0;1;0;0;0;0;0;0;1;0;0;0;0;0;0;1;0;0;0;0;0;0;1;0;0;0;0;0;0;1
728,0,0;0;0;0;0;0,1;0;0;0;0;0;0;1;0;0;0;0;0;0;1;0;0;0;0;0;0;1;0;0;0;0;0;0;1;0;0;0;0;0;0;1
729,0,0;0;0;0;0;0,1;0;0;0;0;0;0;1;0;0;0;0;0;0;1;0;0;0;0;0;0;1;0;0;0;0;0;0;1;0;0;0;0;0;0;1
730,1,1.9659182526858883;5.1192941973786672;6.2042914565416103;26.05953672116458;108.80423169350486;131.56654490044053,0.028687733600915855;0.98150838044425137;0.16953105612130248;0.0085651666679119002;-0.00915291638335234;0.08318891819570734;0.0078608989141923605;-0.16781794922117155;0.98504440410970096;0.020774617312207425;0.0050815171162095548;-0.031708951085689385;0.9540713595835616;-0.027047148723175211;-0.018528026575284223;0.2909879419321747;0.063052286436723351;0.004840622348984084;0.26621232723036425;-0.0048665701720377813;0.014019371810675545;-0.73758551049908783;-0.61794263906266667;-0.055002546027022252;-0.13414003179477144;-0.0014884838418277027;-0.01006868146480938;0.60891663233348403;-0.77911325087889827;-0.064077571053170565;-0.00071395529948530434;-0.08786915097725255;0.017479532069825613;-0.0030365136271502942;-0.083930022124149684;0.99243110567143089
731,0,0;0;0;0;0;0,1;0;0;0;0;0;0;1;0;0;0;0;0;0;1;0;0;0;0;0;0;1;0;0;0;0;0;0;1;0;0;0;0;0;0;1
732,0,0;0;0;0;0;0,1;0;0;0;0;0;0;1;0;0;0;0;0;0;1;0;0;0;0;0;0;1;0;0;0;0;0;0;1;0;0;0;0;0;0;1
733,0,0;0;0;0;0;0,1;0;0;0;0;0;0;1;0;0;0;0;0;0;1;0;0;0;0;0;0;1;0;0;0;0;0;0;1;0;0;0;0;0;0;1
734,0,0;0;0;0;0;0,1;0;0;0;0;0;0;1;0;0;0;0;0;0;1;0;0;0;0;0;0;1;0;0;0;0;0;0;1;0;0;0;0;0;0;1
735,0,0;0;0;0;0;0,1;0;0;0;0;0;0;1;0;0;0;0;0;0;1;0;0;0;0;0;0;1;0;0;0;0;0;0;1;0;0;0;0;0;0;1
736,0,0;0;0;0;0;0,1;0;0;0;0;0;0;1;0;0;0;0;0;0;1;0;0;0;0;0;0;1;0;0;0;0;0;0;1;0;0;0;0;0;0;1
737,0,0;0;0;0;0;0,1;0;0;0;0;0;0;1;0;0;0;0;0;0;1;0;0;0;0;0;0;1;0;0;0;0;0;0;1;0;0;0;0;0;0;1
738,0,0;0;0;0;0;0,1;0;0;0;0;0;0;1;0;0;0;0;0;0;1;0;0;0;0;0;0;1;0;0;0;0;0;0;1;0;0;0;0;0;0;1
739,0,0;0;0;0;0;0,1;0;0;0;0;0;0;1;0;0;0;0;0;0;1;0;0;0;0;0;0;1;0;0;0;0;0;0;1;0;0;0;0;0;0;1
740,0,0;0;0;0;0;0,1;0;0;0;0;0;0;1;0;0;0;0;0;0;1;0;0;0;0;0;0;1;0;0;0;0;0;0;1;0;0;0;0;0;0;1
741,0,0;0;0;0;0;0,1;0;0;0;0;0;0;1;0;0;0;0;0;0;1;0;0;0;0;0;0;1;0;0;0;0;0;0;1;0;0;0;0;0;0;1
742,0,0;0;0;0;0;0,1;0;0;0;0;0;0;1;0;0;0;0;0;0;1;0;0;0;0;0;0;1;0;0;0;0;0;0;1;0;0;0;0;0;0;1
743,0,0;0;0;0;0;0,1;0;0;0;0;0;0;1;0;0;0;0;0;0;1;0;0;0;0;0;0;1;0;0;0;0;0;0;1;0;0;0;0;0;0;1
744,0,0;0;0;0;0;0,1;0;0;0;0;0;0;1;0;0;0;0;0;0;1;0;0;0;0;0;0;1;0;0;0;0;0;0;1;0;0;0;0;0;0;1
745,0,0;0;0;0;0;0,1;0;0;0;0;0;0;1;0;0;0;0;0;0;1;0;0;0;0;0;0;1;0;0;0;0;0;0;1;0;0;0;0;0;0;1
746,0,0;0;0;0;0;0,1;0;0;0;0;0;0;1;0;0;0;0;0;0;1;0;0;0;0;0;0;1;0;0;0;0;0;0;1;0;0;0;0;0;0;1
747,0,0;0;0;0;0;0,1;0;0;0;0;0;0;1;0;0;0;0;0;0;1;0;0;0;0;0;0;1;0;0;0;0;0;0;1;0;0;0;0;0;0;1
748,0,0;0;0;0;0;0,1;0;0;0;0;0;0;1;0;0;0;0;0;0;1;0;0;0;0;0;0;1;0;0;0;0;0;0;1;0;0;0;0;0;0;1
749,0,0;0;0;0;0;0,1;0;0;0;0;0;0;1;0;0;0;0;0;0;1;0;0;0;0;0;0;1;0;0;0;0;0;0;1;0;0;0;0;0;0;1
750,0,0;0;0;0;0;0,1;0;0;0;0;0;0;1;0;0;0;0;0;0;1;0;0;0;0;0;0;1;0;0;0;0;0;0;1;0;0;0;0;0;0;1
751,0,0;0;0;0;0;0,1;0;0;0;0;0;0;1;0;0;0;0;0;0;1;0;0;0;0;0;0;1;0;0;0;0;0;0;1;0;0;0;0;0;0;1
752,0,0;0;0;0;0;0,1;0;0;0;0;0;0;1;0;0;0;0;0;0;1;0;0;0;0;0;0;1;0;0;0;0;0;0;1;0;0;0;0;0;0;1
753,0,0;0;0;0;0;0,1;0;0;0;0;0;0;1;0;0;0;0;0;0;1;0;0;0;0;0;0;1;0;0;0;0;0;0;1;0;0;0;0;0;0;1
754,0,0;0;0;0;0;0,1;0;0;0;0;0;0;1;0;0;0;0;0;0;1;0;0;0;0;0;0;1;0;0;0;0;0;0;1;0;0;0;0;0;0;1
755,0,0;0;0;0;0;0,1;0;0;0;0;0;0;1;0;0;0;0;0;0;1;0;0;0;0;0;0;1;0;0;0;0;0;0;1;0;0;0;0;0;0;1
756,0,0;0;0;0;0;0,1;0;0;0;0;0;0;1;0;0;0;0;0;0;1;0;0;0;0;0;0;1;0;0;0;0;0;0;1;0;0;0;0;0;0;1
757,0,0;0;0;0;0;0,1;0;0;0;0;0;0;1;0;0;0;0;0;0;1;0;0;0;0;0;0;1;0;0;0;0;0;0;1;0;0;0;0;0;0;1
758,0,0;0;0;0;0;0,1;0;0;0;0;0;0;1;0;0;0;0;0;0;1;0;0;0;0;0;0;1;0;0;0;0;0;0;1;0;0;0;0;0;0;1
759,0,0;0;0;0;0;0,1;0;0;0;0;0;0;1;0;0;0;0;0;0;1;0;0;0;0;0;0;1;0;0;0;0;0;0;1;0;0;0;0;0;0;1
760,0,0;0;0;0;0;0,1;0;0;0;0;0;0;1;0;0;0;0;0;0;1;0;0;0;0;0;0;1;0;0;0;0;0;0;1;0;0;0;0;0;0;1
761,0,0;0;0;0;0;0,1;0;0;0;0;0;0;1;0;0;0;0;0;0;1;0;0;0;0;0;0;1;0;0;0;0;0;0;1;0;0;0;0;0;0;1
762,0,0;0;0;0;0;0,1;0;0;0;0;0;0;1;0;0;0;0;0;0;1;0;0;0;0;0;0;1;0;0;0;0;0;0;1;0;0;0;0;0;0;1
763,0,0;0;0;0;0;0,1;0;0;0;0;0;0;1;0;0;0;0;0;0;1;0;0;0;0;0;0;1;0;0;0;0;0;0;1;0;0;0;0;0;0;1
764,0,0;0;0;0;0;0,1;0;0;0;0;0;0;1;0;0;0;0;0;0;1;0;0;0;0;0;0;1;0;0;0;0;0;0;1;0;0;0;0;0;0;1
765,0,0;0;0;0;0;0,1;0;0;0;0;0;0;1;0;0;0;0;0;0;1;0;0;0;0;0;0;1;0;0;0;0;0;0;1;0;0;0;0;0;0;1
766,0,0;0;0;0;0;0,1;0;0;0;0;0;0;1;0;0;0;0;0;0;1;0;0;0;0;0;0;1;0;0;0;0;0;0;1;0;0;0;0;0;0;1
767,0,0;0;0;0;0;0,1;0;0;0;0;0;0;1;0;0;0;0;0;0;1;0;0;0;0;0;0;1;0;0;0;0;0;0;1;0;0;0;0;0;0;1
768,0,0;0;0;0;0;0,1;0;0;0;0;0;0;1;0;0;0;0;0;0;1;0;0;0;0;0;0;1;0;0;0;0;0;0;1;0;0;0;0;0;0;1
769,0,0;0;0;0;0;0,1;0;0;0;0;0;0;1;0;0;0;0;0;0;1;0;0;0;0;0;0;1;0;0;0;0;0;0;1;0;0;0;0;0;0;1
770,0,0;0;0;0;0;0,1;0;0;0;0;0;0;1;0;0;0;0;0;0;1;0;0;0;0;0;0;1;0;0;0;0;0;0;1;0;0;0;0;0;0;1
771,0,0;0;0;0;0;0,1;0;0;0;0;0;0;1;0;0;0;0;0;0;1;0;0;0;0;0;0;1;0;0;0;0;0;0;1;0;0;0;0;0;0;1
772,0,0;0;0;0;0;0,1;0;0;0;0;0;0;1;0;0;0;0;0;0;1;0;0;0;0;0;0;1;0;0;0;0;0;0;1;0;0;0;0;0;0;1
773,0,0;0;0;0;0;0,1;0;0;0;0;0;0;1;0;0;0;0;0;0;1;0;0;0;0;0;0;1;0;0;0;0;0;0;1;0;0;0;0;0;0;1
774,0,0;0;0;0;0;0,1;0;0;0;0;0;0;1;0;0;0;0;0;0;1;0;0;0;0;0;0;1;0;0;0;0;0;0;1;0;0;0;0;0;0;1
775,0,0;0;0;0;0;0,1;0;0;0;0;0;0;1;0;0;0;0;0;0;1;0;0;0;0;0;0;1;0;0;0;0;0;0;1;0;0;0;0;0;0;1
776,0,0;0;0;0;0;0,1;0;0;0;0;0;0;1;0;0;0;0;0;0;1;0;0;0;0;0;0;1;0;0;0;0;0;0;1;0;0;0;0;0;0;1
777,0,0;0;0;0;0;0,1;0;0;0;0;0;0;1;0;0;0;0;0;0;1;0;0;0;0;0;0;1;0;0;0;0;0;0;1;0;0;0;0;0;0;1
778,0,0;0;0;0;0;0,1;0;0;0;0;0;0;1;0;0;0;0;0;0;1;0;0;0;0;0;0;1;0;0;0;0;0;0;1;0;0;0;0;0;0;1
779,0,0;0;0;0;0;0,1;0;0;0;0;0;0;1;0;0;0;0;0;0;1;0;0;0;0;0;0;1;0;0;0;0;0;0;1;0;0;0;0;0;0;1
780,0,0;0;0;0;0;0,1;0;0;0;0;0;0;1;0;0;0;0;0;0;1;0;0;0;0;0;0;1;0;0;0;0;0;0;1;0;0;0;0;0;0;1
781,0,0;0;0;0;0;0,1;0;0;0;0;0;0;1;0;0;0;0;0;0;1;0;0;0;0;0;0;1;0;0;0;0;0;0;1;0;0;0;0;0;0;1
782,0,0;0;0;0;0;0,1;0;0;0;0;0;0;1;0;0;0;0;0;0;1;0;0;0;0;0;0;1;0;0;0;0;0;0;1;0;0;0;0;0;0;1
783,0,0;0;0;0;0;0,1;0;0;0;0;0;0;1;0;0;0;0;0;0;1;0;0;0;0;0;0;1;0;0;0;0;0;0;1;0;0;0;0;0;0;1
784,0,0;0;0;0;0;0,1;0;0;0;0;0;0;1;0;0;0;0;0;0;1;0;0;0;0;0;0;1;0;0;0;0;0;0;1;0;0;0;0;0;0;1
785,0,0;0;0;0;0;0,1;0;0;0;0;0;0;1;0;0;0;0;0;0;1;0;0;0;0;0;0;1;0;0;0;0;0;0;1;0;0;0;0;0;0;1
786,0,0;0;0;0;0;0,1;0;0;0;0;0;0;1;0;0;0;0;0;0;1;0;0;0;0;0;0;1;0;0;0;0;0;0;1;0;0;0;0;0;0;1
787,0,0;0;0;0;0;0,1;0;0;0;0;0;0;1;0;0;0;0;0;0;1;0;0;0;0;0;0;1;0;0;0;0;0;0;1;0;0;0;0;0;0;1
788,0,0;0;0;0;0;0,1;0;0;0;0;0;0;1;0;0;0;0;0;0;1;0;0;0;0;0;0;1;0;0;0;0;0;0;1;0;0;0;0;0;0;1
789,0,0;0;0;0;0;0,1;0;0;0;0;0;0;1;0;0;0;0;0;0;1;0;0;0;0;0;0;1;0;0;0;0;0;0;1;0;0;0;0;0;0;1
790,0,0;0;0;0;0;0,1;0;0;0;0;0;0;1;0;0;0;0;0;0;1;0;0;0;0;0;0;1;0;0;0;0;0;0;1;0;0;0;0;0;0;1
791,0,0;0;0;0;0;0,1;0;0;0;0;0;0;1;0;0;0;0;0;0;1;0;0;0;0;0;0;1;0;0;0;0;0;0;1;0;0;0;0;0;0;1
792,0,0;0;0;0;0;0,1;0;0;0;0;0;0;1;0;0;0;0;0;0;1;0;0;0;0;0;0;1;0;0;0;0;0;0;1;0;0;0;0;0;0;1
793,0,0;0;0;0;0;0,1;0;0;0;0;0;0;1;0;0;0;0;0;0;1;0;0;0;0;0;0;1;0;0;0;0;0;0;1;0;0;0;0;0;0;1
794,0,0;0;0;0;0;0,1;0;0;0;0;0;0;1;0;0;0;0;0;0;1;0;0;0;0;0;0;1;0;0;0;0;0;0;1;0;0;0;0;0;0;1
795,0,0;0;0;0;0;0,1;0;0;0;0;0;0;1;0;0;0;0;0;0;1;0;0;0;0;0;0;1;0;0;0;0;0;0;1;0;0;0;0;0;0;1
796,0,0;0;0;0;0;0,1;0;0;0;0;0;0;1;0;0;0;0;0;0;1;0;0;0;0;0;0;1;0;0;0;0;0;0;1;0;0;0;0;0;0;1
797,0,0;0;0;0;0;0,1;0;0;0;0;0;0;1;0;0;0;0;0;0;1;0;0;0;0;0;0;1;0;0;0;0;0;0;1;0;0;0;0;0;0;1
798,0,0;0;0;0;0;0,1;0;0;0;0;0;0;1;0;0;0;0;0;0;1;0;0;0;0;0;0;1;0;0;0;0;0;0;1;0;0;0;0;0;0;1
799,0,0;0;0;0;0;0,1;0;0;0;0;0;0;1;0;0;0;0;0;0;1;0;0;0;0;0;0;1;0;0;0;0;0;0;1;0;0;0;0;0;0;1
800,0,0;0;0;0;0;0,1;0;0;0;0;0;0;1;0;0;0;0;0;0;1;0;0;0;0;0;0;1;0;0;0;0;0;0;1;0;0;0;0;0;0;1
801,0,0;0;0;0;0;0,1;0;0;0;0;0;0;1;0;0;0;0;0;0;1;0;0;0;0;0;0;1;0;0;0;0;0;0;1;0;0;0;0;0;0;1
802,0,0;0;0;0;0;0,1;0;0;0;0;0;0;1;0;0;0;0;0;0;1;0;0;0;0;0;0;1;0;0;0;0;0;0;1;0;0;0;0;0;0;1
803,0,0;0;0;0;0;0,1;0;0;0;0;0;0;1;0;0;0;0;0;0;1;0;0;0;0;0;0;1;0;0;0;0;0;0;1;0;0;0;0;0;0;1
804,0,0;0;0;0;0;0,1;0;0;0;0;0;0;1;0;0;0;0;0;0;1;0;0;0;0;0;0;1;0;0;0;0;0;0;1;0;0;0;0;0;0;1
805,0,0;0;0;0;0;0,1;0;0;0;0;0;0;1;0;0;0;0;0;0;1;0;0;0;0;0;0;1;0;0;0;0;0;0;1;0;0;0;0;0;0;1
806,0,0;0;0;0;0;0,1;0;0;0;0;0;0;1;0;0;0;0;0;0;1;0;0;0;0;0;0;1;0;0;0;0;0;0;1;0;0;0;0;0;0;1
807,0,0;0;0;0;0;0,1;0;0;0;0;0;0;1;0;0;0;0;0;0;1;0;0;0;0;0;0;1;0;0;0;0;0;0;1;0;0;0;0;0;0;1
808,0,0;0;0;0;0;0,1;0;0;0;0;0;0;1;0;0;0;0;0;0;1;0;0;0;0;0;0;1;0;0;0;0;0;0;1;0;0;0;0;0;0;1
809,0,0;0;0;0;0;0,1;0;0;0;0;0;0;1;0;0;0;0;0;0;1;0;0;0;0;0;0;1;0;0;0;0;0;0;1;0;0;0;0;0;0;1
810,0,0;0;0;0;0;0,1;0;0;0;0;0;0;1;0;0;0;0;0;0;1;0;0;0;0;0;0;1;0;0;0;0;0;0;1;0;0;0;0;0;0;1
811,0,0;0;0;0;0;0,1;0;0;0;0;0;0;1;0;0;0;0;0;0;1;0;0;0;0;0;0;1;0;0;0;0;0;0;1;0;0;0;0;0;0;1
812,0,0;0;0;0;0;0,1;0;0;0;0;0;0;1;0;0;0;0;0;0;1;0;0;0;0;0;0;1;0;0;0;0;0;0;1;0;0;0;0;0;0;1
813,0,0;0;0;0;0;0,1;0;0;0;0;0;0;1;0;0;0;0;0;0;1;0;0;0;0;0;0;1;0;0;0;0;0;0;1;0;0;0;0;0;0;1
814,0,0;0;0;0;0;0,1;0;0;0;0;0;0;1;0;0;0;0;0;0;1;0;0;0;0;0;0;1;0;0;0;0;0;0;1;0;0;0;0;0;0;1
815,0,0;0;0;0;0;0,1;0;0;0;0;0;0;1;0;0;0;0;0;0;1;0;0;0;0;0;0;1;0;0;0;0;0;0;1;0;0;0;0;0;0;1
816,0,0;0;0;0;0;0,1;0;0;0;0;0;0;1;0;0;0;0;0;0;1;0;0;0;0;0;0;1;0;0;0;0;0;0;1;0;0;0;0;0;0;1
817,0,0;0;0;0;0;0,1;0;0;0;0;0;0;1;0;0;0;0;0;0;1;0;0;0;0;0;0;1;0;0;0;0;0;0;1;0;0;0;0;0;0;1
818,0,0;0;0;0;0;0,1;0;0;0;0;0;0;1;0;0;0;0;0;0;1;0;0;0;0;0;0;1;0;0;0;0;0;0;1;0;0;0;0;0;0;1
819,0,0;0;0;0;0;0,1;0;0;0;0;0;0;1;0;0;0;0;0;0;1;0;0;0;0;0;0;1;0;0;0;0;0;0;1;0;0;0;0;0;0;1
820,0,0;0;0;0;0;0,1;0;0;0;0;0;0;1;0;0;0;0;0;0;1;0;0;0;0;0;0;1;0;0;0;0;0;0;1;0;0;0;0;0;0;1
821,0,0;0;0;0;0;0,1;0;0;0;0;0;0;1;0;0;0;0;0;0;1;0;0;0;0;0;0;1;0;0;0;0;0;0;1;0;0;0;0;0;0;1
822,0,0;0;0;0;0;0,1;0;0;0;0;0;0;1;0;0;0;0;0;0;1;0;0;0;0;0;0;1;0;0;0;0;0;0;1;0;0;0;0;0;0;1
823,0,0;0;0;0;0;0,1;0;0;0;0;0;0;1;0;0;0;0;0;0;1;0;0;0;0;0;0;1;0;0;0;0;0;0;1;0;0;0;0;0;0;1
824,0,0;0;0;0;0;0,1;0;0;0;0;0;0;1;0;0;0;0;0;0;1;0;0;0;0;0;0;1;0;0;0;0;0;0;1;0;0;0;0;0;0;1
825,0,0;0;0;0;0;0,1;0;0;0;0;0;0;1;0;0;0;0;0;0;1;0;0;0;0;0;0;1;0;0;0;0;0;0;1;0;0;0;0;0;0;1
826,0,0;0;0;0;0;0,1;0;0;0;0;0;0;1;0;0;0;0;0;0;1;0;0;0;0;0;0;1;0;0;0;0;0;0;1;0;0;0;0;0;0;1
827,0,0;0;0;0;0;0,1;0;0;0;0;0;0;1;0;0;0;0;0;0;1;0;0;0;0;0;0;1;0;0;0;0;0;0;1;0;0;0;0;0;0;1
828,0,0;0;0;0;0;0,1;0;0;0;0;0;0;1;0;0;0;0;0;0;1;0;0;0;0;0;0;1;0;0;0;0;0;0;1;0;0;0;0;0;0;1
829,0,0;0;0;0;0;0,1;0;0;0;0;0;0;1;0;0;0;0;0;0;1;0;0;0;0;0;0;1;0;0;0;0;0;0;1;0;0;0;0;0;0;1
830,0,0;0;0;0;0;0,1;0;0;0;0;0;0;1;0;0;0;0;0;0;1;0;0;0;0;0;0;1;0;0;0;0;0;0;1;0;0;0;0;0;0;1
831,0,0;0;0;0;0;0,1;0;0;0;0;0;0;1;0;0;0;0;0;0;1;0;0;0;0;0;0;1;0;0;0;0;0;0;1;0;0;0;0;0;0;1
832,0,0;0;0;0;0;0,1;0;0;0;0;0;0;1;0;0;0;0;0;0;1;0;0;0;0;0;0;1;0;0;0;0;0;0;1;0;0;0;0;0;0;1
833,0,0;0;0;0;0;0,1;0;0;0;0;0;0;1;0;0;0;0;0;0;1;0;0;0;0;0;0;1;0;0;0;0;0;0;1;0;0;0;0;0;0;1
834,0,0;0;0;0;0;0,1;0;0;0;0;0;0;1;0;0;0;0;0;0;1;0;0;0;0;0;0;1;0;0;0;0;0;0;1;0;0;0;0;0;0;1
835,0,0;0;0;0;0;0,1;0;0;0;0;0;0;1;0;0;0;0;0;0;1;0;0;0;0;0;0;1;0;0;0;0;0;0;1;0;0;0;0;0;0;1
836,0,0;0;0;0;0;0,1;0;0;0;0;0;0;1;0;0;0;0;0;0;1;0;0;0;0;0;0;1;0;0;0;0;0;0;1;0;0;0;0;0;0;1
837,0,0;0;0;0;0;0,1;0;0;0;0;0;0;1;0;0;0;0;0;0;1;0;0;0;0;0;0;1;0;0;0;0;0;0;1;0;0;0;0;0;0;1
838,0,0;0;0;0;0;0,1;0;0;0;0;0;0;1;0;0;0;0;0;0;1;0;0;0;0;0;0;1;0;0;0;0;0;0;1;0;0;0;0;0;0;1
839,0,0;0;0;0;0;0,1;0;0;0;0;0;0;1;0;0;0;0;0;0;1;0;0;0;0;0;0;1;0;0;0;0;0;0;1;0;0;0;0;0;0;1
840,0,0;0;0;0;0;0,1;0;0;0;0;0;0;1;0;0;0;0;0;0;1;0;0;0;0;0;0;1;0;0;0;0;0;0;1;0;0;0;0;0;0;1
841,0,0;0;0;0;0;0,1;0;0;0;0;0;0;1;0;0;0;0;0;0;1;0;0;0;0;0;0;1;0;0;0;0;0;0;1;0;0;0;0;0;0;1
842,0,0;0;0;0;0;0,1;0;0;0;0;0;0;1;0;0;0;0;0;0;1;0;0;0;0;0;0;1;0;0;0;0;0;0;1;0;0;0;0;0;0;1
843,0,0;0;0;0;0;0,1;0;0;0;0;0;0;1;0;0;0;0;0;0;1;0;0;0;0;0;0;1;0;0;0;0;0;0;1;0;0;0;0;0;0;1
844,0,0;0;0;0;0;0,1;0;0;0;0;0;0;1;0;0;0;0;0;0;1;0;0;0;0;0;0;1;0;0;0;0;0;0;1;0;0;0;0;0;0;1
845,0,0;0;0;0;0;0,1;0;0;0;0;0;0;1;0;0;0;0;0;0;1;0;0;0;0;0;0;1;0;0;0;0;0;0;1;0;0;0;0;0;0;1
846,0,0;0;0;0;0;0,1;0;0;0;0;0;0;1;0;0;0;0;0;0;1;0;0;0;0;0;0;1;0;0;0;0;0;0;1;0;0;0;0;0;0;1
847,0,0;0;0;0;0;0,1;0;0;0;0;0;0;1;0;0;0;0;0;0;1;0;0;0;0;0;0;1;0;0;0;0;0;0;1;0;0;0;0;0;0;1
848,0,0;0;0;0;0;0,1;0;0;0;0;0;0;1;0;0;0;0;0;0;1;0;0;0;0;0;0;1;0;0;0;0;0;0;1;0;0;0;0;0;0;1
849,0,0;0;0;0;0;0,1;0;0;0;0;0;0;1;0;0;0;0;0;0;1;0;0;0;0;0;0;1;0;0;0;0;0;0;1;0;0;0;0;0;0;1
850,0,0;0;0;0;0;0,1;0;0;0;0;0;0;1;0;0;0;0;0;0;1;0;0;0;0;0;0;1;0;0;0;0;0;0;1;0;0;0;0;0;0;1
851,0,0;0;0;0;0;0,1;0;0;0;0;0;0;1;0;0;0;0;0;0;1;0;0;0;0;0;0;1;0;0;0;0;0;0;1;0;0;0;0;0;0;1
852,0,0;0;0;0;0;0,1;0;0;0;0;0;0;1;0;0;0;0;0;0;1;0;0;0;0;0;0;1;0;0;0;0;0;0;1;0;0;0;0;0;0;1
853,0,0;0;0;0;0;0,1;0;0;0;0;0;0;1;0;0;0;0;0;0;1;0;0;0;0;0;0;1;0;0;0;0;0;0;1;0;0;0;0;0;0;1
854,0,0;0;0;0;0;0,1;0;0;0;0;0;0;1;0;0;0;0;0;0;1;0;0;0;0;0;0;1;0;0;0;0;0;0;1;0;0;0;0;0;0;1
855,0,0;0;0;0;0;0,1;0;0;0;0;0;0;1;0;0;0;0;0;0;1;0;0;0;0;0;0;1;0;0;0;0;0;0;1;0;0;0;0;0;0;1
856,0,0;0;0;0;0;0,1;0;0;0;0;0;0;1;0;0;0;0;0;0;1;0;0;0;0;0;0;1;0;0;0;0;0;0;1;0;0;0;0;0;0;1
857,0,0;0;0;0;0;0,1;0;0;0;0;0;0;1;0;0;0;0;0;0;1;0;0;0;0;0;0;1;0;0;0;0;0;0;1;0;0;0;0;0;0;1
858,0,0;0;0;0;0;0,1;0;0;0;0;0;0;1;0;0;0;0;0;0;1;0;0;0;0;0;0;1;0;0;0;0;0;0;1;0;0;0;0;0;0;1
859,0,0;0;0;0;0;0,1;0;0;0;0;0;0;1;0;0;0;0;0;0;1;0;0;0;0;0;0;1;0;0;0;0;0;0;1;0;0;0;0;0;0;1
860,0,0;0;0;0;0;0,1;0;0;0;0;0;0;1;0;0;0;0;0;0;1;0;0;0;0;0;0;1;0;0;0;0;0;0;1;0;0;0;0;0;0;1
861,0,0;0;0;0;0;0,1;0;0;0;0;0;0;1;0;0;0;0;0;0;1;0;0;0;0;0;0;1;0;0;0;0;0;0;1;0;0;0;0;0;0;1
862,0,0;0;0;0;0;0,1;0;0;0;0;0;0;1;0;0;0;0;0;0;1;0;0;0;0;0;0;1;0;0;0;0;0;0;1;0;0;0;0;0;0;1
863,0,0;0;0;0;0;0,1;0;0;0;0;0;0;1;0;0;0;0;0;0;1;0;0;0;0;0;0;1;0;0;0;0;0;0;1;0;0;0;0;0;0;1
864,0,0;0;0;0;0;0,1;0;0;0;0;0;0;1;0;0;0;0;0;0;1;0;0;0;0;0;0;1;0;0;0;0;0;0;1;0;0;0;0;0;0;1
865,0,0;0;0;0;0;0,1;0;0;0;0;0;0;1;0;0;0;0;0;0;1;0;0;0;0;0;0;1;0;0;0;0;0;0;1;0;0;0;0;0;0;1
866,0,0;0;0;0;0;0,1;0;0;0;0;0;0;1;0;0;0;0;0;0;1;0;0;0;0;0;0;1;0;0;0;0;0;0;1;0;0;0;0;0;0;1
867,0,0;0;0;0;0;0,1;0;0;0;0;0;0;1;0;0;0;0;0;0;1;0;0;0;0;0;0;1;0;0;0;0;0;0;1;0;0;0;0;0;0;1
868,0,0;0;0;0;0;0,1;0;0;0;0;0;0;1;0;0;0;0;0;0;1;0;0;0;0;0;0;1;0;0;0;0;0;0;1;0;0;0;0;0;0;1
869,0,0;0;0;0;0;0,1;0;0;0;0;0;0;1;0;0;0;0;0;0;1;0;0;0;0;0;0;1;0;0;0;0;0;0;1;0;0;0;0;0;0;1
870,0,0;0;0;0;0;0,1;0;0;0;0;0;0;1;0;0;0;0;0;0;1;0;0;0;0;0;0;1;0;0;0;0;0;0;1;0;0;0;0;0;0;1
871,0,0;0;0;0;0;0,1;0;0;0;0;0;0;1;0;0;0;0;0;0;1;0;0;0;0;0;0;1;0;0;0;0;0;0;1;0;0;0;0;0;0;1
872,0,0;0;0;0;0;0,1;0;0;0;0;0;0;1;0;0;0;0;0;0;1;0;0;0;0;0;0;1;0;0;0;0;0;0;1;0;0;0;0;0;0;1
873,2,3.7591239771289344;3.7881940403910259;4.9803508752983019;19.680013883626771;924.65667664223929;1033.5731639021496,-0.92078070367388065;-0.3765857049799971;-0.10013300338428477;0.017736089536997186;-0.0020646305325538327;-0.00080784187490187676;0.015342896273542536;-0.29516470322131266;0.94709713390077765;-0.1241702988165074;0.000801115980089309;-0.01518247569245618;-0.38064708231613781;0.85992046448867387;0.29604371019026471;0.16698757223490837;-0.010778155973934715;-0.0013027691545655501;0.082935444929010088;-0.17655188127929491;0.072243792897982065;0.9745824135917146;0.062026651062176336;0.055441800607864161;0.011641260094516629;-0.020191143404624069;0.0012997515679358267;0.063381123816326046;-0.99405185429514331;-0.085433328118791729;-0.0046349798083044833;0.0044215919454411775;0.010847455025630774;-0.050539796204323341;-0.088839925698692757;0.99468311326159897
874,0,0;0;0;0;0;0,1;0;0;0;0;0;0;1;0;0;0;0;0;0;1;0;0;0;0;0;0;1;0;0;0;0;0;0;1;0;0;0;0;0;0;1
875,2,3.711454788822913;4.0827078787709583;4.9522098395199396;26.910907919364647;819.38122068000337;958.83183173201201,0.99673141644346874;-0.042258819280285978;-0.068675160305367897;0.0044395578575380044;-0.0021440717475364368;-0.00030217054079925915;0.06096099337314545;-0.1650714234669784;0.98202362253201647;-0.066860009479527707;0.0019473768579175285;-0.013810651194354553;0.052876234694422861;0.98393068131643369;0.16497514127910304;0.042402089414171083;-0.0079268611949997181;-0.002636022300197975;-0.0023705033337668544;-0.052084620796249918;0.059852478927323351;0.99304475042369633;0.054107945497975457;0.068071342330212004;-0.0028228827249605769;-0.011448645491331766;0.0017701742304260673;0.066883576753108423;-0.97511300607539009;-0.21104274182273006;0.00086983513491019381;0.0014671416854542016;0.010539314755567195;-0.055684855107918027;-0.21483884929852315;0.97500229716154607
876,2,3.6568929870094169;4.086333645048283;4.971602427263722;27.43248231351776;842.8417880245446;1002.1130755643795,0.99891443271073976;0.00087606167348520513;0.046251983777415406;0.0051556719747612341;-0.0018326592039895316;-5.5149868425933077e-05;0.046237752566384786;0.090651989528084856;-0.99200853478838569;-0.073815715973439569;0.002519085155043105;-0.01040424069887257;0.0049720366770813216;-0.99431266879631119;-0.094259681592444564;0.048821134678508141;-0.0067231100414240465;-0.0020011368279438707;-0.0018545065841818929;0.054832608587168125;-0.069463235645756308;0.99269256321123323;0.053081452875843725;0.06251910940007549;-0.001958919825590006;0.010669138487836209;-0.003863041534862938;0.066753754745831451;-0.96467407094394608;-0.25458845634260741;0.00016926168203669118;-0.0018222242330786251;-0.0074073702126270157;-0.047397965177470823;-0.25793679762805899;0.96496830157382796
877,2,3.6988640779467721;4.1015955259470944;4.6821737708400208;34.421060706980796;823.10179092353235;850.24191137185983,0.99874999103084983;0.035909342593077535;-0.034674484277406742;0.001704701821909315;-0.0019344642276406744;-8.0686772884059398e-05;0.029941590305942806;0.12625393553964695;0.99026373618940777;-0.048824833311300678;0.0087991067456085845;0.0089380697859895233;0.039969001627670232;-0.99104789198281795;0.12366385847425669;-0.029646902639200466;-0.0040619451110084611;0.0061940760711750708;0.00099046907687268195;-0.023693974900418961;0.05275470681714272;0.99455769647401027;0.0059724457804676157;-0.086451568573238588;-0.0014647064895848833;0.0054828923992657486;0.0018278970664632273;0.069197217031405134;-0.65751697828986533;0.7502317106959856;-0.0011441593514858934;0.0017527452902090564;0.0098113575258936062;-0.05292470450690407;-0.7533512376856567;-0.65540845613798071
878,2,3.7474890037084565;3.9558251684143473;4.578245370214435;35.519983791202172;699.8862382023425;831.26039409024816,-0.99798123980752496;-0.0094637766855703385;-0.062708803782016001;0.0022076594656499997;-0.0022438782771434075;0.001256622962452203;-0.060598456684940016;-0.14087735826418191;0.9869632237497894;0.046577864743224354;0.0011169536246180035;-0.014637174313857452;-0.01805445206075992;0.98980323071447995;0.13902034332242871;0.023815071610664679;-0.0079306212181983124;-0.0026254488664718321;-0.0055631004607442055;0.017472855136510666;0.049979669042868075;-0.99458977499496681;0.061448922297377639;0.06466060124187431;0.0018266403406393583;-0.0067182467730686956;0.0011033975913738729;-0.071981227981807352;-0.98234720668557152;-0.172519504388356;0.0010119776446052848;-0.0017708247242502815;0.012056543131696597;0.053557010871760673;-0.17649027774219572;0.98276818644974506
879,2,3.8054874054490884;4.0178036924316762;4.6749681998386858;36.206536137788213;725.31011408123015;806.18775572207187,0.99611324834800696;-0.071712410585013903;-0.051070912343478714;0.00013182989963176855;-0.0024271197812761386;0.0012570825424441903;0.042866332094586949;-0.11106437788700715;0.99163790380187522;-0.047778674137023101;-0.0013872939382893815;-0.014025797445772228;0.076805173579062233;0.99107929084740309;0.10663623128974184;-0.020826696397105052;-0.0072593974482031151;-0.0022513567223335523;0.003688389517320968;0.015819414685443997;0.050429912711698714;0.9946464260418767;0.068462045541792416;0.056430499625862177;-0.0027434802169838011;-0.0057805560769215681;0.00074824997632547509;0.071768036715790892;-0.99584479515671664;-0.055686546624394095;-0.00084169406364421667;-0.00045241189036495353;0.011445866416003463;-0.053021370256259852;-0.059544755716143039;0.99675033753664932
880,2,3.8096986715249672;4.0540327863288992;4.6601127058492526;36.395976269203977;866.78020812689147;914.13205133528618,-0.99311793177077101;0.072620728391448008;-0.091868979678308677;0.00044869798850488262;-0.0016389897467948399;-0.0004542673588042572;-0.079042543497201162;0.16204238714470576;0.98221316302260975;-0.050794077476742937;0.0015741405462719529;0.013012580293203881;-0.086268024059860365;-0.98406658696118932;0.15475839982759196;-0.012086105455932033;-0.0082059546847432444;0.0026844919048090478;-0.0047872086568657825;-0.0042212789256801213;0.052509489332806081;0.99464593338098362;0.060678448055620657;-0.064804398907397476;0.0019876774547596971;0.0078649490223692414;0.0015060170804610041;0.07273054728230112;-0.97654478846009907;0.20249065966409807;-9.8535567372396194e-05;0.0013305577794377244;0.010378635910007849;-0.051608343501796099;-0.20641196713089;-0.97704717518118955
881,2,3.7374131881328165;4.0274116203028125;4.6414457845042181;34.259314822502432;888.60573974690999;925.35725175352002,0.99558424415729829;-0.0071685448048978764;0.093535878394587324;0.0032033304729093865;-0.0011670561615418763;-0.00020213329856503544;0.091970611858918416;-0.12340661395003026;-0.98647430602214592;-0.054506844018425343;0.00074617752085446524;0.0144604605759524;0.018631259182495238;0.99228546496862546;-0.12231415851812487;-0.0010265830316525213;-0.0074869026149126383;0.0021380448523409595;0.001992103905135201;-0.0051664605769345777;-0.054990425716484992;0.99439948836740488;0.064203036025286764;-0.063190347256813995;-0.0012407157400270302;-0.0078824845736334363;-0.0019140123588259877;0.072121531215628004;-0.98846668310231756;0.13290885880897541;0.00088750650396759447;-0.00038695325404143762;-0.011450732434732176;-0.054642758221632781;-0.13694383538551669;-0.98900379081676393
882,2,3.7685728263476523;3.9257781438767427;4.6069604801453021;32.380699166609787;816.26762381965796;973.21054177024951,-0.99748952740050056;0.041890181523379713;-0.057042011079010628;0.00107271088394484;-0.002145774866751023;-0.00055617614814475972;-0.064972308456600847;-0.22463783057813175;0.96990304284790707;-0.066369537466678161;0.0046947077466986892;-0.013325760652772915;0.027840630335853832;0.97298115278385178;0.22837548442673639;0.016878707740700133;-0.0091654994740071032;-0.0028838493647762235;-0.0038926117485416842;-0.030765767511487144;0.061322221264353279;0.99333869282026133;0.056330259980455072;0.073369226921642119;0.0016338060372946396;-0.011874291043326927;0.0027934500126228657;0.076575423568072662;-0.94468399362190114;-0.31867991029718801;-0.00056516745928937226;-0.0017896519614901895;0.0105221849213926;-0.052187056482695802;-0.32293715022260333;0.94492003338793429
883,2,3.5300777532980061;3.6238041924651849;4.4734739940337924;26.679037055703077;859.25649327494625;901.58698347178847,-0.76999727939656415;-0.63300271866611835;-0.079708783057909988;0.0074188419846919788;-0.0017720175269319747;-0.00028022153641844632;0.086456515264022038;-0.2277740851391046;0.96683350750956021;-0.074263802348567401;-0.00023038512189830357;-0.019027360500999905;-0.62772302560689208;0.73494239772757464;0.23678222278010577;0.098011971472014667;-0.012262197448669495;-0.00097266776623907455;0.073284788533848996;-0.084173730407426137;0.050633264152850653;0.98807774898288225;0.07442157911470898;0.056073041357395832;0.014644512300160225;-0.01416806261766617;0.00023953276559463251;0.07447337070439207;-0.99655467216399896;-0.03028612436804512;-0.0028533913610596295;0.00049541270687668694;0.015807366029224411;-0.054585537584187681;-0.034447922150497717;0.99778529737081556
884,2,3.243535046365388;3.5105239158706745;4.5943990497195824;23.075296052612963;863.10011944218934;992.27167607206241,0.20206909930691472;-0.97826163023700385;-0.043893348552927716;0.015402227725717881;-0.0021395960062082072;0.0019568786774032173;-0.21097692222912007;-0.088405685014482982;0.96960513761984513;-0.085539412397892367;0.0019486992111236627;0.014773684139606377;0.93831480767819264;0.18593010158162293;0.23617300114964179;0.17073344226712481;-0.008044853566260236;0.0017333690807825506;-0.18345954336196985;-0.024804564895906395;0.044866237661685252;0.97711917146345162;0.069173798345717852;-0.064555871993426828;-0.022673033276650916;-0.0010553014592954262;0.0011497481137948055;0.076167184823399209;-0.98306554116369582;0.16511874428044016;0.007118187642176141;-0.001494954233912055;0.012135212373238268;-0.052273862627351668;-0.16948165809422788;-0.98404433029860727
885,2,3.1475374265774168;3.7026363731183323;4.9091051007147124;23.113679977925486;1026.3650041919202;1115.7963524309289,-0.057497385130607308;0.99416008693478664;-0.090004434874864855;0.01516439328545606;-0.0015786695031460157;0.0025540028777703257;0.21349063812602745;0.10126534283461645;0.96738745159396766;-0.090026862223749587;0.0015482298026580302;0.014878283983150473;-0.94791783031256038;-0.037007160554004395;0.23297435952632414;0.21389274732160116;-0.007391107694985093;0.00068484802402296336;0.22773554943177063;0.0023163731175832431;0.040371332736121403;0.96842943373500612;0.073955025155637774;-0.05635952061207801;0.025375905580076897;-0.0014050109663930883;0.0015308369613197649;0.075962233668030038;-0.99084627597317387;0.10865147189352631;-0.0077568068309536485;0.0037659413032203092;0.012307722615998254;-0.047846304240834359;-0.11267117625391621;-0.99236591376868033
886,2,3.0296637589565241;3.6435282901280068;4.8053073568168987;24.54844332629807;951.87163430522151;1026.6589245809216,-0.11523564958167745;0.98389775542014468;-0.13554009304048664;0.016870420051065111;-0.0015287984344174929;0.0028083493219639762;0.20083860812376683;0.15762028291613386;0.96250146579836582;-0.090458508142191044;-0.0020502158795111095;0.01495604078221454;-0.94496257686260421;-0.082574956661801896;0.23100742256193343;0.21624002925247265;-0.010140617398043061;-0.00030530387626569525;0.22925796923332573;0.016200626147485117;0.041309576638449523;0.96777851318268004;0.083862226740028314;-0.042938543076338875;0.028049898470423093;0.00071299923752183008;0.00029688133311243258;0.075830529276077474;-0.99344296133120091;-0.080829574417805833;-0.0091822448450235399;0.0044114815490669318;0.012198892379696114;-0.049268420235594412;0.076998940101005636;-0.9956862950877986
887,2,3.0306158598566757;3.6105094623396727;4.9085947993068517;23.295779304894857;1090.6938714472315;1114.9332497342859,-0.063634653424815293;0.99440093490543524;-0.082709781115245865;0.016366951819189023;-0.0012407084514894301;0.0026621760375646199;0.19914832637515356;0.094980853131864384;0.97084194421618786;-0.092592404606391177;0.0010599611198301708;0.014492207646947357;-0.9473071034199958;-0.046035714241042747;0.22052416036454819;0.22766538373963183;-0.0050893107461138284;0.0012772950562934665;0.24124266092104971;0.0033831717702591762;0.042993331159751409;0.96484289734736817;0.074895167242164468;-0.05840379729431884;0.024754171416118152;-0.001153813718844275;0.0016306936584539028;0.078367679524191408;-0.98795282288691955;0.13111432837549286;-0.0094359072022263402;0.0036543227186278679;0.011959116518048454;-0.047580802729354534;-0.13531950973391715;-0.98953488397825062
888,2,2.9745184914228808;3.690108772797577;4.9882344193376849;25.846895118933531;1072.9131097307622;1106.003882795239,0.10876013334724552;0.9894489034128211;-0.094001128140662873;0.017629887583095416;-0.0027002242182744478;0.0027901058611514091;-0.21511244920375594;0.11694008902244166;0.96476578555822834;-0.095039349646674542;-0.014886184202504271;0.004955030961128786;0.94127022202065669;-0.084427889371059453;0.24177272202250238;0.21991134543522875;0.0027028687004099277;0.0077424911376614497;-0.23482485216839891;0.01290405123674615;0.042111921974759742;0.96663239453432803;0.022773995696834536;-0.089557351737267976;-0.026330654279861913;-0.00011832697593859363;0.0013602229896612517;0.073991209620268991;0.31063848936497024;0.94727707787179072;0.008498363272868556;0.0046136830562646912;0.01270644054553486;-0.049424932647127509;0.9501309798416735;-0.30749526060889104
889,0,0;0;0;0;0;0,1;0;0;0;0;0;0;1;0;0;0;0;0;0;1;0;0;0;0;0;0;1;0;0;0;0;0;0;1;0;0;0;0;0;0;1
890,0,0;0;0;0;0;0,1;0;0;0;0;0;0;1;0;0;0;0;0;0;1;0;0;0;0;0;0;1;0;0;0;0;0;0;1;0;0;0;0;0;0;1
891,0,0;0;0;0;0;0,1;0;0;0;0;0;0;1;0;0;0;0;0;0;1;0;0;0;0;0;0;1;0;0;0;0;0;0;1;0;0;0;0;0;0;1
892,0,0;0;0;0;0;0,1;0;0;0;0;0;0;1;0;0;0;0;0;0;1;0;0;0;0;0;0;1;0;0;0;0;0;0;1;0;0;0;0;0;0;1
893,0,0;0;0;0;0;0,1;0;0;0;0;0;0;1;0;0;0;0;0;0;1;0;0;0;0;0;0;1;0;0;0;0;0;0;1;0;0;0;0;0;0;1
894,2,3.0450545462199483;3.6067399418250292;4.8028508597742015;21.120309096369283;1288.1592130559629;1334.6826128838049,0.098983425418519719;0.99096392956973445;-0.088861103090026927;0.0170939868649722;-0.00064403052079158658;0.0019639194226071422;-0.21513193880361758;0.10968300782004961;0.96562690126993622;-0.094734807668416438;-0.013113132409556331;0.010292532263805377;0.9354069442973878;-0.076069568427015011;0.24125540857437064;0.24675691463362331;0.0074667113278342294;0.0088527089416973355;-0.26071588912769916;0.012829597072804247;0.035582292794234235;0.9607370484363672;-0.0042403678356757665;-0.086964763422915439;-0.029454113792749922;0.00068095438332615988;-4.5455511152960708e-05;0.065108441985545523;0.62520752380608224;0.77717979411078986;0.0096984172045592818;0.0029131746706985554;0.014075443451605826;-0.05088567041491375;0.7803008718833585;-0.62308950712814948
895,2,3.0173056645238088;3.6808681271582686;4.7482260480542688;20.742669694968086;921.07117573097366;1090.7899005524162,-0.059673159854862261;0.99157528344843593;-0.11390732617019755;0.015323571688869888;-0.0020996580507977986;0.0018632977788201679;0.22854473183807814;0.12554500996848725;0.96011361718331345;-0.099091802537316309;0.0012459620860053727;0.019153599364957915;-0.93632196552559765;-0.031177623477109465;0.25195312171995088;0.24225714241945528;-0.012599167517052484;0.0012227218856405465;0.25793902538823171;0.0052824514357975626;0.038136127622267479;0.96165681395553571;0.066118309435308109;-0.053195225245141378;0.030151960635564298;-0.0015259292545049515;-0.00065751969987733758;0.064911124840493883;-0.99391955254375786;0.083657440916775183;-0.0081187971940935803;0.0038250185914748395;0.01648608617363306;-0.047541537755862319;-0.087106786308875694;-0.9948868645701977
896,0,0;0;0;0;0;0,1;0;0;0;0;0;0;1;0;0;0;0;0;0;1;0;0;0;0;0;0;1;0;0;0;0;0;0;1;0;0;0;0;0;0;1
897,0,0;0;0;0;0;0,1;0;0;0;0;0;0;1;0;0;0;0;0;0;1;0;0;0;0;0;0;1;0;0;0;0;0;0;1;0;0;0;0;0;0;1
898,0,0;0;0;0;0;0,1;0;0;0;0;0;0;1;0;0;0;0;0;0;1;0;0;0;0;0;0;1;0;0;0;0;0;0;1;0;0;0;0;0;0;1
899,0,0;0;0;0;0;0,1;0;0;0;0;0;0;1;0;0;0;0;0;0;1;0;0;0;0;0;0;1;0;0;0;0;0;0;1;0;0;0;0;0;0;1
900,0,0;0;0;0;0;0,1;0;0;0;0;0;0;1;0;0;0;0;0;0;1;0;0;0;0;0;0;1;0;0;0;0;0;0;1;0;0;0;0;0;0;1
901,0,0;0;0;0;0;0,1;0;0;0;0;0;0;1;0;0;0;0;0;0;1;0;0;0;0;0;0;1;0;0;0;0;0;0;1;0;0;0;0;0;0;1
902,0,0;0;0;0;0;0,1;0;0;0;0;0;0;1;0;0;0;0;0;0;1;0;0;0;0;0;0;1;0;0;0;0;0;0;1;0;0;0;0;0;0;1
903,0,0;0;0;0;0;0,1;0;0;0;0;0;0;1;0;0;0;0;0;0;1;0;0;0;0;0;0;1;0;0;0;0;0;0;1;0;0;0;0;0;0;1
904,0,0;0;0;0;0;0,1;0;0;0;0;0;0;1;0;0;0;0;0;0;1;0;0;0;0;0;0;1;0;0;0;0;0;0;1;0;0;0;0;0;0;1
905,2,3.6783138950192251;4.1484310945484557;4.8606743294802692;16.402065710970973;1008.6027637958238;1082.1822415163797,0.99425939252523687;-0.068574748517044634;-0.081443947168135897;0.010528211211939812;-0.0012956060937331011;-0.00035480187540653071;0.094621397745048103;0.20634770309859762;0.96087624207813238;-0.15835573844174636;-0.00035909954240096863;0.010372804567700709;-0.049307079465975567;-0.97103455869275423;0.22425578463462062;0.065983152946096954;-0.004030086680337888;0.00015074964640169166;0.0079694346380407011;0.098364953876856329;0.14031897316082406;0.98132404784264438;0.075149595601036095;-0.043898304502269503;-0.00052563698651157838;0.011349041248940529;0.0094338314406798903;0.073668295290399685;-0.99716220617084694;-0.0047373670252660594;0.00027421882491648767;-0.0023558921153458514;0.0038291686866461735;-0.045110262615859806;0.0014225748510153791;-0.9989708466872631
906,2,3.6446753007825659;4.2572004766249805;5.090066489268076;17.549546185057828;1096.0542335085254;1122.3021888018559,0.99365594180633732;0.066194457131368553;-0.090598053796676403;0.0075858585348107356;-0.00056235146984438258;0.00054251028809538051;0.096972869321048358;-0.097651319355145275;0.98053762619375151;-0.13986402312733642;0.0023080640262832784;0.0062589086309727659;-0.056306476121993167;0.99137247371168502;0.1103761107372721;0.042622741220085976;-0.0029076700355031094;0.0014699244407466675;0.0085694042403678845;-0.056564711194936654;0.13437831438591893;0.98514940542322149;0.053644392239217298;-0.072611263291286809;9.163178460960319e-05;-0.0076688631223965379;0.0098693493072397349;0.076896260917112449;-0.9177071595712768;0.38954372080019956;0.0005192204811471276;0.0021803728810984215;0.00036743998257598732;-0.046167366906210233;-0.39360100420240751;-0.91811854631951217
907,2,3.5010821202470117;4.1363639747172565;4.9020865863388661;19.736233271223696;894.70109793359711;1029.965210627267,0.99523043290819646;-0.0011463662579156509;0.097379604897496502;0.0052701170435374188;-0.0017796556674941327;0.0011586629483245747;0.097316749080902556;0.026548216198314635;-0.98774841187709894;-0.11870493058728326;-0.00043232851284884027;-0.0093096694681690448;-0.0015236037110299035;0.99957176584887419;0.027740716484181187;-0.0084571574193231386;-0.0035144909661181103;-0.00073555426267996179;0.0064362088166798354;0.011958146040776876;-0.11837896238775499;0.98893536163302409;0.074050439939566851;0.048222215625682352;-0.0013109285027691567;-0.0026591602193601384;-0.0084795282401509495;0.075470544669432871;-0.99639659286651305;-0.037647503841767294;-0.00060916003658538834;0.000307553326998637;-0.0039062639495791246;-0.04605311290302571;-0.04116620385427433;0.9980825265924288
908,2,3.7063017616959328;4.2858063843572518;5.0646026191402456;20.847709104395864;990.85713164327603;1095.0861484055113,0.99745861869489338;0.0032065433596206458;0.071088206370347726;0.0032034568080157011;-0.0013529801167658194;-0.00062951988666979362;0.070882875422126193;0.028322859595485275;-0.99073749376549647;-0.11207657512058607;0.00018757247959746677;0.0071734349716884383;-0.0052926069560147908;0.99944427891630538;0.029759616563184391;-0.013840726704540878;-0.0024272236536447933;0.00017246655677119276;0.0047786659041251581;0.017236458940472456;-0.11146243215202388;0.9896402788299915;0.073593606986333673;-0.049520648038599152;-0.00095409741120347058;-0.0011324870966732995;-0.0084830145488302769;0.075609203131614566;-0.9958639858832774;0.049638852300841363;-0.00040537030273499783;-0.00053758873965887915;-0.0020531115999071706;-0.046177704329117004;-0.05320850945212785;-0.99751280971764911
909,0,0;0;0;0;0;0,1;0;0;0;0;0;0;1;0;0;0;0;0;0;1;0;0;0;0;0;0;1;0;0;0;0;0;0;1;0;0;0;0;0;0;1
910,0,0;0;0;0;0;0,1;0;0;0;0;0;0;1;0;0;0;0;0;0;1;0;0;0;0;0;0;1;0;0;0;0;0;0;1;0;0;0;0;0;0;1
911,0,0;0;0;0;0;0,1;0;0;0;0;0;0;1;0;0;0;0;0;0;1;0;0;0;0;0;0;1;0;0;0;0;0;0;1;0;0;0;0;0;0;1
912,0,0;0;0;0;0;0,1;0;0;0;0;0;0;1;0;0;0;0;0;0;1;0;0;0;0;0;0;1;0;0;0;0;0;0;1;0;0;0;0;0;0;1
913,0,0;0;0;0;0;0,1;0;0;0;0;0;0;1;0;0;0;0;0;0;1;0;0;0;0;0;0;1;0;0;0;0;0;0;1;0;0;0;0;0;0;1
914,0,0;0;0;0;0;0,1;0;0;0;0;0;0;1;0;0;0;0;0;0;1;0;0;0;0;0;0;1;0;0;0;0;0;0;1;0;0;0;0;0;0;1
915,0,0;0;0;0;0;0,1;0;0;0;0;0;0;1;0;0;0;0;0;0;1;0;0;0;0;0;0;1;0;0;0;0;0;0;1;0;0;0;0;0;0;1
916,0,0;0;0;0;0;0,1;0;0;0;0;0;0;1;0;0;0;0;0;0;1;0;0;0;0;0;0;1;0;0;0;0;0;0;1;0;0;0;0;0;0;1
917,0,0;0;0;0;0;0,1;0;0;0;0;0;0;1;0;0;0;0;0;0;1;0;0;0;0;0;0;1;0;0;0;0;0;0;1;0;0;0;0;0;0;1
918,2,3.6657808876907052;4.5096540410085284;5.0500378962834374;13.642854309668536;979.78455956258927;1144.5930053877728,0.99447682102179313;-0.0082058003481897297;-0.10292422500355398;0.018821411519324972;-0.00091808070278495343;-0.00018109305976952365;0.10448842228029925;-0.010807669071659037;0.97233771818184733;-0.20848590862512789;0.00030137910506161094;-0.0076328746170583389;0.0093233339075689467;0.99983823787143689;0.012061235023846182;0.009103893033249006;-0.0028392076916289696;-0.000397713477229787;0.003157053762763277;-0.011179576082914257;0.2086915517796602;0.97368491808165458;0.074888543624820642;0.051403041155350819;-0.00073221870724934674;-0.0037386071469815633;0.016232801195969364;0.076647349927728592;-0.99447990182325419;-0.06969140159563364;0.00077095519654342187;0.00063017079392964251;-0.0021965197849090814;-0.046468952583343756;-0.073433208438045627;0.996214025276693
919,0,0;0;0;0;0;0,1;0;0;0;0;0;0;1;0;0;0;0;0;0;1;0;0;0;0;0;0;1;0;0;0;0;0;0;1;0;0;0;0;0;0;1
920,0,0;0;0;0;0;0,1;0;0;0;0;0;0;1;0;0;0;0;0;0;1;0;0;0;0;0;0;1;0;0;0;0;0;0;1;0;0;0;0;0;0;1
921,0,0;0;0;0;0;0,1;0;0;0;0;0;0;1;0;0;0;0;0;0;1;0;0;0;0;0;0;1;0;0;0;0;0;0;1;0;0;0;0;0;0;1
922,0,0;0;0;0;0;0,1;0;0;0;0;0;0;1;0;0;0;0;0;0;1;0;0;0;0;0;0;1;0;0;0;0;0;0;1;0;0;0;0;0;0;1
923,0,0;0;0;0;0;0,1;0;0;0;0;0;0;1;0;0;0;0;0;0;1;0;0;0;0;0;0;1;0;0;0;0;0;0;1;0;0;0;0;0;0;1
924,0,0;0;0;0;0;0,1;0;0;0;0;0;0;1;0;0;0;0;0;0;1;0;0;0;0;0;0;1;0;0;0;0;0;0;1;0;0;0;0;0;0;1
925,0,0;0;0;0;0;0,1;0;0;0;0;0;0;1;0;0;0;0;0;0;1;0;0;0;0;0;0;1;0;0;0;0;0;0;1;0;0;0;0;0;0;1
926,0,0;0;0;0;0;0,1;0;0;0;0;0;0;1;0;0;0;0;0;0;1;0;0;0;0;0;0;1;0;0;0;0;0;0;1;0;0;0;0;0;0;1
927,0,0;0;0;0;0;0,1;0;0;0;0;0;0;1;0;0;0;0;0;0;1;0;0;0;0;0;0;1;0;0;0;0;0;0;1;0;0;0;0;0;0;1
928,0,0;0;0;0;0;0,1;0;0;0;0;0;0;1;0;0;0;0;0;0;1;0;0;0;0;0;0;1;0;0;0;0;0;0;1;0;0;0;0;0;0;1
929,0,0;0;0;0;0;0,1;0;0;0;0;0;0;1;0;0;0;0;0;0;1;0;0;0;0;0;0;1;0;0;0;0;0;0;1;0;0;0;0;0;0;1
930,0,0;0;0;0;0;0,1;0;0;0;0;0;0;1;0;0;0;0;0;0;1;0;0;0;0;0;0;1;0;0;0;0;0;0;1;0;0;0;0;0;0;1
931,0,0;0;0;0;0;0,1;0;0;0;0;0;0;1;0;0;0;0;0;0;1;0;0;0;0;0;0;1;0;0;0;0;0;0;1;0;0;0;0;0;0;1
932,0,0;0;0;0;0;0,1;0;0;0;0;0;0;1;0;0;0;0;0;0;1;0;0;0;0;0;0;1;0;0;0;0;0;0;1;0;0;0;0;0;0;1
933,0,0;0;0;0;0;0,1;0;0;0;0;0;0;1;0;0;0;0;0;0;1;0;0;0;0;0;0;1;0;0;0;0;0;0;1;0;0;0;0;0;0;1
934,0,0;0;0;0;0;0,1;0;0;0;0;0;0;1;0;0;0;0;0;0;1;0;0;0;0;0;0;1;0;0;0;0;0;0;1;0;0;0;0;0;0;1
935,0,0;0;0;0;0;0,1;0;0;0;0;0;0;1;0;0;0;0;0;0;1;0;0;0;0;0;0;1;0;0;0;0;0;0;1;0;0;0;0;0;0;1
936,0,0;0;0;0;0;0,1;0;0;0;0;0;0;1;0;0;0;0;0;0;1;0;0;0;0;0;0;1;0;0;0;0;0;0;1;0;0;0;0;0;0;1
937,0,0;0;0;0;0;0,1;0;0;0;0;0;0;1;0;0;0;0;0;0;1;0;0;0;0;0;0;1;0;0;0;0;0;0;1;0;0;0;0;0;0;1
938,0,0;0;0;0;0;0,1;0;0;0;0;0;0;1;0;0;0;0;0;0;1;0;0;0;0;0;0;1;0;0;0;0;0;0;1;0;0;0;0;0;0;1
939,0,0;0;0;0;0;0,1;0;0;0;0;0;0;1;0;0;0;0;0;0;1;0;0;0;0;0;0;1;0;0;0;0;0;0;1;0;0;0;0;0;0;1
940,0,0;0;0;0;0;0,1;0;0;0;0;0;0;1;0;0;0;0;0;0;1;0;0;0;0;0;0;1;0;0;0;0;0;0;1;0;0;0;0;0;0;1
941,0,0;0;0;0;0;0,1;0;0;0;0;0;0;1;0;0;0;0;0;0;1;0;0;0;0;0;0;1;0;0;0;0;0;0;1;0;0;0;0;0;0;1
942,0,0;0;0;0;0;0,1;0;0;0;0;0;0;1;0;0;0;0;0;0;1;0;0;0;0;0;0;1;0;0;0;0;0;0;1;0;0;0;0;0;0;1
943,0,0;0;0;0;0;0,1;0;0;0;0;0;0;1;0;0;0;0;0;0;1;0;0;0;0;0;0;1;0;0;0;0;0;0;1;0;0;0;0;0;0;1
944,0,0;0;0;0;0;0,1;0;0;0;0;0;0;1;0;0;0;0;0;0;1;0;0;0;0;0;0;1;0;0;0;0;0;0;1;0;0;0;0;0;0;1
945,0,0;0;0;0;0;0,1;0;0;0;0;0;0;1;0;0;0;0;0;0;1;0;0;0;0;0;0;1;0;0;0;0;0;0;1;0;0;0;0;0;0;1
946,0,0;0;0;0;0;0,1;0;0;0;0;0;0;1;0;0;0;0;0;0;1;0;0;0;0;0;0;1;0;0;0;0;0;0;1;0;0;0;0;0;0;1
947,0,0;0;0;0;0;0,1;0;0;0;0;0;0;1;0;0;0;0;0;0;1;0;0;0;0;0;0;1;0;0;0;0;0;0;1;0;0;0;0;0;0;1
948,0,0;0;0;0;0;0,1;0;0;0;0;0;0;1;0;0;0;0;0;0;1;0;0;0;0;0;0;1;0;0;0;0;0;0;1;0;0;0;0;0;0;1
949,0,0;0;0;0;0;0,1;0;0;0;0;0;0;1;0;0;0;0;0;0;1;0;0;0;0;0;0;1;0;0;0;0;0;0;1;0;0;0;0;0;0;1
950,0,0;0;0;0;0;0,1;0;0;0;0;0;0;1;0;0;0;0;0;0;1;0;0;0;0;0;0;1;0;0;0;0;0;0;1;0;0;0;0;0;0;1
951,0,0;0;0;0;0;0,1;0;0;0;0;0;0;1;0;0;0;0;0;0;1;0;0;0;0;0;0;1;0;0;0;0;0;0;1;0;0;0;0;0;0;1
952,0,0;0;0;0;0;0,1;0;0;0;0;0;0;1;0;0;0;0;0;0;1;0;0;0;0;0;0;1;0;0;0;0;0;0;1;0;0;0;0;0;0;1
953,0,0;0;0;0;0;0,1;0;0;0;0;0;0;1;0;0;0;0;0;0;1;0;0;0;0;0;0;1;0;0;0;0;0;0;1;0;0;0;0;0;0;1
954,0,0;0;0;0;0;0,1;0;0;0;0;0;0;1;0;0;0;0;0;0;1;0;0;0;0;0;0;1;0;0;0;0;0;0;1;0;0;0;0;0;0;1
955,0,0;0;0;0;0;0,1;0;0;0;0;0;0;1;0;0;0;0;0;0;1;0;0;0;0;0;0;1;0;0;0;0;0;0;1;0;0;0;0;0;0;1
956,0,0;0;0;0;0;0,1;0;0;0;0;0;0;1;0;0;0;0;0;0;1;0;0;0;0;0;0;1;0;0;0;0;0;0;1;0;0;0;0;0;0;1
957,0,0;0;0;0;0;0,1;0;0;0;0;0;0;1;0;0;0;0;0;0;1;0;0;0;0;0;0;1;0;0;0;0;0;0;1;0;0;0;0;0;0;1
958,0,0;0;0;0;0;0,1;0;0;0;0;0;0;1;0;0;0;0;0;0;1;0;0;0;0;0;0;1;0;0;0;0;0;0;1;0;0;0;0;0;0;1
959,0,0;0;0;0;0;0,1;0;0;0;0;0;0;1;0;0;0;0;0;0;1;0;0;0;0;0;0;1;0;0;0;0;0;0;1;0;0;0;0;0;0;1
960,0,0;0;0;0;0;0,1;0;0;0;0;0;0;1;0;0;0;0;0;0;1;0;0;0;0;0;0;1;0;0;0;0;0;0;1;0;0;0;0;0;0;1
961,0,0;0;0;0;0;0,1;0;0;0;0;0;0;1;0;0;0;0;0;0;1;0;0;0;0;0;0;1;0;0;0;0;0;0;1;0;0;0;0;0;0;1
962,0,0;0;0;0;0;0,1;0;0;0;0;0;0;1;0;0;0;0;0;0;1;0;0;0;0;0;0;1;0;0;0;0;0;0;1;0;0;0;0;0;0;1
963,0,0;0;0;0;0;0,1;0;0;0;0;0;0;1;0;0;0;0;0;0;1;0;0;0;0;0;0;1;0;0;0;0;0;0;1;0;0;0;0;0;0;1
964,0,0;0;0;0;0;0,1;0;0;0;0;0;0;1;0;0;0;0;0;0;1;0;0;0;0;0;0;1;0;0;0;0;0;0;1;0;0;0;0;0;0;1
965,0,0;0;0;0;0;0,1;0;0;0;0;0;0;1;0;0;0;0;0;0;1;0;0;0;0;0;0;1;0;0;0;0;0;0;1;0;0;0;0;0;0;1
966,0,0;0;0;0;0;0,1;0;0;0;0;0;0;1;0;0;0;0;0;0;1;0;0;0;0;0;0;1;0;0;0;0;0;0;1;0;0;0;0;0;0;1
967,0,0;0;0;0;0;0,1;0;0;0;0;0;0;1;0;0;0;0;0;0;1;0;0;0;0;0;0;1;0;0;0;0;0;0;1;0;0;0;0;0;0;1
968,0,0;0;0;0;0;0,1;0;0;0;0;0;0;1;0;0;0;0;0;0;1;0;0;0;0;0;0;1;0;0;0;0;0;0;1;0;0;0;0;0;0;1
969,0,0;0;0;0;0;0,1;0;0;0;0;0;0;1;0;0;0;0;0;0;1;0;0;0;0;0;0;1;0;0;0;0;0;0;1;0;0;0;0;0;0;1
970,0,0;0;0;0;0;0,1;0;0;0;0;0;0;1;0;0;0;0;0;0;1;0;0;0;0;0;0;1;0;0;0;0;0;0;1;0;0;0;0;0;0;1
971,0,0;0;0;0;0;0,1;0;0;0;0;0;0;1;0;0;0;0;0;0;1;0;0;0;0;0;0;1;0;0;0;0;0;0;1;0;0;0;0;0;0;1
972,0,0;0;0;0;0;0,1;0;0;0;0;0;0;1;0;0;0;0;0;0;1;0;0;0;0;0;0;1;0;0;0;0;0;0;1;0;0;0;0;0;0;1
973,0,0;0;0;0;0;0,1;0;0;0;0;0;0;1;0;0;0;0;0;0;1;0;0;0;0;0;0;1;0;0;0;0;0;0;1;0;0;0;0;0;0;1
974,0,0;0;0;0;0;0,1;0;0;0;0;0;0;1;0;0;0;0;0;0;1;0;0;0;0;0;0;1;0;0;0;0;0;0;1;0;0;0;0;0;0;1
975,0,0;0;0;0;0;0,1;0;0;0;0;0;0;1;0;0;0;0;0;0;1;0;0;0;0;0;0;1;0;0;0;0;0;0;1;0;0;0;0;0;0;1
976,0,0;0;0;0;0;0,1;0;0;0;0;0;0;1;0;0;0;0;0;0;1;0;0;0;0;0;0;1;0;0;0;0;0;0;1;0;0;0;0;0;0;1
977,0,0;0;0;0;0;0,1;0;0;0;0;0;0;1;0;0;0;0;0;0;1;0;0;0;0;0;0;1;0;0;0;0;0;0;1;0;0;0;0;0;0;1
978,0,0;0;0;0;0;0,1;0;0;0;0;0;0;1;0;0;0;0;0;0;1;0;0;0;0;0;0;1;0;0;0;0;0;0;1;0;0;0;0;0;0;1
979,0,0;0;0;0;0;0,1;0;0;0;0;0;0;1;0;0;0;0;0;0;1;0;0;0;0;0;0;1;0;0;0;0;0;0;1;0;0;0;0;0;0;1
980,0,0;0;0;0;0;0,1;0;0;0;0;0;0;1;0;0;0;0;0;0;1;0;0;0;0;0;0;1;0;0;0;0;0;0;1;0;0;0;0;0;0;1
981,0,0;0;0;0;0;0,1;0;0;0;0;0;0;1;0;0;0;0;0;0;1;0;0;0;0;0;0;1;0;0;0;0;0;0;1;0;0;0;0;0;0;1
982,0,0;0;0;0;0;0,1;0;0;0;0;0;0;1;0;0;0;0;0;0;1;0;0;0;0;0;0;1;0;0;0;0;0;0;1;0;0;0;0;0;0;1
983,0,0;0;0;0;0;0,1;0;0;0;0;0;0;1;0;0;0;0;0;0;1;0;0;0;0;0;0;1;0;0;0;0;0;0;1;0;0;0;0;0;0;1
984,0,0;0;0;0;0;0,1;0;0;0;0;0;0;1;0;0;0;0;0;0;1;0;0;0;0;0;0;1;0;0;0;0;0;0;1;0;0;0;0;0;0;1
985,0,0;0;0;0;0;0,1;0;0;0;0;0;0;1;0;0;0;0;0;0;1;0;0;0;0;0;0;1;0;0;0;0;0;0;1;0;0;0;0;0;0;1
986,0,0;0;0;0;0;0,1;0;0;0;0;0;0;1;0;0;0;0;0;0;1;0;0;0;0;0;0;1;0;0;0;0;0;0;1;0;0;0;0;0;0;1
987,0,0;0;0;0;0;0,1;0;0;0;0;0;0;1;0;0;0;0;0;0;1;0;0;0;0;0;0;1;0;0;0;0;0;0;1;0;0;0;0;0;0;1
988,0,0;0;0;0;0;0,1;0;0;0;0;0;0;1;0;0;0;0;0;0;1;0;0;0;0;0;0;1;0;0;0;0;0;0;1;0;0;0;0;0;0;1
989,0,0;0;0;0;0;0,1;0;0;0;0;0;0;1;0;0;0;0;0;0;1;0;0;0;0;0;0;1;0;0;0;0;0;0;1;0;0;0;0;0;0;1
990,0,0;0;0;0;0;0,1;0;0;0;0;0;0;1;0;0;0;0;0;0;1;0;0;0;0;0;0;1;0;0;0;0;0;0;1;0;0;0;0;0;0;1
991,0,0;0;0;0;0;0,1;0;0;0;0;0;0;1;0;0;0;0;0;0;1;0;0;0;0;0;0;1;0;0;0;0;0;0;1;0;0;0;0;0;0;1
992,0,0;0;0;0;0;0,1;0;0;0;0;0;0;1;0;0;0;0;0;0;1;0;0;0;0;0;0;1;0;0;0;0;0;0;1;0;0;0;0;0;0;1
993,0,0;0;0;0;0;0,1;0;0;0;0;0;0;1;0;0;0;0;0;0;1;0;0;0;0;0;0;1;0;0;0;0;0;0;1;0;0;0;0;0;0;1
994,0,0;0;0;0;0;0,1;0;0;0;0;0;0;1;0;0;0;0;0;0;1;0;0;0;0;0;0;1;0;0;0;0;0;0;1;0;0;0;0;0;0;1
995,0,0;0;0;0;0;0,1;0;0;0;0;0;0;1;0;0;0;0;0;0;1;0;0;0;0;0;0;1;0;0;0;0;0;0;1;0;0;0;0;0;0;1
996,0,0;0;0;0;0;0,1;0;0;0;0;0;0;1;0;0;0;0;0;0;1;0;0;0;0;0;0;1;0;0;0;0;0;0;1;0;0;0;0;0;0;1
997,0,0;0;0;0;0;0,1;0;0;0;0;0;0;1;0;0;0;0;0;0;1;0;0;0;0;0;0;1;0;0;0;0;0;0;1;0;0;0;0;0;0;1
998,0,0;0;0;0;0;0,1;0;0;0;0;0;0;1;0;0;0;0;0;0;1;0;0;0;0;0;0;1;0;0;0;0;0;0;1;0;0;0;0;0;0;1
999,0,0;0;0;0;0;0,1;0;0;0;0;0;0;1;0;0;0;0;0;0;1;0;0;0;0;0;0;1;0;0;0;0;0;0;1;0;0;0;0;0;0;1
1000,0,0;0;0;0;0;0,1;0;0;0;0;0;0;1;0;0;0;0;0;0;1;0;0;0;0;0;0;1;0;0;0;0;0;0;1;0;0;0;0;0;0;1
1001,0,0;0;0;0;0;0,1;0;0;0;0;0;0;1;0;0;0;0;0;0;1;0;0;0;0;0;0;1;0;0;0;0;0;0;1;0;0;0;0;0;0;1
1002,0,0;0;0;0;0;0,1;0;0;0;0;0;0;1;0;0;0;0;0;0;1;0;0;0;0;0;0;1;0;0;0;0;0;0;1;0;0;0;0;0;0;1
1003,0,0;0;0;0;0;0,1;0;0;0;0;0;0;1;0;0;0;0;0;0;1;0;0;0;0;0;0;1;0;0;0;0;0;0;1;0;0;0;0;0;0;1
1004,0,0;0;0;0;0;0,1;0;0;0;0;0;0;1;0;0;0;0;0;0;1;0;0;0;0;0;0;1;0;0;0;0;0;0;1;0;0;0;0;0;0;1
1005,0,0;0;0;0;0;0,1;0;0;0;0;0;0;1;0;0;0;0;0;0;1;0;0;0;0;0;0;1;0;0;0;0;0;0;1;0;0;0;0;0;0;1
1006,0,0;0;0;0;0;0,1;0;0;0;0;0;0;1;0;0;0;0;0;0;1;0;0;0;0;0;0;1;0;0;0;0;0;0;1;0;0;0;0;0;0;1
1007,0,0;0;0;0;0;0,1;0;0;0;0;0;0;1;0;0;0;0;0;0;1;0;0;0;0;0;0;1;0;0;0;0;0;0;1;0;0;0;0;0;0;1
1008,0,0;0;0;0;0;0,1;0;0;0;0;0;0;1;0;0;0;0;0;0;1;0;0;0;0;0;0;1;0;0;0;0;0;0;1;0;0;0;0;0;0;1
1009,0,0;0;0;0;0;0,1;0;0;0;0;0;0;1;0;0;0;0;0;0;1;0;0;0;0;0;0;1;0;0;0;0;0;0;1;0;0;0;0;0;0;1
1010,0,0;0;0;0;0;0,1;0;0;0;0;0;0;1;0;0;0;0;0;0;1;0;0;0;0;0;0;1;0;0;0;0;0;0;1;0;0;0;0;0;0;1
1011,0,0;0;0;0;0;0,1;0;0;0;0;0;0;1;0;0;0;0;0;0;1;0;0;0;0;0;0;1;0;0;0;0;0;0;1;0;0;0;0;0;0;1
1012,0,0;0;0;0;0;0,1;0;0;0;0;0;0;1;0;0;0;0;0;0;1;0;0;0;0;0;0;1;0;0;0;0;0;0;1;0;0;0;0;0;0;1
1013,0,0;0;0;0;0;0,1;0;0;0;0;0;0;1;0;0;0;0;0;0;1;0;0;0;0;0;0;1;0;0;0;0;0;0;1;0;0;0;0;0;0;1
1014,0,0;0;0;0;0;0,1;0;0;0;0;0;0;1;0;0;0;0;0;0;1;0;0;0;0;0;0;1;0;0;0;0;0;0;1;0;0;0;0;0;0;1
1015,0,0;0;0;0;0;0,1;0;0;0;0;0;0;1;0;0;0;0;0;0;1;0;0;0;0;0;0;1;0;0;0;0;0;0;1;0;0;0;0;0;0;1
1016,0,0;0;0;0;0;0,1;0;0;0;0;0;0;1;0;0;0;0;0;0;1;0;0;0;0;0;0;1;0;0;0;0;0;0;1;0;0;0;0;0;0;1
1017,0,0;0;0;0;0;0,1;0;0;0;0;0;0;1;0;0;0;0;0;0;1;0;0;0;0;0;0;1;0;0;0;0;0;0;1;0;0;0;0;0;0;1
1018,0,0;0;0;0;0;0,1;0;0;0;0;0;0;1;0;0;0;0;0;0;1;0;0;0;0;0;0;1;0;0;0;0;0;0;1;0;0;0;0;0;0;1
1019,0,0;0;0;0;0;0,1;0;0;0;0;0;0;1;0;0;0;0;0;0;1;0;0;0;0;0;0;1;0;0;0;0;0;0;1;0;0;0;0;0;0;1
1020,0,0;0;0;0;0;0,1;0;0;0;0;0;0;1;0;0;0;0;0;0;1;0;0;0;0;0;0;1;0;0;0;0;0;0;1;0;0;0;0;0;0;1
1021,0,0;0;0;0;0;0,1;0;0;0;0;0;0;1;0;0;0;0;0;0;1;0;0;0;0;0;0;1;0;0;0;0;0;0;1;0;0;0;0;0;0;1
1022,0,0;0;0;0;0;0,1;0;0;0;0;0;0;1;0;0;0;0;0;0;1;0;0;0;0;0;0;1;0;0;0;0;0;0;1;0;0;0;0;0;0;1
1023,0,0;0;0;0;0;0,1;0;0;0;0;0;0;1;0;0;0;0;0;0;1;0;0;0;0;0;0;1;0;0;0;0;0;0;1;0;0;0;0;0;0;1
1024,0,0;0;0;0;0;0,1;0;0;0;0;0;0;1;0;0;0;0;0;0;1;0;0;0;0;0;0;1;0;0;0;0;0;0;1;0;0;0;0;0;0;1
1025,0,0;0;0;0;0;0,1;0;0;0;0;0;0;1;0;0;0;0;0;0;1;0;0;0;0;0;0;1;0;0;0;0;0;0;1;0;0;0;0;0;0;1
1026,0,0;0;0;0;0;0,1;0;0;0;0;0;0;1;0;0;0;0;0;0;1;0;0;0;0;0;0;1;0;0;0;0;0;0;1;0;0;0;0;0;0;1
1027,0,0;0;0;0;0;0,1;0;0;0;0;0;0;1;0;0;0;0;0;0;1;0;0;0;0;0;0;1;0;0;0;0;0;0;1;0;0;0;0;0;0;1
1028,0,0;0;0;0;0;0,1;0;0;0;0;0;0;1;0;0;0;0;0;0;1;0;0;0;0;0;0;1;0;0;0;0;0;0;1;0;0;0;0;0;0;1
1029,0,0;0;0;0;0;0,1;0;0;0;0;0;0;1;0;0;0;0;0;0;1;0;0;0;0;0;0;1;0;0;0;0;0;0;1;0;0;0;0;0;0;1
1030,0,0;0;0;0;0;0,1;0;0;0;0;0;0;1;0;0;0;0;0;0;1;0;0;0;0;0;0;1;0;0;0;0;0;0;1;0;0;0;0;0;0;1
1031,0,0;0;0;0;0;0,1;0;0;0;0;0;0;1;0;0;0;0;0;0;1;0;0;0;0;0;0;1;0;0;0;0;0;0;1;0;0;0;0;0;0;1
1032,0,0;0;0;0;0;0,1;0;0;0;0;0;0;1;0;0;0;0;0;0;1;0;0;0;0;0;0;1;0;0;0;0;0;0;1;0;0;0;0;0;0;1
1033,0,0;0;0;0;0;0,1;0;0;0;0;0;0;1;0;0;0;0;0;0;1;0;0;0;0;0;0;1;0;0;0;0;0;0;1;0;0;0;0;0;0;1
1034,0,0;0;0;0;0;0,1;0;0;0;0;0;0;1;0;0;0;0;0;0;1;0;0;0;0;0;0;1;0;0;0;0;0;0;1;0;0;0;0;0;0;1
1035,0,0;0;0;0;0;0,1;0;0;0;0;0;0;1;0;0;0;0;0;0;1;0;0;0;0;0;0;1;0;0;0;0;0;0;1;0;0;0;0;0;0;1
1036,0,0;0;0;0;0;0,1;0;0;0;0;0;0;1;0;0;0;0;0;0;1;0;0;0;0;0;0;1;0;0;0;0;0;0;1;0;0;0;0;0;0;1
1037,0,0;0;0;0;0;0,1;0;0;0;0;0;0;1;0;0;0;0;0;0;1;0;0;0;0;0;0;1;0;0;0;0;0;0;1;0;0;0;0;0;0;1
1038,0,0;0;0;0;0;0,1;0;0;0;0;0;0;1;0;0;0;0;0;0;1;0;0;0;0;0;0;1;0;0;0;0;0;0;1;0;0;0;0;0;0;1
1039,0,0;0;0;0;0;0,1;0;0;0;0;0;0;1;0;0;0;0;0;0;1;0;0;0;0;0;0;1;0;0;0;0;0;0;1;0;0;0;0;0;0;1
1040,0,0;0;0;0;0;0,1;0;0;0;0;0;0;1;0;0;0;0;0;0;1;0;0;0;0;0;0;1;0;0;0;0;0;0;1;0;0;0;0;0;0;1
1041,0,0;0;0;0;0;0,1;0;0;0;0;0;0;1;0;0;0;0;0;0;1;0;0;0;0;0;0;1;0;0;0;0;0;0;1;0;0;0;0;0;0;1
1042,0,0;0;0;0;0;0,1;0;0;0;0;0;0;1;0;0;0;0;0;0;1;0;0;0;0;0;0;1;0;0;0;0;0;0;1;0;0;0;0;0;0;1
1043,0,0;0;0;0;0;0,1;0;0;0;0;0;0;1;0;0;0;0;0;0;1;0;0;0;0;0;0;1;0;0;0;0;0;0;1;0;0;0;0;0;0;1
1044,0,0;0;0;0;0;0,1;0;0;0;0;0;0;1;0;0;0;0;0;0;1;0;0;0;0;0;0;1;0;0;0;0;0;0;1;0;0;0;0;0;0;1
1045,0,0;0;0;0;0;0,1;0;0;0;0;0;0;1;0;0;0;0;0;0;1;0;0;0;0;0;0;1;0;0;0;0;0;0;1;0;0;0;0;0;0;1
1046,0,0;0;0;0;0;0,1;0;0;0;0;0;0;1;0;0;0;0;0;0;1;0;0;0;0;0;0;1;0;0;0;0;0;0;1;0;0;0;0;0;0;1
1047,0,0;0;0;0;0;0,1;0;0;0;0;0;0;1;0;0;0;0;0;0;1;0;0;0;0;0;0;1;0;0;0;0;0;0;1;0;0;0;0;0;0;1
1048,0,0;0;0;0;0;0,1;0;0;0;0;0;0;1;0;0;0;0;0;0;1;0;0;0;0;0;0;1;0;0;0;0;0;0;1;0;0;0;0;0;0;1
1049,0,0;0;0;0;0;0,1;0;0;0;0;0;0;1;0;0;0;0;0;0;1;0;0;0;0;0;0;1;0;0;0;0;0;0;1;0;0;0;0;0;0;1
1050,0,0;0;0;0;0;0,1;0;0;0;0;0;0;1;0;0;0;0;0;0;1;0;0;0;0;0;0;1;0;0;0;0;0;0;1;0;0;0;0;0;0;1
1051,0,0;0;0;0;0;0,1;0;0;0;0;0;0;1;0;0;0;0;0;0;1;0;0;0;0;0;0;1;0;0;0;0;0;0;1;0;0;0;0;0;0;1
1052,0,0;0;0;0;0;0,1;0;0;0;0;0;0;1;0;0;0;0;0;0;1;0;0;0;0;0;0;1;0;0;0;0;0;0;1;0;0;0;0;0;0;1
1053,0,0;0;0;0;0;0,1;0;0;0;0;0;0;1;0;0;0;0;0;0;1;0;0;0;0;0;0;1;0;0;0;0;0;0;1;0;0;0;0;0;0;1
1054,0,0;0;0;0;0;0,1;0;0;0;0;0;0;1;0;0;0;0;0;0;1;0;0;0;0;0;0;1;0;0;0;0;0;0;1;0;0;0;0;0;0;1
1055,0,0;0;0;0;0;0,1;0;0;0;0;0;0;1;0;0;0;0;0;0;1;0;0;0;0;0;0;1;0;0;0;0;0;0;1;0;0;0;0;0;0;1
1056,0,0;0;0;0;0;0,1;0;0;0;0;0;0;1;0;0;0;0;0;0;1;0;0;0;0;0;0;1;0;0;0;0;0;0;1;0;0;0;0;0;0;1
1057,0,0;0;0;0;0;0,1;0;0;0;0;0;0;1;0;0;0;0;0;0;1;0;0;0;0;0;0;1;0;0;0;0;0;0;1;0;0;0;0;0;0;1
1058,0,0;0;0;0;0;0,1;0;0;0;0;0;0;1;0;0;0;0;0;0;1;0;0;0;0;0;0;1;0;0;0;0;0;0;1;0;0;0;0;0;0;1
1059,0,0;0;0;0;0;0,1;0;0;0;0;0;0;1;0;0;0;0;0;0;1;0;0;0;0;0;0;1;0;0;0;0;0;0;1;0;0;0;0;0;0;1
1060,0,0;0;0;0;0;0,1;0;0;0;0;0;0;1;0;0;0;0;0;0;1;0;0;0;0;0;0;1;0;0;0;0;0;0;1;0;0;0;0;0;0;1
1061,0,0;0;0;0;0;0,1;0;0;0;0;0;0;1;0;0;0;0;0;0;1;0;0;0;0;0;0;1;0;0;0;0;0;0;1;0;0;0;0;0;0;1
1062,0,0;0;0;0;0;0,1;0;0;0;0;0;0;1;0;0;0;0;0;0;1;0;0;0;0;0;0;1;0;0;0;0;0;0;1;0;0;0;0;0;0;1
1063,0,0;0;0;0;0;0,1;0;0;0;0;0;0;1;0;0;0;0;0;0;1;0;0;0;0;0;0;1;0;0;0;0;0;0;1;0;0;0;0;0;0;1
1064,0,0;0;0;0;0;0,1;0;0;0;0;0;0;1;0;0;0;0;0;0;1;0;0;0;0;0;0;1;0;0;0;0;0;0;1;0;0;0;0;0;0;1
1065,0,0;0;0;0;0;0,1;0;0;0;0;0;0;1;0;0;0;0;0;0;1;0;0;0;0;0;0;1;0;0;0;0;0;0;1;0;0;0;0;0;0;1
1066,0,0;0;0;0;0;0,1;0;0;0;0;0;0;1;0;0;0;0;0;0;1;0;0;0;0;0;0;1;0;0;0;0;0;0;1;0;0;0;0;0;0;1
1067,0,0;0;0;0;0;0,1;0;0;0;0;0;0;1;0;0;0;0;0;0;1;0;0;0;0;0;0;1;0;0;0;0;0;0;1;0;0;0;0;0;0;1
1068,0,0;0;0;0;0;0,1;0;0;0;0;0;0;1;0;0;0;0;0;0;1;0;0;0;0;0;0;1;0;0;0;0;0;0;1;0;0;0;0;0;0;1
1069,0,0;0;0;0;0;0,1;0;0;0;0;0;0;1;0;0;0;0;0;0;1;0;0;0;0;0;0;1;0;0;0;0;0;0;1;0;0;0;0;0;0;1
1070,0,0;0;0;0;0;0,1;0;0;0;0;0;0;1;0;0;0;0;0;0;1;0;0;0;0;0;0;1;0;0;0;0;0;0;1;0;0;0;0;0;0;1
1071,0,0;0;0;0;0;0,1;0;0;0;0;0;0;1;0;0;0;0;0;0;1;0;0;0;0;0;0;1;0;0;0;0;0;0;1;0;0;0;0;0;0;1
1072,0,0;0;0;0;0;0,1;0;0;0;0;0;0;1;0;0;0;0;0;0;1;0;0;0;0;0;0;1;0;0;0;0;0;0;1;0;0;0;0;0;0;1
1073,0,0;0;0;0;0;0,1;0;0;0;0;0;0;1;0;0;0;0;0;0;1;0;0;0;0;0;0;1;0;0;0;0;0;0;1;0;0;0;0;0;0;1
1074,0,0;0;0;0;0;0,1;0;0;0;0;0;0;1;0;0;0;0;0;0;1;0;0;0;0;0;0;1;0;0;0;0;0;0;1;0;0;0;0;0;0;1
1075,0,0;0;0;0;0;0,1;0;0;0;0;0;0;1;0;0;0;0;0;0;1;0;0;0;0;0;0;1;0;0;0;0;0;0;1;0;0;0;0;0;0;1
1076,0,0;0;0;0;0;0,1;0;0;0;0;0;0;1;0;0;0;0;0;0;1;0;0;0;0;0;0;1;0;0;0;0;0;0;1;0;0;0;0;0;0;1
1077,0,0;0;0;0;0;0,1;0;0;0;0;0;0;1;0;0;0;0;0;0;1;0;0;0;0;0;0;1;0;0;0;0;0;0;1;0;0;0;0;0;0;1
1078,0,0;0;0;0;0;0,1;0;0;0;0;0;0;1;0;0;0;0;0;0;1;0;0;0;0;0;0;1;0;0;0;0;0;0;1;0;0;0;0;0;0;1
1079,0,0;0;0;0;0;0,1;0;0;0;0;0;0;1;0;0;0;0;0;0;1;0;0;0;0;0;0;1;0;0;0;0;0;0;1;0;0;0;0;0;0;1
1080,0,0;0;0;0;0;0,1;0;0;0;0;0;0;1;0;0;0;0;0;0;1;0;0;0;0;0;0;1;0;0;0;0;0;0;1;0;0;0;0;0;0;1
1081,0,0;0;0;0;0;0,1;0;0;0;0;0;0;1;0;0;0;0;0;0;1;0;0;0;0;0;0;1;0;0;0;0;0;0;1;0;0;0;0;0;0;1
1082,0,0;0;0;0;0;0,1;0;0;0;0;0;0;1;0;0;0;0;0;0;1;0;0;0;0;0;0;1;0;0;0;0;0;0;1;0;0;0;0;0;0;1
1083,0,0;0;0;0;0;0,1;0;0;0;0;0;0;1;0;0;0;0;0;0;1;0;0;0;0;0;0;1;0;0;0;0;0;0;1;0;0;0;0;0;0;1
1084,0,0;0;0;0;0;0,1;0;0;0;0;0;0;1;0;0;0;0;0;0;1;0;0;0;0;0;0;1;0;0;0;0;0;0;1;0;0;0;0;0;0;1
1085,0,0;0;0;0;0;0,1;0;0;0;0;0;0;1;0;0;0;0;0;0;1;0;0;0;0;0;0;1;0;0;0;0;0;0;1;0;0;0;0;0;0;1
1086,2,3.8422660118087295;4.1396119922879997;4.9927055943372158;109.32677586338404;2347.6876945291961;2465.0310143893757,-0.96839335340625332;0.16957193959433273;-0.18255488725672017;0.0016966788342627605;-0.0026605653608145628;0.01110973412764105;-0.21148301821171339;-0.17221407501078606;0.9620472440243989;-0.0078694699952919708;-0.0032293366791367756;0.003160453750354222;0.13157592950187619;0.96923903137870737;0.20281560270795013;0.043877554247249109;0.013608872913796723;0.0043433785570168391;-0.0013691411521408628;-0.0096628042174335786;-0.00052974901412594535;-0.10354988188572907;0.95866779891903242;0.26483570059629902;-0.0046554734568109001;-0.045388626490210818;-0.0012681889237553304;0.98773758521177257;0.069758665006581594;0.13200296309399986;-0.012388417242339153;-0.0031420570409226014;0.0016600496352952886;0.10798998878449567;0.2754760812245361;-0.95513611062847292
1087,2,3.748942072922588;4.1742916437739552;5.0265137219618419;80.601455817878801;2328.8314649575013;2404.3960043694456,-0.96878404926286776;0.13979889198154483;-0.20432649395509317;0.0024805691753805267;-0.0024557582722407683;0.012338378761738008;-0.21665789251444811;-0.079752080137268491;0.9729558451347956;0.0065533919083403756;0.0011929063122960311;0.0033936369928049604;0.11965825549198619;0.98673406352224635;0.10765056997798364;-0.01438929330997123;-0.015397976162951445;-0.0022349785301270246;-0.0013030141473151376;-0.01381129390559333;-0.00039087828216712516;0.11301201231939249;-0.97887102694150918;-0.16984462080074744;-0.0044904837462727588;-0.016150788813664049;0.0042345793494051936;-0.98900169607065569;-0.12681198892090284;0.074131103792177563;-0.013298988965735972;0.00040445115446507247;0.00093681448175306052;-0.094062629720789312;0.1596423522638114;-0.98259281329758663
1088,2,3.7655602594186859;4.1776539448844403;4.9593667450126393;67.871751894653485;1864.9490973129284;2182.0814914627235,-0.98402428044400114;0.044773083395432137;-0.17111778274758058;0.014967748228067599;-0.0026243680697791852;0.013392913525417587;-0.17275807299391482;-0.037715237481768762;0.98422445267734382;0.0052958745898207;0.00086663655167670676;0.0023745489093570942;0.037894291414932023;0.99796408414459248;0.044820053598574203;0.017557324112921571;-0.017571310991657815;-0.0024210805551993565;0.00090477293647193069;-0.019397062698146748;0.00016641335738690091;0.095125232201204071;-0.98147254392129457;-0.16518396828549359;-0.013434787665042002;0.016024270151665892;0.0034668062909710053;-0.98969053983671595;-0.111048849062425;0.087928942790551301;-0.015283136346455046;0.0027559657464113073;0.00021802681472116758;-0.10441975939295048;0.15512385153138339;-0.98223820298078246
1089,2,3.8174074202551402;4.1731681311270759;4.9380945313034657;62.594838296232133;1626.085284891732;1855.992818787794,-0.98833802200992615;0.041896593172035784;-0.14497369267205051;0.014816728629513847;-0.0015046776236963416;0.013908941767171308;-0.14553369949467235;-0.012368823837147753;0.98925923986723208;0.0054903446907410948;0.0010878100271474948;0.0013355261543947937;0.04007808514479938;0.99846628928154957;0.01824557259435412;0.028186868000550622;-0.018139429996074961;-0.0015417171921586045;0.00049024121445060147;-0.020550933106508917;0.00056892919028070929;0.083468759717276339;-0.99189626839630418;-0.093551344321325586;-0.012840249023056242;0.026875606253526568;0.0039227201361927491;-0.99087920090447779;-0.092720411969894653;0.093052546871661757;-0.015379574786250953;0.0034810605787470891;-0.00041525576566756468;-0.1007332939319508;0.084924858784879764;-0.99115677383211087
1090,2,3.9495001114707682;4.3172951714148722;4.9849835908399598;58.049238102656091;1499.1624528232242;1694.9249364086379,-0.99387133533479977;-0.0060777833617838015;-0.10882154261013353;0.012055025912053098;-0.0018185746512514461;0.013858944753406034;-0.1085229913872989;-0.032660604285922844;0.99354687957986088;0.0044369714653338232;-0.00079038651869707034;0.00057612370186159575;-0.0091364872104571331;0.99862818731233127;0.031681091194100841;0.036229317721050404;0.018338326898965814;0.0023914162134636026;0.0012447706746389888;-0.021508337909182686;-0.00024236604388816653;0.08489183499121207;0.98715441441317686;0.13362380649216499;-0.011367041124954423;0.03414951293598488;0.0043035527324307666;-0.99119655750873459;0.071759377551848552;0.10519532638089639;-0.015109423008799425;0.0030481386111753917;-0.00044619995997980852;-0.094048853829283102;0.14155044217481191;-0.98533268519138073
1091,0,0;0;0;0;0;0,1;0;0;0;0;0;0;1;0;0;0;0;0;0;1;0;0;0;0;0;0;1;0;0;0;0;0;0;1;0;0;0;0;0;0;1
1092,0,0;0;0;0;0;0,1;0;0;0;0;0;0;1;0;0;0;0;0;0;1;0;0;0;0;0;0;1;0;0;0;0;0;0;1;0;0;0;0;0;0;1
1093,0,0;0;0;0;0;0,1;0;0;0;0;0;0;1;0;0;0;0;0;0;1;0;0;0;0;0;0;1;0;0;0;0;0;0;1;0;0;0;0;0;0;1
1094,0,0;0;0;0;0;0,1;0;0;0;0;0;0;1;0;0;0;0;0;0;1;0;0;0;0;0;0;1;0;0;0;0;0;0;1;0;0;0;0;0;0;1
1095,0,0;0;0;0;0;0,1;0;0;0;0;0;0;1;0;0;0;0;0;0;1;0;0;0;0;0;0;1;0;0;0;0;0;0;1;0;0;0;0;0;0;1
1096,0,0;0;0;0;0;0,1;0;0;0;0;0;0;1;0;0;0;0;0;0;1;0;0;0;0;0;0;1;0;0;0;0;0;0;1;0;0;0;0;0;0;1
1097,0,0;0;0;0;0;0,1;0;0;0;0;0;0;1;0;0;0;0;0;0;1;0;0;0;0;0;0;1;0;0;0;0;0;0;1;0;0;0;0;0;0;1
1098,0,0;0;0;0;0;0,1;0;0;0;0;0;0;1;0;0;0;0;0;0;1;0;0;0;0;0;0;1;0;0;0;0;0;0;1;0;0;0;0;0;0;1
1099,0,0;0;0;0;0;0,1;0;0;0;0;0;0;1;0;0;0;0;0;0;1;0;0;0;0;0;0;1;0;0;0;0;0;0;1;0;0;0;0;0;0;1
1100,0,0;0;0;0;0;0,1;0;0;0;0;0;0;1;0;0;0;0;0;0;1;0;0;0;0;0;0;1;0;0;0;0;0;0;1;0;0;0;0;0;0;1
1101,0,0;0;0;0;0;0,1;0;0;0;0;0;0;1;0;0;0;0;0;0;1;0;0;0;0;0;0;1;0;0;0;0;0;0;1;0;0;0;0;0;0;1
1102,0,0;0;0;0;0;0,1;0;0;0;0;0;0;1;0;0;0;0;0;0;1;0;0;0;0;0;0;1;0;0;0;0;0;0;1;0;0;0;0;0;0;1
1103,0,0;0;0;0;0;0,1;0;0;0;0;0;0;1;0;0;0;0;0;0;1;0;0;0;0;0;0;1;0;0;0;0;0;0;1;0;0;0;0;0;0;1
1104,0,0;0;0;0;0;0,1;0;0;0;0;0;0;1;0;0;0;0;0;0;1;0;0;0;0;0;0;1;0;0;0;0;0;0;1;0;0;0;0;0;0;1
1105,0,0;0;0;0;0;0,1;0;0;0;0;0;0;1;0;0;0;0;0;0;1;0;0;0;0;0;0;1;0;0;0;0;0;0;1;0;0;0;0;0;0;1
1106,0,0;0;0;0;0;0,1;0;0;0;0;0;0;1;0;0;0;0;0;0;1;0;0;0;0;0;0;1;0;0;0;0;0;0;1;0;0;0;0;0;0;1
1107,0,0;0;0;0;0;0,1;0;0;0;0;0;0;1;0;0;0;0;0;0;1;0;0;0;0;0;0;1;0;0;0;0;0;0;1;0;0;0;0;0;0;1
1108,2,2.883427857474048;3.1759138033613783;4.1959021448772278;289.045225331251;2259.4127120042849;3171.0847979343453,0.23772913573964519;0.84628341198826118;-0.47640797949153157;0.0029386329627790106;-0.0016021608694553858;0.017705344041908239;-0.027131290648770814;0.49601667787977671;0.86785206339607013;-1.3669531949409706e-05;0.0024744864194083623;0.0076171597153232087;0.97070602923853988;-0.19339148344707019;0.14094142480770833;0.0080905105177181986;-0.019979798748507412;-0.00063638415530484996;-0.016458415394452634;0.0050990171365502338;-0.00011180535392707545;-0.27495328482417108;-0.95897329700400491;-0.066888077294650961;-0.013991920766084239;-0.0012550769724768709;0.00043074636886239345;0.95710307558616037;-0.27943642918996103;0.075309030917353609;0.0034500150925955244;0.018547258417123073;-0.001884108882551207;0.090996163418725795;0.043331458714320641;-0.9947274147541878
1109,0,0;0;0;0;0;0,1;0;0;0;0;0;0;1;0;0;0;0;0;0;1;0;0;0;0;0;0;1;0;0;0;0;0;0;1;0;0;0;0;0;0;1
1110,0,0;0;0;0;0;0,1;0;0;0;0;0;0;1;0;0;0;0;0;0;1;0;0;0;0;0;0;1;0;0;0;0;0;0;1;0;0;0;0;0;0;1
1111,0,0;0;0;0;0;0,1;0;0;0;0;0;0;1;0;0;0;0;0;0;1;0;0;0;0;0;0;1;0;0;0;0;0;0;1;0;0;0;0;0;0;1
1112,0,0;0;0;0;0;0,1;0;0;0;0;0;0;1;0;0;0;0;0;0;1;0;0;0;0;0;0;1;0;0;0;0;0;0;1;0;0;0;0;0;0;1
1113,0,0;0;0;0;0;0,1;0;0;0;0;0;0;1;0;0;0;0;0;0;1;0;0;0;0;0;0;1;0;0;0;0;0;0;1;0;0;0;0;0;0;1
1114,0,0;0;0;0;0;0,1;0;0;0;0;0;0;1;0;0;0;0;0;0;1;0;0;0;0;0;0;1;0;0;0;0;0;0;1;0;0;0;0;0;0;1
1115,0,0;0;0;0;0;0,1;0;0;0;0;0;0;1;0;0;0;0;0;0;1;0;0;0;0;0;0;1;0;0;0;0;0;0;1;0;0;0;0;0;0;1
1116,0,0;0;0;0;0;0,1;0;0;0;0;0;0;1;0;0;0;0;0;0;1;0;0;0;0;0;0;1;0;0;0;0;0;0;1;0;0;0;0;0;0;1
1117,0,0;0;0;0;0;0,1;0;0;0;0;0;0;1;0;0;0;0;0;0;1;0;0;0;0;0;0;1;0;0;0;0;0;0;1;0;0;0;0;0;0;1
1118,0,0;0;0;0;0;0,1;0;0;0;0;0;0;1;0;0;0;0;0;0;1;0;0;0;0;0;0;1;0;0;0;0;0;0;1;0;0;0;0;0;0;1
1119,0,0;0;0;0;0;0,1;0;0;0;0;0;0;1;0;0;0;0;0;0;1;0;0;0;0;0;0;1;0;0;0;0;0;0;1;0;0;0;0;0;0;1
1120,0,0;0;0;0;0;0,1;0;0;0;0;0;0;1;0;0;0;0;0;0;1;0;0;0;0;0;0;1;0;0;0;0;0;0;1;0;0;0;0;0;0;1
1121,0,0;0;0;0;0;0,1;0;0;0;0;0;0;1;0;0;0;0;0;0;1;0;0;0;0;0;0;1;0;0;0;0;0;0;1;0;0;0;0;0;0;1
1122,0,0;0;0;0;0;0,1;0;0;0;0;0;0;1;0;0;0;0;0;0;1;0;0;0;0;0;0;1;0;0;0;0;0;0;1;0;0;0;0;0;0;1
1123,0,0;0;0;0;0;0,1;0;0;0;0;0;0;1;0;0;0;0;0;0;1;0;0;0;0;0;0;1;0;0;0;0;0;0;1;0;0;0;0;0;0;1
1124,0,0;0;0;0;0;0,1;0;0;0;0;0;0;1;0;0;0;0;0;0;1;0;0;0;0;0;0;1;0;0;0;0;0;0;1;0;0;0;0;0;0;1
1125,0,0;0;0;0;0;0,1;0;0;0;0;0;0;1;0;0;0;0;0;0;1;0;0;0;0;0;0;1;0;0;0;0;0;0;1;0;0;0;0;0;0;1
1126,0,0;0;0;0;0;0,1;0;0;0;0;0;0;1;0;0;0;0;0;0;1;0;0;0;0;0;0;1;0;0;0;0;0;0;1;0;0;0;0;0;0;1
1127,0,0;0;0;0;0;0,1;0;0;0;0;0;0;1;0;0;0;0;0;0;1;0;0;0;0;0;0;1;0;0;0;0;0;0;1;0;0;0;0;0;0;1
1128,0,0;0;0;0;0;0,1;0;0;0;0;0;0;1;0;0;0;0;0;0;1;0;0;0;0;0;0;1;0;0;0;0;0;0;1;0;0;0;0;0;0;1
1129,0,0;0;0;0;0;0,1;0;0;0;0;0;0;1;0;0;0;0;0;0;1;0;0;0;0;0;0;1;0;0;0;0;0;0;1;0;0;0;0;0;0;1
1130,0,0;0;0;0;0;0,1;0;0;0;0;0;0;1;0;0;0;0;0;0;1;0;0;0;0;0;0;1;0;0;0;0;0;0;1;0;0;0;0;0;0;1
1131,0,0;0;0;0;0;0,1;0;0;0;0;0;0;1;0;0;0;0;0;0;1;0;0;0;0;0;0;1;0;0;0;0;0;0;1;0;0;0;0;0;0;1
1132,0,0;0;0;0;0;0,1;0;0;0;0;0;0;1;0;0;0;0;0;0;1;0;0;0;0;0;0;1;0;0;0;0;0;0;1;0;0;0;0;0;0;1
1133,0,0;0;0;0;0;0,1;0;0;0;0;0;0;1;0;0;0;0;0;0;1;0;0;0;0;0;0;1;0;0;0;0;0;0;1;0;0;0;0;0;0;1
1134,0,0;0;0;0;0;0,1;0;0;0;0;0;0;1;0;0;0;0;0;0;1;0;0;0;0;0;0;1;0;0;0;0;0;0;1;0;0;0;0;0;0;1
1135,0,0;0;0;0;0;0,1;0;0;0;0;0;0;1;0;0;0;0;0;0;1;0;0;0;0;0;0;1;0;0;0;0;0;0;1;0;0;0;0;0;0;1
1136,0,0;0;0;0;0;0,1;0;0;0;0;0;0;1;0;0;0;0;0;0;1;0;0;0;0;0;0;1;0;0;0;0;0;0;1;0;0;0;0;0;0;1
1137,0,0;0;0;0;0;0,1;0;0;0;0;0;0;1;0;0;0;0;0;0;1;0;0;0;0;0;0;1;0;0;0;0;0;0;1;0;0;0;0;0;0;1
1138,0,0;0;0;0;0;0,1;0;0;0;0;0;0;1;0;0;0;0;0;0;1;0;0;0;0;0;0;1;0;0;0;0;0;0;1;0;0;0;0;0;0;1
1139,0,0;0;0;0;0;0,1;0;0;0;0;0;0;1;0;0;0;0;0;0;1;0;0;0;0;0;0;1;0;0;0;0;0;0;1;0;0;0;0;0;0;1
1140,0,0;0;0;0;0;0,1;0;0;0;0;0;0;1;0;0;0;0;0;0;1;0;0;0;0;0;0;1;0;0;0;0;0;0;1;0;0;0;0;0;0;1
1141,0,0;0;0;0;0;0,1;0;0;0;0;0;0;1;0;0;0;0;0;0;1;0;0;0;0;0;0;1;0;0;0;0;0;0;1;0;0;0;0;0;0;1
1142,0,0;0;0;0;0;0,1;0;0;0;0;0;0;1;0;0;0;0;0;0;1;0;0;0;0;0;0;1;0;0;0;0;0;0;1;0;0;0;0;0;0;1
1143,0,0;0;0;0;0;0,1;0;0;0;0;0;0;1;0;0;0;0;0;0;1;0;0;0;0;0;0;1;0;0;0;0;0;0;1;0;0;0;0;0;0;1
1144,0,0;0;0;0;0;0,1;0;0;0;0;0;0;1;0;0;0;0;0;0;1;0;0;0;0;0;0;1;0;0;0;0;0;0;1;0;0;0;0;0;0;1
1145,0,0;0;0;0;0;0,1;0;0;0;0;0;0;1;0;0;0;0;0;0;1;0;0;0;0;0;0;1;0;0;0;0;0;0;1;0;0;0;0;0;0;1
1146,0,0;0;0;0;0;0,1;0;0;0;0;0;0;1;0;0;0;0;0;0;1;0;0;0;0;0;0;1;0;0;0;0;0;0;1;0;0;0;0;0;0;1
1147,0,0;0;0;0;0;0,1;0;0;0;0;0;0;1;0;0;0;0;0;0;1;0;0;0;0;0;0;1;0;0;0;0;0;0;1;0;0;0;0;0;0;1
1148,0,0;0;0;0;0;0,1;0;0;0;0;0;0;1;0;0;0;0;0;0;1;0;0;0;0;0;0;1;0;0;0;0;0;0;1;0;0;0;0;0;0;1
1149,0,0;0;0;0;0;0,1;0;0;0;0;0;0;1;0;0;0;0;0;0;1;0;0;0;0;0;0;1;0;0;0;0;0;0;1;0;0;0;0;0;0;1
1150,0,0;0;0;0;0;0,1;0;0;0;0;0;0;1;0;0;0;0;0;0;1;0;0;0;0;0;0;1;0;0;0;0;0;0;1;0;0;0;0;0;0;1
1151,0,0;0;0;0;0;0,1;0;0;0;0;0;0;1;0;0;0;0;0;0;1;0;0;0;0;0;0;1;0;0;0;0;0;0;1;0;0;0;0;0;0;1
1152,0,0;0;0;0;0;0,1;0;0;0;0;0;0;1;0;0;0;0;0;0;1;0;0;0;0;0;0;1;0;0;0;0;0;0;1;0;0;0;0;0;0;1
1153,0,0;0;0;0;0;0,1;0;0;0;0;0;0;1;0;0;0;0;0;0;1;0;0;0;0;0;0;1;0;0;0;0;0;0;1;0;0;0;0;0;0;1
1154,0,0;0;0;0;0;0,1;0;0;0;0;0;0;1;0;0;0;0;0;0;1;0;0;0;0;0;0;1;0;0;0;0;0;0;1;0;0;0;0;0;0;1
1155,0,0;0;0;0;0;0,1;0;0;0;0;0;0;1;0;0;0;0;0;0;1;0;0;0;0;0;0;1;0;0;0;0;0;0;1;0;0;0;0;0;0;1
1156,0,0;0;0;0;0;0,1;0;0;0;0;0;0;1;0;0;0;0;0;0;1;0;0;0;0;0;0;1;0;0;0;0;0;0;1;0;0;0;0;0;0;1
1157,0,0;0;0;0;0;0,1;0;0;0;0;0;0;1;0;0;0;0;0;0;1;0;0;0;0;0;0;1;0;0;0;0;0;0;1;0;0;0;0;0;0;1
1158,0,0;0;0;0;0;0,1;0;0;0;0;0;0;1;0;0;0;0;0;0;1;0;0;0;0;0;0;1;0;0;0;0;0;0;1;0;0;0;0;0;0;1
1159,0,0;0;0;0;0;0,1;0;0;0;0;0;0;1;0;0;0;0;0;0;1;0;0;0;0;0;0;1;0;0;0;0;0;0;1;0;0;0;0;0;0;1
1160,0,0;0;0;0;0;0,1;0;0;0;0;0;0;1;0;0;0;0;0;0;1;0;0;0;0;0;0;1;0;0;0;0;0;0;1;0;0;0;0;0;0;1
1161,0,0;0;0;0;0;0,1;0;0;0;0;0;0;1;0;0;0;0;0;0;1;0;0;0;0;0;0;1;0;0;0;0;0;0;1;0;0;0;0;0;0;1
1162,0,0;0;0;0;0;0,1;0;0;0;0;0;0;1;0;0;0;0;0;0;1;0;0;0;0;0;0;1;0;0;0;0;0;0;1;0;0;0;0;0;0;1
1163,0,0;0;0;0;0;0,1;0;0;0;0;0;0;1;0;0;0;0;0;0;1;0;0;0;0;0;0;1;0;0;0;0;0;0;1;0;0;0;0;0;0;1
1164,0,0;0;0;0;0;0,1;0;0;0;0;0;0;1;0;0;0;0;0;0;1;0;0;0;0;0;0;1;0;0;0;0;0;0;1;0;0;0;0;0;0;1
1165,0,0;0;0;0;0;0,1;0;0;0;0;0;0;1;0;0;0;0;0;0;1;0;0;0;0;0;0;1;0;0;0;0;0;0;1;0;0;0;0;0;0;1
1166,0,0;0;0;0;0;0,1;0;0;0;0;0;0;1;0;0;0;0;0;0;1;0;0;0;0;0;0;1;0;0;0;0;0;0;1;0;0;0;0;0;0;1
1167,0,0;0;0;0;0;0,1;0;0;0;0;0;0;1;0;0;0;0;0;0;1;0;0;0;0;0;0;1;0;0;0;0;0;0;1;0;0;0;0;0;0;1
1168,0,0;0;0;0;0;0,1;0;0;0;0;0;0;1;0;0;0;0;0;0;1;0;0;0;0;0;0;1;0;0;0;0;0;0;1;0;0;0;0;0;0;1
1169,0,0;0;0;0;0;0,1;0;0;0;0;0;0;1;0;0;0;0;0;0;1;0;0;0;0;0;0;1;0;0;0;0;0;0;1;0;0;0;0;0;0;1
1170,0,0;0;0;0;0;0,1;0;0;0;0;0;0;1;0;0;0;0;0;0;1;0;0;0;0;0;0;1;0;0;0;0;0;0;1;0;0;0;0;0;0;1
1171,0,0;0;0;0;0;0,1;0;0;0;0;0;0;1;0;0;0;0;0;0;1;0;0;0;0;0;0;1;0;0;0;0;0;0;1;0;0;0;0;0;0;1
1172,0,0;0;0;0;0;0,1;0;0;0;0;0;0;1;0;0;0;0;0;0;1;0;0;0;0;0;0;1;0;0;0;0;0;0;1;0;0;0;0;0;0;1
1173,0,0;0;0;0;0;0,1;0;0;0;0;0;0;1;0;0;0;0;0;0;1;0;0;0;0;0;0;1;0;0;0;0;0;0;1;0;0;0;0;0;0;1
1174,0,0;0;0;0;0;0,1;0;0;0;0;0;0;1;0;0;0;0;0;0;1;0;0;0;0;0;0;1;0;0;0;0;0;0;1;0;0;0;0;0;0;1
1175,0,0;0;0;0;0;0,1;0;0;0;0;0;0;1;0;0;0;0;0;0;1;0;0;0;0;0;0;1;0;0;0;0;0;0;1;0;0;0;0;0;0;1
1176,0,0;0;0;0;0;0,1;0;0;0;0;0;0;1;0;0;0;0;0;0;1;0;0;0;0;0;0;1;0;0;0;0;0;0;1;0;0;0;0;0;0;1
1177,0,0;0;0;0;0;0,1;0;0;0;0;0;0;1;0;0;0;0;0;0;1;0;0;0;0;0;0;1;0;0;0;0;0;0;1;0;0;0;0;0;0;1
1178,0,0;0;0;0;0;0,1;0;0;0;0;0;0;1;0;0;0;0;0;0;1;0;0;0;0;0;0;1;0;0;0;0;0;0;1;0;0;0;0;0;0;1
1179,0,0;0;0;0;0;0,1;0;0;0;0;0;0;1;0;0;0;0;0;0;1;0;0;0;0;0;0;1;0;0;0;0;0;0;1;0;0;0;0;0;0;1
1180,0,0;0;0;0;0;0,1;0;0;0;0;0;0;1;0;0;0;0;0;0;1;0;0;0;0;0;0;1;0;0;0;0;0;0;1;0;0;0;0;0;0;1
1181,0,0;0;0;0;0;0,1;0;0;0;0;0;0;1;0;0;0;0;0;0;1;0;0;0;0;0;0;1;0;0;0;0;0;0;1;0;0;0;0;0;0;1
1182,0,0;0;0;0;0;0,1;0;0;0;0;0;0;1;0;0;0;0;0;0;1;0;0;0;0;0;0;1;0;0;0;0;0;0;1;0;0;0;0;0;0;1
1183,0,0;0;0;0;0;0,1;0;0;0;0;0;0;1;0;0;0;0;0;0;1;0;0;0;0;0;0;1;0;0;0;0;0;0;1;0;0;0;0;0;0;1
1184,0,0;0;0;0;0;0,1;0;0;0;0;0;0;1;0;0;0;0;0;0;1;0;0;0;0;0;0;1;0;0;0;0;0;0;1;0;0;0;0;0;0;1
1185,0,0;0;0;0;0;0,1;0;0;0;0;0;0;1;0;0;0;0;0;0;1;0;0;0;0;0;0;1;0;0;0;0;0;0;1;0;0;0;0;0;0;1
1186,0,0;0;0;0;0;0,1;0;0;0;0;0;0;1;0;0;0;0;0;0;1;0;0;0;0;0;0;1;0;0;0;0;0;0;1;0;0;0;0;0;0;1
1187,0,0;0;0;0;0;0,1;0;0;0;0;0;0;1;0;0;0;0;0;0;1;0;0;0;0;0;0;1;0;0;0;0;0;0;1;0;0;0;0;0;0;1
1188,0,0;0;0;0;0;0,1;0;0;0;0;0;0;1;0;0;0;0;0;0;1;0;0;0;0;0;0;1;0;0;0;0;0;0;1;0;0;0;0;0;0;1
1189,0,0;0;0;0;0;0,1;0;0;0;0;0;0;1;0;0;0;0;0;0;1;0;0;0;0;0;0;1;0;0;0;0;0;0;1;0;0;0;0;0;0;1
1190,0,0;0;0;0;0;0,1;0;0;0;0;0;0;1;0;0;0;0;0;0;1;0;0;0;0;0;0;1;0;0;0;0;0;0;1;0;0;0;0;0;0;1
1191,0,0;0;0;0;0;0,1;0;0;0;0;0;0;1;0;0;0;0;0;0;1;0;0;0;0;0;0;1;0;0;0;0;0;0;1;0;0;0;0;0;0;1
1192,0,0;0;0;0;0;0,1;0;0;0;0;0;0;1;0;0;0;0;0;0;1;0;0;0;0;0;0;1;0;0;0;0;0;0;1;0;0;0;0;0;0;1
1193,0,0;0;0;0;0;0,1;0;0;0;0;0;0;1;0;0;0;0;0;0;1;0;0;0;0;0;0;1;0;0;0;0;0;0;1;0;0;0;0;0;0;1
1194,0,0;0;0;0;0;0,1;0;0;0;0;0;0;1;0;0;0;0;0;0;1;0;0;0;0;0;0;1;0;0;0;0;0;0;1;0;0;0;0;0;0;1
1195,0,0;0;0;0;0;0,1;0;0;0;0;0;0;1;0;0;0;0;0;0;1;0;0;0;0;0;0;1;0;0;0;0;0;0;1;0;0;0;0;0;0;1
1196,0,0;0;0;0;0;0,1;0;0;0;0;0;0;1;0;0;0;0;0;0;1;0;0;0;0;0;0;1;0;0;0;0;0;0;1;0;0;0;0;0;0;1
1197,0,0;0;0;0;0;0,1;0;0;0;0;0;0;1;0;0;0;0;0;0;1;0;0;0;0;0;0;1;0;0;0;0;0;0;1;0;0;0;0;0;0;1
1198,0,0;0;0;0;0;0,1;0;0;0;0;0;0;1;0;0;0;0;0;0;1;0;0;0;0;0;0;1;0;0;0;0;0;0;1;0;0;0;0;0;0;1
1199,0,0;0;0;0;0;0,1;0;0;0;0;0;0;1;0;0;0;0;0;0;1;0;0;0;0;0;0;1;0;0;0;0;0;0;1;0;0;0;0;0;0;1
1200,0,0;0;0;0;0;0,1;0;0;0;0;0;0;1;0;0;0;0;0;0;1;0;0;0;0;0;0;1;0;0;0;0;0;0;1;0;0;0;0;0;0;1
1201,0,0;0;0;0;0;0,1;0;0;0;0;0;0;1;0;0;0;0;0;0;1;0;0;0;0;0;0;1;0;0;0;0;0;0;1;0;0;0;0;0;0;1
1202,0,0;0;0;0;0;0,1;0;0;0;0;0;0;1;0;0;0;0;0;0;1;0;0;0;0;0;0;1;0;0;0;0;0;0;1;0;0;0;0;0;0;1
1203,0,0;0;0;0;0;0,1;0;0;0;0;0;0;1;0;0;0;0;0;0;1;0;0;0;0;0;0;1;0;0;0;0;0;0;1;0;0;0;0;0;0;1
1204,0,0;0;0;0;0;0,1;0;0;0;0;0;0;1;0;0;0;0;0;0;1;0;0;0;0;0;0;1;0;0;0;0;0;0;1;0;0;0;0;0;0;1
1205,0,0;0;0;0;0;0,1;0;0;0;0;0;0;1;0;0;0;0;0;0;1;0;0;0;0;0;0;1;0;0;0;0;0;0;1;0;0;0;0;0;0;1
1206,0,0;0;0;0;0;0,1;0;0;0;0;0;0;1;0;0;0;0;0;0;1;0;0;0;0;0;0;1;0;0;0;0;0;0;1;0;0;0;0;0;0;1
1207,0,0;0;0;0;0;0,1;0;0;0;0;0;0;1;0;0;0;0;0;0;1;0;0;0;0;0;0;1;0;0;0;0;0;0;1;0;0;0;0;0;0;1
1208,0,0;0;0;0;0;0,1;0;0;0;0;0;0;1;0;0;0;0;0;0;1;0;0;0;0;0;0;1;0;0;0;0;0;0;1;0;0;0;0;0;0;1
1209,0,0;0;0;0;0;0,1;0;0;0;0;0;0;1;0;0;0;0;0;0;1;0;0;0;0;0;0;1;0;0;0;0;0;0;1;0;0;0;0;0;0;1
1210,0,0;0;0;0;0;0,1;0;0;0;0;0;0;1;0;0;0;0;0;0;1;0;0;0;0;0;0;1;0;0;0;0;0;0;1;0;0;0;0;0;0;1
1211,0,0;0;0;0;0;0,1;0;0;0;0;0;0;1;0;0;0;0;0;0;1;0;0;0;0;0;0;1;0;0;0;0;0;0;1;0;0;0;0;0;0;1
1212,0,0;0;0;0;0;0,1;0;0;0;0;0;0;1;0;0;0;0;0;0;1;0;0;0;0;0;0;1;0;0;0;0;0;0;1;0;0;0;0;0;0;1
1213,0,0;0;0;0;0;0,1;0;0;0;0;0;0;1;0;0;0;0;0;0;1;0;0;0;0;0;0;1;0;0;0;0;0;0;1;0;0;0;0;0;0;1
1214,0,0;0;0;0;0;0,1;0;0;0;0;0;0;1;0;0;0;0;0;0;1;0;0;0;0;0;0;1;0;0;0;0;0;0;1;0;0;0;0;0;0;1
1215,0,0;0;0;0;0;0,1;0;0;0;0;0;0;1;0;0;0;0;0;0;1;0;0;0;0;0;0;1;0;0;0;0;0;0;1;0;0;0;0;0;0;1
1216,0,0;0;0;0;0;0,1;0;0;0;0;0;0;1;0;0;0;0;0;0;1;0;0;0;0;0;0;1;0;0;0;0;0;0;1;0;0;0;0;0;0;1
1217,0,0;0;0;0;0;0,1;0;0;0;0;0;0;1;0;0;0;0;0;0;1;0;0;0;0;0;0;1;0;0;0;0;0;0;1;0;0;0;0;0;0;1
1218,0,0;0;0;0;0;0,1;0;0;0;0;0;0;1;0;0;0;0;0;0;1;0;0;0;0;0;0;1;0;0;0;0;0;0;1;0;0;0;0;0;0;1
1219,0,0;0;0;0;0;0,1;0;0;0;0;0;0;1;0;0;0;0;0;0;1;0;0;0;0;0;0;1;0;0;0;0;0;0;1;0;0;0;0;0;0;1
1220,0,0;0;0;0;0;0,1;0;0;0;0;0;0;1;0;0;0;0;0;0;1;0;0;0;0;0;0;1;0;0;0;0;0;0;1;0;0;0;0;0;0;1
1221,0,0;0;0;0;0;0,1;0;0;0;0;0;0;1;0;0;0;0;0;0;1;0;0;0;0;0;0;1;0;0;0;0;0;0;1;0;0;0;0;0;0;1
1222,0,0;0;0;0;0;0,1;0;0;0;0;0;0;1;0;0;0;0;0;0;1;0;0;0;0;0;0;1;0;0;0;0;0;0;1;0;0;0;0;0;0;1
1223,0,0;0;0;0;0;0,1;0;0;0;0;0;0;1;0;0;0;0;0;0;1;0;0;0;0;0;0;1;0;0;0;0;0;0;1;0;0;0;0;0;0;1
1224,0,0;0;0;0;0;0,1;0;0;0;0;0;0;1;0;0;0;0;0;0;1;0;0;0;0;0;0;1;0;0;0;0;0;0;1;0;0;0;0;0;0;1
1225,0,0;0;0;0;0;0,1;0;0;0;0;0;0;1;0;0;0;0;0;0;1;0;0;0;0;0;0;1;0;0;0;0;0;0;1;0;0;0;0;0;0;1
1226,0,0;0;0;0;0;0,1;0;0;0;0;0;0;1;0;0;0;0;0;0;1;0;0;0;0;0;0;1;0;0;0;0;0;0;1;0;0;0;0;0;0;1
1227,0,0;0;0;0;0;0,1;0;0;0;0;0;0;1;0;0;0;0;0;0;1;0;0;0;0;0;0;1;0;0;0;0;0;0;1;0;0;0;0;0;0;1
1228,0,0;0;0;0;0;0,1;0;0;0;0;0;0;1;0;0;0;0;0;0;1;0;0;0;0;0;0;1;0;0;0;0;0;0;1;0;0;0;0;0;0;1
1229,0,0;0;0;0;0;0,1;0;0;0;0;0;0;1;0;0;0;0;0;0;1;0;0;0;0;0;0;1;0;0;0;0;0;0;1;0;0;0;0;0;0;1
1230,0,0;0;0;0;0;0,1;0;0;0;0;0;0;1;0;0;0;0;0;0;1;0;0;0;0;0;0;1;0;0;0;0;0;0;1;0;0;0;0;0;0;1
1231,0,0;0;0;0;0;0,1;0;0;0;0;0;0;1;0;0;0;0;0;0;1;0;0;0;0;0;0;1;0;0;0;0;0;0;1;0;0;0;0;0;0;1
1232,0,0;0;0;0;0;0,1;0;0;0;0;0;0;1;0;0;0;0;0;0;1;0;0;0;0;0;0;1;0;0;0;0;0;0;1;0;0;0;0;0;0;1
1233,0,0;0;0;0;0;0,1;0;0;0;0;0;0;1;0;0;0;0;0;0;1;0;0;0;0;0;0;1;0;0;0;0;0;0;1;0;0;0;0;0;0;1
1234,0,0;0;0;0;0;0,1;0;0;0;0;0;0;1;0;0;0;0;0;0;1;0;0;0;0;0;0;1;0;0;0;0;0;0;1;0;0;0;0;0;0;1
1235,0,0;0;0;0;0;0,1;0;0;0;0;0;0;1;0;0;0;0;0;0;1;0;0;0;0;0;0;1;0;0;0;0;0;0;1;0;0;0;0;0;0;1
1236,0,0;0;0;0;0;0,1;0;0;0;0;0;0;1;0;0;0;0;0;0;1;0;0;0;0;0;0;1;0;0;0;0;0;0;1;0;0;0;0;0;0;1
1237,0,0;0;0;0;0;0,1;0;0;0;0;0;0;1;0;0;0;0;0;0;1;0;0;0;0;0;0;1;0;0;0;0;0;0;1;0;0;0;0;0;0;1
1238,0,0;0;0;0;0;0,1;0;0;0;0;0;0;1;0;0;0;0;0;0;1;0;0;0;0;0;0;1;0;0;0;0;0;0;1;0;0;0;0;0;0;1
1239,0,0;0;0;0;0;0,1;0;0;0;0;0;0;1;0;0;0;0;0;0;1;0;0;0;0;0;0;1;0;0;0;0;0;0;1;0;0;0;0;0;0;1
1240,0,0;0;0;0;0;0,1;0;0;0;0;0;0;1;0;0;0;0;0;0;1;0;0;0;0;0;0;1;0;0;0;0;0;0;1;0;0;0;0;0;0;1
1241,0,0;0;0;0;0;0,1;0;0;0;0;0;0;1;0;0;0;0;0;0;1;0;0;0;0;0;0;1;0;0;0;0;0;0;1;0;0;0;0;0;0;1
1242,0,0;0;0;0;0;0,1;0;0;0;0;0;0;1;0;0;0;0;0;0;1;0;0;0;0;0;0;1;0;0;0;0;0;0;1;0;0;0;0;0;0;1
1243,0,0;0;0;0;0;0,1;0;0;0;0;0;0;1;0;0;0;0;0;0;1;0;0;0;0;0;0;1;0;0;0;0;0;0;1;0;0;0;0;0;0;1
1244,0,0;0;0;0;0;0,1;0;0;0;0;0;0;1;0;0;0;0;0;0;1;0;0;0;0;0;0;1;0;0;0;0;0;0;1;0;0;0;0;0;0;1
1245,0,0;0;0;0;0;0,1;0;0;0;0;0;0;1;0;0;0;0;0;0;1;0;0;0;0;0;0;1;0;0;0;0;0;0;1;0;0;0;0;0;0;1
1246,0,0;0;0;0;0;0,1;0;0;0;0;0;0;1;0;0;0;0;0;0;1;0;0;0;0;0;0;1;0;0;0;0;0;0;1;0;0;0;0;0;0;1
1247,0,0;0;0;0;0;0,1;0;0;0;0;0;0;1;0;0;0;0;0;0;1;0;0;0;0;0;0;1;0;0;0;0;0;0;1;0;0;0;0;0;0;1
1248,0,0;0;0;0;0;0,1;0;0;0;0;0;0;1;0;0;0;0;0;0;1;0;0;0;0;0;0;1;0;0;0;0;0;0;1;0;0;0;0;0;0;1
1249,0,0;0;0;0;0;0,1;0;0;0;0;0;0;1;0;0;0;0;0;0;1;0;0;0;0;0;0;1;0;0;0;0;0;0;1;0;0;0;0;0;0;1
1250,0,0;0;0;0;0;0,1;0;0;0;0;0;0;1;0;0;0;0;0;0;1;0;0;0;0;0;0;1;0;0;0;0;0;0;1;0;0;0;0;0;0;1
1251,0,0;0;0;0;0;0,1;0;0;0;0;0;0;1;0;0;0;0;0;0;1;0;0;0;0;0;0;1;0;0;0;0;0;0;1;0;0;0;0;0;0;1
1252,0,0;0;0;0;0;0,1;0;0;0;0;0;0;1;0;0;0;0;0;0;1;0;0;0;0;0;0;1;0;0;0;0;0;0;1;0;0;0;0;0;0;1
1253,0,0;0;0;0;0;0,1;0;0;0;0;0;0;1;0;0;0;0;0;0;1;0;0;0;0;0;0;1;0;0;0;0;0;0;1;0;0;0;0;0;0;1
1254,0,0;0;0;0;0;0,1;0;0;0;0;0;0;1;0;0;0;0;0;0;1;0;0;0;0;0;0;1;0;0;0;0;0;0;1;0;0;0;0;0;0;1
1255,0,0;0;0;0;0;0,1;0;0;0;0;0;0;1;0;0;0;0;0;0;1;0;0;0;0;0;0;1;0;0;0;0;0;0;1;0;0;0;0;0;0;1
1256,0,0;0;0;0;0;0,1;0;0;0;0;0;0;1;0;0;0;0;0;0;1;0;0;0;0;0;0;1;0;0;0;0;0;0;1;0;0;0;0;0;0;1
1257,0,0;0;0;0;0;0,1;0;0;0;0;0;0;1;0;0;0;0;0;0;1;0;0;0;0;0;0;1;0;0;0;0;0;0;1;0;0;0;0;0;0;1
1258,0,0;0;0;0;0;0,1;0;0;0;0;0;0;1;0;0;0;0;0;0;1;0;0;0;0;0;0;1;0;0;0;0;0;0;1;0;0;0;0;0;0;1
1259,0,0;0;0;0;0;0,1;0;0;0;0;0;0;1;0;0;0;0;0;0;1;0;0;0;0;0;0;1;0;0;0;0;0;0;1;0;0;0;0;0;0;1
1260,0,0;0;0;0;0;0,1;0;0;0;0;0;0;1;0;0;0;0;0;0;1;0;0;0;0;0;0;1;0;0;0;0;0;0;1;0;0;0;0;0;0;1
1261,0,0;0;0;0;0;0,1;0;0;0;0;0;0;1;0;0;0;0;0;0;1;0;0;0;0;0;0;1;0;0;0;0;0;0;1;0;0;0;0;0;0;1
1262,0,0;0;0;0;0;0,1;0;0;0;0;0;0;1;0;0;0;0;0;0;1;0;0;0;0;0;0;1;0;0;0;0;0;0;1;0;0;0;0;0;0;1
1263,0,0;0;0;0;0;0,1;0;0;0;0;0;0;1;0;0;0;0;0;0;1;0;0;0;0;0;0;1;0;0;0;0;0;0;1;0;0;0;0;0;0;1
1264,0,0;0;0;0;0;0,1;0;0;0;0;0;0;1;0;0;0;0;0;0;1;0;0;0;0;0;0;1;0;0;0;0;0;0;1;0;0;0;0;0;0;1
1265,0,0;0;0;0;0;0,1;0;0;0;0;0;0;1;0;0;0;0;0;0;1;0;0;0;0;0;0;1;0;0;0;0;0;0;1;0;0;0;0;0;0;1
1266,0,0;0;0;0;0;0,1;0;0;0;0;0;0;1;0;0;0;0;0;0;1;0;0;0;0;0;0;1;0;0;0;0;0;0;1;0;0;0;0;0;0;1
1267,0,0;0;0;0;0;0,1;0;0;0;0;0;0;1;0;0;0;0;0;0;1;0;0;0;0;0;0;1;0;0;0;0;0;0;1;0;0;0;0;0;0;1
1268,0,0;0;0;0;0;0,1;0;0;0;0;0;0;1;0;0;0;0;0;0;1;0;0;0;0;0;0;1;0;0;0;0;0;0;1;0;0;0;0;0;0;1
1269,0,0;0;0;0;0;0,1;0;0;0;0;0;0;1;0;0;0;0;0;0;1;0;0;0;0;0;0;1;0;0;0;0;0;0;1;0;0;0;0;0;0;1
1270,0,0;0;0;0;0;0,1;0;0;0;0;0;0;1;0;0;0;0;0;0;1;0;0;0;0;0;0;1;0;0;0;0;0;0;1;0;0;0;0;0;0;1
1271,0,0;0;0;0;0;0,1;0;0;0;0;0;0;1;0;0;0;0;0;0;1;0;0;0;0;0;0;1;0;0;0;0;0;0;1;0;0;0;0;0;0;1
1272,0,0;0;0;0;0;0,1;0;0;0;0;0;0;1;0;0;0;0;0;0;1;0;0;0;0;0;0;1;0;0;0;0;0;0;1;0;0;0;0;0;0;1
1273,0,0;0;0;0;0;0,1;0;0;0;0;0;0;1;0;0;0;0;0;0;1;0;0;0;0;0;0;1;0;0;0;0;0;0;1;0;0;0;0;0;0;1
1274,0,0;0;0;0;0;0,1;0;0;0;0;0;0;1;0;0;0;0;0;0;1;0;0;0;0;0;0;1;0;0;0;0;0;0;1;0;0;0;0;0;0;1
1275,0,0;0;0;0;0;0,1;0;0;0;0;0;0;1;0;0;0;0;0;0;1;0;0;0;0;0;0;1;0;0;0;0;0;0;1;0;0;0;0;0;0;1
1276,0,0;0;0;0;0;0,1;0;0;0;0;0;0;1;0;0;0;0;0;0;1;0;0;0;0;0;0;1;0;0;0;0;0;0;1;0;0;0;0;0;0;1
1277,0,0;0;0;0;0;0,1;0;0;0;0;0;0;1;0;0;0;0;0;0;1;0;0;0;0;0;0;1;0;0;0;0;0;0;1;0;0;0;0;0;0;1
1278,0,0;0;0;0;0;0,1;0;0;0;0;0;0;1;0;0;0;0;0;0;1;0;0;0;0;0;0;1;0;0;0;0;0;0;1;0;0;0;0;0;0;1
1279,0,0;0;0;0;0;0,1;0;0;0;0;0;0;1;0;0;0;0;0;0;1;0;0;0;0;0;0;1;0;0;0;0;0;0;1;0;0;0;0;0;0;1
1280,0,0;0;0;0;0;0,1;0;0;0;0;0;0;1;0;0;0;0;0;0;1;0;0;0;0;0;0;1;0;0;0;0;0;0;1;0;0;0;0;0;0;1
1281,0,0;0;0;0;0;0,1;0;0;0;0;0;0;1;0;0;0;0;0;0;1;0;0;0;0;0;0;1;0;0;0;0;0;0;1;0;0;0;0;0;0;1
1282,0,0;0;0;0;0;0,1;0;0;0;0;0;0;1;0;0;0;0;0;0;1;0;0;0;0;0;0;1;0;0;0;0;0;0;1;0;0;0;0;0;0;1
1283,0,0;0;0;0;0;0,1;0;0;0;0;0;0;1;0;0;0;0;0;0;1;0;0;0;0;0;0;1;0;0;0;0;0;0;1;0;0;0;0;0;0;1
1284,0,0;0;0;0;0;0,1;0;0;0;0;0;0;1;0;0;0;0;0;0;1;0;0;0;0;0;0;1;0;0;0;0;0;0;1;0;0;0;0;0;0;1
1285,0,0;0;0;0;0;0,1;0;0;0;0;0;0;1;0;0;0;0;0;0;1;0;0;0;0;0;0;1;0;0;0;0;0;0;1;0;0;0;0;0;0;1
1286,0,0;0;0;0;0;0,1;0;0;0;0;0;0;1;0;0;0;0;0;0;1;0;0;0;0;0;0;1;0;0;0;0;0;0;1;0;0;0;0;0;0;1
1287,0,0;0;0;0;0;0,1;0;0;0;0;0;0;1;0;0;0;0;0;0;1;0;0;0;0;0;0;1;0;0;0;0;0;0;1;0;0;0;0;0;0;1
1288,0,0;0;0;0;0;0,1;0;0;0;0;0;0;1;0;0;0;0;0;0;1;0;0;0;0;0;0;1;0;0;0;0;0;0;1;0;0;0;0;0;0;1
1289,0,0;0;0;0;0;0,1;0;0;0;0;0;0;1;0;0;0;0;0;0;1;0;0;0;0;0;0;1;0;0;0;0;0;0;1;0;0;0;0;0;0;1
1290,0,0;0;0;0;0;0,1;0;0;0;0;0;0;1;0;0;0;0;0;0;1;0;0;0;0;0;0;1;0;0;0;0;0;0;1;0;0;0;0;0;0;1
1291,0,0;0;0;0;0;0,1;0;0;0;0;0;0;1;0;0;0;0;0;0;1;0;0;0;0;0;0;1;0;0;0;0;0;0;1;0;0;0;0;0;0;1
1292,0,0;0;0;0;0;0,1;0;0;0;0;0;0;1;0;0;0;0;0;0;1;0;0;0;0;0;0;1;0;0;0;0;0;0;1;0;0;0;0;0;0;1
1293,0,0;0;0;0;0;0,1;0;0;0;0;0;0;1;0;0;0;0;0;0;1;0;0;0;0;0;0;1;0;0;0;0;0;0;1;0;0;0;0;0;0;1
1294,0,0;0;0;0;0;0,1;0;0;0;0;0;0;1;0;0;0;0;0;0;1;0;0;0;0;0;0;1;0;0;0;0;0;0;1;0;0;0;0;0;0;1
1295,0,0;0;0;0;0;0,1;0;0;0;0;0;0;1;0;0;0;0;0;0;1;0;0;0;0;0;0;1;0;0;0;0;0;0;1;0;0;0;0;0;0;1
1296,0,0;0;0;0;0;0,1;0;0;0;0;0;0;1;0;0;0;0;0;0;1;0;0;0;0;0;0;1;0;0;0;0;0;0;1;0;0;0;0;0;0;1
1297,0,0;0;0;0;0;0,1;0;0;0;0;0;0;1;0;0;0;0;0;0;1;0;0;0;0;0;0;1;0;0;0;0;0;0;1;0;0;0;0;0;0;1
1298,0,0;0;0;0;0;0,1;0;0;0;0;0;0;1;0;0;0;0;0;0;1;0;0;0;0;0;0;1;0;0;0;0;0;0;1;0;0;0;0;0;0;1
1299,0,0;0;0;0;0;0,1;0;0;0;0;0;0;1;0;0;0;0;0;0;1;0;0;0;0;0;0;1;0;0;0;0;0;0;1;0;0;0;0;0;0;1
1300,0,0;0;0;0;0;0,1;0;0;0;0;0;0;1;0;0;0;0;0;0;1;0;0;0;0;0;0;1;0;0;0;0;0;0;1;0;0;0;0;0;0;1
1301,0,0;0;0;0;0;0,1;0;0;0;0;0;0;1;0;0;0;0;0;0;1;0;0;0;0;0;0;1;0;0;0;0;0;0;1;0;0;0;0;0;0;1
1302,0,0;0;0;0;0;0,1;0;0;0;0;0;0;1;0;0;0;0;0;0;1;0;0;0;0;0;0;1;0;0;0;0;0;0;1;0;0;0;0;0;0;1
1303,0,0;0;0;0;0;0,1;0;0;0;0;0;0;1;0;0;0;0;0;0;1;0;0;0;0;0;0;1;0;0;0;0;0;0;1;0;0;0;0;0;0;1
1304,0,0;0;0;0;0;0,1;0;0;0;0;0;0;1;0;0;0;0;0;0;1;0;0;0;0;0;0;1;0;0;0;0;0;0;1;0;0;0;0;0;0;1
1305,0,0;0;0;0;0;0,1;0;0;0;0;0;0;1;0;0;0;0;0;0;1;0;0;0;0;0;0;1;0;0;0;0;0;0;1;0;0;0;0;0;0;1
1306,0,0;0;0;0;0;0,1;0;0;0;0;0;0;1;0;0;0;0;0;0;1;0;0;0;0;0;0;1;0;0;0;0;0;0;1;0;0;0;0;0;0;1
1307,0,0;0;0;0;0;0,1;0;0;0;0;0;0;1;0;0;0;0;0;0;1;0;0;0;0;0;0;1;0;0;0;0;0;0;1;0;0;0;0;0;0;1
1308,0,0;0;0;0;0;0,1;0;0;0;0;0;0;1;0;0;0;0;0;0;1;0;0;0;0;0;0;1;0;0;0;0;0;0;1;0;0;0;0;0;0;1
1309,0,0;0;0;0;0;0,1;0;0;0;0;0;0;1;0;0;0;0;0;0;1;0;0;0;0;0;0;1;0;0;0;0;0;0;1;0;0;0;0;0;0;1
1310,0,0;0;0;0;0;0,1;0;0;0;0;0;0;1;0;0;0;0;0;0;1;0;0;0;0;0;0;1;0;0;0;0;0;0;1;0;0;0;0;0;0;1
1311,0,0;0;0;0;0;0,1;0;0;0;0;0;0;1;0;0;0;0;0;0;1;0;0;0;0;0;0;1;0;0;0;0;0;0;1;0;0;0;0;0;0;1
1312,0,0;0;0;0;0;0,1;0;0;0;0;0;0;1;0;0;0;0;0;0;1;0;0;0;0;0;0;1;0;0;0;0;0;0;1;0;0;0;0;0;0;1
1313,0,0;0;0;0;0;0,1;0;0;0;0;0;0;1;0;0;0;0;0;0;1;0;0;0;0;0;0;1;0;0;0;0;0;0;1;0;0;0;0;0;0;1
1314,0,0;0;0;0;0;0,1;0;0;0;0;0;0;1;0;0;0;0;0;0;1;0;0;0;0;0;0;1;0;0;0;0;0;0;1;0;0;0;0;0;0;1
1315,0,0;0;0;0;0;0,1;0;0;0;0;0;0;1;0;0;0;0;0;0;1;0;0;0;0;0;0;1;0;0;0;0;0;0;1;0;0;0;0;0;0;1
1316,0,0;0;0;0;0;0,1;0;0;0;0;0;0;1;0;0;0;0;0;0;1;0;0;0;0;0;0;1;0;0;0;0;0;0;1;0;0;0;0;0;0;1
1317,0,0;0;0;0;0;0,1;0;0;0;0;0;0;1;0;0;0;0;0;0;1;0;0;0;0;0;0;1;0;0;0;0;0;0;1;0;0;0;0;0;0;1
1318,0,0;0;0;0;0;0,1;0;0;0;0;0;0;1;0;0;0;0;0;0;1;0;0;0;0;0;0;1;0;0;0;0;0;0;1;0;0;0;0;0;0;1
1319,0,0;0;0;0;0;0,1;0;0;0;0;0;0;1;0;0;0;0;0;0;1;0;0;0;0;0;0;1;0;0;0;0;0;0;1;0;0;0;0;0;0;1
1320,0,0;0;0;0;0;0,1;0;0;0;0;0;0;1;0;0;0;0;0;0;1;0;0;0;0;0;0;1;0;0;0;0;0;0;1;0;0;0;0;0;0;1
1321,0,0;0;0;0;0;0,1;0;0;0;0;0;0;1;0;0;0;0;0;0;1;0;0;0;0;0;0;1;0;0;0;0;0;0;1;0;0;0;0;0;0;1
1322,0,0;0;0;0;0;0,1;0;0;0;0;0;0;1;0;0;0;0;0;0;1;0;0;0;0;0;0;1;0;0;0;0;0;0;1;0;0;0;0;0;0;1
1323,0,0;0;0;0;0;0,1;0;0;0;0;0;0;1;0;0;0;0;0;0;1;0;0;0;0;0;0;1;0;0;0;0;0;0;1;0;0;0;0;0;0;1
1324,0,0;0;0;0;0;0,1;0;0;0;0;0;0;1;0;0;0;0;0;0;1;0;0;0;0;0;0;1;0;0;0;0;0;0;1;0;0;0;0;0;0;1
1325,0,0;0;0;0;0;0,1;0;0;0;0;0;0;1;0;0;0;0;0;0;1;0;0;0;0;0;0;1;0;0;0;0;0;0;1;0;0;0;0;0;0;1
1326,0,0;0;0;0;0;0,1;0;0;0;0;0;0;1;0;0;0;0;0;0;1;0;0;0;0;0;0;1;0;0;0;0;0;0;1;0;0;0;0;0;0;1
1327,0,0;0;0;0;0;0,1;0;0;0;0;0;0;1;0;0;0;0;0;0;1;0;0;0;0;0;0;1;0;0;0;0;0;0;1;0;0;0;0;0;0;1
1328,0,0;0;0;0;0;0,1;0;0;0;0;0;0;1;0;0;0;0;0;0;1;0;0;0;0;0;0;1;0;0;0;0;0;0;1;0;0;0;0;0;0;1
1329,0,0;0;0;0;0;0,1;0;0;0;0;0;0;1;0;0;0;0;0;0;1;0;0;0;0;0;0;1;0;0;0;0;0;0;1;0;0;0;0;0;0;1
1330,0,0;0;0;0;0;0,1;0;0;0;0;0;0;1;0;0;0;0;0;0;1;0;0;0;0;0;0;1;0;0;0;0;0;0;1;0;0;0;0;0;0;1
1331,0,0;0;0;0;0;0,1;0;0;0;0;0;0;1;0;0;0;0;0;0;1;0;0;0;0;0;0;1;0;0;0;0;0;0;1;0;0;0;0;0;0;1
1332,0,0;0;0;0;0;0,1;0;0;0;0;0;0;1;0;0;0;0;0;0;1;0;0;0;0;0;0;1;0;0;0;0;0;0;1;0;0;0;0;0;0;1
1333,0,0;0;0;0;0;0,1;0;0;0;0;0;0;1;0;0;0;0;0;0;1;0;0;0;0;0;0;1;0;0;0;0;0;0;1;0;0;0;0;0;0;1
1334,0,0;0;0;0;0;0,1;0;0;0;0;0;0;1;0;0;0;0;0;0;1;0;0;0;0;0;0;1;0;0;0;0;0;0;1;0;0;0;0;0;0;1
1335,0,0;0;0;0;0;0,1;0;0;0;0;0;0;1;0;0;0;0;0;0;1;0;0;0;0;0;0;1;0;0;0;0;0;0;1;0;0;0;0;0;0;1
1336,0,0;0;0;0;0;0,1;0;0;0;0;0;0;1;0;0;0;0;0;0;1;0;0;0;0;0;0;1;0;0;0;0;0;0;1;0;0;0;0;0;0;1
1337,0,0;0;0;0;0;0,1;0;0;0;0;0;0;1;0;0;0;0;0;0;1;0;0;0;0;0;0;1;0;0;0;0;0;0;1;0;0;0;0;0;0;1
1338,0,0;0;0;0;0;0,1;0;0;0;0;0;0;1;0;0;0;0;0;0;1;0;0;0;0;0;0;1;0;0;0;0;0;0;1;0;0;0;0;0;0;1
1339,0,0;0;0;0;0;0,1;0;0;0;0;0;0;1;0;0;0;0;0;0;1;0;0;0;0;0;0;1;0;0;0;0;0;0;1;0;0;0;0;0;0;1
1340,0,0;0;0;0;0;0,1;0;0;0;0;0;0;1;0;0;0;0;0;0;1;0;0;0;0;0;0;1;0;0;0;0;0;0;1;0;0;0;0;0;0;1
1341,0,0;0;0;0;0;0,1;0;0;0;0;0;0;1;0;0;0;0;0;0;1;0;0;0;0;0;0;1;0;0;0;0;0;0;1;0;0;0;0;0;0;1
1342,0,0;0;0;0;0;0,1;0;0;0;0;0;0;1;0;0;0;0;0;0;1;0;0;0;0;0;0;1;0;0;0;0;0;0;1;0;0;0;0;0;0;1
1343,0,0;0;0;0;0;0,1;0;0;0;0;0;0;1;0;0;0;0;0;0;1;0;0;0;0;0;0;1;0;0;0;0;0;0;1;0;0;0;0;0;0;1
1344,0,0;0;0;0;0;0,1;0;0;0;0;0;0;1;0;0;0;0;0;0;1;0;0;0;0;0;0;1;0;0;0;0;0;0;1;0;0;0;0;0;0;1
1345,0,0;0;0;0;0;0,1;0;0;0;0;0;0;1;0;0;0;0;0;0;1;0;0;0;0;0;0;1;0;0;0;0;0;0;1;0;0;0;0;0;0;1
1346,0,0;0;0;0;0;0,1;0;0;0;0;0;0;1;0;0;0;0;0;0;1;0;0;0;0;0;0;1;0;0;0;0;0;0;1;0;0;0;0;0;0;1
1347,0,0;0;0;0;0;0,1;0;0;0;0;0;0;1;0;0;0;0;0;0;1;0;0;0;0;0;0;1;0;0;0;0;0;0;1;0;0;0;0;0;0;1
1348,0,0;0;0;0;0;0,1;0;0;0;0;0;0;1;0;0;0;0;0;0;1;0;0;0;0;0;0;1;0;0;0;0;0;0;1;0;0;0;0;0;0;1
1349,0,0;0;0;0;0;0,1;0;0;0;0;0;0;1;0;0;0;0;0;0;1;0;0;0;0;0;0;1;0;0;0;0;0;0;1;0;0;0;0;0;0;1
1350,0,0;0;0;0;0;0,1;0;0;0;0;0;0;1;0;0;0;0;0;0;1;0;0;0;0;0;0;1;0;0;0;0;0;0;1;0;0;0;0;0;0;1
1351,0,0;0;0;0;0;0,1;0;0;0;0;0;0;1;0;0;0;0;0;0;1;0;0;0;0;0;0;1;0;0;0;0;0;0;1;0;0;0;0;0;0;1
1352,0,0;0;0;0;0;0,1;0;0;0;0;0;0;1;0;0;0;0;0;0;1;0;0;0;0;0;0;1;0;0;0;0;0;0;1;0;0;0;0;0;0;1
1353,0,0;0;0;0;0;0,1;0;0;0;0;0;0;1;0;0;0;0;0;0;1;0;0;0;0;0;0;1;0;0;0;0;0;0;1;0;0;0;0;0;0;1
1354,0,0;0;0;0;0;0,1;0;0;0;0;0;0;1;0;0;0;0;0;0;1;0;0;0;0;0;0;1;0;0;0;0;0;0;1;0;0;0;0;0;0;1
1355,0,0;0;0;0;0;0,1;0;0;0;0;0;0;1;0;0;0;0;0;0;1;0;0;0;0;0;0;1;0;0;0;0;0;0;1;0;0;0;0;0;0;1
1356,0,0;0;0;0;0;0,1;0;0;0;0;0;0;1;0;0;0;0;0;0;1;0;0;0;0;0;0;1;0;0;0;0;0;0;1;0;0;0;0;0;0;1
1357,0,0;0;0;0;0;0,1;0;0;0;0;0;0;1;0;0;0;0;0;0;1;0;0;0;0;0;0;1;0;0;0;0;0;0;1;0;0;0;0;0;0;1
1358,0,0;0;0;0;0;0,1;0;0;0;0;0;0;1;0;0;0;0;0;0;1;0;0;0;0;0;0;1;0;0;0;0;0;0;1;0;0;0;0;0;0;1
1359,0,0;0;0;0;0;0,1;0;0;0;0;0;0;1;0;0;0;0;0;0;1;0;0;0;0;0;0;1;0;0;0;0;0;0;1;0;0;0;0;0;0;1
1360,0,0;0;0;0;0;0,1;0;0;0;0;0;0;1;0;0;0;0;0;0;1;0;0;0;0;0;0;1;0;0;0;0;0;0;1;0;0;0;0;0;0;1
1361,0,0;0;0;0;0;0,1;0;0;0;0;0;0;1;0;0;0;0;0;0;1;0;0;0;0;0;0;1;0;0;0;0;0;0;1;0;0;0;0;0;0;1
1362,0,0;0;0;0;0;0,1;0;0;0;0;0;0;1;0;0;0;0;0;0;1;0;0;0;0;0;0;1;0;0;0;0;0;0;1;0;0;0;0;0;0;1
1363,0,0;0;0;0;0;0,1;0;0;0;0;0;0;1;0;0;0;0;0;0;1;0;0;0;0;0;0;1;0;0;0;0;0;0;1;0;0;0;0;0;0;1
1364,0,0;0;0;0;0;0,1;0;0;0;0;0;0;1;0;0;0;0;0;0;1;0;0;0;0;0;0;1;0;0;0;0;0;0;1;0;0;0;0;0;0;1
1365,0,0;0;0;0;0;0,1;0;0;0;0;0;0;1;0;0;0;0;0;0;1;0;0;0;0;0;0;1;0;0;0;0;0;0;1;0;0;0;0;0;0;1
1366,0,0;0;0;0;0;0,1;0;0;0;0;0;0;1;0;0;0;0;0;0;1;0;0;0;0;0;0;1;0;0;0;0;0;0;1;0;0;0;0;0;0;1
1367,0,0;0;0;0;0;0,1;0;0;0;0;0;0;1;0;0;0;0;0;0;1;0;0;0;0;0;0;1;0;0;0;0;0;0;1;0;0;0;0;0;0;1
1368,0,0;0;0;0;0;0,1;0;0;0;0;0;0;1;0;0;0;0;0;0;1;0;0;0;0;0;0;1;0;0;0;0;0;0;1;0;0;0;0;0;0;1
1369,0,0;0;0;0;0;0,1;0;0;0;0;0;0;1;0;0;0;0;0;0;1;0;0;0;0;0;0;1;0;0;0;0;0;0;1;0;0;0;0;0;0;1
1370,0,0;0;0;0;0;0,1;0;0;0;0;0;0;1;0;0;0;0;0;0;1;0;0;0;0;0;0;1;0;0;0;0;0;0;1;0;0;0;0;0;0;1
1371,0,0;0;0;0;0;0,1;0;0;0;0;0;0;1;0;0;0;0;0;0;1;0;0;0;0;0;0;1;0;0;0;0;0;0;1;0;0;0;0;0;0;1
1372,0,0;0;0;0;0;0,1;0;0;0;0;0;0;1;0;0;0;0;0;0;1;0;0;0;0;0;0;1;0;0;0;0;0;0;1;0;0;0;0;0;0;1
1373,0,0;0;0;0;0;0,1;0;0;0;0;0;0;1;0;0;0;0;0;0;1;0;0;0;0;0;0;1;0;0;0;0;0;0;1;0;0;0;0;0;0;1
1374,2,2.1669055622409541;2.787377612965908;3.6136743009156347;1226.397710211661;2397.3812059367765;4761.9935067017695,-0.46439826291836644;-0.8457001710185823;-0.26259596824983078;0.0099934133014563352;-0.0043448631075293145;0.0070771075760205325;-0.11113020487299841;0.34980237276890191;-0.93013911198659982;-5.5141779201488468e-05;-0.0072147582274814295;-0.0088064831808853869;-0.87838236135720438;0.40288281779052271;0.25656330825946422;0.012239790789217568;-0.012442158222881734;-0.00071516491976628886;-0.0095182722733105161;0.0065112388861900327;-0.005934228878366519;0.20785159093051891;0.95201416865772204;0.22427333771832075;0.018285303911078549;0.003494355628614726;-9.7059725196359297e-05;0.96597610707573478;-0.23552788378821016;0.10521503807007199;0.0019515054809627929;0.0077684696346024739;-0.0049632825531415788;-0.15309537183686614;-0.19485866868129417;0.96876370426130021
1375,0,0;0;0;0;0;0,1;0;0;0;0;0;0;1;0;0;0;0;0;0;1;0;0;0;0;0;0;1;0;0;0;0;0;0;1;0;0;0;0;0;0;1
1376,0,0;0;0;0;0;0,1;0;0;0;0;0;0;1;0;0;0;0;0;0;1;0;0;0;0;0;0;1;0;0;0;0;0;0;1;0;0;0;0;0;0;1
1377,0,0;0;0;0;0;0,1;0;0;0;0;0;0;1;0;0;0;0;0;0;1;0;0;0;0;0;0;1;0;0;0;0;0;0;1;0;0;0;0;0;0;1
1378,2,2.2629165350315916;2.6454641840163546;3.4358494647661773;1011.7159078329239;2168.0592957842982;3939.1478569614983,-0.62501470471954435;-0.75939540460445998;-0.18030499125544328;0.010418544154867971;-0.0033010973878791106;0.0067753355690622812;-0.051210821774158519;0.27035395964208359;-0.96134600503555201;-0.00012132237185780204;-0.0057850740007600425;-0.0081587401560447113;-0.77867314190653369;0.59172406472588324;0.20795631820045862;0.01309084386251377;-0.010625568662231395;-0.00081615915579447227;-0.0070204118076128566;0.0068559484997617656;-0.0053300454859521486;0.15361719480691521;0.96486858230968398;0.21285130193328433;0.01848044938517299;-0.00014093649235168691;-0.00074544495167038209;0.98192509805635464;-0.1727607938485049;0.075064687803954644;0.0033757220764460984;0.0065546397939479232;-0.0054012385625860576;-0.10929285563208707;-0.19754761437684382;0.97413883999223982
1379,0,0;0;0;0;0;0,1;0;0;0;0;0;0;1;0;0;0;0;0;0;1;0;0;0;0;0;0;1;0;0;0;0;0;0;1;0;0;0;0;0;0;1
1380,0,0;0;0;0;0;0,1;0;0;0;0;0;0;1;0;0;0;0;0;0;1;0;0;0;0;0;0;1;0;0;0;0;0;0;1;0;0;0;0;0;0;1
1381,0,0;0;0;0;0;0,1;0;0;0;0;0;0;1;0;0;0;0;0;0;1;0;0;0;0;0;0;1;0;0;0;0;0;0;1;0;0;0;0;0;0;1
1382,0,0;0;0;0;0;0,1;0;0;0;0;0;0;1;0;0;0;0;0;0;1;0;0;0;0;0;0;1;0;0;0;0;0;0;1;0;0;0;0;0;0;1
1383,0,0;0;0;0;0;0,1;0;0;0;0;0;0;1;0;0;0;0;0;0;1;0;0;0;0;0;0;1;0;0;0;0;0;0;1;0;0;0;0;0;0;1
1384,0,0;0;0;0;0;0,1;0;0;0;0;0;0;1;0;0;0;0;0;0;1;0;0;0;0;0;0;1;0;0;0;0;0;0;1;0;0;0;0;0;0;1
1385,0,0;0;0;0;0;0,1;0;0;0;0;0;0;1;0;0;0;0;0;0;1;0;0;0;0;0;0;1;0;0;0;0;0;0;1;0;0;0;0;0;0;1
1386,0,0;0;0;0;0;0,1;0;0;0;0;0;0;1;0;0;0;0;0;0;1;0;0;0;0;0;0;1;0;0;0;0;0;0;1;0;0;0;0;0;0;1
1387,0,0;0;0;0;0;0,1;0;0;0;0;0;0;1;0;0;0;0;0;0;1;0;0;0;0;0;0;1;0;0;0;0;0;0;1;0;0;0;0;0;0;1
1388,0,0;0;0;0;0;0,1;0;0;0;0;0;0;1;0;0;0;0;0;0;1;0;0;0;0;0;0;1;0;0;0;0;0;0;1;0;0;0;0;0;0;1
1389,0,0;0;0;0;0;0,1;0;0;0;0;0;0;1;0;0;0;0;0;0;1;0;0;0;0;0;0;1;0;0;0;0;0;0;1;0;0;0;0;0;0;1
1390,0,0;0;0;0;0;0,1;0;0;0;0;0;0;1;0;0;0;0;0;0;1;0;0;0;0;0;0;1;0;0;0;0;0;0;1;0;0;0;0;0;0;1
1391,0,0;0;0;0;0;0,1;0;0;0;0;0;0;1;0;0;0;0;0;0;1;0;0;0;0;0;0;1;0;0;0;0;0;0;1;0;0;0;0;0;0;1
1392,0,0;0;0;0;0;0,1;0;0;0;0;0;0;1;0;0;0;0;0;0;1;0;0;0;0;0;0;1;0;0;0;0;0;0;1;0;0;0;0;0;0;1
1393,0,0;0;0;0;0;0,1;0;0;0;0;0;0;1;0;0;0;0;0;0;1;0;0;0;0;0;0;1;0;0;0;0;0;0;1;0;0;0;0;0;0;1
1394,2,2.5061116259182672;2.895853497928119;3.5093045229450923;984.58434110331496;1896.26540287024;3738.4963908174946,-0.73640405879142479;-0.66273146037598729;-0.13547440066216002;0.010021145266794242;-0.0027221651499934139;0.0059098945078598442;-0.017579183448118256;0.21891181092138262;-0.97553290594134534;0.00055331231010238065;-0.0061993942826280672;-0.0080871583432686467;-0.67607842503372118;0.71609497269277944;0.17294107934644473;0.012213980183405653;-0.0082286714507959074;-0.00066634583468110238;-0.0056389258979139684;0.0064468089193724185;-0.0063409132052694873;0.068312847930619702;0.97558091038900219;0.20847464133887597;0.016403094468978689;-0.0023229858982028342;-0.00018755687261920475;0.9950738465468818;-0.081196368785959802;0.054412284138288289;0.0041398931503509439;0.0050658604830120238;-0.0057772750923666041;-0.070081979902896954;-0.20380255953770732;0.97646139414395006
1395,0,0;0;0;0;0;0,1;0;0;0;0;0;0;1;0;0;0;0;0;0;1;0;0;0;0;0;0;1;0;0;0;0;0;0;1;0;0;0;0;0;0;1
1396,0,0;0;0;0;0;0,1;0;0;0;0;0;0;1;0;0;0;0;0;0;1;0;0;0;0;0;0;1;0;0;0;0;0;0;1;0;0;0;0;0;0;1
1397,0,0;0;0;0;0;0,1;0;0;0;0;0;0;1;0;0;0;0;0;0;1;0;0;0;0;0;0;1;0;0;0;0;0;0;1;0;0;0;0;0;0;1
1398,2,2.4913441834397854;2.9571165075508365;3.4416887656754631;1034.3608910139278;2203.1506203748363;4469.4020206142523,0.57481432805499244;0.81782778860515137;-0.024563792802227674;0.01180032221419745;-0.00058597632278768958;0.0017959839794616003;0.064735847547893827;-0.075387093951520767;-0.99500542329181219;0.0010062937901945789;-0.0055839747290460599;-0.0076203888821745258;0.81546940746221397;-0.57049477836460594;0.096318975784607977;0.015798475078610541;-0.0042914380542058731;6.0551819103822531e-07;0.0054755016635504184;-0.0026551229549141376;-0.0063332567438895686;-0.072964698858201851;0.98270020048601991;0.16999802277647377;-0.019400491225066263;-0.00077639472842406544;-0.00077098432522113795;0.99707124783575685;0.069995505598209315;0.023916096460761916;-0.0010215771765151253;-0.0015967600920425806;-0.0065404930274022589;-0.011628732236090822;-0.17132134886869288;0.98512303632421072
1399,0,0;0;0;0;0;0,1;0;0;0;0;0;0;1;0;0;0;0;0;0;1;0;0;0;0;0;0;1;0;0;0;0;0;0;1;0;0;0;0;0;0;1
1400,0,0;0;0;0;0;0,1;0;0;0;0;0;0;1;0;0;0;0;0;0;1;0;0;0;0;0;0;1;0;0;0;0;0;0;1;0;0;0;0;0;0;1
1401,0,0;0;0;0;0;0,1;0;0;0;0;0;0;1;0;0;0;0;0;0;1;0;0;0;0;0;0;1;0;0;0;0;0;0;1;0;0;0;0;0;0;1
1402,0,0;0;0;0;0;0,1;0;0;0;0;0;0;1;0;0;0;0;0;0;1;0;0;0;0;0;0;1;0;0;0;0;0;0;1;0;0;0;0;0;0;1
1403,0,0;0;0;0;0;0,1;0;0;0;0;0;0;1;0;0;0;0;0;0;1;0;0;0;0;0;0;1;0;0;0;0;0;0;1;0;0;0;0;0;0;1
1404,0,0;0;0;0;0;0,1;0;0;0;0;0;0;1;0;0;0;0;0;0;1;0;0;0;0;0;0;1;0;0;0;0;0;0;1;0;0;0;0;0;0;1
1405,0,0;0;0;0;0;0,1;0;0;0;0;0;0;1;0;0;0;0;0;0;1;0;0;0;0;0;0;1;0;0;0;0;0;0;1;0;0;0;0;0;0;1
1406,0,0;0;0;0;0;0,1;0;0;0;0;0;0;1;0;0;0;0;0;0;1;0;0;0;0;0;0;1;0;0;0;0;0;0;1;0;0;0;0;0;0;1
1407,0,0;0;0;0;0;0,1;0;0;0;0;0;0;1;0;0;0;0;0;0;1;0;0;0;0;0;0;1;0;0;0;0;0;0;1;0;0;0;0;0;0;1
1408,0,0;0;0;0;0;0,1;0;0;0;0;0;0;1;0;0;0;0;0;0;1;0;0;0;0;0;0;1;0;0;0;0;0;0;1;0;0;0;0;0;0;1
1409,0,0;0;0;0;0;0,1;0;0;0;0;0;0;1;0;0;0;0;0;0;1;0;0;0;0;0;0;1;0;0;0;0;0;0;1;0;0;0;0;0;0;1
1410,0,0;0;0;0;0;0,1;0;0;0;0;0;0;1;0;0;0;0;0;0;1;0;0;0;0;0;0;1;0;0;0;0;0;0;1;0;0;0;0;0;0;1
1411,0,0;0;0;0;0;0,1;0;0;0;0;0;0;1;0;0;0;0;0;0;1;0;0;0;0;0;0;1;0;0;0;0;0;0;1;0;0;0;0;0;0;1
1412,0,0;0;0;0;0;0,1;0;0;0;0;0;0;1;0;0;0;0;0;0;1;0;0;0;0;0;0;1;0;0;0;0;0;0;1;0;0;0;0;0;0;1
1413,0,0;0;0;0;0;0,1;0;0;0;0;0;0;1;0;0;0;0;0;0;1;0;0;0;0;0;0;1;0;0;0;0;0;0;1;0;0;0;0;0;0;1
1414,0,0;0;0;0;0;0,1;0;0;0;0;0;0;1;0;0;0;0;0;0;1;0;0;0;0;0;0;1;0;0;0;0;0;0;1;0;0;0;0;0;0;1
1415,0,0;0;0;0;0;0,1;0;0;0;0;0;0;1;0;0;0;0;0;0;1;0;0;0;0;0;0;1;0;0;0;0;0;0;1;0;0;0;0;0;0;1
1416,0,0;0;0;0;0;0,1;0;0;0;0;0;0;1;0;0;0;0;0;0;1;0;0;0;0;0;0;1;0;0;0;0;0;0;1;0;0;0;0;0;0;1
1417,0,0;0;0;0;0;0,1;0;0;0;0;0;0;1;0;0;0;0;0;0;1;0;0;0;0;0;0;1;0;0;0;0;0;0;1;0;0;0;0;0;0;1
1418,0,0;0;0;0;0;0,1;0;0;0;0;0;0;1;0;0;0;0;0;0;1;0;0;0;0;0;0;1;0;0;0;0;0;0;1;0;0;0;0;0;0;1
1419,0,0;0;0;0;0;0,1;0;0;0;0;0;0;1;0;0;0;0;0;0;1;0;0;0;0;0;0;1;0;0;0;0;0;0;1;0;0;0;0;0;0;1
1420,0,0;0;0;0;0;0,1;0;0;0;0;0;0;1;0;0;0;0;0;0;1;0;0;0;0;0;0;1;0;0;0;0;0;0;1;0;0;0;0;0;0;1
1421,0,0;0;0;0;0;0,1;0;0;0;0;0;0;1;0;0;0;0;0;0;1;0;0;0;0;0;0;1;0;0;0;0;0;0;1;0;0;0;0;0;0;1
1422,0,0;0;0;0;0;0,1;0;0;0;0;0;0;1;0;0;0;0;0;0;1;0;0;0;0;0;0;1;0;0;0;0;0;0;1;0;0;0;0;0;0;1
1423,0,0;0;0;0;0;0,1;0;0;0;0;0;0;1;0;0;0;0;0;0;1;0;0;0;0;0;0;1;0;0;0;0;0;0;1;0;0;0;0;0;0;1
1424,0,0;0;0;0;0;0,1;0;0;0;0;0;0;1;0;0;0;0;0;0;1;0;0;0;0;0;0;1;0;0;0;0;0;0;1;0;0;0;0;0;0;1
1425,0,0;0;0;0;0;0,1;0;0;0;0;0;0;1;0;0;0;0;0;0;1;0;0;0;0;0;0;1;0;0;0;0;0;0;1;0;0;0;0;0;0;1
1426,0,0;0;0;0;0;0,1;0;0;0;0;0;0;1;0;0;0;0;0;0;1;0;0;0;0;0;0;1;0;0;0;0;0;0;1;0;0;0;0;0;0;1
1427,0,0;0;0;0;0;0,1;0;0;0;0;0;0;1;0;0;0;0;0;0;1;0;0;0;0;0;0;1;0;0;0;0;0;0;1;0;0;0;0;0;0;1
1428,0,0;0;0;0;0;0,1;0;0;0;0;0;0;1;0;0;0;0;0;0;1;0;0;0;0;0;0;1;0;0;0;0;0;0;1;0;0;0;0;0;0;1
1429,0,0;0;0;0;0;0,1;0;0;0;0;0;0;1;0;0;0;0;0;0;1;0;0;0;0;0;0;1;0;0;0;0;0;0;1;0;0;0;0;0;0;1
1430,0,0;0;0;0;0;0,1;0;0;0;0;0;0;1;0;0;0;0;0;0;1;0;0;0;0;0;0;1;0;0;0;0;0;0;1;0;0;0;0;0;0;1
1431,0,0;0;0;0;0;0,1;0;0;0;0;0;0;1;0;0;0;0;0;0;1;0;0;0;0;0;0;1;0;0;0;0;0;0;1;0;0;0;0;0;0;1
1432,0,0;0;0;0;0;0,1;0;0;0;0;0;0;1;0;0;0;0;0;0;1;0;0;0;0;0;0;1;0;0;0;0;0;0;1;0;0;0;0;0;0;1
1433,0,0;0;0;0;0;0,1;0;0;0;0;0;0;1;0;0;0;0;0;0;1;0;0;0;0;0;0;1;0;0;0;0;0;0;1;0;0;0;0;0;0;1
1434,0,0;0;0;0;0;0,1;0;0;0;0;0;0;1;0;0;0;0;0;0;1;0;0;0;0;0;0;1;0;0;0;0;0;0;1;0;0;0;0;0;0;1
1435,0,0;0;0;0;0;0,1;0;0;0;0;0;0;1;0;0;0;0;0;0;1;0;0;0;0;0;0;1;0;0;0;0;0;0;1;0;0;0;0;0;0;1
1436,2,2.2984900420237131;3.1074728792297655;3.4681992970531312;1285.1476340014342;2369.1071211865265;5020.4517431659842,-0.44703115279395955;-0.87780904438088914;-0.1717019645535896;0.011240639905346565;-0.0011340883273358352;0.0022863205015960742;-0.036318090548723682;0.20959111745861081;-0.97705673981633157;-4.8303762631134358e-05;-0.0047322591929040954;-0.0095021234734407878;-0.89346624276472353;0.43069583595138039;0.12562913971220552;0.020197376215319883;-0.0053307212058175419;-0.00037228301713300275;-0.0048005454327675516;0.0030932082380890616;-0.0058293637355966823;0.020235746672950628;0.97999562280883989;0.19781935996480171;0.023193807906847212;0.0011647389109816827;-0.00064200373919370585;0.9994381842739819;-0.022371380797352427;0.0091167771495155887;0.0011044495533098395;0.0036079669854438699;-0.0078414381797772652;-0.013399330095029152;-0.19762591827682024;0.98014729963967007
1437,0,0;0;0;0;0;0,1;0;0;0;0;0;0;1;0;0;0;0;0;0;1;0;0;0;0;0;0;1;0;0;0;0;0;0;1;0;0;0;0;0;0;1
1438,0,0;0;0;0;0;0,1;0;0;0;0;0;0;1;0;0;0;0;0;0;1;0;0;0;0;0;0;1;0;0;0;0;0;0;1;0;0;0;0;0;0;1
1439,0,0;0;0;0;0;0,1;0;0;0;0;0;0;1;0;0;0;0;0;0;1;0;0;0;0;0;0;1;0;0;0;0;0;0;1;0;0;0;0;0;0;1
1440,0,0;0;0;0;0;0,1;0;0;0;0;0;0;1;0;0;0;0;0;0;1;0;0;0;0;0;0;1;0;0;0;0;0;0;1;0;0;0;0;0;0;1
1441,0,0;0;0;0;0;0,1;0;0;0;0;0;0;1;0;0;0;0;0;0;1;0;0;0;0;0;0;1;0;0;0;0;0;0;1;0;0;0;0;0;0;1
1442,0,0;0;0;0;0;0,1;0;0;0;0;0;0;1;0;0;0;0;0;0;1;0;0;0;0;0;0;1;0;0;0;0;0;0;1;0;0;0;0;0;0;1
1443,0,0;0;0;0;0;0,1;0;0;0;0;0;0;1;0;0;0;0;0;0;1;0;0;0;0;0;0;1;0;0;0;0;0;0;1;0;0;0;0;0;0;1
1444,0,0;0;0;0;0;0,1;0;0;0;0;0;0;1;0;0;0;0;0;0;1;0;0;0;0;0;0;1;0;0;0;0;0;0;1;0;0;0;0;0;0;1
1445,0,0;0;0;0;0;0,1;0;0;0;0;0;0;1;0;0;0;0;0;0;1;0;0;0;0;0;0;1;0;0;0;0;0;0;1;0;0;0;0;0;0;1
1446,0,0;0;0;0;0;0,1;0;0;0;0;0;0;1;0;0;0;0;0;0;1;0;0;0;0;0;0;1;0;0;0;0;0;0;1;0;0;0;0;0;0;1
1447,0,0;0;0;0;0;0,1;0;0;0;0;0;0;1;0;0;0;0;0;0;1;0;0;0;0;0;0;1;0;0;0;0;0;0;1;0;0;0;0;0;0;1
1448,0,0;0;0;0;0;0,1;0;0;0;0;0;0;1;0;0;0;0;0;0;1;0;0;0;0;0;0;1;0;0;0;0;0;0;1;0;0;0;0;0;0;1
1449,0,0;0;0;0;0;0,1;0;0;0;0;0;0;1;0;0;0;0;0;0;1;0;0;0;0;0;0;1;0;0;0;0;0;0;1;0;0;0;0;0;0;1
1450,0,0;0;0;0;0;0,1;0;0;0;0;0;0;1;0;0;0;0;0;0;1;0;0;0;0;0;0;1;0;0;0;0;0;0;1;0;0;0;0;0;0;1
1451,0,0;0;0;0;0;0,1;0;0;0;0;0;0;1;0;0;0;0;0;0;1;0;0;0;0;0;0;1;0;0;0;0;0;0;1;0;0;0;0;0;0;1
1452,0,0;0;0;0;0;0,1;0;0;0;0;0;0;1;0;0;0;0;0;0;1;0;0;0;0;0;0;1;0;0;0;0;0;0;1;0;0;0;0;0;0;1
1453,0,0;0;0;0;0;0,1;0;0;0;0;0;0;1;0;0;0;0;0;0;1;0;0;0;0;0;0;1;0;0;0;0;0;0;1;0;0;0;0;0;0;1
1454,0,0;0;0;0;0;0,1;0;0;0;0;0;0;1;0;0;0;0;0;0;1;0;0;0;0;0;0;1;0;0;0;0;0;0;1;0;0;0;0;0;0;1
1455,0,0;0;0;0;0;0,1;0;0;0;0;0;0;1;0;0;0;0;0;0;1;0;0;0;0;0;0;1;0;0;0;0;0;0;1;0;0;0;0;0;0;1
1456,0,0;0;0;0;0;0,1;0;0;0;0;0;0;1;0;0;0;0;0;0;1;0;0;0;0;0;0;1;0;0;0;0;0;0;1;0;0;0;0;0;0;1
1457,0,0;0;0;0;0;0,1;0;0;0;0;0;0;1;0;0;0;0;0;0;1;0;0;0;0;0;0;1;0;0;0;0;0;0;1;0;0;0;0;0;0;1
1458,0,0;0;0;0;0;0,1;0;0;0;0;0;0;1;0;0;0;0;0;0;1;0;0;0;0;0;0;1;0;0;0;0;0;0;1;0;0;0;0;0;0;1
1459,0,0;0;0;0;0;0,1;0;0;0;0;0;0;1;0;0;0;0;0;0;1;0;0;0;0;0;0;1;0;0;0;0;0;0;1;0;0;0;0;0;0;1
1460,0,0;0;0;0;0;0,1;0;0;0;0;0;0;1;0;0;0;0;0;0;1;0;0;0;0;0;0;1;0;0;0;0;0;0;1;0;0;0;0;0;0;1
1461,0,0;0;0;0;0;0,1;0;0;0;0;0;0;1;0;0;0;0;0;0;1;0;0;0;0;0;0;1;0;0;0;0;0;0;1;0;0;0;0;0;0;1
1462,0,0;0;0;0;0;0,1;0;0;0;0;0;0;1;0;0;0;0;0;0;1;0;0;0;0;0;0;1;0;0;0;0;0;0;1;0;0;0;0;0;0;1
1463,0,0;0;0;0;0;0,1;0;0;0;0;0;0;1;0;0;0;0;0;0;1;0;0;0;0;0;0;1;0;0;0;0;0;0;1;0;0;0;0;0;0;1
1464,0,0;0;0;0;0;0,1;0;0;0;0;0;0;1;0;0;0;0;0;0;1;0;0;0;0;0;0;1;0;0;0;0;0;0;1;0;0;0;0;0;0;1
1465,0,0;0;0;0;0;0,1;0;0;0;0;0;0;1;0;0;0;0;0;0;1;0;0;0;0;0;0;1;0;0;0;0;0;0;1;0;0;0;0;0;0;1
1466,0,0;0;0;0;0;0,1;0;0;0;0;0;0;1;0;0;0;0;0;0;1;0;0;0;0;0;0;1;0;0;0;0;0;0;1;0;0;0;0;0;0;1
1467,0,0;0;0;0;0;0,1;0;0;0;0;0;0;1;0;0;0;0;0;0;1;0;0;0;0;0;0;1;0;0;0;0;0;0;1;0;0;0;0;0;0;1
1468,0,0;0;0;0;0;0,1;0;0;0;0;0;0;1;0;0;0;0;0;0;1;0;0;0;0;0;0;1;0;0;0;0;0;0;1;0;0;0;0;0;0;1
1469,0,0;0;0;0;0;0,1;0;0;0;0;0;0;1;0;0;0;0;0;0;1;0;0;0;0;0;0;1;0;0;0;0;0;0;1;0;0;0;0;0;0;1
1470,0,0;0;0;0;0;0,1;0;0;0;0;0;0;1;0;0;0;0;0;0;1;0;0;0;0;0;0;1;0;0;0;0;0;0;1;0;0;0;0;0;0;1
1471,0,0;0;0;0;0;0,1;0;0;0;0;0;0;1;0;0;0;0;0;0;1;0;0;0;0;0;0;1;0;0;0;0;0;0;1;0;0;0;0;0;0;1
1472,0,0;0;0;0;0;0,1;0;0;0;0;0;0;1;0;0;0;0;0;0;1;0;0;0;0;0;0;1;0;0;0;0;0;0;1;0;0;0;0;0;0;1
1473,0,0;0;0;0;0;0,1;0;0;0;0;0;0;1;0;0;0;0;0;0;1;0;0;0;0;0;0;1;0;0;0;0;0;0;1;0;0;0;0;0;0;1
1474,0,0;0;0;0;0;0,1;0;0;0;0;0;0;1;0;0;0;0;0;0;1;0;0;0;0;0;0;1;0;0;0;0;0;0;1;0;0;0;0;0;0;1
1475,0,0;0;0;0;0;0,1;0;0;0;0;0;0;1;0;0;0;0;0;0;1;0;0;0;0;0;0;1;0;0;0;0;0;0;1;0;0;0;0;0;0;1
1476,0,0;0;0;0;0;0,1;0;0;0;0;0;0;1;0;0;0;0;0;0;1;0;0;0;0;0;0;1;0;0;0;0;0;0;1;0;0;0;0;0;0;1
1477,2,2.2611524994449419;3.1162931656492678;3.2077675322266943;1237.2526723110025;2276.0546367334605;5052.5754902619947,-0.43843215812379505;-0.87652064450518652;-0.19839472378349093;-0.011308889143527746;-0.00010256279297502131;0.00065921256806941025;-0.036230190596949347;-0.20333281200888698;0.97838137866013641;-0.00023516174199198739;0.0043224774072395536;-0.0097097697695268156;-0.89767113733860293;0.43630915357179745;0.057418505148829783;-0.022811897052457664;0.0018756013069117093;-0.00025775523346224094;-0.0038423458373632565;-0.00022949418066188883;0.0061330630218840564;0.079701120843321344;-0.97641381341987854;0.20052771765525743;0.025216250762063765;2.1461148558950758e-05;0.00097563895785218681;-0.99616324006482948;-0.08329248160354237;-0.009184226554961792;0.00072268762989114929;-0.0012636051889512085;0.0086000231994188946;-0.025655439150839413;0.19913868348678526;0.97959660259037951
1478,2,2.2666273612802117;3.1600052705787527;3.2267558067223145;1292.1762300845328;2183.3694642078444;4847.6870788219467,0.42784517442497222;0.78609756287283439;0.44595760286760266;-0.010947119532620167;-0.00010134317773896909;0.0010464772983256306;0.058772735339169435;-0.51655688135889399;0.85416621392164793;-0.00066881841355788212;0.0040640829358074048;-0.0098928665261143103;0.90161773112545152;-0.33937061377097016;-0.26730563282291042;-0.021310396966609902;0.0025391190381222773;-0.00041466334291254451;0.0046798294137197285;-0.0041395630484845026;0.0043012244735714618;0.089882436414534556;-0.9736939394803551;0.20924560336090461;-0.02361199978796481;-0.0012862418566310589;0.00047182898427092468;-0.99541091278065397;-0.09267027979110444;-0.0031512514868953208;-0.00055846654577073522;-0.0053297349401883647;0.0071323871123112025;-0.022446437988399969;0.20810900340116889;0.97780734872451791
1479,0,0;0;0;0;0;0,1;0;0;0;0;0;0;1;0;0;0;0;0;0;1;0;0;0;0;0;0;1;0;0;0;0;0;0;1;0;0;0;0;0;0;1
1480,0,0;0;0;0;0;0,1;0;0;0;0;0;0;1;0;0;0;0;0;0;1;0;0;0;0;0;0;1;0;0;0;0;0;0;1;0;0;0;0;0;0;1
1481,0,0;0;0;0;0;0,1;0;0;0;0;0;0;1;0;0;0;0;0;0;1;0;0;0;0;0;0;1;0;0;0;0;0;0;1;0;0;0;0;0;0;1
1482,0,0;0;0;0;0;0,1;0;0;0;0;0;0;1;0;0;0;0;0;0;1;0;0;0;0;0;0;1;0;0;0;0;0;0;1;0;0;0;0;0;0;1
1483,0,0;0;0;0;0;0,1;0;0;0;0;0;0;1;0;0;0;0;0;0;1;0;0;0;0;0;0;1;0;0;0;0;0;0;1;0;0;0;0;0;0;1
1484,0,0;0;0;0;0;0,1;0;0;0;0;0;0;1;0;0;0;0;0;0;1;0;0;0;0;0;0;1;0;0;0;0;0;0;1;0;0;0;0;0;0;1
1485,0,0;0;0;0;0;0,1;0;0;0;0;0;0;1;0;0;0;0;0;0;1;0;0;0;0;0;0;1;0;0;0;0;0;0;1;0;0;0;0;0;0;1
1486,0,0;0;0;0;0;0,1;0;0;0;0;0;0;1;0;0;0;0;0;0;1;0;0;0;0;0;0;1;0;0;0;0;0;0;1;0;0;0;0;0;0;1
1487,0,0;0;0;0;0;0,1;0;0;0;0;0;0;1;0;0;0;0;0;0;1;0;0;0;0;0;0;1;0;0;0;0;0;0;1;0;0;0;0;0;0;1
1488,0,0;0;0;0;0;0,1;0;0;0;0;0;0;1;0;0;0;0;0;0;1;0;0;0;0;0;0;1;0;0;0;0;0;0;1;0;0;0;0;0;0;1
1489,0,0;0;0;0;0;0,1;0;0;0;0;0;0;1;0;0;0;0;0;0;1;0;0;0;0;0;0;1;0;0;0;0;0;0;1;0;0;0;0;0;0;1
1490,0,0;0;0;0;0;0,1;0;0;0;0;0;0;1;0;0;0;0;0;0;1;0;0;0;0;0;0;1;0;0;0;0;0;0;1;0;0;0;0;0;0;1
1491,0,0;0;0;0;0;0,1;0;0;0;0;0;0;1;0;0;0;0;0;0;1;0;0;0;0;0;0;1;0;0;0;0;0;0;1;0;0;0;0;0;0;1
1492,0,0;0;0;0;0;0,1;0;0;0;0;0;0;1;0;0;0;0;0;0;1;0;0;0;0;0;0;1;0;0;0;0;0;0;1;0;0;0;0;0;0;1
1493,0,0;0;0;0;0;0,1;0;0;0;0;0;0;1;0;0;0;0;0;0;1;0;0;0;0;0;0;1;0;0;0;0;0;0;1;0;0;0;0;0;0;1
1494,0,0;0;0;0;0;0,1;0;0;0;0;0;0;1;0;0;0;0;0;0;1;0;0;0;0;0;0;1;0;0;0;0;0;0;1;0;0;0;0;0;0;1
1495,0,0;0;0;0;0;0,1;0;0;0;0;0;0;1;0;0;0;0;0;0;1;0;0;0;0;0;0;1;0;0;0;0;0;0;1;0;0;0;0;0;0;1
1496,0,0;0;0;0;0;0,1;0;0;0;0;0;0;1;0;0;0;0;0;0;1;0;0;0;0;0;0;1;0;0;0;0;0;0;1;0;0;0;0;0;0;1
1497,0,0;0;0;0;0;0,1;0;0;0;0;0;0;1;0;0;0;0;0;0;1;0;0;0;0;0;0;1;0;0;0;0;0;0;1;0;0;0;0;0;0;1
1498,0,0;0;0;0;0;0,1;0;0;0;0;0;0;1;0;0;0;0;0;0;1;0;0;0;0;0;0;1;0;0;0;0;0;0;1;0;0;0;0;0;0;1
1499,0,0;0;0;0;0;0,1;0;0;0;0;0;0;1;0;0;0;0;0;0;1;0;0;0;0;0;0;1;0;0;0;0;0;0;1;0;0;0;0;0;0;1
1500,0,0;0;0;0;0;0,1;0;0;0;0;0;0;1;0;0;0;0;0;0;1;0;0;0;0;0;0;1;0;0;0;0;0;0;1;0;0;0;0;0;0;1
1501,0,0;0;0;0;0;0,1;0;0;0;0;0;0;1;0;0;0;0;0;0;1;0;0;0;0;0;0;1;0;0;0;0;0;0;1;0;0;0;0;0;0;1
1502,0,0;0;0;0;0;0,1;0;0;0;0;0;0;1;0;0;0;0;0;0;1;0;0;0;0;0;0;1;0;0;0;0;0;0;1;0;0;0;0;0;0;1
1503,0,0;0;0;0;0;0,1;0;0;0;0;0;0;1;0;0;0;0;0;0;1;0;0;0;0;0;0;1;0;0;0;0;0;0;1;0;0;0;0;0;0;1
1504,0,0;0;0;0;0;0,1;0;0;0;0;0;0;1;0;0;0;0;0;0;1;0;0;0;0;0;0;1;0;0;0;0;0;0;1;0;0;0;0;0;0;1
1505,0,0;0;0;0;0;0,1;0;0;0;0;0;0;1;0;0;0;0;0;0;1;0;0;0;0;0;0;1;0;0;0;0;0;0;1;0;0;0;0;0;0;1
1506,0,0;0;0;0;0;0,1;0;0;0;0;0;0;1;0;0;0;0;0;0;1;0;0;0;0;0;0;1;0;0;0;0;0;0;1;0;0;0;0;0;0;1
1507,0,0;0;0;0;0;0,1;0;0;0;0;0;0;1;0;0;0;0;0;0;1;0;0;0;0;0;0;1;0;0;0;0;0;0;1;0;0;0;0;0;0;1
1508,0,0;0;0;0;0;0,1;0;0;0;0;0;0;1;0;0;0;0;0;0;1;0;0;0;0;0;0;1;0;0;0;0;0;0;1;0;0;0;0;0;0;1
1509,0,0;0;0;0;0;0,1;0;0;0;0;0;0;1;0;0;0;0;0;0;1;0;0;0;0;0;0;1;0;0;0;0;0;0;1;0;0;0;0;0;0;1
1510,0,0;0;0;0;0;0,1;0;0;0;0;0;0;1;0;0;0;0;0;0;1;0;0;0;0;0;0;1;0;0;0;0;0;0;1;0;0;0;0;0;0;1
1511,0,0;0;0;0;0;0,1;0;0;0;0;0;0;1;0;0;0;0;0;0;1;0;0;0;0;0;0;1;0;0;0;0;0;0;1;0;0;0;0;0;0;1
1512,0,0;0;0;0;0;0,1;0;0;0;0;0;0;1;0;0;0;0;0;0;1;0;0;0;0;0;0;1;0;0;0;0;0;0;1;0;0;0;0;0;0;1
1513,0,0;0;0;0;0;0,1;0;0;0;0;0;0;1;0;0;0;0;0;0;1;0;0;0;0;0;0;1;0;0;0;0;0;0;1;0;0;0;0;0;0;1
1514,0,0;0;0;0;0;0,1;0;0;0;0;0;0;1;0;0;0;0;0;0;1;0;0;0;0;0;0;1;0;0;0;0;0;0;1;0;0;0;0;0;0;1
1515,0,0;0;0;0;0;0,1;0;0;0;0;0;0;1;0;0;0;0;0;0;1;0;0;0;0;0;0;1;0;0;0;0;0;0;1;0;0;0;0;0;0;1
1516,0,0;0;0;0;0;0,1;0;0;0;0;0;0;1;0;0;0;0;0;0;1;0;0;0;0;0;0;1;0;0;0;0;0;0;1;0;0;0;0;0;0;1
1517,0,0;0;0;0;0;0,1;0;0;0;0;0;0;1;0;0;0;0;0;0;1;0;0;0;0;0;0;1;0;0;0;0;0;0;1;0;0;0;0;0;0;1
1518,0,0;0;0;0;0;0,1;0;0;0;0;0;0;1;0;0;0;0;0;0;1;0;0;0;0;0;0;1;0;0;0;0;0;0;1;0;0;0;0;0;0;1
1519,0,0;0;0;0;0;0,1;0;0;0;0;0;0;1;0;0;0;0;0;0;1;0;0;0;0;0;0;1;0;0;0;0;0;0;1;0;0;0;0;0;0;1
1520,0,0;0;0;0;0;0,1;0;0;0;0;0;0;1;0;0;0;0;0;0;1;0;0;0;0;0;0;1;0;0;0;0;0;0;1;0;0;0;0;0;0;1
1521,0,0;0;0;0;0;0,1;0;0;0;0;0;0;1;0;0;0;0;0;0;1;0;0;0;0;0;0;1;0;0;0;0;0;0;1;0;0;0;0;0;0;1
1522,0,0;0;0;0;0;0,1;0;0;0;0;0;0;1;0;0;0;0;0;0;1;0;0;0;0;0;0;1;0;0;0;0;0;0;1;0;0;0;0;0;0;1
1523,0,0;0;0;0;0;0,1;0;0;0;0;0;0;1;0;0;0;0;0;0;1;0;0;0;0;0;0;1;0;0;0;0;0;0;1;0;0;0;0;0;0;1
1524,0,0;0;0;0;0;0,1;0;0;0;0;0;0;1;0;0;0;0;0;0;1;0;0;0;0;0;0;1;0;0;0;0;0;0;1;0;0;0;0;0;0;1
1525,0,0;0;0;0;0;0,1;0;0;0;0;0;0;1;0;0;0;0;0;0;1;0;0;0;0;0;0;1;0;0;0;0;0;0;1;0;0;0;0;0;0;1
1526,0,0;0;0;0;0;0,1;0;0;0;0;0;0;1;0;0;0;0;0;0;1;0;0;0;0;0;0;1;0;0;0;0;0;0;1;0;0;0;0;0;0;1
1527,0,0;0;0;0;0;0,1;0;0;0;0;0;0;1;0;0;0;0;0;0;1;0;0;0;0;0;0;1;0;0;0;0;0;0;1;0;0;0;0;0;0;1
1528,0,0;0;0;0;0;0,1;0;0;0;0;0;0;1;0;0;0;0;0;0;1;0;0;0;0;0;0;1;0;0;0;0;0;0;1;0;0;0;0;0;0;1
1529,0,0;0;0;0;0;0,1;0;0;0;0;0;0;1;0;0;0;0;0;0;1;0;0;0;0;0;0;1;0;0;0;0;0;0;1;0;0;0;0;0;0;1
1530,0,0;0;0;0;0;0,1;0;0;0;0;0;0;1;0;0;0;0;0;0;1;0;0;0;0;0;0;1;0;0;0;0;0;0;1;0;0;0;0;0;0;1
1531,0,0;0;0;0;0;0,1;0;0;0;0;0;0;1;0;0;0;0;0;0;1;0;0;0;0;0;0;1;0;0;0;0;0;0;1;0;0;0;0;0;0;1
1532,0,0;0;0;0;0;0,1;0;0;0;0;0;0;1;0;0;0;0;0;0;1;0;0;0;0;0;0;1;0;0;0;0;0;0;1;0;0;0;0;0;0;1
1533,0,0;0;0;0;0;0,1;0;0;0;0;0;0;1;0;0;0;0;0;0;1;0;0;0;0;0;0;1;0;0;0;0;0;0;1;0;0;0;0;0;0;1
1534,0,0;0;0;0;0;0,1;0;0;0;0;0;0;1;0;0;0;0;0;0;1;0;0;0;0;0;0;1;0;0;0;0;0;0;1;0;0;0;0;0;0;1
1535,0,0;0;0;0;0;0,1;0;0;0;0;0;0;1;0;0;0;0;0;0;1;0;0;0;0;0;0;1;0;0;0;0;0;0;1;0;0;0;0;0;0;1
1536,0,0;0;0;0;0;0,1;0;0;0;0;0;0;1;0;0;0;0;0;0;1;0;0;0;0;0;0;1;0;0;0;0;0;0;1;0;0;0;0;0;0;1
1537,0,0;0;0;0;0;0,1;0;0;0;0;0;0;1;0;0;0;0;0;0;1;0;0;0;0;0;0;1;0;0;0;0;0;0;1;0;0;0;0;0;0;1
1538,0,0;0;0;0;0;0,1;0;0;0;0;0;0;1;0;0;0;0;0;0;1;0;0;0;0;0;0;1;0;0;0;0;0;0;1;0;0;0;0;0;0;1
1539,0,0;0;0;0;0;0,1;0;0;0;0;0;0;1;0;0;0;0;0;0;1;0;0;0;0;0;0;1;0;0;0;0;0;0;1;0;0;0;0;0;0;1
1540,0,0;0;0;0;0;0,1;0;0;0;0;0;0;1;0;0;0;0;0;0;1;0;0;0;0;0;0;1;0;0;0;0;0;0;1;0;0;0;0;0;0;1
1541,0,0;0;0;0;0;0,1;0;0;0;0;0;0;1;0;0;0;0;0;0;1;0;0;0;0;0;0;1;0;0;0;0;0;0;1;0;0;0;0;0;0;1
1542,0,0;0;0;0;0;0,1;0;0;0;0;0;0;1;0;0;0;0;0;0;1;0;0;0;0;0;0;1;0;0;0;0;0;0;1;0;0;0;0;0;0;1
1543,0,0;0;0;0;0;0,1;0;0;0;0;0;0;1;0;0;0;0;0;0;1;0;0;0;0;0;0;1;0;0;0;0;0;0;1;0;0;0;0;0;0;1
1544,0,0;0;0;0;0;0,1;0;0;0;0;0;0;1;0;0;0;0;0;0;1;0;0;0;0;0;0;1;0;0;0;0;0;0;1;0;0;0;0;0;0;1
1545,0,0;0;0;0;0;0,1;0;0;0;0;0;0;1;0;0;0;0;0;0;1;0;0;0;0;0;0;1;0;0;0;0;0;0;1;0;0;0;0;0;0;1
1546,0,0;0;0;0;0;0,1;0;0;0;0;0;0;1;0;0;0;0;0;0;1;0;0;0;0;0;0;1;0;0;0;0;0;0;1;0;0;0;0;0;0;1
1547,0,0;0;0;0;0;0,1;0;0;0;0;0;0;1;0;0;0;0;0;0;1;0;0;0;0;0;0;1;0;0;0;0;0;0;1;0;0;0;0;0;0;1
1548,0,0;0;0;0;0;0,1;0;0;0;0;0;0;1;0;0;0;0;0;0;1;0;0;0;0;0;0;1;0;0;0;0;0;0;1;0;0;0;0;0;0;1
1549,0,0;0;0;0;0;0,1;0;0;0;0;0;0;1;0;0;0;0;0;0;1;0;0;0;0;0;0;1;0;0;0;0;0;0;1;0;0;0;0;0;0;1
1550,0,0;0;0;0;0;0,1;0;0;0;0;0;0;1;0;0;0;0;0;0;1;0;0;0;0;0;0;1;0;0;0;0;0;0;1;0;0;0;0;0;0;1
1551,0,0;0;0;0;0;0,1;0;0;0;0;0;0;1;0;0;0;0;0;0;1;0;0;0;0;0;0;1;0;0;0;0;0;0;1;0;0;0;0;0;0;1
1552,0,0;0;0;0;0;0,1;0;0;0;0;0;0;1;0;0;0;0;0;0;1;0;0;0;0;0;0;1;0;0;0;0;0;0;1;0;0;0;0;0;0;1
1553,0,0;0;0;0;0;0,1;0;0;0;0;0;0;1;0;0;0;0;0;0;1;0;0;0;0;0;0;1;0;0;0;0;0;0;1;0;0;0;0;0;0;1
1554,0,0;0;0;0;0;0,1;0;0;0;0;0;0;1;0;0;0;0;0;0;1;0;0;0;0;0;0;1;0;0;0;0;0;0;1;0;0;0;0;0;0;1
1555,0,0;0;0;0;0;0,1;0;0;0;0;0;0;1;0;0;0;0;0;0;1;0;0;0;0;0;0;1;0;0;0;0;0;0;1;0;0;0;0;0;0;1
1556,0,0;0;0;0;0;0,1;0;0;0;0;0;0;1;0;0;0;0;0;0;1;0;0;0;0;0;0;1;0;0;0;0;0;0;1;0;0;0;0;0;0;1
1557,0,0;0;0;0;0;0,1;0;0;0;0;0;0;1;0;0;0;0;0;0;1;0;0;0;0;0;0;1;0;0;0;0;0;0;1;0;0;0;0;0;0;1
1558,0,0;0;0;0;0;0,1;0;0;0;0;0;0;1;0;0;0;0;0;0;1;0;0;0;0;0;0;1;0;0;0;0;0;0;1;0;0;0;0;0;0;1
1559,0,0;0;0;0;0;0,1;0;0;0;0;0;0;1;0;0;0;0;0;0;1;0;0;0;0;0;0;1;0;0;0;0;0;0;1;0;0;0;0;0;0;1
1560,0,0;0;0;0;0;0,1;0;0;0;0;0;0;1;0;0;0;0;0;0;1;0;0;0;0;0;0;1;0;0;0;0;0;0;1;0;0;0;0;0;0;1
1561,0,0;0;0;0;0;0,1;0;0;0;0;0;0;1;0;0;0;0;0;0;1;0;0;0;0;0;0;1;0;0;0;0;0;0;1;0;0;0;0;0;0;1
1562,0,0;0;0;0;0;0,1;0;0;0;0;0;0;1;0;0;0;0;0;0;1;0;0;0;0;0;0;1;0;0;0;0;0;0;1;0;0;0;0;0;0;1
1563,0,0;0;0;0;0;0,1;0;0;0;0;0;0;1;0;0;0;0;0;0;1;0;0;0;0;0;0;1;0;0;0;0;0;0;1;0;0;0;0;0;0;1
1564,0,0;0;0;0;0;0,1;0;0;0;0;0;0;1;0;0;0;0;0;0;1;0;0;0;0;0;0;1;0;0;0;0;0;0;1;0;0;0;0;0;0;1
1565,0,0;0;0;0;0;0,1;0;0;0;0;0;0;1;0;0;0;0;0;0;1;0;0;0;0;0;0;1;0;0;0;0;0;0;1;0;0;0;0;0;0;1
1566,0,0;0;0;0;0;0,1;0;0;0;0;0;0;1;0;0;0;0;0;0;1;0;0;0;0;0;0;1;0;0;0;0;0;0;1;0;0;0;0;0;0;1
1567,0,0;0;0;0;0;0,1;0;0;0;0;0;0;1;0;0;0;0;0;0;1;0;0;0;0;0;0;1;0;0;0;0;0;0;1;0;0;0;0;0;0;1
1568,0,0;0;0;0;0;0,1;0;0;0;0;0;0;1;0;0;0;0;0;0;1;0;0;0;0;0;0;1;0;0;0;0;0;0;1;0;0;0;0;0;0;1
1569,0,0;0;0;0;0;0,1;0;0;0;0;0;0;1;0;0;0;0;0;0;1;0;0;0;0;0;0;1;0;0;0;0;0;0;1;0;0;0;0;0;0;1
1570,0,0;0;0;0;0;0,1;0;0;0;0;0;0;1;0;0;0;0;0;0;1;0;0;0;0;0;0;1;0;0;0;0;0;0;1;0;0;0;0;0;0;1
1571,0,0;0;0;0;0;0,1;0;0;0;0;0;0;1;0;0;0;0;0;0;1;0;0;0;0;0;0;1;0;0;0;0;0;0;1;0;0;0;0;0;0;1
1572,0,0;0;0;0;0;0,1;0;0;0;0;0;0;1;0;0;0;0;0;0;1;0;0;0;0;0;0;1;0;0;0;0;0;0;1;0;0;0;0;0;0;1
1573,0,0;0;0;0;0;0,1;0;0;0;0;0;0;1;0;0;0;0;0;0;1;0;0;0;0;0;0;1;0;0;0;0;0;0;1;0;0;0;0;0;0;1
1574,2,3.0075648154929082;3.6858913669012727;3.9784535551918552;928.23309077021304;1633.3594466754244;3316.5736283630004,-0.45582065433158936;0.75490715682944498;-0.47130556875051072;-0.014074424258192846;-8.0623586050742485e-05;0.003959873583977311;-0.035419944451669239;-0.54449548509713286;-0.83792572092395534;-0.0014688217664528553;-0.0060716925909789611;-0.010562081690966313;-0.88894145276350212;-0.36542865033079819;0.27510952598586519;-0.023420856327364955;-0.0032914713319883875;-0.00061114099969487325;-0.0071243814802677977;-0.0059530820162938484;-0.0057063764574112;0.15511459541727524;0.96598715685719794;0.20661441466228733;0.026454768233133853;-0.0019803165947016397;0.00071653759901937441;-0.98706853538499417;0.15805952351709968;0.0029331955706672977;0.0023325103925882179;-0.007898857805082626;-0.0057636474783487246;-0.029772224887804791;-0.20454411279204177;0.97835283428614639
1575,0,0;0;0;0;0;0,1;0;0;0;0;0;0;1;0;0;0;0;0;0;1;0;0;0;0;0;0;1;0;0;0;0;0;0;1;0;0;0;0;0;0;1
1576,0,0;0;0;0;0;0,1;0;0;0;0;0;0;1;0;0;0;0;0;0;1;0;0;0;0;0;0;1;0;0;0;0;0;0;1;0;0;0;0;0;0;1
1577,0,0;0;0;0;0;0,1;0;0;0;0;0;0;1;0;0;0;0;0;0;1;0;0;0;0;0;0;1;0;0;0;0;0;0;1;0;0;0;0;0;0;1
1578,0,0;0;0;0;0;0,1;0;0;0;0;0;0;1;0;0;0;0;0;0;1;0;0;0;0;0;0;1;0;0;0;0;0;0;1;0;0;0;0;0;0;1
1579,0,0;0;0;0;0;0,1;0;0;0;0;0;0;1;0;0;0;0;0;0;1;0;0;0;0;0;0;1;0;0;0;0;0;0;1;0;0;0;0;0;0;1
1580,0,0;0;0;0;0;0,1;0;0;0;0;0;0;1;0;0;0;0;0;0;1;0;0;0;0;0;0;1;0;0;0;0;0;0;1;0;0;0;0;0;0;1
1581,0,0;0;0;0;0;0,1;0;0;0;0;0;0;1;0;0;0;0;0;0;1;0;0;0;0;0;0;1;0;0;0;0;0;0;1;0;0;0;0;0;0;1
1582,0,0;0;0;0;0;0,1;0;0;0;0;0;0;1;0;0;0;0;0;0;1;0;0;0;0;0;0;1;0;0;0;0;0;0;1;0;0;0;0;0;0;1
1583,0,0;0;0;0;0;0,1;0;0;0;0;0;0;1;0;0;0;0;0;0;1;0;0;0;0;0;0;1;0;0;0;0;0;0;1;0;0;0;0;0;0;1
1584,0,0;0;0;0;0;0,1;0;0;0;0;0;0;1;0;0;0;0;0;0;1;0;0;0;0;0;0;1;0;0;0;0;0;0;1;0;0;0;0;0;0;1
1585,0,0;0;0;0;0;0,1;0;0;0;0;0;0;1;0;0;0;0;0;0;1;0;0;0;0;0;0;1;0;0;0;0;0;0;1;0;0;0;0;0;0;1
1586,0,0;0;0;0;0;0,1;0;0;0;0;0;0;1;0;0;0;0;0;0;1;0;0;0;0;0;0;1;0;0;0;0;0;0;1;0;0;0;0;0;0;1
1587,0,0;0;0;0;0;0,1;0;0;0;0;0;0;1;0;0;0;0;0;0;1;0;0;0;0;0;0;1;0;0;0;0;0;0;1;0;0;0;0;0;0;1
1588,0,0;0;0;0;0;0,1;0;0;0;0;0;0;1;0;0;0;0;0;0;1;0;0;0;0;0;0;1;0;0;0;0;0;0;1;0;0;0;0;0;0;1
1589,0,0;0;0;0;0;0,1;0;0;0;0;0;0;1;0;0;0;0;0;0;1;0;0;0;0;0;0;1;0;0;0;0;0;0;1;0;0;0;0;0;0;1
1590,0,0;0;0;0;0;0,1;0;0;0;0;0;0;1;0;0;0;0;0;0;1;0;0;0;0;0;0;1;0;0;0;0;0;0;1;0;0;0;0;0;0;1
1591,0,0;0;0;0;0;0,1;0;0;0;0;0;0;1;0;0;0;0;0;0;1;0;0;0;0;0;0;1;0;0;0;0;0;0;1;0;0;0;0;0;0;1
1592,0,0;0;0;0;0;0,1;0;0;0;0;0;0;1;0;0;0;0;0;0;1;0;0;0;0;0;0;1;0;0;0;0;0;0;1;0;0;0;0;0;0;1
1593,0,0;0;0;0;0;0,1;0;0;0;0;0;0;1;0;0;0;0;0;0;1;0;0;0;0;0;0;1;0;0;0;0;0;0;1;0;0;0;0;0;0;1
1594,0,0;0;0;0;0;0,1;0;0;0;0;0;0;1;0;0;0;0;0;0;1;0;0;0;0;0;0;1;0;0;0;0;0;0;1;0;0;0;0;0;0;1
1595,0,0;0;0;0;0;0,1;0;0;0;0;0;0;1;0;0;0;0;0;0;1;0;0;0;0;0;0;1;0;0;0;0;0;0;1;0;0;0;0;0;0;1
1596,0,0;0;0;0;0;0,1;0;0;0;0;0;0;1;0;0;0;0;0;0;1;0;0;0;0;0;0;1;0;0;0;0;0;0;1;0;0;0;0;0;0;1
1597,0,0;0;0;0;0;0,1;0;0;0;0;0;0;1;0;0;0;0;0;0;1;0;0;0;0;0;0;1;0;0;0;0;0;0;1;0;0;0;0;0;0;1
1598,0,0;0;0;0;0;0,1;0;0;0;0;0;0;1;0;0;0;0;0;0;1;0;0;0;0;0;0;1;0;0;0;0;0;0;1;0;0;0;0;0;0;1
1599,0,0;0;0;0;0;0,1;0;0;0;0;0;0;1;0;0;0;0;0;0;1;0;0;0;0;0;0;1;0;0;0;0;0;0;1;0;0;0;0;0;0;1
1600,0,0;0;0;0;0;0,1;0;0;0;0;0;0;1;0;0;0;0;0;0;1;0;0;0;0;0;0;1;0;0;0;0;0;0;1;0;0;0;0;0;0;1
1601,0,0;0;0;0;0;0,1;0;0;0;0;0;0;1;0;0;0;0;0;0;1;0;0;0;0;0;0;1;0;0;0;0;0;0;1;0;0;0;0;0;0;1
1602,0,0;0;0;0;0;0,1;0;0;0;0;0;0;1;0;0;0;0;0;0;1;0;0;0;0;0;0;1;0;0;0;0;0;0;1;0;0;0;0;0;0;1
1603,0,0;0;0;0;0;0,1;0;0;0;0;0;0;1;0;0;0;0;0;0;1;0;0;0;0;0;0;1;0;0;0;0;0;0;1;0;0;0;0;0;0;1
1604,0,0;0;0;0;0;0,1;0;0;0;0;0;0;1;0;0;0;0;0;0;1;0;0;0;0;0;0;1;0;0;0;0;0;0;1;0;0;0;0;0;0;1
1605,0,0;0;0;0;0;0,1;0;0;0;0;0;0;1;0;0;0;0;0;0;1;0;0;0;0;0;0;1;0;0;0;0;0;0;1;0;0;0;0;0;0;1
1606,0,0;0;0;0;0;0,1;0;0;0;0;0;0;1;0;0;0;0;0;0;1;0;0;0;0;0;0;1;0;0;0;0;0;0;1;0;0;0;0;0;0;1
1607,0,0;0;0;0;0;0,1;0;0;0;0;0;0;1;0;0;0;0;0;0;1;0;0;0;0;0;0;1;0;0;0;0;0;0;1;0;0;0;0;0;0;1
1608,0,0;0;0;0;0;0,1;0;0;0;0;0;0;1;0;0;0;0;0;0;1;0;0;0;0;0;0;1;0;0;0;0;0;0;1;0;0;0;0;0;0;1
1609,0,0;0;0;0;0;0,1;0;0;0;0;0;0;1;0;0;0;0;0;0;1;0;0;0;0;0;0;1;0;0;0;0;0;0;1;0;0;0;0;0;0;1
1610,0,0;0;0;0;0;0,1;0;0;0;0;0;0;1;0;0;0;0;0;0;1;0;0;0;0;0;0;1;0;0;0;0;0;0;1;0;0;0;0;0;0;1
1611,0,0;0;0;0;0;0,1;0;0;0;0;0;0;1;0;0;0;0;0;0;1;0;0;0;0;0;0;1;0;0;0;0;0;0;1;0;0;0;0;0;0;1
1612,0,0;0;0;0;0;0,1;0;0;0;0;0;0;1;0;0;0;0;0;0;1;0;0;0;0;0;0;1;0;0;0;0;0;0;1;0;0;0;0;0;0;1
1613,0,0;0;0;0;0;0,1;0;0;0;0;0;0;1;0;0;0;0;0;0;1;0;0;0;0;0;0;1;0;0;0;0;0;0;1;0;0;0;0;0;0;1
1614,0,0;0;0;0;0;0,1;0;0;0;0;0;0;1;0;0;0;0;0;0;1;0;0;0;0;0;0;1;0;0;0;0;0;0;1;0;0;0;0;0;0;1
1615,0,0;0;0;0;0;0,1;0;0;0;0;0;0;1;0;0;0;0;0;0;1;0;0;0;0;0;0;1;0;0;0;0;0;0;1;0;0;0;0;0;0;1
1616,0,0;0;0;0;0;0,1;0;0;0;0;0;0;1;0;0;0;0;0;0;1;0;0;0;0;0;0;1;0;0;0;0;0;0;1;0;0;0;0;0;0;1
1617,0,0;0;0;0;0;0,1;0;0;0;0;0;0;1;0;0;0;0;0;0;1;0;0;0;0;0;0;1;0;0;0;0;0;0;1;0;0;0;0;0;0;1
1618,0,0;0;0;0;0;0,1;0;0;0;0;0;0;1;0;0;0;0;0;0;1;0;0;0;0;0;0;1;0;0;0;0;0;0;1;0;0;0;0;0;0;1
1619,0,0;0;0;0;0;0,1;0;0;0;0;0;0;1;0;0;0;0;0;0;1;0;0;0;0;0;0;1;0;0;0;0;0;0;1;0;0;0;0;0;0;1
1620,0,0;0;0;0;0;0,1;0;0;0;0;0;0;1;0;0;0;0;0;0;1;0;0;0;0;0;0;1;0;0;0;0;0;0;1;0;0;0;0;0;0;1
1621,0,0;0;0;0;0;0,1;0;0;0;0;0;0;1;0;0;0;0;0;0;1;0;0;0;0;0;0;1;0;0;0;0;0;0;1;0;0;0;0;0;0;1
1622,0,0;0;0;0;0;0,1;0;0;0;0;0;0;1;0;0;0;0;0;0;1;0;0;0;0;0;0;1;0;0;0;0;0;0;1;0;0;0;0;0;0;1
1623,0,0;0;0;0;0;0,1;0;0;0;0;0;0;1;0;0;0;0;0;0;1;0;0;0;0;0;0;1;0;0;0;0;0;0;1;0;0;0;0;0;0;1
1624,0,0;0;0;0;0;0,1;0;0;0;0;0;0;1;0;0;0;0;0;0;1;0;0;0;0;0;0;1;0;0;0;0;0;0;1;0;0;0;0;0;0;1
1625,0,0;0;0;0;0;0,1;0;0;0;0;0;0;1;0;0;0;0;0;0;1;0;0;0;0;0;0;1;0;0;0;0;0;0;1;0;0;0;0;0;0;1
1626,0,0;0;0;0;0;0,1;0;0;0;0;0;0;1;0;0;0;0;0;0;1;0;0;0;0;0;0;1;0;0;0;0;0;0;1;0;0;0;0;0;0;1
1627,0,0;0;0;0;0;0,1;0;0;0;0;0;0;1;0;0;0;0;0;0;1;0;0;0;0;0;0;1;0;0;0;0;0;0;1;0;0;0;0;0;0;1
1628,0,0;0;0;0;0;0,1;0;0;0;0;0;0;1;0;0;0;0;0;0;1;0;0;0;0;0;0;1;0;0;0;0;0;0;1;0;0;0;0;0;0;1
1629,0,0;0;0;0;0;0,1;0;0;0;0;0;0;1;0;0;0;0;0;0;1;0;0;0;0;0;0;1;0;0;0;0;0;0;1;0;0;0;0;0;0;1
1630,0,0;0;0;0;0;0,1;0;0;0;0;0;0;1;0;0;0;0;0;0;1;0;0;0;0;0;0;1;0;0;0;0;0;0;1;0;0;0;0;0;0;1
1631,0,0;0;0;0;0;0,1;0;0;0;0;0;0;1;0;0;0;0;0;0;1;0;0;0;0;0;0;1;0;0;0;0;0;0;1;0;0;0;0;0;0;1
1632,0,0;0;0;0;0;0,1;0;0;0;0;0;0;1;0;0;0;0;0;0;1;0;0;0;0;0;0;1;0;0;0;0;0;0;1;0;0;0;0;0;0;1
1633,0,0;0;0;0;0;0,1;0;0;0;0;0;0;1;0;0;0;0;0;0;1;0;0;0;0;0;0;1;0;0;0;0;0;0;1;0;0;0;0;0;0;1
1634,0,0;0;0;0;0;0,1;0;0;0;0;0;0;1;0;0;0;0;0;0;1;0;0;0;0;0;0;1;0;0;0;0;0;0;1;0;0;0;0;0;0;1
1635,0,0;0;0;0;0;0,1;0;0;0;0;0;0;1;0;0;0;0;0;0;1;0;0;0;0;0;0;1;0;0;0;0;0;0;1;0;0;0;0;0;0;1
1636,0,0;0;0;0;0;0,1;0;0;0;0;0;0;1;0;0;0;0;0;0;1;0;0;0;0;0;0;1;0;0;0;0;0;0;1;0;0;0;0;0;0;1
1637,0,0;0;0;0;0;0,1;0;0;0;0;0;0;1;0;0;0;0;0;0;1;0;0;0;0;0;0;1;0;0;0;0;0;0;1;0;0;0;0;0;0;1
1638,0,0;0;0;0;0;0,1;0;0;0;0;0;0;1;0;0;0;0;0;0;1;0;0;0;0;0;0;1;0;0;0;0;0;0;1;0;0;0;0;0;0;1
1639,0,0;0;0;0;0;0,1;0;0;0;0;0;0;1;0;0;0;0;0;0;1;0;0;0;0;0;0;1;0;0;0;0;0;0;1;0;0;0;0;0;0;1
1640,0,0;0;0;0;0;0,1;0;0;0;0;0;0;1;0;0;0;0;0;0;1;0;0;0;0;0;0;1;0;0;0;0;0;0;1;0;0;0;0;0;0;1
1641,0,0;0;0;0;0;0,1;0;0;0;0;0;0;1;0;0;0;0;0;0;1;0;0;0;0;0;0;1;0;0;0;0;0;0;1;0;0;0;0;0;0;1
1642,0,0;0;0;0;0;0,1;0;0;0;0;0;0;1;0;0;0;0;0;0;1;0;0;0;0;0;0;1;0;0;0;0;0;0;1;0;0;0;0;0;0;1
1643,0,0;0;0;0;0;0,1;0;0;0;0;0;0;1;0;0;0;0;0;0;1;0;0;0;0;0;0;1;0;0;0;0;0;0;1;0;0;0;0;0;0;1
1644,0,0;0;0;0;0;0,1;0;0;0;0;0;0;1;0;0;0;0;0;0;1;0;0;0;0;0;0;1;0;0;0;0;0;0;1;0;0;0;0;0;0;1
1645,0,0;0;0;0;0;0,1;0;0;0;0;0;0;1;0;0;0;0;0;0;1;0;0;0;0;0;0;1;0;0;0;0;0;0;1;0;0;0;0;0;0;1
1646,0,0;0;0;0;0;0,1;0;0;0;0;0;0;1;0;0;0;0;0;0;1;0;0;0;0;0;0;1;0;0;0;0;0;0;1;0;0;0;0;0;0;1
1647,0,0;0;0;0;0;0,1;0;0;0;0;0;0;1;0;0;0;0;0;0;1;0;0;0;0;0;0;1;0;0;0;0;0;0;1;0;0;0;0;0;0;1
1648,0,0;0;0;0;0;0,1;0;0;0;0;0;0;1;0;0;0;0;0;0;1;0;0;0;0;0;0;1;0;0;0;0;0;0;1;0;0;0;0;0;0;1
1649,0,0;0;0;0;0;0,1;0;0;0;0;0;0;1;0;0;0;0;0;0;1;0;0;0;0;0;0;1;0;0;0;0;0;0;1;0;0;0;0;0;0;1
1650,0,0;0;0;0;0;0,1;0;0;0;0;0;0;1;0;0;0;0;0;0;1;0;0;0;0;0;0;1;0;0;0;0;0;0;1;0;0;0;0;0;0;1
1651,0,0;0;0;0;0;0,1;0;0;0;0;0;0;1;0;0;0;0;0;0;1;0;0;0;0;0;0;1;0;0;0;0;0;0;1;0;0;0;0;0;0;1
1652,0,0;0;0;0;0;0,1;0;0;0;0;0;0;1;0;0;0;0;0;0;1;0;0;0;0;0;0;1;0;0;0;0;0;0;1;0;0;0;0;0;0;1
1653,0,0;0;0;0;0;0,1;0;0;0;0;0;0;1;0;0;0;0;0;0;1;0;0;0;0;0;0;1;0;0;0;0;0;0;1;0;0;0;0;0;0;1
1654,0,0;0;0;0;0;0,1;0;0;0;0;0;0;1;0;0;0;0;0;0;1;0;0;0;0;0;0;1;0;0;0;0;0;0;1;0;0;0;0;0;0;1
1655,0,0;0;0;0;0;0,1;0;0;0;0;0;0;1;0;0;0;0;0;0;1;0;0;0;0;0;0;1;0;0;0;0;0;0;1;0;0;0;0;0;0;1
1656,0,0;0;0;0;0;0,1;0;0;0;0;0;0;1;0;0;0;0;0;0;1;0;0;0;0;0;0;1;0;0;0;0;0;0;1;0;0;0;0;0;0;1
1657,0,0;0;0;0;0;0,1;0;0;0;0;0;0;1;0;0;0;0;0;0;1;0;0;0;0;0;0;1;0;0;0;0;0;0;1;0;0;0;0;0;0;1
1658,0,0;0;0;0;0;0,1;0;0;0;0;0;0;1;0;0;0;0;0;0;1;0;0;0;0;0;0;1;0;0;0;0;0;0;1;0;0;0;0;0;0;1
1659,0,0;0;0;0;0;0,1;0;0;0;0;0;0;1;0;0;0;0;0;0;1;0;0;0;0;0;0;1;0;0;0;0;0;0;1;0;0;0;0;0;0;1
1660,0,0;0;0;0;0;0,1;0;0;0;0;0;0;1;0;0;0;0;0;0;1;0;0;0;0;0;0;1;0;0;0;0;0;0;1;0;0;0;0;0;0;1
1661,0,0;0;0;0;0;0,1;0;0;0;0;0;0;1;0;0;0;0;0;0;1;0;0;0;0;0;0;1;0;0;0;0;0;0;1;0;0;0;0;0;0;1
1662,0,0;0;0;0;0;0,1;0;0;0;0;0;0;1;0;0;0;0;0;0;1;0;0;0;0;0;0;1;0;0;0;0;0;0;1;0;0;0;0;0;0;1
1663,0,0;0;0;0;0;0,1;0;0;0;0;0;0;1;0;0;0;0;0;0;1;0;0;0;0;0;0;1;0;0;0;0;0;0;1;0;0;0;0;0;0;1
1664,0,0;0;0;0;0;0,1;0;0;0;0;0;0;1;0;0;0;0;0;0;1;0;0;0;0;0;0;1;0;0;0;0;0;0;1;0;0;0;0;0;0;1
1665,0,0;0;0;0;0;0,1;0;0;0;0;0;0;1;0;0;0;0;0;0;1;0;0;0;0;0;0;1;0;0;0;0;0;0;1;0;0;0;0;0;0;1
1666,0,0;0;0;0;0;0,1;0;0;0;0;0;0;1;0;0;0;0;0;0;1;0;0;0;0;0;0;1;0;0;0;0;0;0;1;0;0;0;0;0;0;1
1667,0,0;0;0;0;0;0,1;0;0;0;0;0;0;1;0;0;0;0;0;0;1;0;0;0;0;0;0;1;0;0;0;0;0;0;1;0;0;0;0;0;0;1
1668,0,0;0;0;0;0;0,1;0;0;0;0;0;0;1;0;0;0;0;0;0;1;0;0;0;0;0;0;1;0;0;0;0;0;0;1;0;0;0;0;0;0;1
1669,0,0;0;0;0;0;0,1;0;0;0;0;0;0;1;0;0;0;0;0;0;1;0;0;0;0;0;0;1;0;0;0;0;0;0;1;0;0;0;0;0;0;1
1670,0,0;0;0;0;0;0,1;0;0;0;0;0;0;1;0;0;0;0;0;0;1;0;0;0;0;0;0;1;0;0;0;0;0;0;1;0;0;0;0;0;0;1
1671,0,0;0;0;0;0;0,1;0;0;0;0;0;0;1;0;0;0;0;0;0;1;0;0;0;0;0;0;1;0;0;0;0;0;0;1;0;0;0;0;0;0;1
1672,0,0;0;0;0;0;0,1;0;0;0;0;0;0;1;0;0;0;0;0;0;1;0;0;0;0;0;0;1;0;0;0;0;0;0;1;0;0;0;0;0;0;1
1673,0,0;0;0;0;0;0,1;0;0;0;0;0;0;1;0;0;0;0;0;0;1;0;0;0;0;0;0;1;0;0;0;0;0;0;1;0;0;0;0;0;0;1
1674,0,0;0;0;0;0;0,1;0;0;0;0;0;0;1;0;0;0;0;0;0;1;0;0;0;0;0;0;1;0;0;0;0;0;0;1;0;0;0;0;0;0;1
1675,0,0;0;0;0;0;0,1;0;0;0;0;0;0;1;0;0;0;0;0;0;1;0;0;0;0;0;0;1;0;0;0;0;0;0;1;0;0;0;0;0;0;1
1676,0,0;0;0;0;0;0,1;0;0;0;0;0;0;1;0;0;0;0;0;0;1;0;0;0;0;0;0;1;0;0;0;0;0;0;1;0;0;0;0;0;0;1
1677,0,0;0;0;0;0;0,1;0;0;0;0;0;0;1;0;0;0;0;0;0;1;0;0;0;0;0;0;1;0;0;0;0;0;0;1;0;0;0;0;0;0;1
1678,0,0;0;0;0;0;0,1;0;0;0;0;0;0;1;0;0;0;0;0;0;1;0;0;0;0;0;0;1;0;0;0;0;0;0;1;0;0;0;0;0;0;1
1679,0,0;0;0;0;0;0,1;0;0;0;0;0;0;1;0;0;0;0;0;0;1;0;0;0;0;0;0;1;0;0;0;0;0;0;1;0;0;0;0;0;0;1
1680,0,0;0;0;0;0;0,1;0;0;0;0;0;0;1;0;0;0;0;0;0;1;0;0;0;0;0;0;1;0;0;0;0;0;0;1;0;0;0;0;0;0;1
1681,0,0;0;0;0;0;0,1;0;0;0;0;0;0;1;0;0;0;0;0;0;1;0;0;0;0;0;0;1;0;0;0;0;0;0;1;0;0;0;0;0;0;1
1682,0,0;0;0;0;0;0,1;0;0;0;0;0;0;1;0;0;0;0;0;0;1;0;0;0;0;0;0;1;0;0;0;0;0;0;1;0;0;0;0;0;0;1
1683,0,0;0;0;0;0;0,1;0;0;0;0;0;0;1;0;0;0;0;0;0;1;0;0;0;0;0;0;1;0;0;0;0;0;0;1;0;0;0;0;0;0;1
1684,0,0;0;0;0;0;0,1;0;0;0;0;0;0;1;0;0;0;0;0;0;1;0;0;0;0;0;0;1;0;0;0;0;0;0;1;0;0;0;0;0;0;1
1685,0,0;0;0;0;0;0,1;0;0;0;0;0;0;1;0;0;0;0;0;0;1;0;0;0;0;0;0;1;0;0;0;0;0;0;1;0;0;0;0;0;0;1
1686,0,0;0;0;0;0;0,1;0;0;0;0;0;0;1;0;0;0;0;0;0;1;0;0;0;0;0;0;1;0;0;0;0;0;0;1;0;0;0;0;0;0;1
1687,0,0;0;0;0;0;0,1;0;0;0;0;0;0;1;0;0;0;0;0;0;1;0;0;0;0;0;0;1;0;0;0;0;0;0;1;0;0;0;0;0;0;1
1688,0,0;0;0;0;0;0,1;0;0;0;0;0;0;1;0;0;0;0;0;0;1;0;0;0;0;0;0;1;0;0;0;0;0;0;1;0;0;0;0;0;0;1
1689,0,0;0;0;0;0;0,1;0;0;0;0;0;0;1;0;0;0;0;0;0;1;0;0;0;0;0;0;1;0;0;0;0;0;0;1;0;0;0;0;0;0;1
1690,0,0;0;0;0;0;0,1;0;0;0;0;0;0;1;0;0;0;0;0;0;1;0;0;0;0;0;0;1;0;0;0;0;0;0;1;0;0;0;0;0;0;1
1691,0,0;0;0;0;0;0,1;0;0;0;0;0;0;1;0;0;0;0;0;0;1;0;0;0;0;0;0;1;0;0;0;0;0;0;1;0;0;0;0;0;0;1
1692,0,0;0;0;0;0;0,1;0;0;0;0;0;0;1;0;0;0;0;0;0;1;0;0;0;0;0;0;1;0;0;0;0;0;0;1;0;0;0;0;0;0;1
1693,0,0;0;0;0;0;0,1;0;0;0;0;0;0;1;0;0;0;0;0;0;1;0;0;0;0;0;0;1;0;0;0;0;0;0;1;0;0;0;0;0;0;1
1694,0,0;0;0;0;0;0,1;0;0;0;0;0;0;1;0;0;0;0;0;0;1;0;0;0;0;0;0;1;0;0;0;0;0;0;1;0;0;0;0;0;0;1
1695,0,0;0;0;0;0;0,1;0;0;0;0;0;0;1;0;0;0;0;0;0;1;0;0;0;0;0;0;1;0;0;0;0;0;0;1;0;0;0;0;0;0;1
1696,0,0;0;0;0;0;0,1;0;0;0;0;0;0;1;0;0;0;0;0;0;1;0;0;0;0;0;0;1;0;0;0;0;0;0;1;0;0;0;0;0;0;1
1697,0,0;0;0;0;0;0,1;0;0;0;0;0;0;1;0;0;0;0;0;0;1;0;0;0;0;0;0;1;0;0;0;0;0;0;1;0;0;0;0;0;0;1
1698,0,0;0;0;0;0;0,1;0;0;0;0;0;0;1;0;0;0;0;0;0;1;0;0;0;0;0;0;1;0;0;0;0;0;0;1;0;0;0;0;0;0;1
1699,0,0;0;0;0;0;0,1;0;0;0;0;0;0;1;0;0;0;0;0;0;1;0;0;0;0;0;0;1;0;0;0;0;0;0;1;0;0;0;0;0;0;1
1700,0,0;0;0;0;0;0,1;0;0;0;0;0;0;1;0;0;0;0;0;0;1;0;0;0;0;0;0;1;0;0;0;0;0;0;1;0;0;0;0;0;0;1
1701,0,0;0;0;0;0;0,1;0;0;0;0;0;0;1;0;0;0;0;0;0;1;0;0;0;0;0;0;1;0;0;0;0;0;0;1;0;0;0;0;0;0;1
1702,0,0;0;0;0;0;0,1;0;0;0;0;0;0;1;0;0;0;0;0;0;1;0;0;0;0;0;0;1;0;0;0;0;0;0;1;0;0;0;0;0;0;1
1703,0,0;0;0;0;0;0,1;0;0;0;0;0;0;1;0;0;0;0;0;0;1;0;0;0;0;0;0;1;0;0;0;0;0;0;1;0;0;0;0;0;0;1
1704,0,0;0;0;0;0;0,1;0;0;0;0;0;0;1;0;0;0;0;0;0;1;0;0;0;0;0;0;1;0;0;0;0;0;0;1;0;0;0;0;0;0;1
1705,0,0;0;0;0;0;0,1;0;0;0;0;0;0;1;0;0;0;0;0;0;1;0;0;0;0;0;0;1;0;0;0;0;0;0;1;0;0;0;0;0;0;1
1706,0,0;0;0;0;0;0,1;0;0;0;0;0;0;1;0;0;0;0;0;0;1;0;0;0;0;0;0;1;0;0;0;0;0;0;1;0;0;0;0;0;0;1
1707,0,0;0;0;0;0;0,1;0;0;0;0;0;0;1;0;0;0;0;0;0;1;0;0;0;0;0;0;1;0;0;0;0;0;0;1;0;0;0;0;0;0;1
1708,0,0;0;0;0;0;0,1;0;0;0;0;0;0;1;0;0;0;0;0;0;1;0;0;0;0;0;0;1;0;0;0;0;0;0;1;0;0;0;0;0;0;1
1709,0,0;0;0;0;0;0,1;0;0;0;0;0;0;1;0;0;0;0;0;0;1;0;0;0;0;0;0;1;0;0;0;0;0;0;1;0;0;0;0;0;0;1
1710,0,0;0;0;0;0;0,1;0;0;0;0;0;0;1;0;0;0;0;0;0;1;0;0;0;0;0;0;1;0;0;0;0;0;0;1;0;0;0;0;0;0;1
1711,0,0;0;0;0;0;0,1;0;0;0;0;0;0;1;0;0;0;0;0;0;1;0;0;0;0;0;0;1;0;0;0;0;0;0;1;0;0;0;0;0;0;1
1712,0,0;0;0;0;0;0,1;0;0;0;0;0;0;1;0;0;0;0;0;0;1;0;0;0;0;0;0;1;0;0;0;0;0;0;1;0;0;0;0;0;0;1
1713,0,0;0;0;0;0;0,1;0;0;0;0;0;0;1;0;0;0;0;0;0;1;0;0;0;0;0;0;1;0;0;0;0;0;0;1;0;0;0;0;0;0;1
1714,0,0;0;0;0;0;0,1;0;0;0;0;0;0;1;0;0;0;0;0;0;1;0;0;0;0;0;0;1;0;0;0;0;0;0;1;0;0;0;0;0;0;1
1715,0,0;0;0;0;0;0,1;0;0;0;0;0;0;1;0;0;0;0;0;0;1;0;0;0;0;0;0;1;0;0;0;0;0;0;1;0;0;0;0;0;0;1
1716,0,0;0;0;0;0;0,1;0;0;0;0;0;0;1;0;0;0;0;0;0;1;0;0;0;0;0;0;1;0;0;0;0;0;0;1;0;0;0;0;0;0;1
1717,0,0;0;0;0;0;0,1;0;0;0;0;0;0;1;0;0;0;0;0;0;1;0;0;0;0;0;0;1;0;0;0;0;0;0;1;0;0;0;0;0;0;1
1718,0,0;0;0;0;0;0,1;0;0;0;0;0;0;1;0;0;0;0;0;0;1;0;0;0;0;0;0;1;0;0;0;0;0;0;1;0;0;0;0;0;0;1
1719,0,0;0;0;0;0;0,1;0;0;0;0;0;0;1;0;0;0;0;0;0;1;0;0;0;0;0;0;1;0;0;0;0;0;0;1;0;0;0;0;0;0;1
1720,0,0;0;0;0;0;0,1;0;0;0;0;0;0;1;0;0;0;0;0;0;1;0;0;0;0;0;0;1;0;0;0;0;0;0;1;0;0;0;0;0;0;1
1721,0,0;0;0;0;0;0,1;0;0;0;0;0;0;1;0;0;0;0;0;0;1;0;0;0;0;0;0;1;0;0;0;0;0;0;1;0;0;0;0;0;0;1
1722,0,0;0;0;0;0;0,1;0;0;0;0;0;0;1;0;0;0;0;0;0;1;0;0;0;0;0;0;1;0;0;0;0;0;0;1;0;0;0;0;0;0;1
1723,0,0;0;0;0;0;0,1;0;0;0;0;0;0;1;0;0;0;0;0;0;1;0;0;0;0;0;0;1;0;0;0;0;0;0;1;0;0;0;0;0;0;1
1724,0,0;0;0;0;0;0,1;0;0;0;0;0;0;1;0;0;0;0;0;0;1;0;0;0;0;0;0;1;0;0;0;0;0;0;1;0;0;0;0;0;0;1
1725,0,0;0;0;0;0;0,1;0;0;0;0;0;0;1;0;0;0;0;0;0;1;0;0;0;0;0;0;1;0;0;0;0;0;0;1;0;0;0;0;0;0;1
1726,0,0;0;0;0;0;0,1;0;0;0;0;0;0;1;0;0;0;0;0;0;1;0;0;0;0;0;0;1;0;0;0;0;0;0;1;0;0;0;0;0;0;1
1727,0,0;0;0;0;0;0,1;0;0;0;0;0;0;1;0;0;0;0;0;0;1;0;0;0;0;0;0;1;0;0;0;0;0;0;1;0;0;0;0;0;0;1
1728,0,0;0;0;0;0;0,1;0;0;0;0;0;0;1;0;0;0;0;0;0;1;0;0;0;0;0;0;1;0;0;0;0;0;0;1;0;0;0;0;0;0;1
1729,0,0;0;0;0;0;0,1;0;0;0;0;0;0;1;0;0;0;0;0;0;1;0;0;0;0;0;0;1;0;0;0;0;0;0;1;0;0;0;0;0;0;1
1730,0,0;0;0;0;0;0,1;0;0;0;0;0;0;1;0;0;0;0;0;0;1;0;0;0;0;0;0;1;0;0;0;0;0;0;1;0;0;0;0;0;0;1
1731,0,0;0;0;0;0;0,1;0;0;0;0;0;0;1;0;0;0;0;0;0;1;0;0;0;0;0;0;1;0;0;0;0;0;0;1;0;0;0;0;0;0;1
1732,0,0;0;0;0;0;0,1;0;0;0;0;0;0;1;0;0;0;0;0;0;1;0;0;0;0;0;0;1;0;0;0;0;0;0;1;0;0;0;0;0;0;1
1733,0,0;0;0;0;0;0,1;0;0;0;0;0;0;1;0;0;0;0;0;0;1;0;0;0;0;0;0;1;0;0;0;0;0;0;1;0;0;0;0;0;0;1
1734,0,0;0;0;0;0;0,1;0;0;0;0;0;0;1;0;0;0;0;0;0;1;0;0;0;0;0;0;1;0;0;0;0;0;0;1;0;0;0;0;0;0;1
1735,0,0;0;0;0;0;0,1;0;0;0;0;0;0;1;0;0;0;0;0;0;1;0;0;0;0;0;0;1;0;0;0;0;0;0;1;0;0;0;0;0;0;1
1736,0,0;0;0;0;0;0,1;0;0;0;0;0;0;1;0;0;0;0;0;0;1;0;0;0;0;0;0;1;0;0;0;0;0;0;1;0;0;0;0;0;0;1
1737,0,0;0;0;0;0;0,1;0;0;0;0;0;0;1;0;0;0;0;0;0;1;0;0;0;0;0;0;1;0;0;0;0;0;0;1;0;0;0;0;0;0;1
1738,0,0;0;0;0;0;0,1;0;0;0;0;0;0;1;0;0;0;0;0;0;1;0;0;0;0;0;0;1;0;0;0;0;0;0;1;0;0;0;0;0;0;1
1739,0,0;0;0;0;0;0,1;0;0;0;0;0;0;1;0;0;0;0;0;0;1;0;0;0;0;0;0;1;0;0;0;0;0;0;1;0;0;0;0;0;0;1
1740,0,0;0;0;0;0;0,1;0;0;0;0;0;0;1;0;0;0;0;0;0;1;0;0;0;0;0;0;1;0;0;0;0;0;0;1;0;0;0;0;0;0;1
1741,0,0;0;0;0;0;0,1;0;0;0;0;0;0;1;0;0;0;0;0;0;1;0;0;0;0;0;0;1;0;0;0;0;0;0;1;0;0;0;0;0;0;1
1742,0,0;0;0;0;0;0,1;0;0;0;0;0;0;1;0;0;0;0;0;0;1;0;0;0;0;0;0;1;0;0;0;0;0;0;1;0;0;0;0;0;0;1
1743,0,0;0;0;0;0;0,1;0;0;0;0;0;0;1;0;0;0;0;0;0;1;0;0;0;0;0;0;1;0;0;0;0;0;0;1;0;0;0;0;0;0;1
1744,0,0;0;0;0;0;0,1;0;0;0;0;0;0;1;0;0;0;0;0;0;1;0;0;0;0;0;0;1;0;0;0;0;0;0;1;0;0;0;0;0;0;1
1745,0,0;0;0;0;0;0,1;0;0;0;0;0;0;1;0;0;0;0;0;0;1;0;0;0;0;0;0;1;0;0;0;0;0;0;1;0;0;0;0;0;0;1
1746,0,0;0;0;0;0;0,1;0;0;0;0;0;0;1;0;0;0;0;0;0;1;0;0;0;0;0;0;1;0;0;0;0;0;0;1;0;0;0;0;0;0;1
1747,0,0;0;0;0;0;0,1;0;0;0;0;0;0;1;0;0;0;0;0;0;1;0;0;0;0;0;0;1;0;0;0;0;0;0;1;0;0;0;0;0;0;1
1748,0,0;0;0;0;0;0,1;0;0;0;0;0;0;1;0;0;0;0;0;0;1;0;0;0;0;0;0;1;0;0;0;0;0;0;1;0;0;0;0;0;0;1
1749,0,0;0;0;0;0;0,1;0;0;0;0;0;0;1;0;0;0;0;0;0;1;0;0;0;0;0;0;1;0;0;0;0;0;0;1;0;0;0;0;0;0;1
1750,0,0;0;0;0;0;0,1;0;0;0;0;0;0;1;0;0;0;0;0;0;1;0;0;0;0;0;0;1;0;0;0;0;0;0;1;0;0;0;0;0;0;1
1751,0,0;0;0;0;0;0,1;0;0;0;0;0;0;1;0;0;0;0;0;0;1;0;0;0;0;0;0;1;0;0;0;0;0;0;1;0;0;0;0;0;0;1
1752,0,0;0;0;0;0;0,1;0;0;0;0;0;0;1;0;0;0;0;0;0;1;0;0;0;0;0;0;1;0;0;0;0;0;0;1;0;0;0;0;0;0;1
1753,0,0;0;0;0;0;0,1;0;0;0;0;0;0;1;0;0;0;0;0;0;1;0;0;0;0;0;0;1;0;0;0;0;0;0;1;0;0;0;0;0;0;1
1754,0,0;0;0;0;0;0,1;0;0;0;0;0;0;1;0;0;0;0;0;0;1;0;0;0;0;0;0;1;0;0;0;0;0;0;1;0;0;0;0;0;0;1
1755,0,0;0;0;0;0;0,1;0;0;0;0;0;0;1;0;0;0;0;0;0;1;0;0;0;0;0;0;1;0;0;0;0;0;0;1;0;0;0;0;0;0;1
1756,0,0;0;0;0;0;0,1;0;0;0;0;0;0;1;0;0;0;0;0;0;1;0;0;0;0;0;0;1;0;0;0;0;0;0;1;0;0;0;0;0;0;1
1757,0,0;0;0;0;0;0,1;0;0;0;0;0;0;1;0;0;0;0;0;0;1;0;0;0;0;0;0;1;0;0;0;0;0;0;1;0;0;0;0;0;0;1
1758,0,0;0;0;0;0;0,1;0;0;0;0;0;0;1;0;0;0;0;0;0;1;0;0;0;0;0;0;1;0;0;0;0;0;0;1;0;0;0;0;0;0;1
1759,0,0;0;0;0;0;0,1;0;0;0;0;0;0;1;0;0;0;0;0;0;1;0;0;0;0;0;0;1;0;0;0;0;0;0;1;0;0;0;0;0;0;1
1760,0,0;0;0;0;0;0,1;0;0;0;0;0;0;1;0;0;0;0;0;0;1;0;0;0;0;0;0;1;0;0;0;0;0;0;1;0;0;0;0;0;0;1
1761,0,0;0;0;0;0;0,1;0;0;0;0;0;0;1;0;0;0;0;0;0;1;0;0;0;0;0;0;1;0;0;0;0;0;0;1;0;0;0;0;0;0;1
1762,0,0;0;0;0;0;0,1;0;0;0;0;0;0;1;0;0;0;0;0;0;1;0;0;0;0;0;0;1;0;0;0;0;0;0;1;0;0;0;0;0;0;1
1763,0,0;0;0;0;0;0,1;0;0;0;0;0;0;1;0;0;0;0;0;0;1;0;0;0;0;0;0;1;0;0;0;0;0;0;1;0;0;0;0;0;0;1
1764,0,0;0;0;0;0;0,1;0;0;0;0;0;0;1;0;0;0;0;0;0;1;0;0;0;0;0;0;1;0;0;0;0;0;0;1;0;0;0;0;0;0;1
1765,0,0;0;0;0;0;0,1;0;0;0;0;0;0;1;0;0;0;0;0;0;1;0;0;0;0;0;0;1;0;0;0;0;0;0;1;0;0;0;0;0;0;1
1766,0,0;0;0;0;0;0,1;0;0;0;0;0;0;1;0;0;0;0;0;0;1;0;0;0;0;0;0;1;0;0;0;0;0;0;1;0;0;0;0;0;0;1
1767,0,0;0;0;0;0;0,1;0;0;0;0;0;0;1;0;0;0;0;0;0;1;0;0;0;0;0;0;1;0;0;0;0;0;0;1;0;0;0;0;0;0;1
1768,0,0;0;0;0;0;0,1;0;0;0;0;0;0;1;0;0;0;0;0;0;1;0;0;0;0;0;0;1;0;0;0;0;0;0;1;0;0;0;0;0;0;1
1769,0,0;0;0;0;0;0,1;0;0;0;0;0;0;1;0;0;0;0;0;0;1;0;0;0;0;0;0;1;0;0;0;0;0;0;1;0;0;0;0;0;0;1
1770,0,0;0;0;0;0;0,1;0;0;0;0;0;0;1;0;0;0;0;0;0;1;0;0;0;0;0;0;1;0;0;0;0;0;0;1;0;0;0;0;0;0;1
1771,0,0;0;0;0;0;0,1;0;0;0;0;0;0;1;0;0;0;0;0;0;1;0;0;0;0;0;0;1;0;0;0;0;0;0;1;0;0;0;0;0;0;1
1772,0,0;0;0;0;0;0,1;0;0;0;0;0;0;1;0;0;0;0;0;0;1;0;0;0;0;0;0;1;0;0;0;0;0;0;1;0;0;0;0;0;0;1
1773,0,0;0;0;0;0;0,1;0;0;0;0;0;0;1;0;0;0;0;0;0;1;0;0;0;0;0;0;1;0;0;0;0;0;0;1;0;0;0;0;0;0;1
1774,0,0;0;0;0;0;0,1;0;0;0;0;0;0;1;0;0;0;0;0;0;1;0;0;0;0;0;0;1;0;0;0;0;0;0;1;0;0;0;0;0;0;1
1775,0,0;0;0;0;0;0,1;0;0;0;0;0;0;1;0;0;0;0;0;0;1;0;0;0;0;0;0;1;0;0;0;0;0;0;1;0;0;0;0;0;0;1
1776,0,0;0;0;0;0;0,1;0;0;0;0;0;0;1;0;0;0;0;0;0;1;0;0;0;0;0;0;1;0;0;0;0;0;0;1;0;0;0;0;0;0;1
1777,0,0;0;0;0;0;0,1;0;0;0;0;0;0;1;0;0;0;0;0;0;1;0;0;0;0;0;0;1;0;0;0;0;0;0;1;0;0;0;0;0;0;1
1778,0,0;0;0;0;0;0,1;0;0;0;0;0;0;1;0;0;0;0;0;0;1;0;0;0;0;0;0;1;0;0;0;0;0;0;1;0;0;0;0;0;0;1
1779,0,0;0;0;0;0;0,1;0;0;0;0;0;0;1;0;0;0;0;0;0;1;0;0;0;0;0;0;1;0;0;0;0;0;0;1;0;0;0;0;0;0;1
1780,0,0;0;0;0;0;0,1;0;0;0;0;0;0;1;0;0;0;0;0;0;1;0;0;0;0;0;0;1;0;0;0;0;0;0;1;0;0;0;0;0;0;1
1781,0,0;0;0;0;0;0,1;0;0;0;0;0;0;1;0;0;0;0;0;0;1;0;0;0;0;0;0;1;0;0;0;0;0;0;1;0;0;0;0;0;0;1
1782,0,0;0;0;0;0;0,1;0;0;0;0;0;0;1;0;0;0;0;0;0;1;0;0;0;0;0;0;1;0;0;0;0;0;0;1;0;0;0;0;0;0;1
1783,0,0;0;0;0;0;0,1;0;0;0;0;0;0;1;0;0;0;0;0;0;1;0;0;0;0;0;0;1;0;0;0;0;0;0;1;0;0;0;0;0;0;1
1784,0,0;0;0;0;0;0,1;0;0;0;0;0;0;1;0;0;0;0;0;0;1;0;0;0;0;0;0;1;0;0;0;0;0;0;1;0;0;0;0;0;0;1
1785,0,0;0;0;0;0;0,1;0;0;0;0;0;0;1;0;0;0;0;0;0;1;0;0;0;0;0;0;1;0;0;0;0;0;0;1;0;0;0;0;0;0;1
1786,0,0;0;0;0;0;0,1;0;0;0;0;0;0;1;0;0;0;0;0;0;1;0;0;0;0;0;0;1;0;0;0;0;0;0;1;0;0;0;0;0;0;1
1787,0,0;0;0;0;0;0,1;0;0;0;0;0;0;1;0;0;0;0;0;0;1;0;0;0;0;0;0;1;0;0;0;0;0;0;1;0;0;0;0;0;0;1
1788,0,0;0;0;0;0;0,1;0;0;0;0;0;0;1;0;0;0;0;0;0;1;0;0;0;0;0;0;1;0;0;0;0;0;0;1;0;0;0;0;0;0;1
1789,0,0;0;0;0;0;0,1;0;0;0;0;0;0;1;0;0;0;0;0;0;1;0;0;0;0;0;0;1;0;0;0;0;0;0;1;0;0;0;0;0;0;1
1790,0,0;0;0;0;0;0,1;0;0;0;0;0;0;1;0;0;0;0;0;0;1;0;0;0;0;0;0;1;0;0;0;0;0;0;1;0;0;0;0;0;0;1
1791,0,0;0;0;0;0;0,1;0;0;0;0;0;0;1;0;0;0;0;0;0;1;0;0;0;0;0;0;1;0;0;0;0;0;0;1;0;0;0;0;0;0;1
1792,0,0;0;0;0;0;0,1;0;0;0;0;0;0;1;0;0;0;0;0;0;1;0;0;0;0;0;0;1;0;0;0;0;0;0;1;0;0;0;0;0;0;1
1793,0,0;0;0;0;0;0,1;0;0;0;0;0;0;1;0;0;0;0;0;0;1;0;0;0;0;0;0;1;0;0;0;0;0;0;1;0;0;0;0;0;0;1
1794,0,0;0;0;0;0;0,1;0;0;0;0;0;0;1;0;0;0;0;0;0;1;0;0;0;0;0;0;1;0;0;0;0;0;0;1;0;0;0;0;0;0;1
1795,0,0;0;0;0;0;0,1;0;0;0;0;0;0;1;0;0;0;0;0;0;1;0;0;0;0;0;0;1;0;0;0;0;0;0;1;0;0;0;0;0;0;1
1796,0,0;0;0;0;0;0,1;0;0;0;0;0;0;1;0;0;0;0;0;0;1;0;0;0;0;0;0;1;0;0;0;0;0;0;1;0;0;0;0;0;0;1
1797,0,0;0;0;0;0;0,1;0;0;0;0;0;0;1;0;0;0;0;0;0;1;0;0;0;0;0;0;1;0;0;0;0;0;0;1;0;0;0;0;0;0;1
1798,0,0;0;0;0;0;0,1;0;0;0;0;0;0;1;0;0;0;0;0;0;1;0;0;0;0;0;0;1;0;0;0;0;0;0;1;0;0;0;0;0;0;1
1799,0,0;0;0;0;0;0,1;0;0;0;0;0;0;1;0;0;0;0;0;0;1;0;0;0;0;0;0;1;0;0;0;0;0;0;1;0;0;0;0;0;0;1
1800,0,0;0;0;0;0;0,1;0;0;0;0;0;0;1;0;0;0;0;0;0;1;0;0;0;0;0;0;1;0;0;0;0;0;0;1;0;0;0;0;0;0;1
1801,0,0;0;0;0;0;0,1;0;0;0;0;0;0;1;0;0;0;0;0;0;1;0;0;0;0;0;0;1;0;0;0;0;0;0;1;0;0;0;0;0;0;1
1802,0,0;0;0;0;0;0,1;0;0;0;0;0;0;1;0;0;0;0;0;0;1;0;0;0;0;0;0;1;0;0;0;0;0;0;1;0;0;0;0;0;0;1
1803,0,0;0;0;0;0;0,1;0;0;0;0;0;0;1;0;0;0;0;0;0;1;0;0;0;0;0;0;1;0;0;0;0;0;0;1;0;0;0;0;0;0;1
1804,0,0;0;0;0;0;0,1;0;0;0;0;0;0;1;0;0;0;0;0;0;1;0;0;0;0;0;0;1;0;0;0;0;0;0;1;0;0;0;0;0;0;1
1805,0,0;0;0;0;0;0,1;0;0;0;0;0;0;1;0;0;0;0;0;0;1;0;0;0;0;0;0;1;0;0;0;0;0;0;1;0;0;0;0;0;0;1
1806,0,0;0;0;0;0;0,1;0;0;0;0;0;0;1;0;0;0;0;0;0;1;0;0;0;0;0;0;1;0;0;0;0;0;0;1;0;0;0;0;0;0;1
1807,0,0;0;0;0;0;0,1;0;0;0;0;0;0;1;0;0;0;0;0;0;1;0;0;0;0;0;0;1;0;0;0;0;0;0;1;0;0;0;0;0;0;1
1808,0,0;0;0;0;0;0,1;0;0;0;0;0;0;1;0;0;0;0;0;0;1;0;0;0;0;0;0;1;0;0;0;0;0;0;1;0;0;0;0;0;0;1
1809,0,0;0;0;0;0;0,1;0;0;0;0;0;0;1;0;0;0;0;0;0;1;0;0;0;0;0;0;1;0;0;0;0;0;0;1;0;0;0;0;0;0;1
1810,0,0;0;0;0;0;0,1;0;0;0;0;0;0;1;0;0;0;0;0;0;1;0;0;0;0;0;0;1;0;0;0;0;0;0;1;0;0;0;0;0;0;1
1811,0,0;0;0;0;0;0,1;0;0;0;0;0;0;1;0;0;0;0;0;0;1;0;0;0;0;0;0;1;0;0;0;0;0;0;1;0;0;0;0;0;0;1
1812,0,0;0;0;0;0;0,1;0;0;0;0;0;0;1;0;0;0;0;0;0;1;0;0;0;0;0;0;1;0;0;0;0;0;0;1;0;0;0;0;0;0;1
1813,0,0;0;0;0;0;0,1;0;0;0;0;0;0;1;0;0;0;0;0;0;1;0;0;0;0;0;0;1;0;0;0;0;0;0;1;0;0;0;0;0;0;1
1814,0,0;0;0;0;0;0,1;0;0;0;0;0;0;1;0;0;0;0;0;0;1;0;0;0;0;0;0;1;0;0;0;0;0;0;1;0;0;0;0;0;0;1
1815,0,0;0;0;0;0;0,1;0;0;0;0;0;0;1;0;0;0;0;0;0;1;0;0;0;0;0;0;1;0;0;0;0;0;0;1;0;0;0;0;0;0;1
1816,0,0;0;0;0;0;0,1;0;0;0;0;0;0;1;0;0;0;0;0;0;1;0;0;0;0;0;0;1;0;0;0;0;0;0;1;0;0;0;0;0;0;1
1817,0,0;0;0;0;0;0,1;0;0;0;0;0;0;1;0;0;0;0;0;0;1;0;0;0;0;0;0;1;0;0;0;0;0;0;1;0;0;0;0;0;0;1
1818,0,0;0;0;0;0;0,1;0;0;0;0;0;0;1;0;0;0;0;0;0;1;0;0;0;0;0;0;1;0;0;0;0;0;0;1;0;0;0;0;0;0;1
1819,0,0;0;0;0;0;0,1;0;0;0;0;0;0;1;0;0;0;0;0;0;1;0;0;0;0;0;0;1;0;0;0;0;0;0;1;0;0;0;0;0;0;1
1820,0,0;0;0;0;0;0,1;0;0;0;0;0;0;1;0;0;0;0;0;0;1;0;0;0;0;0;0;1;0;0;0;0;0;0;1;0;0;0;0;0;0;1
1821,0,0;0;0;0;0;0,1;0;0;0;0;0;0;1;0;0;0;0;0;0;1;0;0;0;0;0;0;1;0;0;0;0;0;0;1;0;0;0;0;0;0;1
1822,0,0;0;0;0;0;0,1;0;0;0;0;0;0;1;0;0;0;0;0;0;1;0;0;0;0;0;0;1;0;0;0;0;0;0;1;0;0;0;0;0;0;1
1823,0,0;0;0;0;0;0,1;0;0;0;0;0;0;1;0;0;0;0;0;0;1;0;0;0;0;0;0;1;0;0;0;0;0;0;1;0;0;0;0;0;0;1
1824,0,0;0;0;0;0;0,1;0;0;0;0;0;0;1;0;0;0;0;0;0;1;0;0;0;0;0;0;1;0;0;0;0;0;0;1;0;0;0;0;0;0;1
1825,0,0;0;0;0;0;0,1;0;0;0;0;0;0;1;0;0;0;0;0;0;1;0;0;0;0;0;0;1;0;0;0;0;0;0;1;0;0;0;0;0;0;1
1826,0,0;0;0;0;0;0,1;0;0;0;0;0;0;1;0;0;0;0;0;0;1;0;0;0;0;0;0;1;0;0;0;0;0;0;1;0;0;0;0;0;0;1
1827,0,0;0;0;0;0;0,1;0;0;0;0;0;0;1;0;0;0;0;0;0;1;0;0;0;0;0;0;1;0;0;0;0;0;0;1;0;0;0;0;0;0;1
1828,0,0;0;0;0;0;0,1;0;0;0;0;0;0;1;0;0;0;0;0;0;1;0;0;0;0;0;0;1;0;0;0;0;0;0;1;0;0;0;0;0;0;1
1829,0,0;0;0;0;0;0,1;0;0;0;0;0;0;1;0;0;0;0;0;0;1;0;0;0;0;0;0;1;0;0;0;0;0;0;1;0;0;0;0;0;0;1
1830,0,0;0;0;0;0;0,1;0;0;0;0;0;0;1;0;0;0;0;0;0;1;0;0;0;0;0;0;1;0;0;0;0;0;0;1;0;0;0;0;0;0;1
1831,0,0;0;0;0;0;0,1;0;0;0;0;0;0;1;0;0;0;0;0;0;1;0;0;0;0;0;0;1;0;0;0;0;0;0;1;0;0;0;0;0;0;1
1832,0,0;0;0;0;0;0,1;0;0;0;0;0;0;1;0;0;0;0;0;0;1;0;0;0;0;0;0;1;0;0;0;0;0;0;1;0;0;0;0;0;0;1
1833,0,0;0;0;0;0;0,1;0;0;0;0;0;0;1;0;0;0;0;0;0;1;0;0;0;0;0;0;1;0;0;0;0;0;0;1;0;0;0;0;0;0;1
1834,0,0;0;0;0;0;0,1;0;0;0;0;0;0;1;0;0;0;0;0;0;1;0;0;0;0;0;0;1;0;0;0;0;0;0;1;0;0;0;0;0;0;1
1835,0,0;0;0;0;0;0,1;0;0;0;0;0;0;1;0;0;0;0;0;0;1;0;0;0;0;0;0;1;0;0;0;0;0;0;1;0;0;0;0;0;0;1
1836,0,0;0;0;0;0;0,1;0;0;0;0;0;0;1;0;0;0;0;0;0;1;0;0;0;0;0;0;1;0;0;0;0;0;0;1;0;0;0;0;0;0;1
1837,0,0;0;0;0;0;0,1;0;0;0;0;0;0;1;0;0;0;0;0;0;1;0;0;0;0;0;0;1;0;0;0;0;0;0;1;0;0;0;0;0;0;1
1838,0,0;0;0;0;0;0,1;0;0;0;0;0;0;1;0;0;0;0;0;0;1;0;0;0;0;0;0;1;0;0;0;0;0;0;1;0;0;0;0;0;0;1
1839,0,0;0;0;0;0;0,1;0;0;0;0;0;0;1;0;0;0;0;0;0;1;0;0;0;0;0;0;1;0;0;0;0;0;0;1;0;0;0;0;0;0;1
1840,0,0;0;0;0;0;0,1;0;0;0;0;0;0;1;0;0;0;0;0;0;1;0;0;0;0;0;0;1;0;0;0;0;0;0;1;0;0;0;0;0;0;1
1841,0,0;0;0;0;0;0,1;0;0;0;0;0;0;1;0;0;0;0;0;0;1;0;0;0;0;0;0;1;0;0;0;0;0;0;1;0;0;0;0;0;0;1
1842,0,0;0;0;0;0;0,1;0;0;0;0;0;0;1;0;0;0;0;0;0;1;0;0;0;0;0;0;1;0;0;0;0;0;0;1;0;0;0;0;0;0;1
1843,0,0;0;0;0;0;0,1;0;0;0;0;0;0;1;0;0;0;0;0;0;1;0;0;0;0;0;0;1;0;0;0;0;0;0;1;0;0;0;0;0;0;1
1844,0,0;0;0;0;0;0,1;0;0;0;0;0;0;1;0;0;0;0;0;0;1;0;0;0;0;0;0;1;0;0;0;0;0;0;1;0;0;0;0;0;0;1
1845,0,0;0;0;0;0;0,1;0;0;0;0;0;0;1;0;0;0;0;0;0;1;0;0;0;0;0;0;1;0;0;0;0;0;0;1;0;0;0;0;0;0;1
1846,0,0;0;0;0;0;0,1;0;0;0;0;0;0;1;0;0;0;0;0;0;1;0;0;0;0;0;0;1;0;0;0;0;0;0;1;0;0;0;0;0;0;1
1847,0,0;0;0;0;0;0,1;0;0;0;0;0;0;1;0;0;0;0;0;0;1;0;0;0;0;0;0;1;0;0;0;0;0;0;1;0;0;0;0;0;0;1
1848,0,0;0;0;0;0;0,1;0;0;0;0;0;0;1;0;0;0;0;0;0;1;0;0;0;0;0;0;1;0;0;0;0;0;0;1;0;0;0;0;0;0;1
1849,0,0;0;0;0;0;0,1;0;0;0;0;0;0;1;0;0;0;0;0;0;1;0;0;0;0;0;0;1;0;0;0;0;0;0;1;0;0;0;0;0;0;1
1850,0,0;0;0;0;0;0,1;0;0;0;0;0;0;1;0;0;0;0;0;0;1;0;0;0;0;0;0;1;0;0;0;0;0;0;1;0;0;0;0;0;0;1
1851,0,0;0;0;0;0;0,1;0;0;0;0;0;0;1;0;0;0;0;0;0;1;0;0;0;0;0;0;1;0;0;0;0;0;0;1;0;0;0;0;0;0;1
1852,0,0;0;0;0;0;0,1;0;0;0;0;0;0;1;0;0;0;0;0;0;1;0;0;0;0;0;0;1;0;0;0;0;0;0;1;0;0;0;0;0;0;1
1853,0,0;0;0;0;0;0,1;0;0;0;0;0;0;1;0;0;0;0;0;0;1;0;0;0;0;0;0;1;0;0;0;0;0;0;1;0;0;0;0;0;0;1
1854,0,0;0;0;0;0;0,1;0;0;0;0;0;0;1;0;0;0;0;0;0;1;0;0;0;0;0;0;1;0;0;0;0;0;0;1;0;0;0;0;0;0;1
1855,0,0;0;0;0;0;0,1;0;0;0;0;0;0;1;0;0;0;0;0;0;1;0;0;0;0;0;0;1;0;0;0;0;0;0;1;0;0;0;0;0;0;1
1856,0,0;0;0;0;0;0,1;0;0;0;0;0;0;1;0;0;0;0;0;0;1;0;0;0;0;0;0;1;0;0;0;0;0;0;1;0;0;0;0;0;0;1
1857,0,0;0;0;0;0;0,1;0;0;0;0;0;0;1;0;0;0;0;0;0;1;0;0;0;0;0;0;1;0;0;0;0;0;0;1;0;0;0;0;0;0;1
1858,0,0;0;0;0;0;0,1;0;0;0;0;0;0;1;0;0;0;0;0;0;1;0;0;0;0;0;0;1;0;0;0;0;0;0;1;0;0;0;0;0;0;1
1859,0,0;0;0;0;0;0,1;0;0;0;0;0;0;1;0;0;0;0;0;0;1;0;0;0;0;0;0;1;0;0;0;0;0;0;1;0;0;0;0;0;0;1
1860,0,0;0;0;0;0;0,1;0;0;0;0;0;0;1;0;0;0;0;0;0;1;0;0;0;0;0;0;1;0;0;0;0;0;0;1;0;0;0;0;0;0;1
1861,0,0;0;0;0;0;0,1;0;0;0;0;0;0;1;0;0;0;0;0;0;1;0;0;0;0;0;0;1;0;0;0;0;0;0;1;0;0;0;0;0;0;1
1862,0,0;0;0;0;0;0,1;0;0;0;0;0;0;1;0;0;0;0;0;0;1;0;0;0;0;0;0;1;0;0;0;0;0;0;1;0;0;0;0;0;0;1
1863,0,0;0;0;0;0;0,1;0;0;0;0;0;0;1;0;0;0;0;0;0;1;0;0;0;0;0;0;1;0;0;0;0;0;0;1;0;0;0;0;0;0;1
1864,0,0;0;0;0;0;0,1;0;0;0;0;0;0;1;0;0;0;0;0;0;1;0;0;0;0;0;0;1;0;0;0;0;0;0;1;0;0;0;0;0;0;1
1865,0,0;0;0;0;0;0,1;0;0;0;0;0;0;1;0;0;0;0;0;0;1;0;0;0;0;0;0;1;0;0;0;0;0;0;1;0;0;0;0;0;0;1
1866,0,0;0;0;0;0;0,1;0;0;0;0;0;0;1;0;0;0;0;0;0;1;0;0;0;0;0;0;1;0;0;0;0;0;0;1;0;0;0;0;0;0;1
1867,0,0;0;0;0;0;0,1;0;0;0;0;0;0;1;0;0;0;0;0;0;1;0;0;0;0;0;0;1;0;0;0;0;0;0;1;0;0;0;0;0;0;1
1868,0,0;0;0;0;0;0,1;0;0;0;0;0;0;1;0;0;0;0;0;0;1;0;0;0;0;0;0;1;0;0;0;0;0;0;1;0;0;0;0;0;0;1
1869,0,0;0;0;0;0;0,1;0;0;0;0;0;0;1;0;0;0;0;0;0;1;0;0;0;0;0;0;1;0;0;0;0;0;0;1;0;0;0;0;0;0;1
1870,0,0;0;0;0;0;0,1;0;0;0;0;0;0;1;0;0;0;0;0;0;1;0;0;0;0;0;0;1;0;0;0;0;0;0;1;0;0;0;0;0;0;1
1871,0,0;0;0;0;0;0,1;0;0;0;0;0;0;1;0;0;0;0;0;0;1;0;0;0;0;0;0;1;0;0;0;0;0;0;1;0;0;0;0;0;0;1
1872,0,0;0;0;0;0;0,1;0;0;0;0;0;0;1;0;0;0;0;0;0;1;0;0;0;0;0;0;1;0;0;0;0;0;0;1;0;0;0;0;0;0;1
1873,0,0;0;0;0;0;0,1;0;0;0;0;0;0;1;0;0;0;0;0;0;1;0;0;0;0;0;0;1;0;0;0;0;0;0;1;0;0;0;0;0;0;1
1874,0,0;0;0;0;0;0,1;0;0;0;0;0;0;1;0;0;0;0;0;0;1;0;0;0;0;0;0;1;0;0;0;0;0;0;1;0;0;0;0;0;0;1
1875,0,0;0;0;0;0;0,1;0;0;0;0;0;0;1;0;0;0;0;0;0;1;0;0;0;0;0;0;1;0;0;0;0;0;0;1;0;0;0;0;0;0;1
1876,0,0;0;0;0;0;0,1;0;0;0;0;0;0;1;0;0;0;0;0;0;1;0;0;0;0;0;0;1;0;0;0;0;0;0;1;0;0;0;0;0;0;1
1877,0,0;0;0;0;0;0,1;0;0;0;0;0;0;1;0;0;0;0;0;0;1;0;0;0;0;0;0;1;0;0;0;0;0;0;1;0;0;0;0;0;0;1
1878,0,0;0;0;0;0;0,1;0;0;0;0;0;0;1;0;0;0;0;0;0;1;0;0;0;0;0;0;1;0;0;0;0;0;0;1;0;0;0;0;0;0;1
1879,0,0;0;0;0;0;0,1;0;0;0;0;0;0;1;0;0;0;0;0;0;1;0;0;0;0;0;0;1;0;0;0;0;0;0;1;0;0;0;0;0;0;1
1880,0,0;0;0;0;0;0,1;0;0;0;0;0;0;1;0;0;0;0;0;0;1;0;0;0;0;0;0;1;0;0;0;0;0;0;1;0;0;0;0;0;0;1
1881,0,0;0;0;0;0;0,1;0;0;0;0;0;0;1;0;0;0;0;0;0;1;0;0;0;0;0;0;1;0;0;0;0;0;0;1;0;0;0;0;0;0;1
1882,0,0;0;0;0;0;0,1;0;0;0;0;0;0;1;0;0;0;0;0;0;1;0;0;0;0;0;0;1;0;0;0;0;0;0;1;0;0;0;0;0;0;1
1883,0,0;0;0;0;0;0,1;0;0;0;0;0;0;1;0;0;0;0;0;0;1;0;0;0;0;0;0;1;0;0;0;0;0;0;1;0;0;0;0;0;0;1
1884,0,0;0;0;0;0;0,1;0;0;0;0;0;0;1;0;0;0;0;0;0;1;0;0;0;0;0;0;1;0;0;0;0;0;0;1;0;0;0;0;0;0;1
1885,0,0;0;0;0;0;0,1;0;0;0;0;0;0;1;0;0;0;0;0;0;1;0;0;0;0;0;0;1;0;0;0;0;0;0;1;0;0;0;0;0;0;1
1886,0,0;0;0;0;0;0,1;0;0;0;0;0;0;1;0;0;0;0;0;0;1;0;0;0;0;0;0;1;0;0;0;0;0;0;1;0;0;0;0;0;0;1
1887,0,0;0;0;0;0;0,1;0;0;0;0;0;0;1;0;0;0;0;0;0;1;0;0;0;0;0;0;1;0;0;0;0;0;0;1;0;0;0;0;0;0;1
1888,0,0;0;0;0;0;0,1;0;0;0;0;0;0;1;0;0;0;0;0;0;1;0;0;0;0;0;0;1;0;0;0;0;0;0;1;0;0;0;0;0;0;1
1889,0,0;0;0;0;0;0,1;0;0;0;0;0;0;1;0;0;0;0;0;0;1;0;0;0;0;0;0;1;0;0;0;0;0;0;1;0;0;0;0;0;0;1
1890,0,0;0;0;0;0;0,1;0;0;0;0;0;0;1;0;0;0;0;0;0;1;0;0;0;0;0;0;1;0;0;0;0;0;0;1;0;0;0;0;0;0;1
1891,0,0;0;0;0;0;0,1;0;0;0;0;0;0;1;0;0;0;0;0;0;1;0;0;0;0;0;0;1;0;0;0;0;0;0;1;0;0;0;0;0;0;1
1892,0,0;0;0;0;0;0,1;0;0;0;0;0;0;1;0;0;0;0;0;0;1;0;0;0;0;0;0;1;0;0;0;0;0;0;1;0;0;0;0;0;0;1
1893,0,0;0;0;0;0;0,1;0;0;0;0;0;0;1;0;0;0;0;0;0;1;0;0;0;0;0;0;1;0;0;0;0;0;0;1;0;0;0;0;0;0;1
1894,0,0;0;0;0;0;0,1;0;0;0;0;0;0;1;0;0;0;0;0;0;1;0;0;0;0;0;0;1;0;0;0;0;0;0;1;0;0;0;0;0;0;1
1895,0,0;0;0;0;0;0,1;0;0;0;0;0;0;1;0;0;0;0;0;0;1;0;0;0;0;0;0;1;0;0;0;0;0;0;1;0;0;0;0;0;0;1
1896,0,0;0;0;0;0;0,1;0;0;0;0;0;0;1;0;0;0;0;0;0;1;0;0;0;0;0;0;1;0;0;0;0;0;0;1;0;0;0;0;0;0;1
1897,0,0;0;0;0;0;0,1;0;0;0;0;0;0;1;0;0;0;0;0;0;1;0;0;0;0;0;0;1;0;0;0;0;0;0;1;0;0;0;0;0;0;1
1898,0,0;0;0;0;0;0,1;0;0;0;0;0;0;1;0;0;0;0;0;0;1;0;0;0;0;0;0;1;0;0;0;0;0;0;1;0;0;0;0;0;0;1
1899,0,0;0;0;0;0;0,1;0;0;0;0;0;0;1;0;0;0;0;0;0;1;0;0;0;0;0;0;1;0;0;0;0;0;0;1;0;0;0;0;0;0;1
1900,0,0;0;0;0;0;0,1;0;0;0;0;0;0;1;0;0;0;0;0;0;1;0;0;0;0;0;0;1;0;0;0;0;0;0;1;0;0;0;0;0;0;1
1901,0,0;0;0;0;0;0,1;0;0;0;0;0;0;1;0;0;0;0;0;0;1;0;0;0;0;0;0;1;0;0;0;0;0;0;1;0;0;0;0;0;0;1
1902,0,0;0;0;0;0;0,1;0;0;0;0;0;0;1;0;0;0;0;0;0;1;0;0;0;0;0;0;1;0;0;0;0;0;0;1;0;0;0;0;0;0;1
1903,0,0;0;0;0;0;0,1;0;0;0;0;0;0;1;0;0;0;0;0;0;1;0;0;0;0;0;0;1;0;0;0;0;0;0;1;0;0;0;0;0;0;1
1904,0,0;0;0;0;0;0,1;0;0;0;0;0;0;1;0;0;0;0;0;0;1;0;0;0;0;0;0;1;0;0;0;0;0;0;1;0;0;0;0;0;0;1
1905,0,0;0;0;0;0;0,1;0;0;0;0;0;0;1;0;0;0;0;0;0;1;0;0;0;0;0;0;1;0;0;0;0;0;0;1;0;0;0;0;0;0;1
1906,0,0;0;0;0;0;0,1;0;0;0;0;0;0;1;0;0;0;0;0;0;1;0;0;0;0;0;0;1;0;0;0;0;0;0;1;0;0;0;0;0;0;1
1907,0,0;0;0;0;0;0,1;0;0;0;0;0;0;1;0;0;0;0;0;0;1;0;0;0;0;0;0;1;0;0;0;0;0;0;1;0;0;0;0;0;0;1
1908,0,0;0;0;0;0;0,1;0;0;0;0;0;0;1;0;0;0;0;0;0;1;0;0;0;0;0;0;1;0;0;0;0;0;0;1;0;0;0;0;0;0;1
1909,0,0;0;0;0;0;0,1;0;0;0;0;0;0;1;0;0;0;0;0;0;1;0;0;0;0;0;0;1;0;0;0;0;0;0;1;0;0;0;0;0;0;1
1910,0,0;0;0;0;0;0,1;0;0;0;0;0;0;1;0;0;0;0;0;0;1;0;0;0;0;0;0;1;0;0;0;0;0;0;1;0;0;0;0;0;0;1
1911,0,0;0;0;0;0;0,1;0;0;0;0;0;0;1;0;0;0;0;0;0;1;0;0;0;0;0;0;1;0;0;0;0;0;0;1;0;0;0;0;0;0;1
1912,0,0;0;0;0;0;0,1;0;0;0;0;0;0;1;0;0;0;0;0;0;1;0;0;0;0;0;0;1;0;0;0;0;0;0;1;0;0;0;0;0;0;1
1913,0,0;0;0;0;0;0,1;0;0;0;0;0;0;1;0;0;0;0;0;0;1;0;0;0;0;0;0;1;0;0;0;0;0;0;1;0;0;0;0;0;0;1
1914,0,0;0;0;0;0;0,1;0;0;0;0;0;0;1;0;0;0;0;0;0;1;0;0;0;0;0;0;1;0;0;0;0;0;0;1;0;0;0;0;0;0;1
1915,0,0;0;0;0;0;0,1;0;0;0;0;0;0;1;0;0;0;0;0;0;1;0;0;0;0;0;0;1;0;0;0;0;0;0;1;0;0;0;0;0;0;1
1916,0,0;0;0;0;0;0,1;0;0;0;0;0;0;1;0;0;0;0;0;0;1;0;0;0;0;0;0;1;0;0;0;0;0;0;1;0;0;0;0;0;0;1
1917,0,0;0;0;0;0;0,1;0;0;0;0;0;0;1;0;0;0;0;0;0;1;0;0;0;0;0;0;1;0;0;0;0;0;0;1;0;0;0;0;0;0;1
1918,0,0;0;0;0;0;0,1;0;0;0;0;0;0;1;0;0;0;0;0;0;1;0;0;0;0;0;0;1;0;0;0;0;0;0;1;0;0;0;0;0;0;1
1919,0,0;0;0;0;0;0,1;0;0;0;0;0;0;1;0;0;0;0;0;0;1;0;0;0;0;0;0;1;0;0;0;0;0;0;1;0;0;0;0;0;0;1
1920,0,0;0;0;0;0;0,1;0;0;0;0;0;0;1;0;0;0;0;0;0;1;0;0;0;0;0;0;1;0;0;0;0;0;0;1;0;0;0;0;0;0;1
1921,0,0;0;0;0;0;0,1;0;0;0;0;0;0;1;0;0;0;0;0;0;1;0;0;0;0;0;0;1;0;0;0;0;0;0;1;0;0;0;0;0;0;1
1922,0,0;0;0;0;0;0,1;0;0;0;0;0;0;1;0;0;0;0;0;0;1;0;0;0;0;0;0;1;0;0;0;0;0;0;1;0;0;0;0;0;0;1
1923,0,0;0;0;0;0;0,1;0;0;0;0;0;0;1;0;0;0;0;0;0;1;0;0;0;0;0;0;1;0;0;0;0;0;0;1;0;0;0;0;0;0;1
1924,0,0;0;0;0;0;0,1;0;0;0;0;0;0;1;0;0;0;0;0;0;1;0;0;0;0;0;0;1;0;0;0;0;0;0;1;0;0;0;0;0;0;1
1925,0,0;0;0;0;0;0,1;0;0;0;0;0;0;1;0;0;0;0;0;0;1;0;0;0;0;0;0;1;0;0;0;0;0;0;1;0;0;0;0;0;0;1
1926,0,0;0;0;0;0;0,1;0;0;0;0;0;0;1;0;0;0;0;0;0;1;0;0;0;0;0;0;1;0;0;0;0;0;0;1;0;0;0;0;0;0;1
1927,0,0;0;0;0;0;0,1;0;0;0;0;0;0;1;0;0;0;0;0;0;1;0;0;0;0;0;0;1;0;0;0;0;0;0;1;0;0;0;0;0;0;1
1928,0,0;0;0;0;0;0,1;0;0;0;0;0;0;1;0;0;0;0;0;0;1;0;0;0;0;0;0;1;0;0;0;0;0;0;1;0;0;0;0;0;0;1
1929,0,0;0;0;0;0;0,1;0;0;0;0;0;0;1;0;0;0;0;0;0;1;0;0;0;0;0;0;1;0;0;0;0;0;0;1;0;0;0;0;0;0;1
1930,0,0;0;0;0;0;0,1;0;0;0;0;0;0;1;0;0;0;0;0;0;1;0;0;0;0;0;0;1;0;0;0;0;0;0;1;0;0;0;0;0;0;1
1931,0,0;0;0;0;0;0,1;0;0;0;0;0;0;1;0;0;0;0;0;0;1;0;0;0;0;0;0;1;0;0;0;0;0;0;1;0;0;0;0;0;0;1
1932,0,0;0;0;0;0;0,1;0;0;0;0;0;0;1;0;0;0;0;0;0;1;0;0;0;0;0;0;1;0;0;0;0;0;0;1;0;0;0;0;0;0;1
1933,0,0;0;0;0;0;0,1;0;0;0;0;0;0;1;0;0;0;0;0;0;1;0;0;0;0;0;0;1;0;0;0;0;0;0;1;0;0;0;0;0;0;1
1934,0,0;0;0;0;0;0,1;0;0;0;0;0;0;1;0;0;0;0;0;0;1;0;0;0;0;0;0;1;0;0;0;0;0;0;1;0;0;0;0;0;0;1
1935,0,0;0;0;0;0;0,1;0;0;0;0;0;0;1;0;0;0;0;0;0;1;0;0;0;0;0;0;1;0;0;0;0;0;0;1;0;0;0;0;0;0;1
1936,0,0;0;0;0;0;0,1;0;0;0;0;0;0;1;0;0;0;0;0;0;1;0;0;0;0;0;0;1;0;0;0;0;0;0;1;0;0;0;0;0;0;1
1937,0,0;0;0;0;0;0,1;0;0;0;0;0;0;1;0;0;0;0;0;0;1;0;0;0;0;0;0;1;0;0;0;0;0;0;1;0;0;0;0;0;0;1
1938,0,0;0;0;0;0;0,1;0;0;0;0;0;0;1;0;0;0;0;0;0;1;0;0;0;0;0;0;1;0;0;0;0;0;0;1;0;0;0;0;0;0;1
1939,0,0;0;0;0;0;0,1;0;0;0;0;0;0;1;0;0;0;0;0;0;1;0;0;0;0;0;0;1;0;0;0;0;0;0;1;0;0;0;0;0;0;1
1940,0,0;0;0;0;0;0,1;0;0;0;0;0;0;1;0;0;0;0;0;0;1;0;0;0;0;0;0;1;0;0;0;0;0;0;1;0;0;0;0;0;0;1
1941,0,0;0;0;0;0;0,1;0;0;0;0;0;0;1;0;0;0;0;0;0;1;0;0;0;0;0;0;1;0;0;0;0;0;0;1;0;0;0;0;0;0;1
1942,0,0;0;0;0;0;0,1;0;0;0;0;0;0;1;0;0;0;0;0;0;1;0;0;0;0;0;0;1;0;0;0;0;0;0;1;0;0;0;0;0;0;1
1943,2,3.0346825409041944;3.2633690882989446;4.9782456891331828;113.36411518265042;4645.6522944415301;5501.6395552296644,-0.96796955594222767;-0.037108073200500649;-0.24794833429317611;0.0010135159821870305;-0.0033313916397690953;0.012939389811323022;-0.24249386181086341;-0.11160063545685128;0.96368690314507433;0.0035688298861450397;0.0012008989604640331;0.0059497185872290498;-0.063432584535511941;0.99142104993786262;0.099089212531208101;-0.054972490273337199;-0.014583130543155843;-0.0027008398518330507;0.00030166939883525097;-0.0029054892957418878;0.0014886402770519288;0.213274126159442;-0.95210779908204568;-0.21907564245192018;0.0030342581083140246;-0.056678890693101558;-0.0021704842462808198;-0.97144499996819023;-0.22676713308781635;0.040556935456274423;-0.014095220662064912;-0.0056260368671943121;0.0018913318329780041;-0.088164736144762043;0.20455365617183802;-0.97475682935530727
1944,0,0;0;0;0;0;0,1;0;0;0;0;0;0;1;0;0;0;0;0;0;1;0;0;0;0;0;0;1;0;0;0;0;0;0;1;0;0;0;0;0;0;1
1945,0,0;0;0;0;0;0,1;0;0;0;0;0;0;1;0;0;0;0;0;0;1;0;0;0;0;0;0;1;0;0;0;0;0;0;1;0;0;0;0;0;0;1
1946,2,2.8524592890517746;3.445762511655091;5.2731414745198277;175.65799100472995;5192.3978473826719;6099.8430033599852,0.27433453447032546;0.92669821369411309;-0.25636110152116531;0.011366949910686184;-0.0032323580934055544;0.010503041027658375;-0.059138467914158742;0.28238359595729484;0.9574325351234112;-0.0064950956735039742;0.0015827331943780321;0.0063557628951210572;0.9566745310354946;-0.247465197125223;0.13263094983689455;0.076144621903933812;-0.011827126720060029;-0.0024422640744266267;0.0036836357292721698;0.0014176149947534083;0.0017082457692357295;-0.19977974642675439;-0.94618182069944534;-0.25457713602654308;-0.077277124268335662;0.0092549905011930396;-0.0009561284165556874;0.9701967725830164;-0.22138804561561445;0.060392323701680142;-0.0056323503409471598;0.012776431453705724;0.002669302197051378;0.11329994759128739;0.2357423621810904;-0.96508371388383596
1947,2,2.7709361095626588;3.4584891798876214;5.2596809650199257;180.88511351630376;5309.2501295107304;5705.2172688707687,0.29687163993128052;0.92108249266547648;-0.25136015979292209;0.013419532041754107;-0.0047116279000871883;0.0094898841327273314;-0.05777438990508784;0.28016539357475501;0.95814085011864225;-0.009389187787991542;0.00089639256927553489;0.0068281096334354462;0.94983229982133144;-0.26990193542216401;0.13699638873042011;0.077863169701009316;-0.011159195388437836;-0.0040417952334198806;0.0038749399688816351;0.0014865484932466756;0.0015563565749901443;-0.19404382897231787;-0.89768903413614698;-0.39557773344502156;-0.079298288564575922;0.010299529983623832;0.0016351650685855015;0.96962719609866144;-0.22762191832744133;0.040179475243318281;-0.0066871341166843496;0.012611465391403445;0.0033278922812357025;0.1258538006584804;0.37708769495943967;-0.91746980848469539
1948,2,2.804967654142219;3.7240939044412613;5.2699979397051324;218.97715210843438;4792.3474524729281;5062.3481478795775,0.28653083272533042;0.91394043402472325;-0.28694030713330082;0.013555721434885251;-0.0056243147463901754;0.0079268275299758922;-0.095237734470387914;0.3252890151773975;0.94073124953730802;-0.0095126110897134006;3.7699129574180357e-05;0.0071453125105244188;0.94979466433602189;-0.24222372505382442;0.18076196049913837;0.080123045403868914;-0.0098261667211118411;-0.0051594863270378825;0.0035182730287052532;0.0016196756587337597;0.0020381048631519278;-0.17727845702166986;-0.83128592751816022;-0.52679872809310269;-0.081492898298722027;0.0090524002600370062;-0.0017119443304716667;0.97152413396100257;-0.22123766795702487;0.021651379431287046;-0.0081535704614278774;0.011959823617492957;0.002829363516053833;0.1342358225258295;0.50979350044619742;-0.84963157160235614
1949,2,2.8237641094807833;3.7127054871216525;5.0627497925710045;216.22594243196076;4715.2412028408953;5059.208317370606,0.25181919992897467;0.92387732233610187;-0.28771123615225808;0.012554792405139847;-0.0050586256259309553;0.0087644684028971784;-0.10404137994482343;0.32150421681265812;0.94111345884392372;-0.0088828232870927885;0.0006675737992578425;0.0060446016705037239;0.95873551220387276;-0.20712366843032312;0.17753238981440264;0.079230576045078091;-0.010451239632357079;-0.0046412920229518383;0.0015211616155967498;0.0018415869311307034;0.0016124901916335943;-0.15936795330484868;-0.87318499403356309;-0.46058822841484726;-0.080757263711729005;0.0065822252395747729;-0.0021121227168761536;0.97517022208478743;-0.20133408137581013;0.044023893989350471;-0.0080405143255304051;0.011781370429181957;0.0017004571042628566;0.13088499484742747;0.44370856439031309;-0.88644542183729769
1950,2,2.8596686168996657;3.8451863921519229;4.8662265113412007;198.7576065027863;2904.3087474391;3022.567436175259,0.25324688287234337;-0.93652790572261702;-0.2417782628897224;0.014456626315134375;-0.00010972539501386089;0.010759350733239147;-0.069077368132781938;-0.26688086368990149;0.9611973691443263;-0.0077989519233658934;0.0029264350499202977;0.0057577499772873911;0.96087902610182119;0.2268939443649601;0.13278570985197527;0.086231485771246993;-0.012725127525674153;0.00089020130948474542;-0.00072415640893162586;-0.0022163378454603489;0.0011395742563563205;-0.13426350844971571;-0.99073975394634828;0.020032849614218255;-0.088148222275439322;-0.0073203027557936133;-0.00061667347041174795;0.98206529582213287;-0.13092788800384572;0.10286674232089338;-0.0059327255186981528;-0.012277028287400718;0.0030274556157749814;0.09907259059257767;-0.033498106825197424;-0.99441812658923678
1951,2,2.783392654072518;4.0518051497607912;4.8833675189562937;222.0451693238046;1814.0051527091987;2443.0378251584657,-0.22785669082405069;-0.93933514645955074;-0.25583202846660202;0.01376761346890569;-0.0014628317591800816;0.0094391326829652549;0.12181930099978622;-0.28825003331210447;0.94970378174222292;-0.0082892611052196169;0.0016332763832524924;0.0079576191539597347;-0.96177062114349077;0.18545986080730517;0.18046150398493907;0.088868712045752432;-0.011698494827556487;-0.0010272060122819484;0.0024197991276153226;-0.0022384940769262923;0.00098946880262216282;-0.10240416045060542;-0.98472496343174953;-0.14077744487198246;0.090481496598393246;-0.0051450004251972605;-0.005033454154408013;0.98613434423113933;-0.11372839735478418;0.079788463114343372;0.0067751015783921627;-0.011599959724615493;0.0044756033606187769;0.09432145057863299;0.13130474393456401;-0.98674314595469581
1952,2,2.819697366340701;3.9979715120627368;4.5731223074839171;239.99393806713653;825.20942575141726;1310.1814030621313,0.15500977665554425;0.94826958770816538;-0.27676728814081025;0.0102045255862725;-0.00083770206792311934;0.007196686527208571;-0.078537983950600423;0.29104695731276808;0.95333546903187449;-0.007059256777949296;0.0006874763203522802;0.014987710691843903;0.98038611844892787;-0.12622416812967208;0.12000211790432208;0.091710557218242741;-0.0099192490341947232;-0.00088995753390848169;-0.014404521721954989;0.0022014018363124836;0.0010932797797551877;0.047175764714412316;-0.99153609266020926;-0.1200711976244702;-0.091797625169212568;0.0034068114511114477;-0.0020121675578649674;0.99373817089212124;0.042942195687437401;0.046882367391925653;-0.0035381828773572142;0.01129001826526148;0.012066454345699393;0.041159484710248398;0.12211707051767161;-0.99151789461188655
1953,2,2.3238345991157421;3.7493069442879476;4.2740855668468765;196.83994177676095;461.24572541712274;497.05492494541863,0.09061122084910464;-0.087902892372466443;-0.99196290840983392;0.0077173465767789587;-0.0017306452840016376;0.0031183227235096395;0.045650234421817246;-0.9937564109274436;0.092412371333186014;0.0092498256859953488;0.010456263292310261;0.040364746316026552;0.98747950613250235;0.054157509662402174;0.086338058002645532;0.11965187012426934;-0.012318019534960133;-0.0053502547892443214;-0.050974013351405979;-0.0023596402632061197;-0.0030160092546102678;0.49307411781806421;0.80892505951101623;-0.31607775654400683;-0.10898070240094819;-0.0016737677189768872;-0.0022151746471511919;0.84991094983448656;-0.51488329310708514;0.025730717785300866;0.010711871396932913;-0.042188529244080848;0.001130660635035121;-0.14166017419069027;-0.28332204360745139;-0.94750468076537042
1954,2,2.4250403941571368;3.6833784804865042;4.2019650459978015;186.75317053663201;427.13551527235774;504.10470634688676,-0.060488670573858344;0.091904637808147935;-0.99391060923121144;0.0049565727213454949;-0.0033503426751403287;0.00075281473021118002;-0.030173057397174269;0.99399876724869762;0.093840459129804155;0.0076609131908154816;-0.005318568674020023;0.046508373246399524;-0.99129576375140271;-0.036162502543970007;0.057639968216974466;0.10444708672075835;-0.041489626653993576;-0.0084872373529279403;0.058226521728104108;0.0016543139800087555;-0.0015356128884954146;0.79065426373129988;0.60696895291416009;-0.055309156091580658;0.096397802280466086;0.0003006370760826574;-0.00032845496541275966;0.59055749751136588;-0.79045289855547329;-0.13089431900790721;-0.0089750760988186913;0.047004622429970014;0.0032919845513926086;-0.12294399638907266;0.070795510273388651;-0.9887223805467158
1955,2,2.3433768573018225;3.6224749022296456;4.3399980658964568;194.32145484773582;436.82473429674178;515.30809227715883,-0.055190340299689736;0.16683490422809169;-0.98441579258239509;0.0052207090133528219;-0.0027075172774918563;0.0033319559981272364;-0.024868372090036839;0.98430794126557219;0.16842141642757316;0.0074520853712682971;-0.0063684511409218486;0.045360517780745485;-0.99139700824354637;-0.034326656799356127;0.050413160407861375;0.11047521531121909;-0.033641017304363661;-0.0086991202476513641;0.067412286018639245;0.0013233032549741963;-0.001153999950061751;0.78908797767762628;0.60975433183623451;-0.031501097408388801;0.094022395634308351;-0.00015999562382011144;-0.00050422979496350401;0.59288227009275718;-0.78543890073339251;-0.15078413808248986;-0.0091068801391049319;0.046085739612262221;0.0040866975696678244;-0.11637531833361492;0.10052751939967772;-0.98697896196808277
1956,2,2.3073622873478765;3.4385415240324355;4.3223753697287419;167.56764799152032;422.63081505289483;525.79801770202437,-0.054932687991040993;0.12717168696187187;-0.99033708817475086;0.0041067759556846026;-0.0044538102729669944;0.0023476746386059885;-0.043915877601266154;0.98926675303345224;0.12965688840373718;0.0061921148223572642;-0.0095392301745718701;0.049824081811158542;-0.991255644314611;-0.050877818362390137;0.049057405130800667;0.097723507948595564;-0.051877854091379107;-0.013261616192429243;0.066995891883571967;0.0031083050906452149;-0.0015488842437964901;0.90284175564296065;0.42366580591807235;-0.029724384453086755;0.08887309701521133;0.002706861974940313;0.00062225906326148894;0.40396710001085778;-0.88878436469112976;-0.19740008487392943;-0.0088975387981148953;0.050725854495687089;0.0034825031380875519;-0.10991930893092657;0.16663580915570858;-0.97851205730541779
1957,2,2.2078964205931473;3.4628634991433631;4.3506299155288533;154.9988617943774;365.47224246387839;473.9407265198497,-0.042164659796330051;0.17940219135319696;-0.98284065091940531;0.0043265000251889148;-0.0029451959876899674;0.0058187043555039623;-0.077885858818482701;0.97865327539233415;0.18234164374595987;0.0053124028596417258;-0.0080348565897436254;0.053200601231794195;-0.9886808093840983;-0.084215562490688137;0.027607898354067854;0.11013618548386474;-0.048979579150077557;-0.011261510191711017;0.079253568185881987;0.0063125659608741858;0.00029173671551195981;0.90187594577775776;0.42374676916384085;-0.027154969732383995;0.090944139991560882;0.0065794760816394017;0.00078437038985470586;0.40682843534262203;-0.89362437254405669;-0.1661666743083382;-0.010687700733683476;0.053639736589445507;0.0035893533670042885;-0.094517104508139327;0.13929078987824536;-0.98420539577089294
1958,2,2.1602232660535234;3.368080273073478;4.2897435763238363;163.18138671376184;387.87788546519448;487.88442869188066,-0.048176569385453449;0.25842552979534406;-0.96478534089909795;0.0045912740982972083;-0.0042657038955846334;0.0067255981805060695;-0.081465985112427253;0.96022832699836702;0.26171101456010887;0.0070998497682101466;-0.0097114680261617837;0.051840888105266006;-0.98859654694002108;-0.091284517676437874;0.025526914326973217;0.10470425499562748;-0.049958531486720005;-0.015282178290140549;0.076049613061007174;0.0053768925665554019;-1.0093934650565261e-05;0.9111735969330691;0.40385570736094928;-0.02916829034673598;0.088396267598564046;0.006834627948656702;0.0016822643011135832;0.38199202336719951;-0.89418239602621963;-0.21600114454073727;-0.011033360235744381;0.052624322319853013;0.0064913306807891698;-0.1131826031557845;0.1863599918425016;-0.97443648334389621
1959,2,2.1344989871681559;3.4008879131138228;4.3145928683191759;159.02205645721352;380.29646142369995;488.38302831524533,-0.063445574514288922;0.27596760526700798;-0.95900683437808498;0.0062491388197441003;-0.0051691078721343361;0.0075272917897401459;-0.075344015285756613;0.95536519625513039;0.28041780736708588;0.0058059425550088441;-0.011060757776817681;0.053013442869740086;-0.98786669448873854;-0.090072547913405007;0.040280334395259847;0.10822269589031454;-0.049168208785008959;-0.01594239732262976;0.080109635521558087;0.0067556402019940572;0.00024746683375289827;0.9136009403003853;0.39771805803686622;-0.026275741204889482;0.088687091277279681;0.0067093793859266176;0.0015133828094989672;0.3746016811879449;-0.89369766126926531;-0.23035920740121099;-0.011592173758310459;0.05399540993171751;0.0068474828371842553;-0.11498691109299966;0.20139082342379006;-0.97114518776063363
1960,2,2.0166122010082188;3.3133655375915452;4.3249262472957106;157.09658434967338;383.14072987367689;471.09176198522653,-0.060117273062910037;0.29222049777330994;-0.95438413104754682;0.0064062857878320594;-0.0047179146409163488;0.008984728658261552;-0.083957003612652112;0.9496157332099161;0.29666572687429699;0.0064015046174019808;-0.012019480829006174;0.054636801717876854;-0.98700590681236322;-0.097979103740916201;0.033005331052756152;0.11098256531561183;-0.050235581248766974;-0.017009992424855135;0.083980220647943471;0.0069273020651446429;0.00094214010601102521;0.92118359903750413;0.37931540048991436;-0.020953548948288592;0.08918551378013452;0.0077501534671618032;0.0012864680149179417;0.35590865115208176;-0.89769864299447144;-0.24382453251067032;-0.012236895564851566;0.055939098658928592;0.0069629301970324745;-0.11113352030967345;0.21809776031794156;-0.96786119915983304
1961,2,2.0768509436804012;3.2806834152509858;4.316382623805266;151.7168469237773;392.55836964121028;481.78298091702953,-0.082617739799341269;0.24293987011057314;-0.96643856927628591;0.0080502001436659597;-0.0056235804638055898;0.007388505716683493;-0.06970334812027966;0.96440192506385847;0.2489019140547975;0.0032509235486912883;-0.012535665988157762;0.054318467836628956;-0.9863698067621135;-0.087715072194708268;0.063366657295084006;0.11271450204863202;-0.048781882138469977;-0.016766220926392652;0.084176280544864215;0.009535021796759198;0.00029059637783085721;0.91275344707497963;0.39883588443826279;-0.025187990070739658;0.090279979950321651;0.0073027127935570198;0.00054557992364531315;0.37383940258284531;-0.89019402166236139;-0.24412005821247795;-0.012419164752269854;0.055416299938274842;0.0053491713940501708;-0.11977191962601218;0.21428042719055923;-0.96772143213092843
1962,0,0;0;0;0;0;0,1;0;0;0;0;0;0;1;0;0;0;0;0;0;1;0;0;0;0;0;0;1;0;0;0;0;0;0;1;0;0;0;0;0;0;1
1963,0,0;0;0;0;0;0,1;0;0;0;0;0;0;1;0;0;0;0;0;0;1;0;0;0;0;0;0;1;0;0;0;0;0;0;1;0;0;0;0;0;0;1
1964,0,0;0;0;0;0;0,1;0;0;0;0;0;0;1;0;0;0;0;0;0;1;0;0;0;0;0;0;1;0;0;0;0;0;0;1;0;0;0;0;0;0;1
1965,0,0;0;0;0;0;0,1;0;0;0;0;0;0;1;0;0;0;0;0;0;1;0;0;0;0;0;0;1;0;0;0;0;0;0;1;0;0;0;0;0;0;1
1966,0,0;0;0;0;0;0,1;0;0;0;0;0;0;1;0;0;0;0;0;0;1;0;0;0;0;0;0;1;0;0;0;0;0;0;1;0;0;0;0;0;0;1
1967,2,1.9419336655111987;3.4206901159709306;4.3395062234278017;130.76469186579226;391.64265920233476;464.19746490172923,0.098176279097992064;0.14573032699418551;-0.98436904183203811;0.0096335922532483579;-0.0062484775070135324;0.0031352716722631378;0.026892039538287796;0.9867941982541788;0.14904981723500665;0.0029772394460616026;-0.01102340671937216;0.056283221595382758;0.98639019040185472;-0.041062333959259886;0.093723353460634526;0.11495742646364554;-0.055466193648305274;-0.016507619087220225;-0.083567784567562864;0.0067453196290481058;-0.0011465679158478429;0.90943271910449597;0.40491596715422262;-0.044099891080925657;-0.097834899183702848;0.0040358315218756765;-0.00047326594780651546;0.37855233250609016;-0.89421472951573233;-0.21792193477548116;0.010834509454601179;0.057026130351861798;0.0040169493818697976;-0.12772384672736931;0.18217030344152901;-0.97319838547996917
1968,0,0;0;0;0;0;0,1;0;0;0;0;0;0;1;0;0;0;0;0;0;1;0;0;0;0;0;0;1;0;0;0;0;0;0;1;0;0;0;0;0;0;1
1969,0,0;0;0;0;0;0,1;0;0;0;0;0;0;1;0;0;0;0;0;0;1;0;0;0;0;0;0;1;0;0;0;0;0;0;1;0;0;0;0;0;0;1
1970,0,0;0;0;0;0;0,1;0;0;0;0;0;0;1;0;0;0;0;0;0;1;0;0;0;0;0;0;1;0;0;0;0;0;0;1;0;0;0;0;0;0;1
1971,0,0;0;0;0;0;0,1;0;0;0;0;0;0;1;0;0;0;0;0;0;1;0;0;0;0;0;0;1;0;0;0;0;0;0;1;0;0;0;0;0;0;1
1972,0,0;0;0;0;0;0,1;0;0;0;0;0;0;1;0;0;0;0;0;0;1;0;0;0;0;0;0;1;0;0;0;0;0;0;1;0;0;0;0;0;0;1
1973,0,0;0;0;0;0;0,1;0;0;0;0;0;0;1;0;0;0;0;0;0;1;0;0;0;0;0;0;1;0;0;0;0;0;0;1;0;0;0;0;0;0;1
1974,0,0;0;0;0;0;0,1;0;0;0;0;0;0;1;0;0;0;0;0;0;1;0;0;0;0;0;0;1;0;0;0;0;0;0;1;0;0;0;0;0;0;1
1975,0,0;0;0;0;0;0,1;0;0;0;0;0;0;1;0;0;0;0;0;0;1;0;0;0;0;0;0;1;0;0;0;0;0;0;1;0;0;0;0;0;0;1
1976,0,0;0;0;0;0;0,1;0;0;0;0;0;0;1;0;0;0;0;0;0;1;0;0;0;0;0;0;1;0;0;0;0;0;0;1;0;0;0;0;0;0;1
1977,0,0;0;0;0;0;0,1;0;0;0;0;0;0;1;0;0;0;0;0;0;1;0;0;0;0;0;0;1;0;0;0;0;0;0;1;0;0;0;0;0;0;1
1978,0,0;0;0;0;0;0,1;0;0;0;0;0;0;1;0;0;0;0;0;0;1;0;0;0;0;0;0;1;0;0;0;0;0;0;1;0;0;0;0;0;0;1
1979,0,0;0;0;0;0;0,1;0;0;0;0;0;0;1;0;0;0;0;0;0;1;0;0;0;0;0;0;1;0;0;0;0;0;0;1;0;0;0;0;0;0;1
1980,0,0;0;0;0;0;0,1;0;0;0;0;0;0;1;0;0;0;0;0;0;1;0;0;0;0;0;0;1;0;0;0;0;0;0;1;0;0;0;0;0;0;1
1981,0,0;0;0;0;0;0,1;0;0;0;0;0;0;1;0;0;0;0;0;0;1;0;0;0;0;0;0;1;0;0;0;0;0;0;1;0;0;0;0;0;0;1
1982,0,0;0;0;0;0;0,1;0;0;0;0;0;0;1;0;0;0;0;0;0;1;0;0;0;0;0;0;1;0;0;0;0;0;0;1;0;0;0;0;0;0;1
1983,0,0;0;0;0;0;0,1;0;0;0;0;0;0;1;0;0;0;0;0;0;1;0;0;0;0;0;0;1;0;0;0;0;0;0;1;0;0;0;0;0;0;1
1984,0,0;0;0;0;0;0,1;0;0;0;0;0;0;1;0;0;0;0;0;0;1;0;0;0;0;0;0;1;0;0;0;0;0;0;1;0;0;0;0;0;0;1
1985,0,0;0;0;0;0;0,1;0;0;0;0;0;0;1;0;0;0;0;0;0;1;0;0;0;0;0;0;1;0;0;0;0;0;0;1;0;0;0;0;0;0;1
1986,0,0;0;0;0;0;0,1;0;0;0;0;0;0;1;0;0;0;0;0;0;1;0;0;0;0;0;0;1;0;0;0;0;0;0;1;0;0;0;0;0;0;1
1987,0,0;0;0;0;0;0,1;0;0;0;0;0;0;1;0;0;0;0;0;0;1;0;0;0;0;0;0;1;0;0;0;0;0;0;1;0;0;0;0;0;0;1
1988,0,0;0;0;0;0;0,1;0;0;0;0;0;0;1;0;0;0;0;0;0;1;0;0;0;0;0;0;1;0;0;0;0;0;0;1;0;0;0;0;0;0;1
1989,0,0;0;0;0;0;0,1;0;0;0;0;0;0;1;0;0;0;0;0;0;1;0;0;0;0;0;0;1;0;0;0;0;0;0;1;0;0;0;0;0;0;1
1990,0,0;0;0;0;0;0,1;0;0;0;0;0;0;1;0;0;0;0;0;0;1;0;0;0;0;0;0;1;0;0;0;0;0;0;1;0;0;0;0;0;0;1
1991,0,0;0;0;0;0;0,1;0;0;0;0;0;0;1;0;0;0;0;0;0;1;0;0;0;0;0;0;1;0;0;0;0;0;0;1;0;0;0;0;0;0;1
1992,0,0;0;0;0;0;0,1;0;0;0;0;0;0;1;0;0;0;0;0;0;1;0;0;0;0;0;0;1;0;0;0;0;0;0;1;0;0;0;0;0;0;1
1993,0,0;0;0;0;0;0,1;0;0;0;0;0;0;1;0;0;0;0;0;0;1;0;0;0;0;0;0;1;0;0;0;0;0;0;1;0;0;0;0;0;0;1
1994,0,0;0;0;0;0;0,1;0;0;0;0;0;0;1;0;0;0;0;0;0;1;0;0;0;0;0;0;1;0;0;0;0;0;0;1;0;0;0;0;0;0;1
1995,0,0;0;0;0;0;0,1;0;0;0;0;0;0;1;0;0;0;0;0;0;1;0;0;0;0;0;0;1;0;0;0;0;0;0;1;0;0;0;0;0;0;1
1996,0,0;0;0;0;0;0,1;0;0;0;0;0;0;1;0;0;0;0;0;0;1;0;0;0;0;0;0;1;0;0;0;0;0;0;1;0;0;0;0;0;0;1
1997,0,0;0;0;0;0;0,1;0;0;0;0;0;0;1;0;0;0;0;0;0;1;0;0;0;0;0;0;1;0;0;0;0;0;0;1;0;0;0;0;0;0;1
1998,0,0;0;0;0;0;0,1;0;0;0;0;0;0;1;0;0;0;0;0;0;1;0;0;0;0;0;0;1;0;0;0;0;0;0;1;0;0;0;0;0;0;1
1999,0,0;0;0;0;0;0,1;0;0;0;0;0;0;1;0;0;0;0;0;0;1;0;0;0;0;0;0;1;0;0;0;0;0;0;1;0;0;0;0;0;0;1
2000,0,0;0;0;0;0;0,1;0;0;0;0;0;0;1;0;0;0;0;0;0;1;0;0;0;0;0;0;1;0;0;0;0;0;0;1;0;0;0;0;0;0;1
2001,0,0;0;0;0;0;0,1;0;0;0;0;0;0;1;0;0;0;0;0;0;1;0;0;0;0;0;0;1;0;0;0;0;0;0;1;0;0;0;0;0;0;1
2002,0,0;0;0;0;0;0,1;0;0;0;0;0;0;1;0;0;0;0;0;0;1;0;0;0;0;0;0;1;0;0;0;0;0;0;1;0;0;0;0;0;0;1
2003,0,0;0;0;0;0;0,1;0;0;0;0;0;0;1;0;0;0;0;0;0;1;0;0;0;0;0;0;1;0;0;0;0;0;0;1;0;0;0;0;0;0;1
2004,0,0;0;0;0;0;0,1;0;0;0;0;0;0;1;0;0;0;0;0;0;1;0;0;0;0;0;0;1;0;0;0;0;0;0;1;0;0;0;0;0;0;1
2005,0,0;0;0;0;0;0,1;0;0;0;0;0;0;1;0;0;0;0;0;0;1;0;0;0;0;0;0;1;0;0;0;0;0;0;1;0;0;0;0;0;0;1
2006,0,0;0;0;0;0;0,1;0;0;0;0;0;0;1;0;0;0;0;0;0;1;0;0;0;0;0;0;1;0;0;0;0;0;0;1;0;0;0;0;0;0;1
2007,0,0;0;0;0;0;0,1;0;0;0;0;0;0;1;0;0;0;0;0;0;1;0;0;0;0;0;0;1;0;0;0;0;0;0;1;0;0;0;0;0;0;1
2008,0,0;0;0;0;0;0,1;0;0;0;0;0;0;1;0;0;0;0;0;0;1;0;0;0;0;0;0;1;0;0;0;0;0;0;1;0;0;0;0;0;0;1
2009,0,0;0;0;0;0;0,1;0;0;0;0;0;0;1;0;0;0;0;0;0;1;0;0;0;0;0;0;1;0;0;0;0;0;0;1;0;0;0;0;0;0;1
2010,0,0;0;0;0;0;0,1;0;0;0;0;0;0;1;0;0;0;0;0;0;1;0;0;0;0;0;0;1;0;0;0;0;0;0;1;0;0;0;0;0;0;1
2011,0,0;0;0;0;0;0,1;0;0;0;0;0;0;1;0;0;0;0;0;0;1;0;0;0;0;0;0;1;0;0;0;0;0;0;1;0;0;0;0;0;0;1
2012,0,0;0;0;0;0;0,1;0;0;0;0;0;0;1;0;0;0;0;0;0;1;0;0;0;0;0;0;1;0;0;0;0;0;0;1;0;0;0;0;0;0;1
2013,0,0;0;0;0;0;0,1;0;0;0;0;0;0;1;0;0;0;0;0;0;1;0;0;0;0;0;0;1;0;0;0;0;0;0;1;0;0;0;0;0;0;1
2014,0,0;0;0;0;0;0,1;0;0;0;0;0;0;1;0;0;0;0;0;0;1;0;0;0;0;0;0;1;0;0;0;0;0;0;1;0;0;0;0;0;0;1
2015,0,0;0;0;0;0;0,1;0;0;0;0;0;0;1;0;0;0;0;0;0;1;0;0;0;0;0;0;1;0;0;0;0;0;0;1;0;0;0;0;0;0;1
2016,0,0;0;0;0;0;0,1;0;0;0;0;0;0;1;0;0;0;0;0;0;1;0;0;0;0;0;0;1;0;0;0;0;0;0;1;0;0;0;0;0;0;1
2017,0,0;0;0;0;0;0,1;0;0;0;0;0;0;1;0;0;0;0;0;0;1;0;0;0;0;0;0;1;0;0;0;0;0;0;1;0;0;0;0;0;0;1
2018,0,0;0;0;0;0;0,1;0;0;0;0;0;0;1;0;0;0;0;0;0;1;0;0;0;0;0;0;1;0;0;0;0;0;0;1;0;0;0;0;0;0;1
2019,0,0;0;0;0;0;0,1;0;0;0;0;0;0;1;0;0;0;0;0;0;1;0;0;0;0;0;0;1;0;0;0;0;0;0;1;0;0;0;0;0;0;1
2020,0,0;0;0;0;0;0,1;0;0;0;0;0;0;1;0;0;0;0;0;0;1;0;0;0;0;0;0;1;0;0;0;0;0;0;1;0;0;0;0;0;0;1
2021,0,0;0;0;0;0;0,1;0;0;0;0;0;0;1;0;0;0;0;0;0;1;0;0;0;0;0;0;1;0;0;0;0;0;0;1;0;0;0;0;0;0;1
2022,0,0;0;0;0;0;0,1;0;0;0;0;0;0;1;0;0;0;0;0;0;1;0;0;0;0;0;0;1;0;0;0;0;0;0;1;0;0;0;0;0;0;1
2023,0,0;0;0;0;0;0,1;0;0;0;0;0;0;1;0;0;0;0;0;0;1;0;0;0;0;0;0;1;0;0;0;0;0;0;1;0;0;0;0;0;0;1
2024,0,0;0;0;0;0;0,1;0;0;0;0;0;0;1;0;0;0;0;0;0;1;0;0;0;0;0;0;1;0;0;0;0;0;0;1;0;0;0;0;0;0;1
2025,0,0;0;0;0;0;0,1;0;0;0;0;0;0;1;0;0;0;0;0;0;1;0;0;0;0;0;0;1;0;0;0;0;0;0;1;0;0;0;0;0;0;1
2026,0,0;0;0;0;0;0,1;0;0;0;0;0;0;1;0;0;0;0;0;0;1;0;0;0;0;0;0;1;0;0;0;0;0;0;1;0;0;0;0;0;0;1
2027,0,0;0;0;0;0;0,1;0;0;0;0;0;0;1;0;0;0;0;0;0;1;0;0;0;0;0;0;1;0;0;0;0;0;0;1;0;0;0;0;0;0;1
2028,0,0;0;0;0;0;0,1;0;0;0;0;0;0;1;0;0;0;0;0;0;1;0;0;0;0;0;0;1;0;0;0;0;0;0;1;0;0;0;0;0;0;1
2029,0,0;0;0;0;0;0,1;0;0;0;0;0;0;1;0;0;0;0;0;0;1;0;0;0;0;0;0;1;0;0;0;0;0;0;1;0;0;0;0;0;0;1
2030,0,0;0;0;0;0;0,1;0;0;0;0;0;0;1;0;0;0;0;0;0;1;0;0;0;0;0;0;1;0;0;0;0;0;0;1;0;0;0;0;0;0;1
2031,0,0;0;0;0;0;0,1;0;0;0;0;0;0;1;0;0;0;0;0;0;1;0;0;0;0;0;0;1;0;0;0;0;0;0;1;0;0;0;0;0;0;1
2032,0,0;0;0;0;0;0,1;0;0;0;0;0;0;1;0;0;0;0;0;0;1;0;0;0;0;0;0;1;0;0;0;0;0;0;1;0;0;0;0;0;0;1
2033,0,0;0;0;0;0;0,1;0;0;0;0;0;0;1;0;0;0;0;0;0;1;0;0;0;0;0;0;1;0;0;0;0;0;0;1;0;0;0;0;0;0;1
2034,0,0;0;0;0;0;0,1;0;0;0;0;0;0;1;0;0;0;0;0;0;1;0;0;0;0;0;0;1;0;0;0;0;0;0;1;0;0;0;0;0;0;1
2035,0,0;0;0;0;0;0,1;0;0;0;0;0;0;1;0;0;0;0;0;0;1;0;0;0;0;0;0;1;0;0;0;0;0;0;1;0;0;0;0;0;0;1
2036,0,0;0;0;0;0;0,1;0;0;0;0;0;0;1;0;0;0;0;0;0;1;0;0;0;0;0;0;1;0;0;0;0;0;0;1;0;0;0;0;0;0;1
2037,0,0;0;0;0;0;0,1;0;0;0;0;0;0;1;0;0;0;0;0;0;1;0;0;0;0;0;0;1;0;0;0;0;0;0;1;0;0;0;0;0;0;1
2038,0,0;0;0;0;0;0,1;0;0;0;0;0;0;1;0;0;0;0;0;0;1;0;0;0;0;0;0;1;0;0;0;0;0;0;1;0;0;0;0;0;0;1
2039,0,0;0;0;0;0;0,1;0;0;0;0;0;0;1;0;0;0;0;0;0;1;0;0;0;0;0;0;1;0;0;0;0;0;0;1;0;0;0;0;0;0;1
2040,0,0;0;0;0;0;0,1;0;0;0;0;0;0;1;0;0;0;0;0;0;1;0;0;0;0;0;0;1;0;0;0;0;0;0;1;0;0;0;0;0;0;1
2041,0,0;0;0;0;0;0,1;0;0;0;0;0;0;1;0;0;0;0;0;0;1;0;0;0;0;0;0;1;0;0;0;0;0;0;1;0;0;0;0;0;0;1
2042,0,0;0;0;0;0;0,1;0;0;0;0;0;0;1;0;0;0;0;0;0;1;0;0;0;0;0;0;1;0;0;0;0;0;0;1;0;0;0;0;0;0;1
2043,0,0;0;0;0;0;0,1;0;0;0;0;0;0;1;0;0;0;0;0;0;1;0;0;0;0;0;0;1;0;0;0;0;0;0;1;0;0;0;0;0;0;1
2044,0,0;0;0;0;0;0,1;0;0;0;0;0;0;1;0;0;0;0;0;0;1;0;0;0;0;0;0;1;0;0;0;0;0;0;1;0;0;0;0;0;0;1
2045,0,0;0;0;0;0;0,1;0;0;0;0;0;0;1;0;0;0;0;0;0;1;0;0;0;0;0;0;1;0;0;0;0;0;0;1;0;0;0;0;0;0;1
2046,0,0;0;0;0;0;0,1;0;0;0;0;0;0;1;0;0;0;0;0;0;1;0;0;0;0;0;0;1;0;0;0;0;0;0;1;0;0;0;0;0;0;1
2047,0,0;0;0;0;0;0,1;0;0;0;0;0;0;1;0;0;0;0;0;0;1;0;0;0;0;0;0;1;0;0;0;0;0;0;1;0;0;0;0;0;0;1
2048,0,0;0;0;0;0;0,1;0;0;0;0;0;0;1;0;0;0;0;0;0;1;0;0;0;0;0;0;1;0;0;0;0;0;0;1;0;0;0;0;0;0;1
2049,0,0;0;0;0;0;0,1;0;0;0;0;0;0;1;0;0;0;0;0;0;1;0;0;0;0;0;0;1;0;0;0;0;0;0;1;0;0;0;0;0;0;1
2050,0,0;0;0;0;0;0,1;0;0;0;0;0;0;1;0;0;0;0;0;0;1;0;0;0;0;0;0;1;0;0;0;0;0;0;1;0;0;0;0;0;0;1
2051,0,0;0;0;0;0;0,1;0;0;0;0;0;0;1;0;0;0;0;0;0;1;0;0;0;0;0;0;1;0;0;0;0;0;0;1;0;0;0;0;0;0;1
2052,0,0;0;0;0;0;0,1;0;0;0;0;0;0;1;0;0;0;0;0;0;1;0;0;0;0;0;0;1;0;0;0;0;0;0;1;0;0;0;0;0;0;1
2053,0,0;0;0;0;0;0,1;0;0;0;0;0;0;1;0;0;0;0;0;0;1;0;0;0;0;0;0;1;0;0;0;0;0;0;1;0;0;0;0;0;0;1
2054,0,0;0;0;0;0;0,1;0;0;0;0;0;0;1;0;0;0;0;0;0;1;0;0;0;0;0;0;1;0;0;0;0;0;0;1;0;0;0;0;0;0;1
2055,0,0;0;0;0;0;0,1;0;0;0;0;0;0;1;0;0;0;0;0;0;1;0;0;0;0;0;0;1;0;0;0;0;0;0;1;0;0;0;0;0;0;1
2056,0,0;0;0;0;0;0,1;0;0;0;0;0;0;1;0;0;0;0;0;0;1;0;0;0;0;0;0;1;0;0;0;0;0;0;1;0;0;0;0;0;0;1
2057,0,0;0;0;0;0;0,1;0;0;0;0;0;0;1;0;0;0;0;0;0;1;0;0;0;0;0;0;1;0;0;0;0;0;0;1;0;0;0;0;0;0;1
2058,0,0;0;0;0;0;0,1;0;0;0;0;0;0;1;0;0;0;0;0;0;1;0;0;0;0;0;0;1;0;0;0;0;0;0;1;0;0;0;0;0;0;1
2059,0,0;0;0;0;0;0,1;0;0;0;0;0;0;1;0;0;0;0;0;0;1;0;0;0;0;0;0;1;0;0;0;0;0;0;1;0;0;0;0;0;0;1
2060,0,0;0;0;0;0;0,1;0;0;0;0;0;0;1;0;0;0;0;0;0;1;0;0;0;0;0;0;1;0;0;0;0;0;0;1;0;0;0;0;0;0;1
2061,0,0;0;0;0;0;0,1;0;0;0;0;0;0;1;0;0;0;0;0;0;1;0;0;0;0;0;0;1;0;0;0;0;0;0;1;0;0;0;0;0;0;1
2062,0,0;0;0;0;0;0,1;0;0;0;0;0;0;1;0;0;0;0;0;0;1;0;0;0;0;0;0;1;0;0;0;0;0;0;1;0;0;0;0;0;0;1
2063,0,0;0;0;0;0;0,1;0;0;0;0;0;0;1;0;0;0;0;0;0;1;0;0;0;0;0;0;1;0;0;0;0;0;0;1;0;0;0;0;0;0;1
2064,0,0;0;0;0;0;0,1;0;0;0;0;0;0;1;0;0;0;0;0;0;1;0;0;0;0;0;0;1;0;0;0;0;0;0;1;0;0;0;0;0;0;1
2065,0,0;0;0;0;0;0,1;0;0;0;0;0;0;1;0;0;0;0;0;0;1;0;0;0;0;0;0;1;0;0;0;0;0;0;1;0;0;0;0;0;0;1
2066,0,0;0;0;0;0;0,1;0;0;0;0;0;0;1;0;0;0;0;0;0;1;0;0;0;0;0;0;1;0;0;0;0;0;0;1;0;0;0;0;0;0;1
2067,0,0;0;0;0;0;0,1;0;0;0;0;0;0;1;0;0;0;0;0;0;1;0;0;0;0;0;0;1;0;0;0;0;0;0;1;0;0;0;0;0;0;1
2068,0,0;0;0;0;0;0,1;0;0;0;0;0;0;1;0;0;0;0;0;0;1;0;0;0;0;0;0;1;0;0;0;0;0;0;1;0;0;0;0;0;0;1
2069,0,0;0;0;0;0;0,1;0;0;0;0;0;0;1;0;0;0;0;0;0;1;0;0;0;0;0;0;1;0;0;0;0;0;0;1;0;0;0;0;0;0;1
2070,0,0;0;0;0;0;0,1;0;0;0;0;0;0;1;0;0;0;0;0;0;1;0;0;0;0;0;0;1;0;0;0;0;0;0;1;0;0;0;0;0;0;1
2071,0,0;0;0;0;0;0,1;0;0;0;0;0;0;1;0;0;0;0;0;0;1;0;0;0;0;0;0;1;0;0;0;0;0;0;1;0;0;0;0;0;0;1
2072,0,0;0;0;0;0;0,1;0;0;0;0;0;0;1;0;0;0;0;0;0;1;0;0;0;0;0;0;1;0;0;0;0;0;0;1;0;0;0;0;0;0;1
2073,0,0;0;0;0;0;0,1;0;0;0;0;0;0;1;0;0;0;0;0;0;1;0;0;0;0;0;0;1;0;0;0;0;0;0;1;0;0;0;0;0;0;1
2074,0,0;0;0;0;0;0,1;0;0;0;0;0;0;1;0;0;0;0;0;0;1;0;0;0;0;0;0;1;0;0;0;0;0;0;1;0;0;0;0;0;0;1
2075,0,0;0;0;0;0;0,1;0;0;0;0;0;0;1;0;0;0;0;0;0;1;0;0;0;0;0;0;1;0;0;0;0;0;0;1;0;0;0;0;0;0;1
2076,0,0;0;0;0;0;0,1;0;0;0;0;0;0;1;0;0;0;0;0;0;1;0;0;0;0;0;0;1;0;0;0;0;0;0;1;0;0;0;0;0;0;1
2077,0,0;0;0;0;0;0,1;0;0;0;0;0;0;1;0;0;0;0;0;0;1;0;0;0;0;0;0;1;0;0;0;0;0;0;1;0;0;0;0;0;0;1
2078,0,0;0;0;0;0;0,1;0;0;0;0;0;0;1;0;0;0;0;0;0;1;0;0;0;0;0;0;1;0;0;0;0;0;0;1;0;0;0;0;0;0;1
2079,0,0;0;0;0;0;0,1;0;0;0;0;0;0;1;0;0;0;0;0;0;1;0;0;0;0;0;0;1;0;0;0;0;0;0;1;0;0;0;0;0;0;1
2080,0,0;0;0;0;0;0,1;0;0;0;0;0;0;1;0;0;0;0;0;0;1;0;0;0;0;0;0;1;0;0;0;0;0;0;1;0;0;0;0;0;0;1
2081,0,0;0;0;0;0;0,1;0;0;0;0;0;0;1;0;0;0;0;0;0;1;0;0;0;0;0;0;1;0;0;0;0;0;0;1;0;0;0;0;0;0;1
2082,0,0;0;0;0;0;0,1;0;0;0;0;0;0;1;0;0;0;0;0;0;1;0;0;0;0;0;0;1;0;0;0;0;0;0;1;0;0;0;0;0;0;1
2083,0,0;0;0;0;0;0,1;0;0;0;0;0;0;1;0;0;0;0;0;0;1;0;0;0;0;0;0;1;0;0;0;0;0;0;1;0;0;0;0;0;0;1
2084,0,0;0;0;0;0;0,1;0;0;0;0;0;0;1;0;0;0;0;0;0;1;0;0;0;0;0;0;1;0;0;0;0;0;0;1;0;0;0;0;0;0;1
2085,0,0;0;0;0;0;0,1;0;0;0;0;0;0;1;0;0;0;0;0;0;1;0;0;0;0;0;0;1;0;0;0;0;0;0;1;0;0;0;0;0;0;1
2086,0,0;0;0;0;0;0,1;0;0;0;0;0;0;1;0;0;0;0;0;0;1;0;0;0;0;0;0;1;0;0;0;0;0;0;1;0;0;0;0;0;0;1
2087,0,0;0;0;0;0;0,1;0;0;0;0;0;0;1;0;0;0;0;0;0;1;0;0;0;0;0;0;1;0;0;0;0;0;0;1;0;0;0;0;0;0;1
2088,0,0;0;0;0;0;0,1;0;0;0;0;0;0;1;0;0;0;0;0;0;1;0;0;0;0;0;0;1;0;0;0;0;0;0;1;0;0;0;0;0;0;1
2089,0,0;0;0;0;0;0,1;0;0;0;0;0;0;1;0;0;0;0;0;0;1;0;0;0;0;0;0;1;0;0;0;0;0;0;1;0;0;0;0;0;0;1
2090,0,0;0;0;0;0;0,1;0;0;0;0;0;0;1;0;0;0;0;0;0;1;0;0;0;0;0;0;1;0;0;0;0;0;0;1;0;0;0;0;0;0;1
2091,0,0;0;0;0;0;0,1;0;0;0;0;0;0;1;0;0;0;0;0;0;1;0;0;0;0;0;0;1;0;0;0;0;0;0;1;0;0;0;0;0;0;1
2092,0,0;0;0;0;0;0,1;0;0;0;0;0;0;1;0;0;0;0;0;0;1;0;0;0;0;0;0;1;0;0;0;0;0;0;1;0;0;0;0;0;0;1
2093,0,0;0;0;0;0;0,1;0;0;0;0;0;0;1;0;0;0;0;0;0;1;0;0;0;0;0;0;1;0;0;0;0;0;0;1;0;0;0;0;0;0;1
2094,0,0;0;0;0;0;0,1;0;0;0;0;0;0;1;0;0;0;0;0;0;1;0;0;0;0;0;0;1;0;0;0;0;0;0;1;0;0;0;0;0;0;1
2095,0,0;0;0;0;0;0,1;0;0;0;0;0;0;1;0;0;0;0;0;0;1;0;0;0;0;0;0;1;0;0;0;0;0;0;1;0;0;0;0;0;0;1
2096,0,0;0;0;0;0;0,1;0;0;0;0;0;0;1;0;0;0;0;0;0;1;0;0;0;0;0;0;1;0;0;0;0;0;0;1;0;0;0;0;0;0;1
2097,0,0;0;0;0;0;0,1;0;0;0;0;0;0;1;0;0;0;0;0;0;1;0;0;0;0;0;0;1;0;0;0;0;0;0;1;0;0;0;0;0;0;1
2098,0,0;0;0;0;0;0,1;0;0;0;0;0;0;1;0;0;0;0;0;0;1;0;0;0;0;0;0;1;0;0;0;0;0;0;1;0;0;0;0;0;0;1
2099,0,0;0;0;0;0;0,1;0;0;0;0;0;0;1;0;0;0;0;0;0;1;0;0;0;0;0;0;1;0;0;0;0;0;0;1;0;0;0;0;0;0;1
2100,0,0;0;0;0;0;0,1;0;0;0;0;0;0;1;0;0;0;0;0;0;1;0;0;0;0;0;0;1;0;0;0;0;0;0;1;0;0;0;0;0;0;1
2101,0,0;0;0;0;0;0,1;0;0;0;0;0;0;1;0;0;0;0;0;0;1;0;0;0;0;0;0;1;0;0;0;0;0;0;1;0;0;0;0;0;0;1
2102,0,0;0;0;0;0;0,1;0;0;0;0;0;0;1;0;0;0;0;0;0;1;0;0;0;0;0;0;1;0;0;0;0;0;0;1;0;0;0;0;0;0;1
2103,0,0;0;0;0;0;0,1;0;0;0;0;0;0;1;0;0;0;0;0;0;1;0;0;0;0;0;0;1;0;0;0;0;0;0;1;0;0;0;0;0;0;1
2104,0,0;0;0;0;0;0,1;0;0;0;0;0;0;1;0;0;0;0;0;0;1;0;0;0;0;0;0;1;0;0;0;0;0;0;1;0;0;0;0;0;0;1
2105,0,0;0;0;0;0;0,1;0;0;0;0;0;0;1;0;0;0;0;0;0;1;0;0;0;0;0;0;1;0;0;0;0;0;0;1;0;0;0;0;0;0;1
2106,0,0;0;0;0;0;0,1;0;0;0;0;0;0;1;0;0;0;0;0;0;1;0;0;0;0;0;0;1;0;0;0;0;0;0;1;0;0;0;0;0;0;1
2107,0,0;0;0;0;0;0,1;0;0;0;0;0;0;1;0;0;0;0;0;0;1;0;0;0;0;0;0;1;0;0;0;0;0;0;1;0;0;0;0;0;0;1
2108,0,0;0;0;0;0;0,1;0;0;0;0;0;0;1;0;0;0;0;0;0;1;0;0;0;0;0;0;1;0;0;0;0;0;0;1;0;0;0;0;0;0;1
2109,0,0;0;0;0;0;0,1;0;0;0;0;0;0;1;0;0;0;0;0;0;1;0;0;0;0;0;0;1;0;0;0;0;0;0;1;0;0;0;0;0;0;1
2110,0,0;0;0;0;0;0,1;0;0;0;0;0;0;1;0;0;0;0;0;0;1;0;0;0;0;0;0;1;0;0;0;0;0;0;1;0;0;0;0;0;0;1
2111,0,0;0;0;0;0;0,1;0;0;0;0;0;0;1;0;0;0;0;0;0;1;0;0;0;0;0;0;1;0;0;0;0;0;0;1;0;0;0;0;0;0;1
2112,0,0;0;0;0;0;0,1;0;0;0;0;0;0;1;0;0;0;0;0;0;1;0;0;0;0;0;0;1;0;0;0;0;0;0;1;0;0;0;0;0;0;1
2113,0,0;0;0;0;0;0,1;0;0;0;0;0;0;1;0;0;0;0;0;0;1;0;0;0;0;0;0;1;0;0;0;0;0;0;1;0;0;0;0;0;0;1
2114,0,0;0;0;0;0;0,1;0;0;0;0;0;0;1;0;0;0;0;0;0;1;0;0;0;0;0;0;1;0;0;0;0;0;0;1;0;0;0;0;0;0;1
2115,0,0;0;0;0;0;0,1;0;0;0;0;0;0;1;0;0;0;0;0;0;1;0;0;0;0;0;0;1;0;0;0;0;0;0;1;0;0;0;0;0;0;1
2116,0,0;0;0;0;0;0,1;0;0;0;0;0;0;1;0;0;0;0;0;0;1;0;0;0;0;0;0;1;0;0;0;0;0;0;1;0;0;0;0;0;0;1
2117,0,0;0;0;0;0;0,1;0;0;0;0;0;0;1;0;0;0;0;0;0;1;0;0;0;0;0;0;1;0;0;0;0;0;0;1;0;0;0;0;0;0;1
2118,0,0;0;0;0;0;0,1;0;0;0;0;0;0;1;0;0;0;0;0;0;1;0;0;0;0;0;0;1;0;0;0;0;0;0;1;0;0;0;0;0;0;1
2119,0,0;0;0;0;0;0,1;0;0;0;0;0;0;1;0;0;0;0;0;0;1;0;0;0;0;0;0;1;0;0;0;0;0;0;1;0;0;0;0;0;0;1
2120,0,0;0;0;0;0;0,1;0;0;0;0;0;0;1;0;0;0;0;0;0;1;0;0;0;0;0;0;1;0;0;0;0;0;0;1;0;0;0;0;0;0;1
2121,0,0;0;0;0;0;0,1;0;0;0;0;0;0;1;0;0;0;0;0;0;1;0;0;0;0;0;0;1;0;0;0;0;0;0;1;0;0;0;0;0;0;1
2122,0,0;0;0;0;0;0,1;0;0;0;0;0;0;1;0;0;0;0;0;0;1;0;0;0;0;0;0;1;0;0;0;0;0;0;1;0;0;0;0;0;0;1
2123,0,0;0;0;0;0;0,1;0;0;0;0;0;0;1;0;0;0;0;0;0;1;0;0;0;0;0;0;1;0;0;0;0;0;0;1;0;0;0;0;0;0;1
2124,0,0;0;0;0;0;0,1;0;0;0;0;0;0;1;0;0;0;0;0;0;1;0;0;0;0;0;0;1;0;0;0;0;0;0;1;0;0;0;0;0;0;1
2125,0,0;0;0;0;0;0,1;0;0;0;0;0;0;1;0;0;0;0;0;0;1;0;0;0;0;0;0;1;0;0;0;0;0;0;1;0;0;0;0;0;0;1
2126,0,0;0;0;0;0;0,1;0;0;0;0;0;0;1;0;0;0;0;0;0;1;0;0;0;0;0;0;1;0;0;0;0;0;0;1;0;0;0;0;0;0;1
2127,0,0;0;0;0;0;0,1;0;0;0;0;0;0;1;0;0;0;0;0;0;1;0;0;0;0;0;0;1;0;0;0;0;0;0;1;0;0;0;0;0;0;1
2128,0,0;0;0;0;0;0,1;0;0;0;0;0;0;1;0;0;0;0;0;0;1;0;0;0;0;0;0;1;0;0;0;0;0;0;1;0;0;0;0;0;0;1
2129,0,0;0;0;0;0;0,1;0;0;0;0;0;0;1;0;0;0;0;0;0;1;0;0;0;0;0;0;1;0;0;0;0;0;0;1;0;0;0;0;0;0;1
2130,0,0;0;0;0;0;0,1;0;0;0;0;0;0;1;0;0;0;0;0;0;1;0;0;0;0;0;0;1;0;0;0;0;0;0;1;0;0;0;0;0;0;1
2131,0,0;0;0;0;0;0,1;0;0;0;0;0;0;1;0;0;0;0;0;0;1;0;0;0;0;0;0;1;0;0;0;0;0;0;1;0;0;0;0;0;0;1
2132,0,0;0;0;0;0;0,1;0;0;0;0;0;0;1;0;0;0;0;0;0;1;0;0;0;0;0;0;1;0;0;0;0;0;0;1;0;0;0;0;0;0;1
2133,0,0;0;0;0;0;0,1;0;0;0;0;0;0;1;0;0;0;0;0;0;1;0;0;0;0;0;0;1;0;0;0;0;0;0;1;0;0;0;0;0;0;1
2134,0,0;0;0;0;0;0,1;0;0;0;0;0;0;1;0;0;0;0;0;0;1;0;0;0;0;0;0;1;0;0;0;0;0;0;1;0;0;0;0;0;0;1
2135,0,0;0;0;0;0;0,1;0;0;0;0;0;0;1;0;0;0;0;0;0;1;0;0;0;0;0;0;1;0;0;0;0;0;0;1;0;0;0;0;0;0;1
2136,0,0;0;0;0;0;0,1;0;0;0;0;0;0;1;0;0;0;0;0;0;1;0;0;0;0;0;0;1;0;0;0;0;0;0;1;0;0;0;0;0;0;1
2137,0,0;0;0;0;0;0,1;0;0;0;0;0;0;1;0;0;0;0;0;0;1;0;0;0;0;0;0;1;0;0;0;0;0;0;1;0;0;0;0;0;0;1
2138,0,0;0;0;0;0;0,1;0;0;0;0;0;0;1;0;0;0;0;0;0;1;0;0;0;0;0;0;1;0;0;0;0;0;0;1;0;0;0;0;0;0;1
2139,0,0;0;0;0;0;0,1;0;0;0;0;0;0;1;0;0;0;0;0;0;1;0;0;0;0;0;0;1;0;0;0;0;0;0;1;0;0;0;0;0;0;1
2140,0,0;0;0;0;0;0,1;0;0;0;0;0;0;1;0;0;0;0;0;0;1;0;0;0;0;0;0;1;0;0;0;0;0;0;1;0;0;0;0;0;0;1
2141,0,0;0;0;0;0;0,1;0;0;0;0;0;0;1;0;0;0;0;0;0;1;0;0;0;0;0;0;1;0;0;0;0;0;0;1;0;0;0;0;0;0;1
2142,0,0;0;0;0;0;0,1;0;0;0;0;0;0;1;0;0;0;0;0;0;1;0;0;0;0;0;0;1;0;0;0;0;0;0;1;0;0;0;0;0;0;1
2143,0,0;0;0;0;0;0,1;0;0;0;0;0;0;1;0;0;0;0;0;0;1;0;0;0;0;0;0;1;0;0;0;0;0;0;1;0;0;0;0;0;0;1
2144,0,0;0;0;0;0;0,1;0;0;0;0;0;0;1;0;0;0;0;0;0;1;0;0;0;0;0;0;1;0;0;0;0;0;0;1;0;0;0;0;0;0;1
2145,0,0;0;0;0;0;0,1;0;0;0;0;0;0;1;0;0;0;0;0;0;1;0;0;0;0;0;0;1;0;0;0;0;0;0;1;0;0;0;0;0;0;1
2146,0,0;0;0;0;0;0,1;0;0;0;0;0;0;1;0;0;0;0;0;0;1;0;0;0;0;0;0;1;0;0;0;0;0;0;1;0;0;0;0;0;0;1
2147,0,0;0;0;0;0;0,1;0;0;0;0;0;0;1;0;0;0;0;0;0;1;0;0;0;0;0;0;1;0;0;0;0;0;0;1;0;0;0;0;0;0;1
2148,0,0;0;0;0;0;0,1;0;0;0;0;0;0;1;0;0;0;0;0;0;1;0;0;0;0;0;0;1;0;0;0;0;0;0;1;0;0;0;0;0;0;1
2149,0,0;0;0;0;0;0,1;0;0;0;0;0;0;1;0;0;0;0;0;0;1;0;0;0;0;0;0;1;0;0;0;0;0;0;1;0;0;0;0;0;0;1
2150,0,0;0;0;0;0;0,1;0;0;0;0;0;0;1;0;0;0;0;0;0;1;0;0;0;0;0;0;1;0;0;0;0;0;0;1;0;0;0;0;0;0;1
2151,0,0;0;0;0;0;0,1;0;0;0;0;0;0;1;0;0;0;0;0;0;1;0;0;0;0;0;0;1;0;0;0;0;0;0;1;0;0;0;0;0;0;1
2152,0,0;0;0;0;0;0,1;0;0;0;0;0;0;1;0;0;0;0;0;0;1;0;0;0;0;0;0;1;0;0;0;0;0;0;1;0;0;0;0;0;0;1
2153,0,0;0;0;0;0;0,1;0;0;0;0;0;0;1;0;0;0;0;0;0;1;0;0;0;0;0;0;1;0;0;0;0;0;0;1;0;0;0;0;0;0;1
2154,0,0;0;0;0;0;0,1;0;0;0;0;0;0;1;0;0;0;0;0;0;1;0;0;0;0;0;0;1;0;0;0;0;0;0;1;0;0;0;0;0;0;1
2155,0,0;0;0;0;0;0,1;0;0;0;0;0;0;1;0;0;0;0;0;0;1;0;0;0;0;0;0;1;0;0;0;0;0;0;1;0;0;0;0;0;0;1
2156,0,0;0;0;0;0;0,1;0;0;0;0;0;0;1;0;0;0;0;0;0;1;0;0;0;0;0;0;1;0;0;0;0;0;0;1;0;0;0;0;0;0;1
2157,0,0;0;0;0;0;0,1;0;0;0;0;0;0;1;0;0;0;0;0;0;1;0;0;0;0;0;0;1;0;0;0;0;0;0;1;0;0;0;0;0;0;1
2158,0,0;0;0;0;0;0,1;0;0;0;0;0;0;1;0;0;0;0;0;0;1;0;0;0;0;0;0;1;0;0;0;0;0;0;1;0;0;0;0;0;0;1
2159,0,0;0;0;0;0;0,1;0;0;0;0;0;0;1;0;0;0;0;0;0;1;0;0;0;0;0;0;1;0;0;0;0;0;0;1;0;0;0;0;0;0;1
2160,0,0;0;0;0;0;0,1;0;0;0;0;0;0;1;0;0;0;0;0;0;1;0;0;0;0;0;0;1;0;0;0;0;0;0;1;0;0;0;0;0;0;1
2161,0,0;0;0;0;0;0,1;0;0;0;0;0;0;1;0;0;0;0;0;0;1;0;0;0;0;0;0;1;0;0;0;0;0;0;1;0;0;0;0;0;0;1
2162,0,0;0;0;0;0;0,1;0;0;0;0;0;0;1;0;0;0;0;0;0;1;0;0;0;0;0;0;1;0;0;0;0;0;0;1;0;0;0;0;0;0;1
2163,0,0;0;0;0;0;0,1;0;0;0;0;0;0;1;0;0;0;0;0;0;1;0;0;0;0;0;0;1;0;0;0;0;0;0;1;0;0;0;0;0;0;1
2164,0,0;0;0;0;0;0,1;0;0;0;0;0;0;1;0;0;0;0;0;0;1;0;0;0;0;0;0;1;0;0;0;0;0;0;1;0;0;0;0;0;0;1
2165,0,0;0;0;0;0;0,1;0;0;0;0;0;0;1;0;0;0;0;0;0;1;0;0;0;0;0;0;1;0;0;0;0;0;0;1;0;0;0;0;0;0;1
2166,0,0;0;0;0;0;0,1;0;0;0;0;0;0;1;0;0;0;0;0;0;1;0;0;0;0;0;0;1;0;0;0;0;0;0;1;0;0;0;0;0;0;1
2167,0,0;0;0;0;0;0,1;0;0;0;0;0;0;1;0;0;0;0;0;0;1;0;0;0;0;0;0;1;0;0;0;0;0;0;1;0;0;0;0;0;0;1
2168,0,0;0;0;0;0;0,1;0;0;0;0;0;0;1;0;0;0;0;0;0;1;0;0;0;0;0;0;1;0;0;0;0;0;0;1;0;0;0;0;0;0;1
2169,0,0;0;0;0;0;0,1;0;0;0;0;0;0;1;0;0;0;0;0;0;1;0;0;0;0;0;0;1;0;0;0;0;0;0;1;0;0;0;0;0;0;1
2170,0,0;0;0;0;0;0,1;0;0;0;0;0;0;1;0;0;0;0;0;0;1;0;0;0;0;0;0;1;0;0;0;0;0;0;1;0;0;0;0;0;0;1
2171,0,0;0;0;0;0;0,1;0;0;0;0;0;0;1;0;0;0;0;0;0;1;0;0;0;0;0;0;1;0;0;0;0;0;0;1;0;0;0;0;0;0;1
2172,0,0;0;0;0;0;0,1;0;0;0;0;0;0;1;0;0;0;0;0;0;1;0;0;0;0;0;0;1;0;0;0;0;0;0;1;0;0;0;0;0;0;1
2173,0,0;0;0;0;0;0,1;0;0;0;0;0;0;1;0;0;0;0;0;0;1;0;0;0;0;0;0;1;0;0;0;0;0;0;1;0;0;0;0;0;0;1
2174,0,0;0;0;0;0;0,1;0;0;0;0;0;0;1;0;0;0;0;0;0;1;0;0;0;0;0;0;1;0;0;0;0;0;0;1;0;0;0;0;0;0;1
2175,0,0;0;0;0;0;0,1;0;0;0;0;0;0;1;0;0;0;0;0;0;1;0;0;0;0;0;0;1;0;0;0;0;0;0;1;0;0;0;0;0;0;1
2176,0,0;0;0;0;0;0,1;0;0;0;0;0;0;1;0;0;0;0;0;0;1;0;0;0;0;0;0;1;0;0;0;0;0;0;1;0;0;0;0;0;0;1
2177,2,1.7363885812738786;3.280671171602235;5.6769748295304669;29.137806495802785;457.30130369370642;471.59507207919728,0.027266842219722354;0.96289055224696296;-0.25500605265346293;0.052609953330538139;-0.033964432249917395;0.056114409660113607;-0.074274472898418681;-0.25128229802466917;-0.96470793231968055;-0.021197957618761573;0.0019058777009202041;-0.015037583501767895;0.96630464086217338;-0.057043319714428685;-0.065042573023086234;0.23161933168117346;0.062708704462968487;0.034510404153860433;-0.1774086547742825;-0.017767290647070999;0.0028982204148357655;0.46932219305826045;0.7552412270473966;0.42136618395832021;-0.16883424106905326;-0.043319698953779434;0.0079739901489011972;0.84944543255892846;-0.45224099899140036;-0.2085074438535261;-0.0040411994592168266;0.065213325590362664;-0.0028280600515409953;0.036255493413802513;0.46904069243074176;-0.88000526191048101
2178,0,0;0;0;0;0;0,1;0;0;0;0;0;0;1;0;0;0;0;0;0;1;0;0;0;0;0;0;1;0;0;0;0;0;0;1;0;0;0;0;0;0;1
2179,0,0;0;0;0;0;0,1;0;0;0;0;0;0;1;0;0;0;0;0;0;1;0;0;0;0;0;0;1;0;0;0;0;0;0;1;0;0;0;0;0;0;1
2180,0,0;0;0;0;0;0,1;0;0;0;0;0;0;1;0;0;0;0;0;0;1;0;0;0;0;0;0;1;0;0;0;0;0;0;1;0;0;0;0;0;0;1
2181,0,0;0;0;0;0;0,1;0;0;0;0;0;0;1;0;0;0;0;0;0;1;0;0;0;0;0;0;1;0;0;0;0;0;0;1;0;0;0;0;0;0;1
2182,0,0;0;0;0;0;0,1;0;0;0;0;0;0;1;0;0;0;0;0;0;1;0;0;0;0;0;0;1;0;0;0;0;0;0;1;0;0;0;0;0;0;1
2183,0,0;0;0;0;0;0,1;0;0;0;0;0;0;1;0;0;0;0;0;0;1;0;0;0;0;0;0;1;0;0;0;0;0;0;1;0;0;0;0;0;0;1
2184,0,0;0;0;0;0;0,1;0;0;0;0;0;0;1;0;0;0;0;0;0;1;0;0;0;0;0;0;1;0;0;0;0;0;0;1;0;0;0;0;0;0;1
2185,0,0;0;0;0;0;0,1;0;0;0;0;0;0;1;0;0;0;0;0;0;1;0;0;0;0;0;0;1;0;0;0;0;0;0;1;0;0;0;0;0;0;1
2186,0,0;0;0;0;0;0,1;0;0;0;0;0;0;1;0;0;0;0;0;0;1;0;0;0;0;0;0;1;0;0;0;0;0;0;1;0;0;0;0;0;0;1
2187,0,0;0;0;0;0;0,1;0;0;0;0;0;0;1;0;0;0;0;0;0;1;0;0;0;0;0;0;1;0;0;0;0;0;0;1;0;0;0;0;0;0;1
2188,0,0;0;0;0;0;0,1;0;0;0;0;0;0;1;0;0;0;0;0;0;1;0;0;0;0;0;0;1;0;0;0;0;0;0;1;0;0;0;0;0;0;1
2189,0,0;0;0;0;0;0,1;0;0;0;0;0;0;1;0;0;0;0;0;0;1;0;0;0;0;0;0;1;0;0;0;0;0;0;1;0;0;0;0;0;0;1
2190,0,0;0;0;0;0;0,1;0;0;0;0;0;0;1;0;0;0;0;0;0;1;0;0;0;0;0;0;1;0;0;0;0;0;0;1;0;0;0;0;0;0;1
2191,0,0;0;0;0;0;0,1;0;0;0;0;0;0;1;0;0;0;0;0;0;1;0;0;0;0;0;0;1;0;0;0;0;0;0;1;0;0;0;0;0;0;1
2192,0,0;0;0;0;0;0,1;0;0;0;0;0;0;1;0;0;0;0;0;0;1;0;0;0;0;0;0;1;0;0;0;0;0;0;1;0;0;0;0;0;0;1
2193,0,0;0;0;0;0;0,1;0;0;0;0;0;0;1;0;0;0;0;0;0;1;0;0;0;0;0;0;1;0;0;0;0;0;0;1;0;0;0;0;0;0;1
2194,0,0;0;0;0;0;0,1;0;0;0;0;0;0;1;0;0;0;0;0;0;1;0;0;0;0;0;0;1;0;0;0;0;0;0;1;0;0;0;0;0;0;1
2195,0,0;0;0;0;0;0,1;0;0;0;0;0;0;1;0;0;0;0;0;0;1;0;0;0;0;0;0;1;0;0;0;0;0;0;1;0;0;0;0;0;0;1
2196,0,0;0;0;0;0;0,1;0;0;0;0;0;0;1;0;0;0;0;0;0;1;0;0;0;0;0;0;1;0;0;0;0;0;0;1;0;0;0;0;0;0;1
2197,0,0;0;0;0;0;0,1;0;0;0;0;0;0;1;0;0;0;0;0;0;1;0;0;0;0;0;0;1;0;0;0;0;0;0;1;0;0;0;0;0;0;1
2198,0,0;0;0;0;0;0,1;0;0;0;0;0;0;1;0;0;0;0;0;0;1;0;0;0;0;0;0;1;0;0;0;0;0;0;1;0;0;0;0;0;0;1
2199,0,0;0;0;0;0;0,1;0;0;0;0;0;0;1;0;0;0;0;0;0;1;0;0;0;0;0;0;1;0;0;0;0;0;0;1;0;0;0;0;0;0;1
2200,0,0;0;0;0;0;0,1;0;0;0;0;0;0;1;0;0;0;0;0;0;1;0;0;0;0;0;0;1;0;0;0;0;0;0;1;0;0;0;0;0;0;1
2201,0,0;0;0;0;0;0,1;0;0;0;0;0;0;1;0;0;0;0;0;0;1;0;0;0;0;0;0;1;0;0;0;0;0;0;1;0;0;0;0;0;0;1
2202,0,0;0;0;0;0;0,1;0;0;0;0;0;0;1;0;0;0;0;0;0;1;0;0;0;0;0;0;1;0;0;0;0;0;0;1;0;0;0;0;0;0;1
2203,0,0;0;0;0;0;0,1;0;0;0;0;0;0;1;0;0;0;0;0;0;1;0;0;0;0;0;0;1;0;0;0;0;0;0;1;0;0;0;0;0;0;1
2204,0,0;0;0;0;0;0,1;0;0;0;0;0;0;1;0;0;0;0;0;0;1;0;0;0;0;0;0;1;0;0;0;0;0;0;1;0;0;0;0;0;0;1
2205,0,0;0;0;0;0;0,1;0;0;0;0;0;0;1;0;0;0;0;0;0;1;0;0;0;0;0;0;1;0;0;0;0;0;0;1;0;0;0;0;0;0;1
2206,0,0;0;0;0;0;0,1;0;0;0;0;0;0;1;0;0;0;0;0;0;1;0;0;0;0;0;0;1;0;0;0;0;0;0;1;0;0;0;0;0;0;1
2207,0,0;0;0;0;0;0,1;0;0;0;0;0;0;1;0;0;0;0;0;0;1;0;0;0;0;0;0;1;0;0;0;0;0;0;1;0;0;0;0;0;0;1
2208,0,0;0;0;0;0;0,1;0;0;0;0;0;0;1;0;0;0;0;0;0;1;0;0;0;0;0;0;1;0;0;0;0;0;0;1;0;0;0;0;0;0;1
2209,0,0;0;0;0;0;0,1;0;0;0;0;0;0;1;0;0;0;0;0;0;1;0;0;0;0;0;0;1;0;0;0;0;0;0;1;0;0;0;0;0;0;1
2210,0,0;0;0;0;0;0,1;0;0;0;0;0;0;1;0;0;0;0;0;0;1;0;0;0;0;0;0;1;0;0;0;0;0;0;1;0;0;0;0;0;0;1
2211,0,0;0;0;0;0;0,1;0;0;0;0;0;0;1;0;0;0;0;0;0;1;0;0;0;0;0;0;1;0;0;0;0;0;0;1;0;0;0;0;0;0;1
2212,0,0;0;0;0;0;0,1;0;0;0;0;0;0;1;0;0;0;0;0;0;1;0;0;0;0;0;0;1;0;0;0;0;0;0;1;0;0;0;0;0;0;1
2213,0,0;0;0;0;0;0,1;0;0;0;0;0;0;1;0;0;0;0;0;0;1;0;0;0;0;0;0;1;0;0;0;0;0;0;1;0;0;0;0;0;0;1
2214,0,0;0;0;0;0;0,1;0;0;0;0;0;0;1;0;0;0;0;0;0;1;0;0;0;0;0;0;1;0;0;0;0;0;0;1;0;0;0;0;0;0;1
2215,0,0;0;0;0;0;0,1;0;0;0;0;0;0;1;0;0;0;0;0;0;1;0;0;0;0;0;0;1;0;0;0;0;0;0;1;0;0;0;0;0;0;1
2216,0,0;0;0;0;0;0,1;0;0;0;0;0;0;1;0;0;0;0;0;0;1;0;0;0;0;0;0;1;0;0;0;0;0;0;1;0;0;0;0;0;0;1
2217,0,0;0;0;0;0;0,1;0;0;0;0;0;0;1;0;0;0;0;0;0;1;0;0;0;0;0;0;1;0;0;0;0;0;0;1;0;0;0;0;0;0;1
2218,0,0;0;0;0;0;0,1;0;0;0;0;0;0;1;0;0;0;0;0;0;1;0;0;0;0;0;0;1;0;0;0;0;0;0;1;0;0;0;0;0;0;1
2219,0,0;0;0;0;0;0,1;0;0;0;0;0;0;1;0;0;0;0;0;0;1;0;0;0;0;0;0;1;0;0;0;0;0;0;1;0;0;0;0;0;0;1
2220,0,0;0;0;0;0;0,1;0;0;0;0;0;0;1;0;0;0;0;0;0;1;0;0;0;0;0;0;1;0;0;0;0;0;0;1;0;0;0;0;0;0;1
2221,0,0;0;0;0;0;0,1;0;0;0;0;0;0;1;0;0;0;0;0;0;1;0;0;0;0;0;0;1;0;0;0;0;0;0;1;0;0;0;0;0;0;1
2222,0,0;0;0;0;0;0,1;0;0;0;0;0;0;1;0;0;0;0;0;0;1;0;0;0;0;0;0;1;0;0;0;0;0;0;1;0;0;0;0;0;0;1
2223,0,0;0;0;0;0;0,1;0;0;0;0;0;0;1;0;0;0;0;0;0;1;0;0;0;0;0;0;1;0;0;0;0;0;0;1;0;0;0;0;0;0;1
2224,0,0;0;0;0;0;0,1;0;0;0;0;0;0;1;0;0;0;0;0;0;1;0;0;0;0;0;0;1;0;0;0;0;0;0;1;0;0;0;0;0;0;1
2225,0,0;0;0;0;0;0,1;0;0;0;0;0;0;1;0;0;0;0;0;0;1;0;0;0;0;0;0;1;0;0;0;0;0;0;1;0;0;0;0;0;0;1
2226,0,0;0;0;0;0;0,1;0;0;0;0;0;0;1;0;0;0;0;0;0;1;0;0;0;0;0;0;1;0;0;0;0;0;0;1;0;0;0;0;0;0;1
2227,0,0;0;0;0;0;0,1;0;0;0;0;0;0;1;0;0;0;0;0;0;1;0;0;0;0;0;0;1;0;0;0;0;0;0;1;0;0;0;0;0;0;1
2228,0,0;0;0;0;0;0,1;0;0;0;0;0;0;1;0;0;0;0;0;0;1;0;0;0;0;0;0;1;0;0;0;0;0;0;1;0;0;0;0;0;0;1
2229,0,0;0;0;0;0;0,1;0;0;0;0;0;0;1;0;0;0;0;0;0;1;0;0;0;0;0;0;1;0;0;0;0;0;0;1;0;0;0;0;0;0;1
2230,0,0;0;0;0;0;0,1;0;0;0;0;0;0;1;0;0;0;0;0;0;1;0;0;0;0;0;0;1;0;0;0;0;0;0;1;0;0;0;0;0;0;1
2231,0,0;0;0;0;0;0,1;0;0;0;0;0;0;1;0;0;0;0;0;0;1;0;0;0;0;0;0;1;0;0;0;0;0;0;1;0;0;0;0;0;0;1
2232,0,0;0;0;0;0;0,1;0;0;0;0;0;0;1;0;0;0;0;0;0;1;0;0;0;0;0;0;1;0;0;0;0;0;0;1;0;0;0;0;0;0;1
2233,0,0;0;0;0;0;0,1;0;0;0;0;0;0;1;0;0;0;0;0;0;1;0;0;0;0;0;0;1;0;0;0;0;0;0;1;0;0;0;0;0;0;1
2234,0,0;0;0;0;0;0,1;0;0;0;0;0;0;1;0;0;0;0;0;0;1;0;0;0;0;0;0;1;0;0;0;0;0;0;1;0;0;0;0;0;0;1
2235,0,0;0;0;0;0;0,1;0;0;0;0;0;0;1;0;0;0;0;0;0;1;0;0;0;0;0;0;1;0;0;0;0;0;0;1;0;0;0;0;0;0;1
2236,2,3.4972697654251013;4.3792193329040838;5.1291785322652155;7.8791415946762005;65.190291095704978;78.847155504803609,-0.64507258622528008;0.64550868874583356;-0.29877515015592937;0.26638159755538188;-0.035132782527403303;0.075761685430626433;0.46432911117455028;0.7463975709502727;0.38839591559665054;-0.25334616531954535;0.093206033890964393;0.059716924798774183;-0.36076334629803475;-0.10481100802156174;0.86065567068056203;0.34328571477028968;-0.017057781162812015;0.00047668353542328545;0.3761398333290169;0.11352005790598731;-0.079406692042793978;0.60344633783200097;-0.52730041716152654;-0.44399705732525707;0.1228928821736356;-0.044813077832167397;-0.0028967853554870485;0.095788774095353593;-0.51873241125471137;0.83941761505942369;-0.28556226690268671;0.018133834092668329;0.11331383329478439;-0.6113006716427124;-0.66532571761142179;-0.29822560134997805
2237,2,3.5748462048017484;4.4343617561270019;5.2514483358252413;7.7180469042611053;61.533441449587002;76.321621543066357,0.7170537568782932;0.61963289841229086;-0.18644504621133193;0.24876747781780384;-0.025919062906651288;0.067603031391891916;-0.42598340328976902;0.73310119438730181;0.44739721241615932;-0.26722293027877619;0.084658979544103355;0.048592961914285172;0.2928214177391914;-0.22276654265137777;0.8590817701622302;0.35557680780258683;-0.010912664234270852;-0.0074326627478752631;-0.35560756999151655;0.16300975028747755;-0.096626135418651588;0.60288913834158619;-0.54776410756701133;-0.41726926170166817;-0.11684683384622248;-0.025456548964542899;-0.0099693456503293226;0.10801432602045492;-0.47149892115370251;0.86696082172580058;0.28021017248922908;-0.042101815807364766;0.13272713867854888;-0.60425935947273612;-0.68533584681680904;-0.25938119930898995
2238,0,0;0;0;0;0;0,1;0;0;0;0;0;0;1;0;0;0;0;0;0;1;0;0;0;0;0;0;1;0;0;0;0;0;0;1;0;0;0;0;0;0;1
2239,0,0;0;0;0;0;0,1;0;0;0;0;0;0;1;0;0;0;0;0;0;1;0;0;0;0;0;0;1;0;0;0;0;0;0;1;0;0;0;0;0;0;1
2240,2,3.778310230027869;4.5857029348473954;5.2199399568948825;7.6000252512233653;60.056911522308155;75.649266999448443,-0.70253204861999796;-0.63915430486317071;-0.12112533916116683;0.27878759324667446;-0.024165791980776764;0.07037499413447261;0.41764521490842976;-0.66464485162966658;0.56945304388322149;-0.22847840575036166;0.073860604356372567;0.043418379844129454;-0.33851684913625063;0.3613177153105866;0.80403156802644582;0.32867280549873146;-0.0061188512866742943;-0.018050918399415271;0.35669532778517388;-0.1306434920029825;-0.060980021479526268;0.62787061681326983;-0.54251767969038345;-0.40427121327116256;0.10017541506957514;0.03977026592055484;0.0048665690959566474;0.085829106748666117;-0.48742717664139029;0.8622109026077146;-0.28312694560675639;0.02300235478530922;0.10412912238058912;-0.6003841569031817;-0.67971501379309729;-0.29324650787668999
2241,2,3.6874024740384743;4.5503066485773234;5.195308770547137;7.4644488482795088;60.840581780315873;78.198050531102226,-0.65146130371514155;-0.70163690759153541;-0.061328299003427726;0.27168830015408024;-0.024906193591058737;0.071468933731322348;0.4674463921537238;-0.58615241907749993;0.60154768215712096;-0.26146734471639316;0.076339087076857118;0.043206129133364544;-0.34594021434672045;0.38137788802275624;0.78847381222890578;0.33608176967793774;-0.0080291515975553923;-0.013034526037880752;0.37212194463713455;-0.12593729762592756;-0.047513944992832249;0.60864889759529983;-0.56290912163652651;-0.39507887902518113;0.09990154746030748;0.044337549132782102;-0.0024546980539234754;0.080929736470699731;-0.46874110743634945;0.87280008533657139;-0.29826556532139714;0.029255372940049651;0.10210128672372283;-0.60651977420962921;-0.67594574708880262;-0.27383975867698046
2242,0,0;0;0;0;0;0,1;0;0;0;0;0;0;1;0;0;0;0;0;0;1;0;0;0;0;0;0;1;0;0;0;0;0;0;1;0;0;0;0;0;0;1
2243,0,0;0;0;0;0;0,1;0;0;0;0;0;0;1;0;0;0;0;0;0;1;0;0;0;0;0;0;1;0;0;0;0;0;0;1;0;0;0;0;0;0;1
2244,0,0;0;0;0;0;0,1;0;0;0;0;0;0;1;0;0;0;0;0;0;1;0;0;0;0;0;0;1;0;0;0;0;0;0;1;0;0;0;0;0;0;1
2245,0,0;0;0;0;0;0,1;0;0;0;0;0;0;1;0;0;0;0;0;0;1;0;0;0;0;0;0;1;0;0;0;0;0;0;1;0;0;0;0;0;0;1
2246,2,4.0859382749805073;4.8249846830342964;5.2400306818032236;7.2832504887504594;54.894089221180337;76.693043391073473,-0.45310988190435109;-0.81533762416197242;0.1684070488803468;0.31430178222239979;-0.0011307352507174775;0.052613406690337414;0.49990121496524065;-0.19812695436539118;0.81093736564000107;-0.22923437421672735;0.024370791093530252;0.0090961782066173238;-0.52214992862158671;0.53816490480009138;0.55460343016917124;0.35596922208229725;0.0013693070872811135;-0.058626448423849911;0.3937120376528081;-0.0072113739302111833;-0.047765872246384893;0.61911103374596244;-0.61726435539053104;-0.2798990753828457;0.023737775446329185;0.071500195392380339;0.018089537620656276;0.053062112011617729;-0.35555009085325834;0.92992771432380084;-0.34143375881934351;-0.034416884899747521;0.061853700116242472;-0.57951518052789952;-0.70140698559104819;-0.22495106635892176
2247,2,3.9851474004739296;4.9175387954644485;5.2892604014525775;7.6162266900390305;57.99371268875786;76.652237888824089,0.39294433633720044;0.86602277088811719;0.10677941231169986;0.28506447159209547;-0.0029621371662430372;0.054101189723335004;-0.4951964759258749;0.22878936934728814;0.78006587932574856;-0.30569182272149353;0.021025170939581499;0.0065992669428758021;0.56815959105297564;-0.4369985091974507;0.61595487434114893;0.32305608457245294;-0.0034203559789168906;-0.049493860374738553;-0.39688119488302176;-0.0095910396834227047;0.011371939894714767;0.6159459797549901;-0.62616083636131903;-0.26607736679395683;-0.012030688311425307;-0.065404036802647308;0.023660843444959737;0.026209991690865672;-0.36026711758007102;0.92980555995447622;0.34628089400457002;0.048193481549403998;-0.0024119004951130025;-0.58382284054075539;-0.69113506646182299;-0.24340157002221657
2248,2,3.9327952387632914;4.8599345913883756;5.2094172990207452;8.0644773237612046;58.338015130716059;76.688982562752514,0.44191331425365776;0.83060945374048134;-0.062467601567296686;0.32608130350303499;-0.00068889275322729421;0.067593385247758986;-0.41990991132722405;0.37045099701795958;0.79659632971295757;-0.22376317677170471;0.041500189804090905;0.0091535584701407779;0.59738672570742368;-0.40434744203051959;0.60049706266453373;0.34276830374971412;-0.016605941755715777;-0.035632238859710751;-0.39673506944404879;-0.011844139672100162;0.0050096411180643834;0.61409626960972818;-0.64393277409616323;-0.22510499465972975;-0.021948028539748567;-0.064624311066411061;0.024571450727946146;0.0021695882690050535;-0.31396008196957437;0.94665864285281598;0.33710081239818745;0.070996866574050202;0.017507463509413464;-0.59075543053745838;-0.69626227224077142;-0.2173541936177768
2249,2,4.0635636100528103;4.9305044689941466;5.2663434313872619;7.9509270518627932;57.994998810691079;75.728862573588657,0.39596279310462751;0.82941207900649561;0.23209390774477395;0.31223154717525026;-0.00056828938155577171;0.062710650278824859;-0.48540723967624344;0.12339349169660188;0.80648424786061967;-0.31302552171373116;0.026549753847542493;0.0068665243014591811;0.57455055647116593;-0.53466037218421136;0.54306610791246179;0.29579250774424376;-0.0094444665392996729;-0.039073537406836376;-0.39688920577008291;-0.032318239376336405;0.027027343524706239;0.61279016151884769;-0.64440674000192966;-0.22345510474051508;-0.015101367143768725;-0.069345583363842667;0.0065080203089578157;0.0074689063922971496;-0.30873008130987883;0.94844648598730918;0.34602867404151172;0.0716565230277426;-0.0046847359495817333;-0.58435067335442969;-0.69902165918094661;-0.21215693069959302
2250,2,4.1156130932699808;4.9432389888116601;5.2438855702514813;7.34546567672942;56.985667211487396;72.608206744509687,-0.35603718486670133;-0.79519600161037129;-0.37167826486850181;0.31726218229339798;-0.0053251794719747546;0.045524274727179799;0.48770882227025231;-0.0064924852611388398;-0.78290251728210769;-0.3861872780282396;-0.0045759750869044068;-0.00021792058155065244;-0.5868427381498208;0.58889649208619599;-0.49309857494796105;0.24866720952478874;-0.00049933897666822524;-0.061924851565634043;0.39953035765680334;0.071498687791274149;-0.055012121396154329;0.60744093283523004;0.63909108775597689;-0.23412644472890323;-0.0091063026679885084;0.069857683430416928;-0.016323664955699056;0.016017789383229349;0.32645497762200615;0.942306264061191;-0.36233381972309053;-0.104066949491412;0.04979875203133674;-0.56491384867275574;0.696376466225618;-0.22657563476553216
2251,2,4.0891553739024182;4.9223198692185637;5.3083175525774253;7.7051069566664863;57.644425873303831;74.356798020737543,-0.35670005647769476;-0.81700317707597769;-0.3306727434627536;0.30747663942155157;-0.0059649474197300883;0.036728064197466929;0.41377565479155087;0.041757582056237363;-0.85019911777868362;-0.32274620930846709;0.0047756715001750867;-0.0044214601350676041;-0.66785779978834237;0.55611257340622555;-0.40290644088311972;0.27798978241298977;-0.005009866495743997;-0.071188109737163677;0.3754046591264657;0.076511659262739881;-0.047511115503580136;0.62898922508543342;0.62936381582561118;-0.2433798345435837;-0.024287094142408525;0.067252152845522675;-0.020367141561729883;0.023473206120988247;0.34327071881963755;0.93599502495249154;-0.33764214108545015;-0.10547052964020646;0.053021412677063444;-0.57256986017590117;0.69712474818512349;-0.24133653354673149
2252,2,4.2410100012642946;5.025554595003479;5.3885596907037208;7.8948518012197919;58.411559528228906;74.9407775319102,-0.3247677114437636;0.77167650848605196;-0.44177084675172046;0.31755972372365149;-0.0053562529571227471;0.054835674860826265;0.47729098206903586;-0.12675987886554368;-0.80593214382158984;-0.32601170277754016;-0.017268811126372054;0.0040974278608455856;-0.63983195454958119;-0.60141007296168336;-0.393222487479512;0.26834966849319564;0.004584708399712414;-0.047586818410059337;0.38171353680125975;-0.090376049664724664;-0.025901165114937143;0.62123398806145269;0.64426246723329106;-0.21083235166144976;-0.012785468956260123;-0.064953103057190861;0.0038902780138668847;-0.0079224126084102287;0.31597007465608007;0.94641567993354792;-0.33386468753472509;0.11986028346050709;0.0014032955829204941;-0.57867626043925835;0.69623334048416274;-0.23357832696959496
2253,2,3.9313856989653804;4.9715174941720912;5.351715531686998;8.4645475497748279;60.148313693730245;75.30071069463591,-0.39291322799599171;-0.82508784278065683;-0.23819961357558614;0.32695662849194385;-0.017682000260782604;0.029948305556941036;0.3121686500717456;0.0094346207288307348;-0.91234224161596744;-0.26372710792968412;0.021385613857734936;-0.0091664644335294112;-0.70659069883557302;0.54685440656029938;-0.32286313334291983;0.30254115376043961;-0.0028688314898445985;-0.076810543285516023;0.3668518374540351;0.067971223603653472;-0.041003731215270546;0.63776265152664779;0.63203040391038801;-0.23003196516009727;-0.04336628717079756;0.058213338817230155;-0.019472491490531131;0.013531283128271935;0.34453446976297841;0.93566249145616942;-0.33531866633223467;-0.1099200509389463;0.06776054519528181;-0.57016833532223465;0.69358153080268958;-0.25444098028984485
2254,0,0;0;0;0;0;0,1;0;0;0;0;0;0;1;0;0;0;0;0;0;1;0;0;0;0;0;0;1;0;0;0;0;0;0;1;0;0;0;0;0;0;1
2255,2,3.5927813779606765;4.9501689384385879;5.5181120418794976;9.307098473234106;63.558773112942411;79.411763069322575,-0.3480941132064902;-0.83517312645474073;-0.28994098297127008;0.30997817235259051;-0.032997974017937581;0.008673521090863277;0.14067714961214156;0.2078424601541114;-0.95196473560921491;-0.16633247576420723;0.05335613505835804;-0.016162420869132103;-0.8322180040578212;0.46989915741462174;-0.066601585077277842;0.27094554944327159;-0.0081215079463042641;-0.093245669035084938;0.30948898626837823;0.10916007161268153;-0.015050419394980804;0.6972941419992591;0.595234928464904;-0.22704711072598743;-0.066707139275866315;0.044956553762210874;-0.0062038421224444263;0.048972871575208417;0.32751355488505368;0.94012079404862026;-0.25733314321751888;-0.15666885301574249;0.070686594445342768;-0.56055159155172851;0.73104620166782874;-0.23577805983192707
2256,2,3.2836737715813498;4.8709609770496787;5.5758876639050134;10.036484796575374;66.775813545857673;84.689269649252893,0.34545107507031841;0.88842651323466526;0.14075512720093078;0.26495667001791073;-0.036709646340338756;-0.00049432751675195343;-0.077397903999598769;-0.079789372140293344;0.98100877724892133;-0.14365569105359613;0.065497461339756077;-0.018388161856586975;0.85184718799718717;-0.42611233360209105;0.071956326073617044;0.27886222878048045;-0.0063851763049166312;-0.099005158828163992;-0.3018001390964602;-0.080616095984043859;0.033454176362127476;0.72486893605080749;0.57200512617004684;-0.2206211693771459;0.070250136639970068;-0.03648980994451391;0.0099904578956736233;0.069831205787853276;0.30756181605200744;0.94560189024151176;0.23024135561175069;0.1221875798346068;-0.10683196665876744;-0.548712575987923;0.75666212994251869;-0.21684781406229056
2257,2,2.9980852269140796;5.0256015393648088;5.499907269897391;10.081342016854629;71.919258292087221;84.073645838669819,0.31625525993760079;0.90614859246008284;0.13803063914779184;0.24027717423746039;-0.044441373097227128;-0.010803957541445561;-0.028669104684774589;-0.11156633319697561;0.98542396746405458;-0.093340764272153168;0.08148577665310372;-0.017838441896311154;0.88615475090544993;-0.37716795404835818;0.0051175685660005714;0.24701872988192738;-0.0069110308167336584;-0.10668592746570263;-0.27480338173104868;-0.089489897185782499;0.0094771736639762769;0.78124132857047501;0.51937542107562329;-0.1905150949036814;0.081329605618556705;-0.027782056638798715;0.0033625597322341216;0.086793431300078633;0.25907440612946636;0.95809691479657677;0.17821068173704704;0.12414399602543939;-0.098791871463277406;-0.50464345350917694;0.80899128195840753;-0.18422127413537298
2258,2,2.7886042704661786;4.9777700545007333;5.2508448571102901;10.2217147812564;78.791230327751407;91.180053543221661,-0.27088694371298766;-0.87525880871674766;0.31917864695770881;0.23590961509793287;-0.052301429193623308;0.016687924510626933;-0.04140371966997624;0.34368732861103896;0.93262066909290586;-0.013089683621726618;0.09998727327203602;0.014650771198273314;-0.90803368624596059;0.29341785784233659;-0.14651675581138757;0.23554232364284663;-0.0034514286881419179;0.11145190452043026;0.27320022665658206;0.094646306293774241;-0.060674771407875791;0.83440037331926065;0.44140982000338241;0.14715866533642913;-0.085701354630181692;0.01928272279422958;-0.013642656031979967;0.10072380732640235;0.18141193902754282;-0.97418774133558417;-0.13563824805430885;-0.1427489121560932;-0.054854072086287099;-0.42699632211801164;0.87149427566151438;0.1280152838744909
2259,0,0;0;0;0;0;0,1;0;0;0;0;0;0;1;0;0;0;0;0;0;1;0;0;0;0;0;0;1;0;0;0;0;0;0;1;0;0;0;0;0;0;1
2260,0,0;0;0;0;0;0,1;0;0;0;0;0;0;1;0;0;0;0;0;0;1;0;0;0;0;0;0;1;0;0;0;0;0;0;1;0;0;0;0;0;0;1
2261,0,0;0;0;0;0;0,1;0;0;0;0;0;0;1;0;0;0;0;0;0;1;0;0;0;0;0;0;1;0;0;0;0;0;0;1;0;0;0;0;0;0;1
2262,2,2.2545061532960058;4.2430637137455074;5.2209961964060634;9.036337047351207;92.954358665667598;106.19496681733337,-0.23962119967134618;-0.24911322179007803;-0.92482981417032328;0.14557527385371363;-0.01597355071978114;0.06137412760224821;-0.062075612205555457;0.95505227765770118;-0.25203174873473871;-0.025708312732175883;0.12163617374593036;-0.071031590386019888;-0.93969701866353939;0.01375307079665034;0.2711851590074611;0.16143335923330709;0.072307047984942349;0.10931576753135544;0.19608071159954316;0.010027858130582783;0.079395560093489817;0.9159236882950863;0.33045362773142067;-0.083859041113289762;-0.11596353584991188;-0.0060763127309548231;0.0019920166797392025;0.12052918016629513;-0.48358284794976764;-0.85914603796069633;-0.06166542827248607;-0.15965939746465291;-0.03634279698210139;-0.31407436503780028;0.79791553864647324;-0.48381147079965348
2263,2,2.3311303943757395;4.2008900007062779;5.3317932340570611;8.9931749470097522;84.09833592231081;95.045103402014504,0.22786996436762236;-0.26236496462847192;0.92682314446530467;0.11945705370915891;-0.013991250582946941;0.075980397368638194;0.092466553742632435;0.94826750825935613;0.23670427214133047;0.13259718028986356;0.11192127168878305;-0.078111289141447063;0.93654057541515323;-0.049368417692454356;-0.27303735624210629;0.17276318155315967;0.083705336243789327;0.095138908002261352;-0.22048792347335133;-0.12604699792199431;-0.08815258715913675;0.90935040847745785;0.30936840850809338;-0.071409899267983037;0.10347741985809664;-0.030836533469484013;0.0032256322724372078;0.15214419810934965;-0.56983327041365084;-0.80029576657063806;0.055627920696661406;-0.1125938718051479;0.051373779337351058;-0.29704353347864426;0.74823293317111905;-0.57749589280284352
2264,2,2.3241994570500184;4.1588774396244368;5.3124698931123167;9.4725178057444648;80.37450337369188;89.757238271625639,0.23173429010057248;-0.33896958385898279;0.90063130148000681;0.1188421932580605;-0.022029815194173054;0.075188557298333902;0.053573788892301473;0.92688021195597947;0.33492091976950034;0.072253858303336277;0.12127842459736625;-0.076953382098354131;0.93242615302691634;0.023200172621724101;-0.26468566391613862;0.20380257025067725;0.086684339194128171;0.10457082842129992;-0.24421109905012806;-0.072312676861629052;-0.075079852329654306;0.91452169569924924;0.30366700464366669;-0.030516389467052228;0.10273360685402755;-0.016240178659428711;-0.0013005579680681564;0.17856302911383773;-0.54123892839054233;-0.81508038756750334;0.061784158246464743;-0.14128545309211329;0.031528716047160725;-0.26624375701633624;0.76950557437459122;-0.55875084917609419
2265,2,2.2593182779524521;4.1739912249879012;5.3044188872511802;9.1073547898221516;76.569699680754383;88.873144910627275,0.21371956141131082;-0.4111510000632394;0.87553587928357368;0.11264190539742118;-0.0015815203372157301;0.07762105543056623;0.036603413818823066;0.89529991730084824;0.41352050255006273;0.06095718140459936;0.10226992083595284;-0.10919765325345011;0.94005472569749426;0.054260863431206022;-0.2361692361576706;0.19641748541222581;0.11206509453115035;0.080240571397978383;-0.23598472507943044;-0.054126326552104351;-0.080766948015320028;0.9297330273558162;0.25605898880687128;-0.069918112863852439;0.10556231090929805;-0.010511382759116969;0.0011083236187764127;0.18218116395389061;-0.74036239674799609;-0.63829336981414997;0.049487977382882256;-0.15299844291449133;0.011716726404212551;-0.21776757323388976;0.60272472357297535;-0.75053669232380871
2266,2,2.2550589357165918;4.1298646605866658;5.2586532995782695;8.8394203701217027;75.926000752392738;89.90051977503488,0.20632479210899107;-0.48957332029576656;0.83439527693217841;0.12294484763668055;-0.0061170202115097914;0.079873102809133775;0.01546518369317069;0.85205957186496684;0.50027575585734474;0.043656686405575837;0.10507202890098297;-0.1026325711589873;0.93976224389970842;0.095008038333125433;-0.21457853155469514;0.20974486228254813;0.10546624216961346;0.081611371126840471;-0.24867012564155683;-0.030776987224354697;-0.086349429573632203;0.92595338930300841;0.26446805321501243;-0.049261459073450073;0.095840883861225801;-0.00566617541934807;0.0029156155649046854;0.19417297147830259;-0.71353515067964701;-0.66628699860837282;0.054913812371887027;-0.15590572219603793;0.00013758143892760342;-0.20950639346643132;0.63144561138883426;-0.72805313749968481
2267,2,2.1664850643586768;3.9916406404476463;5.3987524551842254;8.1612586487964371;77.6365608801257;89.013975711995613,-0.17835295795917977;-0.39499278863025494;0.88985549184739443;0.12224238748285303;-0.027228354198780745;0.068143513091528204;0.032199032353322721;0.89420126205603001;0.41813263044452503;-0.040505874164470421;-0.053633604010968616;-0.14147487158298389;-0.95330633682731836;0.11892787706061611;-0.16871227509254455;0.16990970370322589;-0.13504480281088957;0.038638714744177245;0.21105296351471256;0.034551285882616828;-0.069090421988236506;0.94025415156531122;-0.22494037359205946;-0.12171001445018734;-0.10699080960895965;0.013362860473828959;0.0092070556720359343;0.20281375657890013;0.91935743019751448;-0.31927750692462692;-0.048683530258977675;-0.16990762940247112;0.00046790491670668349;-0.17127602300000547;-0.2869297794776195;-0.92579528947363521
2268,2,2.1641866430782;3.7109986883627761;5.3659392196343916;7.775545534210182;81.316829164625105;93.687937793091578,-0.20044528336315387;-0.34926043415769903;-0.90066423669333429;0.14718868834720333;-0.039176106431773848;0.058681282863695894;0.045162864322525552;0.91214956242989498;-0.37562129576472403;-0.020602889623068648;-0.03350438566102848;-0.15266011494107368;-0.95281211608290939;0.12711827916802812;0.19261575338092013;0.13988627197840361;-0.13816980967675693;0.015169729804467017;0.18862065616281315;0.019115978828660691;0.10255831969853496;0.94028439997565438;-0.20619720632800786;-0.16397127110470999;-0.11002424408253081;0.016288392773060878;-0.0014435410287551879;0.20248368350126517;0.95810893344603132;-0.16927758189111791;-0.047412965442325448;-0.17091089961315376;-0.0095631432622507312;-0.1822318494445396;-0.1332733141842187;-0.95785165770421388
2269,2,1.9960239443879617;3.4841492605223809;5.1318697803387279;7.3935144461027322;71.948977665867758;84.941120818495648,-0.17139774682029493;-0.33035990881176341;-0.91639464099669954;0.13207582277120458;-0.024992412054176572;0.060310541088299495;0.064033001009615342;0.91499101128285065;-0.35693229117413955;-0.03881039432706463;-0.049976610750392537;-0.16518672840319146;-0.95670396747775044;0.13191992704666963;0.15748234216150542;0.13793182378667412;-0.14977753629544821;0.032487920459867294;0.17992177375665472;0.030619938856901389;0.089507061313943287;0.95502658618904812;-0.17583931969540001;-0.12523503490937821;-0.13015927668489244;0.020831350004132523;-0.0019893490450825432;0.16437209412679438;0.94372862966821658;-0.25490929417573321;-0.043895601147319219;-0.18676023926648833;-0.0020104333749373137;-0.15142845394058158;-0.23000264027287415;-0.94199679202816644
2270,2,1.9964919100692942;3.4642328955693147;5.0699031490313446;7.5442818798322824;71.860007601740421;95.971496067589115,-0.18131202289894213;-0.30031384156585433;-0.92558586302175927;0.12861319872746241;-0.037476180080909423;0.047775915796060844;0.089278440441509441;0.92042354773125634;-0.33450958164647043;-0.076244406765917594;-0.016610117994700895;-0.16390267556680832;-0.95695173521571819;0.15683894871244952;0.15768413680175702;0.10568502925291082;-0.15360537159456872;0.0040863240927579581;0.15372408736842522;0.060443077598026897;0.08071084597616339;0.95481480758222659;-0.16068858702725416;-0.16943777588228964;-0.13316410567157416;0.030624816826623526;-0.0032397796934177745;0.17076781222887849;0.97312554404865004;-0.071999827841087244;-0.045110007932684451;-0.18287260176788367;-0.0022640961562377074;-0.16013477970164416;-0.043941816567415207;-0.96795844004906284
2271,2,2.0225321977862043;3.4362865751348424;5.0935047029597058;7.6909233214168111;78.061020066268966;89.304214379497949,-0.17367133966919934;-0.29642701029360996;-0.93158941218235392;0.099627461793333177;-0.032002850686502521;0.056219630558989632;0.072746157202260534;0.9248434231663818;-0.32456199651458523;-0.070666765194626752;-0.028439651908458374;-0.16801649964486459;-0.95853858593777863;0.13701265005925078;0.15448604890239509;0.12523646607015776;-0.15065568810095159;0.01356705184476208;0.16721568348498286;0.046654374369889583;0.053733298748277411;0.95474172914480493;-0.18574926638347722;-0.14470818160014171;-0.12616641863603498;0.026459415114574881;-0.0063196505713952232;0.18762582407116341;0.96377729018014935;-0.13882320141688348;-0.043254961142274645;-0.18747392517886668;-0.0027446028880704458;-0.15053632615089108;-0.11000187435267139;-0.96343832444920341
2272,2,1.9034258588243371;3.2255161820743816;4.989005776426036;7.5254576040551315;67.678691676700851;83.643168625429425,-0.17265299977738804;-0.27464998183941108;-0.93919678652290195;0.09284007871236262;-0.023301956217148596;0.059206958625411227;0.083260004888729686;0.92722401208406269;-0.30447893209708193;-0.088980526986363537;-0.060768705074099864;-0.17031034381542881;-0.95628251861785007;0.14528641585608873;0.1522118161570408;0.12805703805881011;-0.15274404368412689;0.038959172198518598;0.16739036802582891;0.0573260476938455;0.043941272834867491;0.95940950596064889;-0.17665034170618757;-0.12284710064573275;-0.13691989519726777;0.030694126005879278;-0.010131463651460719;0.15621259718696948;0.93182548478429861;-0.29581591701392984;-0.044898383390115308;-0.19871203069410598;-0.00023896062605211453;-0.14898189473208068;-0.27005437067503063;-0.92917847523796537
2273,2,1.7763933416512123;2.9458064078099069;4.865496546695864;7.3000246587920383;64.079496654318163;73.599052337023736,0.14687388369855908;0.22927681870584007;-0.95791770945390775;0.065732384048439479;-0.0082840675500677717;0.062165042573340622;-0.086190434974220756;-0.93875235937963941;-0.25348153202815488;-0.066621460485388681;-0.096612843372599747;-0.18245511529422631;0.95990571016300885;-0.12920744041197721;0.13062203148998505;0.12778186279252471;-0.15555173656310622;0.065572880229096089;-0.15694580450841245;-0.032153479682032853;0.031116477713242458;0.97185068308960287;-0.15053960548043385;-0.078803616454663369;0.15293255347977547;-0.027660355762970781;-0.0099685563944329654;0.12582661083815525;0.88105349621569151;-0.42855520939515201;0.03949616862519427;0.21836355915966768;-0.0033245184313857681;-0.12077476563682875;-0.4092475460652043;-0.87674184244692521
2274,2,1.7520069923229802;2.963679568200591;4.9164333893278123;7.4582006644948704;72.857301142174919;88.071817698146972,-0.17146861550573633;-0.24710583562120242;-0.94875382717768142;0.0757497856216926;-0.029157903255741129;0.053058288421241488;0.093534941162244298;0.93121603749154069;-0.27746034530293229;-0.11624667376965796;-0.040848752527527461;-0.17866659827494843;-0.95798038548755216;0.15107336423990397;0.14842740020375558;0.10425508553134651;-0.16110893018031855;0.024382704200271992;0.14727748336636465;0.080654485156541639;0.02713449152979526;0.96132533543147547;-0.17279427496642233;-0.13062792306092971;-0.14356064767700008;0.036783752034437449;-0.010627246785720215;0.16482865816829026;0.95583377930196967;-0.19271133189913739;-0.042696522472835917;-0.20271666371598571;0.0014212895583004242;-0.13625223249771606;-0.16747845710708398;-0.95418406856381666
2275,2,1.7219027344087856;2.8221268379542677;4.8016077891339091;7.3219547765147377;71.553095732959889;79.010004354524142,-0.15355732939879765;-0.22567099034031304;-0.95878505149315763;0.051358718018590432;-0.018422835627579869;0.056981198222934078;0.096686363889601806;0.93758455057453183;-0.25108506459590418;-0.10093535472919861;-0.070311547552916742;-0.18278837037688114;-0.96000424382608485;0.14352614302259667;0.13184383283468165;0.1118504463978746;-0.16023208796514071;0.047164154559937832;0.14651282881916375;0.062560304524155633;0.011487619395409652;0.96955062685757576;-0.16213107595154358;-0.090406471343336237;-0.14979401308721707;0.033408204872271398;-0.013121664723820663;0.14457764342151216;0.92204309844740695;-0.32435674346852028;-0.039490379793794161;-0.21066124716446946;0.00075870224507590422;-0.11718660705275655;-0.3042903255293965;-0.92072605596585222
2276,2,1.7804203310902462;3.1108911082679898;4.7886080268420095;7.9344713501610453;67.104337780484428;74.76524318071101,-0.14756780745353373;-0.25291903386478354;-0.95295829052731296;0.048061504163146099;-0.0078957643820944303;0.061269484655254294;0.098523109885603671;0.92959205137872991;-0.27775346172174686;-0.10268847827866517;-0.08647356358415835;-0.17601769389299532;-0.95516869024654116;0.15074673183477585;0.12062074693258151;0.15034718396507041;-0.15553872710648714;0.059851984654928803;0.1837409613270167;0.058060380542018689;0.0014445964339068081;0.96414298763762241;-0.16715838676508976;-0.073161038855224528;-0.14307112575545314;0.034193720579061747;-0.012745271599565729;0.14897521093909535;0.8904896223912826;-0.40377421839310834;-0.044041165972570712;-0.21124815939505862;0.0031012286709441016;-0.11302910437145665;-0.38386715179016984;-0.89067132241596025
2277,2,1.8333964199604211;2.9949596389039255;4.7926349948027713;7.6959871642140563;69.337818603579919;72.308773921508262,0.15480906767244978;0.24711431405922213;-0.95385006418185603;0.038106148535751568;-0.028575415179982838;0.053573225633329648;-0.092042026320334758;-0.93241814134880019;-0.27066629585417634;-0.096128440029524323;-0.025455689279002318;-0.19742280077006358;0.95605155767431438;-0.14367835511484117;0.12917385050456895;0.1396846048068843;-0.17038163762489633;0.0097146500728578916;-0.17295379592709251;-0.049667048936230265;-0.0051270927569702892;0.96378664239122136;-0.14962800779031465;-0.12775229499776353;0.14736307317814251;-0.031170915954052775;-0.012794850403995877;0.16103724139447045;0.96937743786330688;-0.10734607729604306;0.04357689942681621;0.21318774352840775;0.0058251538755154497;-0.12238370182962278;-0.086164919411285401;-0.96447703115069683
2278,2,1.9962302587904341;3.1312070266585699;4.9223455990820737;7.9656673091689845;69.577004649758905;80.587874024165728,-0.18088784123999921;-0.26749132169247858;-0.94314785877116691;0.050275250441523089;-0.039464637159269234;0.045989562000920546;0.11339139918044695;0.92221297250073087;-0.29863519510995529;-0.11892205412222873;0.0021905818557451592;-0.18257981974848328;-0.9491610909654089;0.17892029437885909;0.14482525916040886;0.13655445684186429;-0.16515296046284711;-0.0135563982251403;0.1766940828122005;0.067855100885230044;-0.0043035422612831414;0.95756633795558133;-0.14038573777717028;-0.16587621574569583;-0.14025912449142366;0.038145059871444627;-0.014143999266564403;0.1709360259323934;0.97396587648778588;0.029045243412143762;-0.051203339508698438;-0.1997493282121838;0.0098085602855628399;-0.13612644124413376;0.053334411794986464;-0.96747467592684488
2279,2,1.9527674997229332;3.0749955306863543;4.8283209183512703;7.5651220571620765;68.980156313069301;74.273579429674854,-0.16261803458497026;-0.25509240967903374;-0.95032516353313778;0.039847667433662116;-0.035710226883872848;0.050022634912392221;0.12738579979900844;0.92429592693315765;-0.28461529330545793;-0.10555530392704458;0.0032184510046753753;-0.19311072385289488;-0.95263315955015315;0.18156102191362214;0.12503706505883871;0.12474397412897578;-0.16767682646777629;-0.01465652731206548;0.16195325113129572;0.056643845455719627;-0.0050929620631076228;0.96557230695092555;-0.13160428447940137;-0.14452374653857897;-0.14568448464158265;0.037905459620188396;-0.013386914891540595;0.16007441628201879;0.97488110839871367;0.033808332030030863;-0.04863611359370637;-0.20735271448324552;0.0060665460473575674;-0.11728377310145154;0.053721875699655974;-0.96848389450128891
2280,0,0;0;0;0;0;0,1;0;0;0;0;0;0;1;0;0;0;0;0;0;1;0;0;0;0;0;0;1;0;0;0;0;0;0;1;0;0;0;0;0;0;1
2281,0,0;0;0;0;0;0,1;0;0;0;0;0;0;1;0;0;0;0;0;0;1;0;0;0;0;0;0;1;0;0;0;0;0;0;1;0;0;0;0;0;0;1
2282,0,0;0;0;0;0;0,1;0;0;0;0;0;0;1;0;0;0;0;0;0;1;0;0;0;0;0;0;1;0;0;0;0;0;0;1;0;0;0;0;0;0;1
2283,0,0;0;0;0;0;0,1;0;0;0;0;0;0;1;0;0;0;0;0;0;1;0;0;0;0;0;0;1;0;0;0;0;0;0;1;0;0;0;0;0;0;1
2284,0,0;0;0;0;0;0,1;0;0;0;0;0;0;1;0;0;0;0;0;0;1;0;0;0;0;0;0;1;0;0;0;0;0;0;1;0;0;0;0;0;0;1
2285,0,0;0;0;0;0;0,1;0;0;0;0;0;0;1;0;0;0;0;0;0;1;0;0;0;0;0;0;1;0;0;0;0;0;0;1;0;0;0;0;0;0;1
2286,0,0;0;0;0;0;0,1;0;0;0;0;0;0;1;0;0;0;0;0;0;1;0;0;0;0;0;0;1;0;0;0;0;0;0;1;0;0;0;0;0;0;1
2287,0,0;0;0;0;0;0,1;0;0;0;0;0;0;1;0;0;0;0;0;0;1;0;0;0;0;0;0;1;0;0;0;0;0;0;1;0;0;0;0;0;0;1
2288,0,0;0;0;0;0;0,1;0;0;0;0;0;0;1;0;0;0;0;0;0;1;0;0;0;0;0;0;1;0;0;0;0;0;0;1;0;0;0;0;0;0;1
2289,2,2.1618875587290498;3.4141168931858137;4.75691369233469;6.6671042720328879;39.992631568878359;53.590576004663802,-0.039458386934813849;-0.11318329513617914;-0.99252422396805562;0.016156700640193051;-0.015487101056049168;0.0052300061695279088;0.10417489919950325;-0.96387195630171452;0.1028021229937587;-0.071232769340734026;0.046739263836545336;-0.20560033931859895;-0.96899314239589773;-0.10426549477228;0.054394441646949718;0.063874077150370676;-0.20314734139175539;-0.043283960784367775;0.053897967049665131;-0.053363634796862298;0.018424565939045255;0.99181576058339416;0.094629970510818756;-0.03541938365702834;-0.21213820432891098;-0.016435805125519645;-0.0046250981343015276;-0.072622506376629828;0.95175833604701821;0.20877714523821433;-0.027116553597731699;0.21012207629912974;-0.031745502039027436;-0.040155005797806786;0.20373509037103385;-0.95445545581441349
2290,2,2.1650335096747049;3.2979346142971186;5.0216190244847283;8.002426438962905;46.861054268672007;61.640438235862646,0.022601917379433126;0.14070618465420959;0.98976136844016738;0.0060965206058161284;-0.0050674268642162132;0.0007142098819315362;-0.10660895664343109;0.9642125582501595;-0.13385136768795763;-0.053203964558944009;0.063928693091328717;-0.18464816435315518;0.97507497017164335;0.10288637101445074;-0.037663551389570553;-0.020861830597897674;-0.18347340989781488;-0.055919102152507678;0.024935851844464344;0.054197379927460723;-0.014165936388200559;0.99683714954906844;0.049767919288904679;0.0088896027231989815;0.19010368957151119;0.013696768731284732;-0.0013935496742188361;-0.054770533966791747;0.93263018905580652;0.3014501000624295;0.024316182739676329;-0.19179507112419408;0.028897855868339244;0.0035833648570916072;0.29991504783265344;-0.93371645131457692
2291,2,2.3037321198000789;3.6083945386474476;5.0560282372573946;8.6339552069353651;44.482904600674352;58.376369368800518,-0.040040992304857456;-0.22470224400140476;-0.97336710096910528;0.012559488799003756;-0.017442753497178321;-0.00034178724401165081;-0.091096261293409364;-0.94830694919240088;0.22336501699917824;-0.01573159784469955;-0.046494994984312636;-0.20028530336343381;0.97334044636997719;-0.099502033845416893;-0.020776631764397993;-0.0087818491969119741;0.20133025107599925;-0.040805164131577386;0.023212324742202903;-0.035686570755406433;0.021100738258103175;0.98999926848126618;-0.060534183950142817;0.11823483612199094;0.20388522792067004;-0.01241791389557158;0.010344330816286261;-0.088287213172422246;-0.95291312559278196;0.20574631742372607;0.024465636915870458;0.19721673609752766;-0.040995623783643291;0.10781684280226898;-0.21281983798510501;-0.94968920990610062
2292,2,2.3421163139548571;3.7303881049725249;5.1328718322414275;7.537274538227476;41.443276418623391;55.198141812620491,-0.10640980644835538;-0.36715630530947085;-0.92313493966008653;-0.031918675315864085;-0.024744853005617542;0.007998384693234115;-0.099800811232847023;-0.89614950534174975;0.36889318539980936;0.060564027141993083;-0.045475248327275168;0.21245630215294165;0.96591206308202826;-0.13610209783080002;-0.061530028151450554;-0.025552374645730708;0.2064235490927642;0.037954650891147856;0.0072006373570036707;-0.075035552572231518;0.064876619002541894;-0.96663439194694445;-0.14996366178300555;-0.18231207702350516;0.21204155223711657;-0.0080905260688016283;-0.0038377460648388456;0.18245924355677914;-0.94269329761111986;-0.18164846902109516;0.026780002017116757;0.19466057575020554;-0.061074156498249543;-0.16427674722381383;-0.20868459263433031;0.94187256583212819
2293,2,2.5343252162407346;3.8127425141640097;5.1773840614221234;7.2056695140708609;31.64221059248279;40.775715303648319,-0.075997701008634455;0.47515877980136317;-0.86974626527971099;0.10181814315286497;-0.01745052471230164;0.036310637053691322;-0.10580021396298576;0.84207328437712148;0.47631332525128828;-0.028143595972068773;-0.052507359543259829;0.22202574141601336;0.96526717078736213;0.13173220005737848;-0.013868331431065226;0.0095684318572799906;0.22074394207968573;0.043521753163622848;0.046715484495937022;0.0074728527920747976;0.10905535025777049;0.95567728412810449;-0.21007325809138963;-0.16857907757492516;0.21863479261871199;0.025337981689918989;-0.023404007969170599;-0.24514265049107645;-0.92428009551862245;-0.19136471066978172;0.036144766313154782;-0.21699190846453148;-0.063513011222169707;0.1238364177219177;-0.22312798945702797;0.93938948626288588
2294,2,2.3907967170641249;3.6885421938480993;5.1618052490147948;7.5677556818957816;27.451093686573493;41.630841895471491,-0.12725354405852171;0.5560387546673573;-0.81409013668617336;0.086076189746702308;-0.040432030179933492;0.053299424734472363;-0.072065851720178917;0.78680525013118985;0.558825710044623;-0.067561197721885985;-0.031088198272314165;0.2406799652350177;0.95525082978919929;0.13599946019452294;-0.072358754653123414;-0.05174733237915688;0.24571549837427289;0.026651774597906745;0.12738269842866529;0.061059156949962223;0.11857122411327932;0.91805683255886239;-0.27744389723172019;-0.21490190410215915;0.21816395449081225;0.0018860317316483429;-0.027263706377907523;-0.32403169725995096;-0.91603670414928839;-0.086820723228515709;0.047822984321349633;-0.22255509595971062;-0.070234186086805692;0.19371034839558482;-0.14465237385738852;0.9406387947557614
2295,2,2.4553100622805122;3.7350819112374434;5.236440635542591;7.6164989431024903;19.617952989043349;31.846160124815889,-0.10828621057782203;0.65695383380632033;-0.73885704330272761;0.066959400575086689;-0.048357837608330734;0.062880717428291405;-0.073177418269679217;0.70101749265722046;0.65615033514880439;-0.036885745931022652;-0.047180980668997702;0.2628681702646859;0.94531567602628275;0.13527171988688511;-0.039824610037156448;-0.073959945167083832;0.28153484145870139;0.041974926431272125;0.16575371143529744;0.039219141437986847;0.093753655422318463;0.9115588966077004;-0.29036347413428981;-0.21667313882727277;0.24230747852402176;0.0057401185076395604;-0.014588329750984711;-0.35652483871702928;-0.89390667917368472;-0.12191064691976981;0.055769415541201427;-0.2389908094864561;-0.11387906046100602;0.17503206656429521;-0.18108978288993105;0.92917974099031575
2296,2,2.3390517999247491;3.6353032632481157;5.3257224658035431;7.4092934425185017;16.694766451244497;29.299062984406621,0.14955833360093049;0.69952369206300802;-0.68154056078004821;-0.11155047427402161;-0.070224359320440174;0.08016485609007791;0.065159003308627034;0.65053108662190096;0.70431430935388539;0.073593673599376366;-0.031250712927992773;0.26478732487291518;-0.93376600319266478;0.16445760017162794;-0.074774228694665601;0.076921480721316118;0.29675135523138957;0.038279011513847667;-0.18689989924431127;0.043972500794959173;0.1507213931067414;-0.8817425750854393;-0.31306606593975339;-0.25482852692540325;-0.24891700848772816;0.0063480725849939523;-0.030324153335975237;0.3862487018707676;-0.88352400853878721;-0.08530965492329888;-0.067649175663288166;-0.24177619501338088;-0.10107492151129077;-0.22263315180779875;-0.16554615719012972;0.92183548985386865
2297,2,2.2930799355295912;3.5256775805307705;5.370892624236399;8.3258040474141595;15.691468534417687;28.839036016154591,-0.14970928256751018;0.68376425423595688;-0.69625876417920463;0.096556190706098943;-0.075256720303983518;0.10144277564878149;-0.054481327633681548;0.66468906901583868;0.6980122700312219;-0.042719334291280532;-0.01930890440973989;0.2565176836870991;0.92271251958062439;0.15992253218401936;-0.089080532657376602;-0.12770101519329655;0.3131971260512586;0.026288011760867737;0.24391500279670902;0.039481025514590727;0.11001682922747198;0.87418437129624615;-0.33179102394645038;-0.229258410383749;0.24056566191514953;0.002780922658035063;-0.017240862471292886;-0.40996214812077941;-0.87855164381639406;-0.04360306977095376;0.076512453754777734;-0.25201822345485497;-0.087557483055210772;0.20069163739982129;-0.11803761294135884;0.93207099259498627
2298,2,2.3149864680371444;3.5483466719852488;5.3636594038357188;9.2898226899679255;13.648819136667045;26.784336390666049,-0.15105670698984144;-0.72922004380751282;0.64736107558307288;0.062806825428121105;-0.07123640864415301;0.13162185823716907;-0.071635208720761123;-0.6073616642974754;-0.75120654491401606;-0.017055046677632999;-0.015542988201504616;0.24725790865465061;0.90767200847872431;-0.17579460837602195;0.061067255077999621;-0.1586457746088461;0.33999280971597934;0.02711048851553801;0.30851947664740376;-0.044322178238613133;-0.066399817772744549;0.81869355864365601;-0.43729530208138728;-0.192239478406693;0.21433641356765393;-0.0096556575680606885;0.0061387696614234009;-0.52699030052171036;-0.821736393852039;-0.030975922553034101;0.084008496696966944;0.25765966876910196;0.091850611115559699;0.15039290692266299;-0.11229780380434322;0.93962157788030987
2299,2,2.3838434743521768;3.5771689184513926;5.7459134071239841;8.5532361786313498;11.934533186367934;24.858459673906232,-0.10155870238355198;-0.78940945181182454;-0.58068917898973271;-0.038408478977162812;-0.065968602206448915;0.15326955676239951;-0.039412175739099192;-0.54083210706169715;0.80424642293659887;0.018036769633192073;0.0058914044506890306;0.24243549629375477;0.91467992772387829;-0.11673782638358805;-0.044350197378734468;0.088415993376811941;0.37357559765799303;0.019744737334512565;0.33279904451955356;-0.027423999398097018;0.059904569305109852;-0.66351695104421593;-0.65182976231993528;-0.14059651286991443;0.19338424628583173;-0.0044815856558970118;-0.00386712792761661;0.7355864853833548;-0.6491980461343555;-0.0046811768563843172;0.057796794444448289;0.26444936925547247;-0.10206525602938771;-0.095078146792007434;-0.098562495708424472;0.94739343759934802
2300,2,2.247696576310291;3.6263047049475512;5.7410791288342722;9.0004691764129561;10.844021199883764;23.748168436393879,0.089920967111650055;0.81645925060918256;-0.53626627932757565;-0.017658459438365443;0.094630285869861996;0.16870174045043815;0.01982015420169727;0.50048492397280786;0.83320985699062622;0.029869272939081919;-0.021996111440287829;0.23131652382095602;-0.9056832263214798;0.10430627728335168;-0.059105185286761341;0.041750047681974482;-0.40395530378454281;0.021017069593848168;-0.36161354330730322;0.025863348001868906;0.076610809490366083;-0.53399924114712227;0.74263459104686114;-0.16135733956365822;-0.19152827142317128;-0.021110214704189983;-0.00043253840917534703;0.83780195777724153;0.51082549520755227;0.0040355894117734522;-0.061740110652891471;-0.26629829056002025;-0.093898805752748629;-0.099928118474363004;0.12219889626610196;0.94421300263717378
2301,2,2.1277280145414377;3.4379563970537124;5.766785436435879;8.5567984145245468;11.571210066752048;23.510896292599746,-0.11081263686277933;-0.8333674790165686;-0.49687053729208214;-0.0269799282174569;-0.081708912571146985;0.19731855128189832;-0.015205148087150183;-0.46338597651123109;0.85766231191508102;0.022114214587658946;0.046515263374804286;0.21634437998525208;0.90444829343529254;-0.11420520777566293;-0.07247578513274576;0.04311057356699155;0.40197124749673785;0.01543729966469517;0.3688454913746515;-0.032170985885125077;0.075344511509505177;-0.50380183708207638;-0.76662420017969723;-0.12534863540035002;0.17390986453210855;0.00098101766063882884;0.0018228000345228723;0.85753675189477807;-0.4835635474453775;0.023411295449068007;0.056311721658705398;0.27693558362685977;-0.081253741122342904;-0.087971310867552943;-0.089625506115235079;0.94750293888543657
2302,2,2.0035733339626978;3.4384503073616126;5.9280292520525446;8.629855382465939;12.176202616658262;24.02697332049884,0.11572827332215251;0.87004375279086066;0.42231507139754543;-0.00024828786601975025;-0.078045750819624851;0.21257849041257848;0.0018087456040866948;0.39471620643078159;-0.89816671898210654;-0.016515319858852705;0.05023921335649538;0.18626769817773353;-0.9014485767684326;0.11533454530912551;0.073774221692468722;0.085868726495461206;0.40111304273706166;0.019510486166113686;-0.37567958121710548;0.037191314285998797;-0.066919814891809759;0.22670835597783584;-0.88443809237586735;-0.13919762518602627;-0.17202187144937639;-0.0066675749022959497;0.010941832265895412;-0.96770942215378342;-0.18106503322414647;0.031594675389546294;-0.057161933443276781;-0.2692457555012277;0.070042160721854541;0.067048788040951934;-0.124410303691507;0.94834585916143466
2303,2,2.0988077188240952;3.4454133503126618;6.1170352177191454;8.4606916313238347;12.400303852609321;24.799677730714343,-0.098302558832719197;-0.88653671614674567;-0.37905078322025137;0.039036245428398439;-0.083181772969210865;0.2286191719417924;0.0078243639810004102;-0.35740543758496457;0.91768918161434576;0.0018619811316497644;0.062893426506751754;0.16151671241543519;0.90585265381864821;-0.10451228796666948;-0.077170414542469493;-0.13781194590546161;0.37848887678044252;0.017519020299603831;0.37865505559708257;-0.025359609576485021;0.073414913330819065;-0.051395239488511872;-0.91068558046962977;-0.13637372348124921;0.15265114134642374;0.032725763616167559;0.003787116671353103;0.98723628333904556;0.0024840804011226725;0.031155439206635049;0.054993942769636435;0.27143525999818752;-0.052987782133200927;-0.046942756115240125;-0.12851841335261482;0.94961584649299247
2304,2,2.0413116411701364;3.4739768118957022;6.1691013913909014;7.982461410625608;12.73686642698979;23.857945016835735,0.11460383476106523;0.90300742051816363;-0.33243938584655791;0.0482889054405976;-0.077334357780269938;0.22938001875319558;-0.0022736238956369186;0.31158758309820805;0.93409690261564982;-0.021586518190217108;0.07216161037411721;0.15715504903720209;-0.90388621364631117;0.12204133928895131;-0.077739599641095808;-0.1318209837991034;0.38008996785179361;0.014388311262804567;-0.39116825227375296;0.03123265280454264;0.08038826026727397;0.034453146659959848;-0.90717074645053197;-0.12411230757947271;-0.11474910643413816;-0.031809545873249787;0.021162696012346747;0.98860446268147506;0.083265879060659576;0.033180497463441323;-0.060585026683486198;-0.26572422216056441;-0.063193779900754518;-0.036050369283942563;-0.12021541332953377;0.95182732874890752
2305,2,1.9682097335079531;3.3472225095949497;6.0460725405766391;7.4874145709709587;13.840946153637702;24.038668420960011,-0.11326788701806684;0.9217976470112399;-0.24809184850800936;0.045768212072138735;-0.064838515123649534;0.2638392619743386;0.0037494814719970832;0.23299172930472956;0.9632061726738006;-0.033068617816163194;0.06165563063431953;0.11419156761418488;0.90115606283261296;0.1242661599942493;-0.064971194883911676;-0.18781844242635357;0.36440296312317749;0.013752413869969102;0.39834487846323541;0.027022742937096732;0.067557290064619913;0.16597202902899671;-0.89264181169834611;-0.10803251044608485;0.11260793381617426;-0.017982137518021656;0.02023144524753186;0.96641130639036033;0.22865846925192548;0.018742356185251163;0.060949886160184548;-0.28197213978486591;-0.038597262139249043;-0.0062001955503030682;-0.10055312566973895;0.95138725112897293
2306,2,1.932382861677435;3.3940403985022845;6.0486132387229787;8.2613171857939207;12.413260904917461;24.492157541525472,0.12987964657481438;0.90778912891778085;-0.29803678925690008;0.068771540817701884;-0.083820770945531045;0.24180322703676177;-0.008611794570541665;0.28299767301184925;0.94500317848352677;-0.046045761274270618;0.065575488579675392;0.14278231643447664;-0.89096011400538944;0.14309125718030966;-0.089437693973864779;-0.22498725230037636;0.35602431981654276;0.018527986080347027;-0.39531433438231495;0.026957862128224964;0.07745194957863695;0.12266304250242155;-0.89591951024814098;-0.13886344144011423;-0.16893662717661545;-0.027097227805295349;0.034556354880419693;0.96284147472460213;0.20360985582186403;0.031801505360417447;-0.066589658967705426;-0.27183656950799828;-0.054323269838571706;-0.020520036519489863;-0.13338618790464529;0.94895033174989663
2307,0,0;0;0;0;0;0,1;0;0;0;0;0;0;1;0;0;0;0;0;0;1;0;0;0;0;0;0;1;0;0;0;0;0;0;1;0;0;0;0;0;0;1
2308,0,0;0;0;0;0;0,1;0;0;0;0;0;0;1;0;0;0;0;0;0;1;0;0;0;0;0;0;1;0;0;0;0;0;0;1;0;0;0;0;0;0;1
2309,0,0;0;0;0;0;0,1;0;0;0;0;0;0;1;0;0;0;0;0;0;1;0;0;0;0;0;0;1;0;0;0;0;0;0;1;0;0;0;0;0;0;1
2310,0,0;0;0;0;0;0,1;0;0;0;0;0;0;1;0;0;0;0;0;0;1;0;0;0;0;0;0;1;0;0;0;0;0;0;1;0;0;0;0;0;0;1
2311,0,0;0;0;0;0;0,1;0;0;0;0;0;0;1;0;0;0;0;0;0;1;0;0;0;0;0;0;1;0;0;0;0;0;0;1;0;0;0;0;0;0;1
2312,0,0;0;0;0;0;0,1;0;0;0;0;0;0;1;0;0;0;0;0;0;1;0;0;0;0;0;0;1;0;0;0;0;0;0;1;0;0;0;0;0;0;1
2313,0,0;0;0;0;0;0,1;0;0;0;0;0;0;1;0;0;0;0;0;0;1;0;0;0;0;0;0;1;0;0;0;0;0;0;1;0;0;0;0;0;0;1
2314,0,0;0;0;0;0;0,1;0;0;0;0;0;0;1;0;0;0;0;0;0;1;0;0;0;0;0;0;1;0;0;0;0;0;0;1;0;0;0;0;0;0;1
2315,0,0;0;0;0;0;0,1;0;0;0;0;0;0;1;0;0;0;0;0;0;1;0;0;0;0;0;0;1;0;0;0;0;0;0;1;0;0;0;0;0;0;1
2316,0,0;0;0;0;0;0,1;0;0;0;0;0;0;1;0;0;0;0;0;0;1;0;0;0;0;0;0;1;0;0;0;0;0;0;1;0;0;0;0;0;0;1
2317,0,0;0;0;0;0;0,1;0;0;0;0;0;0;1;0;0;0;0;0;0;1;0;0;0;0;0;0;1;0;0;0;0;0;0;1;0;0;0;0;0;0;1
2318,1,2.2792910479513706;4.6472032207196703;5.164619538098564;7.8679030528101928;90.253111811267033;102.68585147338131,-0.2105002420335933;-0.55302128703676945;-0.76025046057570356;0.26501352550451102;-0.0095964270294517252;0.039396462663067421;-0.0021876252617765257;-0.81369959980027529;0.55240837497355488;-0.12164896191276005;-0.1333796520461687;0.012023365803846929;0.89005114762160364;-0.13506366266531303;-0.26747509808383774;-0.3269095665321195;-0.0097281890540927667;-0.10516335482214254;0.35584958468190098;-0.036629998943902307;0.2115626474960422;0.84405275369742971;0.31212501661950964;-0.13199805081746682;0.14593983433078397;0.0079222233496064089;0.023291915645877868;0.056026109387449334;0.083334042889105148;0.98387641610159049;0.12476559964269415;0.11141681179726007;0.0044754003797230308;0.30419651661005481;-0.9368332565841514;0.042517509645040405
2319,2,2.3500773700556152;4.6361598004704296;5.0885104509582968;7.378841336296758;98.869696034211699;124.5511351546219,-0.22050839774302183;-0.62313931687654056;-0.69428400234464915;0.28269755527525603;-0.0089775368460519069;0.032321176484007598;-0.036725674157615566;-0.7418571786921021;0.65312086465096497;-0.06490452939162733;-0.13216292174338715;0.0072561435309926037;0.90147381370824953;-0.21171602784021529;-0.21848693209391465;-0.28783835101140282;-0.0064453405022631104;-0.1090517699576698;0.31997728881383791;0.029435511088026854;0.20853159430625759;0.84809871891887212;0.35497178937485985;-0.089365828047423684;0.13255307651486817;0.0020747704078472582;0.012751382681578461;0.027941339449614057;0.055120604398472266;0.98916317157201883;0.13197140269985475;0.12510350816798008;-0.0042775186567653731;0.33610477906571257;-0.92377896233514489;0.024090873455114303
2320,2,2.2854912618397472;4.3866291220774176;5.1096570298837536;6.7799290288189535;106.61787210665135;114.15962400992322,0.24775179528235991;0.21665000199320097;0.89721934559417205;0.29204914209724325;-0.0014876443868539083;0.037206934524669014;0.02218342380363833;0.9625061407908112;-0.20749486202656095;-0.096227337180589401;-0.14413592169099185;0.00091789886610137367;-0.90310804112701359;0.06473890516818992;0.32061890211813759;-0.25182252806509242;-0.00087124678624224275;-0.11829165271419932;-0.2922923561731039;0.10011131596210519;-0.21407966365721226;0.84556233121340652;0.3665927791215024;-0.096679257736338217;-0.14920931001757173;0.0057396526368813884;-0.017529208664943164;0.050463289584450337;0.013195545154934048;0.98725665306831378;-0.12175619089516905;-0.11134792561109462;-0.054858656388042638;0.35286089748733762;-0.91905248805796758;-0.024480777744864748
2321,2,2.2689297543951445;4.3042598992273238;4.8433621819397317;6.8189866442365012;106.64098629087385;114.2849767764223,0.24886846219149036;0.27920079933939274;0.87956494228854154;0.29132471619555345;-0.0066528563875957701;0.039529276582140033;0.011723092679780422;0.94556705183806944;-0.26314972113077217;-0.12280379541795047;-0.14547206694928322;-0.01657858297712806;-0.91300306766422823;0.070263314672971908;0.31438673815738355;-0.22024411266037003;0.013814773676157044;-0.11811488807241685;-0.26479256434157078;0.10654268806049258;-0.233808154742214;0.84447461797408807;0.38599682561122223;-0.041669778999637072;-0.14615268262517483;0.0031194111746943522;-0.019621258500322432;0.045392163181145681;-0.10627262694203313;0.98228832281302547;-0.11347575640220639;-0.10794376143363173;-0.056810812592464253;0.36924766691507682;-0.90460784246465886;-0.13260746765660542
2322,2,2.182893577675928;3.9874570929891351;4.7173017915788167;6.8096843864955492;110.76286635586884;122.31848938294678,-0.28251147670355353;0.19104512634460352;0.91390850422822889;0.21511228170759963;-0.00069559333140786772;0.046759956571209918;-0.023801950545437787;0.96704506588411143;-0.19088213115060368;-0.081007996900471807;-0.14566378403406241;0.0064098491310041212;0.91419945190148744;0.068883543620335497;0.32205658412971494;-0.20242373138056483;-0.0068764771277568318;-0.12145502548806122;0.22737799006082637;0.10813123940924692;-0.15112713696630742;0.86638379978631452;0.39279408573416269;-0.094124337193823363;0.14621207955503124;0.0050554918797257233;-0.016270673634329411;0.042299471660250242;0.050896369430298141;0.98689008975144332;0.10383338698184753;-0.10891618214548654;-0.038867315025322792;0.39214654127734294;-0.90656310206415602;0.01447953650789675
2323,2,2.3362571565212713;4.1257418986599355;4.6644482318377731;6.7570635431862014;108.96517900867946;118.50530448085721,-0.26388240665790419;-0.22191936071881602;0.91956584456927859;0.18405255737217677;-0.0011420995017250787;0.040495456901526554;-0.050067059781332801;-0.95913307750314047;-0.23573297151285627;-0.052377226430612295;0.13815318761614609;0.012542655574512887;0.92414937500912175;-0.10704004863959059;0.28450103598401594;-0.19992936601531952;0.011958602490005708;-0.11590841907602452;0.20979638439155859;-0.083859042299556638;-0.13057937138839884;0.87654817376992333;-0.38556979472434133;-0.12207128386923237;0.14106797019044454;-0.0076781193791946832;-0.016234999493499613;0.057143613221961972;-0.097497463218495423;0.98336470914635177;0.099461563099074904;0.11075501104754269;-0.023942362594082989;0.38962473921641727;0.90697274614450218;0.053483535866657578
2324,2,2.1542003579901103;3.8463498782592223;4.4645624681939333;6.6819070997003331;109.08826322200761;113.55602697151213,-0.33701858707430626;0.091662542438691444;0.92372044601808823;0.14968302531193001;-0.009930210875068405;0.047469682258280979;-0.073580654771865178;0.97799317403129515;-0.1163452385053753;-0.046154426559389755;-0.14637714443762365;-0.031976941128328953;0.90394031444821743;0.10210211201243846;0.3548479793943457;-0.17723562085254585;0.027807949391144463;-0.11985086903848002;0.17957605605611521;0.10901608391784116;-0.082916712987199839;0.87575638363095853;0.42662757853521976;0.0056936814758083154;0.14873891345871032;0.013159430417923714;-0.0090688103708032736;0.063110517347078801;-0.21014856121817566;0.96409333910714823;0.097598375188793537;-0.11244915038701409;-0.018160671542600648;0.41607705376920762;-0.86690733755115268;-0.22989451749351281
2325,2,2.1609847322555562;3.6602994201470689;4.2950433721280881;6.820975863511193;106.67083512573164;115.31413831637185,-0.35461382524958529;-0.041782748563099471;0.924448543104049;0.12605319548289567;-0.0059742963409516641;0.044418776535966965;-0.090173734323984359;-0.98104200924949148;-0.073864737422539781;-0.036347433527274653;0.14943528599544631;0.017811054621435819;0.90094098260556355;-0.10482741899794842;0.36872595197706104;-0.1595515533841928;0.013852389003180057;-0.12533612231977048;0.15717255207464975;-0.10490266100790287;-0.061466172601364458;0.88778144318667929;-0.39198785365122096;-0.13676169762337792;0.14862708805163069;-0.016893925478583018;-0.00093704544344355093;0.068704936341389397;-0.1216402226344209;0.97882939978569716;0.087349047008428077;0.11632719902003959;-0.014180819034412491;0.40553236449502494;0.89943909923293464;0.072040538896564157
2326,2,2.3040708496667253;3.7396881637949755;4.3787315651111784;6.8417175998403081;100.32574571859006;112.58957614894956,-0.35359766677973403;0.026138307891558493;-0.92401059336501656;0.13605934211536547;-0.0053097384939308403;0.044153871381624375;-0.067575546486905211;0.98189507146977761;0.041237217762652899;-0.081961441286908257;0.15089997681263281;0.011252784174238016;0.90106988828765322;0.063757982165692173;-0.37402803783461197;-0.17068736816180102;0.0072592699932655814;-0.12216434993151011;0.16755301624029789;0.1471856224833159;0.064492479684045853;0.86898167783936442;-0.41909515110752416;-0.12382728796523514;0.14708371776008405;0.016720932827914804;0.0020846752061556258;0.071034441752889935;-0.078249719205070511;0.98331761604971979;0.093635776842247789;-0.095867513442506963;0.021055078425497524;0.43065177531230886;0.89184333962682427;0.027439949300703748
2327,2,2.3181851399519871;3.7237473734727802;4.4448283746285489;6.7192479885190615;94.311925585728758;113.35536646783791,0.35606919851583663;0.019720415423589828;0.92564544952805261;0.11957905263963284;-0.0022674718296756681;0.041255806780730347;0.084703393294407889;0.98057032091042351;-0.043662937249015425;-0.076599099013609617;0.153058468745288;0.010315619248562237;-0.89251211993876445;0.077806258913595702;0.37378566119287865;-0.20602451656437798;0.0072745731291645743;-0.12309979887508835;-0.19041434476418395;0.15014526430379158;-0.037650579861998365;0.86299981791574287;-0.42806435186590924;-0.10850546387274493;-0.14567452509920495;0.017446348501873161;0.0045136979179187416;0.054730981209039166;-0.068877392325686557;0.98524850099580852;-0.10946911363604554;-0.095870545894535766;-0.010972216392374454;0.43545741553889616;0.88799316427023778;0.023450831937815358
2328,2,2.2715649024034685;3.7680274940402971;4.3691501077732422;6.3846750114358741;88.417017197187604;109.1158306363542,0.35829997654233992;0.0033544961121003509;-0.9181826767506126;0.16411915182715947;-0.00040546957474573656;0.040189375195819915;0.064038989917585692;-0.9806163342219244;0.0021487208386455911;-0.10736781622739912;-0.15082708282618987;-0.0030559697233233131;-0.88812619760808253;-0.036463979823240303;-0.38902493014278344;-0.20545896673749661;0.0032941965821937946;-0.12781862259115806;-0.20671609910475697;-0.17357795364821196;0.067393934761557917;0.85192292313243279;0.43684305336983792;-0.077412438920205301;-0.15170832733118292;-0.017216877492269297;-0.0060175156316116139;0.056268813671541601;-0.012606651329413462;0.98657328415261258;-0.1140395961567337;0.081394125863942582;0.031896800846140515;0.43633109295435457;-0.88670705084273493;-0.052137742433617823
2329,2,2.4055760998748132;3.8591509970082232;4.4270352322653084;6.2791254560398233;86.130844490634999;107.12391989727914,-0.34462663642625946;0.11557905777974342;0.91872345848100767;0.14869007431527057;-0.0032490188925658817;0.041253792326543935;-0.047545093782614116;0.97343389149214099;-0.12187647409515526;-0.1155004927039414;-0.14812307025249608;-0.0055892985178878163;0.89490622729241254;0.064650988007092694;0.36729932431963991;-0.21079549509437462;0.0044894366422456641;-0.12489757669329354;0.20851358072483958;0.16858777171506326;-0.076203596893106934;0.84966566691148782;0.44345693072192383;-0.060888970828525124;0.14798818066484587;0.013814733924413437;0.0013548278217762636;0.049290582428784188;-0.033510999327210383;0.98709384931707611;0.11285554887909359;-0.079218093903266132;-0.019383356656995334;0.44244191730539345;-0.88331863357037155;-0.067865643507884821
2330,2,2.4095713994691632;4.021968397210494;4.3724794769435924;6.1597674230431227;78.943029360291774;96.08632589247911,0.34087320883000166;0.17505584287545911;0.90576346297206711;0.17643115801854259;-0.005255366638283957;0.039973542796239193;0.059997904446615735;0.96397729534201826;-0.19068470893211173;-0.097930511179145863;-0.14559031734033209;0.00066466797017247217;-0.88673182208421031;0.10352191332793055;0.36457600929001999;-0.23257933024124561;-0.0016192875711109984;-0.12640591626423697;-0.23435722167234233;0.14745599551571231;-0.098728765072511937;0.84444249557880924;0.44068814437805232;-0.079352908258046376;-0.15021949216380581;0.014647520578496264;0.0014470212932648709;0.044759576045721075;0.0075838096326079109;0.98750014006479592;-0.12815295350181902;-0.086189436293243937;-0.023806752217001809;0.43600684469145878;-0.88572550136150296;-0.031141736451330372
2331,2,2.4519596207710612;4.1776152235380968;4.3941180028354072;6.4101330552530209;76.249468295927173;92.125491325208188,-0.36160317110770268;-0.63631191737763815;-0.64208500026352044;0.2250327215750979;-0.014645926484598136;0.034970186481553672;-0.054950198737118962;-0.70132509551124389;0.68717817764800815;-0.11784776471692018;-0.1374478020306785;-0.011390535431646139;0.87587609698715063;-0.30277680448859889;-0.27744977711366281;-0.22054929412416685;0.0070368914579661927;-0.12448847974711814;0.24602867850635185;-0.055248234941157118;0.19628917194451864;0.831831891856747;0.45336162100999705;-0.020174913899549049;0.14128224361694514;-0.015846168009143825;-7.6043368835553832e-05;0.023623966143857863;-0.078015071565948765;0.98648050038892687;0.13628610355110027;0.090955991382228693;0.0022761755815322998;0.44082626889367893;-0.87705243282069534;-0.097975279391461709
2332,2,2.357561079835603;4.0424236412957804;4.295338012778255;6.1256764506153196;72.399839208995786;82.040126772672892,0.38441900837649595;-0.70798163826120863;0.54987227580076958;0.21666102101034984;-0.011578285796370659;0.03935036800666105;0.057560308502235022;-0.60664285516392535;-0.76497693733324024;-0.1506939575681393;-0.14412797406518196;2.7500217256703693e-05;-0.85225178005806901;-0.34615250290406141;0.26278863245298134;-0.26359586174060334;-0.0025898766858147276;-0.1236850718016503;-0.27690213823755527;-0.07515063342627791;-0.20816971502440437;0.80958992398491614;0.46413001668801468;-0.059079949839504854;-0.1438120699432239;-0.017180634633319189;-0.0011702704792042754;0.022227370413583605;-0.0019597516805574394;0.98920354233954011;-0.15880502085868387;0.07058398533672855;0.0075432434067539099;0.45269929731227643;-0.87387976856726102;-0.033755920143961976
2333,2,2.3272759685354734;4.0142044011758706;4.3560159895049999;6.1952312827372715;73.881028762415696;83.667421816419264,0.39622550773942183;0.41805269406283047;-0.77283518734491596;0.26224458734923622;-0.019551976541841681;0.042527189236203508;0.070669478726565732;0.86232781886097032;0.44546926928028913;-0.17740167613712707;-0.14598255220844472;-0.013093031594290714;-0.85437827122203047;0.2289998485127884;-0.39417690031226438;-0.21461436173825671;0.0084568825013077269;-0.12684859943660801;-0.25548939438010049;0.15523603909530889;0.21391107610898796;0.80234128145224248;0.47012017527913802;0.010221639607718783;-0.13933713903664482;0.014023573497666782;-0.0079181724946970813;-0.0020514840107301912;-0.094679066733900072;0.98557468988988084;-0.15283740543852159;-0.069906070829123174;0.055559235513896035;0.45819358019986972;-0.86501918529029498;-0.10231076313128563
2334,2,2.4835734748747664;4.1466652698906854;4.5147851358082924;6.4731573028837763;71.779301908369035;87.870574775343087,-0.3727324004171656;-0.71637221482056546;-0.53972959105829132;0.23480806609891017;-0.017903570458499597;0.033436661138814633;-0.057419306755543548;-0.59220982099920627;0.78684549675045912;-0.097729999422446395;-0.13113748070065812;-0.010794616051393906;0.84796915216828372;-0.35686414523080795;-0.24262914262064023;-0.28268892799249834;0.0051615168360218226;-0.12160479721320266;0.30537211092962446;-0.034089924906081703;0.17434052625353577;0.81572232201845507;0.45800162704172792;0.0047681002373078894;0.13032596095710722;-0.018207227483408573;-0.0053549566541320915;-0.0079266052581408036;-0.082377806608596102;0.98782894830767376;0.16877474819701288;0.08516298187073508;-0.016551050589553955;0.43581561650327821;-0.87515952184145318;-0.090271664194304199
2335,2,2.4798071937655597;4.0139309055911712;4.4537034444481254;5.9031174538244571;69.971480085270741;81.17045698335285,-0.36019915213677839;-0.81150421587163069;0.35501773887956728;-0.29039232541931403;-0.018661752387275347;0.031684694077024962;-0.073260431271416904;-0.4030435274223636;-0.89315780896100128;0.13255208200998922;-0.12960892847104313;-0.0094564115949179357;0.84728908396796887;-0.41010150881460544;0.15654810204746414;0.27274374619448638;0.0054351606270911599;-0.12244166097696017;0.31741931485813718;0.038039746330033194;-0.22719055026260965;-0.80593919954803861;0.44343550569567552;0.0030608897069235447;0.12909700178224401;-0.020899652770632802;0.0010325299607341196;0.012196377131055793;-0.074744754972097566;0.98851432590318089;0.17195822424187465;0.094603156959512255;0.01037366239145396;-0.41716465193125168;-0.88351677832396791;-0.082126454547711961
2336,0,0;0;0;0;0;0,1;0;0;0;0;0;0;1;0;0;0;0;0;0;1;0;0;0;0;0;0;1;0;0;0;0;0;0;1;0;0;0;0;0;0;1
2337,0,0;0;0;0;0;0,1;0;0;0;0;0;0;1;0;0;0;0;0;0;1;0;0;0;0;0;0;1;0;0;0;0;0;0;1;0;0;0;0;0;0;1
2338,0,0;0;0;0;0;0,1;0;0;0;0;0;0;1;0;0;0;0;0;0;1;0;0;0;0;0;0;1;0;0;0;0;0;0;1;0;0;0;0;0;0;1
2339,0,0;0;0;0;0;0,1;0;0;0;0;0;0;1;0;0;0;0;0;0;1;0;0;0;0;0;0;1;0;0;0;0;0;0;1;0;0;0;0;0;0;1
2340,0,0;0;0;0;0;0,1;0;0;0;0;0;0;1;0;0;0;0;0;0;1;0;0;0;0;0;0;1;0;0;0;0;0;0;1;0;0;0;0;0;0;1
2341,0,0;0;0;0;0;0,1;0;0;0;0;0;0;1;0;0;0;0;0;0;1;0;0;0;0;0;0;1;0;0;0;0;0;0;1;0;0;0;0;0;0;1
2342,0,0;0;0;0;0;0,1;0;0;0;0;0;0;1;0;0;0;0;0;0;1;0;0;0;0;0;0;1;0;0;0;0;0;0;1;0;0;0;0;0;0;1
2343,0,0;0;0;0;0;0,1;0;0;0;0;0;0;1;0;0;0;0;0;0;1;0;0;0;0;0;0;1;0;0;0;0;0;0;1;0;0;0;0;0;0;1
2344,0,0;0;0;0;0;0,1;0;0;0;0;0;0;1;0;0;0;0;0;0;1;0;0;0;0;0;0;1;0;0;0;0;0;0;1;0;0;0;0;0;0;1
2345,0,0;0;0;0;0;0,1;0;0;0;0;0;0;1;0;0;0;0;0;0;1;0;0;0;0;0;0;1;0;0;0;0;0;0;1;0;0;0;0;0;0;1
2346,0,0;0;0;0;0;0,1;0;0;0;0;0;0;1;0;0;0;0;0;0;1;0;0;0;0;0;0;1;0;0;0;0;0;0;1;0;0;0;0;0;0;1
2347,0,0;0;0;0;0;0,1;0;0;0;0;0;0;1;0;0;0;0;0;0;1;0;0;0;0;0;0;1;0;0;0;0;0;0;1;0;0;0;0;0;0;1
2348,0,0;0;0;0;0;0,1;0;0;0;0;0;0;1;0;0;0;0;0;0;1;0;0;0;0;0;0;1;0;0;0;0;0;0;1;0;0;0;0;0;0;1
2349,0,0;0;0;0;0;0,1;0;0;0;0;0;0;1;0;0;0;0;0;0;1;0;0;0;0;0;0;1;0;0;0;0;0;0;1;0;0;0;0;0;0;1
2350,0,0;0;0;0;0;0,1;0;0;0;0;0;0;1;0;0;0;0;0;0;1;0;0;0;0;0;0;1;0;0;0;0;0;0;1;0;0;0;0;0;0;1
2351,0,0;0;0;0;0;0,1;0;0;0;0;0;0;1;0;0;0;0;0;0;1;0;0;0;0;0;0;1;0;0;0;0;0;0;1;0;0;0;0;0;0;1
2352,0,0;0;0;0;0;0,1;0;0;0;0;0;0;1;0;0;0;0;0;0;1;0;0;0;0;0;0;1;0;0;0;0;0;0;1;0;0;0;0;0;0;1
2353,0,0;0;0;0;0;0,1;0;0;0;0;0;0;1;0;0;0;0;0;0;1;0;0;0;0;0;0;1;0;0;0;0;0;0;1;0;0;0;0;0;0;1
2354,0,0;0;0;0;0;0,1;0;0;0;0;0;0;1;0;0;0;0;0;0;1;0;0;0;0;0;0;1;0;0;0;0;0;0;1;0;0;0;0;0;0;1
2355,0,0;0;0;0;0;0,1;0;0;0;0;0;0;1;0;0;0;0;0;0;1;0;0;0;0;0;0;1;0;0;0;0;0;0;1;0;0;0;0;0;0;1
2356,0,0;0;0;0;0;0,1;0;0;0;0;0;0;1;0;0;0;0;0;0;1;0;0;0;0;0;0;1;0;0;0;0;0;0;1;0;0;0;0;0;0;1
2357,0,0;0;0;0;0;0,1;0;0;0;0;0;0;1;0;0;0;0;0;0;1;0;0;0;0;0;0;1;0;0;0;0;0;0;1;0;0;0;0;0;0;1
2358,0,0;0;0;0;0;0,1;0;0;0;0;0;0;1;0;0;0;0;0;0;1;0;0;0;0;0;0;1;0;0;0;0;0;0;1;0;0;0;0;0;0;1
2359,0,0;0;0;0;0;0,1;0;0;0;0;0;0;1;0;0;0;0;0;0;1;0;0;0;0;0;0;1;0;0;0;0;0;0;1;0;0;0;0;0;0;1
2360,0,0;0;0;0;0;0,1;0;0;0;0;0;0;1;0;0;0;0;0;0;1;0;0;0;0;0;0;1;0;0;0;0;0;0;1;0;0;0;0;0;0;1
2361,0,0;0;0;0;0;0,1;0;0;0;0;0;0;1;0;0;0;0;0;0;1;0;0;0;0;0;0;1;0;0;0;0;0;0;1;0;0;0;0;0;0;1
2362,0,0;0;0;0;0;0,1;0;0;0;0;0;0;1;0;0;0;0;0;0;1;0;0;0;0;0;0;1;0;0;0;0;0;0;1;0;0;0;0;0;0;1
2363,0,0;0;0;0;0;0,1;0;0;0;0;0;0;1;0;0;0;0;0;0;1;0;0;0;0;0;0;1;0;0;0;0;0;0;1;0;0;0;0;0;0;1
2364,2,3.9231938306100207;5.5833744405991776;6.4754029039407142;10.824456336327691;106.351421542182;111.18769086330396,-0.007267516064616771;0.28037084675913493;-0.95894836745207057;0.034595256515623625;-0.0082166888544003593;0.022204826270718743;0.055819804178087289;0.95828128562058057;0.27914437454462482;-0.023544029892982529;-0.0063469109436438131;0.0080585748646640094;-0.98055417827227087;0.053121623614519789;0.029313766906149542;0.1765174484110153;0.057079707627864511;0.020391101753034171;-0.17347649446191105;-0.0032664833744594059;-0.035468392864708272;-0.98143767073046961;0.073070152234050931;0.0088363107011752446;-0.072263533062605217;0.00023998953776357976;-0.0019879882347493458;-0.059447413117163644;-0.9270859728898353;-0.36297599926399238;-0.00535945921508541;-0.016016601164930748;0.019369842571477086;-0.018345049313310938;-0.36305159612135041;0.93123388662689532
2365,2,3.8394433828967958;5.6191275584418907;6.6201766920691965;10.742842001952145;100.76748724610724;108.80845792403187,-0.013889251751892885;0.20938890630677318;-0.97669618148731741;0.03910953711150774;-0.0019069923714279506;0.022243002417339109;0.034073377269386765;0.97717180959759042;0.20944898158880196;0.0081424867018982331;-0.0040361863749704052;0.0047741711845001268;-0.98061943638614746;0.027075308287065572;0.027087996023513038;0.1831344716225238;0.057909208831199009;0.0051940321898241888;-0.17908562001225303;0.021517527128906054;-0.031997898596722578;-0.98039445926097768;0.07181181786509637;0.010546956042620584;-0.070406989557631611;-5.4385865256551301e-06;-0.002347912880115838;-0.060760203856703478;-0.98780266247286008;-0.12486569078727146;-0.0016766499944379355;-0.009770574254542504;0.020797967242931585;0.0009006655544883446;-0.12536171241103317;0.99184313232739951
2366,2,3.9059695330644688;5.4891919901078134;6.4602799152703856;12.908122752360406;118.63724525751923;124.90769991909384,-0.027482004541872863;0.30054357385486141;-0.95290245985772526;0.023597731970898435;-0.0034521564443185443;0.018067409878496223;0.042304105067126861;0.95260146349753849;0.30005658734047608;0.017352691742704016;-0.0040141739385156838;0.020239301551146352;-0.98723143376803468;0.028786625340839884;0.040699187732718044;0.13436849031145551;0.069424342774493011;0.0037910343500720742;-0.13330306408783726;0.027256821195373482;-0.011726678252810981;-0.99027351002560282;0.015426985010289773;0.021684724931114476;-0.071126205253248587;-0.00045104057365234561;0.0038467562668231502;-0.0076777400403770938;-0.99439344462126222;-0.077773977376956308;0.0007445348930527596;-0.025538293190923239;0.011584903623198452;0.01966132233544908;-0.078076341368937485;0.99635864455485679
2367,2,3.9330571196866204;5.4643561427120853;6.3256656503788538;15.137270062661443;126.49477579831058;141.26106416352039,0.021850958107809161;0.35604783956513303;-0.93371199973975572;0.020273370967978682;-0.0046889434526215081;0.022391457113161491;0.031822830251779163;0.93278494126654155;0.35751324119605482;0.020734971947153583;-0.0029593087596093822;0.0253997366255641;-0.98865444126335889;0.034123679271063197;-0.0077360678912204621;0.12929522945344177;0.067899273613937217;-0.0032489721614127678;-0.13061881108771145;0.031680699071685831;-0.012702162150071443;-0.99009468736546691;-0.034701909358037249;-0.01679291846761102;-0.063133989589748557;-0.0040524637604199285;0.0035547165068270832;0.042630382075745488;-0.99671501123717954;0.026960671079431953;-0.0050064381837363744;-0.03094631875006542;0.011504617869750058;-0.018356349944398682;0.026719071934461491;0.99891643309732481
2368,2,4.0374240292268997;5.5107705152125028;6.2278363189016597;16.902767683897018;132.8842291520476;159.90441747927773,0.027635367157878728;0.54331773130534788;-0.83861033485388115;0.021537251700715021;-0.0026749780377635082;0.017430630774534921;0.047050131007759941;0.83698790330405215;0.54453527367814936;0.0067272263367944745;-0.0048422802359349374;0.025498379615816951;-0.98905872147698715;0.052263802771560848;0.004187410525030133;0.12150021134464999;0.065202532222500317;0.00036663092775513135;-0.12415415889186227;0.024106444212354496;-0.013991131492072028;-0.99017501376989925;-0.056529302215403705;-0.012913268899955159;-0.05785818770229547;-0.0024354009360451983;0.00065385136736073948;0.064464608917983307;-0.99567966295769017;-0.033352576901776607;-0.0048571668871673765;-0.030635529397564563;0.00057298130893232533;-0.011240380822329222;-0.03383006606391576;0.99888273807782868
2369,2,3.9200844717383898;5.5219082643013211;6.277912579910212;18.63561240378942;143.62893449040618;179.18773261050853,0.0065632771512783234;0.48671131761238384;-0.87319622466230495;0.020842566349075064;-0.0021736439837469236;0.012579055464044388;0.04365610661404732;0.87169843633751742;0.48697573070796074;0.013983956800647778;-0.0047437422128505519;0.029539194394796336;-0.99180363041567365;0.039137412758582221;0.016599506357281954;0.10060668465601752;0.06630630848239992;0.00021555396196394822;-0.10537037984672754;0.026511952078189783;-0.0096224344550961197;-0.99013079983211172;-0.086989839095456017;-0.013242934761080249;-0.057060838050455809;-0.0039832398539436072;0.001640482865845849;0.093627440397812595;-0.99353697531859986;-0.029046246857959798;-0.004215477975807588;-0.031677160772054638;-0.0034878212059904507;-0.011101036486871683;-0.029887994345563398;0.99897452275671594
2370,2,3.8614207787769184;5.1455303901477736;6.5119444859764819;20.315741187218897;153.07262155788791;187.74665920792654,0.015600996925619481;0.16556802039594304;-0.98591250510417505;0.016650378561080429;-0.0042693680972438874;0.0049909103506454236;0.068386827767471903;0.98236196195491954;0.16664365350119936;0.019653545679213583;-0.0060256239341532885;0.045777071096729571;-0.99302754817531169;0.068892666441321082;-0.003476076917767633;0.058177473574575082;0.07580184627573254;0.0027326972875697294;-0.062027837118494827;0.026655623303610595;-0.013061062927416807;-0.99482795562228921;-0.073366533973637876;-0.014357026466992134;-0.071384498668503521;-0.0005512991193273169;0.0040931037742767597;0.078453387045628001;-0.9924925731593558;-0.06075157780017143;-0.0057393396837822543;-0.045773143353193685;-0.0026451943109794878;-0.010690621026470283;-0.061444189063414562;0.99698305127370512
2371,2,3.752089480819925;5.2900126773355343;6.2954811565237785;21.893183345455068;158.50977711679084;214.83385427337663,0.018495313405885897;0.40903718250464483;-0.91209861266854886;0.01812039187095147;-0.0019848499887992954;0.0095046960894975812;0.039193700910839409;0.91025207011516152;0.40962163778164495;0.0068879937475294561;-0.0041884370579787422;0.04527857173325537;-0.9934468821474719;0.042335435739520998;0.00023469458698605888;0.077239631315744489;0.072815094933966082;0.0017173976326697326;-0.086283064467700052;0.017714097233310706;-0.013329490737561548;-0.98565294556746674;-0.14134172430848979;-0.023969899574857189;-0.061008106225160362;-0.0025046415475371824;0.0023830493403242223;0.14752833252688649;-0.98664607480326161;-0.03210876824999942;-0.0042794045473136351;-0.044915482747017385;-0.010140281069144776;-0.019542474019389994;-0.035050240514295214;0.9981237564326646
2372,2,3.6847531460398351;5.3903046337526801;6.298338643849549;22.76618701610824;161.98750450119363;212.02747197247024,0.019528834020557207;0.5203297678924137;-0.85362150645655155;0.010069374129332381;-0.0027346522672079452;0.0098493849194797312;0.034071767811779528;0.85216530059862317;0.52075199853628951;0.0071403077708890724;-0.0045497915191959728;0.037404364937360761;-0.99378706171127407;0.038545933556466544;0.0014085486189893155;0.072647693371928668;0.074929880594218637;0.0027071413326446876;-0.083245071405215351;0.015090943670688405;-0.0042618149434254229;-0.98312179917201437;-0.15712709454173565;-0.040086937933836053;-0.062347862360276493;-0.0027586375947015571;0.0013954567042455863;0.16442456679581674;-0.98310299409020607;-0.05075678795187484;-0.0052931466156206928;-0.03674367217214948;-0.011206487409960235;-0.031717915822274144;-0.056364113050679197;0.99715262641686042
2373,2,3.6795363718638652;5.2793441806961203;6.1802004701244817;23.916018434591791;162.36057031982315;210.69340754594054,0.021212101378467282;0.46598157832391141;-0.88436351430494919;0.013366774586046409;-0.0030123605634170235;0.011164452743784819;0.046485667819237776;0.88237021556929129;0.46658526041553189;0.0018487851911035528;-0.0049654354089483221;0.039140855523223009;-0.99345032921918375;0.050555962141669575;0.0036365279232242402;0.069093244124492983;0.075522314153055811;0.0031332749974631079;-0.080511685831813173;0.012345419076428426;-0.010157096886082077;-0.9818441486885503;-0.16708464136247225;-0.036429147149280521;-0.062733946925568371;-0.0017107585918353979;0.0028853034751408911;0.17407909295739452;-0.98123947885627383;-0.054025501025307524;-0.0052813979649497366;-0.039657659584972124;-0.0086402199357110063;-0.026880699916919694;-0.059282863920736333;0.9970394643586441
2374,2,3.5145841180066753;5.1309640362193765;6.182848877373095;24.942286589464533;169.37917047229229;224.35113258755064,0.020722912227602613;0.39095172466974909;-0.91990496217966966;0.017565150468475045;-0.0040491303546192842;0.013313169275872271;0.050863883782352279;0.91747689526102738;0.39183233479411073;0.0046085802428947149;-0.0043835692445809262;0.045562909338407238;-0.99284210373088655;0.054175111063297456;0.0016968104423252276;0.070209810697636307;0.079908742498647378;0.0034511721076263989;-0.083882697922507632;0.016338806579700351;-0.013327568531192647;-0.97647671633991495;-0.1933020885776297;-0.040578778978457429;-0.064667773886032481;-0.0020829571715117738;0.0051448448436291873;0.20060253295131564;-0.97651369191218185;-0.044349793270530534;-0.0054548422961636627;-0.046761711583159928;-0.0059421620578144442;-0.031506430748350293;-0.051325371853510528;0.99705633178923969
2375,2,3.7087360346434441;5.2319367300706441;6.1282837052780597;28.873172700415431;162.33235959316497;232.05772019153582,0.034094926328196565;0.41867615241516509;-0.90731609571705818;0.015752328753463364;-0.0033111702212363162;0.0081374529719591623;0.058824931799098847;0.90446656297793626;0.42003250606321424;0.0023907031569577772;-0.0041647800446449638;0.045049937286982485;-0.99291833100035831;0.067188246844394506;-0.0054602899359745055;0.063434903059826311;0.07443838209403017;0.0020132134183593491;-0.075722944982927504;0.014372165226546494;-0.012824042835230228;-0.97812218792721972;-0.18946378979599993;-0.035713838155253086;-0.061040426545542092;-0.001286293737501297;0.0037982707048416567;0.19528652605139676;-0.97835524835815857;-0.030694717265929573;-0.005518450074024032;-0.043909471128796687;-0.0118953184840802;-0.029365285258181158;-0.036811661146334489;0.9978389589896185
2376,2,3.5877266893665856;5.0023863913488125;6.010433367707944;29.010539455552909;173.68630612093958;248.23964558639571,0.031155046921312244;0.49895521057548559;-0.86586173363303287;0.013539094388609806;-0.0041445662361495744;0.012491381619049216;0.053765749600479508;0.8627493724080707;0.50001097070156086;0.0096802361662227075;-0.0043417067293824111;0.051470733119938973;-0.99212898100291314;0.061009139874232149;0.0003331413990938442;0.077319682587344493;0.077287721145186616;0.0024766444057493582;-0.092325967787804261;0.020758363678180528;-0.0058406025590607546;-0.96736467733960452;-0.23272825131930988;-0.032465912041642432;-0.057090558702143995;-0.0037623605605390797;0.0035973739919063375;0.23962903265829963;-0.96838552020181645;-0.03899977719368946;-0.005939364820713589;-0.050398790474340358;-0.01501075237951508;-0.022981740107856211;-0.045361058352822635;0.99730315209768483
2377,2,3.6015048528824392;5.122512753388933;5.9126347403640951;30.382412260347309;162.83198410238657;228.10223979344335,0.02479113804166129;0.54268977831178711;-0.83934533092239094;0.013063492259407214;-0.0041768326609587731;0.013583765611779985;0.057462795302599616;0.83639460465071869;0.54330397730065583;0.0062222999619885311;-0.0043192499623517736;0.043652122278465412;-0.9926156294788816;0.060938686676188833;0.010817723828165031;0.069806411663728182;0.077499777692707883;0.0021248011243712936;-0.084943566328196995;0.017399088631808432;-0.0057703757351143239;-0.96949875163176435;-0.22664276090445135;-0.033967551165243602;-0.059575925084734638;-0.0033691050271751392;0.0039453654621971661;0.23312503826453582;-0.96996296607655574;-0.035332044196623724;-0.0057392015647205405;-0.043637909429201045;-0.012422456057230458;-0.025349164925392336;-0.041983163004273509;0.99774912221123835
2378,2,3.5574742117908671;5.0525320791175963;5.9967149409658704;35.135712043858753;162.7508817607918;229.00149647178523,0.025699138723252184;0.32516090648699564;-0.94515622843938341;0.011005466576755312;-0.0046802295573738929;0.012108598614095429;0.053220850660264551;0.94242736301620011;0.32638691758765842;0.0059099901249519944;-0.0037518754264762471;0.049201442747787233;-0.99365081798635935;0.058439998001035671;-0.006768202102433468;0.046795681236214276;0.083701665814970932;0.0010978826971337532;-0.063543618695416249;0.013246976770181166;-0.0078307169819935626;-0.97275861788511675;-0.21995030807953747;-0.032983924979360285;-0.071401658389698336;-0.0017813302947194702;0.0046151008773884358;0.22496389044069945;-0.97152138584523862;-0.020366043518704375;-0.0053999019632611223;-0.050071563120771545;-0.004780797591174224;-0.02803632051129765;-0.026946406865059228;0.99796226355963558
2379,2,3.5170067144903134;4.9750934349142391;6.0294391313533859;37.61156473163463;160.07109337944252;225.93694143560134,0.037561542776624553;0.22037251119770337;-0.97456381809918868;0.012194608117875547;-0.0051011742569919988;0.0087017710060025965;0.057809940035461201;0.97176517972265042;0.22252134154470662;0.0052500764384911117;-0.0033287986503379376;0.052688278257892185;-0.99313553152602341;0.064517460580072336;-0.02372714078098313;0.032419450500882123;0.08888131579821125;0.0023295970426610588;-0.050348136066460894;0.011797576956918496;-0.010624905068872741;-0.97395822669287035;-0.21782907779453944;-0.034188584195839263;-0.079813867904167349;0.00056285003908415339;0.0046833392159812172;0.22224510698590028;-0.97135639402372154;-0.026102954504350257;-0.0048753505175417747;-0.052975366398932668;-0.0034376627962441455;-0.028021287221816089;-0.032867270637171687;0.9976435104635446
2380,2,3.6139430801051891;5.2900575106617298;5.8812617158330376;40.872094721058467;153.46374918166609;223.60971031355075,0.030364708858280121;0.4965216381146077;-0.86733302978314808;0.0091605163846172188;-0.0047970104778420298;0.013066614602327237;0.047032256561529415;0.86506176107244248;0.49758233919503597;0.0048844774578301556;-0.0031854031929267126;0.042824376009860853;-0.99387495272791537;0.055684563296688638;-0.00293092965522407;0.040282019966721865;0.08645175578174337;0.0025826713983831424;-0.059301855033678651;0.012408972073607421;-0.0044996240339581651;-0.96868373847824951;-0.23733322639254203;-0.040420480490731964;-0.074446618537306497;-0.0016846827653481742;0.0039002638222015952;0.24260823131006687;-0.96681613297192637;-0.029111198880660966;-0.0044182141971717279;-0.04332229311503432;-0.010058933611836043;-0.032598260618231088;-0.037847595624349251;0.99775116590624757
2381,2,3.8805927678847714;5.3284010363206491;5.8755555616896915;46.27872620256931;150.31889962719063;221.96320225334603,0.055651934157523848;0.56043030257823045;-0.82618064305895145;0.0095153409075453659;-0.0051934868737504728;0.011347651422354067;0.035876142571844238;0.82483215800687559;0.56262987612008375;0.0097051909541805113;-0.0028463779385241909;0.041353880230987447;-0.99392569026503774;0.060681207881631151;-0.025864486651058127;0.036240779639739214;0.08028958010955195;0.00085486163038837296;-0.051517798529459126;0.016665745803295898;-0.002596723589282562;-0.97534336246009035;-0.21053359370845146;-0.037978383369344892;-0.071116138743395646;-0.0032469900500170317;0.0014528593411541025;0.21437617919747948;-0.97409391641943721;-0.010664748141083296;-0.003987241498500175;-0.039991099662988826;-0.013976483406441566;-0.035356082147142961;-0.018307295469358286;0.99830068724426402
2382,0,0;0;0;0;0;0,1;0;0;0;0;0;0;1;0;0;0;0;0;0;1;0;0;0;0;0;0;1;0;0;0;0;0;0;1;0;0;0;0;0;0;1
2383,0,0;0;0;0;0;0,1;0;0;0;0;0;0;1;0;0;0;0;0;0;1;0;0;0;0;0;0;1;0;0;0;0;0;0;1;0;0;0;0;0;0;1
2384,0,0;0;0;0;0;0,1;0;0;0;0;0;0;1;0;0;0;0;0;0;1;0;0;0;0;0;0;1;0;0;0;0;0;0;1;0;0;0;0;0;0;1
2385,0,0;0;0;0;0;0,1;0;0;0;0;0;0;1;0;0;0;0;0;0;1;0;0;0;0;0;0;1;0;0;0;0;0;0;1;0;0;0;0;0;0;1
2386,0,0;0;0;0;0;0,1;0;0;0;0;0;0;1;0;0;0;0;0;0;1;0;0;0;0;0;0;1;0;0;0;0;0;0;1;0;0;0;0;0;0;1
2387,0,0;0;0;0;0;0,1;0;0;0;0;0;0;1;0;0;0;0;0;0;1;0;0;0;0;0;0;1;0;0;0;0;0;0;1;0;0;0;0;0;0;1
2388,0,0;0;0;0;0;0,1;0;0;0;0;0;0;1;0;0;0;0;0;0;1;0;0;0;0;0;0;1;0;0;0;0;0;0;1;0;0;0;0;0;0;1
2389,0,0;0;0;0;0;0,1;0;0;0;0;0;0;1;0;0;0;0;0;0;1;0;0;0;0;0;0;1;0;0;0;0;0;0;1;0;0;0;0;0;0;1
2390,0,0;0;0;0;0;0,1;0;0;0;0;0;0;1;0;0;0;0;0;0;1;0;0;0;0;0;0;1;0;0;0;0;0;0;1;0;0;0;0;0;0;1
2391,0,0;0;0;0;0;0,1;0;0;0;0;0;0;1;0;0;0;0;0;0;1;0;0;0;0;0;0;1;0;0;0;0;0;0;1;0;0;0;0;0;0;1
2392,0,0;0;0;0;0;0,1;0;0;0;0;0;0;1;0;0;0;0;0;0;1;0;0;0;0;0;0;1;0;0;0;0;0;0;1;0;0;0;0;0;0;1
2393,0,0;0;0;0;0;0,1;0;0;0;0;0;0;1;0;0;0;0;0;0;1;0;0;0;0;0;0;1;0;0;0;0;0;0;1;0;0;0;0;0;0;1
2394,0,0;0;0;0;0;0,1;0;0;0;0;0;0;1;0;0;0;0;0;0;1;0;0;0;0;0;0;1;0;0;0;0;0;0;1;0;0;0;0;0;0;1
2395,0,0;0;0;0;0;0,1;0;0;0;0;0;0;1;0;0;0;0;0;0;1;0;0;0;0;0;0;1;0;0;0;0;0;0;1;0;0;0;0;0;0;1
2396,0,0;0;0;0;0;0,1;0;0;0;0;0;0;1;0;0;0;0;0;0;1;0;0;0;0;0;0;1;0;0;0;0;0;0;1;0;0;0;0;0;0;1
2397,0,0;0;0;0;0;0,1;0;0;0;0;0;0;1;0;0;0;0;0;0;1;0;0;0;0;0;0;1;0;0;0;0;0;0;1;0;0;0;0;0;0;1
2398,0,0;0;0;0;0;0,1;0;0;0;0;0;0;1;0;0;0;0;0;0;1;0;0;0;0;0;0;1;0;0;0;0;0;0;1;0;0;0;0;0;0;1
2399,0,0;0;0;0;0;0,1;0;0;0;0;0;0;1;0;0;0;0;0;0;1;0;0;0;0;0;0;1;0;0;0;0;0;0;1;0;0;0;0;0;0;1
2400,0,0;0;0;0;0;0,1;0;0;0;0;0;0;1;0;0;0;0;0;0;1;0;0;0;0;0;0;1;0;0;0;0;0;0;1;0;0;0;0;0;0;1
2401,0,0;0;0;0;0;0,1;0;0;0;0;0;0;1;0;0;0;0;0;0;1;0;0;0;0;0;0;1;0;0;0;0;0;0;1;0;0;0;0;0;0;1
2402,0,0;0;0;0;0;0,1;0;0;0;0;0;0;1;0;0;0;0;0;0;1;0;0;0;0;0;0;1;0;0;0;0;0;0;1;0;0;0;0;0;0;1
2403,0,0;0;0;0;0;0,1;0;0;0;0;0;0;1;0;0;0;0;0;0;1;0;0;0;0;0;0;1;0;0;0;0;0;0;1;0;0;0;0;0;0;1
2404,0,0;0;0;0;0;0,1;0;0;0;0;0;0;1;0;0;0;0;0;0;1;0;0;0;0;0;0;1;0;0;0;0;0;0;1;0;0;0;0;0;0;1
2405,0,0;0;0;0;0;0,1;0;0;0;0;0;0;1;0;0;0;0;0;0;1;0;0;0;0;0;0;1;0;0;0;0;0;0;1;0;0;0;0;0;0;1
2406,0,0;0;0;0;0;0,1;0;0;0;0;0;0;1;0;0;0;0;0;0;1;0;0;0;0;0;0;1;0;0;0;0;0;0;1;0;0;0;0;0;0;1
2407,0,0;0;0;0;0;0,1;0;0;0;0;0;0;1;0;0;0;0;0;0;1;0;0;0;0;0;0;1;0;0;0;0;0;0;1;0;0;0;0;0;0;1
2408,0,0;0;0;0;0;0,1;0;0;0;0;0;0;1;0;0;0;0;0;0;1;0;0;0;0;0;0;1;0;0;0;0;0;0;1;0;0;0;0;0;0;1
2409,0,0;0;0;0;0;0,1;0;0;0;0;0;0;1;0;0;0;0;0;0;1;0;0;0;0;0;0;1;0;0;0;0;0;0;1;0;0;0;0;0;0;1
2410,0,0;0;0;0;0;0,1;0;0;0;0;0;0;1;0;0;0;0;0;0;1;0;0;0;0;0;0;1;0;0;0;0;0;0;1;0;0;0;0;0;0;1
2411,0,0;0;0;0;0;0,1;0;0;0;0;0;0;1;0;0;0;0;0;0;1;0;0;0;0;0;0;1;0;0;0;0;0;0;1;0;0;0;0;0;0;1
2412,0,0;0;0;0;0;0,1;0;0;0;0;0;0;1;0;0;0;0;0;0;1;0;0;0;0;0;0;1;0;0;0;0;0;0;1;0;0;0;0;0;0;1
2413,0,0;0;0;0;0;0,1;0;0;0;0;0;0;1;0;0;0;0;0;0;1;0;0;0;0;0;0;1;0;0;0;0;0;0;1;0;0;0;0;0;0;1
2414,0,0;0;0;0;0;0,1;0;0;0;0;0;0;1;0;0;0;0;0;0;1;0;0;0;0;0;0;1;0;0;0;0;0;0;1;0;0;0;0;0;0;1
2415,0,0;0;0;0;0;0,1;0;0;0;0;0;0;1;0;0;0;0;0;0;1;0;0;0;0;0;0;1;0;0;0;0;0;0;1;0;0;0;0;0;0;1
2416,0,0;0;0;0;0;0,1;0;0;0;0;0;0;1;0;0;0;0;0;0;1;0;0;0;0;0;0;1;0;0;0;0;0;0;1;0;0;0;0;0;0;1
2417,0,0;0;0;0;0;0,1;0;0;0;0;0;0;1;0;0;0;0;0;0;1;0;0;0;0;0;0;1;0;0;0;0;0;0;1;0;0;0;0;0;0;1
2418,0,0;0;0;0;0;0,1;0;0;0;0;0;0;1;0;0;0;0;0;0;1;0;0;0;0;0;0;1;0;0;0;0;0;0;1;0;0;0;0;0;0;1
2419,0,0;0;0;0;0;0,1;0;0;0;0;0;0;1;0;0;0;0;0;0;1;0;0;0;0;0;0;1;0;0;0;0;0;0;1;0;0;0;0;0;0;1
2420,0,0;0;0;0;0;0,1;0;0;0;0;0;0;1;0;0;0;0;0;0;1;0;0;0;0;0;0;1;0;0;0;0;0;0;1;0;0;0;0;0;0;1
2421,0,0;0;0;0;0;0,1;0;0;0;0;0;0;1;0;0;0;0;0;0;1;0;0;0;0;0;0;1;0;0;0;0;0;0;1;0;0;0;0;0;0;1
2422,0,0;0;0;0;0;0,1;0;0;0;0;0;0;1;0;0;0;0;0;0;1;0;0;0;0;0;0;1;0;0;0;0;0;0;1;0;0;0;0;0;0;1
2423,0,0;0;0;0;0;0,1;0;0;0;0;0;0;1;0;0;0;0;0;0;1;0;0;0;0;0;0;1;0;0;0;0;0;0;1;0;0;0;0;0;0;1
2424,0,0;0;0;0;0;0,1;0;0;0;0;0;0;1;0;0;0;0;0;0;1;0;0;0;0;0;0;1;0;0;0;0;0;0;1;0;0;0;0;0;0;1
2425,0,0;0;0;0;0;0,1;0;0;0;0;0;0;1;0;0;0;0;0;0;1;0;0;0;0;0;0;1;0;0;0;0;0;0;1;0;0;0;0;0;0;1
2426,0,0;0;0;0;0;0,1;0;0;0;0;0;0;1;0;0;0;0;0;0;1;0;0;0;0;0;0;1;0;0;0;0;0;0;1;0;0;0;0;0;0;1
2427,0,0;0;0;0;0;0,1;0;0;0;0;0;0;1;0;0;0;0;0;0;1;0;0;0;0;0;0;1;0;0;0;0;0;0;1;0;0;0;0;0;0;1
2428,0,0;0;0;0;0;0,1;0;0;0;0;0;0;1;0;0;0;0;0;0;1;0;0;0;0;0;0;1;0;0;0;0;0;0;1;0;0;0;0;0;0;1
2429,0,0;0;0;0;0;0,1;0;0;0;0;0;0;1;0;0;0;0;0;0;1;0;0;0;0;0;0;1;0;0;0;0;0;0;1;0;0;0;0;0;0;1
2430,0,0;0;0;0;0;0,1;0;0;0;0;0;0;1;0;0;0;0;0;0;1;0;0;0;0;0;0;1;0;0;0;0;0;0;1;0;0;0;0;0;0;1
2431,0,0;0;0;0;0;0,1;0;0;0;0;0;0;1;0;0;0;0;0;0;1;0;0;0;0;0;0;1;0;0;0;0;0;0;1;0;0;0;0;0;0;1
2432,0,0;0;0;0;0;0,1;0;0;0;0;0;0;1;0;0;0;0;0;0;1;0;0;0;0;0;0;1;0;0;0;0;0;0;1;0;0;0;0;0;0;1
2433,0,0;0;0;0;0;0,1;0;0;0;0;0;0;1;0;0;0;0;0;0;1;0;0;0;0;0;0;1;0;0;0;0;0;0;1;0;0;0;0;0;0;1
2434,0,0;0;0;0;0;0,1;0;0;0;0;0;0;1;0;0;0;0;0;0;1;0;0;0;0;0;0;1;0;0;0;0;0;0;1;0;0;0;0;0;0;1
2435,0,0;0;0;0;0;0,1;0;0;0;0;0;0;1;0;0;0;0;0;0;1;0;0;0;0;0;0;1;0;0;0;0;0;0;1;0;0;0;0;0;0;1
2436,0,0;0;0;0;0;0,1;0;0;0;0;0;0;1;0;0;0;0;0;0;1;0;0;0;0;0;0;1;0;0;0;0;0;0;1;0;0;0;0;0;0;1
2437,0,0;0;0;0;0;0,1;0;0;0;0;0;0;1;0;0;0;0;0;0;1;0;0;0;0;0;0;1;0;0;0;0;0;0;1;0;0;0;0;0;0;1
2438,0,0;0;0;0;0;0,1;0;0;0;0;0;0;1;0;0;0;0;0;0;1;0;0;0;0;0;0;1;0;0;0;0;0;0;1;0;0;0;0;0;0;1
2439,0,0;0;0;0;0;0,1;0;0;0;0;0;0;1;0;0;0;0;0;0;1;0;0;0;0;0;0;1;0;0;0;0;0;0;1;0;0;0;0;0;0;1
2440,0,0;0;0;0;0;0,1;0;0;0;0;0;0;1;0;0;0;0;0;0;1;0;0;0;0;0;0;1;0;0;0;0;0;0;1;0;0;0;0;0;0;1
2441,0,0;0;0;0;0;0,1;0;0;0;0;0;0;1;0;0;0;0;0;0;1;0;0;0;0;0;0;1;0;0;0;0;0;0;1;0;0;0;0;0;0;1
2442,0,0;0;0;0;0;0,1;0;0;0;0;0;0;1;0;0;0;0;0;0;1;0;0;0;0;0;0;1;0;0;0;0;0;0;1;0;0;0;0;0;0;1
2443,0,0;0;0;0;0;0,1;0;0;0;0;0;0;1;0;0;0;0;0;0;1;0;0;0;0;0;0;1;0;0;0;0;0;0;1;0;0;0;0;0;0;1
2444,0,0;0;0;0;0;0,1;0;0;0;0;0;0;1;0;0;0;0;0;0;1;0;0;0;0;0;0;1;0;0;0;0;0;0;1;0;0;0;0;0;0;1
2445,0,0;0;0;0;0;0,1;0;0;0;0;0;0;1;0;0;0;0;0;0;1;0;0;0;0;0;0;1;0;0;0;0;0;0;1;0;0;0;0;0;0;1
2446,0,0;0;0;0;0;0,1;0;0;0;0;0;0;1;0;0;0;0;0;0;1;0;0;0;0;0;0;1;0;0;0;0;0;0;1;0;0;0;0;0;0;1
2447,0,0;0;0;0;0;0,1;0;0;0;0;0;0;1;0;0;0;0;0;0;1;0;0;0;0;0;0;1;0;0;0;0;0;0;1;0;0;0;0;0;0;1
2448,0,0;0;0;0;0;0,1;0;0;0;0;0;0;1;0;0;0;0;0;0;1;0;0;0;0;0;0;1;0;0;0;0;0;0;1;0;0;0;0;0;0;1
2449,0,0;0;0;0;0;0,1;0;0;0;0;0;0;1;0;0;0;0;0;0;1;0;0;0;0;0;0;1;0;0;0;0;0;0;1;0;0;0;0;0;0;1
2450,0,0;0;0;0;0;0,1;0;0;0;0;0;0;1;0;0;0;0;0;0;1;0;0;0;0;0;0;1;0;0;0;0;0;0;1;0;0;0;0;0;0;1
2451,0,0;0;0;0;0;0,1;0;0;0;0;0;0;1;0;0;0;0;0;0;1;0;0;0;0;0;0;1;0;0;0;0;0;0;1;0;0;0;0;0;0;1
2452,0,0;0;0;0;0;0,1;0;0;0;0;0;0;1;0;0;0;0;0;0;1;0;0;0;0;0;0;1;0;0;0;0;0;0;1;0;0;0;0;0;0;1
2453,0,0;0;0;0;0;0,1;0;0;0;0;0;0;1;0;0;0;0;0;0;1;0;0;0;0;0;0;1;0;0;0;0;0;0;1;0;0;0;0;0;0;1
2454,0,0;0;0;0;0;0,1;0;0;0;0;0;0;1;0;0;0;0;0;0;1;0;0;0;0;0;0;1;0;0;0;0;0;0;1;0;0;0;0;0;0;1
2455,0,0;0;0;0;0;0,1;0;0;0;0;0;0;1;0;0;0;0;0;0;1;0;0;0;0;0;0;1;0;0;0;0;0;0;1;0;0;0;0;0;0;1
2456,0,0;0;0;0;0;0,1;0;0;0;0;0;0;1;0;0;0;0;0;0;1;0;0;0;0;0;0;1;0;0;0;0;0;0;1;0;0;0;0;0;0;1
2457,0,0;0;0;0;0;0,1;0;0;0;0;0;0;1;0;0;0;0;0;0;1;0;0;0;0;0;0;1;0;0;0;0;0;0;1;0;0;0;0;0;0;1
2458,0,0;0;0;0;0;0,1;0;0;0;0;0;0;1;0;0;0;0;0;0;1;0;0;0;0;0;0;1;0;0;0;0;0;0;1;0;0;0;0;0;0;1
2459,0,0;0;0;0;0;0,1;0;0;0;0;0;0;1;0;0;0;0;0;0;1;0;0;0;0;0;0;1;0;0;0;0;0;0;1;0;0;0;0;0;0;1
2460,0,0;0;0;0;0;0,1;0;0;0;0;0;0;1;0;0;0;0;0;0;1;0;0;0;0;0;0;1;0;0;0;0;0;0;1;0;0;0;0;0;0;1
2461,0,0;0;0;0;0;0,1;0;0;0;0;0;0;1;0;0;0;0;0;0;1;0;0;0;0;0;0;1;0;0;0;0;0;0;1;0;0;0;0;0;0;1
2462,0,0;0;0;0;0;0,1;0;0;0;0;0;0;1;0;0;0;0;0;0;1;0;0;0;0;0;0;1;0;0;0;0;0;0;1;0;0;0;0;0;0;1
2463,0,0;0;0;0;0;0,1;0;0;0;0;0;0;1;0;0;0;0;0;0;1;0;0;0;0;0;0;1;0;0;0;0;0;0;1;0;0;0;0;0;0;1
2464,0,0;0;0;0;0;0,1;0;0;0;0;0;0;1;0;0;0;0;0;0;1;0;0;0;0;0;0;1;0;0;0;0;0;0;1;0;0;0;0;0;0;1
2465,0,0;0;0;0;0;0,1;0;0;0;0;0;0;1;0;0;0;0;0;0;1;0;0;0;0;0;0;1;0;0;0;0;0;0;1;0;0;0;0;0;0;1
2466,0,0;0;0;0;0;0,1;0;0;0;0;0;0;1;0;0;0;0;0;0;1;0;0;0;0;0;0;1;0;0;0;0;0;0;1;0;0;0;0;0;0;1
2467,0,0;0;0;0;0;0,1;0;0;0;0;0;0;1;0;0;0;0;0;0;1;0;0;0;0;0;0;1;0;0;0;0;0;0;1;0;0;0;0;0;0;1
2468,0,0;0;0;0;0;0,1;0;0;0;0;0;0;1;0;0;0;0;0;0;1;0;0;0;0;0;0;1;0;0;0;0;0;0;1;0;0;0;0;0;0;1
2469,0,0;0;0;0;0;0,1;0;0;0;0;0;0;1;0;0;0;0;0;0;1;0;0;0;0;0;0;1;0;0;0;0;0;0;1;0;0;0;0;0;0;1
2470,0,0;0;0;0;0;0,1;0;0;0;0;0;0;1;0;0;0;0;0;0;1;0;0;0;0;0;0;1;0;0;0;0;0;0;1;0;0;0;0;0;0;1
2471,0,0;0;0;0;0;0,1;0;0;0;0;0;0;1;0;0;0;0;0;0;1;0;0;0;0;0;0;1;0;0;0;0;0;0;1;0;0;0;0;0;0;1
2472,0,0;0;0;0;0;0,1;0;0;0;0;0;0;1;0;0;0;0;0;0;1;0;0;0;0;0;0;1;0;0;0;0;0;0;1;0;0;0;0;0;0;1
2473,0,0;0;0;0;0;0,1;0;0;0;0;0;0;1;0;0;0;0;0;0;1;0;0;0;0;0;0;1;0;0;0;0;0;0;1;0;0;0;0;0;0;1
2474,0,0;0;0;0;0;0,1;0;0;0;0;0;0;1;0;0;0;0;0;0;1;0;0;0;0;0;0;1;0;0;0;0;0;0;1;0;0;0;0;0;0;1
2475,0,0;0;0;0;0;0,1;0;0;0;0;0;0;1;0;0;0;0;0;0;1;0;0;0;0;0;0;1;0;0;0;0;0;0;1;0;0;0;0;0;0;1
2476,0,0;0;0;0;0;0,1;0;0;0;0;0;0;1;0;0;0;0;0;0;1;0;0;0;0;0;0;1;0;0;0;0;0;0;1;0;0;0;0;0;0;1
2477,0,0;0;0;0;0;0,1;0;0;0;0;0;0;1;0;0;0;0;0;0;1;0;0;0;0;0;0;1;0;0;0;0;0;0;1;0;0;0;0;0;0;1
2478,0,0;0;0;0;0;0,1;0;0;0;0;0;0;1;0;0;0;0;0;0;1;0;0;0;0;0;0;1;0;0;0;0;0;0;1;0;0;0;0;0;0;1
2479,0,0;0;0;0;0;0,1;0;0;0;0;0;0;1;0;0;0;0;0;0;1;0;0;0;0;0;0;1;0;0;0;0;0;0;1;0;0;0;0;0;0;1
2480,0,0;0;0;0;0;0,1;0;0;0;0;0;0;1;0;0;0;0;0;0;1;0;0;0;0;0;0;1;0;0;0;0;0;0;1;0;0;0;0;0;0;1
2481,0,0;0;0;0;0;0,1;0;0;0;0;0;0;1;0;0;0;0;0;0;1;0;0;0;0;0;0;1;0;0;0;0;0;0;1;0;0;0;0;0;0;1
2482,0,0;0;0;0;0;0,1;0;0;0;0;0;0;1;0;0;0;0;0;0;1;0;0;0;0;0;0;1;0;0;0;0;0;0;1;0;0;0;0;0;0;1
2483,0,0;0;0;0;0;0,1;0;0;0;0;0;0;1;0;0;0;0;0;0;1;0;0;0;0;0;0;1;0;0;0;0;0;0;1;0;0;0;0;0;0;1
2484,0,0;0;0;0;0;0,1;0;0;0;0;0;0;1;0;0;0;0;0;0;1;0;0;0;0;0;0;1;0;0;0;0;0;0;1;0;0;0;0;0;0;1
2485,0,0;0;0;0;0;0,1;0;0;0;0;0;0;1;0;0;0;0;0;0;1;0;0;0;0;0;0;1;0;0;0;0;0;0;1;0;0;0;0;0;0;1
2486,0,0;0;0;0;0;0,1;0;0;0;0;0;0;1;0;0;0;0;0;0;1;0;0;0;0;0;0;1;0;0;0;0;0;0;1;0;0;0;0;0;0;1
2487,0,0;0;0;0;0;0,1;0;0;0;0;0;0;1;0;0;0;0;0;0;1;0;0;0;0;0;0;1;0;0;0;0;0;0;1;0;0;0;0;0;0;1
2488,0,0;0;0;0;0;0,1;0;0;0;0;0;0;1;0;0;0;0;0;0;1;0;0;0;0;0;0;1;0;0;0;0;0;0;1;0;0;0;0;0;0;1
2489,0,0;0;0;0;0;0,1;0;0;0;0;0;0;1;0;0;0;0;0;0;1;0;0;0;0;0;0;1;0;0;0;0;0;0;1;0;0;0;0;0;0;1
2490,0,0;0;0;0;0;0,1;0;0;0;0;0;0;1;0;0;0;0;0;0;1;0;0;0;0;0;0;1;0;0;0;0;0;0;1;0;0;0;0;0;0;1
2491,0,0;0;0;0;0;0,1;0;0;0;0;0;0;1;0;0;0;0;0;0;1;0;0;0;0;0;0;1;0;0;0;0;0;0;1;0;0;0;0;0;0;1
2492,0,0;0;0;0;0;0,1;0;0;0;0;0;0;1;0;0;0;0;0;0;1;0;0;0;0;0;0;1;0;0;0;0;0;0;1;0;0;0;0;0;0;1
2493,0,0;0;0;0;0;0,1;0;0;0;0;0;0;1;0;0;0;0;0;0;1;0;0;0;0;0;0;1;0;0;0;0;0;0;1;0;0;0;0;0;0;1
2494,0,0;0;0;0;0;0,1;0;0;0;0;0;0;1;0;0;0;0;0;0;1;0;0;0;0;0;0;1;0;0;0;0;0;0;1;0;0;0;0;0;0;1
2495,0,0;0;0;0;0;0,1;0;0;0;0;0;0;1;0;0;0;0;0;0;1;0;0;0;0;0;0;1;0;0;0;0;0;0;1;0;0;0;0;0;0;1
2496,0,0;0;0;0;0;0,1;0;0;0;0;0;0;1;0;0;0;0;0;0;1;0;0;0;0;0;0;1;0;0;0;0;0;0;1;0;0;0;0;0;0;1
2497,0,0;0;0;0;0;0,1;0;0;0;0;0;0;1;0;0;0;0;0;0;1;0;0;0;0;0;0;1;0;0;0;0;0;0;1;0;0;0;0;0;0;1
2498,0,0;0;0;0;0;0,1;0;0;0;0;0;0;1;0;0;0;0;0;0;1;0;0;0;0;0;0;1;0;0;0;0;0;0;1;0;0;0;0;0;0;1
2499,0,0;0;0;0;0;0,1;0;0;0;0;0;0;1;0;0;0;0;0;0;1;0;0;0;0;0;0;1;0;0;0;0;0;0;1;0;0;0;0;0;0;1
2500,0,0;0;0;0;0;0,1;0;0;0;0;0;0;1;0;0;0;0;0;0;1;0;0;0;0;0;0;1;0;0;0;0;0;0;1;0;0;0;0;0;0;1
2501,0,0;0;0;0;0;0,1;0;0;0;0;0;0;1;0;0;0;0;0;0;1;0;0;0;0;0;0;1;0;0;0;0;0;0;1;0;0;0;0;0;0;1
2502,0,0;0;0;0;0;0,1;0;0;0;0;0;0;1;0;0;0;0;0;0;1;0;0;0;0;0;0;1;0;0;0;0;0;0;1;0;0;0;0;0;0;1
2503,0,0;0;0;0;0;0,1;0;0;0;0;0;0;1;0;0;0;0;0;0;1;0;0;0;0;0;0;1;0;0;0;0;0;0;1;0;0;0;0;0;0;1
2504,0,0;0;0;0;0;0,1;0;0;0;0;0;0;1;0;0;0;0;0;0;1;0;0;0;0;0;0;1;0;0;0;0;0;0;1;0;0;0;0;0;0;1
2505,0,0;0;0;0;0;0,1;0;0;0;0;0;0;1;0;0;0;0;0;0;1;0;0;0;0;0;0;1;0;0;0;0;0;0;1;0;0;0;0;0;0;1
2506,0,0;0;0;0;0;0,1;0;0;0;0;0;0;1;0;0;0;0;0;0;1;0;0;0;0;0;0;1;0;0;0;0;0;0;1;0;0;0;0;0;0;1
2507,0,0;0;0;0;0;0,1;0;0;0;0;0;0;1;0;0;0;0;0;0;1;0;0;0;0;0;0;1;0;0;0;0;0;0;1;0;0;0;0;0;0;1
2508,0,0;0;0;0;0;0,1;0;0;0;0;0;0;1;0;0;0;0;0;0;1;0;0;0;0;0;0;1;0;0;0;0;0;0;1;0;0;0;0;0;0;1
2509,0,0;0;0;0;0;0,1;0;0;0;0;0;0;1;0;0;0;0;0;0;1;0;0;0;0;0;0;1;0;0;0;0;0;0;1;0;0;0;0;0;0;1
2510,0,0;0;0;0;0;0,1;0;0;0;0;0;0;1;0;0;0;0;0;0;1;0;0;0;0;0;0;1;0;0;0;0;0;0;1;0;0;0;0;0;0;1
2511,0,0;0;0;0;0;0,1;0;0;0;0;0;0;1;0;0;0;0;0;0;1;0;0;0;0;0;0;1;0;0;0;0;0;0;1;0;0;0;0;0;0;1
2512,0,0;0;0;0;0;0,1;0;0;0;0;0;0;1;0;0;0;0;0;0;1;0;0;0;0;0;0;1;0;0;0;0;0;0;1;0;0;0;0;0;0;1
2513,0,0;0;0;0;0;0,1;0;0;0;0;0;0;1;0;0;0;0;0;0;1;0;0;0;0;0;0;1;0;0;0;0;0;0;1;0;0;0;0;0;0;1
2514,0,0;0;0;0;0;0,1;0;0;0;0;0;0;1;0;0;0;0;0;0;1;0;0;0;0;0;0;1;0;0;0;0;0;0;1;0;0;0;0;0;0;1
2515,0,0;0;0;0;0;0,1;0;0;0;0;0;0;1;0;0;0;0;0;0;1;0;0;0;0;0;0;1;0;0;0;0;0;0;1;0;0;0;0;0;0;1
2516,0,0;0;0;0;0;0,1;0;0;0;0;0;0;1;0;0;0;0;0;0;1;0;0;0;0;0;0;1;0;0;0;0;0;0;1;0;0;0;0;0;0;1
2517,0,0;0;0;0;0;0,1;0;0;0;0;0;0;1;0;0;0;0;0;0;1;0;0;0;0;0;0;1;0;0;0;0;0;0;1;0;0;0;0;0;0;1
2518,0,0;0;0;0;0;0,1;0;0;0;0;0;0;1;0;0;0;0;0;0;1;0;0;0;0;0;0;1;0;0;0;0;0;0;1;0;0;0;0;0;0;1
2519,0,0;0;0;0;0;0,1;0;0;0;0;0;0;1;0;0;0;0;0;0;1;0;0;0;0;0;0;1;0;0;0;0;0;0;1;0;0;0;0;0;0;1
2520,0,0;0;0;0;0;0,1;0;0;0;0;0;0;1;0;0;0;0;0;0;1;0;0;0;0;0;0;1;0;0;0;0;0;0;1;0;0;0;0;0;0;1
2521,0,0;0;0;0;0;0,1;0;0;0;0;0;0;1;0;0;0;0;0;0;1;0;0;0;0;0;0;1;0;0;0;0;0;0;1;0;0;0;0;0;0;1
2522,0,0;0;0;0;0;0,1;0;0;0;0;0;0;1;0;0;0;0;0;0;1;0;0;0;0;0;0;1;0;0;0;0;0;0;1;0;0;0;0;0;0;1
2523,0,0;0;0;0;0;0,1;0;0;0;0;0;0;1;0;0;0;0;0;0;1;0;0;0;0;0;0;1;0;0;0;0;0;0;1;0;0;0;0;0;0;1
2524,0,0;0;0;0;0;0,1;0;0;0;0;0;0;1;0;0;0;0;0;0;1;0;0;0;0;0;0;1;0;0;0;0;0;0;1;0;0;0;0;0;0;1
2525,0,0;0;0;0;0;0,1;0;0;0;0;0;0;1;0;0;0;0;0;0;1;0;0;0;0;0;0;1;0;0;0;0;0;0;1;0;0;0;0;0;0;1
2526,0,0;0;0;0;0;0,1;0;0;0;0;0;0;1;0;0;0;0;0;0;1;0;0;0;0;0;0;1;0;0;0;0;0;0;1;0;0;0;0;0;0;1
2527,0,0;0;0;0;0;0,1;0;0;0;0;0;0;1;0;0;0;0;0;0;1;0;0;0;0;0;0;1;0;0;0;0;0;0;1;0;0;0;0;0;0;1
2528,0,0;0;0;0;0;0,1;0;0;0;0;0;0;1;0;0;0;0;0;0;1;0;0;0;0;0;0;1;0;0;0;0;0;0;1;0;0;0;0;0;0;1
2529,0,0;0;0;0;0;0,1;0;0;0;0;0;0;1;0;0;0;0;0;0;1;0;0;0;0;0;0;1;0;0;0;0;0;0;1;0;0;0;0;0;0;1
2530,0,0;0;0;0;0;0,1;0;0;0;0;0;0;1;0;0;0;0;0;0;1;0;0;0;0;0;0;1;0;0;0;0;0;0;1;0;0;0;0;0;0;1
2531,0,0;0;0;0;0;0,1;0;0;0;0;0;0;1;0;0;0;0;0;0;1;0;0;0;0;0;0;1;0;0;0;0;0;0;1;0;0;0;0;0;0;1
2532,0,0;0;0;0;0;0,1;0;0;0;0;0;0;1;0;0;0;0;0;0;1;0;0;0;0;0;0;1;0;0;0;0;0;0;1;0;0;0;0;0;0;1
2533,0,0;0;0;0;0;0,1;0;0;0;0;0;0;1;0;0;0;0;0;0;1;0;0;0;0;0;0;1;0;0;0;0;0;0;1;0;0;0;0;0;0;1
2534,0,0;0;0;0;0;0,1;0;0;0;0;0;0;1;0;0;0;0;0;0;1;0;0;0;0;0;0;1;0;0;0;0;0;0;1;0;0;0;0;0;0;1
2535,0,0;0;0;0;0;0,1;0;0;0;0;0;0;1;0;0;0;0;0;0;1;0;0;0;0;0;0;1;0;0;0;0;0;0;1;0;0;0;0;0;0;1
2536,0,0;0;0;0;0;0,1;0;0;0;0;0;0;1;0;0;0;0;0;0;1;0;0;0;0;0;0;1;0;0;0;0;0;0;1;0;0;0;0;0;0;1
2537,0,0;0;0;0;0;0,1;0;0;0;0;0;0;1;0;0;0;0;0;0;1;0;0;0;0;0;0;1;0;0;0;0;0;0;1;0;0;0;0;0;0;1
2538,0,0;0;0;0;0;0,1;0;0;0;0;0;0;1;0;0;0;0;0;0;1;0;0;0;0;0;0;1;0;0;0;0;0;0;1;0;0;0;0;0;0;1
2539,0,0;0;0;0;0;0,1;0;0;0;0;0;0;1;0;0;0;0;0;0;1;0;0;0;0;0;0;1;0;0;0;0;0;0;1;0;0;0;0;0;0;1
2540,0,0;0;0;0;0;0,1;0;0;0;0;0;0;1;0;0;0;0;0;0;1;0;0;0;0;0;0;1;0;0;0;0;0;0;1;0;0;0;0;0;0;1
2541,0,0;0;0;0;0;0,1;0;0;0;0;0;0;1;0;0;0;0;0;0;1;0;0;0;0;0;0;1;0;0;0;0;0;0;1;0;0;0;0;0;0;1
2542,0,0;0;0;0;0;0,1;0;0;0;0;0;0;1;0;0;0;0;0;0;1;0;0;0;0;0;0;1;0;0;0;0;0;0;1;0;0;0;0;0;0;1
2543,0,0;0;0;0;0;0,1;0;0;0;0;0;0;1;0;0;0;0;0;0;1;0;0;0;0;0;0;1;0;0;0;0;0;0;1;0;0;0;0;0;0;1
2544,0,0;0;0;0;0;0,1;0;0;0;0;0;0;1;0;0;0;0;0;0;1;0;0;0;0;0;0;1;0;0;0;0;0;0;1;0;0;0;0;0;0;1
2545,0,0;0;0;0;0;0,1;0;0;0;0;0;0;1;0;0;0;0;0;0;1;0;0;0;0;0;0;1;0;0;0;0;0;0;1;0;0;0;0;0;0;1
2546,0,0;0;0;0;0;0,1;0;0;0;0;0;0;1;0;0;0;0;0;0;1;0;0;0;0;0;0;1;0;0;0;0;0;0;1;0;0;0;0;0;0;1
2547,0,0;0;0;0;0;0,1;0;0;0;0;0;0;1;0;0;0;0;0;0;1;0;0;0;0;0;0;1;0;0;0;0;0;0;1;0;0;0;0;0;0;1
2548,0,0;0;0;0;0;0,1;0;0;0;0;0;0;1;0;0;0;0;0;0;1;0;0;0;0;0;0;1;0;0;0;0;0;0;1;0;0;0;0;0;0;1
2549,0,0;0;0;0;0;0,1;0;0;0;0;0;0;1;0;0;0;0;0;0;1;0;0;0;0;0;0;1;0;0;0;0;0;0;1;0;0;0;0;0;0;1
2550,0,0;0;0;0;0;0,1;0;0;0;0;0;0;1;0;0;0;0;0;0;1;0;0;0;0;0;0;1;0;0;0;0;0;0;1;0;0;0;0;0;0;1
2551,0,0;0;0;0;0;0,1;0;0;0;0;0;0;1;0;0;0;0;0;0;1;0;0;0;0;0;0;1;0;0;0;0;0;0;1;0;0;0;0;0;0;1
2552,0,0;0;0;0;0;0,1;0;0;0;0;0;0;1;0;0;0;0;0;0;1;0;0;0;0;0;0;1;0;0;0;0;0;0;1;0;0;0;0;0;0;1
2553,0,0;0;0;0;0;0,1;0;0;0;0;0;0;1;0;0;0;0;0;0;1;0;0;0;0;0;0;1;0;0;0;0;0;0;1;0;0;0;0;0;0;1
2554,0,0;0;0;0;0;0,1;0;0;0;0;0;0;1;0;0;0;0;0;0;1;0;0;0;0;0;0;1;0;0;0;0;0;0;1;0;0;0;0;0;0;1
2555,0,0;0;0;0;0;0,1;0;0;0;0;0;0;1;0;0;0;0;0;0;1;0;0;0;0;0;0;1;0;0;0;0;0;0;1;0;0;0;0;0;0;1
2556,0,0;0;0;0;0;0,1;0;0;0;0;0;0;1;0;0;0;0;0;0;1;0;0;0;0;0;0;1;0;0;0;0;0;0;1;0;0;0;0;0;0;1
2557,0,0;0;0;0;0;0,1;0;0;0;0;0;0;1;0;0;0;0;0;0;1;0;0;0;0;0;0;1;0;0;0;0;0;0;1;0;0;0;0;0;0;1
2558,0,0;0;0;0;0;0,1;0;0;0;0;0;0;1;0;0;0;0;0;0;1;0;0;0;0;0;0;1;0;0;0;0;0;0;1;0;0;0;0;0;0;1
2559,0,0;0;0;0;0;0,1;0;0;0;0;0;0;1;0;0;0;0;0;0;1;0;0;0;0;0;0;1;0;0;0;0;0;0;1;0;0;0;0;0;0;1
2560,0,0;0;0;0;0;0,1;0;0;0;0;0;0;1;0;0;0;0;0;0;1;0;0;0;0;0;0;1;0;0;0;0;0;0;1;0;0;0;0;0;0;1
2561,0,0;0;0;0;0;0,1;0;0;0;0;0;0;1;0;0;0;0;0;0;1;0;0;0;0;0;0;1;0;0;0;0;0;0;1;0;0;0;0;0;0;1
2562,0,0;0;0;0;0;0,1;0;0;0;0;0;0;1;0;0;0;0;0;0;1;0;0;0;0;0;0;1;0;0;0;0;0;0;1;0;0;0;0;0;0;1
2563,0,0;0;0;0;0;0,1;0;0;0;0;0;0;1;0;0;0;0;0;0;1;0;0;0;0;0;0;1;0;0;0;0;0;0;1;0;0;0;0;0;0;1
2564,0,0;0;0;0;0;0,1;0;0;0;0;0;0;1;0;0;0;0;0;0;1;0;0;0;0;0;0;1;0;0;0;0;0;0;1;0;0;0;0;0;0;1
2565,0,0;0;0;0;0;0,1;0;0;0;0;0;0;1;0;0;0;0;0;0;1;0;0;0;0;0;0;1;0;0;0;0;0;0;1;0;0;0;0;0;0;1
2566,0,0;0;0;0;0;0,1;0;0;0;0;0;0;1;0;0;0;0;0;0;1;0;0;0;0;0;0;1;0;0;0;0;0;0;1;0;0;0;0;0;0;1
2567,0,0;0;0;0;0;0,1;0;0;0;0;0;0;1;0;0;0;0;0;0;1;0;0;0;0;0;0;1;0;0;0;0;0;0;1;0;0;0;0;0;0;1
2568,0,0;0;0;0;0;0,1;0;0;0;0;0;0;1;0;0;0;0;0;0;1;0;0;0;0;0;0;1;0;0;0;0;0;0;1;0;0;0;0;0;0;1
2569,0,0;0;0;0;0;0,1;0;0;0;0;0;0;1;0;0;0;0;0;0;1;0;0;0;0;0;0;1;0;0;0;0;0;0;1;0;0;0;0;0;0;1
2570,0,0;0;0;0;0;0,1;0;0;0;0;0;0;1;0;0;0;0;0;0;1;0;0;0;0;0;0;1;0;0;0;0;0;0;1;0;0;0;0;0;0;1
2571,0,0;0;0;0;0;0,1;0;0;0;0;0;0;1;0;0;0;0;0;0;1;0;0;0;0;0;0;1;0;0;0;0;0;0;1;0;0;0;0;0;0;1
2572,0,0;0;0;0;0;0,1;0;0;0;0;0;0;1;0;0;0;0;0;0;1;0;0;0;0;0;0;1;0;0;0;0;0;0;1;0;0;0;0;0;0;1
2573,0,0;0;0;0;0;0,1;0;0;0;0;0;0;1;0;0;0;0;0;0;1;0;0;0;0;0;0;1;0;0;0;0;0;0;1;0;0;0;0;0;0;1
2574,0,0;0;0;0;0;0,1;0;0;0;0;0;0;1;0;0;0;0;0;0;1;0;0;0;0;0;0;1;0;0;0;0;0;0;1;0;0;0;0;0;0;1
2575,0,0;0;0;0;0;0,1;0;0;0;0;0;0;1;0;0;0;0;0;0;1;0;0;0;0;0;0;1;0;0;0;0;0;0;1;0;0;0;0;0;0;1
2576,0,0;0;0;0;0;0,1;0;0;0;0;0;0;1;0;0;0;0;0;0;1;0;0;0;0;0;0;1;0;0;0;0;0;0;1;0;0;0;0;0;0;1
2577,0,0;0;0;0;0;0,1;0;0;0;0;0;0;1;0;0;0;0;0;0;1;0;0;0;0;0;0;1;0;0;0;0;0;0;1;0;0;0;0;0;0;1
2578,0,0;0;0;0;0;0,1;0;0;0;0;0;0;1;0;0;0;0;0;0;1;0;0;0;0;0;0;1;0;0;0;0;0;0;1;0;0;0;0;0;0;1
2579,0,0;0;0;0;0;0,1;0;0;0;0;0;0;1;0;0;0;0;0;0;1;0;0;0;0;0;0;1;0;0;0;0;0;0;1;0;0;0;0;0;0;1
2580,0,0;0;0;0;0;0,1;0;0;0;0;0;0;1;0;0;0;0;0;0;1;0;0;0;0;0;0;1;0;0;0;0;0;0;1;0;0;0;0;0;0;1
2581,0,0;0;0;0;0;0,1;0;0;0;0;0;0;1;0;0;0;0;0;0;1;0;0;0;0;0;0;1;0;0;0;0;0;0;1;0;0;0;0;0;0;1
2582,0,0;0;0;0;0;0,1;0;0;0;0;0;0;1;0;0;0;0;0;0;1;0;0;0;0;0;0;1;0;0;0;0;0;0;1;0;0;0;0;0;0;1
2583,0,0;0;0;0;0;0,1;0;0;0;0;0;0;1;0;0;0;0;0;0;1;0;0;0;0;0;0;1;0;0;0;0;0;0;1;0;0;0;0;0;0;1
2584,0,0;0;0;0;0;0,1;0;0;0;0;0;0;1;0;0;0;0;0;0;1;0;0;0;0;0;0;1;0;0;0;0;0;0;1;0;0;0;0;0;0;1
2585,0,0;0;0;0;0;0,1;0;0;0;0;0;0;1;0;0;0;0;0;0;1;0;0;0;0;0;0;1;0;0;0;0;0;0;1;0;0;0;0;0;0;1
2586,0,0;0;0;0;0;0,1;0;0;0;0;0;0;1;0;0;0;0;0;0;1;0;0;0;0;0;0;1;0;0;0;0;0;0;1;0;0;0;0;0;0;1
2587,0,0;0;0;0;0;0,1;0;0;0;0;0;0;1;0;0;0;0;0;0;1;0;0;0;0;0;0;1;0;0;0;0;0;0;1;0;0;0;0;0;0;1
2588,0,0;0;0;0;0;0,1;0;0;0;0;0;0;1;0;0;0;0;0;0;1;0;0;0;0;0;0;1;0;0;0;0;0;0;1;0;0;0;0;0;0;1
2589,0,0;0;0;0;0;0,1;0;0;0;0;0;0;1;0;0;0;0;0;0;1;0;0;0;0;0;0;1;0;0;0;0;0;0;1;0;0;0;0;0;0;1
2590,0,0;0;0;0;0;0,1;0;0;0;0;0;0;1;0;0;0;0;0;0;1;0;0;0;0;0;0;1;0;0;0;0;0;0;1;0;0;0;0;0;0;1
2591,0,0;0;0;0;0;0,1;0;0;0;0;0;0;1;0;0;0;0;0;0;1;0;0;0;0;0;0;1;0;0;0;0;0;0;1;0;0;0;0;0;0;1
2592,0,0;0;0;0;0;0,1;0;0;0;0;0;0;1;0;0;0;0;0;0;1;0;0;0;0;0;0;1;0;0;0;0;0;0;1;0;0;0;0;0;0;1
2593,0,0;0;0;0;0;0,1;0;0;0;0;0;0;1;0;0;0;0;0;0;1;0;0;0;0;0;0;1;0;0;0;0;0;0;1;0;0;0;0;0;0;1
2594,0,0;0;0;0;0;0,1;0;0;0;0;0;0;1;0;0;0;0;0;0;1;0;0;0;0;0;0;1;0;0;0;0;0;0;1;0;0;0;0;0;0;1
2595,0,0;0;0;0;0;0,1;0;0;0;0;0;0;1;0;0;0;0;0;0;1;0;0;0;0;0;0;1;0;0;0;0;0;0;1;0;0;0;0;0;0;1
2596,0,0;0;0;0;0;0,1;0;0;0;0;0;0;1;0;0;0;0;0;0;1;0;0;0;0;0;0;1;0;0;0;0;0;0;1;0;0;0;0;0;0;1
2597,0,0;0;0;0;0;0,1;0;0;0;0;0;0;1;0;0;0;0;0;0;1;0;0;0;0;0;0;1;0;0;0;0;0;0;1;0;0;0;0;0;0;1
2598,0,0;0;0;0;0;0,1;0;0;0;0;0;0;1;0;0;0;0;0;0;1;0;0;0;0;0;0;1;0;0;0;0;0;0;1;0;0;0;0;0;0;1
2599,0,0;0;0;0;0;0,1;0;0;0;0;0;0;1;0;0;0;0;0;0;1;0;0;0;0;0;0;1;0;0;0;0;0;0;1;0;0;0;0;0;0;1
2600,0,0;0;0;0;0;0,1;0;0;0;0;0;0;1;0;0;0;0;0;0;1;0;0;0;0;0;0;1;0;0;0;0;0;0;1;0;0;0;0;0;0;1
2601,0,0;0;0;0;0;0,1;0;0;0;0;0;0;1;0;0;0;0;0;0;1;0;0;0;0;0;0;1;0;0;0;0;0;0;1;0;0;0;0;0;0;1
2602,0,0;0;0;0;0;0,1;0;0;0;0;0;0;1;0;0;0;0;0;0;1;0;0;0;0;0;0;1;0;0;0;0;0;0;1;0;0;0;0;0;0;1
2603,0,0;0;0;0;0;0,1;0;0;0;0;0;0;1;0;0;0;0;0;0;1;0;0;0;0;0;0;1;0;0;0;0;0;0;1;0;0;0;0;0;0;1
2604,0,0;0;0;0;0;0,1;0;0;0;0;0;0;1;0;0;0;0;0;0;1;0;0;0;0;0;0;1;0;0;0;0;0;0;1;0;0;0;0;0;0;1
2605,0,0;0;0;0;0;0,1;0;0;0;0;0;0;1;0;0;0;0;0;0;1;0;0;0;0;0;0;1;0;0;0;0;0;0;1;0;0;0;0;0;0;1
2606,0,0;0;0;0;0;0,1;0;0;0;0;0;0;1;0;0;0;0;0;0;1;0;0;0;0;0;0;1;0;0;0;0;0;0;1;0;0;0;0;0;0;1
2607,0,0;0;0;0;0;0,1;0;0;0;0;0;0;1;0;0;0;0;0;0;1;0;0;0;0;0;0;1;0;0;0;0;0;0;1;0;0;0;0;0;0;1
2608,0,0;0;0;0;0;0,1;0;0;0;0;0;0;1;0;0;0;0;0;0;1;0;0;0;0;0;0;1;0;0;0;0;0;0;1;0;0;0;0;0;0;1
2609,0,0;0;0;0;0;0,1;0;0;0;0;0;0;1;0;0;0;0;0;0;1;0;0;0;0;0;0;1;0;0;0;0;0;0;1;0;0;0;0;0;0;1
2610,0,0;0;0;0;0;0,1;0;0;0;0;0;0;1;0;0;0;0;0;0;1;0;0;0;0;0;0;1;0;0;0;0;0;0;1;0;0;0;0;0;0;1
2611,0,0;0;0;0;0;0,1;0;0;0;0;0;0;1;0;0;0;0;0;0;1;0;0;0;0;0;0;1;0;0;0;0;0;0;1;0;0;0;0;0;0;1
2612,0,0;0;0;0;0;0,1;0;0;0;0;0;0;1;0;0;0;0;0;0;1;0;0;0;0;0;0;1;0;0;0;0;0;0;1;0;0;0;0;0;0;1
2613,0,0;0;0;0;0;0,1;0;0;0;0;0;0;1;0;0;0;0;0;0;1;0;0;0;0;0;0;1;0;0;0;0;0;0;1;0;0;0;0;0;0;1
2614,0,0;0;0;0;0;0,1;0;0;0;0;0;0;1;0;0;0;0;0;0;1;0;0;0;0;0;0;1;0;0;0;0;0;0;1;0;0;0;0;0;0;1
2615,0,0;0;0;0;0;0,1;0;0;0;0;0;0;1;0;0;0;0;0;0;1;0;0;0;0;0;0;1;0;0;0;0;0;0;1;0;0;0;0;0;0;1
2616,0,0;0;0;0;0;0,1;0;0;0;0;0;0;1;0;0;0;0;0;0;1;0;0;0;0;0;0;1;0;0;0;0;0;0;1;0;0;0;0;0;0;1
2617,0,0;0;0;0;0;0,1;0;0;0;0;0;0;1;0;0;0;0;0;0;1;0;0;0;0;0;0;1;0;0;0;0;0;0;1;0;0;0;0;0;0;1
2618,0,0;0;0;0;0;0,1;0;0;0;0;0;0;1;0;0;0;0;0;0;1;0;0;0;0;0;0;1;0;0;0;0;0;0;1;0;0;0;0;0;0;1
2619,0,0;0;0;0;0;0,1;0;0;0;0;0;0;1;0;0;0;0;0;0;1;0;0;0;0;0;0;1;0;0;0;0;0;0;1;0;0;0;0;0;0;1
2620,0,0;0;0;0;0;0,1;0;0;0;0;0;0;1;0;0;0;0;0;0;1;0;0;0;0;0;0;1;0;0;0;0;0;0;1;0;0;0;0;0;0;1
2621,0,0;0;0;0;0;0,1;0;0;0;0;0;0;1;0;0;0;0;0;0;1;0;0;0;0;0;0;1;0;0;0;0;0;0;1;0;0;0;0;0;0;1
2622,0,0;0;0;0;0;0,1;0;0;0;0;0;0;1;0;0;0;0;0;0;1;0;0;0;0;0;0;1;0;0;0;0;0;0;1;0;0;0;0;0;0;1
2623,0,0;0;0;0;0;0,1;0;0;0;0;0;0;1;0;0;0;0;0;0;1;0;0;0;0;0;0;1;0;0;0;0;0;0;1;0;0;0;0;0;0;1
2624,0,0;0;0;0;0;0,1;0;0;0;0;0;0;1;0;0;0;0;0;0;1;0;0;0;0;0;0;1;0;0;0;0;0;0;1;0;0;0;0;0;0;1
2625,0,0;0;0;0;0;0,1;0;0;0;0;0;0;1;0;0;0;0;0;0;1;0;0;0;0;0;0;1;0;0;0;0;0;0;1;0;0;0;0;0;0;1
2626,0,0;0;0;0;0;0,1;0;0;0;0;0;0;1;0;0;0;0;0;0;1;0;0;0;0;0;0;1;0;0;0;0;0;0;1;0;0;0;0;0;0;1
2627,0,0;0;0;0;0;0,1;0;0;0;0;0;0;1;0;0;0;0;0;0;1;0;0;0;0;0;0;1;0;0;0;0;0;0;1;0;0;0;0;0;0;1
2628,0,0;0;0;0;0;0,1;0;0;0;0;0;0;1;0;0;0;0;0;0;1;0;0;0;0;0;0;1;0;0;0;0;0;0;1;0;0;0;0;0;0;1
2629,0,0;0;0;0;0;0,1;0;0;0;0;0;0;1;0;0;0;0;0;0;1;0;0;0;0;0;0;1;0;0;0;0;0;0;1;0;0;0;0;0;0;1
2630,0,0;0;0;0;0;0,1;0;0;0;0;0;0;1;0;0;0;0;0;0;1;0;0;0;0;0;0;1;0;0;0;0;0;0;1;0;0;0;0;0;0;1
2631,0,0;0;0;0;0;0,1;0;0;0;0;0;0;1;0;0;0;0;0;0;1;0;0;0;0;0;0;1;0;0;0;0;0;0;1;0;0;0;0;0;0;1
2632,0,0;0;0;0;0;0,1;0;0;0;0;0;0;1;0;0;0;0;0;0;1;0;0;0;0;0;0;1;0;0;0;0;0;0;1;0;0;0;0;0;0;1
2633,0,0;0;0;0;0;0,1;0;0;0;0;0;0;1;0;0;0;0;0;0;1;0;0;0;0;0;0;1;0;0;0;0;0;0;1;0;0;0;0;0;0;1
2634,0,0;0;0;0;0;0,1;0;0;0;0;0;0;1;0;0;0;0;0;0;1;0;0;0;0;0;0;1;0;0;0;0;0;0;1;0;0;0;0;0;0;1
2635,0,0;0;0;0;0;0,1;0;0;0;0;0;0;1;0;0;0;0;0;0;1;0;0;0;0;0;0;1;0;0;0;0;0;0;1;0;0;0;0;0;0;1
2636,0,0;0;0;0;0;0,1;0;0;0;0;0;0;1;0;0;0;0;0;0;1;0;0;0;0;0;0;1;0;0;0;0;0;0;1;0;0;0;0;0;0;1
2637,0,0;0;0;0;0;0,1;0;0;0;0;0;0;1;0;0;0;0;0;0;1;0;0;0;0;0;0;1;0;0;0;0;0;0;1;0;0;0;0;0;0;1
2638,0,0;0;0;0;0;0,1;0;0;0;0;0;0;1;0;0;0;0;0;0;1;0;0;0;0;0;0;1;0;0;0;0;0;0;1;0;0;0;0;0;0;1
2639,0,0;0;0;0;0;0,1;0;0;0;0;0;0;1;0;0;0;0;0;0;1;0;0;0;0;0;0;1;0;0;0;0;0;0;1;0;0;0;0;0;0;1
2640,0,0;0;0;0;0;0,1;0;0;0;0;0;0;1;0;0;0;0;0;0;1;0;0;0;0;0;0;1;0;0;0;0;0;0;1;0;0;0;0;0;0;1
2641,0,0;0;0;0;0;0,1;0;0;0;0;0;0;1;0;0;0;0;0;0;1;0;0;0;0;0;0;1;0;0;0;0;0;0;1;0;0;0;0;0;0;1
2642,0,0;0;0;0;0;0,1;0;0;0;0;0;0;1;0;0;0;0;0;0;1;0;0;0;0;0;0;1;0;0;0;0;0;0;1;0;0;0;0;0;0;1
2643,0,0;0;0;0;0;0,1;0;0;0;0;0;0;1;0;0;0;0;0;0;1;0;0;0;0;0;0;1;0;0;0;0;0;0;1;0;0;0;0;0;0;1
2644,0,0;0;0;0;0;0,1;0;0;0;0;0;0;1;0;0;0;0;0;0;1;0;0;0;0;0;0;1;0;0;0;0;0;0;1;0;0;0;0;0;0;1
2645,0,0;0;0;0;0;0,1;0;0;0;0;0;0;1;0;0;0;0;0;0;1;0;0;0;0;0;0;1;0;0;0;0;0;0;1;0;0;0;0;0;0;1
2646,0,0;0;0;0;0;0,1;0;0;0;0;0;0;1;0;0;0;0;0;0;1;0;0;0;0;0;0;1;0;0;0;0;0;0;1;0;0;0;0;0;0;1
2647,0,0;0;0;0;0;0,1;0;0;0;0;0;0;1;0;0;0;0;0;0;1;0;0;0;0;0;0;1;0;0;0;0;0;0;1;0;0;0;0;0;0;1
2648,0,0;0;0;0;0;0,1;0;0;0;0;0;0;1;0;0;0;0;0;0;1;0;0;0;0;0;0;1;0;0;0;0;0;0;1;0;0;0;0;0;0;1
2649,0,0;0;0;0;0;0,1;0;0;0;0;0;0;1;0;0;0;0;0;0;1;0;0;0;0;0;0;1;0;0;0;0;0;0;1;0;0;0;0;0;0;1
2650,0,0;0;0;0;0;0,1;0;0;0;0;0;0;1;0;0;0;0;0;0;1;0;0;0;0;0;0;1;0;0;0;0;0;0;1;0;0;0;0;0;0;1
2651,0,0;0;0;0;0;0,1;0;0;0;0;0;0;1;0;0;0;0;0;0;1;0;0;0;0;0;0;1;0;0;0;0;0;0;1;0;0;0;0;0;0;1
2652,0,0;0;0;0;0;0,1;0;0;0;0;0;0;1;0;0;0;0;0;0;1;0;0;0;0;0;0;1;0;0;0;0;0;0;1;0;0;0;0;0;0;1
2653,0,0;0;0;0;0;0,1;0;0;0;0;0;0;1;0;0;0;0;0;0;1;0;0;0;0;0;0;1;0;0;0;0;0;0;1;0;0;0;0;0;0;1
2654,0,0;0;0;0;0;0,1;0;0;0;0;0;0;1;0;0;0;0;0;0;1;0;0;0;0;0;0;1;0;0;0;0;0;0;1;0;0;0;0;0;0;1
2655,0,0;0;0;0;0;0,1;0;0;0;0;0;0;1;0;0;0;0;0;0;1;0;0;0;0;0;0;1;0;0;0;0;0;0;1;0;0;0;0;0;0;1
2656,0,0;0;0;0;0;0,1;0;0;0;0;0;0;1;0;0;0;0;0;0;1;0;0;0;0;0;0;1;0;0;0;0;0;0;1;0;0;0;0;0;0;1
2657,0,0;0;0;0;0;0,1;0;0;0;0;0;0;1;0;0;0;0;0;0;1;0;0;0;0;0;0;1;0;0;0;0;0;0;1;0;0;0;0;0;0;1
2658,0,0;0;0;0;0;0,1;0;0;0;0;0;0;1;0;0;0;0;0;0;1;0;0;0;0;0;0;1;0;0;0;0;0;0;1;0;0;0;0;0;0;1
2659,0,0;0;0;0;0;0,1;0;0;0;0;0;0;1;0;0;0;0;0;0;1;0;0;0;0;0;0;1;0;0;0;0;0;0;1;0;0;0;0;0;0;1
2660,0,0;0;0;0;0;0,1;0;0;0;0;0;0;1;0;0;0;0;0;0;1;0;0;0;0;0;0;1;0;0;0;0;0;0;1;0;0;0;0;0;0;1
2661,0,0;0;0;0;0;0,1;0;0;0;0;0;0;1;0;0;0;0;0;0;1;0;0;0;0;0;0;1;0;0;0;0;0;0;1;0;0;0;0;0;0;1
2662,0,0;0;0;0;0;0,1;0;0;0;0;0;0;1;0;0;0;0;0;0;1;0;0;0;0;0;0;1;0;0;0;0;0;0;1;0;0;0;0;0;0;1
2663,0,0;0;0;0;0;0,1;0;0;0;0;0;0;1;0;0;0;0;0;0;1;0;0;0;0;0;0;1;0;0;0;0;0;0;1;0;0;0;0;0;0;1
2664,0,0;0;0;0;0;0,1;0;0;0;0;0;0;1;0;0;0;0;0;0;1;0;0;0;0;0;0;1;0;0;0;0;0;0;1;0;0;0;0;0;0;1
2665,0,0;0;0;0;0;0,1;0;0;0;0;0;0;1;0;0;0;0;0;0;1;0;0;0;0;0;0;1;0;0;0;0;0;0;1;0;0;0;0;0;0;1
2666,0,0;0;0;0;0;0,1;0;0;0;0;0;0;1;0;0;0;0;0;0;1;0;0;0;0;0;0;1;0;0;0;0;0;0;1;0;0;0;0;0;0;1
2667,0,0;0;0;0;0;0,1;0;0;0;0;0;0;1;0;0;0;0;0;0;1;0;0;0;0;0;0;1;0;0;0;0;0;0;1;0;0;0;0;0;0;1
2668,0,0;0;0;0;0;0,1;0;0;0;0;0;0;1;0;0;0;0;0;0;1;0;0;0;0;0;0;1;0;0;0;0;0;0;1;0;0;0;0;0;0;1
2669,0,0;0;0;0;0;0,1;0;0;0;0;0;0;1;0;0;0;0;0;0;1;0;0;0;0;0;0;1;0;0;0;0;0;0;1;0;0;0;0;0;0;1
2670,0,0;0;0;0;0;0,1;0;0;0;0;0;0;1;0;0;0;0;0;0;1;0;0;0;0;0;0;1;0;0;0;0;0;0;1;0;0;0;0;0;0;1
2671,0,0;0;0;0;0;0,1;0;0;0;0;0;0;1;0;0;0;0;0;0;1;0;0;0;0;0;0;1;0;0;0;0;0;0;1;0;0;0;0;0;0;1
2672,0,0;0;0;0;0;0,1;0;0;0;0;0;0;1;0;0;0;0;0;0;1;0;0;0;0;0;0;1;0;0;0;0;0;0;1;0;0;0;0;0;0;1
2673,0,0;0;0;0;0;0,1;0;0;0;0;0;0;1;0;0;0;0;0;0;1;0;0;0;0;0;0;1;0;0;0;0;0;0;1;0;0;0;0;0;0;1
2674,0,0;0;0;0;0;0,1;0;0;0;0;0;0;1;0;0;0;0;0;0;1;0;0;0;0;0;0;1;0;0;0;0;0;0;1;0;0;0;0;0;0;1
2675,0,0;0;0;0;0;0,1;0;0;0;0;0;0;1;0;0;0;0;0;0;1;0;0;0;0;0;0;1;0;0;0;0;0;0;1;0;0;0;0;0;0;1
2676,0,0;0;0;0;0;0,1;0;0;0;0;0;0;1;0;0;0;0;0;0;1;0;0;0;0;0;0;1;0;0;0;0;0;0;1;0;0;0;0;0;0;1
2677,0,0;0;0;0;0;0,1;0;0;0;0;0;0;1;0;0;0;0;0;0;1;0;0;0;0;0;0;1;0;0;0;0;0;0;1;0;0;0;0;0;0;1
2678,0,0;0;0;0;0;0,1;0;0;0;0;0;0;1;0;0;0;0;0;0;1;0;0;0;0;0;0;1;0;0;0;0;0;0;1;0;0;0;0;0;0;1
2679,0,0;0;0;0;0;0,1;0;0;0;0;0;0;1;0;0;0;0;0;0;1;0;0;0;0;0;0;1;0;0;0;0;0;0;1;0;0;0;0;0;0;1
2680,0,0;0;0;0;0;0,1;0;0;0;0;0;0;1;0;0;0;0;0;0;1;0;0;0;0;0;0;1;0;0;0;0;0;0;1;0;0;0;0;0;0;1
2681,0,0;0;0;0;0;0,1;0;0;0;0;0;0;1;0;0;0;0;0;0;1;0;0;0;0;0;0;1;0;0;0;0;0;0;1;0;0;0;0;0;0;1
2682,0,0;0;0;0;0;0,1;0;0;0;0;0;0;1;0;0;0;0;0;0;1;0;0;0;0;0;0;1;0;0;0;0;0;0;1;0;0;0;0;0;0;1
2683,0,0;0;0;0;0;0,1;0;0;0;0;0;0;1;0;0;0;0;0;0;1;0;0;0;0;0;0;1;0;0;0;0;0;0;1;0;0;0;0;0;0;1
2684,0,0;0;0;0;0;0,1;0;0;0;0;0;0;1;0;0;0;0;0;0;1;0;0;0;0;0;0;1;0;0;0;0;0;0;1;0;0;0;0;0;0;1
2685,0,0;0;0;0;0;0,1;0;0;0;0;0;0;1;0;0;0;0;0;0;1;0;0;0;0;0;0;1;0;0;0;0;0;0;1;0;0;0;0;0;0;1
2686,0,0;0;0;0;0;0,1;0;0;0;0;0;0;1;0;0;0;0;0;0;1;0;0;0;0;0;0;1;0;0;0;0;0;0;1;0;0;0;0;0;0;1
2687,0,0;0;0;0;0;0,1;0;0;0;0;0;0;1;0;0;0;0;0;0;1;0;0;0;0;0;0;1;0;0;0;0;0;0;1;0;0;0;0;0;0;1
2688,0,0;0;0;0;0;0,1;0;0;0;0;0;0;1;0;0;0;0;0;0;1;0;0;0;0;0;0;1;0;0;0;0;0;0;1;0;0;0;0;0;0;1
2689,0,0;0;0;0;0;0,1;0;0;0;0;0;0;1;0;0;0;0;0;0;1;0;0;0;0;0;0;1;0;0;0;0;0;0;1;0;0;0;0;0;0;1
2690,0,0;0;0;0;0;0,1;0;0;0;0;0;0;1;0;0;0;0;0;0;1;0;0;0;0;0;0;1;0;0;0;0;0;0;1;0;0;0;0;0;0;1
2691,0,0;0;0;0;0;0,1;0;0;0;0;0;0;1;0;0;0;0;0;0;1;0;0;0;0;0;0;1;0;0;0;0;0;0;1;0;0;0;0;0;0;1
2692,0,0;0;0;0;0;0,1;0;0;0;0;0;0;1;0;0;0;0;0;0;1;0;0;0;0;0;0;1;0;0;0;0;0;0;1;0;0;0;0;0;0;1
2693,0,0;0;0;0;0;0,1;0;0;0;0;0;0;1;0;0;0;0;0;0;1;0;0;0;0;0;0;1;0;0;0;0;0;0;1;0;0;0;0;0;0;1
2694,0,0;0;0;0;0;0,1;0;0;0;0;0;0;1;0;0;0;0;0;0;1;0;0;0;0;0;0;1;0;0;0;0;0;0;1;0;0;0;0;0;0;1
2695,0,0;0;0;0;0;0,1;0;0;0;0;0;0;1;0;0;0;0;0;0;1;0;0;0;0;0;0;1;0;0;0;0;0;0;1;0;0;0;0;0;0;1
2696,0,0;0;0;0;0;0,1;0;0;0;0;0;0;1;0;0;0;0;0;0;1;0;0;0;0;0;0;1;0;0;0;0;0;0;1;0;0;0;0;0;0;1
2697,0,0;0;0;0;0;0,1;0;0;0;0;0;0;1;0;0;0;0;0;0;1;0;0;0;0;0;0;1;0;0;0;0;0;0;1;0;0;0;0;0;0;1
2698,0,0;0;0;0;0;0,1;0;0;0;0;0;0;1;0;0;0;0;0;0;1;0;0;0;0;0;0;1;0;0;0;0;0;0;1;0;0;0;0;0;0;1
2699,0,0;0;0;0;0;0,1;0;0;0;0;0;0;1;0;0;0;0;0;0;1;0;0;0;0;0;0;1;0;0;0;0;0;0;1;0;0;0;0;0;0;1
2700,0,0;0;0;0;0;0,1;0;0;0;0;0;0;1;0;0;0;0;0;0;1;0;0;0;0;0;0;1;0;0;0;0;0;0;1;0;0;0;0;0;0;1
2701,0,0;0;0;0;0;0,1;0;0;0;0;0;0;1;0;0;0;0;0;0;1;0;0;0;0;0;0;1;0;0;0;0;0;0;1;0;0;0;0;0;0;1
2702,0,0;0;0;0;0;0,1;0;0;0;0;0;0;1;0;0;0;0;0;0;1;0;0;0;0;0;0;1;0;0;0;0;0;0;1;0;0;0;0;0;0;1
2703,0,0;0;0;0;0;0,1;0;0;0;0;0;0;1;0;0;0;0;0;0;1;0;0;0;0;0;0;1;0;0;0;0;0;0;1;0;0;0;0;0;0;1
2704,0,0;0;0;0;0;0,1;0;0;0;0;0;0;1;0;0;0;0;0;0;1;0;0;0;0;0;0;1;0;0;0;0;0;0;1;0;0;0;0;0;0;1
2705,0,0;0;0;0;0;0,1;0;0;0;0;0;0;1;0;0;0;0;0;0;1;0;0;0;0;0;0;1;0;0;0;0;0;0;1;0;0;0;0;0;0;1
2706,0,0;0;0;0;0;0,1;0;0;0;0;0;0;1;0;0;0;0;0;0;1;0;0;0;0;0;0;1;0;0;0;0;0;0;1;0;0;0;0;0;0;1
2707,0,0;0;0;0;0;0,1;0;0;0;0;0;0;1;0;0;0;0;0;0;1;0;0;0;0;0;0;1;0;0;0;0;0;0;1;0;0;0;0;0;0;1
2708,0,0;0;0;0;0;0,1;0;0;0;0;0;0;1;0;0;0;0;0;0;1;0;0;0;0;0;0;1;0;0;0;0;0;0;1;0;0;0;0;0;0;1
2709,0,0;0;0;0;0;0,1;0;0;0;0;0;0;1;0;0;0;0;0;0;1;0;0;0;0;0;0;1;0;0;0;0;0;0;1;0;0;0;0;0;0;1
2710,0,0;0;0;0;0;0,1;0;0;0;0;0;0;1;0;0;0;0;0;0;1;0;0;0;0;0;0;1;0;0;0;0;0;0;1;0;0;0;0;0;0;1
2711,0,0;0;0;0;0;0,1;0;0;0;0;0;0;1;0;0;0;0;0;0;1;0;0;0;0;0;0;1;0;0;0;0;0;0;1;0;0;0;0;0;0;1
2712,0,0;0;0;0;0;0,1;0;0;0;0;0;0;1;0;0;0;0;0;0;1;0;0;0;0;0;0;1;0;0;0;0;0;0;1;0;0;0;0;0;0;1
2713,0,0;0;0;0;0;0,1;0;0;0;0;0;0;1;0;0;0;0;0;0;1;0;0;0;0;0;0;1;0;0;0;0;0;0;1;0;0;0;0;0;0;1
2714,0,0;0;0;0;0;0,1;0;0;0;0;0;0;1;0;0;0;0;0;0;1;0;0;0;0;0;0;1;0;0;0;0;0;0;1;0;0;0;0;0;0;1
2715,0,0;0;0;0;0;0,1;0;0;0;0;0;0;1;0;0;0;0;0;0;1;0;0;0;0;0;0;1;0;0;0;0;0;0;1;0;0;0;0;0;0;1
2716,0,0;0;0;0;0;0,1;0;0;0;0;0;0;1;0;0;0;0;0;0;1;0;0;0;0;0;0;1;0;0;0;0;0;0;1;0;0;0;0;0;0;1
2717,0,0;0;0;0;0;0,1;0;0;0;0;0;0;1;0;0;0;0;0;0;1;0;0;0;0;0;0;1;0;0;0;0;0;0;1;0;0;0;0;0;0;1
2718,0,0;0;0;0;0;0,1;0;0;0;0;0;0;1;0;0;0;0;0;0;1;0;0;0;0;0;0;1;0;0;0;0;0;0;1;0;0;0;0;0;0;1
2719,0,0;0;0;0;0;0,1;0;0;0;0;0;0;1;0;0;0;0;0;0;1;0;0;0;0;0;0;1;0;0;0;0;0;0;1;0;0;0;0;0;0;1
2720,0,0;0;0;0;0;0,1;0;0;0;0;0;0;1;0;0;0;0;0;0;1;0;0;0;0;0;0;1;0;0;0;0;0;0;1;0;0;0;0;0;0;1
2721,0,0;0;0;0;0;0,1;0;0;0;0;0;0;1;0;0;0;0;0;0;1;0;0;0;0;0;0;1;0;0;0;0;0;0;1;0;0;0;0;0;0;1
2722,0,0;0;0;0;0;0,1;0;0;0;0;0;0;1;0;0;0;0;0;0;1;0;0;0;0;0;0;1;0;0;0;0;0;0;1;0;0;0;0;0;0;1
2723,0,0;0;0;0;0;0,1;0;0;0;0;0;0;1;0;0;0;0;0;0;1;0;0;0;0;0;0;1;0;0;0;0;0;0;1;0;0;0;0;0;0;1
2724,0,0;0;0;0;0;0,1;0;0;0;0;0;0;1;0;0;0;0;0;0;1;0;0;0;0;0;0;1;0;0;0;0;0;0;1;0;0;0;0;0;0;1
2725,0,0;0;0;0;0;0,1;0;0;0;0;0;0;1;0;0;0;0;0;0;1;0;0;0;0;0;0;1;0;0;0;0;0;0;1;0;0;0;0;0;0;1
2726,0,0;0;0;0;0;0,1;0;0;0;0;0;0;1;0;0;0;0;0;0;1;0;0;0;0;0;0;1;0;0;0;0;0;0;1;0;0;0;0;0;0;1
2727,0,0;0;0;0;0;0,1;0;0;0;0;0;0;1;0;0;0;0;0;0;1;0;0;0;0;0;0;1;0;0;0;0;0;0;1;0;0;0;0;0;0;1
2728,0,0;0;0;0;0;0,1;0;0;0;0;0;0;1;0;0;0;0;0;0;1;0;0;0;0;0;0;1;0;0;0;0;0;0;1;0;0;0;0;0;0;1
2729,0,0;0;0;0;0;0,1;0;0;0;0;0;0;1;0;0;0;0;0;0;1;0;0;0;0;0;0;1;0;0;0;0;0;0;1;0;0;0;0;0;0;1
2730,0,0;0;0;0;0;0,1;0;0;0;0;0;0;1;0;0;0;0;0;0;1;0;0;0;0;0;0;1;0;0;0;0;0;0;1;0;0;0;0;0;0;1
2731,0,0;0;0;0;0;0,1;0;0;0;0;0;0;1;0;0;0;0;0;0;1;0;0;0;0;0;0;1;0;0;0;0;0;0;1;0;0;0;0;0;0;1
2732,0,0;0;0;0;0;0,1;0;0;0;0;0;0;1;0;0;0;0;0;0;1;0;0;0;0;0;0;1;0;0;0;0;0;0;1;0;0;0;0;0;0;1
2733,0,0;0;0;0;0;0,1;0;0;0;0;0;0;1;0;0;0;0;0;0;1;0;0;0;0;0;0;1;0;0;0;0;0;0;1;0;0;0;0;0;0;1
2734,0,0;0;0;0;0;0,1;0;0;0;0;0;0;1;0;0;0;0;0;0;1;0;0;0;0;0;0;1;0;0;0;0;0;0;1;0;0;0;0;0;0;1
2735,0,0;0;0;0;0;0,1;0;0;0;0;0;0;1;0;0;0;0;0;0;1;0;0;0;0;0;0;1;0;0;0;0;0;0;1;0;0;0;0;0;0;1
2736,0,0;0;0;0;0;0,1;0;0;0;0;0;0;1;0;0;0;0;0;0;1;0;0;0;0;0;0;1;0;0;0;0;0;0;1;0;0;0;0;0;0;1
2737,0,0;0;0;0;0;0,1;0;0;0;0;0;0;1;0;0;0;0;0;0;1;0;0;0;0;0;0;1;0;0;0;0;0;0;1;0;0;0;0;0;0;1
2738,0,0;0;0;0;0;0,1;0;0;0;0;0;0;1;0;0;0;0;0;0;1;0;0;0;0;0;0;1;0;0;0;0;0;0;1;0;0;0;0;0;0;1
2739,0,0;0;0;0;0;0,1;0;0;0;0;0;0;1;0;0;0;0;0;0;1;0;0;0;0;0;0;1;0;0;0;0;0;0;1;0;0;0;0;0;0;1
2740,0,0;0;0;0;0;0,1;0;0;0;0;0;0;1;0;0;0;0;0;0;1;0;0;0;0;0;0;1;0;0;0;0;0;0;1;0;0;0;0;0;0;1
2741,0,0;0;0;0;0;0,1;0;0;0;0;0;0;1;0;0;0;0;0;0;1;0;0;0;0;0;0;1;0;0;0;0;0;0;1;0;0;0;0;0;0;1
2742,0,0;0;0;0;0;0,1;0;0;0;0;0;0;1;0;0;0;0;0;0;1;0;0;0;0;0;0;1;0;0;0;0;0;0;1;0;0;0;0;0;0;1
2743,0,0;0;0;0;0;0,1;0;0;0;0;0;0;1;0;0;0;0;0;0;1;0;0;0;0;0;0;1;0;0;0;0;0;0;1;0;0;0;0;0;0;1
2744,0,0;0;0;0;0;0,1;0;0;0;0;0;0;1;0;0;0;0;0;0;1;0;0;0;0;0;0;1;0;0;0;0;0;0;1;0;0;0;0;0;0;1
2745,0,0;0;0;0;0;0,1;0;0;0;0;0;0;1;0;0;0;0;0;0;1;0;0;0;0;0;0;1;0;0;0;0;0;0;1;0;0;0;0;0;0;1
2746,0,0;0;0;0;0;0,1;0;0;0;0;0;0;1;0;0;0;0;0;0;1;0;0;0;0;0;0;1;0;0;0;0;0;0;1;0;0;0;0;0;0;1
2747,0,0;0;0;0;0;0,1;0;0;0;0;0;0;1;0;0;0;0;0;0;1;0;0;0;0;0;0;1;0;0;0;0;0;0;1;0;0;0;0;0;0;1
2748,0,0;0;0;0;0;0,1;0;0;0;0;0;0;1;0;0;0;0;0;0;1;0;0;0;0;0;0;1;0;0;0;0;0;0;1;0;0;0;0;0;0;1
2749,0,0;0;0;0;0;0,1;0;0;0;0;0;0;1;0;0;0;0;0;0;1;0;0;0;0;0;0;1;0;0;0;0;0;0;1;0;0;0;0;0;0;1
2750,0,0;0;0;0;0;0,1;0;0;0;0;0;0;1;0;0;0;0;0;0;1;0;0;0;0;0;0;1;0;0;0;0;0;0;1;0;0;0;0;0;0;1
2751,0,0;0;0;0;0;0,1;0;0;0;0;0;0;1;0;0;0;0;0;0;1;0;0;0;0;0;0;1;0;0;0;0;0;0;1;0;0;0;0;0;0;1
2752,0,0;0;0;0;0;0,1;0;0;0;0;0;0;1;0;0;0;0;0;0;1;0;0;0;0;0;0;1;0;0;0;0;0;0;1;0;0;0;0;0;0;1
2753,0,0;0;0;0;0;0,1;0;0;0;0;0;0;1;0;0;0;0;0;0;1;0;0;0;0;0;0;1;0;0;0;0;0;0;1;0;0;0;0;0;0;1
2754,0,0;0;0;0;0;0,1;0;0;0;0;0;0;1;0;0;0;0;0;0;1;0;0;0;0;0;0;1;0;0;0;0;0;0;1;0;0;0;0;0;0;1
2755,0,0;0;0;0;0;0,1;0;0;0;0;0;0;1;0;0;0;0;0;0;1;0;0;0;0;0;0;1;0;0;0;0;0;0;1;0;0;0;0;0;0;1
2756,0,0;0;0;0;0;0,1;0;0;0;0;0;0;1;0;0;0;0;0;0;1;0;0;0;0;0;0;1;0;0;0;0;0;0;1;0;0;0;0;0;0;1
2757,0,0;0;0;0;0;0,1;0;0;0;0;0;0;1;0;0;0;0;0;0;1;0;0;0;0;0;0;1;0;0;0;0;0;0;1;0;0;0;0;0;0;1
2758,0,0;0;0;0;0;0,1;0;0;0;0;0;0;1;0;0;0;0;0;0;1;0;0;0;0;0;0;1;0;0;0;0;0;0;1;0;0;0;0;0;0;1
2759,0,0;0;0;0;0;0,1;0;0;0;0;0;0;1;0;0;0;0;0;0;1;0;0;0;0;0;0;1;0;0;0;0;0;0;1;0;0;0;0;0;0;1
2760,0,0;0;0;0;0;0,1;0;0;0;0;0;0;1;0;0;0;0;0;0;1;0;0;0;0;0;0;1;0;0;0;0;0;0;1;0;0;0;0;0;0;1
2761,0,0;0;0;0;0;0,1;0;0;0;0;0;0;1;0;0;0;0;0;0;1;0;0;0;0;0;0;1;0;0;0;0;0;0;1;0;0;0;0;0;0;1
2762,0,0;0;0;0;0;0,1;0;0;0;0;0;0;1;0;0;0;0;0;0;1;0;0;0;0;0;0;1;0;0;0;0;0;0;1;0;0;0;0;0;0;1
2763,0,0;0;0;0;0;0,1;0;0;0;0;0;0;1;0;0;0;0;0;0;1;0;0;0;0;0;0;1;0;0;0;0;0;0;1;0;0;0;0;0;0;1
2764,0,0;0;0;0;0;0,1;0;0;0;0;0;0;1;0;0;0;0;0;0;1;0;0;0;0;0;0;1;0;0;0;0;0;0;1;0;0;0;0;0;0;1
2765,0,0;0;0;0;0;0,1;0;0;0;0;0;0;1;0;0;0;0;0;0;1;0;0;0;0;0;0;1;0;0;0;0;0;0;1;0;0;0;0;0;0;1
2766,0,0;0;0;0;0;0,1;0;0;0;0;0;0;1;0;0;0;0;0;0;1;0;0;0;0;0;0;1;0;0;0;0;0;0;1;0;0;0;0;0;0;1
2767,0,0;0;0;0;0;0,1;0;0;0;0;0;0;1;0;0;0;0;0;0;1;0;0;0;0;0;0;1;0;0;0;0;0;0;1;0;0;0;0;0;0;1
2768,0,0;0;0;0;0;0,1;0;0;0;0;0;0;1;0;0;0;0;0;0;1;0;0;0;0;0;0;1;0;0;0;0;0;0;1;0;0;0;0;0;0;1
2769,0,0;0;0;0;0;0,1;0;0;0;0;0;0;1;0;0;0;0;0;0;1;0;0;0;0;0;0;1;0;0;0;0;0;0;1;0;0;0;0;0;0;1
2770,0,0;0;0;0;0;0,1;0;0;0;0;0;0;1;0;0;0;0;0;0;1;0;0;0;0;0;0;1;0;0;0;0;0;0;1;0;0;0;0;0;0;1
2771,0,0;0;0;0;0;0,1;0;0;0;0;0;0;1;0;0;0;0;0;0;1;0;0;0;0;0;0;1;0;0;0;0;0;0;1;0;0;0;0;0;0;1
2772,0,0;0;0;0;0;0,1;0;0;0;0;0;0;1;0;0;0;0;0;0;1;0;0;0;0;0;0;1;0;0;0;0;0;0;1;0;0;0;0;0;0;1
2773,0,0;0;0;0;0;0,1;0;0;0;0;0;0;1;0;0;0;0;0;0;1;0;0;0;0;0;0;1;0;0;0;0;0;0;1;0;0;0;0;0;0;1
2774,0,0;0;0;0;0;0,1;0;0;0;0;0;0;1;0;0;0;0;0;0;1;0;0;0;0;0;0;1;0;0;0;0;0;0;1;0;0;0;0;0;0;1
2775,0,0;0;0;0;0;0,1;0;0;0;0;0;0;1;0;0;0;0;0;0;1;0;0;0;0;0;0;1;0;0;0;0;0;0;1;0;0;0;0;0;0;1
2776,0,0;0;0;0;0;0,1;0;0;0;0;0;0;1;0;0;0;0;0;0;1;0;0;0;0;0;0;1;0;0;0;0;0;0;1;0;0;0;0;0;0;1
2777,0,0;0;0;0;0;0,1;0;0;0;0;0;0;1;0;0;0;0;0;0;1;0;0;0;0;0;0;1;0;0;0;0;0;0;1;0;0;0;0;0;0;1
2778,0,0;0;0;0;0;0,1;0;0;0;0;0;0;1;0;0;0;0;0;0;1;0;0;0;0;0;0;1;0;0;0;0;0;0;1;0;0;0;0;0;0;1
2779,0,0;0;0;0;0;0,1;0;0;0;0;0;0;1;0;0;0;0;0;0;1;0;0;0;0;0;0;1;0;0;0;0;0;0;1;0;0;0;0;0;0;1
2780,0,0;0;0;0;0;0,1;0;0;0;0;0;0;1;0;0;0;0;0;0;1;0;0;0;0;0;0;1;0;0;0;0;0;0;1;0;0;0;0;0;0;1
2781,0,0;0;0;0;0;0,1;0;0;0;0;0;0;1;0;0;0;0;0;0;1;0;0;0;0;0;0;1;0;0;0;0;0;0;1;0;0;0;0;0;0;1
2782,0,0;0;0;0;0;0,1;0;0;0;0;0;0;1;0;0;0;0;0;0;1;0;0;0;0;0;0;1;0;0;0;0;0;0;1;0;0;0;0;0;0;1
2783,0,0;0;0;0;0;0,1;0;0;0;0;0;0;1;0;0;0;0;0;0;1;0;0;0;0;0;0;1;0;0;0;0;0;0;1;0;0;0;0;0;0;1
2784,0,0;0;0;0;0;0,1;0;0;0;0;0;0;1;0;0;0;0;0;0;1;0;0;0;0;0;0;1;0;0;0;0;0;0;1;0;0;0;0;0;0;1
2785,0,0;0;0;0;0;0,1;0;0;0;0;0;0;1;0;0;0;0;0;0;1;0;0;0;0;0;0;1;0;0;0;0;0;0;1;0;0;0;0;0;0;1
2786,0,0;0;0;0;0;0,1;0;0;0;0;0;0;1;0;0;0;0;0;0;1;0;0;0;0;0;0;1;0;0;0;0;0;0;1;0;0;0;0;0;0;1
2787,0,0;0;0;0;0;0,1;0;0;0;0;0;0;1;0;0;0;0;0;0;1;0;0;0;0;0;0;1;0;0;0;0;0;0;1;0;0;0;0;0;0;1
2788,0,0;0;0;0;0;0,1;0;0;0;0;0;0;1;0;0;0;0;0;0;1;0;0;0;0;0;0;1;0;0;0;0;0;0;1;0;0;0;0;0;0;1
2789,0,0;0;0;0;0;0,1;0;0;0;0;0;0;1;0;0;0;0;0;0;1;0;0;0;0;0;0;1;0;0;0;0;0;0;1;0;0;0;0;0;0;1
2790,0,0;0;0;0;0;0,1;0;0;0;0;0;0;1;0;0;0;0;0;0;1;0;0;0;0;0;0;1;0;0;0;0;0;0;1;0;0;0;0;0;0;1
2791,0,0;0;0;0;0;0,1;0;0;0;0;0;0;1;0;0;0;0;0;0;1;0;0;0;0;0;0;1;0;0;0;0;0;0;1;0;0;0;0;0;0;1
2792,0,0;0;0;0;0;0,1;0;0;0;0;0;0;1;0;0;0;0;0;0;1;0;0;0;0;0;0;1;0;0;0;0;0;0;1;0;0;0;0;0;0;1
2793,0,0;0;0;0;0;0,1;0;0;0;0;0;0;1;0;0;0;0;0;0;1;0;0;0;0;0;0;1;0;0;0;0;0;0;1;0;0;0;0;0;0;1
2794,0,0;0;0;0;0;0,1;0;0;0;0;0;0;1;0;0;0;0;0;0;1;0;0;0;0;0;0;1;0;0;0;0;0;0;1;0;0;0;0;0;0;1
2795,0,0;0;0;0;0;0,1;0;0;0;0;0;0;1;0;0;0;0;0;0;1;0;0;0;0;0;0;1;0;0;0;0;0;0;1;0;0;0;0;0;0;1
2796,0,0;0;0;0;0;0,1;0;0;0;0;0;0;1;0;0;0;0;0;0;1;0;0;0;0;0;0;1;0;0;0;0;0;0;1;0;0;0;0;0;0;1
2797,0,0;0;0;0;0;0,1;0;0;0;0;0;0;1;0;0;0;0;0;0;1;0;0;0;0;0;0;1;0;0;0;0;0;0;1;0;0;0;0;0;0;1
2798,0,0;0;0;0;0;0,1;0;0;0;0;0;0;1;0;0;0;0;0;0;1;0;0;0;0;0;0;1;0;0;0;0;0;0;1;0;0;0;0;0;0;1
2799,0,0;0;0;0;0;0,1;0;0;0;0;0;0;1;0;0;0;0;0;0;1;0;0;0;0;0;0;1;0;0;0;0;0;0;1;0;0;0;0;0;0;1
2800,0,0;0;0;0;0;0,1;0;0;0;0;0;0;1;0;0;0;0;0;0;1;0;0;0;0;0;0;1;0;0;0;0;0;0;1;0;0;0;0;0;0;1
2801,0,0;0;0;0;0;0,1;0;0;0;0;0;0;1;0;0;0;0;0;0;1;0;0;0;0;0;0;1;0;0;0;0;0;0;1;0;0;0;0;0;0;1
2802,0,0;0;0;0;0;0,1;0;0;0;0;0;0;1;0;0;0;0;0;0;1;0;0;0;0;0;0;1;0;0;0;0;0;0;1;0;0;0;0;0;0;1
2803,0,0;0;0;0;0;0,1;0;0;0;0;0;0;1;0;0;0;0;0;0;1;0;0;0;0;0;0;1;0;0;0;0;0;0;1;0;0;0;0;0;0;1
2804,0,0;0;0;0;0;0,1;0;0;0;0;0;0;1;0;0;0;0;0;0;1;0;0;0;0;0;0;1;0;0;0;0;0;0;1;0;0;0;0;0;0;1
2805,0,0;0;0;0;0;0,1;0;0;0;0;0;0;1;0;0;0;0;0;0;1;0;0;0;0;0;0;1;0;0;0;0;0;0;1;0;0;0;0;0;0;1
2806,0,0;0;0;0;0;0,1;0;0;0;0;0;0;1;0;0;0;0;0;0;1;0;0;0;0;0;0;1;0;0;0;0;0;0;1;0;0;0;0;0;0;1
2807,0,0;0;0;0;0;0,1;0;0;0;0;0;0;1;0;0;0;0;0;0;1;0;0;0;0;0;0;1;0;0;0;0;0;0;1;0;0;0;0;0;0;1
2808,0,0;0;0;0;0;0,1;0;0;0;0;0;0;1;0;0;0;0;0;0;1;0;0;0;0;0;0;1;0;0;0;0;0;0;1;0;0;0;0;0;0;1
2809,0,0;0;0;0;0;0,1;0;0;0;0;0;0;1;0;0;0;0;0;0;1;0;0;0;0;0;0;1;0;0;0;0;0;0;1;0;0;0;0;0;0;1
2810,0,0;0;0;0;0;0,1;0;0;0;0;0;0;1;0;0;0;0;0;0;1;0;0;0;0;0;0;1;0;0;0;0;0;0;1;0;0;0;0;0;0;1
2811,0,0;0;0;0;0;0,1;0;0;0;0;0;0;1;0;0;0;0;0;0;1;0;0;0;0;0;0;1;0;0;0;0;0;0;1;0;0;0;0;0;0;1
2812,0,0;0;0;0;0;0,1;0;0;0;0;0;0;1;0;0;0;0;0;0;1;0;0;0;0;0;0;1;0;0;0;0;0;0;1;0;0;0;0;0;0;1
2813,0,0;0;0;0;0;0,1;0;0;0;0;0;0;1;0;0;0;0;0;0;1;0;0;0;0;0;0;1;0;0;0;0;0;0;1;0;0;0;0;0;0;1
2814,0,0;0;0;0;0;0,1;0;0;0;0;0;0;1;0;0;0;0;0;0;1;0;0;0;0;0;0;1;0;0;0;0;0;0;1;0;0;0;0;0;0;1
2815,0,0;0;0;0;0;0,1;0;0;0;0;0;0;1;0;0;0;0;0;0;1;0;0;0;0;0;0;1;0;0;0;0;0;0;1;0;0;0;0;0;0;1
2816,0,0;0;0;0;0;0,1;0;0;0;0;0;0;1;0;0;0;0;0;0;1;0;0;0;0;0;0;1;0;0;0;0;0;0;1;0;0;0;0;0;0;1
2817,0,0;0;0;0;0;0,1;0;0;0;0;0;0;1;0;0;0;0;0;0;1;0;0;0;0;0;0;1;0;0;0;0;0;0;1;0;0;0;0;0;0;1
2818,0,0;0;0;0;0;0,1;0;0;0;0;0;0;1;0;0;0;0;0;0;1;0;0;0;0;0;0;1;0;0;0;0;0;0;1;0;0;0;0;0;0;1
2819,0,0;0;0;0;0;0,1;0;0;0;0;0;0;1;0;0;0;0;0;0;1;0;0;0;0;0;0;1;0;0;0;0;0;0;1;0;0;0;0;0;0;1
2820,0,0;0;0;0;0;0,1;0;0;0;0;0;0;1;0;0;0;0;0;0;1;0;0;0;0;0;0;1;0;0;0;0;0;0;1;0;0;0;0;0;0;1
2821,0,0;0;0;0;0;0,1;0;0;0;0;0;0;1;0;0;0;0;0;0;1;0;0;0;0;0;0;1;0;0;0;0;0;0;1;0;0;0;0;0;0;1
2822,0,0;0;0;0;0;0,1;0;0;0;0;0;0;1;0;0;0;0;0;0;1;0;0;0;0;0;0;1;0;0;0;0;0;0;1;0;0;0;0;0;0;1
2823,0,0;0;0;0;0;0,1;0;0;0;0;0;0;1;0;0;0;0;0;0;1;0;0;0;0;0;0;1;0;0;0;0;0;0;1;0;0;0;0;0;0;1
2824,0,0;0;0;0;0;0,1;0;0;0;0;0;0;1;0;0;0;0;0;0;1;0;0;0;0;0;0;1;0;0;0;0;0;0;1;0;0;0;0;0;0;1
2825,0,0;0;0;0;0;0,1;0;0;0;0;0;0;1;0;0;0;0;0;0;1;0;0;0;0;0;0;1;0;0;0;0;0;0;1;0;0;0;0;0;0;1
2826,0,0;0;0;0;0;0,1;0;0;0;0;0;0;1;0;0;0;0;0;0;1;0;0;0;0;0;0;1;0;0;0;0;0;0;1;0;0;0;0;0;0;1
2827,0,0;0;0;0;0;0,1;0;0;0;0;0;0;1;0;0;0;0;0;0;1;0;0;0;0;0;0;1;0;0;0;0;0;0;1;0;0;0;0;0;0;1
2828,0,0;0;0;0;0;0,1;0;0;0;0;0;0;1;0;0;0;0;0;0;1;0;0;0;0;0;0;1;0;0;0;0;0;0;1;0;0;0;0;0;0;1
2829,0,0;0;0;0;0;0,1;0;0;0;0;0;0;1;0;0;0;0;0;0;1;0;0;0;0;0;0;1;0;0;0;0;0;0;1;0;0;0;0;0;0;1
2830,0,0;0;0;0;0;0,1;0;0;0;0;0;0;1;0;0;0;0;0;0;1;0;0;0;0;0;0;1;0;0;0;0;0;0;1;0;0;0;0;0;0;1
2831,0,0;0;0;0;0;0,1;0;0;0;0;0;0;1;0;0;0;0;0;0;1;0;0;0;0;0;0;1;0;0;0;0;0;0;1;0;0;0;0;0;0;1
2832,0,0;0;0;0;0;0,1;0;0;0;0;0;0;1;0;0;0;0;0;0;1;0;0;0;0;0;0;1;0;0;0;0;0;0;1;0;0;0;0;0;0;1
2833,0,0;0;0;0;0;0,1;0;0;0;0;0;0;1;0;0;0;0;0;0;1;0;0;0;0;0;0;1;0;0;0;0;0;0;1;0;0;0;0;0;0;1
2834,0,0;0;0;0;0;0,1;0;0;0;0;0;0;1;0;0;0;0;0;0;1;0;0;0;0;0;0;1;0;0;0;0;0;0;1;0;0;0;0;0;0;1
2835,0,0;0;0;0;0;0,1;0;0;0;0;0;0;1;0;0;0;0;0;0;1;0;0;0;0;0;0;1;0;0;0;0;0;0;1;0;0;0;0;0;0;1
2836,0,0;0;0;0;0;0,1;0;0;0;0;0;0;1;0;0;0;0;0;0;1;0;0;0;0;0;0;1;0;0;0;0;0;0;1;0;0;0;0;0;0;1
2837,0,0;0;0;0;0;0,1;0;0;0;0;0;0;1;0;0;0;0;0;0;1;0;0;0;0;0;0;1;0;0;0;0;0;0;1;0;0;0;0;0;0;1
2838,0,0;0;0;0;0;0,1;0;0;0;0;0;0;1;0;0;0;0;0;0;1;0;0;0;0;0;0;1;0;0;0;0;0;0;1;0;0;0;0;0;0;1
2839,0,0;0;0;0;0;0,1;0;0;0;0;0;0;1;0;0;0;0;0;0;1;0;0;0;0;0;0;1;0;0;0;0;0;0;1;0;0;0;0;0;0;1
2840,0,0;0;0;0;0;0,1;0;0;0;0;0;0;1;0;0;0;0;0;0;1;0;0;0;0;0;0;1;0;0;0;0;0;0;1;0;0;0;0;0;0;1
2841,0,0;0;0;0;0;0,1;0;0;0;0;0;0;1;0;0;0;0;0;0;1;0;0;0;0;0;0;1;0;0;0;0;0;0;1;0;0;0;0;0;0;1
2842,0,0;0;0;0;0;0,1;0;0;0;0;0;0;1;0;0;0;0;0;0;1;0;0;0;0;0;0;1;0;0;0;0;0;0;1;0;0;0;0;0;0;1
2843,0,0;0;0;0;0;0,1;0;0;0;0;0;0;1;0;0;0;0;0;0;1;0;0;0;0;0;0;1;0;0;0;0;0;0;1;0;0;0;0;0;0;1
2844,0,0;0;0;0;0;0,1;0;0;0;0;0;0;1;0;0;0;0;0;0;1;0;0;0;0;0;0;1;0;0;0;0;0;0;1;0;0;0;0;0;0;1
2845,0,0;0;0;0;0;0,1;0;0;0;0;0;0;1;0;0;0;0;0;0;1;0;0;0;0;0;0;1;0;0;0;0;0;0;1;0;0;0;0;0;0;1
2846,0,0;0;0;0;0;0,1;0;0;0;0;0;0;1;0;0;0;0;0;0;1;0;0;0;0;0;0;1;0;0;0;0;0;0;1;0;0;0;0;0;0;1
2847,0,0;0;0;0;0;0,1;0;0;0;0;0;0;1;0;0;0;0;0;0;1;0;0;0;0;0;0;1;0;0;0;0;0;0;1;0;0;0;0;0;0;1
2848,0,0;0;0;0;0;0,1;0;0;0;0;0;0;1;0;0;0;0;0;0;1;0;0;0;0;0;0;1;0;0;0;0;0;0;1;0;0;0;0;0;0;1
2849,0,0;0;0;0;0;0,1;0;0;0;0;0;0;1;0;0;0;0;0;0;1;0;0;0;0;0;0;1;0;0;0;0;0;0;1;0;0;0;0;0;0;1
2850,0,0;0;0;0;0;0,1;0;0;0;0;0;0;1;0;0;0;0;0;0;1;0;0;0;0;0;0;1;0;0;0;0;0;0;1;0;0;0;0;0;0;1
2851,0,0;0;0;0;0;0,1;0;0;0;0;0;0;1;0;0;0;0;0;0;1;0;0;0;0;0;0;1;0;0;0;0;0;0;1;0;0;0;0;0;0;1
2852,0,0;0;0;0;0;0,1;0;0;0;0;0;0;1;0;0;0;0;0;0;1;0;0;0;0;0;0;1;0;0;0;0;0;0;1;0;0;0;0;0;0;1
2853,0,0;0;0;0;0;0,1;0;0;0;0;0;0;1;0;0;0;0;0;0;1;0;0;0;0;0;0;1;0;0;0;0;0;0;1;0;0;0;0;0;0;1
2854,0,0;0;0;0;0;0,1;0;0;0;0;0;0;1;0;0;0;0;0;0;1;0;0;0;0;0;0;1;0;0;0;0;0;0;1;0;0;0;0;0;0;1
2855,0,0;0;0;0;0;0,1;0;0;0;0;0;0;1;0;0;0;0;0;0;1;0;0;0;0;0;0;1;0;0;0;0;0;0;1;0;0;0;0;0;0;1
2856,0,0;0;0;0;0;0,1;0;0;0;0;0;0;1;0;0;0;0;0;0;1;0;0;0;0;0;0;1;0;0;0;0;0;0;1;0;0;0;0;0;0;1
2857,0,0;0;0;0;0;0,1;0;0;0;0;0;0;1;0;0;0;0;0;0;1;0;0;0;0;0;0;1;0;0;0;0;0;0;1;0;0;0;0;0;0;1
2858,0,0;0;0;0;0;0,1;0;0;0;0;0;0;1;0;0;0;0;0;0;1;0;0;0;0;0;0;1;0;0;0;0;0;0;1;0;0;0;0;0;0;1
2859,0,0;0;0;0;0;0,1;0;0;0;0;0;0;1;0;0;0;0;0;0;1;0;0;0;0;0;0;1;0;0;0;0;0;0;1;0;0;0;0;0;0;1
2860,0,0;0;0;0;0;0,1;0;0;0;0;0;0;1;0;0;0;0;0;0;1;0;0;0;0;0;0;1;0;0;0;0;0;0;1;0;0;0;0;0;0;1
2861,0,0;0;0;0;0;0,1;0;0;0;0;0;0;1;0;0;0;0;0;0;1;0;0;0;0;0;0;1;0;0;0;0;0;0;1;0;0;0;0;0;0;1
2862,0,0;0;0;0;0;0,1;0;0;0;0;0;0;1;0;0;0;0;0;0;1;0;0;0;0;0;0;1;0;0;0;0;0;0;1;0;0;0;0;0;0;1
2863,0,0;0;0;0;0;0,1;0;0;0;0;0;0;1;0;0;0;0;0;0;1;0;0;0;0;0;0;1;0;0;0;0;0;0;1;0;0;0;0;0;0;1
2864,0,0;0;0;0;0;0,1;0;0;0;0;0;0;1;0;0;0;0;0;0;1;0;0;0;0;0;0;1;0;0;0;0;0;0;1;0;0;0;0;0;0;1
2865,0,0;0;0;0;0;0,1;0;0;0;0;0;0;1;0;0;0;0;0;0;1;0;0;0;0;0;0;1;0;0;0;0;0;0;1;0;0;0;0;0;0;1
2866,0,0;0;0;0;0;0,1;0;0;0;0;0;0;1;0;0;0;0;0;0;1;0;0;0;0;0;0;1;0;0;0;0;0;0;1;0;0;0;0;0;0;1
2867,0,0;0;0;0;0;0,1;0;0;0;0;0;0;1;0;0;0;0;0;0;1;0;0;0;0;0;0;1;0;0;0;0;0;0;1;0;0;0;0;0;0;1
2868,0,0;0;0;0;0;0,1;0;0;0;0;0;0;1;0;0;0;0;0;0;1;0;0;0;0;0;0;1;0;0;0;0;0;0;1;0;0;0;0;0;0;1
2869,0,0;0;0;0;0;0,1;0;0;0;0;0;0;1;0;0;0;0;0;0;1;0;0;0;0;0;0;1;0;0;0;0;0;0;1;0;0;0;0;0;0;1
2870,0,0;0;0;0;0;0,1;0;0;0;0;0;0;1;0;0;0;0;0;0;1;0;0;0;0;0;0;1;0;0;0;0;0;0;1;0;0;0;0;0;0;1
2871,0,0;0;0;0;0;0,1;0;0;0;0;0;0;1;0;0;0;0;0;0;1;0;0;0;0;0;0;1;0;0;0;0;0;0;1;0;0;0;0;0;0;1
2872,0,0;0;0;0;0;0,1;0;0;0;0;0;0;1;0;0;0;0;0;0;1;0;0;0;0;0;0;1;0;0;0;0;0;0;1;0;0;0;0;0;0;1
2873,0,0;0;0;0;0;0,1;0;0;0;0;0;0;1;0;0;0;0;0;0;1;0;0;0;0;0;0;1;0;0;0;0;0;0;1;0;0;0;0;0;0;1
2874,0,0;0;0;0;0;0,1;0;0;0;0;0;0;1;0;0;0;0;0;0;1;0;0;0;0;0;0;1;0;0;0;0;0;0;1;0;0;0;0;0;0;1
2875,0,0;0;0;0;0;0,1;0;0;0;0;0;0;1;0;0;0;0;0;0;1;0;0;0;0;0;0;1;0;0;0;0;0;0;1;0;0;0;0;0;0;1
2876,0,0;0;0;0;0;0,1;0;0;0;0;0;0;1;0;0;0;0;0;0;1;0;0;0;0;0;0;1;0;0;0;0;0;0;1;0;0;0;0;0;0;1
2877,0,0;0;0;0;0;0,1;0;0;0;0;0;0;1;0;0;0;0;0;0;1;0;0;0;0;0;0;1;0;0;0;0;0;0;1;0;0;0;0;0;0;1
2878,0,0;0;0;0;0;0,1;0;0;0;0;0;0;1;0;0;0;0;0;0;1;0;0;0;0;0;0;1;0;0;0;0;0;0;1;0;0;0;0;0;0;1
2879,0,0;0;0;0;0;0,1;0;0;0;0;0;0;1;0;0;0;0;0;0;1;0;0;0;0;0;0;1;0;0;0;0;0;0;1;0;0;0;0;0;0;1
2880,0,0;0;0;0;0;0,1;0;0;0;0;0;0;1;0;0;0;0;0;0;1;0;0;0;0;0;0;1;0;0;0;0;0;0;1;0;0;0;0;0;0;1
2881,0,0;0;0;0;0;0,1;0;0;0;0;0;0;1;0;0;0;0;0;0;1;0;0;0;0;0;0;1;0;0;0;0;0;0;1;0;0;0;0;0;0;1
2882,1,1.7875228744462583;4.3059869118946033;6.0170366840050571;19.528871250882613;78.912962092912423;98.623799028736272,-0.26975612745612831;-0.93566449273233598;0.16083476091731258;0.1298153062389836;-0.015006162387969143;0.093907240279699281;0.075816471630291579;0.13607529772560922;0.98545723742684066;-0.061422736146727705;0.0036690134715086911;-0.028691375113003112;0.88352731428715359;-0.30840387108131823;-0.046225271841866263;-0.34484771093011035;0.048771263073145284;0.028830220572272032;0.34125124211329272;-0.010649179962459699;0.017193757042852288;0.80267312317150363;-0.366399050836406;-0.32342874381430425;-0.10931035206564189;-0.018131853389502135;-0.012467337454779202;-0.3965417439637734;-0.90850276112181516;-0.070316617160842698;0.11163250389271039;0.10227586983093198;0.020454274428983732;0.24274635455319402;-0.19431208379563655;0.93807061281370863
2883,1,1.7138711306237637;4.3227087866447489;5.9320027003288587;21.635898529568941;81.218069801818984;98.903191874728748,-0.27548558540200219;-0.92540379851447729;0.2013823458418369;0.1344039275200905;-0.014366920284877594;0.094391888330689996;0.069259479149853739;0.18156759731957903;0.97903571813449519;-0.050740897018876102;0.006126978708010199;-0.033364895773707555;0.88586905342171718;-0.31475064239439676;-0.020976403386210422;-0.33650486932859047;0.040146495741675066;0.029677863818271692;0.33150277481860579;-0.0078267684768781928;0.01062965460077092;0.80755380734808102;-0.35375889142378658;-0.33562353523266675;-0.11233685041708548;-0.021003433409833051;-0.0062211897340184868;-0.39268797904063718;-0.90709024956321616;-0.099418383038474403;0.10969584905205675;0.10531214503130298;0.018507056558302412;0.24449625336523936;-0.22402284816299498;0.93089688325748654
2884,1,1.6467800501827135;4.2900698188616238;5.9612754737645535;23.06309865502665;85.051812267383369;104.19194226322068,0.26823125548443544;0.93865610663531596;0.14493291936122965;0.12967503459968796;-0.0095985091022869583;0.095201943086728344;-0.050980791922792715;-0.13036286274033418;0.98911157991714505;-0.035284887678742508;0.0035757483133595667;-0.028406972249383169;-0.89487179963948293;0.3009623052751691;-0.017420260369465049;-0.32481482929668171;0.045434163320457702;0.027454526301616995;-0.31872625770805163;0.00643222931433077;0.0056687325303281105;0.80156476990352032;-0.40241365620075747;-0.30642655481799153;0.11315465609559805;0.02110417885201761;-0.0042360611855684219;-0.42089990390466731;-0.89897128103614721;-0.037770358613228423;-0.10132626065077492;-0.1042361183029252;0.017297027057635805;0.23826850256505686;-0.16656741765948802;0.94554325625975033
2885,1,1.6360565067189647;4.2545754901049104;6.054709175419827;23.293073695449433;91.596068617979952;117.05610088599344,-0.25896785979049325;-0.95215942888116312;0.061584987280240762;0.11871594880392373;-0.013845833421843116;0.0908304757576439;0.013377781713804963;0.057034988056281287;0.99797123858033154;-0.018661086674898471;-0.0015241217725544978;-0.016458826118868609;0.90146011349476685;-0.2836433414039094;-0.0013640544507524254;-0.32106735481922333;0.056201771193214178;0.025910858627519389;0.31121893038261145;-0.0097865737579930761;0.0052253887518438754;0.77891445534487425;-0.45051209692466493;-0.3055336600725263;-0.12177798104419342;-0.021521815194603146;-0.0086142957983519428;-0.48012207704677451;-0.86545996582119544;-0.071376238374506545;0.091865374512135431;0.095534922683545187;0.012542921664338255;0.21271836639127367;-0.21134149840894759;0.94464923346171459
2886,1,1.6326642821519348;4.1950621946578091;5.9497405068833329;23.657472134835395;83.704457386340025;104.92165061651235,-0.29911657027492033;-0.92644036072766434;0.16019643137214903;0.13386235003828323;-0.014789227675227033;0.091851993796493489;0.031623568068410997;0.15320152669599674;0.98672429221290459;-0.025072436477025936;0.0049058825320204454;-0.035379634866239192;0.88555000363075198;-0.32751934352750645;0.015221629243762386;-0.32466788632641286;0.041883683694825986;0.033720814292395998;0.3150941118954742;-0.017728909020598087;0.0014117015654246704;0.79102840499415783;-0.37309459043704479;-0.36806776904728228;-0.11948661024084745;-0.022979932258131011;-0.0037808278770812818;-0.4305006701068258;-0.88493510560565136;-0.12938164449185033;0.10848534012077425;0.10062921219245199;0.021547365848065023;0.25492399512334091;-0.27512406938476264;0.91485567540073687
2887,1,1.5937147782202865;4.2212194845384436;5.9697718352774496;24.017306418238174;87.644190467417772;110.36866156882823,0.31227382537883291;0.92562947403182216;0.13040536859729004;0.14269169546372926;-0.014731764441678527;0.090064586769546054;0.0027308435446616302;-0.13654597913506988;0.99014975196556987;-0.0057920591323486819;0.0025435858675256317;-0.030185906977301658;-0.88078378834474935;0.33792206229014426;0.048006596917638131;-0.32477235596641946;0.035231185193047188;0.031711907053164366;-0.31560469758629867;0.015439584674847063;-0.0030073929713886061;0.79668002664689919;-0.3486927884775205;-0.37928949903696557;0.12439982990778184;0.027215304266973491;-0.0023519583883138428;-0.4224961504296057;-0.87872581416609552;-0.18197918621262157;-0.10777697270869958;-0.096927285332448154;0.016694282110003098;0.24683271037440582;-0.32371214320622416;0.90166212512599175
2888,1,1.6514898534915949;4.1643723631610357;6.0368104402872014;23.893184700150886;92.173052239636732;112.90191656839878,-0.31715953991237594;-0.92762349255367893;0.09838819964436904;0.14468385708512835;-0.030259736309657295;0.085995199478022491;-0.037410903915747133;0.11785539684213719;0.99205158109172165;0.011377062609644991;0.0015029571963131954;-0.020309941478177961;0.88046399437531975;-0.33981684507223947;0.077925095746100723;-0.31491948598001501;0.049728070463862711;0.039852004024795516;0.31171739145689548;-0.013420446975135938;-0.0036388551382881655;0.77656503127502985;-0.35013577285329051;-0.42070252075406023;-0.11897054896694961;-0.027865436924857431;0.00032991385826809346;-0.46667315083442162;-0.83952019308627313;-0.24998286491476934;0.10710593569567005;0.095878476890391418;0.0082311583173422867;0.24274633629885239;-0.4113635793977069;0.86667300984816653
2889,1,1.6383162694503148;4.1862700024883184;5.9811211935406234;22.982233909578273;83.92993616896851;105.88285675510072,0.32419379590522568;0.91960510325693579;0.12769300958762159;0.15449108566567979;-0.020942985412075836;0.092807477471837166;0.021599398102841939;-0.14272004483137035;0.98912091584178652;0.003848854481325434;0.0029272920347002281;-0.027944336273340468;-0.87597124375409108;0.35000969345200938;0.071709937939235371;-0.31899129958309763;0.045662276995671852;0.034420730035090476;-0.31863643070780334;0.010617130329502173;-0.004509282671302085;0.79496487724703424;-0.34207254378968344;-0.3864647288796359;0.11527245373683419;0.031835003788794433;0.00059234212348744297;-0.42825985279632833;-0.87242375144652273;-0.20290081189810291;-0.11085718402226681;-0.1016093816244142;0.013088523526792177;0.24287153803149153;-0.34544312336501304;0.89381059145799391
2890,1,1.6806807942508097;4.2179594633902591;5.9253031666612817;22.42501305285364;84.693080625449866;104.5022959294525,0.31442014626095122;0.92831811425472244;0.082463521728301362;0.15332427336806539;-0.015946124600654227;0.093822205593020971;0.017552983235473503;-0.092734086400269145;0.99527017936092299;0.0040520113150011791;0.00011023871950732907;-0.022652177061949785;-0.87761110357083871;0.34404872597458208;0.049602526997394335;-0.32569780217933325;0.042584972037931677;0.032806648289547283;-0.32488162068521537;0.00954404267944285;-0.005070143763931563;0.80392685609539327;-0.33181619954399971;-0.37139568818343449;0.11251595384177782;0.031519782809766445;-0.0013576723811307178;-0.40433232769421817;-0.88944954923631925;-0.17815635911493319;-0.11145720239613979;-0.10085512709965742;0.012209723274211255;0.24619741852010132;-0.31098189368138196;0.90550182271803537
2891,1,1.7591836125997176;4.2332494258844555;6.0085736001237313;20.654125278253208;83.767179721695783;102.16587613334011,-0.31006441658200329;-0.93161765289369425;0.053206930663923874;0.15400529706293312;-0.026756530037476627;0.093188440767842426;-0.026471246372610172;0.065488075515944683;0.99741394810946582;0.0048492400046627124;-0.0034224366654525286;-0.011864779645427748;0.87944574018663002;-0.34104627236271334;0.047931865175699466;-0.32142147219210454;0.057334008518044974;0.036962347828290831;0.32716456114576753;-0.0058744936787734998;-0.00050740551343037108;0.79861676938804027;-0.32823898792699063;-0.38392578091453322;-0.10267880859995558;-0.034723657591928796;-0.004103836124226358;-0.42611770617871902;-0.867821617802784;-0.23139539440564319;0.11024941245886082;0.10122775714702123;0.0044582525165486669;0.23147796157515838;-0.36760031688465789;0.88818133990265014
2892,1,1.777164981545976;4.2512571139643098;5.947079283798927;19.077712528400451;79.974722960466693;96.249282987080775,-0.34328598044932346;-0.91704910157160247;0.021921528656711223;0.17663180280753402;-0.026786051411418953;0.093695470550934787;-0.062303156003013664;0.052121244757330987;0.99611979900865588;0.031424997520267735;-0.0046261569892525976;-0.011751885905128824;0.85673181852505154;-0.38028971184671267;0.084636142987586815;-0.33239531128982758;0.048337161198607814;0.037468992117284126;0.34420955733637437;-0.006225007975865786;-0.0095723404794024001;0.8087954184763978;-0.26312726143976617;-0.39749643463877904;-0.10145077277787866;-0.037130085116415044;0.0001939286155744718;-0.37753323042010895;-0.87778597929606639;-0.27438931166048275;0.12454382701216972;0.10132453932860867;0.0031382469518638533;0.24626340325045304;-0.39645988927886505;0.86970467211667435
2893,1,1.7621983435189377;4.2204674297661651;5.9351836856557165;16.266154536962446;71.695653847483456;85.704672567447616,-0.34987373260878768;-0.90521733370367441;0.095081786971444718;0.19777824517073736;-0.035757078941470205;0.093459086352689819;0.011746413798552815;0.09370677830362148;0.99514440640107515;-0.018709313331187496;0.0024086065359878355;-0.020318269628864117;0.83616159811089552;-0.39898602215490736;0.021527822825203241;-0.3712040190806985;0.038093540849558891;0.044010762069337891;0.37797341858562594;-0.011056147878028329;0.0028938114658141017;0.79205852455848036;-0.18510464563214954;-0.44202380720005835;-0.10310154999652943;-0.029012362361893137;-0.0063022020718828502;-0.32862562858744404;-0.88750354552849642;-0.30468227447194379;0.15744948418114854;0.10792041980854304;0.011641526687716354;0.29561764740953261;-0.41873409092814096;0.83707782518141904
2894,1,1.7797718867620831;4.2807792923639854;5.8695265014733637;16.176296065914052;72.787474973247328;83.932427392124069,-0.33666785100936192;-0.91299421135251202;0.045302538697074297;0.20177185985860116;-0.028807050721893004;0.097479631303417413;-0.00012650822694213552;0.047510888204825921;0.99880796350532886;-0.0048793034875985013;-0.0014695967625025226;-0.0099691633964982332;0.84227777109181134;-0.3882097333130734;0.017251961662618932;-0.36845243911605435;0.045901663837793656;0.041225798606540992;0.38078241380552674;-0.0010855989386851677;-0.00043586418033327815;0.79808504085984899;-0.22011428989688858;-0.41184141580554873;-0.094636463672747861;-0.03146526375825523;-0.0036618362517040134;-0.3222539435983251;-0.91456181434349615;-0.22309090401776888;0.15255029169742942;0.11174187733948937;0.0043706775688790566;0.2876104526389261;-0.3349439035105794;0.87710653147903961
2895,1,1.8873435719506719;4.1859687704102759;5.8621115084381481;15.565264396724706;73.522037924647179;84.327920735477591,-0.35380816779376312;-0.90570862080723014;0.03052792423869238;0.20912971510041745;-0.049766643827216336;0.085835679433179157;-0.0034901614056716697;0.03268725589170618;0.99941052779813266;-0.007574917146352938;0.00017948085484355877;-0.0063676855088050681;0.83274568959287165;-0.40707780497989715;0.013766759462658889;-0.36877751131093972;0.040869645999307799;0.054457071885475362;0.38298261671089256;-0.0047953504539302132;0.0045161200748696454;0.78731766364457911;-0.12782669068341013;-0.46591003233772571;-0.095596731720137176;-0.032700747994125964;-0.0042686543122148948;-0.3340332118880433;-0.84179449132724482;-0.41179795079902837;0.15977420261726136;0.10871413838656115;0.0043014360002272241;0.29793160274222935;-0.52047602490866263;0.77651555394850036
2896,1,1.955954537875835;4.2946641352166433;5.8998541825816417;15.240879847969881;72.255987058696292;82.181257462455036,-0.34380448861947605;-0.90937659476608013;0.0025471123461125603;0.21091395269811505;-0.046502320928545671;0.090438008718461665;-0.017470375486749738;0.0092348850982068506;0.99978074407671169;-0.0010357825958327929;-0.0063501702983794102;-0.0025630338639696729;0.83888699061677352;-0.39904095617530994;0.018330303534923518;-0.36476771685299847;0.038429780037749404;0.046546718348825018;0.38141705104019097;0.0044277171271608984;0.0055862984790207432;0.80407488037509489;-0.11661231764869069;-0.44083486237879088;-0.085895388148521087;-0.033546940920524231;-0.0079931684195563915;-0.30286771498852183;-0.86023361505797169;-0.39962728766968769;0.157812838609551;0.11211707791180486;0.00093727922785170729;0.29016112493049545;-0.49266627283444586;0.79725181436522807
2897,1,1.9014310138479862;4.4213027319257474;5.9199307247071999;15.606188065073336;72.17918554028212;83.656462346183702,0.32501274503889149;0.91663524376221339;-0.0066089157270008882;0.20882033997137278;-0.043417124898379095;0.09280025090474929;0.012815673183727847;0.0024440070262478192;0.99990088210419903;-0.00017817341513175677;-0.0052883984062236161;0.00011141938583180474;-0.84841492186843104;0.38095771894656705;0.010090378821914062;-0.36242363596116206;0.041014458416339272;0.043914044208514663;-0.38180513095059931;-0.013958612754221096;0.0044152810827177468;0.81357460722410258;-0.13309281533221134;-0.41760407731465804;0.079382946738346991;0.034208849276275717;-0.0057597772213860404;-0.29384164019891107;-0.87865956118525401;-0.36620949385241319;-0.14939137920592455;-0.1152388166324287;-0.00025042904999884684;0.27712197843282949;-0.45458605164847854;0.82520124755208779
2898,1,2.0245254354184175;4.5471539301267487;5.8460407876108542;15.658901431948594;75.07711427307342;83.942887232288911,-0.31136345548674565;-0.91730958249725825;-0.11308827925493393;0.19550048364856071;-0.055631406441983069;0.086554474475232249;-0.038857560281361614;-0.10243566431005602;0.99353350375984484;0.022368980391781965;-0.015387775780680334;0.012290104384412744;0.85170261000644609;-0.3657024803798925;0.0038918107786157885;-0.36920355068799965;0.040993607397510665;0.053455365240343278;0.38598068148965253;0.0065899692210457496;0.0014919546760049083;0.81257362941779143;-0.083365781268812736;-0.42865779262942627;-0.073460555262244071;-0.031964730992620684;-0.0064527342555425653;-0.29777201442179896;-0.82684482731403219;-0.47031864090738784;0.1475398693299145;0.11509382545685659;-0.0065732870453023284;0.27572423174390437;-0.55169345218501431;0.76456044433560277
2899,1,2.1983008205604531;4.4831726996652952;5.7740683626125504;13.086087414880199;76.094056575124839;82.353896905842049,-0.33623455297533139;-0.90783037073272432;-0.099271243549233765;0.20769025589577683;-0.067150098580976245;0.072740534995722958;-0.017307781100449015;-0.096673664039365753;0.99474385114662833;0.012422427765266812;-0.018831412728794447;0.018176225780193962;0.83386690329185564;-0.39231072136660727;-0.019076378752211222;-0.37975507855581708;0.048844491015470427;0.061600919453118963;0.39536177731448341;-0.00057473298641379038;0.0042784774297463732;0.7808879296398481;-0.079700962712379336;-0.47700338283614108;-0.078570206390612116;-0.022791677419793852;-0.006350135156229203;-0.32954489097063011;-0.81566701796008856;-0.46835287822204985;0.16978969756665957;0.10986686342881925;-0.014399756881522598;0.306774717640448;-0.56664409483154321;0.73735820354252024
2900,0,0;0;0;0;0;0,1;0;0;0;0;0;0;1;0;0;0;0;0;0;1;0;0;0;0;0;0;1;0;0;0;0;0;0;1;0;0;0;0;0;0;1
2901,0,0;0;0;0;0;0,1;0;0;0;0;0;0;1;0;0;0;0;0;0;1;0;0;0;0;0;0;1;0;0;0;0;0;0;1;0;0;0;0;0;0;1
2902,0,0;0;0;0;0;0,1;0;0;0;0;0;0;1;0;0;0;0;0;0;1;0;0;0;0;0;0;1;0;0;0;0;0;0;1;0;0;0;0;0;0;1
2903,0,0;0;0;0;0;0,1;0;0;0;0;0;0;1;0;0;0;0;0;0;1;0;0;0;0;0;0;1;0;0;0;0;0;0;1;0;0;0;0;0;0;1
2904,0,0;0;0;0;0;0,1;0;0;0;0;0;0;1;0;0;0;0;0;0;1;0;0;0;0;0;0;1;0;0;0;0;0;0;1;0;0;0;0;0;0;1
2905,0,0;0;0;0;0;0,1;0;0;0;0;0;0;1;0;0;0;0;0;0;1;0;0;0;0;0;0;1;0;0;0;0;0;0;1;0;0;0;0;0;0;1
2906,0,0;0;0;0;0;0,1;0;0;0;0;0;0;1;0;0;0;0;0;0;1;0;0;0;0;0;0;1;0;0;0;0;0;0;1;0;0;0;0;0;0;1
2907,0,0;0;0;0;0;0,1;0;0;0;0;0;0;1;0;0;0;0;0;0;1;0;0;0;0;0;0;1;0;0;0;0;0;0;1;0;0;0;0;0;0;1
2908,0,0;0;0;0;0;0,1;0;0;0;0;0;0;1;0;0;0;0;0;0;1;0;0;0;0;0;0;1;0;0;0;0;0;0;1;0;0;0;0;0;0;1
2909,0,0;0;0;0;0;0,1;0;0;0;0;0;0;1;0;0;0;0;0;0;1;0;0;0;0;0;0;1;0;0;0;0;0;0;1;0;0;0;0;0;0;1
2910,0,0;0;0;0;0;0,1;0;0;0;0;0;0;1;0;0;0;0;0;0;1;0;0;0;0;0;0;1;0;0;0;0;0;0;1;0;0;0;0;0;0;1
2911,0,0;0;0;0;0;0,1;0;0;0;0;0;0;1;0;0;0;0;0;0;1;0;0;0;0;0;0;1;0;0;0;0;0;0;1;0;0;0;0;0;0;1
2912,0,0;0;0;0;0;0,1;0;0;0;0;0;0;1;0;0;0;0;0;0;1;0;0;0;0;0;0;1;0;0;0;0;0;0;1;0;0;0;0;0;0;1
2913,0,0;0;0;0;0;0,1;0;0;0;0;0;0;1;0;0;0;0;0;0;1;0;0;0;0;0;0;1;0;0;0;0;0;0;1;0;0;0;0;0;0;1
2914,0,0;0;0;0;0;0,1;0;0;0;0;0;0;1;0;0;0;0;0;0;1;0;0;0;0;0;0;1;0;0;0;0;0;0;1;0;0;0;0;0;0;1
2915,0,0;0;0;0;0;0,1;0;0;0;0;0;0;1;0;0;0;0;0;0;1;0;0;0;0;0;0;1;0;0;0;0;0;0;1;0;0;0;0;0;0;1
2916,0,0;0;0;0;0;0,1;0;0;0;0;0;0;1;0;0;0;0;0;0;1;0;0;0;0;0;0;1;0;0;0;0;0;0;1;0;0;0;0;0;0;1
2917,0,0;0;0;0;0;0,1;0;0;0;0;0;0;1;0;0;0;0;0;0;1;0;0;0;0;0;0;1;0;0;0;0;0;0;1;0;0;0;0;0;0;1
2918,0,0;0;0;0;0;0,1;0;0;0;0;0;0;1;0;0;0;0;0;0;1;0;0;0;0;0;0;1;0;0;0;0;0;0;1;0;0;0;0;0;0;1
2919,0,0;0;0;0;0;0,1;0;0;0;0;0;0;1;0;0;0;0;0;0;1;0;0;0;0;0;0;1;0;0;0;0;0;0;1;0;0;0;0;0;0;1
2920,0,0;0;0;0;0;0,1;0;0;0;0;0;0;1;0;0;0;0;0;0;1;0;0;0;0;0;0;1;0;0;0;0;0;0;1;0;0;0;0;0;0;1
2921,0,0;0;0;0;0;0,1;0;0;0;0;0;0;1;0;0;0;0;0;0;1;0;0;0;0;0;0;1;0;0;0;0;0;0;1;0;0;0;0;0;0;1
2922,0,0;0;0;0;0;0,1;0;0;0;0;0;0;1;0;0;0;0;0;0;1;0;0;0;0;0;0;1;0;0;0;0;0;0;1;0;0;0;0;0;0;1
2923,0,0;0;0;0;0;0,1;0;0;0;0;0;0;1;0;0;0;0;0;0;1;0;0;0;0;0;0;1;0;0;0;0;0;0;1;0;0;0;0;0;0;1
2924,0,0;0;0;0;0;0,1;0;0;0;0;0;0;1;0;0;0;0;0;0;1;0;0;0;0;0;0;1;0;0;0;0;0;0;1;0;0;0;0;0;0;1
2925,0,0;0;0;0;0;0,1;0;0;0;0;0;0;1;0;0;0;0;0;0;1;0;0;0;0;0;0;1;0;0;0;0;0;0;1;0;0;0;0;0;0;1
2926,0,0;0;0;0;0;0,1;0;0;0;0;0;0;1;0;0;0;0;0;0;1;0;0;0;0;0;0;1;0;0;0;0;0;0;1;0;0;0;0;0;0;1
2927,0,0;0;0;0;0;0,1;0;0;0;0;0;0;1;0;0;0;0;0;0;1;0;0;0;0;0;0;1;0;0;0;0;0;0;1;0;0;0;0;0;0;1
2928,0,0;0;0;0;0;0,1;0;0;0;0;0;0;1;0;0;0;0;0;0;1;0;0;0;0;0;0;1;0;0;0;0;0;0;1;0;0;0;0;0;0;1
2929,0,0;0;0;0;0;0,1;0;0;0;0;0;0;1;0;0;0;0;0;0;1;0;0;0;0;0;0;1;0;0;0;0;0;0;1;0;0;0;0;0;0;1
2930,0,0;0;0;0;0;0,1;0;0;0;0;0;0;1;0;0;0;0;0;0;1;0;0;0;0;0;0;1;0;0;0;0;0;0;1;0;0;0;0;0;0;1
2931,0,0;0;0;0;0;0,1;0;0;0;0;0;0;1;0;0;0;0;0;0;1;0;0;0;0;0;0;1;0;0;0;0;0;0;1;0;0;0;0;0;0;1
2932,0,0;0;0;0;0;0,1;0;0;0;0;0;0;1;0;0;0;0;0;0;1;0;0;0;0;0;0;1;0;0;0;0;0;0;1;0;0;0;0;0;0;1
2933,0,0;0;0;0;0;0,1;0;0;0;0;0;0;1;0;0;0;0;0;0;1;0;0;0;0;0;0;1;0;0;0;0;0;0;1;0;0;0;0;0;0;1
2934,0,0;0;0;0;0;0,1;0;0;0;0;0;0;1;0;0;0;0;0;0;1;0;0;0;0;0;0;1;0;0;0;0;0;0;1;0;0;0;0;0;0;1
2935,0,0;0;0;0;0;0,1;0;0;0;0;0;0;1;0;0;0;0;0;0;1;0;0;0;0;0;0;1;0;0;0;0;0;0;1;0;0;0;0;0;0;1
2936,0,0;0;0;0;0;0,1;0;0;0;0;0;0;1;0;0;0;0;0;0;1;0;0;0;0;0;0;1;0;0;0;0;0;0;1;0;0;0;0;0;0;1
2937,0,0;0;0;0;0;0,1;0;0;0;0;0;0;1;0;0;0;0;0;0;1;0;0;0;0;0;0;1;0;0;0;0;0;0;1;0;0;0;0;0;0;1
2938,0,0;0;0;0;0;0,1;0;0;0;0;0;0;1;0;0;0;0;0;0;1;0;0;0;0;0;0;1;0;0;0;0;0;0;1;0;0;0;0;0;0;1
2939,2,2.4897006878985102;4.6108358230467275;5.3629031568522256;8.0746856987602644;47.118884200092126;57.254424062488354,-0.25091318552458763;-0.78906479121008044;-0.4906653791545143;0.25292938212642863;-0.020486759954150162;0.096300750907647739;0.10109092248857485;-0.55258698636731418;0.80162605966654599;-0.11296547571611842;0.10007533886792357;0.13801317400193022;0.84392945419264875;-0.20505388156753004;-0.30481583342634883;-0.35690526629760988;0.1451691890667697;-0.066089538714660057;0.4185966393850527;0.0066060841258383822;0.14710157975152199;0.80982229947824069;-0.25489883498533566;-0.28689504278318095;0.13024367775611026;0.018446044183729127;-0.01580894059844375;-0.12195214385385719;-0.81013604151836671;0.55790113290625998;0.14973213738711549;0.17202728426231018;-0.042914525361531307;0.35383566484970075;0.49718940447159299;0.75746172337443396
2940,2,2.5671250809367261;4.5781541463475763;5.6976318411311739;8.7505473658762796;32.279433385484289;36.991399752815703,0.23165512633367114;0.88622275908504955;-0.30041197180387452;0.24288882137841711;-0.056142253766450594;0.092470745164877979;-0.074179049947680487;0.33292816347639997;0.91606836655321811;-0.081907908349264022;0.012555758993958822;0.19392911534770585;-0.81999237350976528;0.26855097568375119;-0.20860432346663974;-0.42090536658929334;0.18541290959548318;0.02092468417496195;-0.45971259096297862;-0.017315735558456259;0.12153699735253584;0.79049083275362608;-0.033420909761474181;-0.38418816146505452;-0.16457112564808141;-0.0059841049532562834;-0.021377654766766431;-0.10022838738011867;-0.9785557019436335;0.06932921119043943;-0.17328172636213007;-0.1769541988572087;-0.10875378328892699;0.3495901901816536;0.060201612916636227;0.89498365022334325
2941,2,2.7868996139057498;4.5559152496336681;6.1007485916590038;8.0328644708786801;23.532853924728204;29.96311508853633,-0.078750725106741054;0.86847283920123741;-0.42399628859156357;0.14251880899271896;-0.047676763239925833;0.1928619025513949;-0.046761385885827636;0.37960498947699794;0.89980010204162575;0.099127457120730969;0.026953293286705097;0.18308595889871904;0.87073385570324935;0.16950288782861478;0.015464401324518757;-0.40124324109758025;0.22673135240227818;-0.021187995491096175;0.45195274481847952;-0.088859213608127541;-0.0081380664316054469;0.86941102129319914;-0.14041440765777405;-0.11038477548455412;0.15294893366684933;-0.012587289860273868;0.039266095868773991;-0.2179357994786103;-0.95411895780278744;0.13064210349772895;0.076023606587484902;-0.2546946227202056;-0.093486477675182894;0.074124632620468894;0.12463606440046249;0.94846335152201533
2942,2,2.366928799848834;4.4292849399115664;6.1228194861094982;8.7472148264620095;20.79464681083433;28.527201520741695,-0.097348352394651338;0.87051305043149285;-0.42223472413002178;0.11830131832612231;-0.045939321892939977;0.19581251706585781;-0.079629271068901317;0.36497966927503905;0.89592335110676569;0.11522666704682086;0.034184098782062994;0.20814569834200641;0.85694931659248619;0.18961274513873358;0.043711766475299084;-0.38840326224999155;0.2763700074336562;-0.02316639827247638;0.44166003428188821;-0.057391857205551941;-0.018760928536722041;0.88138067949893117;-0.098630608600682318;-0.12137016626057825;0.21821627683494305;-0.0046948314343216273;0.050981824862897276;-0.19562451639727441;-0.94501753780963527;0.13576954898759624;0.084489152612451962;-0.26406061843750056;-0.11906867449571153;0.082277977293332583;0.13249340121255021;0.94054880613539482
2943,1,1.958450467648758;4.1372930393574103;6.3503617903397043;8.9590372212516307;17.289253109395652;24.175232048886119,-0.06792861375943593;-0.8191264610366813;-0.51895517970324179;-0.04237957595996765;-0.068443530381421785;0.22050514826597822;-0.10510066477408807;-0.44040612865533951;0.83664773613610322;-0.15097214721922836;-0.0098949982205126432;0.26856350738591805;0.84328581383129819;-0.17099308439565927;0.086977313552525401;0.37970457805067026;0.32843890483128235;0.0042032615335553525;0.44106009586413775;0.032501146961515903;-0.062123067068443075;-0.88807038266232341;-0.071331767191337478;-0.0824206663881622;0.26774724649076487;0.0032795818743327045;0.063670944293528209;0.20479971697565635;-0.93927891433767075;-0.0076723007925431578;0.083582257211576347;0.3236797299030536;-0.12340084843904058;-0.024977731632736994;0.0035153978976417114;0.93401361030443941
2944,1,1.8701636658084901;4.1239752013871556;6.3401310178396511;8.6932279488477366;18.111583891378753;25.138889663564036,-0.070521509283364453;-0.81706283867962759;-0.52105220092587545;-0.047022968675928006;-0.069790239696781414;0.22103800837741863;-0.091015883604352726;-0.45039793681927459;0.8408876232281185;-0.095082473466419334;0.0049479095675924846;0.26963058797703893;0.85037912829675077;-0.15708495597376695;0.050246650310751421;0.37301677269949779;0.33236990171768355;-0.0066079205167786561;0.43144939308667202;0.01606477764034624;-0.021779500920010086;-0.89413655130101621;-0.09096407966384451;-0.07324180024152506;0.26785047629774317;0.013539031033779063;0.058618758910873363;0.22115156294357205;-0.93545973463408549;0.025371818528249046;0.075536132874197429;0.32316087374941133;-0.12238209668100858;-0.034906514813178066;0.035717084922928986;0.93401808857649837
2945,1,1.8135560265451256;3.8745536227510016;6.1929567774039587;7.9063180935197996;20.141452475015274;25.160465818375719,0.033171518787763345;0.7334727339552406;-0.64078952422189495;-0.015833965196687727;-0.061301956095913532;0.21516863214228046;0.094107830787738864;0.57224899550884423;0.75565016958694986;-0.11570266264004067;0.015672069441774246;0.28113147213390455;-0.85341440111509692;0.13549547465983566;0.061173461553612384;0.36353388384447943;0.34183340221568465;-0.023993422936588057;-0.42968564907021373;-0.034777809457779058;-0.041960073764741326;-0.89481831908264353;-0.10229439231578275;-0.035158673139673691;-0.2712077180955903;-0.008581140787943262;0.076262285643712679;0.23130643417101496;-0.92979796218583266;0.050297957043210384;-0.059530186658471894;-0.33897887843071495;-0.084040647607537766;0.0016745286816929055;0.064482465552235455;0.93291256503166853
2946,1,1.7549130250783991;3.7796085314904393;5.994222357476052;8.4012251466272776;20.317179418882791;26.798093302959543,0.05441206094196735;0.71023849109691228;-0.67416285302546242;-0.038027242300315844;-0.066423457667927094;0.17957425790872128;0.11732636545711542;0.59389905540710219;0.72423752460368795;-0.080877625064566278;0.0072353057179520598;0.32000766244916851;-0.86243601278368764;0.16233923106763254;0.044524898198001234;0.31505032496624391;0.35833727627703899;-0.014329009722193656;-0.38467424243737108;-0.027060709496903312;-0.0045013321194339838;-0.91577464964063204;-0.1089560885800174;-0.027541696622218014;-0.2938347178296572;0.010778845466220436;0.068751958626612333;0.23240792215772446;-0.92448159573851885;0.011767758175491229;-0.071866969114090629;-0.34006279758192126;-0.11939386580182232;0.0099689587981452461;0.024337644813406202;0.9296482324865819
2947,2,1.8594264047025253;3.6675141774939903;5.9702559915968267;8.4094487497272112;19.70255265081753;26.829882907423389,-0.094198442008636876;-0.72916375527272503;-0.64658995228282667;-0.04196430538916264;-0.07463764582889941;0.18448990223028469;-0.11696129025657337;-0.56577657638815881;0.74886313718342612;-0.063388551609901866;0.0098417785512376135;0.31828596400022907;0.86299332815424445;-0.18469642396507543;0.019622835084848623;0.30793553801097429;0.3547836496583659;-0.0069969453325891637;0.38032141411018661;0.0016092525850238233;0.0043330253700233651;-0.9142559662674169;-0.13188220780542156;-0.045578158972110858;0.28532608020230427;-0.012525529178068928;0.065039520343433743;0.25162726248476869;-0.92239827434799793;0.0081941517529636517;0.081448607057081707;0.33755715961376331;-0.12841910061419928;-0.014708567120840049;0.01579334984609896;0.92868942664018761
2948,2,1.8151833909974509;3.4726802692952341;6.0060087854485991;8.2055807409456865;19.578178435769818;28.687923389743055,-0.075493896108656991;-0.72214901818700317;-0.65842642689292175;-0.016857135245548154;-0.073035539948692399;0.18346049832761718;-0.082076386105671265;-0.58075844054183789;0.73744083054782705;-0.079128298539810307;0.013987725058624634;0.32512640302204676;0.87657388198777519;-0.14328756624149322;0.0087136228132348118;0.28123753762107129;0.36319946046179219;-0.001604651999319143;0.35960040232265605;0.0081191299145232099;-0.024965729337574263;-0.91842967896967798;-0.15315773354117856;-0.055027049545122241;0.29332662441611979;-0.0033856530833208808;0.069104383978998457;0.2647684290688358;-0.91588328659044715;0.015102886791251373;0.061882226600838516;0.34729198049217708;-0.13107643213386841;-0.02728736979665301;0.016025584955352994;0.92594622917976122
2949,1,1.6532458940440014;3.4539670824266797;5.9774342106047689;8.8845813971002823;19.942909015540788;29.705740086286699,-0.083088707414252602;-0.71070340016746736;-0.66822783579711686;-0.022307984809794314;-0.073276980071924055;0.188683176679311;-0.10190165468056844;-0.58951916065152554;0.73175471659457059;-0.07560872642574322;0.0011299804760942023;0.31764806055142714;0.87311270467993418;-0.16271946096870024;0.016883523625412535;0.28298983095846647;0.36166332124930445;0.0052845260484334911;0.36023737383820881;0.001668438751829852;-0.016802638114579167;-0.91883427237774296;-0.14828857598340697;-0.06081118557920847;0.29212117694510059;-0.0099575802373463203;0.064165405227177827;0.2618742928136199;-0.91750853597066528;-0.0069861672174558265;0.07266895396550449;0.34754607772945151;-0.11542102478280672;-0.0294595407895543;-0.004175410442546457;0.92721283178492842
2950,1,1.6271584283511411;3.3905695638107454;5.9977934690659689;8.3719335731047639;20.369386423383304;30.299270941196216,0.061063090947940941;-0.69644147154586089;0.68945675866916001;-0.0072572428005467189;-0.069902463187173303;0.17592876861853765;0.089640035876032018;-0.61204237999368205;-0.7083478817359169;0.094573317935752535;0.0017373722675471648;0.32659598370506637;-0.88250926916134653;-0.13551518286304073;-0.026781824993873823;-0.27002276836032973;0.3593630040047523;0.006457153212100622;-0.34582362524093774;0.006530121064308959;0.046729649804251497;0.92346287042763497;-0.14838718436430257;-0.058114439094434901;-0.29367460430203346;-0.0031821860949362811;-0.072157469059899546;-0.25413210295447908;-0.91866415310236804;-0.0033835175800312873;-0.059787956559769297;0.34922237646926996;0.12159370750040925;0.026909584130345214;-0.0025051650233531789;0.92679755111351314
2951,2,1.6385116104173427;3.2568104759613572;5.9442699528854837;8.4825273992273491;21.084779617714084;32.608749761826076,-0.078073890648469604;-0.6640650585076977;-0.72326469850121422;0.017184424201780797;-0.066122458753678406;0.15856467949498612;-0.11694235374644693;-0.641979289772588;0.6732043549995983;-0.098747776718256741;-0.0041779466742946714;0.33348822343178369;0.88538180786640563;-0.16431631420280166;0.030967379238582626;0.24941113517778413;0.35473304409889894;0.0099386962310406383;0.32549337067894984;-0.0019431222499991935;-0.054065737916146696;-0.92967528338394156;-0.15331656933727525;-0.057663532108226577;0.29224167799330908;-0.017789779787990272;0.071779061918458828;0.25073674953358188;-0.91981667376424925;-0.013944918338352808;0.070546970779598525;0.34577461802462273;-0.1210361763618838;-0.024137267983464439;-0.014357885157844221;0.92737507292547616
2952,2,1.5378264737164848;3.0636723239792203;5.8053291778736149;8.2223357977753171;20.728774391077305;32.935609382812594,-0.052646529677600827;0.64190964090286406;-0.74681341733897189;0.037442238552180929;-0.065118113829169058;0.14767459339670369;-0.077572283875480319;0.66890745319936151;0.64570001132117805;-0.083458857832070826;-0.0025114409260765143;0.35020731991544313;0.89733015704239039;0.1134808912977501;0.014272120838705143;0.21093745141845677;0.37033507090821322;0.0086203238806730424;0.29815724086395679;0.0038771416564084278;-0.059001454317215249;-0.93202723056142966;-0.1891821538261878;-0.056048283177082908;0.30758131543178147;0.0018809494536186759;0.071507017745300661;0.27843272226455418;-0.9070262329080373;-0.0074548526870882228;0.050054640815551756;-0.35723710485096344;-0.12861996902001424;-0.030635764638657421;-0.010898837624036192;0.92318782091363627
2953,1,1.5015262009499108;3.0217656768137218;5.8247885797878043;8.3158705855940038;21.678489983931303;34.597633018426606,0.046134476628279429;0.60568303443207527;-0.77659458098088019;0.067813720657067103;-0.056485397654940921;0.14188455800730632;0.10573511620630087;0.69926163751854153;0.60620321631370866;-0.10729707044210783;-0.0057067053903906923;0.34759988523411744;-0.89273571748202729;0.1336496362141302;0.043539907548496785;0.21843143890581057;0.36817474301650394;0.00023457326603477046;-0.31221755481056074;-0.0018913707322249244;-0.091816038091990029;-0.92431294054914404;-0.19711118247361284;-0.029651408249980866;-0.29828483876483747;0.011536091995018179;0.081875625440681582;0.28604419785429941;-0.90684328170299;-0.0018533233008179322;-0.05710505608152202;-0.35522153669802736;-0.1113058438739966;0.0008057729264450915;0.0025760714447672427;0.926369470643986
2954,2,1.4969018079926271;2.9809876022234492;5.8068564526987139;8.1299834528502277;21.930667765029071;34.800855891448649,-0.053268827873590989;0.58934973310572203;-0.79052361813854999;0.045645959574190161;-0.058076907348631128;0.13944623493552485;-0.1026592488810332;0.71155784101398079;0.59263619845737958;-0.10822870244082362;-0.0045346879111032509;0.3466912724056001;0.89209753131788661;0.13950476177828022;0.029832309509414751;0.22137943043341893;0.36715259717443965;0.00075334991202460531;0.30931722995351929;-0.0078785664765215896;-0.076435485536627309;-0.92858268145548917;-0.18235503217696841;-0.053844609160136857;0.3019783539960933;0.015550092321558561;0.074483782747669466;0.27288092155760957;-0.91024362294662453;0.0034617898654989653;0.062589377568235627;-0.35579049346488745;-0.1075851356407248;-0.021548746467162264;0.0029443082671537541;0.92598494358133121
2955,1,1.4711441516496491;2.9925759645637826;5.9567620308087408;8.2002223692659193;21.557234932644739;33.470854949199797,0.034100559838444656;0.63253347576771357;-0.75499917653933424;0.073235955671994854;-0.057519251732721738;0.14157269423785387;0.096052486816206178;0.67654979037087226;0.62860610846278175;-0.10106785959783204;-0.0033962394982564267;0.35732676172155314;-0.89823630018213818;0.11485136933056525;0.0470825522422951;0.20036706213572883;0.37096510660906018;0.0013694385617893619;-0.30156398993360112;0.0023145928675924687;-0.089701437860148295;-0.92267100015867376;-0.22106163543710414;-0.028590793711805899;-0.29867450782355481;0.0037774184733944463;0.087303538961068961;0.30488201599785336;-0.90010923939113474;-0.0027703889085357557;-0.051335358009024751;-0.35912577172179155;-0.13017519438530142;-6.8931096993906011e-05;3.7636317670896712e-05;0.92273927720785431
2956,2,1.5594478250576682;3.0810647769815214;5.8391925805416642;8.7913383967665464;20.563606860706432;32.747490929068412,0.036298196100868395;0.6667232129924443;-0.72528031632300116;0.086626325444384561;-0.052475864648144438;0.13369077881700012;0.10006191348674723;0.6461453564831009;0.65558275245642339;-0.10046840945942313;-0.022090398947568247;0.36347373965857477;-0.90040101899289959;0.11492589740569237;0.055833556742122224;0.17004868245125493;0.37930082554782157;0.012922320956464461;-0.28277227178745767;0.012075738561307427;-0.10096376778845656;-0.92095948155046492;-0.24611084859347332;-0.031039007510197801;-0.30878198093425879;0.0003407545808353931;0.082642160702482093;0.3245057426666636;-0.88976216433705135;-0.029037205472612661;-0.051396400498642969;-0.35301902793244699;-0.15504490396648488;0.0038833433979908734;-0.025336194689693281;0.92089090047091748
2957,2,1.5472430998992763;3.0348594814184522;5.763661730343439;8.4270968826509964;20.033053384395554;34.452770790250838,0.04873187701953461;0.67082951422240911;-0.72634106758765249;0.044519383101606462;-0.061784147949533026;0.11934137646395308;0.08565131289568019;0.64698175157958615;0.65952933967058758;-0.074755290854789505;-0.0095738506709599734;0.36526634625774268;-0.9020422532032768;0.11486613734624622;0.025217910199785826;0.17202283952895611;0.37794095580951836;0.0076405192524647055;-0.26978405665256977;0.0098548031907452795;-0.056113160575201722;-0.93520827918286675;-0.21647489468969272;-0.049948507058004396;-0.31799292194013107;-0.00091189238014339103;0.070139417500537676;0.29605780820558325;-0.89784754035728587;-0.013405246578398769;-0.052018213823773279;-0.34367164236906228;-0.16954508538264979;-0.023938722735143206;-0.016127883020594983;0.92174031084010277
2958,0,0;0;0;0;0;0,1;0;0;0;0;0;0;1;0;0;0;0;0;0;1;0;0;0;0;0;0;1;0;0;0;0;0;0;1;0;0;0;0;0;0;1
2959,0,0;0;0;0;0;0,1;0;0;0;0;0;0;1;0;0;0;0;0;0;1;0;0;0;0;0;0;1;0;0;0;0;0;0;1;0;0;0;0;0;0;1
2960,0,0;0;0;0;0;0,1;0;0;0;0;0;0;1;0;0;0;0;0;0;1;0;0;0;0;0;0;1;0;0;0;0;0;0;1;0;0;0;0;0;0;1
2961,0,0;0;0;0;0;0,1;0;0;0;0;0;0;1;0;0;0;0;0;0;1;0;0;0;0;0;0;1;0;0;0;0;0;0;1;0;0;0;0;0;0;1
2962,0,0;0;0;0;0;0,1;0;0;0;0;0;0;1;0;0;0;0;0;0;1;0;0;0;0;0;0;1;0;0;0;0;0;0;1;0;0;0;0;0;0;1
2963,0,0;0;0;0;0;0,1;0;0;0;0;0;0;1;0;0;0;0;0;0;1;0;0;0;0;0;0;1;0;0;0;0;0;0;1;0;0;0;0;0;0;1
2964,0,0;0;0;0;0;0,1;0;0;0;0;0;0;1;0;0;0;0;0;0;1;0;0;0;0;0;0;1;0;0;0;0;0;0;1;0;0;0;0;0;0;1
2965,0,0;0;0;0;0;0,1;0;0;0;0;0;0;1;0;0;0;0;0;0;1;0;0;0;0;0;0;1;0;0;0;0;0;0;1;0;0;0;0;0;0;1
2966,0,0;0;0;0;0;0,1;0;0;0;0;0;0;1;0;0;0;0;0;0;1;0;0;0;0;0;0;1;0;0;0;0;0;0;1;0;0;0;0;0;0;1
2967,1,1.4489417933726441;3.1133306886143237;5.7784168924693802;8.9415987144661138;24.91288245807851;36.611171960964384,-0.065196587888429275;0.63930828842195109;-0.75051271873328873;0.010154310947304391;-0.046783234366394318;0.14653735105315061;-0.11118352438795975;0.67329151122823772;0.64470810138352452;-0.11370297877139125;0.0067077909724119001;0.32510746989557493;0.89741440672743378;0.1522382339313528;0.033053489688278606;0.22755614619673251;0.34437550479495649;-0.001442765485918095;0.30865568267071058;-0.02180954146679186;-0.058119823687655871;-0.93138544552066027;-0.17390700230586426;-0.056174780568074012;0.28070782825044827;0.028069627012362677;0.064346569795859856;0.25916676196184407;-0.92125500639466407;0.019913132370160024;0.063006318289679744;-0.33693235720667869;-0.1116745042499345;-0.023247887695086088;0.014744963935701377;0.93235064078892205
2968,1,1.3581330476299474;2.9717064478806368;5.7026843399290179;8.2190200251586969;24.162567650831075;34.705906144207262,-0.043751731363717371;0.62199023127589292;-0.76783395389135678;0.026854288629223063;-0.057453222157345676;0.13275139132062566;-0.08764786167654498;0.69042508744416031;0.62230332670982325;-0.077279588697550791;-0.0032543789023415765;0.34983838372288062;0.90109264444971915;0.11562776371411676;0.023778051594735127;0.21191990009290895;0.35938482586806192;0.0054197342957726874;0.28872810122461157;-0.0032650118277006276;-0.047642216105918067;-0.94089672989218176;-0.16421728402642147;-0.045843972457648166;0.30405972819870702;0.0079863000579617465;0.065033338242821481;0.25040530665827265;-0.91677687686710829;-0.0084797438213748133;0.051180559940048845;-0.35070946635742062;-0.12690578096100755;-0.020179057786307134;-0.0091610526829503415;0.92616803226563071
2969,1,1.5650225845722952;3.1537746349676214;5.8172811752533216;8.3673053896104985;27.015685000116225;38.90187534511012,-0.052995414410376078;0.65885808368009191;-0.73683019630487234;0.014591155601635281;-0.052046095102847606;0.13136618894124674;-0.085982380074462364;0.66871581006343761;0.65735617616710373;-0.1132829548564713;0.014065555199058784;0.31666731065713799;0.91550272517006903;0.1218455264515295;0.024356538841376396;0.20550169650385247;0.32277581707999026;-0.00010746151950264586;0.28426727804647134;-0.029061793052046547;-0.061615557707547952;-0.93417533860877744;-0.19591741108227101;-0.059024186864657865;0.26184765906240853;0.016938600672648657;0.07117557433798534;0.26678355670965331;-0.92429977677639397;0.024070342517332803;0.047761853502214097;-0.32054228210362501;-0.12453288380986695;-0.029429469172188853;0.013979511284736609;0.93723075664017486
2970,1,1.3668887988923;2.9401359477686668;5.8074783193378439;8.205687004401538;24.054212133042508;35.127038542533256,0.029871844203275936;0.6247369873714903;0.76599031622133196;0.03836698153197441;-0.050755120597219525;0.13424640572589047;0.095945618117352485;0.68957684403181319;-0.62277215898118754;-0.082962333811618744;0.0011886594090425653;0.34720151323756127;-0.90294973427830638;0.11229748172830301;-0.042067845757663917;0.20011888210433262;0.36089899035931211;-0.0023876977338221981;-0.28671220158944577;-0.011017396437232473;0.057919687912730715;-0.93746676486691327;-0.18745400655230654;-0.018360293707378402;-0.30012099183168706;0.011048456673770857;-0.071350325067287182;0.26963034629753302;-0.91214780278003837;0.00056144359012492203;-0.048035324256298272;-0.34832929386354033;0.12328183431166087;0.0072938362610377718;0.0046695707121642786;0.92794714022450286
2971,1,1.3610511228871891;2.9409734510633214;5.8083336316353309;8.3971420258286997;23.838843221852223;35.6101434965775,0.030513868913753871;0.62031255689543796;-0.76768612203576891;0.063307264542090902;-0.052330230464805103;0.13488139542256505;0.10269105571176515;0.69296748918368234;0.61702573758050405;-0.099360053574033991;-0.010340882244698479;0.34431161915141179;-0.90203335090502668;0.11761423812867593;0.051807891880183615;0.19571361445831184;0.36258516198431046;0.0068446042884791232;-0.28792909517381465;-0.007606247565414382;-0.084878842318590705;-0.93287103615770339;-0.19775910114933518;-0.021852484702624166;-0.29918728918170445;0.011298879522897565;0.07844879140327278;0.27830899687770766;-0.90901310911137057;-0.021079804591130461;-0.049427592296791271;-0.34783582621866105;-0.11787522551354575;0.010568031065605367;-0.01652630687723021;0.92859451873734999
2972,1,1.3721442110277986;2.9230553958624341;5.7829373856250461;8.1829007966852725;24.236083356669297;35.569845688930585,0.030604953454535289;0.61240228015028386;0.77608530590733849;0.037390672115063667;-0.053007492172153246;0.13232734206464863;0.098384002004310647;0.69941565428615515;-0.61113852744662467;-0.084264401998664973;-0.0031977899810038783;0.34718484364168473;-0.90272485858677676;0.11572012155368003;-0.041153261392404827;0.20054534613333833;0.36024941158697427;0.0022400511941715676;-0.284983517302831;-0.013082604193584573;0.057992053496430378;-0.93932935784165805;-0.18025646835492615;-0.020448109386382994;-0.30143129780297534;0.01299457389298544;-0.071488399692728952;0.26244227308788892;-0.91370438007501131;-0.011317313803564264;-0.048942029317007703;-0.34935659402773239;0.11846534405678394;0.0082111589981202944;-0.0072286106579966779;0.92811687533900922
2973,1,1.3845559095445141;2.941301478362965;5.7919000759095978;8.2346458343724365;23.398275292331942;35.645330871344804,0.029694532462445588;0.61018717642655573;0.77867918836164796;0.037521211956332914;-0.051254838935191741;0.12811583125408679;0.095299265958664822;0.70174758245186564;-0.60733581153326854;-0.086272188675226472;-0.0069976023300071478;0.34945634274218756;-0.90181674992104388;0.11324741564254241;-0.04113676073370625;0.20382851564922672;0.36144470190312233;0.0045829033226109797;-0.28619335349366287;-0.012722226875693805;0.059500207713541212;-0.94005910544993188;-0.17281738464261712;-0.028535319647410663;-0.30404172257554329;0.012097940071178297;-0.06805914312118716;0.25669051449328728;-0.91470038891525851;-0.014608288893176273;-0.049140915343219481;-0.34941200306685566;0.12221857010154143;0.0014360893399980978;-0.011792056524719468;0.92758715424735061
2974,2,1.5925878808576008;3.1472953873612153;5.8421727036920057;8.3227855795478565;27.451416217932888;39.756442953101114,-0.066023737631238144;0.64138582907854724;-0.75166423278996231;0.014273038157275889;-0.06434816323129823;0.1221538363753769;-0.10601930600484689;0.68036016874489513;0.6401732137155306;-0.12717401993755365;-0.016913488177208988;0.3155771008032755;0.9128305266350234;0.15297506841207717;0.02972501832951327;0.20464534486165231;0.31673235492916918;0.01601185624260993;0.28191611843589659;-0.036016859293638896;-0.069753212946763801;-0.93629824200211031;-0.17989641443130538;-0.073098969861284349;0.26029042961108728;0.01860163807987341;0.070316917453790054;0.25399361692311812;-0.92769892886520722;-0.042665470559658948;0.062557148956697839;-0.31731632859708053;-0.12035606039629905;-0.024003675702048054;-0.047600846679102027;0.93705354830670462
2975,1,1.3837078003898868;2.9364941478099236;5.7158124018162173;8.1663008159383708;24.737646038915681;35.840313014273299,0.031000865378195221;0.61953945124624643;-0.77062135968832957;0.041646306221994223;-0.053162609528035462;0.1295833971373142;0.089718985442010249;0.69520472435523528;0.61643819199070882;-0.089941962072015033;-0.005863877735397427;0.34716121433303049;-0.90629217641316628;0.10842086262036486;0.038524980834369629;0.20253658503997726;0.35259527889997733;0.0071228077641591562;-0.28352341198752989;-0.014092735100369154;-0.065986598275113828;-0.93968274809243479;-0.1768798346110832;-0.027775809003977147;-0.29527415407008023;0.010351976906952262;0.070508981048477581;0.25717810839625693;-0.91719805920567143;-0.018483366979430121;-0.045294478278192885;-0.34756353019818598;-0.12384164783558406;0.0032732027462057485;-0.016648287624514636;0.92818283200994511
2976,1,1.3606112429419255;2.9001608730629505;5.7143526333089545;8.0981961093522798;24.872600613016278;35.694234603215897,0.033687029775061807;0.60111635192847224;-0.7839722175689896;0.054196528721913467;-0.054487081149837711;0.13040618011185717;0.091613251914765326;0.70954800054421285;0.59897523733599822;-0.09843811039906937;-0.0035818188055403207;0.34593990959515059;-0.90535475946791877;0.11260831210404264;0.036814228482086465;0.19550248581158991;0.35784966157331766;0.004386101741350925;-0.27896512849591648;-0.013191664800883074;-0.079596918172158249;-0.93935650416791938;-0.17987082797561577;-0.030407416880166505;-0.30130212488121538;0.011226946320683651;0.075456081725302271;0.25838111000056796;-0.91462557259958399;-0.0098299995319816886;-0.046908871577176929;-0.34959987138024912;-0.11502890970392582;0.00011317837301293631;-0.0082761986398762772;0.92858996836996044
2977,2,1.6547381229021081;3.1197692810739168;5.7968459507014005;8.1707878932600693;29.16873222681243;41.395214064608446,0.07525079525936812;0.63820827753914555;-0.75331088448504446;0.046313492496795887;-0.06414107551855272;0.11528749478491637;0.11126701458394765;0.68454217966297448;0.63119041928455932;-0.15176831367143531;-0.020612257541620042;0.31170791477854426;-0.91825852451879653;0.16025885854054092;0.032876723250142792;0.18900304737171125;0.30635137469991974;0.021544947896325391;-0.26810892743753062;-0.032062845302537855;-0.10758159869016673;-0.93331835695151066;-0.19364697078276358;-0.083267471960314657;-0.25083806611711223;0.020786947078693222;0.079489474870023016;0.25928748655618472;-0.92756586760937265;-0.052164656273294877;-0.062897687094960048;-0.31136662278464666;-0.1230776583959568;-0.028038034078604817;-0.061092589096892483;0.93777831142546808
2978,1,1.3446669219962599;2.8653600530598853;5.7187458879348139;7.71887686588998;25.543809864320714;35.262268628347911,0.023690244799243962;0.59207132468929813;0.79315992274497704;0.028726466817908216;-0.054686084462853626;0.12637989556680065;0.075241200935592403;0.71892371726853088;-0.59238862548134319;-0.066726731924814139;-0.0032630034296532023;0.34942819417749504;-0.90573337904742168;0.091989052370074723;-0.025959175230650586;0.21396045822621193;0.35312480354717446;0.0059141339297689461;-0.28147877506547159;-0.0085610896992825147;0.044016392448821835;-0.9474989292418694;-0.14191385178881299;-0.029414314246102136;-0.30433209347998974;0.0039251550944561162;-0.063248921462161267;0.22615715011291015;-0.92303192312483484;-0.015203825660686572;-0.039702092239454471;-0.35220668700943064;0.11559111428875792;-0.0064790589395074139;-0.013197941409230935;0.92779131486178024
2979,2,1.6316180965993852;3.1170032736438436;5.8160462892204716;8.136693102317329;28.187576911329714;39.455157914035894,-0.056140838248091275;0.61351841805384799;-0.77548426272129167;0.030339044191608804;-0.052183702881886417;0.12419307070925864;-0.098299030799640544;0.70587126158348412;0.61131622545143816;-0.13467293801829569;-0.0048445270211537406;0.316567947584179;0.91277142571610881;0.13873305417191856;0.031910459221481863;0.21318786275525031;0.31791465943838965;0.0080244100474657805;0.28743052692447174;-0.037135539056687608;-0.085432379130562286;-0.93554787470420031;-0.17150053502563203;-0.063590039702437082;0.26143443040064085;0.022028758057381154;0.06891105496273113;0.24455606232509594;-0.93085149333349515;-0.011219120389374665;0.055403628165030423;-0.32284630711345319;-0.10886196977691986;-0.020885015044430202;-0.01693295220489411;0.93815076761779959
2980,2,1.5590891105617819;3.0930095628678318;5.7022068145887648;8.5036872786013902;27.674838377482125;38.469974234627706,0.065576871409904036;-0.63159204516480338;0.75967464369312154;0.0015232569192537382;-0.057467668408314569;0.12798728423726063;0.11503664795138994;-0.68614256292176545;-0.6349288711609905;0.099807584812315303;-0.0040567430238021996;0.32072148414389379;-0.91124783548425725;-0.15401776329780045;-0.025788995014684221;-0.19154891316233177;0.3293152246059638;0.010066546537145353;-0.27410993993112487;0.025936171646844752;0.039179381924968164;0.93830650244061442;-0.1955883773487461;-0.063104088512420789;-0.2703026044546496;-0.027179340431095104;-0.065322109664401898;-0.26883276790416;-0.92158405726732073;-0.018508802215362902;-0.062400871351616836;0.3242946173997841;0.1152939289514472;0.025592771387034256;-0.025700287999606979;0.9361254977707284
2981,2,1.6953592757485332;3.1896804723956578;5.6920158340804798;9.5908870042970573;28.92035464095931;41.203505065135971,-0.066547446816359768;0.66800396650934402;-0.7264124984682796;0.02116010287079146;-0.057934387217333766;0.13365207422007708;-0.12865157918065895;0.65592752690392098;0.6666932725941771;-0.13808536086342277;-0.0084333775441778041;0.299314620692192;0.9148620648115191;0.16621219707644391;0.052219437998328101;0.194661713596995;0.30766324110209708;0.011143856648319668;0.28425469908902834;-0.035269111971318774;-0.07845447164773163;-0.92615480859005705;-0.22474628734983002;-0.059385423405229246;0.23931019264102471;0.025659066870641845;0.079584028874024645;0.29096824875644267;-0.92226622345202514;-0.022385656764334586;0.063067492492345098;-0.30659580517122831;-0.11238047369774956;-0.012893764474380122;-0.028808582011437923;0.94254758458858412
2982,2,1.6696421736454521;3.0316141488469097;5.5146416259159547;9.1774370299112302;35.682227084474661;48.844925153254053,0.04790618820981634;-0.55514919705928911;0.82469115736178322;0.0026236624512080376;-0.021756585483879952;0.09443849050223177;0.1309004727052521;-0.75777408665067758;-0.54952133391187541;0.13401907889101508;0.068456464096597489;0.2898661802256029;-0.92426931706725601;-0.16045521587696446;-0.041509774087828619;-0.21367203273802707;0.26570829188890505;-0.044728714805613592;-0.27123893761967027;0.05330592294181808;0.049930836271346347;0.94685967584073072;-0.14981655828557994;-0.045897516466232996;-0.22233370976182745;-0.040067995418742008;-0.060107941181092341;-0.1964676873851125;-0.93251762387375225;0.19277095640172048;-0.057388614962127618;0.29562638688973647;0.10040759033254427;0.035120754469089258;0.17945848311313858;0.93047895596575092
2983,1,1.352934635487429;2.7599636450932232;5.4807544588171924;8.8930580762849374;24.895995302051212;40.113517614654775,0.0085989740981378543;0.57209460135231383;-0.80833437856183188;0.065495482690251197;-0.047504712736175292;0.11261883145405964;0.089938689285332704;0.73888999610527595;0.5666758153299386;-0.074658266375148455;-0.012621012674764939;0.34510575110573249;-0.9154526226461106;0.091439307040974555;0.047334067786985047;0.14854345289379819;0.35940565538208191;0.010356269923354691;-0.24744398332726444;-0.011483877575031288;-0.073505841758354659;-0.93830567139736532;-0.22981804287831559;-0.0016189779166256397;-0.3021935746086869;0.0085519322342279911;0.075270697999542391;0.29485580179820225;-0.90274684536761574;-0.032379303076255861;-0.035129817602918813;-0.34377780454510365;-0.11029393470178062;0.026717986093561071;-0.02536508491393949;0.93116095637206875
2984,0,0;0;0;0;0;0,1;0;0;0;0;0;0;1;0;0;0;0;0;0;1;0;0;0;0;0;0;1;0;0;0;0;0;0;1;0;0;0;0;0;0;1
2985,1,1.3551907326704662;2.7867692903871286;5.3306429250229046;8.3648162374816941;24.714761946166348;41.631584789922762,0.014385800410533179;0.47202956029776239;-0.87233308338734172;0.078725111656111763;-0.038086769100064095;0.091476168447490874;0.12148482043709073;0.8012584212020113;0.46602907550865652;-0.072415611287426226;-0.013048515548229517;0.34731685406935081;-0.9128725295568284;0.12584841467579683;0.050561906151918329;0.14114392047947646;0.35823410243888992;0.0040170277416244227;-0.2190436531242195;-0.011158976008354114;-0.087421400238959099;-0.95755012650232918;-0.16480158028078687;0.013822027095628004;-0.31865178255559734;0.024382091619881151;0.06604331899783436;0.22427223560556664;-0.91801963179565915;-0.021136581378605152;-0.046681382055058347;-0.34440703251274435;-0.085388317999447613;0.037900518731822312;-0.011307381926307307;0.93292506315794255
2986,0,0;0;0;0;0;0,1;0;0;0;0;0;0;1;0;0;0;0;0;0;1;0;0;0;0;0;0;1;0;0;0;0;0;0;1;0;0;0;0;0;0;1
2987,0,0;0;0;0;0;0,1;0;0;0;0;0;0;1;0;0;0;0;0;0;1;0;0;0;0;0;0;1;0;0;0;0;0;0;1;0;0;0;0;0;0;1
2988,0,0;0;0;0;0;0,1;0;0;0;0;0;0;1;0;0;0;0;0;0;1;0;0;0;0;0;0;1;0;0;0;0;0;0;1;0;0;0;0;0;0;1
2989,2,1.584208361863662;2.8085970327848169;4.7856058114121049;8.6838824664210499;42.178657142560994;71.863712057322203,0.04362314054275937;0.16624518465835877;-0.98188589243300461;0.069877387029840976;-0.035289130108501099;0.015214549162020927;0.077151608499224547;0.94132205377751499;0.1627354390341961;-0.058620312876134076;0.0062691708129211602;0.2792882984946462;-0.958718459369162;0.088515748874494274;-0.033503581528585347;0.051882000703436612;0.26292372126971164;-0.0089868062992743466;-0.072904398394444181;-0.031307443422539369;-0.077051978271978322;-0.99069026895038714;-0.07084856807387814;-0.035791852904740788;-0.25895137142960406;0.016550156591740292;0.032328853887932114;0.083437717619499169;-0.96092009706817039;0.035997765024443767;-0.025153578462332911;-0.27782409570501881;-0.036230084167910244;-0.023664445665460557;0.034634362121585542;0.95870167690955377
2990,2,1.4992603812854681;2.6446613682869948;4.8549618706316222;8.5317859543333814;42.056696659584098;76.884930376770527,0.042884311221621604;0.092564841247163673;-0.99237174041741727;0.059733962744036459;-0.034275006029217701;0.0069348751562266671;0.059139952214499664;0.95476620377528099;0.091451800155330221;-0.031138625427336707;0.0060086960418977362;0.27487235584417513;-0.96067459009305312;0.064869825091777272;-0.043899954101473175;0.013403953215709504;0.2659325774202827;-0.0083204613328351964;-0.029408864262538959;-0.018124229628849301;-0.060873190817866359;-0.99535514071850673;-0.062381038190957167;-0.021859450182019187;-0.26570145002633244;0.012949875248248581;0.027074331385665992;0.065482834664346012;-0.96084102229850987;0.031599825911780198;-0.017481190158271931;-0.27413311568908177;-0.021659324061837883;-0.016208514711254601;0.031018055109105956;0.9606515918180405
2991,2,1.598825590698554;2.7137734759773471;4.9953001534427868;9.2117253545572968;45.370082613766733;86.78934288854785,-0.01770885859985534;0.14218815447945848;-0.98592686993189549;0.085093878399281564;-0.01071509641192462;0.0078326730407316855;0.076702914448984277;0.95294289157486589;0.13921771804429911;0.012599066669558831;-0.0026246854701204216;0.25781642662899051;-0.96508126937169003;0.076455382888604595;0.024458777144939034;-0.013357411826668346;0.24892946555413445;-0.0054942591933666192;-0.0065670559727830143;0.012377764436527532;-0.082583658830322204;-0.99259628623597995;-0.073337747292476635;0.048557094128528482;-0.24887181184412552;0.0083863029813373308;0.022530353350966703;0.072061966534363794;-0.96539354634155183;0.017528491974246614;-0.020997566414267966;-0.25615114565403457;-0.025312542770044532;0.04451472180142392;0.023437030915776331;0.96476635155259949
2992,0,0;0;0;0;0;0,1;0;0;0;0;0;0;1;0;0;0;0;0;0;1;0;0;0;0;0;0;1;0;0;0;0;0;0;1;0;0;0;0;0;0;1
2993,0,0;0;0;0;0;0,1;0;0;0;0;0;0;1;0;0;0;0;0;0;1;0;0;0;0;0;0;1;0;0;0;0;0;0;1;0;0;0;0;0;0;1
2994,2,1.5427027515482226;2.6004423762891773;5.3116556000945359;9.0226374779621938;68.218838800742546;113.95833678966736,0.081503085965767066;-0.1045819368778106;-0.98850542237626493;0.06773392556411037;-0.023405260124791358;0.011882950636564174;-0.10375559358768414;-0.9621810167919489;0.10183278619842334;0.08728315203777115;-0.001988599134616892;0.21319063821701581;0.9649533317096799;-0.10478985776299324;0.088964247260939225;-0.093038280607853963;-0.20302937191879342;-0.0096160554017398463;-0.078598193156858981;-0.067894699402399297;-0.067551828185358154;-0.98490810593926947;0.07888070645940333;0.091560042256087298;0.21050691874306349;-0.010954409828837377;0.00033262036572807299;0.065271657155089161;0.97471325208417181;0.035219517515455226;0.031084603801417702;0.21808187868887424;-0.0030192995199273651;0.069521785556110383;-0.044036618514548702;0.9719528913416241
2995,2,1.5508838328191337;2.6219445246391437;5.5365613718671414;9.2943567138062377;75.940719229982321;116.61805869526536,0.14186086528709049;-0.074311323174878;-0.98412080789653533;0.069309007484824797;-0.03221039644328387;0.0042789549545854001;-0.089061240366583014;-0.96414575484629395;0.06916978516806542;0.12016600347367078;0.0049549804324402619;0.20794754019732972;0.96137295755538088;-0.092561621260201399;0.14499033728735183;-0.097010942933701494;-0.19166604531132372;-0.005018851465739934;-0.087772023803887628;-0.089076516571236511;-0.075473683960294372;-0.9787198434782336;0.037400589842535623;0.13918991674593176;0.19710972165870386;-0.0081774996183889767;-0.0014375964145808152;0.022167955513819861;0.98003587674000014;0.01082042027674332;0.033903632704803455;0.21984458061339188;0.0011111814368360892;0.11384779212628182;-0.01824669248078542;0.96810299440794867
2996,2,1.4872331134602517;2.5868173420101939;5.3310573964602952;9.0385961933854801;70.642706439150444;113.01601318547267,-0.11206250637482362;-0.046008492172987678;-0.99046400493005105;0.058632475536679975;-0.029466398542820356;-0.00048209982441109467;0.12412386106556129;-0.95997932511841999;0.037484816897084924;0.12466577434564921;0.011413744227058334;0.21437355739706254;-0.9568617275723813;-0.13655381439789935;0.11364241008128056;-0.11599054452677386;-0.19849388073382696;0.00068235116204483359;0.11946515636005935;-0.091952165213199266;-0.068012046813660271;-0.98087984223832481;0.02194974049484856;0.10020070458542811;-0.20094480516555299;-0.018427835662245172;-0.005658066980347435;-0.0020857504781528913;0.97927816564615511;-0.016109325295428856;-0.042428266276302314;0.22109089522625178;-0.0019219358199827335;0.073737750407003436;0.011581031550384646;0.97146466137718512
2997,2,1.4874439182180725;2.6614893267269024;5.5112603262466173;8.8451086049716459;74.619069248539162;112.28234777736006,-0.12635163630758886;-0.022231229943742187;-0.98808390001972757;0.079175714549318432;-0.030921423683094917;0.0025129111412865758;0.11739458824382948;-0.95894912617177663;0.017379892748995138;0.1468136779748562;0.013135694705932489;-0.21120184866039723;-0.95657800497928192;-0.13590191588470887;0.12143391854533102;-0.12371448553798488;-0.19086993660724352;-0.0025271412836780638;0.13012299683213188;-0.11031060205228788;-0.092557981751838492;-0.97458721848473684;0.00069251604132886807;-0.11185647398353518;-0.19084046726032319;-0.019172261067350135;-0.0077720248427857672;-0.024652416943694785;0.98079491294999399;0.024197792492639869;-0.043130230634681022;0.22117190275635737;0.003816401503269575;0.080272586592121872;0.021928190406301173;-0.97071297200738615
2998,2,1.4491465012517402;2.5838297616660202;5.4730412502645569;8.9150225032654618;75.677405358904991;115.36594004795063,-0.11117175657344068;0.030241672978441717;-0.98930997864709869;0.084462833979418103;-0.028979954323564323;0.0042708112446371094;0.10060013962716444;-0.96276157676997987;-0.030702303027476431;0.13404270692434631;0.017353906012832831;-0.20918537582172786;-0.9622204847230299;-0.12147333211187791;0.10014583028354532;-0.1148052202653505;-0.19001908163123829;-0.0077000686801475121;0.12165937036417558;-0.10148355327639758;-0.10039688556299944;-0.97831423753511304;-0.0094814523638145215;-0.087360781151506389;-0.18881687792503746;-0.01680670228720621;-0.010734355007746849;-0.034367164599199869;0.98006227305903115;0.047406053571414142;-0.034632000230734095;0.21642190339498935;0.0099592372560990284;0.058638676911103589;0.046257926855419074;-0.9727716626512819
2999,2,1.392074807888096;2.5056573612595194;5.4590419229943405;9.0716651239705772;80.156767527485982;119.46800656348896,-0.1574818746606769;0.025821450846381589;-0.98478800621828744;0.05466502120198273;-0.040723830581903341;0.0088656481928880981;0.13040336682532949;-0.95938294321619777;-0.040785046595060923;0.13480790224721759;0.0096791726075810061;-0.20651647215178995;-0.94740660395652854;-0.15687445113442144;0.14681732654673624;-0.14786351036792669;-0.18541497246067659;-0.0036710047100572026;0.15606148684016982;-0.08528833106305557;-0.08181151513963586;-0.97263634042908453;-0.011923552648413969;-0.12455507644905679;-0.18381510839414739;-0.02486777528314419;-0.013921826365764209;-0.040925608704358615;0.98145965671820568;0.02148997943032771;-0.049718870711415605;0.2154426184863015;0.0093217031553492757;0.096325443571580766;0.021539321126672034;-0.970197446116702
3000,2,1.4253650671916507;2.4873541453146553;5.5299923171893193;8.6911066500821192;82.086162711027825;119.67527355009605,-0.15901306523794009;0.041995429882266358;-0.98441095009704216;0.047278094960225309;-0.039376780726200482;0.010028018660238315;0.1185356983533867;-0.95875036234254951;-0.055568811375364985;0.14639474702621044;0.011542593697697719;-0.20516940488312599;-0.9505833619168933;-0.14830838569098923;0.14777874344182021;-0.13899137087253835;-0.18222872029531542;-0.0056062545224442283;0.1481765839177854;-0.10058242603978984;-0.075942459076278404;-0.97364467119041709;-0.0063926511901488646;-0.11888989331780267;-0.18173220949536881;-0.02232554844883702;-0.012209962731091407;-0.034873838526628197;0.98184581077205635;0.032992574683983811;-0.045524821324999076;0.21546112124737404;0.0096068328640657868;0.08840038603964874;0.032355355816736792;-0.97085024969584621
3001,2,1.3742451971518241;2.428841166241746;5.6136314948593098;8.9262817569408934;83.593418444424856;124.60099251036908,-0.15826833950815611;0.042572791053522505;-0.98376592034999988;0.059446962674793553;-0.041075916828844448;0.011051326371680194;0.13340142026587373;-0.95696143529639843;-0.056431138211352275;0.14931394060284675;0.0073688519677197299;-0.20222622537396984;-0.94800640839053074;-0.16408455922058648;0.14410420300658311;-0.14550564459272058;-0.18003490373071224;-0.0031026733698299828;0.15640131021904169;-0.098514469604342;-0.088718977437225288;-0.97078667245320127;-0.018062808365559412;-0.12332657468699275;-0.1776240377306898;-0.026534389600151361;-0.016120171062081603;-0.044721530747784448;0.98246638906006845;0.015669924331906726;-0.049268395679979905;0.21231922119741925;0.011099657713134412;0.092589062188063301;0.01671621479999208;-0.97134844665639386
3002,2,1.3825869771254573;2.4006178195981369;5.7501257089514484;8.6859658943569773;86.101216630560131;122.30656887179947,-0.14783188507930653;0.043343843117522575;-0.98510552967641629;0.064476944034920297;-0.039376200840733316;0.011241837657522392;0.13349200226054789;-0.95673698113218408;-0.055163822007315205;0.14884701824511504;0.011326967877438039;-0.20373377718565028;-0.94920053411569794;-0.16444379464823;0.13243676165664328;-0.15033519312156643;-0.17834827528385511;-0.0053208091904550711;0.16260713582879355;-0.098054525246885585;-0.092647066106983728;-0.97002958690386598;-0.022627046742783239;-0.11786164721718134;-0.17439522260095663;-0.026442735646395321;-0.017278248903198189;-0.051647484637063999;0.9823090299789361;0.031465173332485025;-0.049891791232236346;0.21311966218468034;0.010125984446058318;0.086381458764810903;0.032712286481844238;-0.971316855146516
3003,2,1.3683716551135159;2.4823620199702789;5.7719718104181492;8.4917870909363593;84.626558602020424;121.2626454949193,-0.15327692018374284;0.06050628615974947;-0.98248829818496786;0.075483322635879049;-0.040859294077871686;0.013953676757534679;0.13238901503739611;-0.95412332885498685;-0.07011624945595675;0.16135774843967879;0.005269309728879408;-0.2028335400958021;-0.9468604752388724;-0.16875446131004887;0.13239589188223469;-0.1602557259261472;-0.17821973110236936;-0.0020808134857074057;0.17331957734821676;-0.10509865139285575;-0.10804080665714585;-0.96484232949191806;-0.032539480578412418;-0.12354045128786198;-0.17252959477908972;-0.028808808625577002;-0.020196662967032562;-0.059738836689126676;0.98252975504338658;0.0078891141040880741;-0.051268293320822486;0.21362097387374257;0.01382252532694282;0.089969983560342789;0.010813998627192845;-0.97125436364869566
3004,2,1.3195164416776595;2.3752981337144949;5.661647083100898;8.5851376901374934;85.398672635337434;113.5092231853739,0.12134372933461283;-0.095428509183471039;-0.98409855288864567;0.080273405135079134;-0.02996686632373664;0.019424328544817671;-0.15240630173241695;0.94904923967042332;-0.10330059801180343;0.14714340276437732;0.011781852385680745;-0.20884648261564007;0.94460052501497793;0.18930001705483832;0.089292302820691727;-0.17473655973658325;-0.18260550614742721;-0.0066783349354196594;-0.19491689022868322;0.087417389232981743;-0.11162655871588302;-0.96545798673782079;-0.045173584437466809;-0.088064410891938782;0.17043231343421908;0.033004360174341406;-0.017770628362291502;-0.078408924245313413;0.98092312510410484;0.03449067626536402;0.052326848996319709;-0.2136196529540792;0.011385318033074415;0.055812638221202325;0.036980723448953562;-0.97314762229949614
3005,2,1.2962525253291133;2.5235330049934706;5.7267270987873369;8.5350744892833372;85.685168349238239;115.26843882256053,0.12659705318503184;-0.088803228408016022;-0.98441584411481298;0.074509326432128042;-0.034143363829607865;0.017181664236328876;-0.14496516467432102;0.9497715833979391;-0.096187630375235006;0.16085163027001964;0.013888718461481851;-0.20396283166913109;0.94231392799243274;0.18675040330829934;0.095831298410538002;-0.19145907062773904;-0.17680179879454005;-0.0083461630698022978;-0.2102709323594999;0.1019365253343076;-0.10960526304876464;-0.96202884693663704;-0.026652409704439408;-0.084687146829713705;0.16793662178964236;0.029986340549275563;-0.019097607868257031;-0.062673204490769796;0.98204993931384421;0.046726629972526121;0.050854442616497367;-0.20948025453847333;0.010569557662898518;0.049910967623291155;0.04743441682506426;-0.97400154234315561
3006,2,1.3606182477505027;2.512976050197079;5.5434892456668807;8.6702539234234965;81.92176151694575;113.874672152301,0.15995754944556437;-0.096886345956613107;-0.98031915046091311;0.043413085764946707;-0.04043592452340139;0.021936763080339587;-0.1271375376511015;0.95168155774907737;-0.11329982288807965;0.14550025911010589;0.0058986478370931274;-0.20999116611519739;0.94261231054954142;0.16935977548574827;0.13669276937938937;-0.17598114528360631;-0.1820147242517372;-0.0039575127920746175;-0.1929966129086467;0.085399807791622803;-0.083453887985948591;-0.96520132876319886;-0.046855611989761861;-0.12118405585633996;0.1720129285105394;0.029816312015584261;-0.018567923048286476;-0.079476029200908405;0.98116217765074587;0.013494966720730389;0.053810042992528999;-0.21920395849944288;0.011970003601460484;0.089697105996453849;0.01805865138673364;-0.96981397038352224
3007,2,1.343390809535707;2.5006118408069309;5.6391685559376183;9.1706539224457053;85.44220422584975;114.68949984443158,0.13368767114363306;-0.12541448648202869;-0.9811170256091104;0.046908526486701872;-0.034134093352593847;0.021039226183878119;-0.15824348132318419;0.94405766933942037;-0.14085597851214643;0.14089165332764692;0.025481635615460629;-0.20826410916547589;0.94324274985515932;0.19923109725642277;0.10094486663457942;-0.16717742141750402;-0.17937752652242053;-0.016900632494036689;-0.19161758951059857;0.081690845566377984;-0.082997753962360421;-0.96898860032206779;-0.052030231883025302;-0.089858919390792491;0.16641393804666424;0.033156145258086515;-0.017806070656751716;-0.089806359100490674;0.97666201735214031;0.094636868238300711;0.054486903587345807;-0.21344921927743638;0.013169129144163775;0.054742599907544258;0.09712575213557724;-0.96895150456168921
3008,0,0;0;0;0;0;0,1;0;0;0;0;0;0;1;0;0;0;0;0;0;1;0;0;0;0;0;0;1;0;0;0;0;0;0;1;0;0;0;0;0;0;1
3009,0,0;0;0;0;0;0,1;0;0;0;0;0;0;1;0;0;0;0;0;0;1;0;0;0;0;0;0;1;0;0;0;0;0;0;1;0;0;0;0;0;0;1
3010,0,0;0;0;0;0;0,1;0;0;0;0;0;0;1;0;0;0;0;0;0;1;0;0;0;0;0;0;1;0;0;0;0;0;0;1;0;0;0;0;0;0;1
3011,0,0;0;0;0;0;0,1;0;0;0;0;0;0;1;0;0;0;0;0;0;1;0;0;0;0;0;0;1;0;0;0;0;0;0;1;0;0;0;0;0;0;1
3012,0,0;0;0;0;0;0,1;0;0;0;0;0;0;1;0;0;0;0;0;0;1;0;0;0;0;0;0;1;0;0;0;0;0;0;1;0;0;0;0;0;0;1
3013,0,0;0;0;0;0;0,1;0;0;0;0;0;0;1;0;0;0;0;0;0;1;0;0;0;0;0;0;1;0;0;0;0;0;0;1;0;0;0;0;0;0;1
3014,0,0;0;0;0;0;0,1;0;0;0;0;0;0;1;0;0;0;0;0;0;1;0;0;0;0;0;0;1;0;0;0;0;0;0;1;0;0;0;0;0;0;1
3015,2,1.2437140107037308;2.3412720779461238;5.6284661699849332;8.8696222833708447;117.57152925888761;146.38778633304869,0.25869683488506923;0.12168451438404784;-0.95679830386262077;-0.015364567801988032;-0.048045720686687485;0.016166975138619925;-0.10424226143292376;-0.96177640854229662;-0.15622844956991797;0.072290563169062225;0.029201834471036373;-0.18339490120512347;0.93218841767613225;-0.15253177359195624;0.24213920291271285;-0.16649915086740719;-0.14418907681422541;-0.024798413176051703;-0.1683181581844112;0.0060389287974148111;-0.033699745821174819;-0.94400179795468164;-0.012699812698720322;-0.2814181520650742;0.14075124230281466;-0.015565221938963928;-0.0094840834541744454;-0.078124788471360826;0.97757102260563833;0.13456699820279691;0.071360618816593169;0.19140097225579239;0.016512509682368275;0.26376724621913106;0.14227432035989096;-0.93176473667645709
3016,2,1.2670486273913673;2.3430837807112197;5.6068747567270307;8.7404295669932424;123.82262398267966;155.10179511222276,0.2586174197565374;0.11807307194552993;-0.95727738571734511;0.023574027293113177;-0.044631298990229232;0.015751160643273775;-0.11333945721528126;-0.96247748978343428;-0.15510640092035569;-0.065753550087573706;0.026217911730408418;-0.17810767879918954;0.93228235636189882;-0.15919663198450099;0.2424323171510929;0.16061907899708902;-0.14261544639479465;-0.024391758722735114;-0.1638574416564324;0.010477109576390697;-0.023836414628206213;0.94488662514282262;-0.01095225733788989;-0.28203210457644046;0.13897545858790022;-0.017691595179681698;-0.006318489437612612;0.074105318170951687;0.97882477478561514;0.12939616743234209;0.070408567497233607;0.18419962361861147;0.013434463790939571;-0.26649561871666777;0.13698033081303401;-0.93335369589431161
3017,0,0;0;0;0;0;0,1;0;0;0;0;0;0;1;0;0;0;0;0;0;1;0;0;0;0;0;0;1;0;0;0;0;0;0;1;0;0;0;0;0;0;1
3018,0,0;0;0;0;0;0,1;0;0;0;0;0;0;1;0;0;0;0;0;0;1;0;0;0;0;0;0;1;0;0;0;0;0;0;1;0;0;0;0;0;0;1
3019,0,0;0;0;0;0;0,1;0;0;0;0;0;0;1;0;0;0;0;0;0;1;0;0;0;0;0;0;1;0;0;0;0;0;0;1;0;0;0;0;0;0;1
3020,0,0;0;0;0;0;0,1;0;0;0;0;0;0;1;0;0;0;0;0;0;1;0;0;0;0;0;0;1;0;0;0;0;0;0;1;0;0;0;0;0;0;1
3021,0,0;0;0;0;0;0,1;0;0;0;0;0;0;1;0;0;0;0;0;0;1;0;0;0;0;0;0;1;0;0;0;0;0;0;1;0;0;0;0;0;0;1
3022,0,0;0;0;0;0;0,1;0;0;0;0;0;0;1;0;0;0;0;0;0;1;0;0;0;0;0;0;1;0;0;0;0;0;0;1;0;0;0;0;0;0;1
3023,0,0;0;0;0;0;0,1;0;0;0;0;0;0;1;0;0;0;0;0;0;1;0;0;0;0;0;0;1;0;0;0;0;0;0;1;0;0;0;0;0;0;1
3024,0,0;0;0;0;0;0,1;0;0;0;0;0;0;1;0;0;0;0;0;0;1;0;0;0;0;0;0;1;0;0;0;0;0;0;1;0;0;0;0;0;0;1
3025,0,0;0;0;0;0;0,1;0;0;0;0;0;0;1;0;0;0;0;0;0;1;0;0;0;0;0;0;1;0;0;0;0;0;0;1;0;0;0;0;0;0;1
3026,0,0;0;0;0;0;0,1;0;0;0;0;0;0;1;0;0;0;0;0;0;1;0;0;0;0;0;0;1;0;0;0;0;0;0;1;0;0;0;0;0;0;1
3027,0,0;0;0;0;0;0,1;0;0;0;0;0;0;1;0;0;0;0;0;0;1;0;0;0;0;0;0;1;0;0;0;0;0;0;1;0;0;0;0;0;0;1
3028,0,0;0;0;0;0;0,1;0;0;0;0;0;0;1;0;0;0;0;0;0;1;0;0;0;0;0;0;1;0;0;0;0;0;0;1;0;0;0;0;0;0;1
3029,0,0;0;0;0;0;0,1;0;0;0;0;0;0;1;0;0;0;0;0;0;1;0;0;0;0;0;0;1;0;0;0;0;0;0;1;0;0;0;0;0;0;1
3030,0,0;0;0;0;0;0,1;0;0;0;0;0;0;1;0;0;0;0;0;0;1;0;0;0;0;0;0;1;0;0;0;0;0;0;1;0;0;0;0;0;0;1
3031,0,0;0;0;0;0;0,1;0;0;0;0;0;0;1;0;0;0;0;0;0;1;0;0;0;0;0;0;1;0;0;0;0;0;0;1;0;0;0;0;0;0;1
3032,0,0;0;0;0;0;0,1;0;0;0;0;0;0;1;0;0;0;0;0;0;1;0;0;0;0;0;0;1;0;0;0;0;0;0;1;0;0;0;0;0;0;1
3033,0,0;0;0;0;0;0,1;0;0;0;0;0;0;1;0;0;0;0;0;0;1;0;0;0;0;0;0;1;0;0;0;0;0;0;1;0;0;0;0;0;0;1
3034,0,0;0;0;0;0;0,1;0;0;0;0;0;0;1;0;0;0;0;0;0;1;0;0;0;0;0;0;1;0;0;0;0;0;0;1;0;0;0;0;0;0;1
3035,0,0;0;0;0;0;0,1;0;0;0;0;0;0;1;0;0;0;0;0;0;1;0;0;0;0;0;0;1;0;0;0;0;0;0;1;0;0;0;0;0;0;1
3036,0,0;0;0;0;0;0,1;0;0;0;0;0;0;1;0;0;0;0;0;0;1;0;0;0;0;0;0;1;0;0;0;0;0;0;1;0;0;0;0;0;0;1
3037,0,0;0;0;0;0;0,1;0;0;0;0;0;0;1;0;0;0;0;0;0;1;0;0;0;0;0;0;1;0;0;0;0;0;0;1;0;0;0;0;0;0;1
3038,0,0;0;0;0;0;0,1;0;0;0;0;0;0;1;0;0;0;0;0;0;1;0;0;0;0;0;0;1;0;0;0;0;0;0;1;0;0;0;0;0;0;1
3039,0,0;0;0;0;0;0,1;0;0;0;0;0;0;1;0;0;0;0;0;0;1;0;0;0;0;0;0;1;0;0;0;0;0;0;1;0;0;0;0;0;0;1
3040,2,2.9362306527016533;4.7766694787690396;6.3325446616617498;9.7998804357685945;66.928054301135106;78.978303982372296,-0.46815536196095087;0.67096789534491685;-0.41957569295172892;0.39019879043846289;-0.036741859238056528;0.031365874573999475;0.21383082686812505;-0.23931332803301322;-0.89750808698627138;-0.28419937801179795;0.078465720863573341;-0.067517305100009306;-0.67203723524322168;-0.67387815565818299;-0.067232647725505995;0.28321713895034151;-0.042619999273496717;-0.087781232162126591;0.38304434045193592;-0.072605785514227847;-0.018547168319611684;0.64503385153987791;0.43595373394064196;-0.49146424888873708;-0.040294042490739493;-0.065696886659020237;-0.0048598076998889531;0.069935447757840247;0.70809513931634505;0.69838885895728831;-0.36759531060970912;0.16979918952125689;0.11639427638239819;-0.51556186165909546;0.5470121732016533;-0.50741299200247691
3041,2,2.9576870754833258;4.8920565096876309;6.4493573378672373;9.672289906711983;62.90754815609187;74.404995855800792,0.47852362240385232;0.67938105044265273;-0.41739124055821425;0.36465797922618864;-0.017058680918212974;0.044436955321118611;-0.22375751841362895;-0.16637467493481517;-0.87483056816902649;-0.38749542958378747;0.051067017244370849;-0.064521076341038555;0.64464429366952847;-0.69175286288475979;-0.15240919710757586;0.27511850868821425;-0.043031948168870293;-0.07170220067084461;-0.39222964841231583;-0.064381071520963742;-0.095279335732816259;0.61219899674298794;0.36275509818542562;-0.57144899671435079;0.031504759085732283;-0.062603703440936298;-0.0061582830122746974;0.039421992018674482;0.82828015509907382;0.55448011076602555;0.38800103537939873;0.15548210982554478;0.16766451524401577;-0.51462603057723455;0.42143817577602294;-0.59558293549059838
3042,0,0;0;0;0;0;0,1;0;0;0;0;0;0;1;0;0;0;0;0;0;1;0;0;0;0;0;0;1;0;0;0;0;0;0;1;0;0;0;0;0;0;1
3043,0,0;0;0;0;0;0,1;0;0;0;0;0;0;1;0;0;0;0;0;0;1;0;0;0;0;0;0;1;0;0;0;0;0;0;1;0;0;0;0;0;0;1
3044,0,0;0;0;0;0;0,1;0;0;0;0;0;0;1;0;0;0;0;0;0;1;0;0;0;0;0;0;1;0;0;0;0;0;0;1;0;0;0;0;0;0;1
3045,2,3.393059876266951;5.1184475033146706;6.7148035185826904;8.4893316432397476;59.464066114712566;72.610509087002768,-0.47249805350765223;-0.61284361171269963;0.57179237393808413;0.26606297441306098;-0.017597910542922229;0.055880097634689881;0.2383800750661193;0.037085204361922849;0.59386554143136405;-0.76748198397859668;-0.0092441585819680819;-0.003048922715795415;-0.50094936379789712;0.77388868788113907;0.35058938358633446;0.15298948389591774;0.026052841517761334;-0.056112254122923769;0.4690018619926119;0.056346553544692056;0.30929657736077099;0.39509078473576198;-0.41593780337422415;-0.59337758815539665;0.017654905150513194;0.075881341894734916;0.0039981550309979618;0.019497207400224328;-0.79881993957574726;0.59617187460708065;-0.49869411659355195;-0.12333199838592585;-0.31903593200844549;-0.40037388332967583;-0.43336884565680317;-0.53497819347915343
3046,0,0;0;0;0;0;0,1;0;0;0;0;0;0;1;0;0;0;0;0;0;1;0;0;0;0;0;0;1;0;0;0;0;0;0;1;0;0;0;0;0;0;1
3047,2,3.2935739933876182;5.2604691978157589;6.7386649327504653;8.4342238110158974;60.325136390818834;73.64936407071508,0.54647423215581259;-0.63889793711435272;0.44452667523750605;-0.29684699385821101;-0.050073917939113297;0.070326662956511632;-0.20261791935117537;-0.04640943940582936;0.66036123834959215;0.72088644323352258;0.011774365852363071;0.029987961720108917;0.49429849560616906;0.76188878921812631;0.38422544081566712;-0.16261716314414504;0.0014101467329789006;-0.033450717068009402;-0.43861043822061963;0.0038661601539069002;0.3351596876368404;-0.39778991668906982;-0.3813827053254793;-0.6257669968381816;-0.049684576782660771;0.06777351315383974;-0.020489925727389075;0.00059846448203144248;-0.83991205658775958;0.53578515818113503;0.47024803657520825;-0.067622972940039036;-0.32548122410447877;0.45554701236116368;-0.38268387451567826;-0.56070122355658258
3048,0,0;0;0;0;0;0,1;0;0;0;0;0;0;1;0;0;0;0;0;0;1;0;0;0;0;0;0;1;0;0;0;0;0;0;1;0;0;0;0;0;0;1
3049,0,0;0;0;0;0;0,1;0;0;0;0;0;0;1;0;0;0;0;0;0;1;0;0;0;0;0;0;1;0;0;0;0;0;0;1;0;0;0;0;0;0;1
3050,0,0;0;0;0;0;0,1;0;0;0;0;0;0;1;0;0;0;0;0;0;1;0;0;0;0;0;0;1;0;0;0;0;0;0;1;0;0;0;0;0;0;1
3051,2,3.5313275015953449;5.4170332752198256;6.2211219565545006;8.0660393331736699;61.19392089457169;73.245335767678114,0.53295227011850832;-0.68275208050047542;-0.42073492568701476;0.2523752300091831;-0.060243112282603539;0.073966934202121401;-0.21252323508138538;-0.13738667433452703;-0.52526850155459281;-0.80909410524110414;0.035210998785763864;0.064642802917566022;0.46534990714871438;0.71280755923134842;-0.51644715353276438;0.089950485747148479;-0.0057739694840489211;-0.022644125451981214;-0.46675933760438676;-0.040725024218866222;-0.39017401733705304;0.31679586496637407;-0.37768974514153636;-0.62067081912369659;-0.07190553012504862;0.068462182447610667;0.015784700747070876;0.0046067864639273729;-0.83071939397039873;0.54751934535156055;0.48084356264725442;-0.023114579102838442;0.35759270211657079;-0.41617489077843628;-0.40293096078582513;-0.55211207649564564
3052,0,0;0;0;0;0;0,1;0;0;0;0;0;0;1;0;0;0;0;0;0;1;0;0;0;0;0;0;1;0;0;0;0;0;0;1;0;0;0;0;0;0;1
3053,0,0;0;0;0;0;0,1;0;0;0;0;0;0;1;0;0;0;0;0;0;1;0;0;0;0;0;0;1;0;0;0;0;0;0;1;0;0;0;0;0;0;1
3054,0,0;0;0;0;0;0,1;0;0;0;0;0;0;1;0;0;0;0;0;0;1;0;0;0;0;0;0;1;0;0;0;0;0;0;1;0;0;0;0;0;0;1
3055,0,0;0;0;0;0;0,1;0;0;0;0;0;0;1;0;0;0;0;0;0;1;0;0;0;0;0;0;1;0;0;0;0;0;0;1;0;0;0;0;0;0;1
3056,0,0;0;0;0;0;0,1;0;0;0;0;0;0;1;0;0;0;0;0;0;1;0;0;0;0;0;0;1;0;0;0;0;0;0;1;0;0;0;0;0;0;1
3057,2,3.2032971699300368;5.2436860708267421;6.5735748769605635;7.9372908357633776;59.069606752472204;76.243147076210448,-0.59798740253295413;-0.62698196031051612;0.30833940496337531;0.38173917984267769;-0.075902386843486741;0.052397761864468442;0.12831512703245279;-0.15228026347908344;0.72747059417841431;-0.64612842309590846;0.030456537934583326;0.11279602962748718;-0.44836073798918497;0.76007003350947278;0.42310377735501947;0.20416266825173529;-0.013879344561288712;-0.019348257427902214;0.41732059975022323;-0.059271878899123082;0.34255814998715711;0.34404925707437417;-0.18870887555053517;-0.74229599505068178;0.11309698275411929;0.048947985738174493;0.0033408618498696734;0.024781266477991171;-0.94169005785755355;0.31210211404310362;-0.48782325972872359;-0.0094247559530122246;-0.28167231326477066;-0.52547774631404087;-0.26594620881625752;-0.57943602004700834
3058,2,3.2954450660747288;5.0421799500240212;6.1311553505166412;8.0573681956452052;63.379457926907008;83.445174298458724,-0.63920411759583806;0.60137512707514129;0.30465783356177717;0.35516998970015862;-0.089043104941898918;0.05362145943578267;0.17365303123806791;0.18517538466664207;0.72249739415700376;-0.63017984092077928;0.036416618318888365;0.12287967732301339;-0.41408350400865501;-0.77159138399117488;0.45059186753079494;0.172344154932661;-0.017014943649807858;-0.012511623665614367;0.38654609090644576;0.077274030895575302;0.3267916844615526;0.34380408754206249;-0.21884950819938639;-0.75612279483634992;0.11728169704236489;-0.049044071314689221;-0.0091302584374886222;0.017689132453332704;-0.93526173772926058;0.32974065190888835;-0.4760511481364999;-0.01811554077393461;-0.27435728922071617;-0.57315877621861056;-0.26047268909742904;-0.54901566905670984
3059,0,0;0;0;0;0;0,1;0;0;0;0;0;0;1;0;0;0;0;0;0;1;0;0;0;0;0;0;1;0;0;0;0;0;0;1;0;0;0;0;0;0;1
3060,2,2.7875884618128746;5.0162869033646622;5.8366907199571356;8.1684719765791503;70.251053879946525;89.487425196420361,-0.67022579290222251;0.6114181672976281;-0.021009966639211442;0.4005631077842946;-0.11183984873983197;0.05970625967899363;0.12759294327399195;0.39734849971519032;0.82169085774182304;-0.35751775309029488;0.049102168491841;0.14292787754297739;-0.47756869484056769;-0.67234345937528928;0.50884388924940938;0.24318039392673632;-0.042109898910051;-0.007096699268152205;0.34681243540084378;0.11729904142201122;0.23166614485744685;0.45876844208045209;-0.23259272037461787;-0.74008446128770411;0.12617643908479684;-0.049040723987579679;-0.0075732155602550996;-0.024239317834973035;-0.93468474471559382;0.32771030420719693;-0.41260902793656851;-0.0084976102533104239;-0.10832384645971428;-0.66448289740147704;-0.23573849096343288;-0.56642507705134082
3061,0,0;0;0;0;0;0,1;0;0;0;0;0;0;1;0;0;0;0;0;0;1;0;0;0;0;0;0;1;0;0;0;0;0;0;1;0;0;0;0;0;0;1
3062,2,2.8481227115247401;4.9134302306254654;6.2943033395766106;8.8427374564512746;66.845860923274742;84.718593232920057,-0.66619465329383387;-0.61925793840062415;0.041303897963329637;0.39739791692642029;-0.096031090993318496;0.062058060304266985;0.11056253647179141;-0.26358612378789525;0.88998983381969798;-0.32662010583444884;0.048591906226207314;0.13105155354660847;-0.46934639799687189;0.72990004758702398;0.39066464098954751;0.30506610641827731;-0.031365130267125223;-0.017085573401251081;0.35305594657929151;-0.1071813473611042;0.21475507356538495;0.45753794600094938;-0.24983090776446784;-0.73890964348531762;0.11905567943525137;0.048800010164621856;-0.0039923151817999603;-0.003407174653116967;-0.92438107851551343;0.35907712049782814;-0.4299439636955098;0.020459701672642053;-0.086357059865100783;-0.65800934030767666;-0.26558844858792491;-0.55114293150255667
3063,0,0;0;0;0;0;0,1;0;0;0;0;0;0;1;0;0;0;0;0;0;1;0;0;0;0;0;0;1;0;0;0;0;0;0;1;0;0;0;0;0;0;1
3064,0,0;0;0;0;0;0,1;0;0;0;0;0;0;1;0;0;0;0;0;0;1;0;0;0;0;0;0;1;0;0;0;0;0;0;1;0;0;0;0;0;0;1
3065,2,2.8884372726244756;4.9428219501349702;5.9905889982694136;9.188772813244821;68.322027367920825;88.384500568010949,-0.605193226454392;-0.68364600281966548;-0.22773463710380884;0.31727162588202407;-0.091194550288665868;0.074353923591422066;0.12416009995726736;-0.46492122971559136;0.8456145841467323;-0.17122048197253587;0.067718262122761261;0.13952160529773955;-0.60644929717930462;0.54589560537749193;0.46352758897218432;0.34296878288950206;-0.040362543021259405;-0.010133672880748967;0.38447561785905565;-0.11631315237898207;0.12660188577350359;0.65104442618849545;-0.21482615530302582;-0.59381191508824382;0.12103050186354126;0.054590490429414149;0.018991451163958221;0.0071046924115731047;-0.90374239124273659;0.40646037245052574;-0.29677397977856773;-0.044334072182893175;0.042736070297335463;-0.57313641866591747;-0.35009722844112778;-0.67607684437662929
3066,2,3.26470059811323;4.8647240885266214;6.2028358356176785;8.9384818107833333;63.425678722160498;76.889703092774496,0.53828398057973581;0.76568433390400215;-0.11947023798570768;0.31729092014332488;-0.049446409916834563;0.081155676583936118;-0.14059548011457162;0.32117120059913562;0.9022818932362634;-0.21196528801452352;0.079863744427139213;0.10799006907139305;0.61201885164652392;-0.54185645437402263;0.39099244548636086;0.42221037689119789;-0.0056284669757758737;-0.025615106089439652;-0.4687612995797098;0.10825351489757278;0.12667671836824587;0.66789450079805102;-0.25412502245360136;-0.49176665027103555;-0.093587906571320378;-0.065339879871633463;0.02441331134155177;0.053093632397568369;-0.81022719391524323;0.57191691224369501;0.29566930887699222;0.031305274053879756;0.045783776591829702;-0.47669024357487161;-0.51970907480541839;-0.64200652228075472
3067,0,0;0;0;0;0;0,1;0;0;0;0;0;0;1;0;0;0;0;0;0;1;0;0;0;0;0;0;1;0;0;0;0;0;0;1;0;0;0;0;0;0;1
3068,0,0;0;0;0;0;0,1;0;0;0;0;0;0;1;0;0;0;0;0;0;1;0;0;0;0;0;0;1;0;0;0;0;0;0;1;0;0;0;0;0;0;1
3069,0,0;0;0;0;0;0,1;0;0;0;0;0;0;1;0;0;0;0;0;0;1;0;0;0;0;0;0;1;0;0;0;0;0;0;1;0;0;0;0;0;0;1
3070,0,0;0;0;0;0;0,1;0;0;0;0;0;0;1;0;0;0;0;0;0;1;0;0;0;0;0;0;1;0;0;0;0;0;0;1;0;0;0;0;0;0;1
3071,0,0;0;0;0;0;0,1;0;0;0;0;0;0;1;0;0;0;0;0;0;1;0;0;0;0;0;0;1;0;0;0;0;0;0;1;0;0;0;0;0;0;1
3072,0,0;0;0;0;0;0,1;0;0;0;0;0;0;1;0;0;0;0;0;0;1;0;0;0;0;0;0;1;0;0;0;0;0;0;1;0;0;0;0;0;0;1
3073,0,0;0;0;0;0;0,1;0;0;0;0;0;0;1;0;0;0;0;0;0;1;0;0;0;0;0;0;1;0;0;0;0;0;0;1;0;0;0;0;0;0;1
3074,0,0;0;0;0;0;0,1;0;0;0;0;0;0;1;0;0;0;0;0;0;1;0;0;0;0;0;0;1;0;0;0;0;0;0;1;0;0;0;0;0;0;1
3075,0,0;0;0;0;0;0,1;0;0;0;0;0;0;1;0;0;0;0;0;0;1;0;0;0;0;0;0;1;0;0;0;0;0;0;1;0;0;0;0;0;0;1
3076,0,0;0;0;0;0;0,1;0;0;0;0;0;0;1;0;0;0;0;0;0;1;0;0;0;0;0;0;1;0;0;0;0;0;0;1;0;0;0;0;0;0;1
3077,0,0;0;0;0;0;0,1;0;0;0;0;0;0;1;0;0;0;0;0;0;1;0;0;0;0;0;0;1;0;0;0;0;0;0;1;0;0;0;0;0;0;1
3078,1,2.5739406218787613;5.6715773167458963;6.8333979720316957;10.059623878095698;56.816090402132879;57.794479970030253,0.0021380674422524434;0.47887709049947613;-0.86854648342158791;0.097714450791229701;-0.075818068226571347;-0.031665022269397401;-0.032851804986394978;-0.86748567805059384;-0.48898561989215383;-0.029454722025724724;0.079478811121053386;0.009897411686634227;-0.93227787894635172;0.006676948292663255;0.033060098975371183;0.32552080865516908;-0.0076053432866140108;0.15394403700859899;0.34784137264510689;-0.068506350188458243;0.055488205236666095;0.91783893723976362;0.057711449073356826;0.15961012647157491;-0.092588705198860921;-0.023401437534853794;0.034343400994547489;0.19299103220540625;0.10988642986567887;-0.96973175116559684;-0.014417182457265825;0.11340194724304387;-0.034186099779867883;-0.062822411322021848;0.98613957381493256;0.096672329986978556
3079,1,2.7082180161008855;5.9926135304034833;6.7554111804689043;10.779573125880001;53.693895176529352;57.987305924875656,-0.017858301860153948;0.64342614671188747;-0.75831534103784992;0.059593709274610773;-0.045631519693283315;0.070767736675607207;0.043711382584852666;-0.75708263148868016;-0.6493914411966365;-0.001384124536688455;0.01171615460692694;-0.055378480944721892;0.93456876858934146;0.032774350269578305;0.024715321635944688;0.32321906616146651;0.14127622716586041;0.021602650895897753;-0.34369696727928523;-0.043255859900445448;0.030714803455989394;0.92050206872619689;0.17625812069065155;-0.025825229473265578;0.078424223662768022;-0.022246972142780309;0.032163978039700156;0.20310641051428258;-0.95070080796525569;-0.21733833447472001;0.0085818815249286643;0.096894414724618669;-0.025687193092240043;-0.058308119183055521;0.20717763487958202;-0.97136789254058842
3080,1,2.6975183683605746;5.8514432399733254;6.6334555491105931;11.304027041854651;51.808607383236691;55.640827812699214,-0.0052816860870920669;0.96874911784354034;0.21054195019925495;0.079779761680854433;-0.037693274780338279;0.096869728698982749;0.031406880063444512;-0.20960511657288772;0.97707995887199228;-0.0119140929845119;0.00019035347994791766;-0.015876873614210883;0.92518436842732199;-0.012714118173319544;-0.028190438881106936;0.35407648672630582;0.1330655377639865;-0.00096900961804461533;-0.37453964702324083;-0.064505937414898878;0.0082309832912820634;0.90073034925499962;0.20251821228629899;-0.056236103913030099;0.049911299025483663;-0.047165581648229649;-0.0098710459985856848;0.23068331495602604;-0.96796823625053485;-0.07077806439281889;0.015764235845421574;0.10508846239674906;0.0051916950645667535;-0.059942736790399138;0.053820170604129858;-0.99105560277104188
3081,1,2.617638352738191;5.7103134839597383;6.4517087769111665;11.511851440304406;50.978522463544451;56.951435859141974,0.011135141597004907;0.95590558501794598;0.25885472655942621;0.08293548032678226;-0.025889910510084338;0.10754613116102546;0.02958287035218108;-0.25979664257248769;0.9651128369780787;-0.0070723865806079722;-0.0011658783700547828;-0.011678709928526414;0.92558449144176125;-0.027210717701879709;-0.033128048870576535;0.35211323257651317;0.13142243539758661;-0.014137656855304905;-0.37461044328352466;-0.057919454875546811;0.0016621470088702048;0.8943126569332629;0.22131954735163351;-0.086787783738252161;0.0389273695681173;-0.046920410564451336;-0.012934826533816144;0.253705855573301;-0.96513629945768531;0.016158203812783017;0.021116043361975236;0.11159572438536325;0.016849401943667529;-0.070186675318936562;-0.039825596853866857;-0.99010320528149509
3082,0,0;0;0;0;0;0,1;0;0;0;0;0;0;1;0;0;0;0;0;0;1;0;0;0;0;0;0;1;0;0;0;0;0;0;1;0;0;0;0;0;0;1
3083,1,2.6222859143316133;6.1641332689786417;6.4956734221259618;12.246166857811025;48.41605588220925;56.854478438266732,0.0094589408108181599;0.97619445192834797;0.18898685378143126;0.048517755770991107;-0.040822451299432141;0.084961428929234487;0.027877719436840781;-0.19100806095607892;0.98106259921922134;-0.0086645112659931873;-0.0020517143438467701;0.013253170745076962;0.9249385357222325;-0.016918422199036214;-0.026125637824469843;0.36111212070722171;0.11452160868969909;-0.0016615041461754652;-0.37591836741416934;-0.032028806797088395;0.013613190581413514;0.90869052465459321;0.16834274931269597;-0.058450549824758447;0.044699713965784905;-0.040962510750012449;-0.0083235964224622361;0.19177128002107727;-0.97502784837026535;-0.093804035566472516;0.017589284971041778;0.087007516414479763;0.029376782398289104;-0.068368826667112359;0.078711706483682198;-0.99014518359688219
3084,0,0;0;0;0;0;0,1;0;0;0;0;0;0;1;0;0;0;0;0;0;1;0;0;0;0;0;0;1;0;0;0;0;0;0;1;0;0;0;0;0;0;1
3085,0,0;0;0;0;0;0,1;0;0;0;0;0;0;1;0;0;0;0;0;0;1;0;0;0;0;0;0;1;0;0;0;0;0;0;1;0;0;0;0;0;0;1
3086,0,0;0;0;0;0;0,1;0;0;0;0;0;0;1;0;0;0;0;0;0;1;0;0;0;0;0;0;1;0;0;0;0;0;0;1;0;0;0;0;0;0;1
3087,0,0;0;0;0;0;0,1;0;0;0;0;0;0;1;0;0;0;0;0;0;1;0;0;0;0;0;0;1;0;0;0;0;0;0;1;0;0;0;0;0;0;1
3088,0,0;0;0;0;0;0,1;0;0;0;0;0;0;1;0;0;0;0;0;0;1;0;0;0;0;0;0;1;0;0;0;0;0;0;1;0;0;0;0;0;0;1
3089,0,0;0;0;0;0;0,1;0;0;0;0;0;0;1;0;0;0;0;0;0;1;0;0;0;0;0;0;1;0;0;0;0;0;0;1;0;0;0;0;0;0;1
3090,0,0;0;0;0;0;0,1;0;0;0;0;0;0;1;0;0;0;0;0;0;1;0;0;0;0;0;0;1;0;0;0;0;0;0;1;0;0;0;0;0;0;1
3091,0,0;0;0;0;0;0,1;0;0;0;0;0;0;1;0;0;0;0;0;0;1;0;0;0;0;0;0;1;0;0;0;0;0;0;1;0;0;0;0;0;0;1
3092,0,0;0;0;0;0;0,1;0;0;0;0;0;0;1;0;0;0;0;0;0;1;0;0;0;0;0;0;1;0;0;0;0;0;0;1;0;0;0;0;0;0;1
3093,0,0;0;0;0;0;0,1;0;0;0;0;0;0;1;0;0;0;0;0;0;1;0;0;0;0;0;0;1;0;0;0;0;0;0;1;0;0;0;0;0;0;1
3094,0,0;0;0;0;0;0,1;0;0;0;0;0;0;1;0;0;0;0;0;0;1;0;0;0;0;0;0;1;0;0;0;0;0;0;1;0;0;0;0;0;0;1
3095,0,0;0;0;0;0;0,1;0;0;0;0;0;0;1;0;0;0;0;0;0;1;0;0;0;0;0;0;1;0;0;0;0;0;0;1;0;0;0;0;0;0;1
3096,0,0;0;0;0;0;0,1;0;0;0;0;0;0;1;0;0;0;0;0;0;1;0;0;0;0;0;0;1;0;0;0;0;0;0;1;0;0;0;0;0;0;1
3097,0,0;0;0;0;0;0,1;0;0;0;0;0;0;1;0;0;0;0;0;0;1;0;0;0;0;0;0;1;0;0;0;0;0;0;1;0;0;0;0;0;0;1
3098,0,0;0;0;0;0;0,1;0;0;0;0;0;0;1;0;0;0;0;0;0;1;0;0;0;0;0;0;1;0;0;0;0;0;0;1;0;0;0;0;0;0;1
3099,0,0;0;0;0;0;0,1;0;0;0;0;0;0;1;0;0;0;0;0;0;1;0;0;0;0;0;0;1;0;0;0;0;0;0;1;0;0;0;0;0;0;1
3100,0,0;0;0;0;0;0,1;0;0;0;0;0;0;1;0;0;0;0;0;0;1;0;0;0;0;0;0;1;0;0;0;0;0;0;1;0;0;0;0;0;0;1
3101,0,0;0;0;0;0;0,1;0;0;0;0;0;0;1;0;0;0;0;0;0;1;0;0;0;0;0;0;1;0;0;0;0;0;0;1;0;0;0;0;0;0;1
3102,0,0;0;0;0;0;0,1;0;0;0;0;0;0;1;0;0;0;0;0;0;1;0;0;0;0;0;0;1;0;0;0;0;0;0;1;0;0;0;0;0;0;1
3103,0,0;0;0;0;0;0,1;0;0;0;0;0;0;1;0;0;0;0;0;0;1;0;0;0;0;0;0;1;0;0;0;0;0;0;1;0;0;0;0;0;0;1
3104,0,0;0;0;0;0;0,1;0;0;0;0;0;0;1;0;0;0;0;0;0;1;0;0;0;0;0;0;1;0;0;0;0;0;0;1;0;0;0;0;0;0;1
3105,0,0;0;0;0;0;0,1;0;0;0;0;0;0;1;0;0;0;0;0;0;1;0;0;0;0;0;0;1;0;0;0;0;0;0;1;0;0;0;0;0;0;1
3106,0,0;0;0;0;0;0,1;0;0;0;0;0;0;1;0;0;0;0;0;0;1;0;0;0;0;0;0;1;0;0;0;0;0;0;1;0;0;0;0;0;0;1
3107,0,0;0;0;0;0;0,1;0;0;0;0;0;0;1;0;0;0;0;0;0;1;0;0;0;0;0;0;1;0;0;0;0;0;0;1;0;0;0;0;0;0;1
3108,0,0;0;0;0;0;0,1;0;0;0;0;0;0;1;0;0;0;0;0;0;1;0;0;0;0;0;0;1;0;0;0;0;0;0;1;0;0;0;0;0;0;1
3109,0,0;0;0;0;0;0,1;0;0;0;0;0;0;1;0;0;0;0;0;0;1;0;0;0;0;0;0;1;0;0;0;0;0;0;1;0;0;0;0;0;0;1
3110,0,0;0;0;0;0;0,1;0;0;0;0;0;0;1;0;0;0;0;0;0;1;0;0;0;0;0;0;1;0;0;0;0;0;0;1;0;0;0;0;0;0;1
3111,0,0;0;0;0;0;0,1;0;0;0;0;0;0;1;0;0;0;0;0;0;1;0;0;0;0;0;0;1;0;0;0;0;0;0;1;0;0;0;0;0;0;1
3112,0,0;0;0;0;0;0,1;0;0;0;0;0;0;1;0;0;0;0;0;0;1;0;0;0;0;0;0;1;0;0;0;0;0;0;1;0;0;0;0;0;0;1
3113,0,0;0;0;0;0;0,1;0;0;0;0;0;0;1;0;0;0;0;0;0;1;0;0;0;0;0;0;1;0;0;0;0;0;0;1;0;0;0;0;0;0;1
3114,0,0;0;0;0;0;0,1;0;0;0;0;0;0;1;0;0;0;0;0;0;1;0;0;0;0;0;0;1;0;0;0;0;0;0;1;0;0;0;0;0;0;1
3115,0,0;0;0;0;0;0,1;0;0;0;0;0;0;1;0;0;0;0;0;0;1;0;0;0;0;0;0;1;0;0;0;0;0;0;1;0;0;0;0;0;0;1
3116,0,0;0;0;0;0;0,1;0;0;0;0;0;0;1;0;0;0;0;0;0;1;0;0;0;0;0;0;1;0;0;0;0;0;0;1;0;0;0;0;0;0;1
3117,0,0;0;0;0;0;0,1;0;0;0;0;0;0;1;0;0;0;0;0;0;1;0;0;0;0;0;0;1;0;0;0;0;0;0;1;0;0;0;0;0;0;1
3118,0,0;0;0;0;0;0,1;0;0;0;0;0;0;1;0;0;0;0;0;0;1;0;0;0;0;0;0;1;0;0;0;0;0;0;1;0;0;0;0;0;0;1
3119,0,0;0;0;0;0;0,1;0;0;0;0;0;0;1;0;0;0;0;0;0;1;0;0;0;0;0;0;1;0;0;0;0;0;0;1;0;0;0;0;0;0;1
3120,0,0;0;0;0;0;0,1;0;0;0;0;0;0;1;0;0;0;0;0;0;1;0;0;0;0;0;0;1;0;0;0;0;0;0;1;0;0;0;0;0;0;1
3121,0,0;0;0;0;0;0,1;0;0;0;0;0;0;1;0;0;0;0;0;0;1;0;0;0;0;0;0;1;0;0;0;0;0;0;1;0;0;0;0;0;0;1
3122,0,0;0;0;0;0;0,1;0;0;0;0;0;0;1;0;0;0;0;0;0;1;0;0;0;0;0;0;1;0;0;0;0;0;0;1;0;0;0;0;0;0;1
3123,0,0;0;0;0;0;0,1;0;0;0;0;0;0;1;0;0;0;0;0;0;1;0;0;0;0;0;0;1;0;0;0;0;0;0;1;0;0;0;0;0;0;1
3124,0,0;0;0;0;0;0,1;0;0;0;0;0;0;1;0;0;0;0;0;0;1;0;0;0;0;0;0;1;0;0;0;0;0;0;1;0;0;0;0;0;0;1
3125,0,0;0;0;0;0;0,1;0;0;0;0;0;0;1;0;0;0;0;0;0;1;0;0;0;0;0;0;1;0;0;0;0;0;0;1;0;0;0;0;0;0;1
3126,0,0;0;0;0;0;0,1;0;0;0;0;0;0;1;0;0;0;0;0;0;1;0;0;0;0;0;0;1;0;0;0;0;0;0;1;0;0;0;0;0;0;1
3127,0,0;0;0;0;0;0,1;0;0;0;0;0;0;1;0;0;0;0;0;0;1;0;0;0;0;0;0;1;0;0;0;0;0;0;1;0;0;0;0;0;0;1
3128,0,0;0;0;0;0;0,1;0;0;0;0;0;0;1;0;0;0;0;0;0;1;0;0;0;0;0;0;1;0;0;0;0;0;0;1;0;0;0;0;0;0;1
3129,0,0;0;0;0;0;0,1;0;0;0;0;0;0;1;0;0;0;0;0;0;1;0;0;0;0;0;0;1;0;0;0;0;0;0;1;0;0;0;0;0;0;1
3130,1,2.6958525921566916;5.8736661054770778;6.5321725949555631;10.866636071026365;50.768413919903779;57.664486105005153,0.016209702814701233;-0.94813443185399648;-0.28753700073190386;0.086593536983499364;-0.01400068451787826;0.10201155847931095;0.01346643890274395;0.28554845469159706;-0.95748813848773928;-0.034263617491937647;-0.00050101328388070694;-0.017970898804984984;0.92734726152621516;0.039237470495177867;0.012668645604571437;0.34971652317684565;0.12371306156433487;-0.026840541779066505;-0.37146807075836397;0.065359483332881302;-0.015826349289408289;0.8947088261882945;0.21268493415141942;-0.10839913348112216;0.034018556382030704;0.048326428610015272;0.0043028044769417234;0.25212241469880958;-0.95957549327840663;0.11017232274514994;0.02090854673356126;-0.10656591528974207;-0.010462113827212799;-0.070401147954831961;-0.13593674890039353;-0.98217206293563974
3131,0,0;0;0;0;0;0,1;0;0;0;0;0;0;1;0;0;0;0;0;0;1;0;0;0;0;0;0;1;0;0;0;0;0;0;1;0;0;0;0;0;0;1
3132,0,0;0;0;0;0;0,1;0;0;0;0;0;0;1;0;0;0;0;0;0;1;0;0;0;0;0;0;1;0;0;0;0;0;0;1;0;0;0;0;0;0;1
3133,0,0;0;0;0;0;0,1;0;0;0;0;0;0;1;0;0;0;0;0;0;1;0;0;0;0;0;0;1;0;0;0;0;0;0;1;0;0;0;0;0;0;1
3134,0,0;0;0;0;0;0,1;0;0;0;0;0;0;1;0;0;0;0;0;0;1;0;0;0;0;0;0;1;0;0;0;0;0;0;1;0;0;0;0;0;0;1
3135,0,0;0;0;0;0;0,1;0;0;0;0;0;0;1;0;0;0;0;0;0;1;0;0;0;0;0;0;1;0;0;0;0;0;0;1;0;0;0;0;0;0;1
3136,0,0;0;0;0;0;0,1;0;0;0;0;0;0;1;0;0;0;0;0;0;1;0;0;0;0;0;0;1;0;0;0;0;0;0;1;0;0;0;0;0;0;1
3137,0,0;0;0;0;0;0,1;0;0;0;0;0;0;1;0;0;0;0;0;0;1;0;0;0;0;0;0;1;0;0;0;0;0;0;1;0;0;0;0;0;0;1
3138,0,0;0;0;0;0;0,1;0;0;0;0;0;0;1;0;0;0;0;0;0;1;0;0;0;0;0;0;1;0;0;0;0;0;0;1;0;0;0;0;0;0;1
3139,0,0;0;0;0;0;0,1;0;0;0;0;0;0;1;0;0;0;0;0;0;1;0;0;0;0;0;0;1;0;0;0;0;0;0;1;0;0;0;0;0;0;1
3140,0,0;0;0;0;0;0,1;0;0;0;0;0;0;1;0;0;0;0;0;0;1;0;0;0;0;0;0;1;0;0;0;0;0;0;1;0;0;0;0;0;0;1
3141,0,0;0;0;0;0;0,1;0;0;0;0;0;0;1;0;0;0;0;0;0;1;0;0;0;0;0;0;1;0;0;0;0;0;0;1;0;0;0;0;0;0;1
3142,0,0;0;0;0;0;0,1;0;0;0;0;0;0;1;0;0;0;0;0;0;1;0;0;0;0;0;0;1;0;0;0;0;0;0;1;0;0;0;0;0;0;1
3143,0,0;0;0;0;0;0,1;0;0;0;0;0;0;1;0;0;0;0;0;0;1;0;0;0;0;0;0;1;0;0;0;0;0;0;1;0;0;0;0;0;0;1
3144,0,0;0;0;0;0;0,1;0;0;0;0;0;0;1;0;0;0;0;0;0;1;0;0;0;0;0;0;1;0;0;0;0;0;0;1;0;0;0;0;0;0;1
3145,0,0;0;0;0;0;0,1;0;0;0;0;0;0;1;0;0;0;0;0;0;1;0;0;0;0;0;0;1;0;0;0;0;0;0;1;0;0;0;0;0;0;1
3146,0,0;0;0;0;0;0,1;0;0;0;0;0;0;1;0;0;0;0;0;0;1;0;0;0;0;0;0;1;0;0;0;0;0;0;1;0;0;0;0;0;0;1
3147,0,0;0;0;0;0;0,1;0;0;0;0;0;0;1;0;0;0;0;0;0;1;0;0;0;0;0;0;1;0;0;0;0;0;0;1;0;0;0;0;0;0;1
3148,0,0;0;0;0;0;0,1;0;0;0;0;0;0;1;0;0;0;0;0;0;1;0;0;0;0;0;0;1;0;0;0;0;0;0;1;0;0;0;0;0;0;1
3149,0,0;0;0;0;0;0,1;0;0;0;0;0;0;1;0;0;0;0;0;0;1;0;0;0;0;0;0;1;0;0;0;0;0;0;1;0;0;0;0;0;0;1
3150,1,2.7138141415232924;5.7444915041160369;6.6787629052798625;10.204990769894902;54.466572583593504;57.87936873647898,-0.02420630219613416;0.64838961481522606;-0.75112941146705348;0.08259665211182915;-0.021545357022786329;0.086736152863660931;0.025378626029044435;-0.74846107337690271;-0.65798320027703883;-0.024156142415707547;-0.0072043403848334117;-0.074730404767872599;0.94061510125345416;0.014501345304567884;0.0091753050419835676;0.30419194432005686;0.14847952685050181;-0.019231411095731055;-0.32838970549122426;-0.068852217583466865;0.038104300544913601;0.91807258884811505;0.19439862797223703;-0.07293511355609103;0.078188586372784266;-0.031446650118196869;0.032344182205018113;0.23449641193179577;-0.96508675604116201;0.073962782126679116;0.0077432459107452242;0.11600482901068365;-0.016746501640694692;-0.047071108454398908;-0.090854014402722366;-0.98779164568625
3151,0,0;0;0;0;0;0,1;0;0;0;0;0;0;1;0;0;0;0;0;0;1;0;0;0;0;0;0;1;0;0;0;0;0;0;1;0;0;0;0;0;0;1
3152,0,0;0;0;0;0;0,1;0;0;0;0;0;0;1;0;0;0;0;0;0;1;0;0;0;0;0;0;1;0;0;0;0;0;0;1;0;0;0;0;0;0;1
3153,0,0;0;0;0;0;0,1;0;0;0;0;0;0;1;0;0;0;0;0;0;1;0;0;0;0;0;0;1;0;0;0;0;0;0;1;0;0;0;0;0;0;1
3154,0,0;0;0;0;0;0,1;0;0;0;0;0;0;1;0;0;0;0;0;0;1;0;0;0;0;0;0;1;0;0;0;0;0;0;1;0;0;0;0;0;0;1
3155,0,0;0;0;0;0;0,1;0;0;0;0;0;0;1;0;0;0;0;0;0;1;0;0;0;0;0;0;1;0;0;0;0;0;0;1;0;0;0;0;0;0;1
3156,1,2.8483846066017877;5.7890603997296894;6.7267095411000613;9.874709409173521;54.01137456449586;57.470111994173116,-0.032075280483350246;0.61057362040347085;-0.78205930392980239;0.086178881550783362;-0.022115898653858976;0.081476149807989368;0.018457730672328577;-0.77893066208752493;-0.62106457129304893;-0.044936161135221635;-0.0081237357687764175;-0.071553339981357614;0.94276097988625851;0.0094155759301730816;-0.0046980706305930417;0.30023312193416302;0.14285788704778588;-0.023296061213499492;-0.32124638962586449;-0.084670896899087994;0.036133094539329454;0.92326560457155271;0.17428545524696659;-0.074372033414087477;0.081186228831081578;-0.03477532807232004;0.03125704917141995;0.21463133675913623;-0.96670180764803837;0.1031672140447048;0.0064634947805801727;0.10954332673859292;-0.018904177048249298;-0.043909304103608798;-0.11894835531231807;-0.98565936137898191
3157,0,0;0;0;0;0;0,1;0;0;0;0;0;0;1;0;0;0;0;0;0;1;0;0;0;0;0;0;1;0;0;0;0;0;0;1;0;0;0;0;0;0;1
3158,0,0;0;0;0;0;0,1;0;0;0;0;0;0;1;0;0;0;0;0;0;1;0;0;0;0;0;0;1;0;0;0;0;0;0;1;0;0;0;0;0;0;1
3159,0,0;0;0;0;0;0,1;0;0;0;0;0;0;1;0;0;0;0;0;0;1;0;0;0;0;0;0;1;0;0;0;0;0;0;1;0;0;0;0;0;0;1
3160,2,3.3932663993514778;6.2599796878640834;6.6645620418812808;8.646529741251328;51.583407835312904;53.800374912495784,0.038406539394911413;0.36531699155872821;0.92897873072973391;0.010145974615645368;-0.042462321794354614;-0.012687067781454116;-0.015999864899907238;-0.92210703329475796;0.36572634559196249;-0.1187188481441486;0.032347269220000009;-0.023798169694507626;-0.95460262695450393;-0.00058148671312939785;0.04191834149704942;0.26700228811110249;0.084952087257324477;0.092028583304099271;0.27683704703085782;-0.11306654317531793;0.027345744339807885;0.94868184819184032;0.097916866522527374;0.015635045054100936;-0.10154868929899483;-0.023165142928955548;-0.026268633433501182;0.10325574754049813;-0.60822331369822757;-0.77965623836795839;-0.0072027605363027816;0.054231998557010115;0.0069122935337017364;-0.062077966695339444;0.78128767825739009;-0.61862356940664909
3161,0,0;0;0;0;0;0,1;0;0;0;0;0;0;1;0;0;0;0;0;0;1;0;0;0;0;0;0;1;0;0;0;0;0;0;1;0;0;0;0;0;0;1
3162,2,3.4975009418835654;6.4342941446006963;6.7565423368005524;8.4897182883635072;53.12561579844396;57.408638530743403,0.06927828330751698;0.31507539305551041;-0.94156267542571326;0.086101497427155976;-0.033425507204571298;0.029274767411044216;-0.017413712713473185;-0.9433987931088571;-0.30517393951734406;0.12437667561672884;0.014232162421542382;0.029870295028464385;-0.9737086895395658;0.023902752223043961;-0.084463789550374688;-0.16611981735238332;0.12177084162006926;-0.041975981466158815;0.17142532362872287;-0.095570038893451406;-0.10717242941701033;-0.97381180636835829;0.00084955994490589631;0.041032188377458867;-0.13191667320853345;-0.010591905283600754;0.030014518031627489;-0.010460588294794794;-0.91674525219338077;0.37557109879862527;0.00014048138448417391;0.030150480861827408;0.028419398649736798;0.033201247811874786;0.3787208259138371;0.92398673135064247
3163,0,0;0;0;0;0;0,1;0;0;0;0;0;0;1;0;0;0;0;0;0;1;0;0;0;0;0;0;1;0;0;0;0;0;0;1;0;0;0;0;0;0;1
3164,0,0;0;0;0;0;0,1;0;0;0;0;0;0;1;0;0;0;0;0;0;1;0;0;0;0;0;0;1;0;0;0;0;0;0;1;0;0;0;0;0;0;1
3165,0,0;0;0;0;0;0,1;0;0;0;0;0;0;1;0;0;0;0;0;0;1;0;0;0;0;0;0;1;0;0;0;0;0;0;1;0;0;0;0;0;0;1
3166,0,0;0;0;0;0;0,1;0;0;0;0;0;0;1;0;0;0;0;0;0;1;0;0;0;0;0;0;1;0;0;0;0;0;0;1;0;0;0;0;0;0;1
3167,0,0;0;0;0;0;0,1;0;0;0;0;0;0;1;0;0;0;0;0;0;1;0;0;0;0;0;0;1;0;0;0;0;0;0;1;0;0;0;0;0;0;1
3168,0,0;0;0;0;0;0,1;0;0;0;0;0;0;1;0;0;0;0;0;0;1;0;0;0;0;0;0;1;0;0;0;0;0;0;1;0;0;0;0;0;0;1
3169,0,0;0;0;0;0;0,1;0;0;0;0;0;0;1;0;0;0;0;0;0;1;0;0;0;0;0;0;1;0;0;0;0;0;0;1;0;0;0;0;0;0;1
3170,0,0;0;0;0;0;0,1;0;0;0;0;0;0;1;0;0;0;0;0;0;1;0;0;0;0;0;0;1;0;0;0;0;0;0;1;0;0;0;0;0;0;1
3171,0,0;0;0;0;0;0,1;0;0;0;0;0;0;1;0;0;0;0;0;0;1;0;0;0;0;0;0;1;0;0;0;0;0;0;1;0;0;0;0;0;0;1
3172,0,0;0;0;0;0;0,1;0;0;0;0;0;0;1;0;0;0;0;0;0;1;0;0;0;0;0;0;1;0;0;0;0;0;0;1;0;0;0;0;0;0;1
3173,0,0;0;0;0;0;0,1;0;0;0;0;0;0;1;0;0;0;0;0;0;1;0;0;0;0;0;0;1;0;0;0;0;0;0;1;0;0;0;0;0;0;1
3174,0,0;0;0;0;0;0,1;0;0;0;0;0;0;1;0;0;0;0;0;0;1;0;0;0;0;0;0;1;0;0;0;0;0;0;1;0;0;0;0;0;0;1
3175,0,0;0;0;0;0;0,1;0;0;0;0;0;0;1;0;0;0;0;0;0;1;0;0;0;0;0;0;1;0;0;0;0;0;0;1;0;0;0;0;0;0;1
3176,0,0;0;0;0;0;0,1;0;0;0;0;0;0;1;0;0;0;0;0;0;1;0;0;0;0;0;0;1;0;0;0;0;0;0;1;0;0;0;0;0;0;1
3177,0,0;0;0;0;0;0,1;0;0;0;0;0;0;1;0;0;0;0;0;0;1;0;0;0;0;0;0;1;0;0;0;0;0;0;1;0;0;0;0;0;0;1
3178,0,0;0;0;0;0;0,1;0;0;0;0;0;0;1;0;0;0;0;0;0;1;0;0;0;0;0;0;1;0;0;0;0;0;0;1;0;0;0;0;0;0;1
3179,0,0;0;0;0;0;0,1;0;0;0;0;0;0;1;0;0;0;0;0;0;1;0;0;0;0;0;0;1;0;0;0;0;0;0;1;0;0;0;0;0;0;1
3180,0,0;0;0;0;0;0,1;0;0;0;0;0;0;1;0;0;0;0;0;0;1;0;0;0;0;0;0;1;0;0;0;0;0;0;1;0;0;0;0;0;0;1
3181,0,0;0;0;0;0;0,1;0;0;0;0;0;0;1;0;0;0;0;0;0;1;0;0;0;0;0;0;1;0;0;0;0;0;0;1;0;0;0;0;0;0;1
3182,0,0;0;0;0;0;0,1;0;0;0;0;0;0;1;0;0;0;0;0;0;1;0;0;0;0;0;0;1;0;0;0;0;0;0;1;0;0;0;0;0;0;1
3183,0,0;0;0;0;0;0,1;0;0;0;0;0;0;1;0;0;0;0;0;0;1;0;0;0;0;0;0;1;0;0;0;0;0;0;1;0;0;0;0;0;0;1
3184,0,0;0;0;0;0;0,1;0;0;0;0;0;0;1;0;0;0;0;0;0;1;0;0;0;0;0;0;1;0;0;0;0;0;0;1;0;0;0;0;0;0;1
3185,0,0;0;0;0;0;0,1;0;0;0;0;0;0;1;0;0;0;0;0;0;1;0;0;0;0;0;0;1;0;0;0;0;0;0;1;0;0;0;0;0;0;1
3186,0,0;0;0;0;0;0,1;0;0;0;0;0;0;1;0;0;0;0;0;0;1;0;0;0;0;0;0;1;0;0;0;0;0;0;1;0;0;0;0;0;0;1
3187,0,0;0;0;0;0;0,1;0;0;0;0;0;0;1;0;0;0;0;0;0;1;0;0;0;0;0;0;1;0;0;0;0;0;0;1;0;0;0;0;0;0;1
3188,0,0;0;0;0;0;0,1;0;0;0;0;0;0;1;0;0;0;0;0;0;1;0;0;0;0;0;0;1;0;0;0;0;0;0;1;0;0;0;0;0;0;1
3189,0,0;0;0;0;0;0,1;0;0;0;0;0;0;1;0;0;0;0;0;0;1;0;0;0;0;0;0;1;0;0;0;0;0;0;1;0;0;0;0;0;0;1
3190,0,0;0;0;0;0;0,1;0;0;0;0;0;0;1;0;0;0;0;0;0;1;0;0;0;0;0;0;1;0;0;0;0;0;0;1;0;0;0;0;0;0;1
3191,0,0;0;0;0;0;0,1;0;0;0;0;0;0;1;0;0;0;0;0;0;1;0;0;0;0;0;0;1;0;0;0;0;0;0;1;0;0;0;0;0;0;1
3192,0,0;0;0;0;0;0,1;0;0;0;0;0;0;1;0;0;0;0;0;0;1;0;0;0;0;0;0;1;0;0;0;0;0;0;1;0;0;0;0;0;0;1
3193,0,0;0;0;0;0;0,1;0;0;0;0;0;0;1;0;0;0;0;0;0;1;0;0;0;0;0;0;1;0;0;0;0;0;0;1;0;0;0;0;0;0;1
3194,0,0;0;0;0;0;0,1;0;0;0;0;0;0;1;0;0;0;0;0;0;1;0;0;0;0;0;0;1;0;0;0;0;0;0;1;0;0;0;0;0;0;1
3195,0,0;0;0;0;0;0,1;0;0;0;0;0;0;1;0;0;0;0;0;0;1;0;0;0;0;0;0;1;0;0;0;0;0;0;1;0;0;0;0;0;0;1
3196,0,0;0;0;0;0;0,1;0;0;0;0;0;0;1;0;0;0;0;0;0;1;0;0;0;0;0;0;1;0;0;0;0;0;0;1;0;0;0;0;0;0;1
3197,0,0;0;0;0;0;0,1;0;0;0;0;0;0;1;0;0;0;0;0;0;1;0;0;0;0;0;0;1;0;0;0;0;0;0;1;0;0;0;0;0;0;1
3198,1,1.6683127429412314;4.6667436151964043;6.1151400519688188;22.405933363552926;99.180405397260472;133.56020797119595,-0.18399294768870017;-0.97381820328806479;0.04343090433684945;0.082102432086434626;-0.011201639325727182;0.095247953342951011;-0.055799688989575123;0.056538797836409249;0.99612855080752527;0.034927308105132171;-6.9937828309692569e-05;-0.014062274752303053;0.92225088948930434;-0.19635868236083548;0.074209094380567761;-0.31657841875066489;0.068723532119088604;0.021089237144218433;0.30621736607574906;-0.0070660038740351996;-0.012102043756852017;0.76531271520057464;-0.53048481712009454;-0.19727352482574501;-0.12567465572029152;-0.015329806848885701;0.012046082680490872;-0.53723064957225608;-0.83283887769369236;-0.039854771178616688;0.054065630199731006;0.098182522664493427;0.0065657866825700722;0.13227643663119029;-0.14183390682472546;0.97456661009218459
3199,0,0;0;0;0;0;0,1;0;0;0;0;0;0;1;0;0;0;0;0;0;1;0;0;0;0;0;0;1;0;0;0;0;0;0;1;0;0;0;0;0;0;1
3200,0,0;0;0;0;0;0,1;0;0;0;0;0;0;1;0;0;0;0;0;0;1;0;0;0;0;0;0;1;0;0;0;0;0;0;1;0;0;0;0;0;0;1
3201,0,0;0;0;0;0;0,1;0;0;0;0;0;0;1;0;0;0;0;0;0;1;0;0;0;0;0;0;1;0;0;0;0;0;0;1;0;0;0;0;0;0;1
3202,1,1.5424215146937921;4.7362014830580863;5.878758236208407;22.887618906648417;109.18206296849276;142.09587832973764,0.12892341157878251;0.97852477676252159;0.10432547742080675;0.064274559475344231;-0.0081170896329251195;0.10386098319296032;0.047558630034369137;-0.11231083070599389;0.99213058552921196;0.024687657687218579;-0.004507647266366939;-0.013097936741644922;-0.93455768723575194;0.13578915123412824;0.068438356384911095;-0.31250394279986615;0.075454503525759123;0.011284088054798127;-0.29900401530912002;0.00015310844572634006;-0.00860538685767211;0.74815073319105374;-0.57787961519425968;-0.1298004371043523;0.12899745941031698;0.013918225161080393;0.0059279985682927803;-0.57384986257747306;-0.80857856855542987;-0.0052755094248630799;-0.040928158759114631;-0.1060335066913863;0.000305849179450247;0.09256026113949524;-0.080475217834324722;0.98591988777380024
3203,1,1.5919268693448971;4.6010587304367805;6.0308642120739284;22.050362053639759;111.09376123541453;138.81709273396984,0.15893391972529008;0.9760140251236713;0.070489100864029861;0.081374157714235729;-0.012805704460861397;0.10189297802883529;0.033345139999693948;-0.077809632074281446;0.9962213634362086;0.016764631057736366;-0.0021935402614788042;-0.0095338006475242914;-0.9299048767091328;0.17315746545020674;0.050171346408435076;-0.30880361390918437;0.084904741515612267;0.014413928534293454;-0.29932434867072488;-0.002220743165020488;-0.0052909159406993147;0.72821386120849441;-0.59417354695146973;-0.16442134061025623;0.12763619566044548;0.015980235187831413;0.0053583116886645916;-0.59233988330377507;-0.79514814961809033;0.017257025905803289;-0.05494512646179571;-0.10534930688120933;0.00064218112921829397;0.12874609364912354;-0.085554681020883164;0.98080935157993343
3204,1,1.7259770097321685;4.7058619759208726;5.8731905844452426;21.785074344313177;108.58154375210296;133.96735995186393,-0.13903268650411416;-0.97367707182133356;0.12837517249276689;0.069552962846414074;-0.0068614917865309384;0.10610368641137619;-0.033014420213997871;0.13476962900930611;0.99012122851281636;0.014141201159147451;-0.0034646820594685713;-0.013970340400380419;0.93096824588759486;-0.14769259798863235;0.05613864165255527;-0.31933709712670089;0.078958623427478739;0.011082813130178318;0.3066988221999899;-0.00095921075965347332;-0.004144526513464036;0.74706916865988571;-0.57550460174837437;-0.12884038916468829;-0.12862162795635651;-0.013147339074995271;0.0031545858472369704;-0.56822464620695146;-0.81219941083512648;0.026954431310891737;0.047648657623828222;0.1086426748357284;-0.0010451493871838859;0.10952003866218023;-0.053226141139903628;0.9854428554333996
3205,1,1.838771974994482;4.7847780501857793;5.9607826831499011;20.274227762547316;100.64202594587947;122.98102734651515,-0.17271131254035071;-0.96327252312844647;0.14719889260060118;0.097065456272334802;-0.019974310720739252;0.10386846890841231;-0.052348104267226636;0.15982569156634441;0.98542973508021081;0.017534467889025747;-0.0023590507411602158;-0.018183476844713997;0.92117987403915491;-0.18411387260997752;0.085089720459726556;-0.32310241720217991;0.074156663302765005;0.019876577566531821;0.31591428799294291;0.0068791092310092981;-0.0032079564728032467;0.76330818352024277;-0.51897272342208567;-0.21947318475900343;-0.12210041870857993;-0.018798812264714988;0.0031651137747327716;-0.53145273073043875;-0.8367551065025568;-0.046118989629797394;0.064403171960124739;0.11073914812421816;0.00039214671928311924;0.1442022177457338;-0.15685807331594703;0.96860218044766344
3206,0,0;0;0;0;0;0,1;0;0;0;0;0;0;1;0;0;0;0;0;0;1;0;0;0;0;0;0;1;0;0;0;0;0;0;1;0;0;0;0;0;0;1
3207,0,0;0;0;0;0;0,1;0;0;0;0;0;0;1;0;0;0;0;0;0;1;0;0;0;0;0;0;1;0;0;0;0;0;0;1;0;0;0;0;0;0;1
3208,0,0;0;0;0;0;0,1;0;0;0;0;0;0;1;0;0;0;0;0;0;1;0;0;0;0;0;0;1;0;0;0;0;0;0;1;0;0;0;0;0;0;1
3209,0,0;0;0;0;0;0,1;0;0;0;0;0;0;1;0;0;0;0;0;0;1;0;0;0;0;0;0;1;0;0;0;0;0;0;1;0;0;0;0;0;0;1
3210,1,2.1626935764143287;5.040330563206699;6.244225564924915;14.129912632468603;75.474470890516429;98.378401628425053,-0.27109143711928818;-0.90442421149413943;0.24671313947826376;0.19342511603991666;-0.0062408765439425926;0.10102812052834806;-0.050593221765880152;0.28351015331048496;0.95582949524250105;0.050765421411394208;-0.0039690456692381476;-0.0293157563620433;0.85990279165830852;-0.29522295877382504;0.15427335831959643;-0.38163548923601559;0.058969464376724408;0.022074420730320978;0.3997598988366749;0.015365901121883014;-0.035794420665941608;0.80581178140534793;-0.3440699042375433;-0.26637932682605303;-0.10354876037948377;-0.031574448439469688;0.018329095389749781;-0.34555749828822979;-0.93195128507929315;-0.0012531191657206885;0.11826506261850785;0.1151051108090077;-0.010253655807616328;0.21359152172915288;-0.097727189894027053;0.95785547405279625
3211,1,2.1790226910687522;5.061636490383135;6.3009058117713108;14.07172456156639;79.429661788199638;97.521636765368001,-0.28131026092662914;-0.91679697494705592;0.18522193487923927;0.18960119793538521;-0.0099684392962110062;0.099963466448373423;-0.014875269492767577;0.20378561405659504;0.97850682813848189;0.018291650775651855;-0.0021836092889743895;-0.020861076430425132;0.85607484701242464;-0.32299238088623877;0.08821077723072436;-0.3878318383681974;0.063069031558137187;0.025286347872084142;0.40140756027612989;0.010738986227620883;-0.017945022190004337;0.79823612304408476;-0.34476012169529691;-0.28704384902443469;-0.1018437198342433;-0.029064375595052594;0.008987614213090753;-0.349851686456707;-0.9307552107131386;0.00093637924464288168;0.12758897699665675;0.11256370803689696;-0.005768871264519926;0.23178903285587207;-0.10369838738271177;0.95212271972064022
3212,1,2.2242817801532113;5.0463811666465457;6.265393730661339;12.707354627311254;76.14109218423971;93.007465370412817,-0.28462109040212991;-0.91572909538063074;0.15535227265121568;0.21495669713674512;-0.0045907064194193759;0.10034577183124969;-0.0018571375497104571;0.16891609686414252;0.9852544264377382;0.015441087877619358;-0.0016840594757518415;-0.022279030364593246;0.84559343951404742;-0.34267196984640547;0.067216234752005569;-0.3982559779559105;0.062308470061646165;0.023226375074665566;0.41693529118993783;0.023665509929732337;-0.022447321522883028;0.78939244890060301;-0.35621835918973693;-0.27398734742950537;-0.10832411662714284;-0.033672566132920211;0.010641073266704746;-0.34152649361123633;-0.93113649649098151;0.057993884770905599;0.13560962247030323;0.11742912375100813;-0.0020614725053258944;0.23487567554755914;-0.046765899921867936;0.95418161225220566
3213,1,2.5064149195390164;5.2610625292023219;6.3143413367649321;11.313060824103387;76.459560459963981;93.470003972731803,-0.26222919080935092;-0.91751546563929576;0.11805766873242346;0.25792411022050893;-0.014955465871193202;0.093354678839246363;-0.049000197468935844;0.15621626674874586;0.98426172945472767;0.062921005966631527;-0.0030802654560660009;-0.021348666345850122;0.84976147734198748;-0.3337868684986679;0.12051131682169082;-0.38333576554885967;0.066759326282231746;0.023783686987725278;0.42416193160089044;0.069755476296084681;-0.048042318127573494;0.79182370817848424;-0.31012674242478305;-0.29958201510722238;-0.099848191751567894;-0.055098781826098342;0.020579983741451025;-0.33392440541340279;-0.93245232772690068;-0.07482028535372906;0.12983550417965337;0.12019347944722421;-0.00605452230049676;0.20995117971079852;-0.17223268711053261;0.94600000831988773
3214,1,2.582851209262174;5.2225231233590028;6.2406576698565601;11.445797966271702;76.72267007832842;91.169174006020526,-0.25409455722699636;-0.92590214378441005;0.052481097597261037;0.25708840281173323;-0.006727737165036037;0.096162368993212774;-0.035787565089939286;0.082320924662498421;0.99374941259827332;0.064151472639535051;-0.0053074035256312083;-0.016156748875504699;0.85376509700413716;-0.33473844345618675;0.083889809391344328;-0.38371954478292158;0.066674018869411919;0.01765558409448369;0.42246370573323516;0.075692047118003328;-0.048450029506001357;0.79306810851241938;-0.3324492014779773;-0.27197100889485376;-0.094696006050684733;-0.051649095876095098;0.017381168164309083;-0.32312603639429954;-0.93912647404853955;0.041157777779454938;0.13340708034529736;0.12442566001007135;-0.0045638656825862482;0.22177013440524665;-0.054773519204716029;0.95630426447582173
3215,1,2.5831651901536281;5.1842580839932193;6.3702662197360782;10.22572901088146;73.724575017233292;86.780937578421884,-0.24311805483857815;-0.92835026872009796;0.031477349646387182;0.26167624529128458;-0.012963430737033876;0.097087890861059928;0.025177344724238455;0.017243996772178732;0.99895665027138503;-0.033317708533340901;-0.0018533361745920313;-0.0063915733308497679;0.85358811210049357;-0.33390568780832708;-0.028534541743442526;-0.39104785455133045;0.076380522222295702;0.018102423409749571;0.43050805939894371;0.085624867564714394;0.011584608020035782;0.78832661322791453;-0.3310673180961699;-0.27592131390908919;-0.085040869201556624;-0.050162901847478694;-0.0091527108763428868;-0.32306242005274588;-0.93952220119770724;0.055647712743432581;0.13812280392048704;0.12855924752679948;0.007911510977139968;0.22730787937379915;-0.041073041996219001;0.9544507070049808
3216,2,2.7231070725087037;5.3268954509340665;6.2593412612196406;10.627485705703815;74.856258067746452;83.495041594324775,0.25164808984869264;0.91942748383573691;0.010098507042934891;0.28722858309774707;-0.0059963950551672985;0.093210220987276743;0.02444550260804557;-0.038067037618715903;0.99645364671252845;0.06955501686443237;-0.0048692602575705355;-0.013108696960847795;-0.84763794603105636;0.3508605842199754;0.061808729681476403;-0.38749485845237203;0.063812884190292282;0.019028775802026738;-0.43501785117516156;-0.099325568418035123;-0.053545553603356499;0.7896309495432543;-0.29830791428278719;-0.29244166274038702;0.088244364113143903;0.058457862943397561;0.016181981983608582;-0.29274750978343445;-0.94986236365039955;0.02437497810287665;-0.14338050804488223;-0.12968408835999817;-0.0053710513274101606;0.23084937598495345;-0.068133161961952779;0.95113703365765911
3217,2,2.7539861616389625;5.3083262256950361;6.4492801615310595;9.9201535334351387;75.792523060686392;85.590379301751568,-0.24978380560215871;-0.91482408033398355;-0.002166072689096485;0.30552735712766976;-0.01003237128106527;0.085162469446056765;-0.02520271462834732;0.033766813580568142;0.99489764876361508;0.090747346892777775;-0.0048596294993584008;-0.012024849007709551;0.84050895491780619;-0.3599517856884426;0.069869655440009684;-0.39273408904309548;0.067516999303169553;0.017292485071823981;0.4458320188787937;0.11194300744282389;-0.068144236640506312;0.77278654310607386;-0.31062422660560912;-0.30062016845120232;-0.092842603660410181;-0.06063470952874573;0.022939293613778142;-0.2999067523583932;-0.94631931579144346;0.041390387824682059;0.15209086831646987;0.12721482384698155;-0.011061631146153829;0.23881957010680524;-0.057528538469055895;0.94879822769666144
3218,2,2.7013996580375874;5.3424133036028953;6.527756500211269;10.023679488065689;73.066178472973363;84.031056311105431,-0.24417223821145848;-0.91970390067864061;-0.10434899735401562;0.27303891438675021;-0.015119535947827837;0.094112118123750726;0.0039045975635913122;-0.10656102091750502;0.99398842697128242;0.018759485989339717;-0.0017512677999036992;0.016171726331768291;0.85603972756184787;-0.33664526126833372;-0.032369887739312729;-0.38200071965907295;0.081355061761584399;0.016581537168658417;0.4256818859455197;0.096481009854877925;-0.0019968704713438706;0.78833400228129935;-0.31930319937969537;-0.29335529130494287;-0.068642588658770862;-0.048833745857244301;-0.0021848663712262608;-0.30797742961892494;-0.94391297666171226;0.084124205682174769;0.14711826548936144;0.13328965438480392;-0.0064593369142547956;0.25070438127072975;-0.01494810941553186;0.94735010856418378
3219,2,3.0391993584363868;5.3740865399212243;6.356429759668778;9.6888505751128804;78.513504873973588;82.462276495672171,0.29952599270790042;0.87765962415174958;-0.2392940474515316;0.27300389752008714;-0.0030451981248543181;0.090530223614233643;-0.022387882836408527;0.26340780491383214;0.96386526012924256;0.013219348539702374;0.0092592374175589076;0.028607458384109261;-0.82919481423027952;0.37293981422534556;-0.11669254350495915;-0.39301611690578209;0.072268191436980975;0.0070954681487121257;-0.43364686980112971;-0.065572966744495198;0.0086016598436368004;0.78014286132594801;-0.35403353414143857;-0.27131893118141975;0.067815947813951713;0.03008751444236216;-0.0024288665186653164;-0.27705150238967413;-0.9154746541641452;0.28220287367579105;-0.17196020464584394;-0.12665202294814351;-0.0022542218089254447;0.29232179795751845;0.17677306379540955;0.91525030562169585
3220,2,3.2347057116886533;5.4620169173785378;6.378240021848006;8.9295032952395097;74.129681654135098;76.44584378340204,-0.26089166695459187;-0.92196429916272971;0.065012907864462413;0.26784923102488589;-0.071250925132120752;-0.029509085062609394;0.066292278717482195;-0.096165875104063075;-0.99226757388482412;-0.032171114619312664;-0.026589554390983844;0.0045315611082617693;0.85243802302542482;-0.34215334745954062;0.10339693245925161;-0.37283244844592617;-0.032026069355851602;0.074564564963411531;0.41000083862984799;0.083104768461992162;-0.017750800292855168;0.7705720522943369;0.40865434566884917;-0.25278084749348168;-0.049564337530092942;-0.032198013807166657;0.0048925619702693155;-0.27238470264856879;-0.023760715950258249;-0.96006496099484151;0.17416365167459033;0.1253871114701576;0.012183181525311617;0.3467608112161597;-0.90864057046238933;-0.089027626695079631
3221,0,0;0;0;0;0;0,1;0;0;0;0;0;0;1;0;0;0;0;0;0;1;0;0;0;0;0;0;1;0;0;0;0;0;0;1;0;0;0;0;0;0;1
3222,0,0;0;0;0;0;0,1;0;0;0;0;0;0;1;0;0;0;0;0;0;1;0;0;0;0;0;0;1;0;0;0;0;0;0;1;0;0;0;0;0;0;1
3223,0,0;0;0;0;0;0,1;0;0;0;0;0;0;1;0;0;0;0;0;0;1;0;0;0;0;0;0;1;0;0;0;0;0;0;1;0;0;0;0;0;0;1
3224,0,0;0;0;0;0;0,1;0;0;0;0;0;0;1;0;0;0;0;0;0;1;0;0;0;0;0;0;1;0;0;0;0;0;0;1;0;0;0;0;0;0;1
3225,0,0;0;0;0;0;0,1;0;0;0;0;0;0;1;0;0;0;0;0;0;1;0;0;0;0;0;0;1;0;0;0;0;0;0;1;0;0;0;0;0;0;1
3226,0,0;0;0;0;0;0,1;0;0;0;0;0;0;1;0;0;0;0;0;0;1;0;0;0;0;0;0;1;0;0;0;0;0;0;1;0;0;0;0;0;0;1
3227,0,0;0;0;0;0;0,1;0;0;0;0;0;0;1;0;0;0;0;0;0;1;0;0;0;0;0;0;1;0;0;0;0;0;0;1;0;0;0;0;0;0;1
3228,0,0;0;0;0;0;0,1;0;0;0;0;0;0;1;0;0;0;0;0;0;1;0;0;0;0;0;0;1;0;0;0;0;0;0;1;0;0;0;0;0;0;1
3229,0,0;0;0;0;0;0,1;0;0;0;0;0;0;1;0;0;0;0;0;0;1;0;0;0;0;0;0;1;0;0;0;0;0;0;1;0;0;0;0;0;0;1
3230,0,0;0;0;0;0;0,1;0;0;0;0;0;0;1;0;0;0;0;0;0;1;0;0;0;0;0;0;1;0;0;0;0;0;0;1;0;0;0;0;0;0;1
3231,0,0;0;0;0;0;0,1;0;0;0;0;0;0;1;0;0;0;0;0;0;1;0;0;0;0;0;0;1;0;0;0;0;0;0;1;0;0;0;0;0;0;1
3232,2,3.4354476545169983;5.0580179669800431;5.4100454643115983;7.5438342801935061;72.124081213650115;80.142469999332874,-0.49530073479855691;-0.66794280213899504;-0.53429328711843349;0.1336464875447744;-0.053759324683875641;0.048050285070696086;0.11606793725381197;-0.65677882622334727;0.73578546159148384;0.049198816232825994;-0.10634821587207766;-0.0076873492863090732;0.7796318207851719;-0.33082769038588034;-0.39978433456165563;-0.33714540691978623;-0.021168859982973149;-0.093726213473872055;0.30739318292619883;-0.05345896441761052;-0.066333435861786555;0.75262473471789193;0.54047666950694717;0.19922957589215906;0.037657597477054772;0.0069548210338186284;0.0071785937658100088;-0.19209573957299261;-0.11147608842663764;0.97424550917886776;0.19357421448015813;0.10070151616097033;-0.094187402385865718;0.512548829839513;-0.82511206680375027;-0.00085767596741770369
3233,0,0;0;0;0;0;0,1;0;0;0;0;0;0;1;0;0;0;0;0;0;1;0;0;0;0;0;0;1;0;0;0;0;0;0;1;0;0;0;0;0;0;1
3234,0,0;0;0;0;0;0,1;0;0;0;0;0;0;1;0;0;0;0;0;0;1;0;0;0;0;0;0;1;0;0;0;0;0;0;1;0;0;0;0;0;0;1
3235,0,0;0;0;0;0;0,1;0;0;0;0;0;0;1;0;0;0;0;0;0;1;0;0;0;0;0;0;1;0;0;0;0;0;0;1;0;0;0;0;0;0;1
3236,0,0;0;0;0;0;0,1;0;0;0;0;0;0;1;0;0;0;0;0;0;1;0;0;0;0;0;0;1;0;0;0;0;0;0;1;0;0;0;0;0;0;1
3237,0,0;0;0;0;0;0,1;0;0;0;0;0;0;1;0;0;0;0;0;0;1;0;0;0;0;0;0;1;0;0;0;0;0;0;1;0;0;0;0;0;0;1
3238,0,0;0;0;0;0;0,1;0;0;0;0;0;0;1;0;0;0;0;0;0;1;0;0;0;0;0;0;1;0;0;0;0;0;0;1;0;0;0;0;0;0;1
3239,0,0;0;0;0;0;0,1;0;0;0;0;0;0;1;0;0;0;0;0;0;1;0;0;0;0;0;0;1;0;0;0;0;0;0;1;0;0;0;0;0;0;1
3240,0,0;0;0;0;0;0,1;0;0;0;0;0;0;1;0;0;0;0;0;0;1;0;0;0;0;0;0;1;0;0;0;0;0;0;1;0;0;0;0;0;0;1
3241,0,0;0;0;0;0;0,1;0;0;0;0;0;0;1;0;0;0;0;0;0;1;0;0;0;0;0;0;1;0;0;0;0;0;0;1;0;0;0;0;0;0;1
3242,0,0;0;0;0;0;0,1;0;0;0;0;0;0;1;0;0;0;0;0;0;1;0;0;0;0;0;0;1;0;0;0;0;0;0;1;0;0;0;0;0;0;1
3243,0,0;0;0;0;0;0,1;0;0;0;0;0;0;1;0;0;0;0;0;0;1;0;0;0;0;0;0;1;0;0;0;0;0;0;1;0;0;0;0;0;0;1
3244,2,2.6982451393116786;3.7666151032007775;5.1090273894163065;6.9864671342863831;82.430040058392791;88.144416888026058,-0.50602734514133463;-0.25345542560489359;-0.81475702608917544;0.097097263434211101;-0.070122900314594477;0.039020019528871554;0.15116352806532793;-0.95152552083199493;0.20367100334137286;-0.03866151029813323;0.022003029234173327;0.16819051017269054;0.80307195299753409;0.023553855032848712;-0.54193306439571087;-0.21675054645569483;0.11765221184205815;0.0025230133416386802;0.21481109816376612;-0.10645490250497049;-0.024987133095745281;0.77551605556506242;-0.11906245262876333;-0.57122514733931351;0.121413605386424;0.024855218173683948;-0.00093011945208038688;-0.074862540130175279;-0.97900307593970293;0.1434875145100486;0.12359725156138701;0.13362005168435884;-0.019298772198646782;0.57884977093567014;0.090187095968796316;0.78949109494306713
3245,0,0;0;0;0;0;0,1;0;0;0;0;0;0;1;0;0;0;0;0;0;1;0;0;0;0;0;0;1;0;0;0;0;0;0;1;0;0;0;0;0;0;1
3246,0,0;0;0;0;0;0,1;0;0;0;0;0;0;1;0;0;0;0;0;0;1;0;0;0;0;0;0;1;0;0;0;0;0;0;1;0;0;0;0;0;0;1
3247,2,2.5225084187899109;3.5066287968964813;5.0048406048960246;7.0888631758649199;83.648461311840705;93.868561681641651,-0.53497804900315649;-0.22510068481651369;-0.8053968775822945;0.081761537056048786;-0.083542837029358552;0.028278681014533232;0.13316459973662173;-0.95800728832846549;0.18245186560741122;-0.02020630917818092;0.0091593295097668337;0.17523799067333606;0.78805483089752926;0.010567008413314023;-0.56081726643420349;-0.22652554635927222;0.11363192168908293;0.010764697924537027;0.20834772848746758;-0.10287456971066924;-0.045386898711443698;0.77670357144256985;-0.055959117210496956;-0.58098899789556513;0.12922215234355552;0.021754362106612062;0.0066588897629971163;-0.058682563154814425;-0.98787581683524694;0.058666596576183339;0.12218068316489034;0.14277123720851115;-0.037773914263881277;0.57868890767337133;0.031534665851716048;0.79207707887169509
3248,0,0;0;0;0;0;0,1;0;0;0;0;0;0;1;0;0;0;0;0;0;1;0;0;0;0;0;0;1;0;0;0;0;0;0;1;0;0;0;0;0;0;1
3249,0,0;0;0;0;0;0,1;0;0;0;0;0;0;1;0;0;0;0;0;0;1;0;0;0;0;0;0;1;0;0;0;0;0;0;1;0;0;0;0;0;0;1
3250,0,0;0;0;0;0;0,1;0;0;0;0;0;0;1;0;0;0;0;0;0;1;0;0;0;0;0;0;1;0;0;0;0;0;0;1;0;0;0;0;0;0;1
3251,0,0;0;0;0;0;0,1;0;0;0;0;0;0;1;0;0;0;0;0;0;1;0;0;0;0;0;0;1;0;0;0;0;0;0;1;0;0;0;0;0;0;1
3252,0,0;0;0;0;0;0,1;0;0;0;0;0;0;1;0;0;0;0;0;0;1;0;0;0;0;0;0;1;0;0;0;0;0;0;1;0;0;0;0;0;0;1
3253,0,0;0;0;0;0;0,1;0;0;0;0;0;0;1;0;0;0;0;0;0;1;0;0;0;0;0;0;1;0;0;0;0;0;0;1;0;0;0;0;0;0;1
3254,0,0;0;0;0;0;0,1;0;0;0;0;0;0;1;0;0;0;0;0;0;1;0;0;0;0;0;0;1;0;0;0;0;0;0;1;0;0;0;0;0;0;1
3255,0,0;0;0;0;0;0,1;0;0;0;0;0;0;1;0;0;0;0;0;0;1;0;0;0;0;0;0;1;0;0;0;0;0;0;1;0;0;0;0;0;0;1
3256,0,0;0;0;0;0;0,1;0;0;0;0;0;0;1;0;0;0;0;0;0;1;0;0;0;0;0;0;1;0;0;0;0;0;0;1;0;0;0;0;0;0;1
3257,0,0;0;0;0;0;0,1;0;0;0;0;0;0;1;0;0;0;0;0;0;1;0;0;0;0;0;0;1;0;0;0;0;0;0;1;0;0;0;0;0;0;1
3258,0,0;0;0;0;0;0,1;0;0;0;0;0;0;1;0;0;0;0;0;0;1;0;0;0;0;0;0;1;0;0;0;0;0;0;1;0;0;0;0;0;0;1
3259,2,2.4876553592495858;4.0390334016577834;5.6226241256019254;8.5096367706697702;18.324916191919954;23.381279300310752,0.12478471018704645;0.70532398030401255;-0.66556616319292072;-0.061185503073066673;-0.073571931098327201;0.18657986625692605;0.070316455093763178;0.61155856667144459;0.74171171800093461;-0.058675021788347069;-0.022649228447099108;0.25876571898689676;-0.82936069889445219;0.17943972438588573;-0.033334098418866143;0.42357013813410338;0.31467819742265402;0.020421177050071262;-0.46503855609753236;0.028673639884755981;-0.0058594216783478736;-0.8735742626858688;-0.058457731637511542;-0.1278019251839129;-0.2559460158496723;-0.0016760823908406671;0.025623797269222558;0.20447174617480371;-0.94377682498879023;-0.036178147579863137;-0.099377973863874966;-0.30901553484374983;-0.071297516551832169;-0.091984926493186528;-0.030328430521863757;0.93817324693769011
3260,2,2.422377704621673;3.9483700548041201;5.6988102087525654;9.3396173522034065;19.250636854416388;24.656111003180129,-0.12098723075811217;-0.68771608140767237;-0.68424722016820139;-0.038788677992431547;-0.088514163701835694;0.18674877333629777;-0.10040658374150403;-0.62086912673972494;0.72432507097766441;-0.079553761969590187;-0.036743221321918207;0.26854119162502488;0.84796483108074994;-0.19540236148899681;-0.007476736210419852;0.35499641224276496;0.33958883696717118;0.037076001569842018;0.41934020617663337;-0.021887948717728121;-0.0196895932314331;-0.8919773440565365;-0.11451811850131932;-0.12061943180024631;0.26592265377584229;-0.0083279003481237322;0.042894312209134505;0.25469820821972028;-0.92466594987738726;-0.086588510390949433;0.098362527812122569;0.32068302065430887;-0.06982427628996421;-0.075162657818634529;-0.085866652377998703;0.9325177085214279
3261,2,2.3099791301012158;3.7834638856484841;5.6533784809177288;9.2401444945381481;18.865531436856845;24.776231958976027,-0.10310945706459829;0.68163575908195795;-0.69215261109635873;-0.032606074881059294;-0.070572703546261842;0.19905333996726057;-0.099346240516575965;0.62859591720435792;0.71819314630741737;-0.06416365746663226;-0.029164627985281386;0.27244917232627386;0.85552548702934994;0.17881842092396688;0.00085513339257050215;0.33395643056902169;0.35268853572150888;0.013538145388102883;0.41154181864842515;0.01992431446339445;-0.010656880291458986;-0.89186717388245795;-0.16021865805874461;-0.095003736031467251;0.26409294589846072;0.0066501794910021261;0.035165178241308014;0.29091406562272148;-0.91794418989140958;-0.04149182987203414;0.091995395713477299;-0.32836356978041104;-0.061420496889369625;-0.056876374679917525;-0.038576684846265058;0.93553121442311604
3262,2,2.3134293748255033;3.6464104316672339;5.5659113180220539;9.4088883978411708;16.399622043562346;23.714093407467058,-0.12227582281856239;-0.70031765379456945;-0.66103798639769373;-0.006642776623376717;-0.086172183654394482;0.22397056895931963;-0.13744928046937777;-0.58752097771517386;0.7456255239511359;-0.087682219892054825;-0.065551314896922633;0.26073785207701738;0.84611778862470699;-0.21915473503708338;0.037718045631940186;0.30500995097490979;0.3740642303835765;0.040964866302658234;0.41638704601489129;-0.035501554377770653;-0.036400389004958816;-0.86914296033481175;-0.23839017374011462;-0.10861454227054738;0.25413249617040973;-0.014678728977661371;0.041514348537712076;0.3767747492435895;-0.88247025890794073;-0.11298140841159927;0.11081294385819507;0.33892427058483876;-0.050992922561474877;-0.043219607502686969;-0.11300309125935717;0.92499346971954211
3263,2,2.1905871981813108;3.5570461854194164;5.5741814997557873;8.8432460955584684;18.867675509439209;24.125805584874215,-0.14387606890271407;-0.61914514920101371;-0.73760310090574488;0.015967229901765259;-0.10611796781947663;0.20095932679852047;-0.14812230357618136;-0.66192983151345675;0.66597426572823915;-0.12405742810532909;-0.056706329954336936;0.27889264134893765;0.84244657877090745;-0.24399370616096983;0.0081464067337741197;0.29435765210296339;0.37534935515411855;0.056132909796080807;0.40793595948783018;-0.037843988694395765;-0.070257904895856454;-0.86664858115705878;-0.23817905389413502;-0.13932296056515087;0.25879802948786418;-0.026837295012898093;0.074925411837612879;0.37691392599957552;-0.87815518749622334;-0.11605550935484706;0.1193945341610065;0.3417935719748772;-0.042468675984776147;-0.06756111245109471;-0.12942347389067221;0.91967579690871115
3264,2,2.062706592553488;3.4256456345237525;5.4195979729359456;8.971473619196896;19.274401834654252;25.441834365883693,0.12439050654369575;-0.5966634955236042;0.76512102389671888;-0.0066983877016031186;-0.097952442764563066;0.1829479279501332;0.15433003297934023;-0.68430486605406149;-0.63785089782551252;0.086690726513974997;-0.066296373509083129;0.29857131837224499;-0.85157397087473718;-0.232332834994747;-0.0082360919122005365;-0.26402119308536459;0.38514459878265289;0.052267009980293967;-0.36740116824858876;-0.036663656618291199;0.040370685198917067;0.89909607541172709;-0.20181889661430144;-0.11374421206432524;-0.29553470313154367;-0.027932566879064015;-0.057731961660824907;-0.33431417733330054;-0.88258590269544035;-0.13349976311785677;-0.11492012767811441;0.34585622038430019;0.052013902985655426;0.050920891131708133;-0.1341081846018716;0.91863673486382746
3265,2,1.9449985220193626;3.2184042673625264;5.3382065377815007;9.1972414799248856;19.163692275799928;26.773699332126455,-0.14687749700835179;0.61611468820763704;-0.74590599288083348;0.013857796706598766;-0.089887923500530917;0.18488392118036293;-0.18716034981373333;0.65388456079670898;0.6592506053423921;-0.078002988306339449;-0.073253255407953591;0.30223189499522324;0.84878963662464157;0.26558489985714456;0.02319142433256368;0.23214725061881825;0.38935356729879217;0.054721341592965322;0.35244838870705392;0.055372589147286821;-0.037124108812220412;-0.89019071473736366;-0.25729477079358037;-0.11267520814929177;0.28711222421402383;0.040789510598166136;0.053948653474208762;0.38156704013373388;-0.86487116598285707;-0.1392723571114953;0.12767482560571031;-0.34288835688990621;-0.064702320752752437;-0.042405596267547488;-0.14406661162925935;0.91618060453382111
3266,2,1.8846182862618837;2.952453764314209;5.2589338672579711;9.5496899642991515;19.177733138951798;27.974357285599261,-0.15920412156386129;0.63599005205652748;-0.72601407286533337;0.032790784857460044;-0.080649621989991926;0.18840029263514541;-0.20677080297251083;0.62765472736949701;0.67898514243358843;-0.069976677498194403;-0.075886730320379875;0.3026863448701646;0.84791559532534477;0.28292993277956391;0.039179067135936059;0.19386299351848954;0.39926748092613595;0.049572325532733691;0.34046509862673507;0.067316256352757578;-0.042899749506841826;-0.87093264015030958;-0.33181793428738443;-0.095314450877355211;0.28243590567406723;0.045128773470758964;0.056013778784766578;0.44443294215178497;-0.83652485749054217;-0.13327164855317655;0.13134877891478766;-0.33904094954575037;-0.073278995167707139;-0.020021614068675288;-0.1358136318442722;0.91846759009301737
3267,2,1.9896839602962608;2.8118359368836972;5.1995095915555387;9.4808913028868282;19.583789783367376;28.3482094166149,0.20079689323370881;0.63845216491314605;-0.71583306451133855;0.043606589448825596;-0.071727922289189366;0.18054372062863713;0.2347016207618475;0.60350658248928857;0.6863842228927306;-0.074299967524947358;-0.079314544924424801;0.31266654834987884;-0.83751115144009625;0.32701674391637608;0.039436559643353263;0.16301248509621685;0.40108276097441187;0.051375351358503601;-0.31735146079569992;0.084260388600806799;-0.05552218706849156;-0.86513168748672997;-0.36150800381533033;-0.099823095877788121;-0.28421229071758886;0.063600995950892747;0.055347465632054206;0.46595369928870345;-0.82360779446959498;-0.1291212460260725;-0.14724894644388006;-0.33177369913096361;-0.093586456664333878;-0.020957655181936173;-0.13667147121120082;0.91671545264131982
3268,2,1.8540424754947098;2.765957049581218;5.1856522343408598;9.6883856912131083;22.38986432819517;31.529233132477195,0.17726455597244761;0.59152063319484272;-0.76739334648908653;0.046303915847350441;-0.059413922639635221;0.15528683987613962;0.26582554676412956;0.65073177299702945;0.62685023232744763;-0.092029627680035406;-0.074141953006628625;0.31460648906873534;-0.84344149001515389;0.33625196521466905;0.053275986966196509;0.15333752703786066;0.38347457597017881;0.046234082768810095;-0.29366033821980936;0.062727970063702496;-0.06572793574168749;-0.8899278792400811;-0.32535137596986508;-0.08765556398323493;-0.28202328424498535;0.07851584493287532;0.061155004403244582;0.41682769295669769;-0.8493468494551204;-0.12418855977764494;-0.14403812587214376;-0.32169330094416387;-0.085251458096973015;-0.012535626982274591;-0.12913797915641104;0.92285690532757392
3269,2,1.7982174821487469;2.6913454392492691;5.1374685088819385;9.6948831733965815;22.925241246473863;30.786062979464113,0.18692572613133776;0.58207808210394774;-0.77118241255327968;0.049780674141215217;-0.072339150834420884;0.15430650521467285;0.26652588944289857;0.65359495293052261;0.62399410074442008;-0.076482195055798424;-0.084178982272986869;0.31539391683974033;-0.84281484331791767;0.34282571931280076;0.041326129454808652;0.15963977842868973;0.37609365904080483;0.059114447113009491;-0.28360559597896073;0.077139162615769349;-0.060219451357267244;-0.89942489007381798;-0.30180065535609391;-0.09971090582739317;-0.28483915536081444;0.071848266468126032;0.059324117742224805;0.39588826188790854;-0.85363101544015696;-0.15739029452589259;-0.14872923234083568;-0.32458688545913483;-0.083996824709543019;-0.0222452394863136;-0.16268054504020169;0.91570065646999466
3270,2,1.7194611170556253;2.738335438601275;5.2028160575697759;10.232434984602428;21.846951495415581;30.922164815877338,-0.20867157986008047;0.5812698730401199;-0.76720855073450478;0.037688038583670723;-0.069119571732520396;0.15419028077577102;-0.29425751009029477;0.6341439379370517;0.62920326072276789;-0.071948323444887816;-0.087727666840073479;0.32016329529359216;0.82166440520966388;0.37683197702441246;0.046628971104176901;0.15821020704080471;0.3900143718826794;0.059576215641411502;0.28339513822103396;0.090892996238386856;-0.047604689607655584;-0.89918353463272249;-0.29766904618208634;-0.10964288570308051;0.29413593197744059;0.08791721556980725;0.052515012374119145;0.39836748161763619;-0.8495413070667267;-0.15026545637151542;0.16705551136688207;-0.3193641936829254;-0.091082393645357543;-0.033836393488625049;-0.15839140611685062;0.91409530489279234
3271,2,1.7328143946794579;2.8472682472248438;5.1825548930333705;10.116593104100286;21.816787896412791;30.801948594777087,-0.19806643686512401;0.58826766734365987;-0.7676013424816448;0.027212470423540032;-0.074842990236650003;0.13840890662043456;-0.26211124937690405;0.65071884441319139;0.62727706467948008;-0.094194558016244032;-0.074812552989722322;0.31609591860386105;0.8337055089594525;0.34771207297002954;0.031364020282174804;0.18546329186561533;0.38105376277044117;0.058729329318002857;0.29855152048204003;0.074000929433316515;-0.051487902471684513;-0.90548995655959763;-0.25529889737710199;-0.13285427929753349;0.2910833757660316;0.078062524299969044;0.05844643756694512;0.36363660438559181;-0.86943237413821439;-0.13272713113604634;0.15211824952584005;-0.31310151091525779;-0.10129645212943193;-0.062020904415819228;-0.15003152470233819;0.91772025139510893
3272,2,1.8595676837856185;2.8738618821355493;4.9684976265951084;9.7135155334910621;24.5479877240512;31.00678955698287,-0.19597806328641354;0.52620647031437773;-0.81292292466543536;0.027250668231071144;-0.059260793383022342;0.14000438318767072;-0.27648357687706732;0.69915363849859058;0.57284785201063948;-0.088640119637847917;-0.040222366837068708;0.31162710141265898;0.8321599184443691;0.3551808408759089;0.015960214066215825;0.23796999012877465;0.35190363171706773;0.025215664947679482;0.30795799706822574;0.087840750871049145;-0.053907677113299489;-0.92121249186743837;-0.18358019313988833;-0.11047938445923837;0.27337962581207664;0.075281119168720004;0.049528897137498459;0.28412640612577744;-0.91293745013772398;-0.054411571508071979;0.15193667363413826;-0.30782180921965879;-0.073401493607041554;-0.073555042241128965;-0.062271007545485722;0.93138884419460444
3273,2,1.9606339368942054;2.849111871660376;5.0999095222763957;9.2566644256996184;26.669350467411839;32.934864513427286,-0.19881827253247439;0.45641760918217555;-0.85407293706184295;0.026912629831894193;-0.058493825096160086;0.1362639405541218;-0.26916019335255637;0.74599757171187298;0.51083582637442637;-0.091758745850471599;-0.024651348574775626;0.31789906476766061;0.8352857269999262;0.35167405904013321;-0.020906369510881713;0.23944796956504349;0.34744164578490994;0.011619243855218868;0.29922310422857096;0.078567597436816752;-0.063523700122796734;-0.92901548416077451;-0.15879750885535412;-0.10941200767003929;0.27902646588829028;0.0786940359277334;0.045122298162970545;0.25324880149819212;-0.92163339957759383;-0.019297139025353394;0.1514318471178718;-0.3148496888501921;-0.055658046282536157;-0.079473187402475415;-0.025106058585904659;0.93160825957039972
3274,2,1.9675354950901087;2.7629265925657291;5.0945774031560314;8.9398284908854304;27.149386285527385;33.098850974315717,0.18241993741864801;0.44949944619925153;-0.86194780790026337;0.039253737505871682;-0.081159362705297652;0.11658255740788767;0.25459273039671249;0.75929424413385294;0.49522496363951279;-0.084465670054682279;-0.063458495754910055;0.31975865545959647;-0.85202660828963395;0.33039598502101597;-0.024060285631496963;0.20401920719210354;0.34612839560368452;0.053680083432412234;-0.27089770103852379;0.06545182143268824;-0.066276466980861787;-0.93673439084273602;-0.1636362103874667;-0.11700340264384401;-0.28824318434349855;0.072230688244254881;0.055126156086819707;0.26017049828461802;-0.90651439220533936;-0.1385736981439491;-0.13959394356256349;-0.32056166102742994;-0.061545522494580257;-0.067385833864104877;-0.14503847176947984;0.92108028540517028
3275,2,2.0012810001008963;2.8829166504994284;5.0339575523887845;9.5832812317553664;23.659716209180104;30.939575218169544,0.17429628304849235;0.519273631987481;-0.82005171650628794;0.05790097276709999;-0.07232296698343528;0.13750545040992565;0.26098744526785805;0.71068364053814226;0.56033634620030204;-0.076475372290166571;-0.080202517193191117;0.31710655824164252;-0.84851862189848892;0.33099753052921782;0.02025268975372789;0.18808037370495451;0.36240189099983372;0.057768971425303517;-0.28108475538288485;0.076185753817128943;-0.071763756633955053;-0.92089185267386919;-0.2309318748816642;-0.093089845219394673;-0.28782734846230229;0.066901478182723351;0.055841551737309363;0.32613382507458111;-0.88248465660192987;-0.15626544659038707;-0.14024722880695417;-0.32472175182735158;-0.069712798488344621;-0.031932610820607367;-0.15777551808866669;0.91875667000958472
3276,2,1.7166105495830786;2.6991011454470493;5.0869825441263501;9.5009929238147812;24.160573933840631;32.272228615714411,0.16860774740130877;0.50749153861306029;-0.83077678145157552;0.038419827693043765;-0.069852297200182184;0.13220544077026511;0.27719364364619209;0.71078815882644608;0.54586765130994996;-0.068673011393578676;-0.066912901260578195;0.3328348923995903;-0.84392309930384612;0.3435940234231773;0.021335426492925948;0.16173067718378287;0.37586482573436125;0.043018251231097072;-0.26644315397719998;0.066932756746617708;-0.048092068943592907;-0.92354176608945926;-0.24981386768717684;-0.082938787531774652;-0.2987562277063574;0.080042232583007536;0.057980940030474049;0.33771298765622287;-0.87836221888079158;-0.12412058013922239;-0.14927047934921342;-0.32907282727924853;-0.075555342157862984;-0.025916532571301266;-0.12426502706076772;0.92065592107028393
3277,0,0;0;0;0;0;0,1;0;0;0;0;0;0;1;0;0;0;0;0;0;1;0;0;0;0;0;0;1;0;0;0;0;0;0;1;0;0;0;0;0;0;1
3278,0,0;0;0;0;0;0,1;0;0;0;0;0;0;1;0;0;0;0;0;0;1;0;0;0;0;0;0;1;0;0;0;0;0;0;1;0;0;0;0;0;0;1
3279,0,0;0;0;0;0;0,1;0;0;0;0;0;0;1;0;0;0;0;0;0;1;0;0;0;0;0;0;1;0;0;0;0;0;0;1;0;0;0;0;0;0;1
3280,0,0;0;0;0;0;0,1;0;0;0;0;0;0;1;0;0;0;0;0;0;1;0;0;0;0;0;0;1;0;0;0;0;0;0;1;0;0;0;0;0;0;1
3281,0,0;0;0;0;0;0,1;0;0;0;0;0;0;1;0;0;0;0;0;0;1;0;0;0;0;0;0;1;0;0;0;0;0;0;1;0;0;0;0;0;0;1
3282,0,0;0;0;0;0;0,1;0;0;0;0;0;0;1;0;0;0;0;0;0;1;0;0;0;0;0;0;1;0;0;0;0;0;0;1;0;0;0;0;0;0;1
3283,0,0;0;0;0;0;0,1;0;0;0;0;0;0;1;0;0;0;0;0;0;1;0;0;0;0;0;0;1;0;0;0;0;0;0;1;0;0;0;0;0;0;1
3284,0,0;0;0;0;0;0,1;0;0;0;0;0;0;1;0;0;0;0;0;0;1;0;0;0;0;0;0;1;0;0;0;0;0;0;1;0;0;0;0;0;0;1
3285,0,0;0;0;0;0;0,1;0;0;0;0;0;0;1;0;0;0;0;0;0;1;0;0;0;0;0;0;1;0;0;0;0;0;0;1;0;0;0;0;0;0;1
3286,0,0;0;0;0;0;0,1;0;0;0;0;0;0;1;0;0;0;0;0;0;1;0;0;0;0;0;0;1;0;0;0;0;0;0;1;0;0;0;0;0;0;1
3287,0,0;0;0;0;0;0,1;0;0;0;0;0;0;1;0;0;0;0;0;0;1;0;0;0;0;0;0;1;0;0;0;0;0;0;1;0;0;0;0;0;0;1
3288,0,0;0;0;0;0;0,1;0;0;0;0;0;0;1;0;0;0;0;0;0;1;0;0;0;0;0;0;1;0;0;0;0;0;0;1;0;0;0;0;0;0;1
3289,0,0;0;0;0;0;0,1;0;0;0;0;0;0;1;0;0;0;0;0;0;1;0;0;0;0;0;0;1;0;0;0;0;0;0;1;0;0;0;0;0;0;1
3290,0,0;0;0;0;0;0,1;0;0;0;0;0;0;1;0;0;0;0;0;0;1;0;0;0;0;0;0;1;0;0;0;0;0;0;1;0;0;0;0;0;0;1
3291,0,0;0;0;0;0;0,1;0;0;0;0;0;0;1;0;0;0;0;0;0;1;0;0;0;0;0;0;1;0;0;0;0;0;0;1;0;0;0;0;0;0;1
3292,0,0;0;0;0;0;0,1;0;0;0;0;0;0;1;0;0;0;0;0;0;1;0;0;0;0;0;0;1;0;0;0;0;0;0;1;0;0;0;0;0;0;1
3293,0,0;0;0;0;0;0,1;0;0;0;0;0;0;1;0;0;0;0;0;0;1;0;0;0;0;0;0;1;0;0;0;0;0;0;1;0;0;0;0;0;0;1
3294,0,0;0;0;0;0;0,1;0;0;0;0;0;0;1;0;0;0;0;0;0;1;0;0;0;0;0;0;1;0;0;0;0;0;0;1;0;0;0;0;0;0;1
3295,0,0;0;0;0;0;0,1;0;0;0;0;0;0;1;0;0;0;0;0;0;1;0;0;0;0;0;0;1;0;0;0;0;0;0;1;0;0;0;0;0;0;1
3296,0,0;0;0;0;0;0,1;0;0;0;0;0;0;1;0;0;0;0;0;0;1;0;0;0;0;0;0;1;0;0;0;0;0;0;1;0;0;0;0;0;0;1
3297,0,0;0;0;0;0;0,1;0;0;0;0;0;0;1;0;0;0;0;0;0;1;0;0;0;0;0;0;1;0;0;0;0;0;0;1;0;0;0;0;0;0;1
3298,0,0;0;0;0;0;0,1;0;0;0;0;0;0;1;0;0;0;0;0;0;1;0;0;0;0;0;0;1;0;0;0;0;0;0;1;0;0;0;0;0;0;1
3299,0,0;0;0;0;0;0,1;0;0;0;0;0;0;1;0;0;0;0;0;0;1;0;0;0;0;0;0;1;0;0;0;0;0;0;1;0;0;0;0;0;0;1
3300,0,0;0;0;0;0;0,1;0;0;0;0;0;0;1;0;0;0;0;0;0;1;0;0;0;0;0;0;1;0;0;0;0;0;0;1;0;0;0;0;0;0;1
3301,0,0;0;0;0;0;0,1;0;0;0;0;0;0;1;0;0;0;0;0;0;1;0;0;0;0;0;0;1;0;0;0;0;0;0;1;0;0;0;0;0;0;1
3302,0,0;0;0;0;0;0,1;0;0;0;0;0;0;1;0;0;0;0;0;0;1;0;0;0;0;0;0;1;0;0;0;0;0;0;1;0;0;0;0;0;0;1
3303,0,0;0;0;0;0;0,1;0;0;0;0;0;0;1;0;0;0;0;0;0;1;0;0;0;0;0;0;1;0;0;0;0;0;0;1;0;0;0;0;0;0;1
3304,0,0;0;0;0;0;0,1;0;0;0;0;0;0;1;0;0;0;0;0;0;1;0;0;0;0;0;0;1;0;0;0;0;0;0;1;0;0;0;0;0;0;1
3305,0,0;0;0;0;0;0,1;0;0;0;0;0;0;1;0;0;0;0;0;0;1;0;0;0;0;0;0;1;0;0;0;0;0;0;1;0;0;0;0;0;0;1
3306,0,0;0;0;0;0;0,1;0;0;0;0;0;0;1;0;0;0;0;0;0;1;0;0;0;0;0;0;1;0;0;0;0;0;0;1;0;0;0;0;0;0;1
3307,0,0;0;0;0;0;0,1;0;0;0;0;0;0;1;0;0;0;0;0;0;1;0;0;0;0;0;0;1;0;0;0;0;0;0;1;0;0;0;0;0;0;1
3308,0,0;0;0;0;0;0,1;0;0;0;0;0;0;1;0;0;0;0;0;0;1;0;0;0;0;0;0;1;0;0;0;0;0;0;1;0;0;0;0;0;0;1
3309,0,0;0;0;0;0;0,1;0;0;0;0;0;0;1;0;0;0;0;0;0;1;0;0;0;0;0;0;1;0;0;0;0;0;0;1;0;0;0;0;0;0;1
3310,0,0;0;0;0;0;0,1;0;0;0;0;0;0;1;0;0;0;0;0;0;1;0;0;0;0;0;0;1;0;0;0;0;0;0;1;0;0;0;0;0;0;1
3311,0,0;0;0;0;0;0,1;0;0;0;0;0;0;1;0;0;0;0;0;0;1;0;0;0;0;0;0;1;0;0;0;0;0;0;1;0;0;0;0;0;0;1
3312,0,0;0;0;0;0;0,1;0;0;0;0;0;0;1;0;0;0;0;0;0;1;0;0;0;0;0;0;1;0;0;0;0;0;0;1;0;0;0;0;0;0;1
3313,0,0;0;0;0;0;0,1;0;0;0;0;0;0;1;0;0;0;0;0;0;1;0;0;0;0;0;0;1;0;0;0;0;0;0;1;0;0;0;0;0;0;1
3314,0,0;0;0;0;0;0,1;0;0;0;0;0;0;1;0;0;0;0;0;0;1;0;0;0;0;0;0;1;0;0;0;0;0;0;1;0;0;0;0;0;0;1
3315,0,0;0;0;0;0;0,1;0;0;0;0;0;0;1;0;0;0;0;0;0;1;0;0;0;0;0;0;1;0;0;0;0;0;0;1;0;0;0;0;0;0;1
3316,0,0;0;0;0;0;0,1;0;0;0;0;0;0;1;0;0;0;0;0;0;1;0;0;0;0;0;0;1;0;0;0;0;0;0;1;0;0;0;0;0;0;1
3317,0,0;0;0;0;0;0,1;0;0;0;0;0;0;1;0;0;0;0;0;0;1;0;0;0;0;0;0;1;0;0;0;0;0;0;1;0;0;0;0;0;0;1
3318,0,0;0;0;0;0;0,1;0;0;0;0;0;0;1;0;0;0;0;0;0;1;0;0;0;0;0;0;1;0;0;0;0;0;0;1;0;0;0;0;0;0;1
3319,0,0;0;0;0;0;0,1;0;0;0;0;0;0;1;0;0;0;0;0;0;1;0;0;0;0;0;0;1;0;0;0;0;0;0;1;0;0;0;0;0;0;1
3320,0,0;0;0;0;0;0,1;0;0;0;0;0;0;1;0;0;0;0;0;0;1;0;0;0;0;0;0;1;0;0;0;0;0;0;1;0;0;0;0;0;0;1
3321,0,0;0;0;0;0;0,1;0;0;0;0;0;0;1;0;0;0;0;0;0;1;0;0;0;0;0;0;1;0;0;0;0;0;0;1;0;0;0;0;0;0;1
3322,0,0;0;0;0;0;0,1;0;0;0;0;0;0;1;0;0;0;0;0;0;1;0;0;0;0;0;0;1;0;0;0;0;0;0;1;0;0;0;0;0;0;1
3323,0,0;0;0;0;0;0,1;0;0;0;0;0;0;1;0;0;0;0;0;0;1;0;0;0;0;0;0;1;0;0;0;0;0;0;1;0;0;0;0;0;0;1
3324,0,0;0;0;0;0;0,1;0;0;0;0;0;0;1;0;0;0;0;0;0;1;0;0;0;0;0;0;1;0;0;0;0;0;0;1;0;0;0;0;0;0;1
3325,0,0;0;0;0;0;0,1;0;0;0;0;0;0;1;0;0;0;0;0;0;1;0;0;0;0;0;0;1;0;0;0;0;0;0;1;0;0;0;0;0;0;1
3326,0,0;0;0;0;0;0,1;0;0;0;0;0;0;1;0;0;0;0;0;0;1;0;0;0;0;0;0;1;0;0;0;0;0;0;1;0;0;0;0;0;0;1
3327,0,0;0;0;0;0;0,1;0;0;0;0;0;0;1;0;0;0;0;0;0;1;0;0;0;0;0;0;1;0;0;0;0;0;0;1;0;0;0;0;0;0;1
3328,0,0;0;0;0;0;0,1;0;0;0;0;0;0;1;0;0;0;0;0;0;1;0;0;0;0;0;0;1;0;0;0;0;0;0;1;0;0;0;0;0;0;1
3329,0,0;0;0;0;0;0,1;0;0;0;0;0;0;1;0;0;0;0;0;0;1;0;0;0;0;0;0;1;0;0;0;0;0;0;1;0;0;0;0;0;0;1
3330,0,0;0;0;0;0;0,1;0;0;0;0;0;0;1;0;0;0;0;0;0;1;0;0;0;0;0;0;1;0;0;0;0;0;0;1;0;0;0;0;0;0;1
3331,0,0;0;0;0;0;0,1;0;0;0;0;0;0;1;0;0;0;0;0;0;1;0;0;0;0;0;0;1;0;0;0;0;0;0;1;0;0;0;0;0;0;1
3332,0,0;0;0;0;0;0,1;0;0;0;0;0;0;1;0;0;0;0;0;0;1;0;0;0;0;0;0;1;0;0;0;0;0;0;1;0;0;0;0;0;0;1
3333,0,0;0;0;0;0;0,1;0;0;0;0;0;0;1;0;0;0;0;0;0;1;0;0;0;0;0;0;1;0;0;0;0;0;0;1;0;0;0;0;0;0;1
3334,0,0;0;0;0;0;0,1;0;0;0;0;0;0;1;0;0;0;0;0;0;1;0;0;0;0;0;0;1;0;0;0;0;0;0;1;0;0;0;0;0;0;1
3335,0,0;0;0;0;0;0,1;0;0;0;0;0;0;1;0;0;0;0;0;0;1;0;0;0;0;0;0;1;0;0;0;0;0;0;1;0;0;0;0;0;0;1
3336,0,0;0;0;0;0;0,1;0;0;0;0;0;0;1;0;0;0;0;0;0;1;0;0;0;0;0;0;1;0;0;0;0;0;0;1;0;0;0;0;0;0;1
3337,0,0;0;0;0;0;0,1;0;0;0;0;0;0;1;0;0;0;0;0;0;1;0;0;0;0;0;0;1;0;0;0;0;0;0;1;0;0;0;0;0;0;1
3338,0,0;0;0;0;0;0,1;0;0;0;0;0;0;1;0;0;0;0;0;0;1;0;0;0;0;0;0;1;0;0;0;0;0;0;1;0;0;0;0;0;0;1
3339,0,0;0;0;0;0;0,1;0;0;0;0;0;0;1;0;0;0;0;0;0;1;0;0;0;0;0;0;1;0;0;0;0;0;0;1;0;0;0;0;0;0;1
3340,0,0;0;0;0;0;0,1;0;0;0;0;0;0;1;0;0;0;0;0;0;1;0;0;0;0;0;0;1;0;0;0;0;0;0;1;0;0;0;0;0;0;1
3341,0,0;0;0;0;0;0,1;0;0;0;0;0;0;1;0;0;0;0;0;0;1;0;0;0;0;0;0;1;0;0;0;0;0;0;1;0;0;0;0;0;0;1
3342,0,0;0;0;0;0;0,1;0;0;0;0;0;0;1;0;0;0;0;0;0;1;0;0;0;0;0;0;1;0;0;0;0;0;0;1;0;0;0;0;0;0;1
3343,0,0;0;0;0;0;0,1;0;0;0;0;0;0;1;0;0;0;0;0;0;1;0;0;0;0;0;0;1;0;0;0;0;0;0;1;0;0;0;0;0;0;1
3344,0,0;0;0;0;0;0,1;0;0;0;0;0;0;1;0;0;0;0;0;0;1;0;0;0;0;0;0;1;0;0;0;0;0;0;1;0;0;0;0;0;0;1
3345,0,0;0;0;0;0;0,1;0;0;0;0;0;0;1;0;0;0;0;0;0;1;0;0;0;0;0;0;1;0;0;0;0;0;0;1;0;0;0;0;0;0;1
3346,0,0;0;0;0;0;0,1;0;0;0;0;0;0;1;0;0;0;0;0;0;1;0;0;0;0;0;0;1;0;0;0;0;0;0;1;0;0;0;0;0;0;1
3347,0,0;0;0;0;0;0,1;0;0;0;0;0;0;1;0;0;0;0;0;0;1;0;0;0;0;0;0;1;0;0;0;0;0;0;1;0;0;0;0;0;0;1
3348,0,0;0;0;0;0;0,1;0;0;0;0;0;0;1;0;0;0;0;0;0;1;0;0;0;0;0;0;1;0;0;0;0;0;0;1;0;0;0;0;0;0;1
3349,0,0;0;0;0;0;0,1;0;0;0;0;0;0;1;0;0;0;0;0;0;1;0;0;0;0;0;0;1;0;0;0;0;0;0;1;0;0;0;0;0;0;1
3350,0,0;0;0;0;0;0,1;0;0;0;0;0;0;1;0;0;0;0;0;0;1;0;0;0;0;0;0;1;0;0;0;0;0;0;1;0;0;0;0;0;0;1
3351,0,0;0;0;0;0;0,1;0;0;0;0;0;0;1;0;0;0;0;0;0;1;0;0;0;0;0;0;1;0;0;0;0;0;0;1;0;0;0;0;0;0;1
3352,0,0;0;0;0;0;0,1;0;0;0;0;0;0;1;0;0;0;0;0;0;1;0;0;0;0;0;0;1;0;0;0;0;0;0;1;0;0;0;0;0;0;1
3353,0,0;0;0;0;0;0,1;0;0;0;0;0;0;1;0;0;0;0;0;0;1;0;0;0;0;0;0;1;0;0;0;0;0;0;1;0;0;0;0;0;0;1
3354,0,0;0;0;0;0;0,1;0;0;0;0;0;0;1;0;0;0;0;0;0;1;0;0;0;0;0;0;1;0;0;0;0;0;0;1;0;0;0;0;0;0;1
3355,0,0;0;0;0;0;0,1;0;0;0;0;0;0;1;0;0;0;0;0;0;1;0;0;0;0;0;0;1;0;0;0;0;0;0;1;0;0;0;0;0;0;1
3356,0,0;0;0;0;0;0,1;0;0;0;0;0;0;1;0;0;0;0;0;0;1;0;0;0;0;0;0;1;0;0;0;0;0;0;1;0;0;0;0;0;0;1
3357,0,0;0;0;0;0;0,1;0;0;0;0;0;0;1;0;0;0;0;0;0;1;0;0;0;0;0;0;1;0;0;0;0;0;0;1;0;0;0;0;0;0;1
3358,0,0;0;0;0;0;0,1;0;0;0;0;0;0;1;0;0;0;0;0;0;1;0;0;0;0;0;0;1;0;0;0;0;0;0;1;0;0;0;0;0;0;1
3359,0,0;0;0;0;0;0,1;0;0;0;0;0;0;1;0;0;0;0;0;0;1;0;0;0;0;0;0;1;0;0;0;0;0;0;1;0;0;0;0;0;0;1
3360,0,0;0;0;0;0;0,1;0;0;0;0;0;0;1;0;0;0;0;0;0;1;0;0;0;0;0;0;1;0;0;0;0;0;0;1;0;0;0;0;0;0;1
3361,0,0;0;0;0;0;0,1;0;0;0;0;0;0;1;0;0;0;0;0;0;1;0;0;0;0;0;0;1;0;0;0;0;0;0;1;0;0;0;0;0;0;1
3362,0,0;0;0;0;0;0,1;0;0;0;0;0;0;1;0;0;0;0;0;0;1;0;0;0;0;0;0;1;0;0;0;0;0;0;1;0;0;0;0;0;0;1
3363,0,0;0;0;0;0;0,1;0;0;0;0;0;0;1;0;0;0;0;0;0;1;0;0;0;0;0;0;1;0;0;0;0;0;0;1;0;0;0;0;0;0;1
3364,0,0;0;0;0;0;0,1;0;0;0;0;0;0;1;0;0;0;0;0;0;1;0;0;0;0;0;0;1;0;0;0;0;0;0;1;0;0;0;0;0;0;1
3365,0,0;0;0;0;0;0,1;0;0;0;0;0;0;1;0;0;0;0;0;0;1;0;0;0;0;0;0;1;0;0;0;0;0;0;1;0;0;0;0;0;0;1
3366,0,0;0;0;0;0;0,1;0;0;0;0;0;0;1;0;0;0;0;0;0;1;0;0;0;0;0;0;1;0;0;0;0;0;0;1;0;0;0;0;0;0;1
3367,0,0;0;0;0;0;0,1;0;0;0;0;0;0;1;0;0;0;0;0;0;1;0;0;0;0;0;0;1;0;0;0;0;0;0;1;0;0;0;0;0;0;1
3368,0,0;0;0;0;0;0,1;0;0;0;0;0;0;1;0;0;0;0;0;0;1;0;0;0;0;0;0;1;0;0;0;0;0;0;1;0;0;0;0;0;0;1
3369,0,0;0;0;0;0;0,1;0;0;0;0;0;0;1;0;0;0;0;0;0;1;0;0;0;0;0;0;1;0;0;0;0;0;0;1;0;0;0;0;0;0;1
3370,0,0;0;0;0;0;0,1;0;0;0;0;0;0;1;0;0;0;0;0;0;1;0;0;0;0;0;0;1;0;0;0;0;0;0;1;0;0;0;0;0;0;1
3371,0,0;0;0;0;0;0,1;0;0;0;0;0;0;1;0;0;0;0;0;0;1;0;0;0;0;0;0;1;0;0;0;0;0;0;1;0;0;0;0;0;0;1
3372,0,0;0;0;0;0;0,1;0;0;0;0;0;0;1;0;0;0;0;0;0;1;0;0;0;0;0;0;1;0;0;0;0;0;0;1;0;0;0;0;0;0;1
3373,0,0;0;0;0;0;0,1;0;0;0;0;0;0;1;0;0;0;0;0;0;1;0;0;0;0;0;0;1;0;0;0;0;0;0;1;0;0;0;0;0;0;1
3374,0,0;0;0;0;0;0,1;0;0;0;0;0;0;1;0;0;0;0;0;0;1;0;0;0;0;0;0;1;0;0;0;0;0;0;1;0;0;0;0;0;0;1
3375,0,0;0;0;0;0;0,1;0;0;0;0;0;0;1;0;0;0;0;0;0;1;0;0;0;0;0;0;1;0;0;0;0;0;0;1;0;0;0;0;0;0;1
3376,0,0;0;0;0;0;0,1;0;0;0;0;0;0;1;0;0;0;0;0;0;1;0;0;0;0;0;0;1;0;0;0;0;0;0;1;0;0;0;0;0;0;1
3377,0,0;0;0;0;0;0,1;0;0;0;0;0;0;1;0;0;0;0;0;0;1;0;0;0;0;0;0;1;0;0;0;0;0;0;1;0;0;0;0;0;0;1
3378,0,0;0;0;0;0;0,1;0;0;0;0;0;0;1;0;0;0;0;0;0;1;0;0;0;0;0;0;1;0;0;0;0;0;0;1;0;0;0;0;0;0;1
3379,0,0;0;0;0;0;0,1;0;0;0;0;0;0;1;0;0;0;0;0;0;1;0;0;0;0;0;0;1;0;0;0;0;0;0;1;0;0;0;0;0;0;1
3380,0,0;0;0;0;0;0,1;0;0;0;0;0;0;1;0;0;0;0;0;0;1;0;0;0;0;0;0;1;0;0;0;0;0;0;1;0;0;0;0;0;0;1
3381,0,0;0;0;0;0;0,1;0;0;0;0;0;0;1;0;0;0;0;0;0;1;0;0;0;0;0;0;1;0;0;0;0;0;0;1;0;0;0;0;0;0;1
3382,0,0;0;0;0;0;0,1;0;0;0;0;0;0;1;0;0;0;0;0;0;1;0;0;0;0;0;0;1;0;0;0;0;0;0;1;0;0;0;0;0;0;1
3383,0,0;0;0;0;0;0,1;0;0;0;0;0;0;1;0;0;0;0;0;0;1;0;0;0;0;0;0;1;0;0;0;0;0;0;1;0;0;0;0;0;0;1
3384,0,0;0;0;0;0;0,1;0;0;0;0;0;0;1;0;0;0;0;0;0;1;0;0;0;0;0;0;1;0;0;0;0;0;0;1;0;0;0;0;0;0;1
3385,0,0;0;0;0;0;0,1;0;0;0;0;0;0;1;0;0;0;0;0;0;1;0;0;0;0;0;0;1;0;0;0;0;0;0;1;0;0;0;0;0;0;1
3386,0,0;0;0;0;0;0,1;0;0;0;0;0;0;1;0;0;0;0;0;0;1;0;0;0;0;0;0;1;0;0;0;0;0;0;1;0;0;0;0;0;0;1
3387,0,0;0;0;0;0;0,1;0;0;0;0;0;0;1;0;0;0;0;0;0;1;0;0;0;0;0;0;1;0;0;0;0;0;0;1;0;0;0;0;0;0;1
3388,0,0;0;0;0;0;0,1;0;0;0;0;0;0;1;0;0;0;0;0;0;1;0;0;0;0;0;0;1;0;0;0;0;0;0;1;0;0;0;0;0;0;1
3389,0,0;0;0;0;0;0,1;0;0;0;0;0;0;1;0;0;0;0;0;0;1;0;0;0;0;0;0;1;0;0;0;0;0;0;1;0;0;0;0;0;0;1
3390,0,0;0;0;0;0;0,1;0;0;0;0;0;0;1;0;0;0;0;0;0;1;0;0;0;0;0;0;1;0;0;0;0;0;0;1;0;0;0;0;0;0;1
3391,0,0;0;0;0;0;0,1;0;0;0;0;0;0;1;0;0;0;0;0;0;1;0;0;0;0;0;0;1;0;0;0;0;0;0;1;0;0;0;0;0;0;1
3392,0,0;0;0;0;0;0,1;0;0;0;0;0;0;1;0;0;0;0;0;0;1;0;0;0;0;0;0;1;0;0;0;0;0;0;1;0;0;0;0;0;0;1
3393,0,0;0;0;0;0;0,1;0;0;0;0;0;0;1;0;0;0;0;0;0;1;0;0;0;0;0;0;1;0;0;0;0;0;0;1;0;0;0;0;0;0;1
3394,0,0;0;0;0;0;0,1;0;0;0;0;0;0;1;0;0;0;0;0;0;1;0;0;0;0;0;0;1;0;0;0;0;0;0;1;0;0;0;0;0;0;1
3395,0,0;0;0;0;0;0,1;0;0;0;0;0;0;1;0;0;0;0;0;0;1;0;0;0;0;0;0;1;0;0;0;0;0;0;1;0;0;0;0;0;0;1
3396,0,0;0;0;0;0;0,1;0;0;0;0;0;0;1;0;0;0;0;0;0;1;0;0;0;0;0;0;1;0;0;0;0;0;0;1;0;0;0;0;0;0;1
3397,0,0;0;0;0;0;0,1;0;0;0;0;0;0;1;0;0;0;0;0;0;1;0;0;0;0;0;0;1;0;0;0;0;0;0;1;0;0;0;0;0;0;1
3398,0,0;0;0;0;0;0,1;0;0;0;0;0;0;1;0;0;0;0;0;0;1;0;0;0;0;0;0;1;0;0;0;0;0;0;1;0;0;0;0;0;0;1
3399,0,0;0;0;0;0;0,1;0;0;0;0;0;0;1;0;0;0;0;0;0;1;0;0;0;0;0;0;1;0;0;0;0;0;0;1;0;0;0;0;0;0;1
3400,0,0;0;0;0;0;0,1;0;0;0;0;0;0;1;0;0;0;0;0;0;1;0;0;0;0;0;0;1;0;0;0;0;0;0;1;0;0;0;0;0;0;1
3401,0,0;0;0;0;0;0,1;0;0;0;0;0;0;1;0;0;0;0;0;0;1;0;0;0;0;0;0;1;0;0;0;0;0;0;1;0;0;0;0;0;0;1
3402,0,0;0;0;0;0;0,1;0;0;0;0;0;0;1;0;0;0;0;0;0;1;0;0;0;0;0;0;1;0;0;0;0;0;0;1;0;0;0;0;0;0;1
3403,0,0;0;0;0;0;0,1;0;0;0;0;0;0;1;0;0;0;0;0;0;1;0;0;0;0;0;0;1;0;0;0;0;0;0;1;0;0;0;0;0;0;1
3404,0,0;0;0;0;0;0,1;0;0;0;0;0;0;1;0;0;0;0;0;0;1;0;0;0;0;0;0;1;0;0;0;0;0;0;1;0;0;0;0;0;0;1
3405,0,0;0;0;0;0;0,1;0;0;0;0;0;0;1;0;0;0;0;0;0;1;0;0;0;0;0;0;1;0;0;0;0;0;0;1;0;0;0;0;0;0;1
3406,0,0;0;0;0;0;0,1;0;0;0;0;0;0;1;0;0;0;0;0;0;1;0;0;0;0;0;0;1;0;0;0;0;0;0;1;0;0;0;0;0;0;1
3407,0,0;0;0;0;0;0,1;0;0;0;0;0;0;1;0;0;0;0;0;0;1;0;0;0;0;0;0;1;0;0;0;0;0;0;1;0;0;0;0;0;0;1
3408,0,0;0;0;0;0;0,1;0;0;0;0;0;0;1;0;0;0;0;0;0;1;0;0;0;0;0;0;1;0;0;0;0;0;0;1;0;0;0;0;0;0;1
3409,0,0;0;0;0;0;0,1;0;0;0;0;0;0;1;0;0;0;0;0;0;1;0;0;0;0;0;0;1;0;0;0;0;0;0;1;0;0;0;0;0;0;1
3410,0,0;0;0;0;0;0,1;0;0;0;0;0;0;1;0;0;0;0;0;0;1;0;0;0;0;0;0;1;0;0;0;0;0;0;1;0;0;0;0;0;0;1
3411,2,1.9325695054105627;2.5192826183834529;6.9413857362343858;16.618427065668751;50.987102673283395;65.62548079241509,0.19349740563600645;0.95406439574043977;-0.099073730315543118;0.096525587906002866;-0.08599379542804117;0.16059936731260183;-0.063046664528006044;0.10930471001234002;0.99036247163586399;0.048073361294547215;0.022689453415719971;0.020830599459786065;0.93539221144089646;-0.20607727576138773;0.079829430787988209;0.17535017618326615;-0.202314633093228;-0.067245327862914026;-0.22396718248130698;0.030770729072797074;0.0086536769830442197;0.052212632117741124;-0.88155817517130464;-0.4110304150721244;-0.17420993542640514;-0.071035430785183484;-0.053457154673844286;0.97644182958572756;0.074799313010947374;0.052092367909660472;0.055811131952779036;0.17132686704018332;-0.0078281035750342055;0.038200432044109868;0.41038919533737489;-0.893080275404596
3412,2,1.8431150722546912;2.4256767177200373;6.8893215049503391;17.184375411623648;51.039535988170485;66.792052045237298,0.14006020773797753;0.95935365316074339;-0.14168605323443348;0.077430905735009853;-0.086538396332667203;0.16267860797169031;-0.056828753615795646;0.14531730405057969;0.98594355488871988;0.046950468502657834;0.012256080372429992;0.034844260368464997;0.95087847251189983;-0.14730864992846474;0.074779059129756686;0.13944134630132318;-0.21211746896155015;-0.064036511369513605;-0.21653688648619468;0.022327718833742224;0.011218798482600276;-0.044227364182828098;-0.89363783838290489;-0.38979833554149629;-0.15533108607672358;-0.070445997493897419;-0.046061365245980507;0.98356181482699045;-0.025339715579238583;0.027423001214155598;0.044359801322780452;0.17709445326049156;0.00097488470812464071;0.05482988197860221;0.38488490024955785;-0.9030648425516723
3413,2,1.8542818511756556;2.3533857939487475;6.7386829385045113;17.644178011981822;55.618896605176339;69.040533884136025,0.028663264118730183;0.96581948728374278;-0.17487760087266416;0.048980079186041643;-0.09511086698480864;0.15602510955092111;-0.074538802881157731;0.17075632376866937;0.98038340935753376;0.048057964758225581;0.0035021372137855446;0.042576783260190702;0.9690312319838813;-0.025480137374355331;0.078551261706482911;0.077630866083390843;-0.20391914690420879;-0.080928137755091056;-0.20615500726860531;0.0043429189973052508;0.013634052066968426;-0.15472064367283919;-0.85637345960356959;-0.44719278255018163;-0.108266994667053;-0.065476516988016487;-0.043586352077914545;0.98053006617675564;-0.14253186439650106;-0.018351306669730727;0.019473737154190453;0.18187831990939124;0.0031995610034963816;0.062346966584091945;0.44234353715236246;-0.87577158210053285
3414,2,1.7895789652352607;2.1901845158739883;6.6621631620659301;14.73373664614965;57.451843001360203;67.572197020781473,-0.10672331309258419;0.95558178131869198;-0.19934094666416968;0.041958621313427959;-0.080395478635510914;0.16586989404293187;-0.089605009369487509;0.18206450189702522;0.97614650797283409;0.057819704585107726;-0.0016996392136250779;0.051141445086720874;0.96444602578428917;0.11456806804421081;0.067490804197284412;0.053256917936799326;-0.2096012054533635;-0.073444181843636283;-0.2070197107157892;-0.018297417148786039;0.015137970241905569;-0.20659403288694805;-0.87630924568431245;-0.38207315694966998;-0.086109418634015389;-0.073432817824400032;-0.050427967908044255;0.97260476097520676;-0.19391296778372702;-0.032978010783151573;-0.012367193901180771;0.18671625515056811;0.0086043717898825443;0.058471711578400851;0.3795798727112723;-0.90410742533243571
3415,2,1.6533343441515296;2.094444328140769;6.6962837833793261;14.451610485777056;58.228667928653337;69.27109198975451,-0.063449365395731969;0.95813245482857379;-0.20686097150704955;0.048340160306603812;-0.07602046339555317;0.16446590390979993;-0.07792904903122852;0.19335554671437785;0.97509297844804754;0.052018280688711303;0.00079636117065309993;0.055025844257626903;0.96983626831976733;0.070479103411891494;0.064397541775972802;0.058571510869372193;-0.20564092061103395;-0.067708604562356875;-0.20041811618245362;-0.0066850768002077116;0.017937152560399395;-0.21606265663029131;-0.88450756638092076;-0.36115016327953997;-0.095507668645419957;-0.07509635491848983;-0.042544172209844439;0.97022409815756949;-0.20269983770054303;-0.031729974304381459;-0.0054514159031324068;0.18423999231259008;0.011109924873345575;0.059235405412585873;0.35845670245558509;-0.91318258638505079
3416,2,1.6155865677712213;2.0979030406547943;6.5354506131832881;15.016340362127989;54.760613182913062;67.093914108597829,0.025057750718448912;0.95557209775926466;-0.22251211228993156;0.061607564865653719;-0.079673842274674667;0.16309206542832758;-0.061902569382434568;0.21476794639317481;0.97193878831837088;0.040047430654840135;-0.0013691700506257079;0.061417599590390622;0.96936791993920002;-0.020695808031040992;0.066962402236455262;0.08438978511484907;-0.20831940686369796;-0.069963882837080271;-0.19571529348576974;0.013912790823489257;0.016217180585773351;-0.23381064265756576;-0.87745499632147361;-0.36965426280737995;-0.13212439391126571;-0.077540555108743719;-0.029136104995241874;0.96354535772182714;-0.21472210413001061;-0.034006702918866503;0.010231581250873095;0.18472215698418168;0.015082399436656083;0.06627218428807144;0.36636099189594784;-0.90935866515811925
3417,2,1.5147598678112364;2.1078617582282844;6.5088672234857068;14.260045033849643;53.921644311501872;66.566393761749396,0.089909410125633416;0.94142048416805402;-0.26332051662829908;0.049958834908184639;-0.078004124522977406;0.16650990016895023;-0.043792403488837089;0.25624666531534157;0.96125582914519891;0.051758105113241956;-0.009332754320077942;0.075107263947649397;0.96424187667106154;-0.084887248722844102;0.064487248076912806;0.097840537475869807;-0.2116151936257975;-0.067226424616751573;-0.18793717535655102;0.02770939958797124;0.017886425178544028;-0.2704589392375174;-0.87419569969053568;-0.355282597261532;-0.15615222442939761;-0.059076420980513848;-0.041337346328778987;0.95304544618858977;-0.24465443551082119;-0.047605333445447012;0.023070057783921915;0.19131502598182792;0.021499555466924041;0.061715332631729375;0.35351570249195197;-0.91302900731133441
3418,2,1.5430000703330711;2.0805944228928368;6.3771610260436518;13.892058948104035;51.407499523878876;68.314487647102766,0.036260146535491831;0.93826752866262331;-0.28867879540155478;0.058710709213393671;-0.065416350915324994;0.16515917526025978;-0.056416024045275355;0.27794472160714279;0.95424374948290913;0.03962468487432274;-0.0029220660487237942;0.086047524154205191;0.96906592212619824;-0.028444075994223571;0.066044244049864587;0.082058965738925183;-0.21558720064034223;-0.050287334432601513;-0.18650200777788534;0.018739005859985503;0.018514512121909448;-0.3119700872238394;-0.88980158793468422;-0.27468320367570759;-0.14662373067041781;-0.07184574084582053;-0.023338151678853551;0.9424784300604977;-0.2865825483328362;-0.04898830130323599;0.011495880869022757;0.18994407100668093;0.028881153081068041;0.051559059944680512;0.27451393149157977;-0.94071182535557596
3419,2,1.5844943428219056;2.1036452094378975;6.5440203096731544;13.789836477942318;53.906392748468939;71.833146109918474,0.015913529084500725;0.94229450141412174;-0.27902868700216449;0.050806973564300854;-0.044335451014395663;0.17153379622460033;-0.056838521091880409;0.26881714190045813;0.95772316733205909;0.036875938088519439;0.004685663520143284;0.076754617082450599;0.97182601525633228;-0.0061850595293895189;0.060715413269033992;0.058373330104228446;-0.21785364341972618;-0.031014900974870616;-0.19403549197167672;0.014092968694272552;0.015184535715085247;-0.29932181024689508;-0.91592255481710916;-0.18279325329899396;-0.11994767700748066;-0.06627638074283676;-0.022427303716931121;0.94889132614525962;-0.28298919435038106;-0.015471885190249651;0.0057550689815393016;0.1875872902219422;0.022122637726393352;0.051605000113193765;0.17763781086159106;-0.96440147695026401
3420,2,1.4392717550132137;2.0172820806023468;6.2291444346713556;13.038222179216383;53.036002490522094;73.268203288097453,-0.046100132033999819;0.92905881961498704;-0.31983105857091321;0.04816481122511921;-0.033158909738850016;0.17033267202754546;-0.066683898590301896;0.30452467497585262;0.94547402087938037;0.031324675906921687;0.0067330951537521886;0.088714632112209452;0.97139258392111683;0.05923631242030783;0.051251152593283937;0.049515788929358109;-0.21770451318077005;-0.020341045675847349;-0.19067528102493989;0.0038279372276122385;0.01489487513927042;-0.34052250080153679;-0.91194086261235319;-0.12575657574430207;-0.11573349052760631;-0.068650458479210391;-0.013763127769061178;0.93613487032163223;-0.32441167548453353;-0.010583922341117147;-0.008554517792304487;0.18941476385033412;0.027368013849111;0.044079851422704777;0.12075108687900341;-0.97302415231838435
3421,2,1.4384751482415867;2.0128864150056804;6.2598900714210153;13.298649202305466;54.004254387755175;73.395614174541038,-0.024967756301936012;0.93493955745595458;-0.30636925972494938;0.045351279606401847;-0.034526928620279028;0.16779053722724832;-0.05357134365366846;0.29259730952535673;0.95006024851976245;0.033260618227448871;0.0039863415522052182;0.088205952953227321;0.97284765518571981;0.034055003435437652;0.045343930563127507;0.055810416336200076;-0.21624599987050783;-0.021782779210425918;-0.18812311379713983;0.0064409066485182527;0.015337142658720751;-0.33219014401916946;-0.91431068107954194;-0.13423363033258742;-0.12114789441189547;-0.062708884931086312;-0.017335758688752277;0.93913689462723637;-0.31426112434010928;-0.018764162100926129;-0.0026540193796468058;0.18745987724268556;0.030521670416128202;0.037333517219832912;0.13155072030755519;-0.97222466267774632
3422,2,1.427836464061228;1.983867625815076;6.2689957964944751;12.783785461177294;53.410243203211238;73.808537738376046,-0.073571820763332116;0.93558817738261768;-0.29632045930332673;0.050929702180729342;-0.035420566504943331;0.1661556012716863;-0.062788316269423924;0.28059674129930612;0.95355122686751548;0.027059800421855813;0.0047516307615311348;0.085488847564771514;0.9711726116070083;0.082844295001083396;0.041338804923802007;0.045466897898747798;-0.21375228293253523;-0.022235269152022893;-0.1886125579268656;-0.0029136849813940061;0.014444748577310779;-0.33619053735816468;-0.91297052909408227;-0.13292440809404621;-0.10842026796567041;-0.070307712172573519;-0.0092960466759796998;0.93836696945468823;-0.31950864757330194;-0.024435821693010843;-0.01178649568698171;0.18473058747468518;0.030500477044301363;0.032404429629742861;0.13202955785071743;-0.97279163147349512
3423,2,1.4357163733011657;1.9784833253099687;6.4503155422623024;13.089221844491092;52.667860494130416;74.998223990211642,0.023233544228992521;0.93788631644849474;-0.29571375772001751;0.041248170514368646;-0.038309971718373449;0.1709203552315984;-0.031898479416396411;0.28531695755762293;0.95396571246896222;0.027884998974086195;-0.0015185168011311112;0.082135626335404235;0.97291774756067451;-0.018671773164118326;0.038302582720870046;0.06125992127777876;-0.21710622378782346;-0.026971154274785684;-0.18909923071559076;0.013084096794173746;0.010990992812919771;-0.31598805350838255;-0.91635141083353089;-0.15620860198535796;-0.1266868736493906;-0.050645757337725396;-0.015004232130931022;0.94485249622179446;-0.29627030909263569;-0.025258279046505381;0.0081032649382815711;0.18941665637005825;0.026263590400993617;0.034257082915814557;0.15465743945832502;-0.96864514653017764
3424,2,1.4172858599608837;1.9571066193182589;6.4648822958329335;12.192875218977553;53.007784172704177;74.741297603611812,-0.081250184800515504;0.93355566797630507;-0.30037052879938825;0.036096148655087611;-0.027355581084120228;0.17204216902780886;-0.062762521462846693;0.2845603271899228;0.95241927590824937;0.034918328565915313;0.0027762262999195299;0.082199828864116128;0.96944251577999663;0.091509572514979598;0.036994881745452297;0.050749941478686979;-0.21791172773450315;-0.019429560380789294;-0.19247572643883282;-0.0056987921258391796;0.013415999452834115;-0.31945915490679749;-0.92046550592040399;-0.11588671285251517;-0.11119957894110644;-0.06064902016189936;-0.022204528900366532;0.94413956746105943;-0.30330110451196662;-0.0084985910185029385;-0.015107294358137681;0.18818728235115417;0.025167774768859463;0.038059786166253072;0.11184871961431479;-0.9745589854540696
3425,2,1.4438902141516923;1.9578971332063819;6.400363112168713;11.965861082639988;53.73330761017943;73.841540713359862,-0.076706434048384717;0.93375918717989603;-0.30230748615240355;0.04167305836065794;-0.033014945679160371;0.16731245236863287;-0.065503356423755404;0.28653388766007476;0.95174766002152045;0.027566322205240346;0.00085567392213213361;0.083805720958664648;0.97109855054839922;0.088457790881816337;0.041485250305606347;0.038974905086176577;-0.2127622991809909;-0.025198396435683428;-0.19080802319449258;-0.0043325026436975677;0.011007532866213804;-0.32865742027375389;-0.91394879777491089;-0.14189523272628859;-0.10093826850019343;-0.062061530964033329;-0.013429620767958205;0.94161466872882782;-0.31418539625898378;-0.020708211533021097;-0.014028636155877476;0.18519429420771849;0.027641074021879417;0.036476384061058478;0.140095028657478;-0.97148602570429088
3426,2,1.4628216467853263;2.0172343032520423;6.2692033932273308;12.099904050937939;54.222142999422985;74.624589131674824,-0.06110911119271259;0.93384698716322234;-0.30426162105187166;0.055141189898154787;-0.038123725621930761;0.16470087362129063;-0.052529878614313914;0.29060977493062284;0.95155258359676542;0.018145832058168113;-0.0041236417732000525;0.083594112085138964;0.97360570501597976;0.069090757694466917;0.033650126180623338;0.044178040758718826;-0.20798169657770832;-0.031272703320112338;-0.18289590649666027;0.0025711676462080186;0.0062018299476333588;-0.34994375298597913;-0.90412456593298829;-0.16310166403680473;-0.10971712827451698;-0.068050764970346525;-0.00054963442275046453;0.9335916399117703;-0.33121414723907078;-0.045108553597873413;-0.010462250823622491;0.18456628339443845;0.028309906756094665;0.024989964049460335;0.16771746765638118;-0.96761083616341659
3427,2,1.2916937228034546;1.8538327698290973;6.2506843541027513;11.604533729111816;55.30088621670707;71.304203964018612,-0.076065112132397569;0.94211276696377522;-0.27261953830342917;0.050719758556795072;-0.036421637160308246;0.16857399210398372;-0.073757494823692912;0.25541840908595048;0.95992636255074237;0.031661396058843459;0.0029631270214158611;0.082773320673366929;0.9700581570807163;0.087507078970008215;0.052512854596473577;0.058576120056014716;-0.21040654302793133;-0.029495896725638501;-0.18693622396885332;-0.0011468798806742472;0.012961550344881384;-0.30199545536499506;-0.92005013562238569;-0.16490004223038512;-0.11209550974396001;-0.07421389737903733;-0.018187488170736711;0.94836226528154;-0.28644349377515482;-0.012459858307539144;-0.015828689721250767;0.18444094951054563;0.031041575413503948;0.049006723821168656;0.16078446346263217;-0.96773658949662222
3428,2,1.2373022155297817;1.8784038862637678;6.2637929359223534;11.53093971944997;58.560312458325832;72.459419295438792,-0.080957948351461695;0.9375125044056648;-0.28705553693131119;0.046722109833649585;-0.024167611495581613;0.17131317639372817;-0.079866582193827362;0.26731615577976031;0.95508997842360566;0.046891217305899749;0.0066490985299827044;0.087883663162810849;0.96873358905102558;0.09477201098577856;0.054168280686754236;0.072626523097492637;-0.20972725642322437;-0.01947210315882697;-0.1814189640882842;0.0017767980039370326;0.016399484768720895;-0.30464799651155117;-0.9276872421009722;-0.11576285424045729;-0.12375580332485064;-0.076474347712686061;-0.033822190868843402;0.94596431709585393;-0.28778655290675886;0.0047587222646054191;-0.019850282221480581;0.18649171565148318;0.032483311153068108;0.051814624749248139;0.10936852730864356;-0.97423067631955618
3429,0,0;0;0;0;0;0,1;0;0;0;0;0;0;1;0;0;0;0;0;0;1;0;0;0;0;0;0;1;0;0;0;0;0;0;1;0;0;0;0;0;0;1
3430,0,0;0;0;0;0;0,1;0;0;0;0;0;0;1;0;0;0;0;0;0;1;0;0;0;0;0;0;1;0;0;0;0;0;0;1;0;0;0;0;0;0;1
3431,0,0;0;0;0;0;0,1;0;0;0;0;0;0;1;0;0;0;0;0;0;1;0;0;0;0;0;0;1;0;0;0;0;0;0;1;0;0;0;0;0;0;1
3432,0,0;0;0;0;0;0,1;0;0;0;0;0;0;1;0;0;0;0;0;0;1;0;0;0;0;0;0;1;0;0;0;0;0;0;1;0;0;0;0;0;0;1
3433,0,0;0;0;0;0;0,1;0;0;0;0;0;0;1;0;0;0;0;0;0;1;0;0;0;0;0;0;1;0;0;0;0;0;0;1;0;0;0;0;0;0;1
3434,0,0;0;0;0;0;0,1;0;0;0;0;0;0;1;0;0;0;0;0;0;1;0;0;0;0;0;0;1;0;0;0;0;0;0;1;0;0;0;0;0;0;1
3435,0,0;0;0;0;0;0,1;0;0;0;0;0;0;1;0;0;0;0;0;0;1;0;0;0;0;0;0;1;0;0;0;0;0;0;1;0;0;0;0;0;0;1
3436,0,0;0;0;0;0;0,1;0;0;0;0;0;0;1;0;0;0;0;0;0;1;0;0;0;0;0;0;1;0;0;0;0;0;0;1;0;0;0;0;0;0;1
3437,0,0;0;0;0;0;0,1;0;0;0;0;0;0;1;0;0;0;0;0;0;1;0;0;0;0;0;0;1;0;0;0;0;0;0;1;0;0;0;0;0;0;1
3438,0,0;0;0;0;0;0,1;0;0;0;0;0;0;1;0;0;0;0;0;0;1;0;0;0;0;0;0;1;0;0;0;0;0;0;1;0;0;0;0;0;0;1
3439,0,0;0;0;0;0;0,1;0;0;0;0;0;0;1;0;0;0;0;0;0;1;0;0;0;0;0;0;1;0;0;0;0;0;0;1;0;0;0;0;0;0;1
3440,0,0;0;0;0;0;0,1;0;0;0;0;0;0;1;0;0;0;0;0;0;1;0;0;0;0;0;0;1;0;0;0;0;0;0;1;0;0;0;0;0;0;1
3441,2,1.5782689417877038;2.6082687738869281;5.6480291451442488;23.05580616672006;54.29423529503557;80.474209283289909,0.21438587335664319;0.81465645422076449;-0.52180601575140684;0.041300625646778145;-0.044171554229369414;0.12014646455618093;0.18694395389623172;0.47224364808815122;0.85000041754353639;0.043325543623857925;-0.056143561130067972;0.12044908854442679;0.93266408466942463;-0.2892391974632248;-0.055313291729358303;0.070401500240355283;-0.19236651920279121;-0.038178300516741419;-0.1100585840079623;0.047210465990520464;0.0036760522412835747;-0.58236352461678398;-0.78019403312403335;-0.19440875109060893;-0.17850554221871567;-0.00012711544292547174;-0.0093673926905831571;0.80680613292133141;-0.52897692139702801;-0.1931198790981814;0.072465440437922982;0.16562801946016861;0.045353615662021333;-0.037112981977097843;0.26338675733106848;-0.9457849709577828
3442,2,1.9786628472394181;2.7244744326639738;5.4766697808790532;25.287362639545535;74.730335279433632;91.760432969063658,0.19754623985864944;0.81470760504547257;-0.53433646187416828;0.031364354084759322;-0.052942046366558845;0.089022266483962664;0.24150553129133581;0.47238311081716655;0.83673142400636225;0.041080197725136026;-0.081882265282759825;0.10008751689246732;0.93349652163654773;-0.3013276279546917;-0.1079616527547706;0.054078545047886985;-0.13856245743667892;-0.063294096191796073;-0.079714005657287229;0.035502118199868218;0.0035260027110467118;-0.61860339459838343;-0.7077608692091425;-0.32981394212184156;-0.1413393630547998;0.007449791296944135;-0.0066290809736653678;0.77736701540264974;-0.49438681961026087;-0.36222359987439751;0.070026190237645239;0.14488435298513205;0.051507025898088435;-0.086223947767115783;0.47534104005415206;-0.85910896264426484
3443,2,1.9891035298723589;2.8698874568471333;5.3222008313977431;26.075892981617823;75.476163975941162;98.01472699219886,0.16732250563228329;0.81111743993006502;-0.55239762291122763;0.021924150588828521;-0.040983535620622118;0.082390687466782256;0.23808261420431159;0.49733490761501525;0.82422331477807287;0.039131970803387713;-0.068842207994212964;0.10178420858353243;0.94083276100628377;-0.27559999768194399;-0.11406539493503585;0.048788974895175009;-0.14565444228785188;-0.04766405505003668;-0.081508536565278913;0.029147706948273157;0.007895710284499001;-0.64067223865557998;-0.71880156958512342;-0.25555393478433891;-0.13924607295917318;0.0074717641879045414;-0.0073244983494797165;0.76066797300289035;-0.5497213363036576;-0.31573999254052759;0.064190757686008126;0.13373747981083223;0.048845560080907881;-0.080814441001602635;0.39178647197524952;-0.90309486261671912
3444,2,2.3351664125843556;3.0878784898647051;5.2475099159040743;25.365878550022323;95.773054314696694;124.50161292423694,0.035737929135110119;0.84887748322883405;-0.52174028197828626;0.020362687779868081;-0.027401219966382642;0.068930625560530381;0.17090663939031583;0.50137269009207786;0.84215166357481375;0.033309987943025671;-0.047853295642899661;0.082446519512129376;0.97469034602632754;-0.12299548221078969;-0.12982632646103073;0.040113853337950409;-0.12335621334481622;-0.03420656480935292;-0.067565089027485453;0.016857336259638315;0.0084559832545223687;-0.66162290485552588;-0.71950105868697056;-0.19912971557505091;-0.11756181881365406;-0.01086081021137961;-0.004149266705599548;0.74255377258284994;-0.59149443798972923;-0.29119112245186174;0.033266017171487333;0.11181425878854029;0.040299610296263069;-0.087952890876359727;0.33792756064760154;-0.92888973392127516
3445,2,1.9092435329602446;2.7500596975939176;5.1567421339745003;23.949963244077249;70.680974329689178;96.91017024308438,0.040626954509376374;0.83014010144981853;-0.54846682216581233;0.011338276525421926;-0.014881060334561396;0.089727392942544587;0.18949713223749814;0.52160868601981814;0.82296223481294284;0.037115175993190058;-0.044448253633596987;0.10674826496972999;0.96471394256499154;-0.14149874793306294;-0.14077250153878068;0.053168867545741426;-0.1618305578449549;-0.021729202380516011;-0.091286051581051048;0.014599527211066481;0.0096760152576700186;-0.63456526249402445;-0.76297759487015271;-0.080945677356700635;-0.14719344732605025;0.0031089857965005013;-0.0079357186461978518;0.76281201327883119;-0.59503455924618187;-0.20570161239367421;0.04205047339545756;0.13618767557848407;0.044088626241212098;-0.10541223246719078;0.18818299702335606;-0.96499548632182741
3446,2,2.6036521328581417;3.0658469968131525;5.2993173851104318;24.298618710929965;123.48577057243544;133.35299199195629,-0.062834667603140867;0.84449851969583523;-0.52664303586625449;0.011093708555240292;-0.073243369455831875;-0.0057884379213407784;0.098309117944650151;0.52325886541185618;0.84081183875044641;0.031723838069557912;-0.092421614066836522;0.0047720294795519872;0.98741988061333463;-3.7398183920497156e-05;-0.11769224608393455;0.032311800198077965;-0.0043266834486537214;0.1004377447025636;-0.051948329754817196;0.01104800012777608;0.012079849027451453;-0.66950505143874028;-0.07456280869227655;0.7370459711810825;-0.092735416095640219;-0.012496813034774547;-0.0075942400513125995;0.73668767856226436;0.048870201693631973;0.66789914465026212;0.0095191849939563061;0.11289012338538278;0.040342342122208233;-0.08295013953659057;0.98900304592084809;0.023020645110937502
3447,2,2.4476420048697691;2.8149355033367138;5.3483607403772071;24.552795961992615;88.975434699971743;108.81917698631922,0.19558064115314308;0.79935778489014853;-0.55988131362684657;0.0094757463530734613;-0.088340444858146003;0.037608978003053115;0.28026295498032322;0.48895505169671533;0.81676139644879042;0.032964333843049115;-0.11526778585357311;0.030052370882853764;0.92941727535958429;-0.32142574722917372;-0.13189298396238808;0.032961084238292714;-0.056401842781859196;-0.10585677644571492;-0.062617955699129757;0.022872615879353412;0.010041506526295431;-0.66798817161026625;-0.34597965104207395;-0.6553967400492301;-0.10479250177964607;0.020157102968797073;-0.0087687489263657721;0.73652488268418548;-0.18788693517585064;-0.64090945428368207;0.066947295164289183;0.13306431834524765;0.043130660706099104;-0.095184187904255896;0.90593858298039187;-0.38231786147267871
3448,2,2.5039242041720953;2.8861297400195767;5.43725041917547;23.440460698545667;98.849787417967292;115.07381180467627,-0.0029185478812039762;0.8375322037709948;-0.5385556761010849;0.0093632799873815814;-0.089154384044241586;-0.021281406383012631;0.15302773297688865;0.52261588313138918;0.83095080376695829;0.028673794353830124;-0.10989704163380648;-0.0087388280273236058;0.98069517012441887;-0.082282429365873794;-0.13244889860768852;0.029229416033183384;-0.028360697223034532;0.11074830229525184;-0.064220593424523909;0.0086273102797748188;0.0090561369019744702;-0.67000335011164081;-0.2110912269057913;0.70869970794726478;-0.099974769531776322;-0.0013404788403039041;-0.006229252672731396;0.73435977245994988;-0.054288884192650599;0.66912845301210666;0.026300934396465834;0.13625645231241287;0.042603022328375068;-0.10023482017413511;0.96522692558557366;0.19291807974079911
3449,2,2.3807059191519815;2.8778474953271198;5.3504340915387552;22.573210696008939;106.01086779730986;114.05216275651595,-0.050863307308926686;0.83716018664136738;-0.53749605151209578;0.0090440485018891265;-0.084847791357128735;-0.019819131403970076;0.1201793872151026;0.53060667704019659;0.83206375212124217;0.032079118781793071;-0.10308575651788736;-0.0052572346534549425;0.98372782697566041;-0.024065066780256272;-0.13038416647739579;0.037191294037767594;-0.023611447464260058;0.11295889218225079;-0.060628505133849854;0.0066376031514170956;0.0099377136530198092;-0.66413301536932179;-0.19958252241808561;0.71782694507706835;-0.10624321593582939;-0.0064639852595732242;-0.0080180474935719476;0.73756012409767002;-0.02630894701435374;0.66627262402457554;0.01691049155978425;0.13020909285753221;0.040060315881966915;-0.11152732494845174;0.97009862112355572;0.16620806113988476
3450,2,2.5991976264540946;3.0417612101665634;5.4489136283759319;23.627737360562694;110.11913091390554;129.90892795103633,0.0096265411380495394;0.85299958859965563;-0.51535270975928937;0.010240853693140978;-0.073061809264030636;0.03560495809566995;0.15750914073996347;0.49967631927557582;0.84568752378958312;0.03033656919124806;-0.092960229210619513;0.027661290642828969;0.980836658305697;-0.092133976092642123;-0.13231529185805713;0.037789557499920481;-0.051187220455559818;-0.088967755504927901;-0.050946023170980466;0.0083074635390275632;0.0081873651838047859;-0.66128217424903335;-0.37557882874480225;-0.64723634419206566;-0.098215385793457968;-0.0048952012124074702;-0.0083372752185083068;0.74245774368301387;-0.21297543563074753;-0.62742188956354117;0.02856380103020164;0.11888494988024291;0.03975320218793868;-0.094916551216843961;0.892738619916706;-0.42128228741877927
3451,2,2.659306379599558;3.0176851012550117;5.3763866166251528;23.087720057304299;111.85484146788737;142.9303152654218,0.045606320714070801;0.85356739955525152;-0.51291624788780377;0.010567730162573313;-0.074753930000745566;0.023661225850777873;0.1777945615664133;0.49023211508121001;0.84709129785403381;0.030873200479379023;-0.095989353069802649;0.018187630680766641;0.97742523508972878;-0.13263473307725476;-0.13178412204919063;0.027719093590797585;-0.037446795851792905;-0.086661824917181024;-0.049728582756018505;0.011082845003007255;0.010545557460688316;-0.66884938510043379;-0.2871186544654537;-0.68373708991854409;-0.086089314853282112;-0.0038397812743604168;-0.0085040324332897373;0.73686304187502139;-0.14130116805596987;-0.65541468156041505;0.032630738932647257;0.11560978318212396;0.042457903605885555;-0.088544779582639316;0.93882505808648109;-0.30746426076580435
3452,2,2.1303053586710474;2.7233703098747579;5.3846990207206495;23.79496283361674;83.221955779391465;94.339843410558103,0.1430885276315432;0.81454187816925971;-0.5525013912590534;0.021611035968695923;-0.075864095081621952;0.06757970721561958;0.24143431373933749;0.49865046798357404;0.82201975929263726;0.042381398835043604;-0.10414838973374536;0.068539245765516357;0.94634525295312033;-0.25640443143303632;-0.12934288745841954;0.046964416794348575;-0.10035439052373368;-0.098393023514328881;-0.071701324170803757;0.028248989200600406;0.010337341748641093;-0.64554205280779331;-0.55412846558480244;-0.51977991089710396;-0.12968063913116956;0.0088412407810615039;-0.0071022076844519015;0.75368750076996027;-0.35946296261055133;-0.53459877724922422;0.060890554023029779;0.14577322833893228;0.046247631991087786;-0.10373877265584927;0.73284020798247806;-0.65198708536111893
3453,2,2.6421944250351594;3.051978678619276;5.5866986761119071;22.809693075944217;108.96768814418158;127.04611360080911,0.091540625450168805;0.86861558263734173;-0.47978738821727746;0.016744277640592775;-0.069556951094152483;0.042577051567810928;0.15522568558792976;0.45500954486320183;0.87086768556015126;0.030376773793913625;-0.089664529971125492;0.038707861516447624;0.97725105871881823;-0.15679778856317061;-0.095469824855782301;0.025006562197298333;-0.059174149829625336;-0.084577929246749173;-0.059517146323853791;0.018608839685967795;0.0068904538192517718;-0.65159165519857021;-0.4306476805177889;-0.62131701422495134;-0.089108017330544173;-0.0053565476095635738;-0.010968220127648193;0.75400611008127427;-0.28503966343916359;-0.58492558759123414;0.031986547168807812;0.11624437908097696;0.04594854393942021;-0.071236601988961881;0.84670862056708807;-0.51123643731309731
3454,2,2.0390925565127413;2.5833733271764792;5.5243450969342476;21.578219295019725;79.263909704294534;87.589501081711802,0.060652294383084303;0.85663107004276107;-0.49887481456662064;0.039159857229473252;-0.059220869829345185;0.092670505410327147;0.13014546018989967;0.47506970862488829;0.86082673015348732;0.027812008894243321;-0.084968953422308036;0.091405912871446657;0.97608268966597544;-0.12213880957377092;-0.086192244626630138;0.053194888156989271;-0.12688340002521306;-0.077372461306122298;-0.082976926280675559;0.024680900898503551;-0.007218687776933917;-0.61687044429628757;-0.68004343315009641;-0.38660749781368631;-0.13638303612139505;-0.015575974415037523;-9.7058944029086909e-05;0.77949243943432001;-0.46654927170982713;-0.3948168701951037;0.034066676911366237;0.15723337792027819;0.051186308100301163;-0.08201032517575961;0.54133767135261801;-0.81958826272351382
3455,2,1.7082330458697419;2.3911095743260273;5.673265747001043;18.428061112401345;65.624478019979691;82.983333004191707,0.060308919159849893;0.86848593308385713;-0.47289233737174258;0.042874320148060363;-0.023700790929254797;0.12675930238642011;0.10494331721187931;0.45124378342893706;0.8772598274246175;0.033462785047917894;-0.049310016818672441;0.11058891234845657;0.97332428078297295;-0.10873341370291019;-0.068897482991877396;0.075017066529931398;-0.17141352574911592;-0.032555628387507703;-0.095265710969148709;0.028319841755617362;-0.0087449582787110305;-0.5914054417317669;-0.78971898154548514;-0.12895538088035632;-0.16680703882883754;-0.018975690962126104;-0.0074416571852270229;0.79778871172284527;-0.54682214069318558;-0.19046961590586364;0.033006590119908634;0.17066395756620337;0.043695728881037725;-0.072022561434449447;0.21202281616705848;-0.95798441424851022
3456,2,2.0476269630918238;2.4781995479886478;5.6104680722801055;17.460228102058181;85.369962980472295;93.009487750775705,0.033375862403470451;0.87342155026953461;-0.46814022989895232;0.053829027700719949;-0.028744085889868411;0.11463762814579893;0.06652110388720317;0.45359090192058554;0.88157448937816241;0.034046038604180096;-0.044122339662681413;0.097727900356982284;0.98571762280655717;-0.064814251888619029;-0.045582457489512146;0.053148604110649117;-0.1335380896978319;-0.037748177318496653;-0.075827303158207821;0.034942800609925342;-0.007199787312463627;-0.61079474867798722;-0.76672493938219266;-0.17899727975785057;-0.12952987403402888;-0.034864424013815988;-0.0054039095851869928;0.78469850537751062;-0.560667114485777;-0.22776725801704212;0.017146266751811853;0.15732982741829676;0.038888882998311031;-0.06554814687649442;0.27781257950723792;-0.94443877346747085
3457,2,2.2045828023843348;2.5637492122909502;5.5731346853067159;19.861561590394818;83.254533714905463;89.432384643731055,0.058695973255109807;0.87150512052476037;-0.47287248808558324;0.041447280721413411;-0.090143222274227469;0.059845969232092594;0.11342907273913121;0.4521550703817192;0.87631157253782765;0.024014684647922113;-0.10956343269282673;0.046763391234483198;0.98098625691866947;-0.10877298938915594;-0.075226116478523605;0.042312937275673715;-0.074148147699570358;-0.11352136119441167;-0.078631551175754266;0.02596210255991285;-0.0094561359578517277;-0.62124678193916272;-0.45579006985599446;-0.63195053448352434;-0.12001807321228328;-0.017356507624737109;0.00030217265724874818;0.77649565141684451;-0.26227030557310249;-0.55996706383723227;0.027700779411064715;0.15240661035635417;0.052164733604439795;-0.083797210228810773;0.83536926261538114;-0.51809261251535621
3458,2,2.8640002104215112;3.1961446589457561;5.459361115609906;21.976703695664256;127.44977200138754;168.61013402606613,-0.067945413818613756;0.87766358079269968;-0.46859245285569945;0.010836602465889482;-0.071685427787742353;0.015966850275436931;0.11463829133040122;0.46746968199879907;0.87233017547766467;0.020352064620205043;-0.083213692674690004;0.0056123382856402698;0.98740372821419164;0.0040216188057822337;-0.13418766984630262;0.02677820715019474;-0.022398373492836372;-0.076109223086378935;-0.040364029415661376;0.003027973420075675;0.0039547233338007382;-0.67497378068670377;-0.209851253963313;-0.70620024303675788;-0.073894219327858612;-0.010313041062480117;-0.0040848795768808057;0.73137727063865554;-0.069159710083536496;-0.67432990574875529;0.013629009128919798;0.10510487384165787;0.037716326189087622;-0.090823854317917133;0.96882112867669889;-0.2011997576045676
3459,2,2.869794263680026;3.235916554492007;5.1137834369686344;23.202100907263034;147.30242104472012;178.43069405192605,-0.19541695530216693;0.86734974779425711;-0.45393367563459214;0.0024607933371750398;-0.057918053138993821;-0.010014505643250855;0.066198259904860002;0.46915220701963689;0.87738839587814543;0.017813123851468705;-0.073391273321358461;0.00011589421194195537;0.97511928692702066;0.14081652959478663;-0.15055288035494158;0.028323456469957629;-0.013141985139079177;0.075312558798972334;-0.035094171541742838;-0.0040701330477971422;0.0065400223207051928;-0.68921720809552434;-0.14565089531955047;0.70885437009758279;-0.073080635421767542;-0.013448285370542901;-0.0034064626709221324;0.71845778757829437;-0.017138157901879891;0.69136925833511587;-8.8931281305482715e-06;0.087028180954725406;0.037593553173250568;-0.0875926164782838;0.98467182786134733;0.11731046566745834
3460,0,0;0;0;0;0;0,1;0;0;0;0;0;0;1;0;0;0;0;0;0;1;0;0;0;0;0;0;1;0;0;0;0;0;0;1;0;0;0;0;0;0;1
3461,0,0;0;0;0;0;0,1;0;0;0;0;0;0;1;0;0;0;0;0;0;1;0;0;0;0;0;0;1;0;0;0;0;0;0;1;0;0;0;0;0;0;1
3462,0,0;0;0;0;0;0,1;0;0;0;0;0;0;1;0;0;0;0;0;0;1;0;0;0;0;0;0;1;0;0;0;0;0;0;1;0;0;0;0;0;0;1
3463,0,0;0;0;0;0;0,1;0;0;0;0;0;0;1;0;0;0;0;0;0;1;0;0;0;0;0;0;1;0;0;0;0;0;0;1;0;0;0;0;0;0;1
3464,0,0;0;0;0;0;0,1;0;0;0;0;0;0;1;0;0;0;0;0;0;1;0;0;0;0;0;0;1;0;0;0;0;0;0;1;0;0;0;0;0;0;1
3465,0,0;0;0;0;0;0,1;0;0;0;0;0;0;1;0;0;0;0;0;0;1;0;0;0;0;0;0;1;0;0;0;0;0;0;1;0;0;0;0;0;0;1
3466,0,0;0;0;0;0;0,1;0;0;0;0;0;0;1;0;0;0;0;0;0;1;0;0;0;0;0;0;1;0;0;0;0;0;0;1;0;0;0;0;0;0;1
3467,2,2.8118682514911173;3.540738709503219;4.9362315229612594;23.212905540139328;88.275762337467242;106.62300749188803,0.10329790426786548;0.68597804393514739;-0.71818881383538102;0.014811144145845053;-0.0417661853080196;0.031697155525558601;-0.16603556185330484;0.71518100961713504;0.66602805761460604;-0.061890963026319662;-0.10974524386252554;0.038476386244266088;-0.96980470655432682;-0.054720380307480207;-0.19425316526010597;-0.078281785209223326;-0.057871959986735597;-0.096296507009661414;0.0048387400794838503;0.0091551783166202369;0.026483672318492989;0.7717379547352553;-0.39625583197232783;-0.49658154340845667;0.14094667079800119;-0.0053105175630511403;-0.01504907848020659;-0.60708042774055826;-0.25584790302160232;-0.7388332453299995;-0.036758521520916687;0.12183557696392434;0.044150903452788513;0.16029967025733249;0.87200090000471453;-0.44246361105985343
3468,2,3.0142463727040858;3.678176467159405;4.9851864636322176;23.710530663047109;109.11872970778508;128.2654237054515,0.11180741517760097;0.68361280958888071;-0.7195724180560682;0.022540314320096143;-0.040367408019503767;0.01582941092970977;-0.17489948297582786;0.71884896058135783;0.65938287751472113;-0.081548988847682094;-0.10515865588687678;0.013114231822032418;-0.96890409010394574;-0.055990553257267671;-0.20703053311317851;-0.077176568219418748;-0.021284019552299804;-0.093909788170528197;-0.017054316201621872;0.024207211932841796;0.045426703348725755;0.80455701573640592;-0.213993294914918;-0.55132064533534952;0.12982803341579602;-0.008319816807173688;-0.020002113590946797;-0.56725928502758294;-0.059433057832374236;-0.81077740041657931;-0.031431973915398606;0.11017961663473452;0.045874224211251015;0.13338060558218204;0.96826323969347317;-0.17159239889881645
3469,2,3.1043967654108484;3.9238552163448088;5.1581156155516874;26.742627481232692;60.733872258308416;80.755527593080444,-0.044684783811947557;0.5609854935344103;-0.82554054494991702;0.020467731845525913;-0.025035980180116848;0.027122434126523372;-0.3491717168800394;0.74906876546651546;0.53216835793506534;-0.10240164119988623;-0.11440557841840708;0.1009812014809278;-0.9171492711069843;-0.32267588652717832;-0.17111200124728337;-0.082823925757136735;-0.10834122833386158;-0.082707589471965201;-0.010945789574087171;0.039916015149492105;0.051674111627149778;0.81194923218254522;-0.47954109523168847;-0.32618318465993745;0.16473765026257886;0.017683840350647913;-0.015655028618530145;-0.55589845445605768;-0.51740087699332049;-0.6289490832136414;-0.087528812463191927;0.13477954750392318;0.055543107152349065;0.11811234417446541;0.69056745654339768;-0.69300375607068654
3470,0,0;0;0;0;0;0,1;0;0;0;0;0;0;1;0;0;0;0;0;0;1;0;0;0;0;0;0;1;0;0;0;0;0;0;1;0;0;0;0;0;0;1
3471,0,0;0;0;0;0;0,1;0;0;0;0;0;0;1;0;0;0;0;0;0;1;0;0;0;0;0;0;1;0;0;0;0;0;0;1;0;0;0;0;0;0;1
3472,0,0;0;0;0;0;0,1;0;0;0;0;0;0;1;0;0;0;0;0;0;1;0;0;0;0;0;0;1;0;0;0;0;0;0;1;0;0;0;0;0;0;1
3473,0,0;0;0;0;0;0,1;0;0;0;0;0;0;1;0;0;0;0;0;0;1;0;0;0;0;0;0;1;0;0;0;0;0;0;1;0;0;0;0;0;0;1
3474,2,3.1485991122655665;4.2395191542309476;5.1925044818531312;28.158515939090091;32.217567365734439;57.878342598426393,0.051286351197100156;-0.089833149597794176;-0.99386660645903724;0.0064295397133334103;-0.021628456168946507;0.031933601153754987;0.58738616201418981;-0.76395301541569849;0.096546637254501091;-0.16455203316421746;-0.12491022554693704;-0.13911181718920959;0.76673085281020659;0.61429079168368605;-0.010883197021254339;-0.098416878027300883;-0.13010384765429528;0.08966206315420211;0.045943447518425024;-0.09191711278576313;0.037183836410486913;0.77470760932741456;-0.54642766924366748;0.2988356214579907;-0.17872855018526443;-0.05931219532334351;0.023501497645452733;-0.56919108155299158;-0.44792640260683692;0.6628493787967612;0.17440272699374892;-0.13778942842717279;0.029232060161057657;0.1975981787636033;0.68394544694422776;0.66551997283565034
3475,0,0;0;0;0;0;0,1;0;0;0;0;0;0;1;0;0;0;0;0;0;1;0;0;0;0;0;0;1;0;0;0;0;0;0;1;0;0;0;0;0;0;1
3476,2,4.1755881018659764;4.797626389991879;5.288954132390697;30.437393534971154;157.01689996988233;171.15598135345235,-0.11267586247799649;0.58678180260790658;-0.8016888727225624;0.0012615450954585855;-0.01410556804012654;0.0092552120516459987;-0.44979480455534421;0.67832303951251216;0.55868095068312484;-0.14566744534887399;0.060551968904348226;0.023506119047310123;-0.87957272038135748;-0.43156597813347458;-0.19134152160787055;-0.034023323447667446;-0.030211042375924483;0.037693030755773321;-0.076096599392612749;0.087832522831117338;0.083957810257020246;0.91531872800751046;-0.23575967195224179;0.29335106072849376;0.07008346083781937;-0.010124477993613365;0.00046470843433020601;-0.37336078056987798;-0.55554834676523934;0.73956294488507379;-0.025263203452281408;0.038713299922616039;0.038856646128170386;-0.020375745926108343;-0.79435835516346964;-0.60409671789543939
3477,2,2.8893302063014796;4.1809983393400323;5.0239945372647918;20.518728965924989;29.977374229254949;49.573246783624647,0.13599575958287996;0.21102770406558677;-0.96354922902550855;0.068121948730965151;-0.012349787222696782;0.061255429092298766;0.59261159200730118;-0.75178654242401755;-0.077503294419027702;0.19148723741894449;-0.097306478494730883;-0.17744244743444482;0.72237617834401247;0.59246912433487475;0.25349521358610322;0.23678083445905132;-0.042827206104959686;0.07066708717657029;0.040112551615795945;-0.1127561615312585;0.0063350006279864956;0.21449552334416544;0.90652838437380345;0.34327082281572413;-0.24351880972570383;-0.092729685226271452;0.034412070681019945;0.71091129155586175;-0.37209308404681596;0.53578678270554958;0.21812584410792343;-0.13398467438997536;0.0090540844910137214;-0.59264127467070815;-0.16821946244386415;0.74489313242009658
3478,2,4.1033348490997641;4.9584351851439603;5.4524555702728339;31.751924859913053;178.02536553599458;254.19370828234423,-0.1187157097866965;0.73904180085562743;-0.66294393178841837;0.0016799325700092155;-0.014215455217835748;0.0049232918189655254;-0.48832503527667992;0.52669668112909052;0.67452501252109243;0.16487276758466851;0.0079400953095660129;-0.043579799087389695;-0.85461552008198638;-0.41377600220555505;-0.3072606979524275;0.050242156211676194;-0.038482524115254907;0.0027234912322275833;-0.10743849761869645;0.068462001440676226;0.10125485143858502;-0.91903890106848984;-0.35445291254549316;0.056991313014923613;0.071759071308829719;-0.013583086401662985;-0.0064697645650199616;0.35367009246883235;-0.92703549194707624;0.10073202052328209;-0.019625440662513326;0.01804707170159689;0.028597403531494134;0.023975781335445773;0.11498826251232505;0.99230751039524445
3479,2,4.181490431114999;4.9333068196407233;5.4022275140204279;31.295684831617709;158.5553474105115;194.64489070699443,0.13968567963774758;-0.82938794748558675;0.54064912950806598;-4.147167041877404e-05;-0.015726305508300821;0.0073989071569054024;0.48870305877080567;-0.40945730975286726;-0.75332945746500046;0.15293946163210545;0.012992968101124575;-0.049492062081674851;0.85327111171197234;0.37662210316939249;0.35608929678485196;0.039525121449726294;-0.041494150167832596;0.00078378159029719903;0.092523120227161332;-0.048552491221427865;-0.1091965959715385;-0.92259198105624007;-0.35334025274037634;0.03365907800194845;-0.067489712159278653;0.0092917660838793478;0.0041112262681652599;0.35092497853795157;-0.93331077858255906;0.033534305927339358;0.021685297925122651;-0.01313217952546338;-0.038116416931935349;0.026888288510562804;0.044088070629333787;0.99761600550724738
3480,2,3.0046291368537772;4.480228699557939;4.8228592344550751;18.070094135617413;27.933886251508913;46.76748541718608,-0.16610349770571622;0.26986764845060124;-0.94312922032584201;0.081709437826042175;-0.013818750182314066;0.056753537782167802;-0.43289356721076022;-0.85196835255112391;-0.16484868649763623;0.13275665511375426;-0.10956691310457135;-0.17305709564942584;-0.83231864021552948;0.40226152748262728;0.28634789843281477;0.23920976057606594;-0.060418582488398889;0.050641001722523164;-0.014703635369613563;-0.12175783055395886;0.00047996671935476132;0.31159156028851714;0.88918194375269255;0.31180887398983936;0.25347502947928857;-0.05988708349232727;0.035785729931879617;0.73588115465933146;-0.422820147184372;0.45889582428557196;-0.16671137095181682;-0.14524327870158835;-0.007497770060260216;-0.52902509818771182;-0.12137677959724212;0.81021948575283376
3481,2,2.987558416059926;4.6168771228545573;4.7365868424752273;16.498886831465075;25.320975984141558;43.469391801864511,0.12226390176940016;-0.38570072338411487;0.90997068777952406;0.076478126341666369;-0.012962065036616332;0.047147839276125945;0.30887091102658037;-0.83507436687784198;-0.39669914935862327;0.10088601091550914;-0.10593254563671312;-0.1687591644320629;0.89699282514320544;0.35899231685499533;0.0080889653657102382;0.2438749408604258;-0.074136854040251235;0.038622491029774622;-0.0050047437464775411;-0.085055162384805164;-0.06681515954149915;0.37823856447673382;0.88818146746789206;0.23737222991818563;-0.26139811914398831;0.00046763018408242294;-0.055401715114364987;0.76950647698840213;-0.43564885419626559;0.38297690831532094;0.12922904524665585;-0.13332543222255089;-0.083570840233586449;-0.43507871980668639;-0.066766490112850407;0.87452206434105784
3482,0,0;0;0;0;0;0,1;0;0;0;0;0;0;1;0;0;0;0;0;0;1;0;0;0;0;0;0;1;0;0;0;0;0;0;1;0;0;0;0;0;0;1
3483,0,0;0;0;0;0;0,1;0;0;0;0;0;0;1;0;0;0;0;0;0;1;0;0;0;0;0;0;1;0;0;0;0;0;0;1;0;0;0;0;0;0;1
3484,0,0;0;0;0;0;0,1;0;0;0;0;0;0;1;0;0;0;0;0;0;1;0;0;0;0;0;0;1;0;0;0;0;0;0;1;0;0;0;0;0;0;1
3485,0,0;0;0;0;0;0,1;0;0;0;0;0;0;1;0;0;0;0;0;0;1;0;0;0;0;0;0;1;0;0;0;0;0;0;1;0;0;0;0;0;0;1
3486,0,0;0;0;0;0;0,1;0;0;0;0;0;0;1;0;0;0;0;0;0;1;0;0;0;0;0;0;1;0;0;0;0;0;0;1;0;0;0;0;0;0;1
3487,0,0;0;0;0;0;0,1;0;0;0;0;0;0;1;0;0;0;0;0;0;1;0;0;0;0;0;0;1;0;0;0;0;0;0;1;0;0;0;0;0;0;1
3488,0,0;0;0;0;0;0,1;0;0;0;0;0;0;1;0;0;0;0;0;0;1;0;0;0;0;0;0;1;0;0;0;0;0;0;1;0;0;0;0;0;0;1
3489,0,0;0;0;0;0;0,1;0;0;0;0;0;0;1;0;0;0;0;0;0;1;0;0;0;0;0;0;1;0;0;0;0;0;0;1;0;0;0;0;0;0;1
3490,0,0;0;0;0;0;0,1;0;0;0;0;0;0;1;0;0;0;0;0;0;1;0;0;0;0;0;0;1;0;0;0;0;0;0;1;0;0;0;0;0;0;1
3491,0,0;0;0;0;0;0,1;0;0;0;0;0;0;1;0;0;0;0;0;0;1;0;0;0;0;0;0;1;0;0;0;0;0;0;1;0;0;0;0;0;0;1
3492,0,0;0;0;0;0;0,1;0;0;0;0;0;0;1;0;0;0;0;0;0;1;0;0;0;0;0;0;1;0;0;0;0;0;0;1;0;0;0;0;0;0;1
3493,0,0;0;0;0;0;0,1;0;0;0;0;0;0;1;0;0;0;0;0;0;1;0;0;0;0;0;0;1;0;0;0;0;0;0;1;0;0;0;0;0;0;1
3494,0,0;0;0;0;0;0,1;0;0;0;0;0;0;1;0;0;0;0;0;0;1;0;0;0;0;0;0;1;0;0;0;0;0;0;1;0;0;0;0;0;0;1
3495,0,0;0;0;0;0;0,1;0;0;0;0;0;0;1;0;0;0;0;0;0;1;0;0;0;0;0;0;1;0;0;0;0;0;0;1;0;0;0;0;0;0;1
3496,0,0;0;0;0;0;0,1;0;0;0;0;0;0;1;0;0;0;0;0;0;1;0;0;0;0;0;0;1;0;0;0;0;0;0;1;0;0;0;0;0;0;1
3497,0,0;0;0;0;0;0,1;0;0;0;0;0;0;1;0;0;0;0;0;0;1;0;0;0;0;0;0;1;0;0;0;0;0;0;1;0;0;0;0;0;0;1
3498,0,0;0;0;0;0;0,1;0;0;0;0;0;0;1;0;0;0;0;0;0;1;0;0;0;0;0;0;1;0;0;0;0;0;0;1;0;0;0;0;0;0;1
3499,0,0;0;0;0;0;0,1;0;0;0;0;0;0;1;0;0;0;0;0;0;1;0;0;0;0;0;0;1;0;0;0;0;0;0;1;0;0;0;0;0;0;1
3500,2,2.9133994161222652;4.2461968108323669;4.6476764829779356;18.199113111458438;167.39050509994681;181.78857929067783,0.090749824884326133;0.92436145501642075;-0.36995033663386157;0.016592482238570773;-0.0082758663703744913;0.01064508134613058;0.072432797079239261;-0.37610307332429788;-0.91846874559409997;0.095661391456436248;0.0058005066419933807;-0.023030063339286463;0.98123623411954652;-0.053263966803542839;0.11429349474393324;0.14417392525231543;-0.020431153128943124;-0.0084762615357060287;0.15039632136228367;-0.031201749955730575;-0.080146092873298685;-0.9763497685752579;-0.076836304538240474;0.10402553929437088;-0.029115945232323685;-0.0020041203840468801;0.0035826500601061216;0.042502035954949446;-0.96216545114224561;-0.26751940382182549;-0.015053912964858748;-0.016963574431166549;-0.0072579105949232593;0.12133496337760921;-0.2604117107072636;0.95754713052122475
3501,0,0;0;0;0;0;0,1;0;0;0;0;0;0;1;0;0;0;0;0;0;1;0;0;0;0;0;0;1;0;0;0;0;0;0;1;0;0;0;0;0;0;1
3502,0,0;0;0;0;0;0,1;0;0;0;0;0;0;1;0;0;0;0;0;0;1;0;0;0;0;0;0;1;0;0;0;0;0;0;1;0;0;0;0;0;0;1
3503,0,0;0;0;0;0;0,1;0;0;0;0;0;0;1;0;0;0;0;0;0;1;0;0;0;0;0;0;1;0;0;0;0;0;0;1;0;0;0;0;0;0;1
3504,0,0;0;0;0;0;0,1;0;0;0;0;0;0;1;0;0;0;0;0;0;1;0;0;0;0;0;0;1;0;0;0;0;0;0;1;0;0;0;0;0;0;1
3505,0,0;0;0;0;0;0,1;0;0;0;0;0;0;1;0;0;0;0;0;0;1;0;0;0;0;0;0;1;0;0;0;0;0;0;1;0;0;0;0;0;0;1
3506,0,0;0;0;0;0;0,1;0;0;0;0;0;0;1;0;0;0;0;0;0;1;0;0;0;0;0;0;1;0;0;0;0;0;0;1;0;0;0;0;0;0;1
3507,0,0;0;0;0;0;0,1;0;0;0;0;0;0;1;0;0;0;0;0;0;1;0;0;0;0;0;0;1;0;0;0;0;0;0;1;0;0;0;0;0;0;1
3508,0,0;0;0;0;0;0,1;0;0;0;0;0;0;1;0;0;0;0;0;0;1;0;0;0;0;0;0;1;0;0;0;0;0;0;1;0;0;0;0;0;0;1
3509,0,0;0;0;0;0;0,1;0;0;0;0;0;0;1;0;0;0;0;0;0;1;0;0;0;0;0;0;1;0;0;0;0;0;0;1;0;0;0;0;0;0;1
3510,2,2.9565628658166871;4.4250832014536501;4.6374884776541112;18.282000392987186;154.76899151496491;221.35854012403834,-0.067073400589911403;0.9228423765075725;-0.37836966235553787;0.02348860308757492;-0.0060229963593536676;0.010560052271024451;-0.11284648608725374;-0.38362589961962856;-0.90937046327376547;0.11121401444224757;-0.007990097247637969;-0.026642101674976621;-0.9798885899758929;-0.015508327207562317;0.14469803763786215;0.13505697037215311;-0.019499310576276241;0.0044398836670728513;-0.14569603509797011;-0.026555870739608904;-0.093938893059630518;-0.96953726061809198;-0.03135916718425219;0.16809829970407369;0.032002283671023569;-0.0060230850061540582;0.0076844158695368852;0.076104514520924302;-0.95270733848060796;0.29229669193188368;0.018267455835224669;-0.014529873584425092;-0.0077891694961844801;0.15180562049288782;0.30147137274803515;0.94099127342907518
3511,0,0;0;0;0;0;0,1;0;0;0;0;0;0;1;0;0;0;0;0;0;1;0;0;0;0;0;0;1;0;0;0;0;0;0;1;0;0;0;0;0;0;1
3512,0,0;0;0;0;0;0,1;0;0;0;0;0;0;1;0;0;0;0;0;0;1;0;0;0;0;0;0;1;0;0;0;0;0;0;1;0;0;0;0;0;0;1
3513,2,3.2653788608072474;4.4806544544472553;4.8657568101827993;18.639005947363319;125.15470094781602;175.72107405842982,0.063424921687851757;0.94078235388810805;-0.33122156026016092;0.027077855201746555;-0.0082833258101061482;0.019907189948925916;0.13889366041502388;-0.33712364563752639;-0.92168214512601665;0.13020044330370201;-0.0035201061664602807;-0.024365455476587604;0.97787700692480128;-0.010212355314823788;0.16853202440727663;0.12294035376880505;-0.011580597982890968;-0.00088489629976063974;0.14099887870321801;-0.024115593282742875;-0.11119075446731802;-0.97074139789199076;-0.0082824683195977765;0.15737506035990684;-0.016184076442820574;-0.009618747495556355;0.0051683611508065276;0.028671268360531223;-0.98933551226189698;0.14146393871730722;-0.017314202474465572;-0.022312234782215248;0.0010780945778444784;0.1550464463497841;0.14467733067929184;0.97684711687428194
3514,0,0;0;0;0;0;0,1;0;0;0;0;0;0;1;0;0;0;0;0;0;1;0;0;0;0;0;0;1;0;0;0;0;0;0;1;0;0;0;0;0;0;1
3515,0,0;0;0;0;0;0,1;0;0;0;0;0;0;1;0;0;0;0;0;0;1;0;0;0;0;0;0;1;0;0;0;0;0;0;1;0;0;0;0;0;0;1
3516,0,0;0;0;0;0;0,1;0;0;0;0;0;0;1;0;0;0;0;0;0;1;0;0;0;0;0;0;1;0;0;0;0;0;0;1;0;0;0;0;0;0;1
3517,0,0;0;0;0;0;0,1;0;0;0;0;0;0;1;0;0;0;0;0;0;1;0;0;0;0;0;0;1;0;0;0;0;0;0;1;0;0;0;0;0;0;1
3518,0,0;0;0;0;0;0,1;0;0;0;0;0;0;1;0;0;0;0;0;0;1;0;0;0;0;0;0;1;0;0;0;0;0;0;1;0;0;0;0;0;0;1
3519,0,0;0;0;0;0;0,1;0;0;0;0;0;0;1;0;0;0;0;0;0;1;0;0;0;0;0;0;1;0;0;0;0;0;0;1;0;0;0;0;0;0;1
3520,0,0;0;0;0;0;0,1;0;0;0;0;0;0;1;0;0;0;0;0;0;1;0;0;0;0;0;0;1;0;0;0;0;0;0;1;0;0;0;0;0;0;1
3521,0,0;0;0;0;0;0,1;0;0;0;0;0;0;1;0;0;0;0;0;0;1;0;0;0;0;0;0;1;0;0;0;0;0;0;1;0;0;0;0;0;0;1
3522,0,0;0;0;0;0;0,1;0;0;0;0;0;0;1;0;0;0;0;0;0;1;0;0;0;0;0;0;1;0;0;0;0;0;0;1;0;0;0;0;0;0;1
3523,0,0;0;0;0;0;0,1;0;0;0;0;0;0;1;0;0;0;0;0;0;1;0;0;0;0;0;0;1;0;0;0;0;0;0;1;0;0;0;0;0;0;1
3524,0,0;0;0;0;0;0,1;0;0;0;0;0;0;1;0;0;0;0;0;0;1;0;0;0;0;0;0;1;0;0;0;0;0;0;1;0;0;0;0;0;0;1
3525,0,0;0;0;0;0;0,1;0;0;0;0;0;0;1;0;0;0;0;0;0;1;0;0;0;0;0;0;1;0;0;0;0;0;0;1;0;0;0;0;0;0;1
3526,0,0;0;0;0;0;0,1;0;0;0;0;0;0;1;0;0;0;0;0;0;1;0;0;0;0;0;0;1;0;0;0;0;0;0;1;0;0;0;0;0;0;1
3527,0,0;0;0;0;0;0,1;0;0;0;0;0;0;1;0;0;0;0;0;0;1;0;0;0;0;0;0;1;0;0;0;0;0;0;1;0;0;0;0;0;0;1
3528,0,0;0;0;0;0;0,1;0;0;0;0;0;0;1;0;0;0;0;0;0;1;0;0;0;0;0;0;1;0;0;0;0;0;0;1;0;0;0;0;0;0;1
3529,0,0;0;0;0;0;0,1;0;0;0;0;0;0;1;0;0;0;0;0;0;1;0;0;0;0;0;0;1;0;0;0;0;0;0;1;0;0;0;0;0;0;1
3530,0,0;0;0;0;0;0,1;0;0;0;0;0;0;1;0;0;0;0;0;0;1;0;0;0;0;0;0;1;0;0;0;0;0;0;1;0;0;0;0;0;0;1
3531,0,0;0;0;0;0;0,1;0;0;0;0;0;0;1;0;0;0;0;0;0;1;0;0;0;0;0;0;1;0;0;0;0;0;0;1;0;0;0;0;0;0;1
3532,0,0;0;0;0;0;0,1;0;0;0;0;0;0;1;0;0;0;0;0;0;1;0;0;0;0;0;0;1;0;0;0;0;0;0;1;0;0;0;0;0;0;1
3533,0,0;0;0;0;0;0,1;0;0;0;0;0;0;1;0;0;0;0;0;0;1;0;0;0;0;0;0;1;0;0;0;0;0;0;1;0;0;0;0;0;0;1
3534,0,0;0;0;0;0;0,1;0;0;0;0;0;0;1;0;0;0;0;0;0;1;0;0;0;0;0;0;1;0;0;0;0;0;0;1;0;0;0;0;0;0;1
3535,0,0;0;0;0;0;0,1;0;0;0;0;0;0;1;0;0;0;0;0;0;1;0;0;0;0;0;0;1;0;0;0;0;0;0;1;0;0;0;0;0;0;1
3536,0,0;0;0;0;0;0,1;0;0;0;0;0;0;1;0;0;0;0;0;0;1;0;0;0;0;0;0;1;0;0;0;0;0;0;1;0;0;0;0;0;0;1
3537,0,0;0;0;0;0;0,1;0;0;0;0;0;0;1;0;0;0;0;0;0;1;0;0;0;0;0;0;1;0;0;0;0;0;0;1;0;0;0;0;0;0;1
3538,0,0;0;0;0;0;0,1;0;0;0;0;0;0;1;0;0;0;0;0;0;1;0;0;0;0;0;0;1;0;0;0;0;0;0;1;0;0;0;0;0;0;1
3539,0,0;0;0;0;0;0,1;0;0;0;0;0;0;1;0;0;0;0;0;0;1;0;0;0;0;0;0;1;0;0;0;0;0;0;1;0;0;0;0;0;0;1
3540,0,0;0;0;0;0;0,1;0;0;0;0;0;0;1;0;0;0;0;0;0;1;0;0;0;0;0;0;1;0;0;0;0;0;0;1;0;0;0;0;0;0;1
3541,0,0;0;0;0;0;0,1;0;0;0;0;0;0;1;0;0;0;0;0;0;1;0;0;0;0;0;0;1;0;0;0;0;0;0;1;0;0;0;0;0;0;1
3542,0,0;0;0;0;0;0,1;0;0;0;0;0;0;1;0;0;0;0;0;0;1;0;0;0;0;0;0;1;0;0;0;0;0;0;1;0;0;0;0;0;0;1
3543,0,0;0;0;0;0;0,1;0;0;0;0;0;0;1;0;0;0;0;0;0;1;0;0;0;0;0;0;1;0;0;0;0;0;0;1;0;0;0;0;0;0;1
3544,0,0;0;0;0;0;0,1;0;0;0;0;0;0;1;0;0;0;0;0;0;1;0;0;0;0;0;0;1;0;0;0;0;0;0;1;0;0;0;0;0;0;1
3545,0,0;0;0;0;0;0,1;0;0;0;0;0;0;1;0;0;0;0;0;0;1;0;0;0;0;0;0;1;0;0;0;0;0;0;1;0;0;0;0;0;0;1
3546,0,0;0;0;0;0;0,1;0;0;0;0;0;0;1;0;0;0;0;0;0;1;0;0;0;0;0;0;1;0;0;0;0;0;0;1;0;0;0;0;0;0;1
3547,0,0;0;0;0;0;0,1;0;0;0;0;0;0;1;0;0;0;0;0;0;1;0;0;0;0;0;0;1;0;0;0;0;0;0;1;0;0;0;0;0;0;1
3548,0,0;0;0;0;0;0,1;0;0;0;0;0;0;1;0;0;0;0;0;0;1;0;0;0;0;0;0;1;0;0;0;0;0;0;1;0;0;0;0;0;0;1
3549,0,0;0;0;0;0;0,1;0;0;0;0;0;0;1;0;0;0;0;0;0;1;0;0;0;0;0;0;1;0;0;0;0;0;0;1;0;0;0;0;0;0;1
3550,0,0;0;0;0;0;0,1;0;0;0;0;0;0;1;0;0;0;0;0;0;1;0;0;0;0;0;0;1;0;0;0;0;0;0;1;0;0;0;0;0;0;1
3551,0,0;0;0;0;0;0,1;0;0;0;0;0;0;1;0;0;0;0;0;0;1;0;0;0;0;0;0;1;0;0;0;0;0;0;1;0;0;0;0;0;0;1
3552,0,0;0;0;0;0;0,1;0;0;0;0;0;0;1;0;0;0;0;0;0;1;0;0;0;0;0;0;1;0;0;0;0;0;0;1;0;0;0;0;0;0;1
3553,0,0;0;0;0;0;0,1;0;0;0;0;0;0;1;0;0;0;0;0;0;1;0;0;0;0;0;0;1;0;0;0;0;0;0;1;0;0;0;0;0;0;1
3554,0,0;0;0;0;0;0,1;0;0;0;0;0;0;1;0;0;0;0;0;0;1;0;0;0;0;0;0;1;0;0;0;0;0;0;1;0;0;0;0;0;0;1
3555,0,0;0;0;0;0;0,1;0;0;0;0;0;0;1;0;0;0;0;0;0;1;0;0;0;0;0;0;1;0;0;0;0;0;0;1;0;0;0;0;0;0;1
3556,0,0;0;0;0;0;0,1;0;0;0;0;0;0;1;0;0;0;0;0;0;1;0;0;0;0;0;0;1;0;0;0;0;0;0;1;0;0;0;0;0;0;1
3557,0,0;0;0;0;0;0,1;0;0;0;0;0;0;1;0;0;0;0;0;0;1;0;0;0;0;0;0;1;0;0;0;0;0;0;1;0;0;0;0;0;0;1
3558,0,0;0;0;0;0;0,1;0;0;0;0;0;0;1;0;0;0;0;0;0;1;0;0;0;0;0;0;1;0;0;0;0;0;0;1;0;0;0;0;0;0;1
3559,0,0;0;0;0;0;0,1;0;0;0;0;0;0;1;0;0;0;0;0;0;1;0;0;0;0;0;0;1;0;0;0;0;0;0;1;0;0;0;0;0;0;1
3560,0,0;0;0;0;0;0,1;0;0;0;0;0;0;1;0;0;0;0;0;0;1;0;0;0;0;0;0;1;0;0;0;0;0;0;1;0;0;0;0;0;0;1
3561,0,0;0;0;0;0;0,1;0;0;0;0;0;0;1;0;0;0;0;0;0;1;0;0;0;0;0;0;1;0;0;0;0;0;0;1;0;0;0;0;0;0;1
3562,0,0;0;0;0;0;0,1;0;0;0;0;0;0;1;0;0;0;0;0;0;1;0;0;0;0;0;0;1;0;0;0;0;0;0;1;0;0;0;0;0;0;1
3563,0,0;0;0;0;0;0,1;0;0;0;0;0;0;1;0;0;0;0;0;0;1;0;0;0;0;0;0;1;0;0;0;0;0;0;1;0;0;0;0;0;0;1
3564,0,0;0;0;0;0;0,1;0;0;0;0;0;0;1;0;0;0;0;0;0;1;0;0;0;0;0;0;1;0;0;0;0;0;0;1;0;0;0;0;0;0;1
3565,0,0;0;0;0;0;0,1;0;0;0;0;0;0;1;0;0;0;0;0;0;1;0;0;0;0;0;0;1;0;0;0;0;0;0;1;0;0;0;0;0;0;1
3566,0,0;0;0;0;0;0,1;0;0;0;0;0;0;1;0;0;0;0;0;0;1;0;0;0;0;0;0;1;0;0;0;0;0;0;1;0;0;0;0;0;0;1
3567,0,0;0;0;0;0;0,1;0;0;0;0;0;0;1;0;0;0;0;0;0;1;0;0;0;0;0;0;1;0;0;0;0;0;0;1;0;0;0;0;0;0;1
3568,0,0;0;0;0;0;0,1;0;0;0;0;0;0;1;0;0;0;0;0;0;1;0;0;0;0;0;0;1;0;0;0;0;0;0;1;0;0;0;0;0;0;1
3569,0,0;0;0;0;0;0,1;0;0;0;0;0;0;1;0;0;0;0;0;0;1;0;0;0;0;0;0;1;0;0;0;0;0;0;1;0;0;0;0;0;0;1
3570,0,0;0;0;0;0;0,1;0;0;0;0;0;0;1;0;0;0;0;0;0;1;0;0;0;0;0;0;1;0;0;0;0;0;0;1;0;0;0;0;0;0;1
3571,0,0;0;0;0;0;0,1;0;0;0;0;0;0;1;0;0;0;0;0;0;1;0;0;0;0;0;0;1;0;0;0;0;0;0;1;0;0;0;0;0;0;1
3572,0,0;0;0;0;0;0,1;0;0;0;0;0;0;1;0;0;0;0;0;0;1;0;0;0;0;0;0;1;0;0;0;0;0;0;1;0;0;0;0;0;0;1
3573,0,0;0;0;0;0;0,1;0;0;0;0;0;0;1;0;0;0;0;0;0;1;0;0;0;0;0;0;1;0;0;0;0;0;0;1;0;0;0;0;0;0;1
3574,0,0;0;0;0;0;0,1;0;0;0;0;0;0;1;0;0;0;0;0;0;1;0;0;0;0;0;0;1;0;0;0;0;0;0;1;0;0;0;0;0;0;1
3575,0,0;0;0;0;0;0,1;0;0;0;0;0;0;1;0;0;0;0;0;0;1;0;0;0;0;0;0;1;0;0;0;0;0;0;1;0;0;0;0;0;0;1
3576,0,0;0;0;0;0;0,1;0;0;0;0;0;0;1;0;0;0;0;0;0;1;0;0;0;0;0;0;1;0;0;0;0;0;0;1;0;0;0;0;0;0;1
3577,0,0;0;0;0;0;0,1;0;0;0;0;0;0;1;0;0;0;0;0;0;1;0;0;0;0;0;0;1;0;0;0;0;0;0;1;0;0;0;0;0;0;1
3578,0,0;0;0;0;0;0,1;0;0;0;0;0;0;1;0;0;0;0;0;0;1;0;0;0;0;0;0;1;0;0;0;0;0;0;1;0;0;0;0;0;0;1
3579,0,0;0;0;0;0;0,1;0;0;0;0;0;0;1;0;0;0;0;0;0;1;0;0;0;0;0;0;1;0;0;0;0;0;0;1;0;0;0;0;0;0;1
3580,0,0;0;0;0;0;0,1;0;0;0;0;0;0;1;0;0;0;0;0;0;1;0;0;0;0;0;0;1;0;0;0;0;0;0;1;0;0;0;0;0;0;1
3581,0,0;0;0;0;0;0,1;0;0;0;0;0;0;1;0;0;0;0;0;0;1;0;0;0;0;0;0;1;0;0;0;0;0;0;1;0;0;0;0;0;0;1
3582,0,0;0;0;0;0;0,1;0;0;0;0;0;0;1;0;0;0;0;0;0;1;0;0;0;0;0;0;1;0;0;0;0;0;0;1;0;0;0;0;0;0;1
3583,0,0;0;0;0;0;0,1;0;0;0;0;0;0;1;0;0;0;0;0;0;1;0;0;0;0;0;0;1;0;0;0;0;0;0;1;0;0;0;0;0;0;1
3584,0,0;0;0;0;0;0,1;0;0;0;0;0;0;1;0;0;0;0;0;0;1;0;0;0;0;0;0;1;0;0;0;0;0;0;1;0;0;0;0;0;0;1
3585,0,0;0;0;0;0;0,1;0;0;0;0;0;0;1;0;0;0;0;0;0;1;0;0;0;0;0;0;1;0;0;0;0;0;0;1;0;0;0;0;0;0;1
3586,0,0;0;0;0;0;0,1;0;0;0;0;0;0;1;0;0;0;0;0;0;1;0;0;0;0;0;0;1;0;0;0;0;0;0;1;0;0;0;0;0;0;1
3587,0,0;0;0;0;0;0,1;0;0;0;0;0;0;1;0;0;0;0;0;0;1;0;0;0;0;0;0;1;0;0;0;0;0;0;1;0;0;0;0;0;0;1
3588,0,0;0;0;0;0;0,1;0;0;0;0;0;0;1;0;0;0;0;0;0;1;0;0;0;0;0;0;1;0;0;0;0;0;0;1;0;0;0;0;0;0;1
3589,0,0;0;0;0;0;0,1;0;0;0;0;0;0;1;0;0;0;0;0;0;1;0;0;0;0;0;0;1;0;0;0;0;0;0;1;0;0;0;0;0;0;1
3590,2,1.9781745881341875;3.5064695046740222;5.18080988267414;148.97519027036756;364.53359996717376;554.42263153319072,-0.040401746872545656;0.82864718490254252;-0.555078016479297;0.00086028553714122128;-0.0059140436166761077;0.059701100668600675;-0.013135792720900524;-0.55594553877907504;-0.83092093785982291;-0.001506503331100092;0.0024345804114598332;-0.017725889352112462;-0.99425325787929142;-0.026550505122750624;0.033228908940947481;0.060811203326101619;-0.077060159171595394;-0.0038857307183836824;-0.074831964408259247;-0.00025850682305566164;0.002597513847284337;0.038874387119838871;0.99361076948584082;0.074965218512649409;0.063568737816110027;-0.00018251181663188234;-0.002824180683072967;0.99738124267420603;-0.034341697440406202;0.0015201460264458041;0.0038472939740576452;-0.059693981322422374;0.018436571900392162;-0.0042926325551712156;-0.074693475976392504;0.99523081628928056
3591,0,0;0;0;0;0;0,1;0;0;0;0;0;0;1;0;0;0;0;0;0;1;0;0;0;0;0;0;1;0;0;0;0;0;0;1;0;0;0;0;0;0;1
3592,0,0;0;0;0;0;0,1;0;0;0;0;0;0;1;0;0;0;0;0;0;1;0;0;0;0;0;0;1;0;0;0;0;0;0;1;0;0;0;0;0;0;1
3593,0,0;0;0;0;0;0,1;0;0;0;0;0;0;1;0;0;0;0;0;0;1;0;0;0;0;0;0;1;0;0;0;0;0;0;1;0;0;0;0;0;0;1
3594,0,0;0;0;0;0;0,1;0;0;0;0;0;0;1;0;0;0;0;0;0;1;0;0;0;0;0;0;1;0;0;0;0;0;0;1;0;0;0;0;0;0;1
3595,0,0;0;0;0;0;0,1;0;0;0;0;0;0;1;0;0;0;0;0;0;1;0;0;0;0;0;0;1;0;0;0;0;0;0;1;0;0;0;0;0;0;1
3596,0,0;0;0;0;0;0,1;0;0;0;0;0;0;1;0;0;0;0;0;0;1;0;0;0;0;0;0;1;0;0;0;0;0;0;1;0;0;0;0;0;0;1
3597,0,0;0;0;0;0;0,1;0;0;0;0;0;0;1;0;0;0;0;0;0;1;0;0;0;0;0;0;1;0;0;0;0;0;0;1;0;0;0;0;0;0;1
3598,0,0;0;0;0;0;0,1;0;0;0;0;0;0;1;0;0;0;0;0;0;1;0;0;0;0;0;0;1;0;0;0;0;0;0;1;0;0;0;0;0;0;1
3599,0,0;0;0;0;0;0,1;0;0;0;0;0;0;1;0;0;0;0;0;0;1;0;0;0;0;0;0;1;0;0;0;0;0;0;1;0;0;0;0;0;0;1
3600,2,1.9630008064701334;3.5698860642409089;4.9680347386148087;18.092023698866392;369.32025925540904;435.7673234130333,-0.009758240405671673;0.94880605590366351;-0.30685735463039288;0.0032333714972986481;-0.0079274898534426579;0.073736755741903304;-0.030358410353517953;-0.30730507488866676;-0.95101256235382314;-0.013055708860015924;0.00068063105476973812;-0.0067933291708866111;-0.96927132422315709;-0.0017598631195588409;0.028315570783807077;0.23191772950233069;-0.076706337774358049;-0.0062077257835956249;-0.079102898902767144;0.00063719692303800175;0.0023332628900719298;-0.00014234434308027554;0.99206369468883926;0.097706124004402636;0.23069476594166852;-0.0088470310462308958;-0.018044280815353163;0.97227749616417292;0.01579106583136956;0.028340282836946309;-0.0043474194617922068;-0.072449196902066054;0.016758831098345334;-0.02664039617237357;-0.098046403868149418;0.99203253342457942
3601,2,2.2467730061508329;3.7697722277660506;4.9486508971667389;16.644794226530831;429.00201880787546;452.08994764097611,-0.032834482680585399;0.95893438916237628;-0.27146246805364632;0.014157483690818144;-0.029891985427905991;0.067682326569227264;-0.034167484039646416;-0.27290699155899206;-0.96140562091816184;-0.0058146482347487859;0.0011541609732015976;-0.0042949782234016354;-0.97034083786616743;-0.025270072316464189;0.040329611974329105;0.22664562395353596;-0.064002619427143387;-0.026627618396725439;-0.075434748177102731;-0.00098318792962638602;0.0024060754711566694;-0.018594659370675018;0.9153297460223877;0.39513103851666681;0.22470811135319507;-0.011789892135747857;-0.010674672313600522;0.97327516134423264;0.021421178716427191;0.039114037368473853;-0.0030002683580244893;-0.07202823383954074;0.016159983756551633;-0.028057362980332571;-0.39588052613772351;0.91489517446111468
3602,0,0;0;0;0;0;0,1;0;0;0;0;0;0;1;0;0;0;0;0;0;1;0;0;0;0;0;0;1;0;0;0;0;0;0;1;0;0;0;0;0;0;1
3603,0,0;0;0;0;0;0,1;0;0;0;0;0;0;1;0;0;0;0;0;0;1;0;0;0;0;0;0;1;0;0;0;0;0;0;1;0;0;0;0;0;0;1
3604,0,0;0;0;0;0;0,1;0;0;0;0;0;0;1;0;0;0;0;0;0;1;0;0;0;0;0;0;1;0;0;0;0;0;0;1;0;0;0;0;0;0;1
3605,0,0;0;0;0;0;0,1;0;0;0;0;0;0;1;0;0;0;0;0;0;1;0;0;0;0;0;0;1;0;0;0;0;0;0;1;0;0;0;0;0;0;1
3606,0,0;0;0;0;0;0,1;0;0;0;0;0;0;1;0;0;0;0;0;0;1;0;0;0;0;0;0;1;0;0;0;0;0;0;1;0;0;0;0;0;0;1
3607,0,0;0;0;0;0;0,1;0;0;0;0;0;0;1;0;0;0;0;0;0;1;0;0;0;0;0;0;1;0;0;0;0;0;0;1;0;0;0;0;0;0;1
3608,0,0;0;0;0;0;0,1;0;0;0;0;0;0;1;0;0;0;0;0;0;1;0;0;0;0;0;0;1;0;0;0;0;0;0;1;0;0;0;0;0;0;1
3609,0,0;0;0;0;0;0,1;0;0;0;0;0;0;1;0;0;0;0;0;0;1;0;0;0;0;0;0;1;0;0;0;0;0;0;1;0;0;0;0;0;0;1
3610,0,0;0;0;0;0;0,1;0;0;0;0;0;0;1;0;0;0;0;0;0;1;0;0;0;0;0;0;1;0;0;0;0;0;0;1;0;0;0;0;0;0;1
3611,0,0;0;0;0;0;0,1;0;0;0;0;0;0;1;0;0;0;0;0;0;1;0;0;0;0;0;0;1;0;0;0;0;0;0;1;0;0;0;0;0;0;1
3612,0,0;0;0;0;0;0,1;0;0;0;0;0;0;1;0;0;0;0;0;0;1;0;0;0;0;0;0;1;0;0;0;0;0;0;1;0;0;0;0;0;0;1
3613,0,0;0;0;0;0;0,1;0;0;0;0;0;0;1;0;0;0;0;0;0;1;0;0;0;0;0;0;1;0;0;0;0;0;0;1;0;0;0;0;0;0;1
3614,0,0;0;0;0;0;0,1;0;0;0;0;0;0;1;0;0;0;0;0;0;1;0;0;0;0;0;0;1;0;0;0;0;0;0;1;0;0;0;0;0;0;1
3615,0,0;0;0;0;0;0,1;0;0;0;0;0;0;1;0;0;0;0;0;0;1;0;0;0;0;0;0;1;0;0;0;0;0;0;1;0;0;0;0;0;0;1
3616,0,0;0;0;0;0;0,1;0;0;0;0;0;0;1;0;0;0;0;0;0;1;0;0;0;0;0;0;1;0;0;0;0;0;0;1;0;0;0;0;0;0;1
3617,0,0;0;0;0;0;0,1;0;0;0;0;0;0;1;0;0;0;0;0;0;1;0;0;0;0;0;0;1;0;0;0;0;0;0;1;0;0;0;0;0;0;1
3618,0,0;0;0;0;0;0,1;0;0;0;0;0;0;1;0;0;0;0;0;0;1;0;0;0;0;0;0;1;0;0;0;0;0;0;1;0;0;0;0;0;0;1
3619,0,0;0;0;0;0;0,1;0;0;0;0;0;0;1;0;0;0;0;0;0;1;0;0;0;0;0;0;1;0;0;0;0;0;0;1;0;0;0;0;0;0;1
3620,0,0;0;0;0;0;0,1;0;0;0;0;0;0;1;0;0;0;0;0;0;1;0;0;0;0;0;0;1;0;0;0;0;0;0;1;0;0;0;0;0;0;1
3621,0,0;0;0;0;0;0,1;0;0;0;0;0;0;1;0;0;0;0;0;0;1;0;0;0;0;0;0;1;0;0;0;0;0;0;1;0;0;0;0;0;0;1
3622,0,0;0;0;0;0;0,1;0;0;0;0;0;0;1;0;0;0;0;0;0;1;0;0;0;0;0;0;1;0;0;0;0;0;0;1;0;0;0;0;0;0;1
3623,0,0;0;0;0;0;0,1;0;0;0;0;0;0;1;0;0;0;0;0;0;1;0;0;0;0;0;0;1;0;0;0;0;0;0;1;0;0;0;0;0;0;1
3624,0,0;0;0;0;0;0,1;0;0;0;0;0;0;1;0;0;0;0;0;0;1;0;0;0;0;0;0;1;0;0;0;0;0;0;1;0;0;0;0;0;0;1
3625,0,0;0;0;0;0;0,1;0;0;0;0;0;0;1;0;0;0;0;0;0;1;0;0;0;0;0;0;1;0;0;0;0;0;0;1;0;0;0;0;0;0;1
3626,0,0;0;0;0;0;0,1;0;0;0;0;0;0;1;0;0;0;0;0;0;1;0;0;0;0;0;0;1;0;0;0;0;0;0;1;0;0;0;0;0;0;1
3627,0,0;0;0;0;0;0,1;0;0;0;0;0;0;1;0;0;0;0;0;0;1;0;0;0;0;0;0;1;0;0;0;0;0;0;1;0;0;0;0;0;0;1
3628,0,0;0;0;0;0;0,1;0;0;0;0;0;0;1;0;0;0;0;0;0;1;0;0;0;0;0;0;1;0;0;0;0;0;0;1;0;0;0;0;0;0;1
3629,0,0;0;0;0;0;0,1;0;0;0;0;0;0;1;0;0;0;0;0;0;1;0;0;0;0;0;0;1;0;0;0;0;0;0;1;0;0;0;0;0;0;1
3630,0,0;0;0;0;0;0,1;0;0;0;0;0;0;1;0;0;0;0;0;0;1;0;0;0;0;0;0;1;0;0;0;0;0;0;1;0;0;0;0;0;0;1
3631,0,0;0;0;0;0;0,1;0;0;0;0;0;0;1;0;0;0;0;0;0;1;0;0;0;0;0;0;1;0;0;0;0;0;0;1;0;0;0;0;0;0;1
3632,0,0;0;0;0;0;0,1;0;0;0;0;0;0;1;0;0;0;0;0;0;1;0;0;0;0;0;0;1;0;0;0;0;0;0;1;0;0;0;0;0;0;1
3633,0,0;0;0;0;0;0,1;0;0;0;0;0;0;1;0;0;0;0;0;0;1;0;0;0;0;0;0;1;0;0;0;0;0;0;1;0;0;0;0;0;0;1
3634,0,0;0;0;0;0;0,1;0;0;0;0;0;0;1;0;0;0;0;0;0;1;0;0;0;0;0;0;1;0;0;0;0;0;0;1;0;0;0;0;0;0;1
3635,0,0;0;0;0;0;0,1;0;0;0;0;0;0;1;0;0;0;0;0;0;1;0;0;0;0;0;0;1;0;0;0;0;0;0;1;0;0;0;0;0;0;1
3636,0,0;0;0;0;0;0,1;0;0;0;0;0;0;1;0;0;0;0;0;0;1;0;0;0;0;0;0;1;0;0;0;0;0;0;1;0;0;0;0;0;0;1
3637,0,0;0;0;0;0;0,1;0;0;0;0;0;0;1;0;0;0;0;0;0;1;0;0;0;0;0;0;1;0;0;0;0;0;0;1;0;0;0;0;0;0;1
3638,0,0;0;0;0;0;0,1;0;0;0;0;0;0;1;0;0;0;0;0;0;1;0;0;0;0;0;0;1;0;0;0;0;0;0;1;0;0;0;0;0;0;1
3639,0,0;0;0;0;0;0,1;0;0;0;0;0;0;1;0;0;0;0;0;0;1;0;0;0;0;0;0;1;0;0;0;0;0;0;1;0;0;0;0;0;0;1
3640,0,0;0;0;0;0;0,1;0;0;0;0;0;0;1;0;0;0;0;0;0;1;0;0;0;0;0;0;1;0;0;0;0;0;0;1;0;0;0;0;0;0;1
3641,0,0;0;0;0;0;0,1;0;0;0;0;0;0;1;0;0;0;0;0;0;1;0;0;0;0;0;0;1;0;0;0;0;0;0;1;0;0;0;0;0;0;1
3642,0,0;0;0;0;0;0,1;0;0;0;0;0;0;1;0;0;0;0;0;0;1;0;0;0;0;0;0;1;0;0;0;0;0;0;1;0;0;0;0;0;0;1
3643,0,0;0;0;0;0;0,1;0;0;0;0;0;0;1;0;0;0;0;0;0;1;0;0;0;0;0;0;1;0;0;0;0;0;0;1;0;0;0;0;0;0;1
3644,0,0;0;0;0;0;0,1;0;0;0;0;0;0;1;0;0;0;0;0;0;1;0;0;0;0;0;0;1;0;0;0;0;0;0;1;0;0;0;0;0;0;1
3645,0,0;0;0;0;0;0,1;0;0;0;0;0;0;1;0;0;0;0;0;0;1;0;0;0;0;0;0;1;0;0;0;0;0;0;1;0;0;0;0;0;0;1
3646,0,0;0;0;0;0;0,1;0;0;0;0;0;0;1;0;0;0;0;0;0;1;0;0;0;0;0;0;1;0;0;0;0;0;0;1;0;0;0;0;0;0;1
3647,0,0;0;0;0;0;0,1;0;0;0;0;0;0;1;0;0;0;0;0;0;1;0;0;0;0;0;0;1;0;0;0;0;0;0;1;0;0;0;0;0;0;1
3648,0,0;0;0;0;0;0,1;0;0;0;0;0;0;1;0;0;0;0;0;0;1;0;0;0;0;0;0;1;0;0;0;0;0;0;1;0;0;0;0;0;0;1
3649,0,0;0;0;0;0;0,1;0;0;0;0;0;0;1;0;0;0;0;0;0;1;0;0;0;0;0;0;1;0;0;0;0;0;0;1;0;0;0;0;0;0;1
3650,0,0;0;0;0;0;0,1;0;0;0;0;0;0;1;0;0;0;0;0;0;1;0;0;0;0;0;0;1;0;0;0;0;0;0;1;0;0;0;0;0;0;1
3651,0,0;0;0;0;0;0,1;0;0;0;0;0;0;1;0;0;0;0;0;0;1;0;0;0;0;0;0;1;0;0;0;0;0;0;1;0;0;0;0;0;0;1
3652,0,0;0;0;0;0;0,1;0;0;0;0;0;0;1;0;0;0;0;0;0;1;0;0;0;0;0;0;1;0;0;0;0;0;0;1;0;0;0;0;0;0;1
3653,0,0;0;0;0;0;0,1;0;0;0;0;0;0;1;0;0;0;0;0;0;1;0;0;0;0;0;0;1;0;0;0;0;0;0;1;0;0;0;0;0;0;1
3654,0,0;0;0;0;0;0,1;0;0;0;0;0;0;1;0;0;0;0;0;0;1;0;0;0;0;0;0;1;0;0;0;0;0;0;1;0;0;0;0;0;0;1
3655,0,0;0;0;0;0;0,1;0;0;0;0;0;0;1;0;0;0;0;0;0;1;0;0;0;0;0;0;1;0;0;0;0;0;0;1;0;0;0;0;0;0;1
3656,0,0;0;0;0;0;0,1;0;0;0;0;0;0;1;0;0;0;0;0;0;1;0;0;0;0;0;0;1;0;0;0;0;0;0;1;0;0;0;0;0;0;1
3657,0,0;0;0;0;0;0,1;0;0;0;0;0;0;1;0;0;0;0;0;0;1;0;0;0;0;0;0;1;0;0;0;0;0;0;1;0;0;0;0;0;0;1
3658,0,0;0;0;0;0;0,1;0;0;0;0;0;0;1;0;0;0;0;0;0;1;0;0;0;0;0;0;1;0;0;0;0;0;0;1;0;0;0;0;0;0;1
3659,0,0;0;0;0;0;0,1;0;0;0;0;0;0;1;0;0;0;0;0;0;1;0;0;0;0;0;0;1;0;0;0;0;0;0;1;0;0;0;0;0;0;1
3660,0,0;0;0;0;0;0,1;0;0;0;0;0;0;1;0;0;0;0;0;0;1;0;0;0;0;0;0;1;0;0;0;0;0;0;1;0;0;0;0;0;0;1
3661,0,0;0;0;0;0;0,1;0;0;0;0;0;0;1;0;0;0;0;0;0;1;0;0;0;0;0;0;1;0;0;0;0;0;0;1;0;0;0;0;0;0;1
3662,0,0;0;0;0;0;0,1;0;0;0;0;0;0;1;0;0;0;0;0;0;1;0;0;0;0;0;0;1;0;0;0;0;0;0;1;0;0;0;0;0;0;1
3663,0,0;0;0;0;0;0,1;0;0;0;0;0;0;1;0;0;0;0;0;0;1;0;0;0;0;0;0;1;0;0;0;0;0;0;1;0;0;0;0;0;0;1
3664,0,0;0;0;0;0;0,1;0;0;0;0;0;0;1;0;0;0;0;0;0;1;0;0;0;0;0;0;1;0;0;0;0;0;0;1;0;0;0;0;0;0;1
3665,0,0;0;0;0;0;0,1;0;0;0;0;0;0;1;0;0;0;0;0;0;1;0;0;0;0;0;0;1;0;0;0;0;0;0;1;0;0;0;0;0;0;1
3666,0,0;0;0;0;0;0,1;0;0;0;0;0;0;1;0;0;0;0;0;0;1;0;0;0;0;0;0;1;0;0;0;0;0;0;1;0;0;0;0;0;0;1
3667,0,0;0;0;0;0;0,1;0;0;0;0;0;0;1;0;0;0;0;0;0;1;0;0;0;0;0;0;1;0;0;0;0;0;0;1;0;0;0;0;0;0;1
3668,0,0;0;0;0;0;0,1;0;0;0;0;0;0;1;0;0;0;0;0;0;1;0;0;0;0;0;0;1;0;0;0;0;0;0;1;0;0;0;0;0;0;1
3669,0,0;0;0;0;0;0,1;0;0;0;0;0;0;1;0;0;0;0;0;0;1;0;0;0;0;0;0;1;0;0;0;0;0;0;1;0;0;0;0;0;0;1
3670,0,0;0;0;0;0;0,1;0;0;0;0;0;0;1;0;0;0;0;0;0;1;0;0;0;0;0;0;1;0;0;0;0;0;0;1;0;0;0;0;0;0;1
3671,0,0;0;0;0;0;0,1;0;0;0;0;0;0;1;0;0;0;0;0;0;1;0;0;0;0;0;0;1;0;0;0;0;0;0;1;0;0;0;0;0;0;1
3672,0,0;0;0;0;0;0,1;0;0;0;0;0;0;1;0;0;0;0;0;0;1;0;0;0;0;0;0;1;0;0;0;0;0;0;1;0;0;0;0;0;0;1
3673,0,0;0;0;0;0;0,1;0;0;0;0;0;0;1;0;0;0;0;0;0;1;0;0;0;0;0;0;1;0;0;0;0;0;0;1;0;0;0;0;0;0;1
3674,0,0;0;0;0;0;0,1;0;0;0;0;0;0;1;0;0;0;0;0;0;1;0;0;0;0;0;0;1;0;0;0;0;0;0;1;0;0;0;0;0;0;1
3675,0,0;0;0;0;0;0,1;0;0;0;0;0;0;1;0;0;0;0;0;0;1;0;0;0;0;0;0;1;0;0;0;0;0;0;1;0;0;0;0;0;0;1
3676,0,0;0;0;0;0;0,1;0;0;0;0;0;0;1;0;0;0;0;0;0;1;0;0;0;0;0;0;1;0;0;0;0;0;0;1;0;0;0;0;0;0;1
3677,0,0;0;0;0;0;0,1;0;0;0;0;0;0;1;0;0;0;0;0;0;1;0;0;0;0;0;0;1;0;0;0;0;0;0;1;0;0;0;0;0;0;1
3678,0,0;0;0;0;0;0,1;0;0;0;0;0;0;1;0;0;0;0;0;0;1;0;0;0;0;0;0;1;0;0;0;0;0;0;1;0;0;0;0;0;0;1
3679,0,0;0;0;0;0;0,1;0;0;0;0;0;0;1;0;0;0;0;0;0;1;0;0;0;0;0;0;1;0;0;0;0;0;0;1;0;0;0;0;0;0;1
3680,0,0;0;0;0;0;0,1;0;0;0;0;0;0;1;0;0;0;0;0;0;1;0;0;0;0;0;0;1;0;0;0;0;0;0;1;0;0;0;0;0;0;1
3681,0,0;0;0;0;0;0,1;0;0;0;0;0;0;1;0;0;0;0;0;0;1;0;0;0;0;0;0;1;0;0;0;0;0;0;1;0;0;0;0;0;0;1
3682,0,0;0;0;0;0;0,1;0;0;0;0;0;0;1;0;0;0;0;0;0;1;0;0;0;0;0;0;1;0;0;0;0;0;0;1;0;0;0;0;0;0;1
3683,0,0;0;0;0;0;0,1;0;0;0;0;0;0;1;0;0;0;0;0;0;1;0;0;0;0;0;0;1;0;0;0;0;0;0;1;0;0;0;0;0;0;1
3684,0,0;0;0;0;0;0,1;0;0;0;0;0;0;1;0;0;0;0;0;0;1;0;0;0;0;0;0;1;0;0;0;0;0;0;1;0;0;0;0;0;0;1
3685,0,0;0;0;0;0;0,1;0;0;0;0;0;0;1;0;0;0;0;0;0;1;0;0;0;0;0;0;1;0;0;0;0;0;0;1;0;0;0;0;0;0;1
3686,0,0;0;0;0;0;0,1;0;0;0;0;0;0;1;0;0;0;0;0;0;1;0;0;0;0;0;0;1;0;0;0;0;0;0;1;0;0;0;0;0;0;1
3687,0,0;0;0;0;0;0,1;0;0;0;0;0;0;1;0;0;0;0;0;0;1;0;0;0;0;0;0;1;0;0;0;0;0;0;1;0;0;0;0;0;0;1
3688,0,0;0;0;0;0;0,1;0;0;0;0;0;0;1;0;0;0;0;0;0;1;0;0;0;0;0;0;1;0;0;0;0;0;0;1;0;0;0;0;0;0;1
3689,0,0;0;0;0;0;0,1;0;0;0;0;0;0;1;0;0;0;0;0;0;1;0;0;0;0;0;0;1;0;0;0;0;0;0;1;0;0;0;0;0;0;1
3690,0,0;0;0;0;0;0,1;0;0;0;0;0;0;1;0;0;0;0;0;0;1;0;0;0;0;0;0;1;0;0;0;0;0;0;1;0;0;0;0;0;0;1
3691,0,0;0;0;0;0;0,1;0;0;0;0;0;0;1;0;0;0;0;0;0;1;0;0;0;0;0;0;1;0;0;0;0;0;0;1;0;0;0;0;0;0;1
3692,0,0;0;0;0;0;0,1;0;0;0;0;0;0;1;0;0;0;0;0;0;1;0;0;0;0;0;0;1;0;0;0;0;0;0;1;0;0;0;0;0;0;1
3693,0,0;0;0;0;0;0,1;0;0;0;0;0;0;1;0;0;0;0;0;0;1;0;0;0;0;0;0;1;0;0;0;0;0;0;1;0;0;0;0;0;0;1
3694,0,0;0;0;0;0;0,1;0;0;0;0;0;0;1;0;0;0;0;0;0;1;0;0;0;0;0;0;1;0;0;0;0;0;0;1;0;0;0;0;0;0;1
3695,0,0;0;0;0;0;0,1;0;0;0;0;0;0;1;0;0;0;0;0;0;1;0;0;0;0;0;0;1;0;0;0;0;0;0;1;0;0;0;0;0;0;1
3696,0,0;0;0;0;0;0,1;0;0;0;0;0;0;1;0;0;0;0;0;0;1;0;0;0;0;0;0;1;0;0;0;0;0;0;1;0;0;0;0;0;0;1
3697,0,0;0;0;0;0;0,1;0;0;0;0;0;0;1;0;0;0;0;0;0;1;0;0;0;0;0;0;1;0;0;0;0;0;0;1;0;0;0;0;0;0;1
3698,0,0;0;0;0;0;0,1;0;0;0;0;0;0;1;0;0;0;0;0;0;1;0;0;0;0;0;0;1;0;0;0;0;0;0;1;0;0;0;0;0;0;1
3699,0,0;0;0;0;0;0,1;0;0;0;0;0;0;1;0;0;0;0;0;0;1;0;0;0;0;0;0;1;0;0;0;0;0;0;1;0;0;0;0;0;0;1
3700,0,0;0;0;0;0;0,1;0;0;0;0;0;0;1;0;0;0;0;0;0;1;0;0;0;0;0;0;1;0;0;0;0;0;0;1;0;0;0;0;0;0;1
3701,0,0;0;0;0;0;0,1;0;0;0;0;0;0;1;0;0;0;0;0;0;1;0;0;0;0;0;0;1;0;0;0;0;0;0;1;0;0;0;0;0;0;1
3702,0,0;0;0;0;0;0,1;0;0;0;0;0;0;1;0;0;0;0;0;0;1;0;0;0;0;0;0;1;0;0;0;0;0;0;1;0;0;0;0;0;0;1
3703,0,0;0;0;0;0;0,1;0;0;0;0;0;0;1;0;0;0;0;0;0;1;0;0;0;0;0;0;1;0;0;0;0;0;0;1;0;0;0;0;0;0;1
3704,0,0;0;0;0;0;0,1;0;0;0;0;0;0;1;0;0;0;0;0;0;1;0;0;0;0;0;0;1;0;0;0;0;0;0;1;0;0;0;0;0;0;1
3705,0,0;0;0;0;0;0,1;0;0;0;0;0;0;1;0;0;0;0;0;0;1;0;0;0;0;0;0;1;0;0;0;0;0;0;1;0;0;0;0;0;0;1
3706,0,0;0;0;0;0;0,1;0;0;0;0;0;0;1;0;0;0;0;0;0;1;0;0;0;0;0;0;1;0;0;0;0;0;0;1;0;0;0;0;0;0;1
3707,0,0;0;0;0;0;0,1;0;0;0;0;0;0;1;0;0;0;0;0;0;1;0;0;0;0;0;0;1;0;0;0;0;0;0;1;0;0;0;0;0;0;1
3708,0,0;0;0;0;0;0,1;0;0;0;0;0;0;1;0;0;0;0;0;0;1;0;0;0;0;0;0;1;0;0;0;0;0;0;1;0;0;0;0;0;0;1
3709,0,0;0;0;0;0;0,1;0;0;0;0;0;0;1;0;0;0;0;0;0;1;0;0;0;0;0;0;1;0;0;0;0;0;0;1;0;0;0;0;0;0;1
3710,0,0;0;0;0;0;0,1;0;0;0;0;0;0;1;0;0;0;0;0;0;1;0;0;0;0;0;0;1;0;0;0;0;0;0;1;0;0;0;0;0;0;1
3711,0,0;0;0;0;0;0,1;0;0;0;0;0;0;1;0;0;0;0;0;0;1;0;0;0;0;0;0;1;0;0;0;0;0;0;1;0;0;0;0;0;0;1
3712,0,0;0;0;0;0;0,1;0;0;0;0;0;0;1;0;0;0;0;0;0;1;0;0;0;0;0;0;1;0;0;0;0;0;0;1;0;0;0;0;0;0;1
3713,0,0;0;0;0;0;0,1;0;0;0;0;0;0;1;0;0;0;0;0;0;1;0;0;0;0;0;0;1;0;0;0;0;0;0;1;0;0;0;0;0;0;1
3714,0,0;0;0;0;0;0,1;0;0;0;0;0;0;1;0;0;0;0;0;0;1;0;0;0;0;0;0;1;0;0;0;0;0;0;1;0;0;0;0;0;0;1
3715,0,0;0;0;0;0;0,1;0;0;0;0;0;0;1;0;0;0;0;0;0;1;0;0;0;0;0;0;1;0;0;0;0;0;0;1;0;0;0;0;0;0;1
3716,0,0;0;0;0;0;0,1;0;0;0;0;0;0;1;0;0;0;0;0;0;1;0;0;0;0;0;0;1;0;0;0;0;0;0;1;0;0;0;0;0;0;1
3717,0,0;0;0;0;0;0,1;0;0;0;0;0;0;1;0;0;0;0;0;0;1;0;0;0;0;0;0;1;0;0;0;0;0;0;1;0;0;0;0;0;0;1
3718,0,0;0;0;0;0;0,1;0;0;0;0;0;0;1;0;0;0;0;0;0;1;0;0;0;0;0;0;1;0;0;0;0;0;0;1;0;0;0;0;0;0;1
3719,0,0;0;0;0;0;0,1;0;0;0;0;0;0;1;0;0;0;0;0;0;1;0;0;0;0;0;0;1;0;0;0;0;0;0;1;0;0;0;0;0;0;1
3720,0,0;0;0;0;0;0,1;0;0;0;0;0;0;1;0;0;0;0;0;0;1;0;0;0;0;0;0;1;0;0;0;0;0;0;1;0;0;0;0;0;0;1
3721,0,0;0;0;0;0;0,1;0;0;0;0;0;0;1;0;0;0;0;0;0;1;0;0;0;0;0;0;1;0;0;0;0;0;0;1;0;0;0;0;0;0;1
3722,0,0;0;0;0;0;0,1;0;0;0;0;0;0;1;0;0;0;0;0;0;1;0;0;0;0;0;0;1;0;0;0;0;0;0;1;0;0;0;0;0;0;1
3723,0,0;0;0;0;0;0,1;0;0;0;0;0;0;1;0;0;0;0;0;0;1;0;0;0;0;0;0;1;0;0;0;0;0;0;1;0;0;0;0;0;0;1
3724,0,0;0;0;0;0;0,1;0;0;0;0;0;0;1;0;0;0;0;0;0;1;0;0;0;0;0;0;1;0;0;0;0;0;0;1;0;0;0;0;0;0;1
3725,0,0;0;0;0;0;0,1;0;0;0;0;0;0;1;0;0;0;0;0;0;1;0;0;0;0;0;0;1;0;0;0;0;0;0;1;0;0;0;0;0;0;1
3726,0,0;0;0;0;0;0,1;0;0;0;0;0;0;1;0;0;0;0;0;0;1;0;0;0;0;0;0;1;0;0;0;0;0;0;1;0;0;0;0;0;0;1
3727,0,0;0;0;0;0;0,1;0;0;0;0;0;0;1;0;0;0;0;0;0;1;0;0;0;0;0;0;1;0;0;0;0;0;0;1;0;0;0;0;0;0;1
3728,0,0;0;0;0;0;0,1;0;0;0;0;0;0;1;0;0;0;0;0;0;1;0;0;0;0;0;0;1;0;0;0;0;0;0;1;0;0;0;0;0;0;1
3729,0,0;0;0;0;0;0,1;0;0;0;0;0;0;1;0;0;0;0;0;0;1;0;0;0;0;0;0;1;0;0;0;0;0;0;1;0;0;0;0;0;0;1
3730,0,0;0;0;0;0;0,1;0;0;0;0;0;0;1;0;0;0;0;0;0;1;0;0;0;0;0;0;1;0;0;0;0;0;0;1;0;0;0;0;0;0;1
3731,0,0;0;0;0;0;0,1;0;0;0;0;0;0;1;0;0;0;0;0;0;1;0;0;0;0;0;0;1;0;0;0;0;0;0;1;0;0;0;0;0;0;1
3732,0,0;0;0;0;0;0,1;0;0;0;0;0;0;1;0;0;0;0;0;0;1;0;0;0;0;0;0;1;0;0;0;0;0;0;1;0;0;0;0;0;0;1
3733,0,0;0;0;0;0;0,1;0;0;0;0;0;0;1;0;0;0;0;0;0;1;0;0;0;0;0;0;1;0;0;0;0;0;0;1;0;0;0;0;0;0;1
3734,0,0;0;0;0;0;0,1;0;0;0;0;0;0;1;0;0;0;0;0;0;1;0;0;0;0;0;0;1;0;0;0;0;0;0;1;0;0;0;0;0;0;1
3735,0,0;0;0;0;0;0,1;0;0;0;0;0;0;1;0;0;0;0;0;0;1;0;0;0;0;0;0;1;0;0;0;0;0;0;1;0;0;0;0;0;0;1
3736,0,0;0;0;0;0;0,1;0;0;0;0;0;0;1;0;0;0;0;0;0;1;0;0;0;0;0;0;1;0;0;0;0;0;0;1;0;0;0;0;0;0;1
3737,0,0;0;0;0;0;0,1;0;0;0;0;0;0;1;0;0;0;0;0;0;1;0;0;0;0;0;0;1;0;0;0;0;0;0;1;0;0;0;0;0;0;1
3738,0,0;0;0;0;0;0,1;0;0;0;0;0;0;1;0;0;0;0;0;0;1;0;0;0;0;0;0;1;0;0;0;0;0;0;1;0;0;0;0;0;0;1
3739,0,0;0;0;0;0;0,1;0;0;0;0;0;0;1;0;0;0;0;0;0;1;0;0;0;0;0;0;1;0;0;0;0;0;0;1;0;0;0;0;0;0;1
3740,0,0;0;0;0;0;0,1;0;0;0;0;0;0;1;0;0;0;0;0;0;1;0;0;0;0;0;0;1;0;0;0;0;0;0;1;0;0;0;0;0;0;1
3741,0,0;0;0;0;0;0,1;0;0;0;0;0;0;1;0;0;0;0;0;0;1;0;0;0;0;0;0;1;0;0;0;0;0;0;1;0;0;0;0;0;0;1
3742,0,0;0;0;0;0;0,1;0;0;0;0;0;0;1;0;0;0;0;0;0;1;0;0;0;0;0;0;1;0;0;0;0;0;0;1;0;0;0;0;0;0;1
3743,0,0;0;0;0;0;0,1;0;0;0;0;0;0;1;0;0;0;0;0;0;1;0;0;0;0;0;0;1;0;0;0;0;0;0;1;0;0;0;0;0;0;1
3744,0,0;0;0;0;0;0,1;0;0;0;0;0;0;1;0;0;0;0;0;0;1;0;0;0;0;0;0;1;0;0;0;0;0;0;1;0;0;0;0;0;0;1
3745,0,0;0;0;0;0;0,1;0;0;0;0;0;0;1;0;0;0;0;0;0;1;0;0;0;0;0;0;1;0;0;0;0;0;0;1;0;0;0;0;0;0;1
3746,0,0;0;0;0;0;0,1;0;0;0;0;0;0;1;0;0;0;0;0;0;1;0;0;0;0;0;0;1;0;0;0;0;0;0;1;0;0;0;0;0;0;1
3747,0,0;0;0;0;0;0,1;0;0;0;0;0;0;1;0;0;0;0;0;0;1;0;0;0;0;0;0;1;0;0;0;0;0;0;1;0;0;0;0;0;0;1
3748,0,0;0;0;0;0;0,1;0;0;0;0;0;0;1;0;0;0;0;0;0;1;0;0;0;0;0;0;1;0;0;0;0;0;0;1;0;0;0;0;0;0;1
3749,0,0;0;0;0;0;0,1;0;0;0;0;0;0;1;0;0;0;0;0;0;1;0;0;0;0;0;0;1;0;0;0;0;0;0;1;0;0;0;0;0;0;1
3750,0,0;0;0;0;0;0,1;0;0;0;0;0;0;1;0;0;0;0;0;0;1;0;0;0;0;0;0;1;0;0;0;0;0;0;1;0;0;0;0;0;0;1
3751,0,0;0;0;0;0;0,1;0;0;0;0;0;0;1;0;0;0;0;0;0;1;0;0;0;0;0;0;1;0;0;0;0;0;0;1;0;0;0;0;0;0;1
3752,0,0;0;0;0;0;0,1;0;0;0;0;0;0;1;0;0;0;0;0;0;1;0;0;0;0;0;0;1;0;0;0;0;0;0;1;0;0;0;0;0;0;1
3753,0,0;0;0;0;0;0,1;0;0;0;0;0;0;1;0;0;0;0;0;0;1;0;0;0;0;0;0;1;0;0;0;0;0;0;1;0;0;0;0;0;0;1
3754,0,0;0;0;0;0;0,1;0;0;0;0;0;0;1;0;0;0;0;0;0;1;0;0;0;0;0;0;1;0;0;0;0;0;0;1;0;0;0;0;0;0;1
3755,0,0;0;0;0;0;0,1;0;0;0;0;0;0;1;0;0;0;0;0;0;1;0;0;0;0;0;0;1;0;0;0;0;0;0;1;0;0;0;0;0;0;1
3756,0,0;0;0;0;0;0,1;0;0;0;0;0;0;1;0;0;0;0;0;0;1;0;0;0;0;0;0;1;0;0;0;0;0;0;1;0;0;0;0;0;0;1
3757,0,0;0;0;0;0;0,1;0;0;0;0;0;0;1;0;0;0;0;0;0;1;0;0;0;0;0;0;1;0;0;0;0;0;0;1;0;0;0;0;0;0;1
3758,0,0;0;0;0;0;0,1;0;0;0;0;0;0;1;0;0;0;0;0;0;1;0;0;0;0;0;0;1;0;0;0;0;0;0;1;0;0;0;0;0;0;1
3759,0,0;0;0;0;0;0,1;0;0;0;0;0;0;1;0;0;0;0;0;0;1;0;0;0;0;0;0;1;0;0;0;0;0;0;1;0;0;0;0;0;0;1
3760,0,0;0;0;0;0;0,1;0;0;0;0;0;0;1;0;0;0;0;0;0;1;0;0;0;0;0;0;1;0;0;0;0;0;0;1;0;0;0;0;0;0;1
3761,0,0;0;0;0;0;0,1;0;0;0;0;0;0;1;0;0;0;0;0;0;1;0;0;0;0;0;0;1;0;0;0;0;0;0;1;0;0;0;0;0;0;1
3762,0,0;0;0;0;0;0,1;0;0;0;0;0;0;1;0;0;0;0;0;0;1;0;0;0;0;0;0;1;0;0;0;0;0;0;1;0;0;0;0;0;0;1
3763,0,0;0;0;0;0;0,1;0;0;0;0;0;0;1;0;0;0;0;0;0;1;0;0;0;0;0;0;1;0;0;0;0;0;0;1;0;0;0;0;0;0;1
3764,0,0;0;0;0;0;0,1;0;0;0;0;0;0;1;0;0;0;0;0;0;1;0;0;0;0;0;0;1;0;0;0;0;0;0;1;0;0;0;0;0;0;1
3765,0,0;0;0;0;0;0,1;0;0;0;0;0;0;1;0;0;0;0;0;0;1;0;0;0;0;0;0;1;0;0;0;0;0;0;1;0;0;0;0;0;0;1
3766,0,0;0;0;0;0;0,1;0;0;0;0;0;0;1;0;0;0;0;0;0;1;0;0;0;0;0;0;1;0;0;0;0;0;0;1;0;0;0;0;0;0;1
3767,0,0;0;0;0;0;0,1;0;0;0;0;0;0;1;0;0;0;0;0;0;1;0;0;0;0;0;0;1;0;0;0;0;0;0;1;0;0;0;0;0;0;1
3768,0,0;0;0;0;0;0,1;0;0;0;0;0;0;1;0;0;0;0;0;0;1;0;0;0;0;0;0;1;0;0;0;0;0;0;1;0;0;0;0;0;0;1
3769,0,0;0;0;0;0;0,1;0;0;0;0;0;0;1;0;0;0;0;0;0;1;0;0;0;0;0;0;1;0;0;0;0;0;0;1;0;0;0;0;0;0;1
3770,0,0;0;0;0;0;0,1;0;0;0;0;0;0;1;0;0;0;0;0;0;1;0;0;0;0;0;0;1;0;0;0;0;0;0;1;0;0;0;0;0;0;1
3771,0,0;0;0;0;0;0,1;0;0;0;0;0;0;1;0;0;0;0;0;0;1;0;0;0;0;0;0;1;0;0;0;0;0;0;1;0;0;0;0;0;0;1
3772,0,0;0;0;0;0;0,1;0;0;0;0;0;0;1;0;0;0;0;0;0;1;0;0;0;0;0;0;1;0;0;0;0;0;0;1;0;0;0;0;0;0;1
3773,0,0;0;0;0;0;0,1;0;0;0;0;0;0;1;0;0;0;0;0;0;1;0;0;0;0;0;0;1;0;0;0;0;0;0;1;0;0;0;0;0;0;1
3774,0,0;0;0;0;0;0,1;0;0;0;0;0;0;1;0;0;0;0;0;0;1;0;0;0;0;0;0;1;0;0;0;0;0;0;1;0;0;0;0;0;0;1
3775,0,0;0;0;0;0;0,1;0;0;0;0;0;0;1;0;0;0;0;0;0;1;0;0;0;0;0;0;1;0;0;0;0;0;0;1;0;0;0;0;0;0;1
3776,0,0;0;0;0;0;0,1;0;0;0;0;0;0;1;0;0;0;0;0;0;1;0;0;0;0;0;0;1;0;0;0;0;0;0;1;0;0;0;0;0;0;1
3777,0,0;0;0;0;0;0,1;0;0;0;0;0;0;1;0;0;0;0;0;0;1;0;0;0;0;0;0;1;0;0;0;0;0;0;1;0;0;0;0;0;0;1
3778,0,0;0;0;0;0;0,1;0;0;0;0;0;0;1;0;0;0;0;0;0;1;0;0;0;0;0;0;1;0;0;0;0;0;0;1;0;0;0;0;0;0;1
3779,0,0;0;0;0;0;0,1;0;0;0;0;0;0;1;0;0;0;0;0;0;1;0;0;0;0;0;0;1;0;0;0;0;0;0;1;0;0;0;0;0;0;1
3780,0,0;0;0;0;0;0,1;0;0;0;0;0;0;1;0;0;0;0;0;0;1;0;0;0;0;0;0;1;0;0;0;0;0;0;1;0;0;0;0;0;0;1
3781,0,0;0;0;0;0;0,1;0;0;0;0;0;0;1;0;0;0;0;0;0;1;0;0;0;0;0;0;1;0;0;0;0;0;0;1;0;0;0;0;0;0;1
3782,0,0;0;0;0;0;0,1;0;0;0;0;0;0;1;0;0;0;0;0;0;1;0;0;0;0;0;0;1;0;0;0;0;0;0;1;0;0;0;0;0;0;1
3783,0,0;0;0;0;0;0,1;0;0;0;0;0;0;1;0;0;0;0;0;0;1;0;0;0;0;0;0;1;0;0;0;0;0;0;1;0;0;0;0;0;0;1
3784,0,0;0;0;0;0;0,1;0;0;0;0;0;0;1;0;0;0;0;0;0;1;0;0;0;0;0;0;1;0;0;0;0;0;0;1;0;0;0;0;0;0;1
3785,0,0;0;0;0;0;0,1;0;0;0;0;0;0;1;0;0;0;0;0;0;1;0;0;0;0;0;0;1;0;0;0;0;0;0;1;0;0;0;0;0;0;1
3786,0,0;0;0;0;0;0,1;0;0;0;0;0;0;1;0;0;0;0;0;0;1;0;0;0;0;0;0;1;0;0;0;0;0;0;1;0;0;0;0;0;0;1
3787,2,2.2981223880986863;2.7883258994182381;4.4075684078437689;11.850218104552638;605.75403092317936;662.1197663198285,-0.0033301635505074822;0.99300346179327537;-0.11746391496109578;0.011495788692060301;-0.00088176316402586454;0.0015273818713931195;0.24198953971224083;0.11462326639388896;0.94313313727060366;-0.19619244979310257;0.0028549429014430999;0.017401919387594712;0.91698447089947477;-0.027898486404354463;-0.28874941237657842;-0.27333219009055076;0.016353255706134776;-0.0026488348097969874;0.31495473909408678;0.0036671425993603456;0.11376236746592151;0.93984012598506894;0.065592631682264355;0.015694979873977579;0.034898330011185377;-0.0013339271713940983;0.0024976697611308486;0.054092702996369431;-0.98507837606991233;0.15958903887331366;-0.01245277858154312;-0.0034754607709865633;-0.019436468573652242;-0.020985719376457594;0.15824614526433806;0.98690061822791719
3788,0,0;0;0;0;0;0,1;0;0;0;0;0;0;1;0;0;0;0;0;0;1;0;0;0;0;0;0;1;0;0;0;0;0;0;1;0;0;0;0;0;0;1
3789,0,0;0;0;0;0;0,1;0;0;0;0;0;0;1;0;0;0;0;0;0;1;0;0;0;0;0;0;1;0;0;0;0;0;0;1;0;0;0;0;0;0;1
3790,0,0;0;0;0;0;0,1;0;0;0;0;0;0;1;0;0;0;0;0;0;1;0;0;0;0;0;0;1;0;0;0;0;0;0;1;0;0;0;0;0;0;1
3791,0,0;0;0;0;0;0,1;0;0;0;0;0;0;1;0;0;0;0;0;0;1;0;0;0;0;0;0;1;0;0;0;0;0;0;1;0;0;0;0;0;0;1
3792,0,0;0;0;0;0;0,1;0;0;0;0;0;0;1;0;0;0;0;0;0;1;0;0;0;0;0;0;1;0;0;0;0;0;0;1;0;0;0;0;0;0;1
3793,0,0;0;0;0;0;0,1;0;0;0;0;0;0;1;0;0;0;0;0;0;1;0;0;0;0;0;0;1;0;0;0;0;0;0;1;0;0;0;0;0;0;1
3794,0,0;0;0;0;0;0,1;0;0;0;0;0;0;1;0;0;0;0;0;0;1;0;0;0;0;0;0;1;0;0;0;0;0;0;1;0;0;0;0;0;0;1
3795,0,0;0;0;0;0;0,1;0;0;0;0;0;0;1;0;0;0;0;0;0;1;0;0;0;0;0;0;1;0;0;0;0;0;0;1;0;0;0;0;0;0;1
3796,0,0;0;0;0;0;0,1;0;0;0;0;0;0;1;0;0;0;0;0;0;1;0;0;0;0;0;0;1;0;0;0;0;0;0;1;0;0;0;0;0;0;1
3797,0,0;0;0;0;0;0,1;0;0;0;0;0;0;1;0;0;0;0;0;0;1;0;0;0;0;0;0;1;0;0;0;0;0;0;1;0;0;0;0;0;0;1
3798,0,0;0;0;0;0;0,1;0;0;0;0;0;0;1;0;0;0;0;0;0;1;0;0;0;0;0;0;1;0;0;0;0;0;0;1;0;0;0;0;0;0;1
3799,0,0;0;0;0;0;0,1;0;0;0;0;0;0;1;0;0;0;0;0;0;1;0;0;0;0;0;0;1;0;0;0;0;0;0;1;0;0;0;0;0;0;1
3800,0,0;0;0;0;0;0,1;0;0;0;0;0;0;1;0;0;0;0;0;0;1;0;0;0;0;0;0;1;0;0;0;0;0;0;1;0;0;0;0;0;0;1
3801,2,2.1465288711892958;2.6607439606095666;4.2135045181193496;12.284201704922351;573.5807046973872;627.42746054531347,-0.012168354656272435;0.99289148271678906;-0.11765706710134129;0.013102448482350801;-0.0010762893273645908;0.0015545737605192555;0.26500232417594061;0.11683277993597671;0.93738958149715035;-0.19222547057801156;0.0020383099579421443;0.021676161282744008;0.91148247027127383;-0.021994355135771231;-0.31001480093056849;-0.26865651830968185;0.020590132623404495;-0.002549420049309704;0.31187288942331282;0.0037611225359776104;0.1040718988052152;0.94225479546645563;0.061430084815693217;0.016505749880104659;0.037431181680078945;-0.0014936143304367772;-0.00036357907533623052;0.050472073226182641;-0.99226431385566072;0.1070544012982525;-0.012633811589222105;-0.0040591250966841366;-0.022744624750044108;-0.01760226460621378;0.105870720505918;0.99387531570788501
3802,0,0;0;0;0;0;0,1;0;0;0;0;0;0;1;0;0;0;0;0;0;1;0;0;0;0;0;0;1;0;0;0;0;0;0;1;0;0;0;0;0;0;1
3803,0,0;0;0;0;0;0,1;0;0;0;0;0;0;1;0;0;0;0;0;0;1;0;0;0;0;0;0;1;0;0;0;0;0;0;1;0;0;0;0;0;0;1
3804,0,0;0;0;0;0;0,1;0;0;0;0;0;0;1;0;0;0;0;0;0;1;0;0;0;0;0;0;1;0;0;0;0;0;0;1;0;0;0;0;0;0;1
3805,0,0;0;0;0;0;0,1;0;0;0;0;0;0;1;0;0;0;0;0;0;1;0;0;0;0;0;0;1;0;0;0;0;0;0;1;0;0;0;0;0;0;1
3806,0,0;0;0;0;0;0,1;0;0;0;0;0;0;1;0;0;0;0;0;0;1;0;0;0;0;0;0;1;0;0;0;0;0;0;1;0;0;0;0;0;0;1
3807,0,0;0;0;0;0;0,1;0;0;0;0;0;0;1;0;0;0;0;0;0;1;0;0;0;0;0;0;1;0;0;0;0;0;0;1;0;0;0;0;0;0;1
3808,0,0;0;0;0;0;0,1;0;0;0;0;0;0;1;0;0;0;0;0;0;1;0;0;0;0;0;0;1;0;0;0;0;0;0;1;0;0;0;0;0;0;1
3809,0,0;0;0;0;0;0,1;0;0;0;0;0;0;1;0;0;0;0;0;0;1;0;0;0;0;0;0;1;0;0;0;0;0;0;1;0;0;0;0;0;0;1
3810,0,0;0;0;0;0;0,1;0;0;0;0;0;0;1;0;0;0;0;0;0;1;0;0;0;0;0;0;1;0;0;0;0;0;0;1;0;0;0;0;0;0;1
3811,0,0;0;0;0;0;0,1;0;0;0;0;0;0;1;0;0;0;0;0;0;1;0;0;0;0;0;0;1;0;0;0;0;0;0;1;0;0;0;0;0;0;1
3812,0,0;0;0;0;0;0,1;0;0;0;0;0;0;1;0;0;0;0;0;0;1;0;0;0;0;0;0;1;0;0;0;0;0;0;1;0;0;0;0;0;0;1
3813,0,0;0;0;0;0;0,1;0;0;0;0;0;0;1;0;0;0;0;0;0;1;0;0;0;0;0;0;1;0;0;0;0;0;0;1;0;0;0;0;0;0;1
3814,0,0;0;0;0;0;0,1;0;0;0;0;0;0;1;0;0;0;0;0;0;1;0;0;0;0;0;0;1;0;0;0;0;0;0;1;0;0;0;0;0;0;1
3815,0,0;0;0;0;0;0,1;0;0;0;0;0;0;1;0;0;0;0;0;0;1;0;0;0;0;0;0;1;0;0;0;0;0;0;1;0;0;0;0;0;0;1
3816,0,0;0;0;0;0;0,1;0;0;0;0;0;0;1;0;0;0;0;0;0;1;0;0;0;0;0;0;1;0;0;0;0;0;0;1;0;0;0;0;0;0;1
3817,0,0;0;0;0;0;0,1;0;0;0;0;0;0;1;0;0;0;0;0;0;1;0;0;0;0;0;0;1;0;0;0;0;0;0;1;0;0;0;0;0;0;1
3818,0,0;0;0;0;0;0,1;0;0;0;0;0;0;1;0;0;0;0;0;0;1;0;0;0;0;0;0;1;0;0;0;0;0;0;1;0;0;0;0;0;0;1
3819,0,0;0;0;0;0;0,1;0;0;0;0;0;0;1;0;0;0;0;0;0;1;0;0;0;0;0;0;1;0;0;0;0;0;0;1;0;0;0;0;0;0;1
3820,0,0;0;0;0;0;0,1;0;0;0;0;0;0;1;0;0;0;0;0;0;1;0;0;0;0;0;0;1;0;0;0;0;0;0;1;0;0;0;0;0;0;1
3821,0,0;0;0;0;0;0,1;0;0;0;0;0;0;1;0;0;0;0;0;0;1;0;0;0;0;0;0;1;0;0;0;0;0;0;1;0;0;0;0;0;0;1
3822,0,0;0;0;0;0;0,1;0;0;0;0;0;0;1;0;0;0;0;0;0;1;0;0;0;0;0;0;1;0;0;0;0;0;0;1;0;0;0;0;0;0;1
3823,0,0;0;0;0;0;0,1;0;0;0;0;0;0;1;0;0;0;0;0;0;1;0;0;0;0;0;0;1;0;0;0;0;0;0;1;0;0;0;0;0;0;1
3824,0,0;0;0;0;0;0,1;0;0;0;0;0;0;1;0;0;0;0;0;0;1;0;0;0;0;0;0;1;0;0;0;0;0;0;1;0;0;0;0;0;0;1
3825,0,0;0;0;0;0;0,1;0;0;0;0;0;0;1;0;0;0;0;0;0;1;0;0;0;0;0;0;1;0;0;0;0;0;0;1;0;0;0;0;0;0;1
3826,0,0;0;0;0;0;0,1;0;0;0;0;0;0;1;0;0;0;0;0;0;1;0;0;0;0;0;0;1;0;0;0;0;0;0;1;0;0;0;0;0;0;1
3827,0,0;0;0;0;0;0,1;0;0;0;0;0;0;1;0;0;0;0;0;0;1;0;0;0;0;0;0;1;0;0;0;0;0;0;1;0;0;0;0;0;0;1
3828,0,0;0;0;0;0;0,1;0;0;0;0;0;0;1;0;0;0;0;0;0;1;0;0;0;0;0;0;1;0;0;0;0;0;0;1;0;0;0;0;0;0;1
3829,0,0;0;0;0;0;0,1;0;0;0;0;0;0;1;0;0;0;0;0;0;1;0;0;0;0;0;0;1;0;0;0;0;0;0;1;0;0;0;0;0;0;1
3830,0,0;0;0;0;0;0,1;0;0;0;0;0;0;1;0;0;0;0;0;0;1;0;0;0;0;0;0;1;0;0;0;0;0;0;1;0;0;0;0;0;0;1
3831,0,0;0;0;0;0;0,1;0;0;0;0;0;0;1;0;0;0;0;0;0;1;0;0;0;0;0;0;1;0;0;0;0;0;0;1;0;0;0;0;0;0;1
3832,0,0;0;0;0;0;0,1;0;0;0;0;0;0;1;0;0;0;0;0;0;1;0;0;0;0;0;0;1;0;0;0;0;0;0;1;0;0;0;0;0;0;1
3833,0,0;0;0;0;0;0,1;0;0;0;0;0;0;1;0;0;0;0;0;0;1;0;0;0;0;0;0;1;0;0;0;0;0;0;1;0;0;0;0;0;0;1
3834,0,0;0;0;0;0;0,1;0;0;0;0;0;0;1;0;0;0;0;0;0;1;0;0;0;0;0;0;1;0;0;0;0;0;0;1;0;0;0;0;0;0;1
3835,0,0;0;0;0;0;0,1;0;0;0;0;0;0;1;0;0;0;0;0;0;1;0;0;0;0;0;0;1;0;0;0;0;0;0;1;0;0;0;0;0;0;1
3836,0,0;0;0;0;0;0,1;0;0;0;0;0;0;1;0;0;0;0;0;0;1;0;0;0;0;0;0;1;0;0;0;0;0;0;1;0;0;0;0;0;0;1
3837,0,0;0;0;0;0;0,1;0;0;0;0;0;0;1;0;0;0;0;0;0;1;0;0;0;0;0;0;1;0;0;0;0;0;0;1;0;0;0;0;0;0;1
3838,0,0;0;0;0;0;0,1;0;0;0;0;0;0;1;0;0;0;0;0;0;1;0;0;0;0;0;0;1;0;0;0;0;0;0;1;0;0;0;0;0;0;1
3839,0,0;0;0;0;0;0,1;0;0;0;0;0;0;1;0;0;0;0;0;0;1;0;0;0;0;0;0;1;0;0;0;0;0;0;1;0;0;0;0;0;0;1
3840,0,0;0;0;0;0;0,1;0;0;0;0;0;0;1;0;0;0;0;0;0;1;0;0;0;0;0;0;1;0;0;0;0;0;0;1;0;0;0;0;0;0;1
3841,0,0;0;0;0;0;0,1;0;0;0;0;0;0;1;0;0;0;0;0;0;1;0;0;0;0;0;0;1;0;0;0;0;0;0;1;0;0;0;0;0;0;1
3842,0,0;0;0;0;0;0,1;0;0;0;0;0;0;1;0;0;0;0;0;0;1;0;0;0;0;0;0;1;0;0;0;0;0;0;1;0;0;0;0;0;0;1
3843,0,0;0;0;0;0;0,1;0;0;0;0;0;0;1;0;0;0;0;0;0;1;0;0;0;0;0;0;1;0;0;0;0;0;0;1;0;0;0;0;0;0;1
3844,0,0;0;0;0;0;0,1;0;0;0;0;0;0;1;0;0;0;0;0;0;1;0;0;0;0;0;0;1;0;0;0;0;0;0;1;0;0;0;0;0;0;1
3845,0,0;0;0;0;0;0,1;0;0;0;0;0;0;1;0;0;0;0;0;0;1;0;0;0;0;0;0;1;0;0;0;0;0;0;1;0;0;0;0;0;0;1
3846,0,0;0;0;0;0;0,1;0;0;0;0;0;0;1;0;0;0;0;0;0;1;0;0;0;0;0;0;1;0;0;0;0;0;0;1;0;0;0;0;0;0;1
3847,0,0;0;0;0;0;0,1;0;0;0;0;0;0;1;0;0;0;0;0;0;1;0;0;0;0;0;0;1;0;0;0;0;0;0;1;0;0;0;0;0;0;1
3848,0,0;0;0;0;0;0,1;0;0;0;0;0;0;1;0;0;0;0;0;0;1;0;0;0;0;0;0;1;0;0;0;0;0;0;1;0;0;0;0;0;0;1
3849,0,0;0;0;0;0;0,1;0;0;0;0;0;0;1;0;0;0;0;0;0;1;0;0;0;0;0;0;1;0;0;0;0;0;0;1;0;0;0;0;0;0;1
3850,0,0;0;0;0;0;0,1;0;0;0;0;0;0;1;0;0;0;0;0;0;1;0;0;0;0;0;0;1;0;0;0;0;0;0;1;0;0;0;0;0;0;1
3851,0,0;0;0;0;0;0,1;0;0;0;0;0;0;1;0;0;0;0;0;0;1;0;0;0;0;0;0;1;0;0;0;0;0;0;1;0;0;0;0;0;0;1
3852,0,0;0;0;0;0;0,1;0;0;0;0;0;0;1;0;0;0;0;0;0;1;0;0;0;0;0;0;1;0;0;0;0;0;0;1;0;0;0;0;0;0;1
3853,0,0;0;0;0;0;0,1;0;0;0;0;0;0;1;0;0;0;0;0;0;1;0;0;0;0;0;0;1;0;0;0;0;0;0;1;0;0;0;0;0;0;1
3854,0,0;0;0;0;0;0,1;0;0;0;0;0;0;1;0;0;0;0;0;0;1;0;0;0;0;0;0;1;0;0;0;0;0;0;1;0;0;0;0;0;0;1
3855,0,0;0;0;0;0;0,1;0;0;0;0;0;0;1;0;0;0;0;0;0;1;0;0;0;0;0;0;1;0;0;0;0;0;0;1;0;0;0;0;0;0;1
3856,0,0;0;0;0;0;0,1;0;0;0;0;0;0;1;0;0;0;0;0;0;1;0;0;0;0;0;0;1;0;0;0;0;0;0;1;0;0;0;0;0;0;1
3857,0,0;0;0;0;0;0,1;0;0;0;0;0;0;1;0;0;0;0;0;0;1;0;0;0;0;0;0;1;0;0;0;0;0;0;1;0;0;0;0;0;0;1
3858,0,0;0;0;0;0;0,1;0;0;0;0;0;0;1;0;0;0;0;0;0;1;0;0;0;0;0;0;1;0;0;0;0;0;0;1;0;0;0;0;0;0;1
3859,0,0;0;0;0;0;0,1;0;0;0;0;0;0;1;0;0;0;0;0;0;1;0;0;0;0;0;0;1;0;0;0;0;0;0;1;0;0;0;0;0;0;1
3860,0,0;0;0;0;0;0,1;0;0;0;0;0;0;1;0;0;0;0;0;0;1;0;0;0;0;0;0;1;0;0;0;0;0;0;1;0;0;0;0;0;0;1
3861,0,0;0;0;0;0;0,1;0;0;0;0;0;0;1;0;0;0;0;0;0;1;0;0;0;0;0;0;1;0;0;0;0;0;0;1;0;0;0;0;0;0;1
3862,0,0;0;0;0;0;0,1;0;0;0;0;0;0;1;0;0;0;0;0;0;1;0;0;0;0;0;0;1;0;0;0;0;0;0;1;0;0;0;0;0;0;1
3863,0,0;0;0;0;0;0,1;0;0;0;0;0;0;1;0;0;0;0;0;0;1;0;0;0;0;0;0;1;0;0;0;0;0;0;1;0;0;0;0;0;0;1
3864,0,0;0;0;0;0;0,1;0;0;0;0;0;0;1;0;0;0;0;0;0;1;0;0;0;0;0;0;1;0;0;0;0;0;0;1;0;0;0;0;0;0;1
3865,0,0;0;0;0;0;0,1;0;0;0;0;0;0;1;0;0;0;0;0;0;1;0;0;0;0;0;0;1;0;0;0;0;0;0;1;0;0;0;0;0;0;1
3866,0,0;0;0;0;0;0,1;0;0;0;0;0;0;1;0;0;0;0;0;0;1;0;0;0;0;0;0;1;0;0;0;0;0;0;1;0;0;0;0;0;0;1
3867,0,0;0;0;0;0;0,1;0;0;0;0;0;0;1;0;0;0;0;0;0;1;0;0;0;0;0;0;1;0;0;0;0;0;0;1;0;0;0;0;0;0;1
3868,0,0;0;0;0;0;0,1;0;0;0;0;0;0;1;0;0;0;0;0;0;1;0;0;0;0;0;0;1;0;0;0;0;0;0;1;0;0;0;0;0;0;1
3869,0,0;0;0;0;0;0,1;0;0;0;0;0;0;1;0;0;0;0;0;0;1;0;0;0;0;0;0;1;0;0;0;0;0;0;1;0;0;0;0;0;0;1
3870,0,0;0;0;0;0;0,1;0;0;0;0;0;0;1;0;0;0;0;0;0;1;0;0;0;0;0;0;1;0;0;0;0;0;0;1;0;0;0;0;0;0;1
3871,0,0;0;0;0;0;0,1;0;0;0;0;0;0;1;0;0;0;0;0;0;1;0;0;0;0;0;0;1;0;0;0;0;0;0;1;0;0;0;0;0;0;1
3872,0,0;0;0;0;0;0,1;0;0;0;0;0;0;1;0;0;0;0;0;0;1;0;0;0;0;0;0;1;0;0;0;0;0;0;1;0;0;0;0;0;0;1
3873,0,0;0;0;0;0;0,1;0;0;0;0;0;0;1;0;0;0;0;0;0;1;0;0;0;0;0;0;1;0;0;0;0;0;0;1;0;0;0;0;0;0;1
3874,0,0;0;0;0;0;0,1;0;0;0;0;0;0;1;0;0;0;0;0;0;1;0;0;0;0;0;0;1;0;0;0;0;0;0;1;0;0;0;0;0;0;1
3875,0,0;0;0;0;0;0,1;0;0;0;0;0;0;1;0;0;0;0;0;0;1;0;0;0;0;0;0;1;0;0;0;0;0;0;1;0;0;0;0;0;0;1
3876,0,0;0;0;0;0;0,1;0;0;0;0;0;0;1;0;0;0;0;0;0;1;0;0;0;0;0;0;1;0;0;0;0;0;0;1;0;0;0;0;0;0;1
3877,0,0;0;0;0;0;0,1;0;0;0;0;0;0;1;0;0;0;0;0;0;1;0;0;0;0;0;0;1;0;0;0;0;0;0;1;0;0;0;0;0;0;1
3878,0,0;0;0;0;0;0,1;0;0;0;0;0;0;1;0;0;0;0;0;0;1;0;0;0;0;0;0;1;0;0;0;0;0;0;1;0;0;0;0;0;0;1
3879,0,0;0;0;0;0;0,1;0;0;0;0;0;0;1;0;0;0;0;0;0;1;0;0;0;0;0;0;1;0;0;0;0;0;0;1;0;0;0;0;0;0;1
3880,0,0;0;0;0;0;0,1;0;0;0;0;0;0;1;0;0;0;0;0;0;1;0;0;0;0;0;0;1;0;0;0;0;0;0;1;0;0;0;0;0;0;1
3881,0,0;0;0;0;0;0,1;0;0;0;0;0;0;1;0;0;0;0;0;0;1;0;0;0;0;0;0;1;0;0;0;0;0;0;1;0;0;0;0;0;0;1
3882,0,0;0;0;0;0;0,1;0;0;0;0;0;0;1;0;0;0;0;0;0;1;0;0;0;0;0;0;1;0;0;0;0;0;0;1;0;0;0;0;0;0;1
3883,0,0;0;0;0;0;0,1;0;0;0;0;0;0;1;0;0;0;0;0;0;1;0;0;0;0;0;0;1;0;0;0;0;0;0;1;0;0;0;0;0;0;1
3884,0,0;0;0;0;0;0,1;0;0;0;0;0;0;1;0;0;0;0;0;0;1;0;0;0;0;0;0;1;0;0;0;0;0;0;1;0;0;0;0;0;0;1
3885,0,0;0;0;0;0;0,1;0;0;0;0;0;0;1;0;0;0;0;0;0;1;0;0;0;0;0;0;1;0;0;0;0;0;0;1;0;0;0;0;0;0;1
3886,0,0;0;0;0;0;0,1;0;0;0;0;0;0;1;0;0;0;0;0;0;1;0;0;0;0;0;0;1;0;0;0;0;0;0;1;0;0;0;0;0;0;1
3887,0,0;0;0;0;0;0,1;0;0;0;0;0;0;1;0;0;0;0;0;0;1;0;0;0;0;0;0;1;0;0;0;0;0;0;1;0;0;0;0;0;0;1
3888,0,0;0;0;0;0;0,1;0;0;0;0;0;0;1;0;0;0;0;0;0;1;0;0;0;0;0;0;1;0;0;0;0;0;0;1;0;0;0;0;0;0;1
3889,0,0;0;0;0;0;0,1;0;0;0;0;0;0;1;0;0;0;0;0;0;1;0;0;0;0;0;0;1;0;0;0;0;0;0;1;0;0;0;0;0;0;1
3890,0,0;0;0;0;0;0,1;0;0;0;0;0;0;1;0;0;0;0;0;0;1;0;0;0;0;0;0;1;0;0;0;0;0;0;1;0;0;0;0;0;0;1
3891,0,0;0;0;0;0;0,1;0;0;0;0;0;0;1;0;0;0;0;0;0;1;0;0;0;0;0;0;1;0;0;0;0;0;0;1;0;0;0;0;0;0;1
3892,0,0;0;0;0;0;0,1;0;0;0;0;0;0;1;0;0;0;0;0;0;1;0;0;0;0;0;0;1;0;0;0;0;0;0;1;0;0;0;0;0;0;1
3893,0,0;0;0;0;0;0,1;0;0;0;0;0;0;1;0;0;0;0;0;0;1;0;0;0;0;0;0;1;0;0;0;0;0;0;1;0;0;0;0;0;0;1
3894,0,0;0;0;0;0;0,1;0;0;0;0;0;0;1;0;0;0;0;0;0;1;0;0;0;0;0;0;1;0;0;0;0;0;0;1;0;0;0;0;0;0;1
3895,0,0;0;0;0;0;0,1;0;0;0;0;0;0;1;0;0;0;0;0;0;1;0;0;0;0;0;0;1;0;0;0;0;0;0;1;0;0;0;0;0;0;1
3896,0,0;0;0;0;0;0,1;0;0;0;0;0;0;1;0;0;0;0;0;0;1;0;0;0;0;0;0;1;0;0;0;0;0;0;1;0;0;0;0;0;0;1
3897,0,0;0;0;0;0;0,1;0;0;0;0;0;0;1;0;0;0;0;0;0;1;0;0;0;0;0;0;1;0;0;0;0;0;0;1;0;0;0;0;0;0;1
3898,0,0;0;0;0;0;0,1;0;0;0;0;0;0;1;0;0;0;0;0;0;1;0;0;0;0;0;0;1;0;0;0;0;0;0;1;0;0;0;0;0;0;1
3899,0,0;0;0;0;0;0,1;0;0;0;0;0;0;1;0;0;0;0;0;0;1;0;0;0;0;0;0;1;0;0;0;0;0;0;1;0;0;0;0;0;0;1
3900,0,0;0;0;0;0;0,1;0;0;0;0;0;0;1;0;0;0;0;0;0;1;0;0;0;0;0;0;1;0;0;0;0;0;0;1;0;0;0;0;0;0;1
3901,0,0;0;0;0;0;0,1;0;0;0;0;0;0;1;0;0;0;0;0;0;1;0;0;0;0;0;0;1;0;0;0;0;0;0;1;0;0;0;0;0;0;1
3902,0,0;0;0;0;0;0,1;0;0;0;0;0;0;1;0;0;0;0;0;0;1;0;0;0;0;0;0;1;0;0;0;0;0;0;1;0;0;0;0;0;0;1
3903,0,0;0;0;0;0;0,1;0;0;0;0;0;0;1;0;0;0;0;0;0;1;0;0;0;0;0;0;1;0;0;0;0;0;0;1;0;0;0;0;0;0;1
3904,0,0;0;0;0;0;0,1;0;0;0;0;0;0;1;0;0;0;0;0;0;1;0;0;0;0;0;0;1;0;0;0;0;0;0;1;0;0;0;0;0;0;1
3905,0,0;0;0;0;0;0,1;0;0;0;0;0;0;1;0;0;0;0;0;0;1;0;0;0;0;0;0;1;0;0;0;0;0;0;1;0;0;0;0;0;0;1
3906,0,0;0;0;0;0;0,1;0;0;0;0;0;0;1;0;0;0;0;0;0;1;0;0;0;0;0;0;1;0;0;0;0;0;0;1;0;0;0;0;0;0;1
3907,0,0;0;0;0;0;0,1;0;0;0;0;0;0;1;0;0;0;0;0;0;1;0;0;0;0;0;0;1;0;0;0;0;0;0;1;0;0;0;0;0;0;1
3908,0,0;0;0;0;0;0,1;0;0;0;0;0;0;1;0;0;0;0;0;0;1;0;0;0;0;0;0;1;0;0;0;0;0;0;1;0;0;0;0;0;0;1
3909,0,0;0;0;0;0;0,1;0;0;0;0;0;0;1;0;0;0;0;0;0;1;0;0;0;0;0;0;1;0;0;0;0;0;0;1;0;0;0;0;0;0;1
3910,0,0;0;0;0;0;0,1;0;0;0;0;0;0;1;0;0;0;0;0;0;1;0;0;0;0;0;0;1;0;0;0;0;0;0;1;0;0;0;0;0;0;1
3911,0,0;0;0;0;0;0,1;0;0;0;0;0;0;1;0;0;0;0;0;0;1;0;0;0;0;0;0;1;0;0;0;0;0;0;1;0;0;0;0;0;0;1
3912,0,0;0;0;0;0;0,1;0;0;0;0;0;0;1;0;0;0;0;0;0;1;0;0;0;0;0;0;1;0;0;0;0;0;0;1;0;0;0;0;0;0;1
3913,0,0;0;0;0;0;0,1;0;0;0;0;0;0;1;0;0;0;0;0;0;1;0;0;0;0;0;0;1;0;0;0;0;0;0;1;0;0;0;0;0;0;1
3914,0,0;0;0;0;0;0,1;0;0;0;0;0;0;1;0;0;0;0;0;0;1;0;0;0;0;0;0;1;0;0;0;0;0;0;1;0;0;0;0;0;0;1
3915,0,0;0;0;0;0;0,1;0;0;0;0;0;0;1;0;0;0;0;0;0;1;0;0;0;0;0;0;1;0;0;0;0;0;0;1;0;0;0;0;0;0;1
3916,0,0;0;0;0;0;0,1;0;0;0;0;0;0;1;0;0;0;0;0;0;1;0;0;0;0;0;0;1;0;0;0;0;0;0;1;0;0;0;0;0;0;1
3917,0,0;0;0;0;0;0,1;0;0;0;0;0;0;1;0;0;0;0;0;0;1;0;0;0;0;0;0;1;0;0;0;0;0;0;1;0;0;0;0;0;0;1
3918,0,0;0;0;0;0;0,1;0;0;0;0;0;0;1;0;0;0;0;0;0;1;0;0;0;0;0;0;1;0;0;0;0;0;0;1;0;0;0;0;0;0;1
3919,0,0;0;0;0;0;0,1;0;0;0;0;0;0;1;0;0;0;0;0;0;1;0;0;0;0;0;0;1;0;0;0;0;0;0;1;0;0;0;0;0;0;1
3920,0,0;0;0;0;0;0,1;0;0;0;0;0;0;1;0;0;0;0;0;0;1;0;0;0;0;0;0;1;0;0;0;0;0;0;1;0;0;0;0;0;0;1
3921,0,0;0;0;0;0;0,1;0;0;0;0;0;0;1;0;0;0;0;0;0;1;0;0;0;0;0;0;1;0;0;0;0;0;0;1;0;0;0;0;0;0;1
3922,0,0;0;0;0;0;0,1;0;0;0;0;0;0;1;0;0;0;0;0;0;1;0;0;0;0;0;0;1;0;0;0;0;0;0;1;0;0;0;0;0;0;1
3923,0,0;0;0;0;0;0,1;0;0;0;0;0;0;1;0;0;0;0;0;0;1;0;0;0;0;0;0;1;0;0;0;0;0;0;1;0;0;0;0;0;0;1
3924,0,0;0;0;0;0;0,1;0;0;0;0;0;0;1;0;0;0;0;0;0;1;0;0;0;0;0;0;1;0;0;0;0;0;0;1;0;0;0;0;0;0;1
3925,0,0;0;0;0;0;0,1;0;0;0;0;0;0;1;0;0;0;0;0;0;1;0;0;0;0;0;0;1;0;0;0;0;0;0;1;0;0;0;0;0;0;1
3926,0,0;0;0;0;0;0,1;0;0;0;0;0;0;1;0;0;0;0;0;0;1;0;0;0;0;0;0;1;0;0;0;0;0;0;1;0;0;0;0;0;0;1
3927,0,0;0;0;0;0;0,1;0;0;0;0;0;0;1;0;0;0;0;0;0;1;0;0;0;0;0;0;1;0;0;0;0;0;0;1;0;0;0;0;0;0;1
3928,0,0;0;0;0;0;0,1;0;0;0;0;0;0;1;0;0;0;0;0;0;1;0;0;0;0;0;0;1;0;0;0;0;0;0;1;0;0;0;0;0;0;1
3929,0,0;0;0;0;0;0,1;0;0;0;0;0;0;1;0;0;0;0;0;0;1;0;0;0;0;0;0;1;0;0;0;0;0;0;1;0;0;0;0;0;0;1
3930,0,0;0;0;0;0;0,1;0;0;0;0;0;0;1;0;0;0;0;0;0;1;0;0;0;0;0;0;1;0;0;0;0;0;0;1;0;0;0;0;0;0;1
3931,0,0;0;0;0;0;0,1;0;0;0;0;0;0;1;0;0;0;0;0;0;1;0;0;0;0;0;0;1;0;0;0;0;0;0;1;0;0;0;0;0;0;1
3932,0,0;0;0;0;0;0,1;0;0;0;0;0;0;1;0;0;0;0;0;0;1;0;0;0;0;0;0;1;0;0;0;0;0;0;1;0;0;0;0;0;0;1
3933,0,0;0;0;0;0;0,1;0;0;0;0;0;0;1;0;0;0;0;0;0;1;0;0;0;0;0;0;1;0;0;0;0;0;0;1;0;0;0;0;0;0;1
3934,0,0;0;0;0;0;0,1;0;0;0;0;0;0;1;0;0;0;0;0;0;1;0;0;0;0;0;0;1;0;0;0;0;0;0;1;0;0;0;0;0;0;1
3935,0,0;0;0;0;0;0,1;0;0;0;0;0;0;1;0;0;0;0;0;0;1;0;0;0;0;0;0;1;0;0;0;0;0;0;1;0;0;0;0;0;0;1
3936,0,0;0;0;0;0;0,1;0;0;0;0;0;0;1;0;0;0;0;0;0;1;0;0;0;0;0;0;1;0;0;0;0;0;0;1;0;0;0;0;0;0;1
3937,0,0;0;0;0;0;0,1;0;0;0;0;0;0;1;0;0;0;0;0;0;1;0;0;0;0;0;0;1;0;0;0;0;0;0;1;0;0;0;0;0;0;1
3938,0,0;0;0;0;0;0,1;0;0;0;0;0;0;1;0;0;0;0;0;0;1;0;0;0;0;0;0;1;0;0;0;0;0;0;1;0;0;0;0;0;0;1
3939,0,0;0;0;0;0;0,1;0;0;0;0;0;0;1;0;0;0;0;0;0;1;0;0;0;0;0;0;1;0;0;0;0;0;0;1;0;0;0;0;0;0;1
3940,0,0;0;0;0;0;0,1;0;0;0;0;0;0;1;0;0;0;0;0;0;1;0;0;0;0;0;0;1;0;0;0;0;0;0;1;0;0;0;0;0;0;1
3941,0,0;0;0;0;0;0,1;0;0;0;0;0;0;1;0;0;0;0;0;0;1;0;0;0;0;0;0;1;0;0;0;0;0;0;1;0;0;0;0;0;0;1
3942,0,0;0;0;0;0;0,1;0;0;0;0;0;0;1;0;0;0;0;0;0;1;0;0;0;0;0;0;1;0;0;0;0;0;0;1;0;0;0;0;0;0;1
3943,0,0;0;0;0;0;0,1;0;0;0;0;0;0;1;0;0;0;0;0;0;1;0;0;0;0;0;0;1;0;0;0;0;0;0;1;0;0;0;0;0;0;1
3944,0,0;0;0;0;0;0,1;0;0;0;0;0;0;1;0;0;0;0;0;0;1;0;0;0;0;0;0;1;0;0;0;0;0;0;1;0;0;0;0;0;0;1
3945,0,0;0;0;0;0;0,1;0;0;0;0;0;0;1;0;0;0;0;0;0;1;0;0;0;0;0;0;1;0;0;0;0;0;0;1;0;0;0;0;0;0;1
3946,0,0;0;0;0;0;0,1;0;0;0;0;0;0;1;0;0;0;0;0;0;1;0;0;0;0;0;0;1;0;0;0;0;0;0;1;0;0;0;0;0;0;1
3947,0,0;0;0;0;0;0,1;0;0;0;0;0;0;1;0;0;0;0;0;0;1;0;0;0;0;0;0;1;0;0;0;0;0;0;1;0;0;0;0;0;0;1
3948,0,0;0;0;0;0;0,1;0;0;0;0;0;0;1;0;0;0;0;0;0;1;0;0;0;0;0;0;1;0;0;0;0;0;0;1;0;0;0;0;0;0;1
3949,0,0;0;0;0;0;0,1;0;0;0;0;0;0;1;0;0;0;0;0;0;1;0;0;0;0;0;0;1;0;0;0;0;0;0;1;0;0;0;0;0;0;1
3950,0,0;0;0;0;0;0,1;0;0;0;0;0;0;1;0;0;0;0;0;0;1;0;0;0;0;0;0;1;0;0;0;0;0;0;1;0;0;0;0;0;0;1
3951,0,0;0;0;0;0;0,1;0;0;0;0;0;0;1;0;0;0;0;0;0;1;0;0;0;0;0;0;1;0;0;0;0;0;0;1;0;0;0;0;0;0;1
3952,0,0;0;0;0;0;0,1;0;0;0;0;0;0;1;0;0;0;0;0;0;1;0;0;0;0;0;0;1;0;0;0;0;0;0;1;0;0;0;0;0;0;1
3953,0,0;0;0;0;0;0,1;0;0;0;0;0;0;1;0;0;0;0;0;0;1;0;0;0;0;0;0;1;0;0;0;0;0;0;1;0;0;0;0;0;0;1
3954,0,0;0;0;0;0;0,1;0;0;0;0;0;0;1;0;0;0;0;0;0;1;0;0;0;0;0;0;1;0;0;0;0;0;0;1;0;0;0;0;0;0;1
3955,0,0;0;0;0;0;0,1;0;0;0;0;0;0;1;0;0;0;0;0;0;1;0;0;0;0;0;0;1;0;0;0;0;0;0;1;0;0;0;0;0;0;1
3956,0,0;0;0;0;0;0,1;0;0;0;0;0;0;1;0;0;0;0;0;0;1;0;0;0;0;0;0;1;0;0;0;0;0;0;1;0;0;0;0;0;0;1
3957,0,0;0;0;0;0;0,1;0;0;0;0;0;0;1;0;0;0;0;0;0;1;0;0;0;0;0;0;1;0;0;0;0;0;0;1;0;0;0;0;0;0;1
3958,0,0;0;0;0;0;0,1;0;0;0;0;0;0;1;0;0;0;0;0;0;1;0;0;0;0;0;0;1;0;0;0;0;0;0;1;0;0;0;0;0;0;1
3959,0,0;0;0;0;0;0,1;0;0;0;0;0;0;1;0;0;0;0;0;0;1;0;0;0;0;0;0;1;0;0;0;0;0;0;1;0;0;0;0;0;0;1
3960,0,0;0;0;0;0;0,1;0;0;0;0;0;0;1;0;0;0;0;0;0;1;0;0;0;0;0;0;1;0;0;0;0;0;0;1;0;0;0;0;0;0;1
3961,0,0;0;0;0;0;0,1;0;0;0;0;0;0;1;0;0;0;0;0;0;1;0;0;0;0;0;0;1;0;0;0;0;0;0;1;0;0;0;0;0;0;1
3962,0,0;0;0;0;0;0,1;0;0;0;0;0;0;1;0;0;0;0;0;0;1;0;0;0;0;0;0;1;0;0;0;0;0;0;1;0;0;0;0;0;0;1
3963,0,0;0;0;0;0;0,1;0;0;0;0;0;0;1;0;0;0;0;0;0;1;0;0;0;0;0;0;1;0;0;0;0;0;0;1;0;0;0;0;0;0;1
3964,0,0;0;0;0;0;0,1;0;0;0;0;0;0;1;0;0;0;0;0;0;1;0;0;0;0;0;0;1;0;0;0;0;0;0;1;0;0;0;0;0;0;1
3965,0,0;0;0;0;0;0,1;0;0;0;0;0;0;1;0;0;0;0;0;0;1;0;0;0;0;0;0;1;0;0;0;0;0;0;1;0;0;0;0;0;0;1
3966,0,0;0;0;0;0;0,1;0;0;0;0;0;0;1;0;0;0;0;0;0;1;0;0;0;0;0;0;1;0;0;0;0;0;0;1;0;0;0;0;0;0;1
3967,0,0;0;0;0;0;0,1;0;0;0;0;0;0;1;0;0;0;0;0;0;1;0;0;0;0;0;0;1;0;0;0;0;0;0;1;0;0;0;0;0;0;1
3968,0,0;0;0;0;0;0,1;0;0;0;0;0;0;1;0;0;0;0;0;0;1;0;0;0;0;0;0;1;0;0;0;0;0;0;1;0;0;0;0;0;0;1
3969,0,0;0;0;0;0;0,1;0;0;0;0;0;0;1;0;0;0;0;0;0;1;0;0;0;0;0;0;1;0;0;0;0;0;0;1;0;0;0;0;0;0;1
3970,0,0;0;0;0;0;0,1;0;0;0;0;0;0;1;0;0;0;0;0;0;1;0;0;0;0;0;0;1;0;0;0;0;0;0;1;0;0;0;0;0;0;1
3971,0,0;0;0;0;0;0,1;0;0;0;0;0;0;1;0;0;0;0;0;0;1;0;0;0;0;0;0;1;0;0;0;0;0;0;1;0;0;0;0;0;0;1
3972,0,0;0;0;0;0;0,1;0;0;0;0;0;0;1;0;0;0;0;0;0;1;0;0;0;0;0;0;1;0;0;0;0;0;0;1;0;0;0;0;0;0;1
3973,0,0;0;0;0;0;0,1;0;0;0;0;0;0;1;0;0;0;0;0;0;1;0;0;0;0;0;0;1;0;0;0;0;0;0;1;0;0;0;0;0;0;1
3974,0,0;0;0;0;0;0,1;0;0;0;0;0;0;1;0;0;0;0;0;0;1;0;0;0;0;0;0;1;0;0;0;0;0;0;1;0;0;0;0;0;0;1
3975,0,0;0;0;0;0;0,1;0;0;0;0;0;0;1;0;0;0;0;0;0;1;0;0;0;0;0;0;1;0;0;0;0;0;0;1;0;0;0;0;0;0;1
3976,0,0;0;0;0;0;0,1;0;0;0;0;0;0;1;0;0;0;0;0;0;1;0;0;0;0;0;0;1;0;0;0;0;0;0;1;0;0;0;0;0;0;1
3977,0,0;0;0;0;0;0,1;0;0;0;0;0;0;1;0;0;0;0;0;0;1;0;0;0;0;0;0;1;0;0;0;0;0;0;1;0;0;0;0;0;0;1
3978,0,0;0;0;0;0;0,1;0;0;0;0;0;0;1;0;0;0;0;0;0;1;0;0;0;0;0;0;1;0;0;0;0;0;0;1;0;0;0;0;0;0;1
3979,0,0;0;0;0;0;0,1;0;0;0;0;0;0;1;0;0;0;0;0;0;1;0;0;0;0;0;0;1;0;0;0;0;0;0;1;0;0;0;0;0;0;1
3980,0,0;0;0;0;0;0,1;0;0;0;0;0;0;1;0;0;0;0;0;0;1;0;0;0;0;0;0;1;0;0;0;0;0;0;1;0;0;0;0;0;0;1
3981,0,0;0;0;0;0;0,1;0;0;0;0;0;0;1;0;0;0;0;0;0;1;0;0;0;0;0;0;1;0;0;0;0;0;0;1;0;0;0;0;0;0;1
3982,0,0;0;0;0;0;0,1;0;0;0;0;0;0;1;0;0;0;0;0;0;1;0;0;0;0;0;0;1;0;0;0;0;0;0;1;0;0;0;0;0;0;1
3983,0,0;0;0;0;0;0,1;0;0;0;0;0;0;1;0;0;0;0;0;0;1;0;0;0;0;0;0;1;0;0;0;0;0;0;1;0;0;0;0;0;0;1
3984,0,0;0;0;0;0;0,1;0;0;0;0;0;0;1;0;0;0;0;0;0;1;0;0;0;0;0;0;1;0;0;0;0;0;0;1;0;0;0;0;0;0;1
3985,0,0;0;0;0;0;0,1;0;0;0;0;0;0;1;0;0;0;0;0;0;1;0;0;0;0;0;0;1;0;0;0;0;0;0;1;0;0;0;0;0;0;1
3986,0,0;0;0;0;0;0,1;0;0;0;0;0;0;1;0;0;0;0;0;0;1;0;0;0;0;0;0;1;0;0;0;0;0;0;1;0;0;0;0;0;0;1
3987,0,0;0;0;0;0;0,1;0;0;0;0;0;0;1;0;0;0;0;0;0;1;0;0;0;0;0;0;1;0;0;0;0;0;0;1;0;0;0;0;0;0;1
3988,0,0;0;0;0;0;0,1;0;0;0;0;0;0;1;0;0;0;0;0;0;1;0;0;0;0;0;0;1;0;0;0;0;0;0;1;0;0;0;0;0;0;1
3989,0,0;0;0;0;0;0,1;0;0;0;0;0;0;1;0;0;0;0;0;0;1;0;0;0;0;0;0;1;0;0;0;0;0;0;1;0;0;0;0;0;0;1
3990,0,0;0;0;0;0;0,1;0;0;0;0;0;0;1;0;0;0;0;0;0;1;0;0;0;0;0;0;1;0;0;0;0;0;0;1;0;0;0;0;0;0;1
3991,0,0;0;0;0;0;0,1;0;0;0;0;0;0;1;0;0;0;0;0;0;1;0;0;0;0;0;0;1;0;0;0;0;0;0;1;0;0;0;0;0;0;1
3992,0,0;0;0;0;0;0,1;0;0;0;0;0;0;1;0;0;0;0;0;0;1;0;0;0;0;0;0;1;0;0;0;0;0;0;1;0;0;0;0;0;0;1
3993,0,0;0;0;0;0;0,1;0;0;0;0;0;0;1;0;0;0;0;0;0;1;0;0;0;0;0;0;1;0;0;0;0;0;0;1;0;0;0;0;0;0;1
3994,0,0;0;0;0;0;0,1;0;0;0;0;0;0;1;0;0;0;0;0;0;1;0;0;0;0;0;0;1;0;0;0;0;0;0;1;0;0;0;0;0;0;1
3995,0,0;0;0;0;0;0,1;0;0;0;0;0;0;1;0;0;0;0;0;0;1;0;0;0;0;0;0;1;0;0;0;0;0;0;1;0;0;0;0;0;0;1
3996,0,0;0;0;0;0;0,1;0;0;0;0;0;0;1;0;0;0;0;0;0;1;0;0;0;0;0;0;1;0;0;0;0;0;0;1;0;0;0;0;0;0;1
3997,0,0;0;0;0;0;0,1;0;0;0;0;0;0;1;0;0;0;0;0;0;1;0;0;0;0;0;0;1;0;0;0;0;0;0;1;0;0;0;0;0;0;1
3998,0,0;0;0;0;0;0,1;0;0;0;0;0;0;1;0;0;0;0;0;0;1;0;0;0;0;0;0;1;0;0;0;0;0;0;1;0;0;0;0;0;0;1
3999,0,0;0;0;0;0;0,1;0;0;0;0;0;0;1;0;0;0;0;0;0;1;0;0;0;0;0;0;1;0;0;0;0;0;0;1;0;0;0;0;0;0;1
4000,0,0;0;0;0;0;0,1;0;0;0;0;0;0;1;0;0;0;0;0;0;1;0;0;0;0;0;0;1;0;0;0;0;0;0;1;0;0;0;0;0;0;1
4001,0,0;0;0;0;0;0,1;0;0;0;0;0;0;1;0;0;0;0;0;0;1;0;0;0;0;0;0;1;0;0;0;0;0;0;1;0;0;0;0;0;0;1
4002,0,0;0;0;0;0;0,1;0;0;0;0;0;0;1;0;0;0;0;0;0;1;0;0;0;0;0;0;1;0;0;0;0;0;0;1;0;0;0;0;0;0;1
4003,0,0;0;0;0;0;0,1;0;0;0;0;0;0;1;0;0;0;0;0;0;1;0;0;0;0;0;0;1;0;0;0;0;0;0;1;0;0;0;0;0;0;1
4004,0,0;0;0;0;0;0,1;0;0;0;0;0;0;1;0;0;0;0;0;0;1;0;0;0;0;0;0;1;0;0;0;0;0;0;1;0;0;0;0;0;0;1
4005,0,0;0;0;0;0;0,1;0;0;0;0;0;0;1;0;0;0;0;0;0;1;0;0;0;0;0;0;1;0;0;0;0;0;0;1;0;0;0;0;0;0;1
4006,0,0;0;0;0;0;0,1;0;0;0;0;0;0;1;0;0;0;0;0;0;1;0;0;0;0;0;0;1;0;0;0;0;0;0;1;0;0;0;0;0;0;1
4007,0,0;0;0;0;0;0,1;0;0;0;0;0;0;1;0;0;0;0;0;0;1;0;0;0;0;0;0;1;0;0;0;0;0;0;1;0;0;0;0;0;0;1
4008,0,0;0;0;0;0;0,1;0;0;0;0;0;0;1;0;0;0;0;0;0;1;0;0;0;0;0;0;1;0;0;0;0;0;0;1;0;0;0;0;0;0;1
4009,0,0;0;0;0;0;0,1;0;0;0;0;0;0;1;0;0;0;0;0;0;1;0;0;0;0;0;0;1;0;0;0;0;0;0;1;0;0;0;0;0;0;1
4010,0,0;0;0;0;0;0,1;0;0;0;0;0;0;1;0;0;0;0;0;0;1;0;0;0;0;0;0;1;0;0;0;0;0;0;1;0;0;0;0;0;0;1
4011,0,0;0;0;0;0;0,1;0;0;0;0;0;0;1;0;0;0;0;0;0;1;0;0;0;0;0;0;1;0;0;0;0;0;0;1;0;0;0;0;0;0;1
4012,0,0;0;0;0;0;0,1;0;0;0;0;0;0;1;0;0;0;0;0;0;1;0;0;0;0;0;0;1;0;0;0;0;0;0;1;0;0;0;0;0;0;1
4013,0,0;0;0;0;0;0,1;0;0;0;0;0;0;1;0;0;0;0;0;0;1;0;0;0;0;0;0;1;0;0;0;0;0;0;1;0;0;0;0;0;0;1
4014,0,0;0;0;0;0;0,1;0;0;0;0;0;0;1;0;0;0;0;0;0;1;0;0;0;0;0;0;1;0;0;0;0;0;0;1;0;0;0;0;0;0;1
4015,0,0;0;0;0;0;0,1;0;0;0;0;0;0;1;0;0;0;0;0;0;1;0;0;0;0;0;0;1;0;0;0;0;0;0;1;0;0;0;0;0;0;1
4016,0,0;0;0;0;0;0,1;0;0;0;0;0;0;1;0;0;0;0;0;0;1;0;0;0;0;0;0;1;0;0;0;0;0;0;1;0;0;0;0;0;0;1
4017,0,0;0;0;0;0;0,1;0;0;0;0;0;0;1;0;0;0;0;0;0;1;0;0;0;0;0;0;1;0;0;0;0;0;0;1;0;0;0;0;0;0;1
4018,0,0;0;0;0;0;0,1;0;0;0;0;0;0;1;0;0;0;0;0;0;1;0;0;0;0;0;0;1;0;0;0;0;0;0;1;0;0;0;0;0;0;1
4019,0,0;0;0;0;0;0,1;0;0;0;0;0;0;1;0;0;0;0;0;0;1;0;0;0;0;0;0;1;0;0;0;0;0;0;1;0;0;0;0;0;0;1
4020,0,0;0;0;0;0;0,1;0;0;0;0;0;0;1;0;0;0;0;0;0;1;0;0;0;0;0;0;1;0;0;0;0;0;0;1;0;0;0;0;0;0;1
4021,0,0;0;0;0;0;0,1;0;0;0;0;0;0;1;0;0;0;0;0;0;1;0;0;0;0;0;0;1;0;0;0;0;0;0;1;0;0;0;0;0;0;1
4022,0,0;0;0;0;0;0,1;0;0;0;0;0;0;1;0;0;0;0;0;0;1;0;0;0;0;0;0;1;0;0;0;0;0;0;1;0;0;0;0;0;0;1
4023,0,0;0;0;0;0;0,1;0;0;0;0;0;0;1;0;0;0;0;0;0;1;0;0;0;0;0;0;1;0;0;0;0;0;0;1;0;0;0;0;0;0;1
4024,0,0;0;0;0;0;0,1;0;0;0;0;0;0;1;0;0;0;0;0;0;1;0;0;0;0;0;0;1;0;0;0;0;0;0;1;0;0;0;0;0;0;1
4025,0,0;0;0;0;0;0,1;0;0;0;0;0;0;1;0;0;0;0;0;0;1;0;0;0;0;0;0;1;0;0;0;0;0;0;1;0;0;0;0;0;0;1
4026,0,0;0;0;0;0;0,1;0;0;0;0;0;0;1;0;0;0;0;0;0;1;0;0;0;0;0;0;1;0;0;0;0;0;0;1;0;0;0;0;0;0;1
4027,0,0;0;0;0;0;0,1;0;0;0;0;0;0;1;0;0;0;0;0;0;1;0;0;0;0;0;0;1;0;0;0;0;0;0;1;0;0;0;0;0;0;1
4028,0,0;0;0;0;0;0,1;0;0;0;0;0;0;1;0;0;0;0;0;0;1;0;0;0;0;0;0;1;0;0;0;0;0;0;1;0;0;0;0;0;0;1
4029,0,0;0;0;0;0;0,1;0;0;0;0;0;0;1;0;0;0;0;0;0;1;0;0;0;0;0;0;1;0;0;0;0;0;0;1;0;0;0;0;0;0;1
4030,0,0;0;0;0;0;0,1;0;0;0;0;0;0;1;0;0;0;0;0;0;1;0;0;0;0;0;0;1;0;0;0;0;0;0;1;0;0;0;0;0;0;1
4031,0,0;0;0;0;0;0,1;0;0;0;0;0;0;1;0;0;0;0;0;0;1;0;0;0;0;0;0;1;0;0;0;0;0;0;1;0;0;0;0;0;0;1
4032,0,0;0;0;0;0;0,1;0;0;0;0;0;0;1;0;0;0;0;0;0;1;0;0;0;0;0;0;1;0;0;0;0;0;0;1;0;0;0;0;0;0;1
4033,0,0;0;0;0;0;0,1;0;0;0;0;0;0;1;0;0;0;0;0;0;1;0;0;0;0;0;0;1;0;0;0;0;0;0;1;0;0;0;0;0;0;1
4034,0,0;0;0;0;0;0,1;0;0;0;0;0;0;1;0;0;0;0;0;0;1;0;0;0;0;0;0;1;0;0;0;0;0;0;1;0;0;0;0;0;0;1
4035,0,0;0;0;0;0;0,1;0;0;0;0;0;0;1;0;0;0;0;0;0;1;0;0;0;0;0;0;1;0;0;0;0;0;0;1;0;0;0;0;0;0;1
4036,0,0;0;0;0;0;0,1;0;0;0;0;0;0;1;0;0;0;0;0;0;1;0;0;0;0;0;0;1;0;0;0;0;0;0;1;0;0;0;0;0;0;1
4037,0,0;0;0;0;0;0,1;0;0;0;0;0;0;1;0;0;0;0;0;0;1;0;0;0;0;0;0;1;0;0;0;0;0;0;1;0;0;0;0;0;0;1
4038,0,0;0;0;0;0;0,1;0;0;0;0;0;0;1;0;0;0;0;0;0;1;0;0;0;0;0;0;1;0;0;0;0;0;0;1;0;0;0;0;0;0;1
4039,0,0;0;0;0;0;0,1;0;0;0;0;0;0;1;0;0;0;0;0;0;1;0;0;0;0;0;0;1;0;0;0;0;0;0;1;0;0;0;0;0;0;1
4040,0,0;0;0;0;0;0,1;0;0;0;0;0;0;1;0;0;0;0;0;0;1;0;0;0;0;0;0;1;0;0;0;0;0;0;1;0;0;0;0;0;0;1
4041,0,0;0;0;0;0;0,1;0;0;0;0;0;0;1;0;0;0;0;0;0;1;0;0;0;0;0;0;1;0;0;0;0;0;0;1;0;0;0;0;0;0;1
4042,0,0;0;0;0;0;0,1;0;0;0;0;0;0;1;0;0;0;0;0;0;1;0;0;0;0;0;0;1;0;0;0;0;0;0;1;0;0;0;0;0;0;1
4043,0,0;0;0;0;0;0,1;0;0;0;0;0;0;1;0;0;0;0;0;0;1;0;0;0;0;0;0;1;0;0;0;0;0;0;1;0;0;0;0;0;0;1
4044,0,0;0;0;0;0;0,1;0;0;0;0;0;0;1;0;0;0;0;0;0;1;0;0;0;0;0;0;1;0;0;0;0;0;0;1;0;0;0;0;0;0;1
4045,0,0;0;0;0;0;0,1;0;0;0;0;0;0;1;0;0;0;0;0;0;1;0;0;0;0;0;0;1;0;0;0;0;0;0;1;0;0;0;0;0;0;1
4046,0,0;0;0;0;0;0,1;0;0;0;0;0;0;1;0;0;0;0;0;0;1;0;0;0;0;0;0;1;0;0;0;0;0;0;1;0;0;0;0;0;0;1
4047,0,0;0;0;0;0;0,1;0;0;0;0;0;0;1;0;0;0;0;0;0;1;0;0;0;0;0;0;1;0;0;0;0;0;0;1;0;0;0;0;0;0;1
4048,0,0;0;0;0;0;0,1;0;0;0;0;0;0;1;0;0;0;0;0;0;1;0;0;0;0;0;0;1;0;0;0;0;0;0;1;0;0;0;0;0;0;1
4049,0,0;0;0;0;0;0,1;0;0;0;0;0;0;1;0;0;0;0;0;0;1;0;0;0;0;0;0;1;0;0;0;0;0;0;1;0;0;0;0;0;0;1
4050,0,0;0;0;0;0;0,1;0;0;0;0;0;0;1;0;0;0;0;0;0;1;0;0;0;0;0;0;1;0;0;0;0;0;0;1;0;0;0;0;0;0;1
4051,0,0;0;0;0;0;0,1;0;0;0;0;0;0;1;0;0;0;0;0;0;1;0;0;0;0;0;0;1;0;0;0;0;0;0;1;0;0;0;0;0;0;1
4052,0,0;0;0;0;0;0,1;0;0;0;0;0;0;1;0;0;0;0;0;0;1;0;0;0;0;0;0;1;0;0;0;0;0;0;1;0;0;0;0;0;0;1
4053,0,0;0;0;0;0;0,1;0;0;0;0;0;0;1;0;0;0;0;0;0;1;0;0;0;0;0;0;1;0;0;0;0;0;0;1;0;0;0;0;0;0;1
4054,0,0;0;0;0;0;0,1;0;0;0;0;0;0;1;0;0;0;0;0;0;1;0;0;0;0;0;0;1;0;0;0;0;0;0;1;0;0;0;0;0;0;1
4055,0,0;0;0;0;0;0,1;0;0;0;0;0;0;1;0;0;0;0;0;0;1;0;0;0;0;0;0;1;0;0;0;0;0;0;1;0;0;0;0;0;0;1
4056,0,0;0;0;0;0;0,1;0;0;0;0;0;0;1;0;0;0;0;0;0;1;0;0;0;0;0;0;1;0;0;0;0;0;0;1;0;0;0;0;0;0;1
4057,0,0;0;0;0;0;0,1;0;0;0;0;0;0;1;0;0;0;0;0;0;1;0;0;0;0;0;0;1;0;0;0;0;0;0;1;0;0;0;0;0;0;1
4058,0,0;0;0;0;0;0,1;0;0;0;0;0;0;1;0;0;0;0;0;0;1;0;0;0;0;0;0;1;0;0;0;0;0;0;1;0;0;0;0;0;0;1
4059,0,0;0;0;0;0;0,1;0;0;0;0;0;0;1;0;0;0;0;0;0;1;0;0;0;0;0;0;1;0;0;0;0;0;0;1;0;0;0;0;0;0;1
4060,0,0;0;0;0;0;0,1;0;0;0;0;0;0;1;0;0;0;0;0;0;1;0;0;0;0;0;0;1;0;0;0;0;0;0;1;0;0;0;0;0;0;1
4061,0,0;0;0;0;0;0,1;0;0;0;0;0;0;1;0;0;0;0;0;0;1;0;0;0;0;0;0;1;0;0;0;0;0;0;1;0;0;0;0;0;0;1
4062,0,0;0;0;0;0;0,1;0;0;0;0;0;0;1;0;0;0;0;0;0;1;0;0;0;0;0;0;1;0;0;0;0;0;0;1;0;0;0;0;0;0;1
4063,0,0;0;0;0;0;0,1;0;0;0;0;0;0;1;0;0;0;0;0;0;1;0;0;0;0;0;0;1;0;0;0;0;0;0;1;0;0;0;0;0;0;1
4064,0,0;0;0;0;0;0,1;0;0;0;0;0;0;1;0;0;0;0;0;0;1;0;0;0;0;0;0;1;0;0;0;0;0;0;1;0;0;0;0;0;0;1
4065,0,0;0;0;0;0;0,1;0;0;0;0;0;0;1;0;0;0;0;0;0;1;0;0;0;0;0;0;1;0;0;0;0;0;0;1;0;0;0;0;0;0;1
4066,0,0;0;0;0;0;0,1;0;0;0;0;0;0;1;0;0;0;0;0;0;1;0;0;0;0;0;0;1;0;0;0;0;0;0;1;0;0;0;0;0;0;1
4067,0,0;0;0;0;0;0,1;0;0;0;0;0;0;1;0;0;0;0;0;0;1;0;0;0;0;0;0;1;0;0;0;0;0;0;1;0;0;0;0;0;0;1
4068,0,0;0;0;0;0;0,1;0;0;0;0;0;0;1;0;0;0;0;0;0;1;0;0;0;0;0;0;1;0;0;0;0;0;0;1;0;0;0;0;0;0;1
4069,0,0;0;0;0;0;0,1;0;0;0;0;0;0;1;0;0;0;0;0;0;1;0;0;0;0;0;0;1;0;0;0;0;0;0;1;0;0;0;0;0;0;1
4070,0,0;0;0;0;0;0,1;0;0;0;0;0;0;1;0;0;0;0;0;0;1;0;0;0;0;0;0;1;0;0;0;0;0;0;1;0;0;0;0;0;0;1
4071,0,0;0;0;0;0;0,1;0;0;0;0;0;0;1;0;0;0;0;0;0;1;0;0;0;0;0;0;1;0;0;0;0;0;0;1;0;0;0;0;0;0;1
4072,0,0;0;0;0;0;0,1;0;0;0;0;0;0;1;0;0;0;0;0;0;1;0;0;0;0;0;0;1;0;0;0;0;0;0;1;0;0;0;0;0;0;1
4073,0,0;0;0;0;0;0,1;0;0;0;0;0;0;1;0;0;0;0;0;0;1;0;0;0;0;0;0;1;0;0;0;0;0;0;1;0;0;0;0;0;0;1
4074,0,0;0;0;0;0;0,1;0;0;0;0;0;0;1;0;0;0;0;0;0;1;0;0;0;0;0;0;1;0;0;0;0;0;0;1;0;0;0;0;0;0;1
4075,0,0;0;0;0;0;0,1;0;0;0;0;0;0;1;0;0;0;0;0;0;1;0;0;0;0;0;0;1;0;0;0;0;0;0;1;0;0;0;0;0;0;1
4076,0,0;0;0;0;0;0,1;0;0;0;0;0;0;1;0;0;0;0;0;0;1;0;0;0;0;0;0;1;0;0;0;0;0;0;1;0;0;0;0;0;0;1
4077,0,0;0;0;0;0;0,1;0;0;0;0;0;0;1;0;0;0;0;0;0;1;0;0;0;0;0;0;1;0;0;0;0;0;0;1;0;0;0;0;0;0;1
4078,0,0;0;0;0;0;0,1;0;0;0;0;0;0;1;0;0;0;0;0;0;1;0;0;0;0;0;0;1;0;0;0;0;0;0;1;0;0;0;0;0;0;1
4079,0,0;0;0;0;0;0,1;0;0;0;0;0;0;1;0;0;0;0;0;0;1;0;0;0;0;0;0;1;0;0;0;0;0;0;1;0;0;0;0;0;0;1
4080,0,0;0;0;0;0;0,1;0;0;0;0;0;0;1;0;0;0;0;0;0;1;0;0;0;0;0;0;1;0;0;0;0;0;0;1;0;0;0;0;0;0;1
4081,0,0;0;0;0;0;0,1;0;0;0;0;0;0;1;0;0;0;0;0;0;1;0;0;0;0;0;0;1;0;0;0;0;0;0;1;0;0;0;0;0;0;1
4082,0,0;0;0;0;0;0,1;0;0;0;0;0;0;1;0;0;0;0;0;0;1;0;0;0;0;0;0;1;0;0;0;0;0;0;1;0;0;0;0;0;0;1
4083,0,0;0;0;0;0;0,1;0;0;0;0;0;0;1;0;0;0;0;0;0;1;0;0;0;0;0;0;1;0;0;0;0;0;0;1;0;0;0;0;0;0;1
4084,0,0;0;0;0;0;0,1;0;0;0;0;0;0;1;0;0;0;0;0;0;1;0;0;0;0;0;0;1;0;0;0;0;0;0;1;0;0;0;0;0;0;1
4085,0,0;0;0;0;0;0,1;0;0;0;0;0;0;1;0;0;0;0;0;0;1;0;0;0;0;0;0;1;0;0;0;0;0;0;1;0;0;0;0;0;0;1
4086,0,0;0;0;0;0;0,1;0;0;0;0;0;0;1;0;0;0;0;0;0;1;0;0;0;0;0;0;1;0;0;0;0;0;0;1;0;0;0;0;0;0;1
4087,0,0;0;0;0;0;0,1;0;0;0;0;0;0;1;0;0;0;0;0;0;1;0;0;0;0;0;0;1;0;0;0;0;0;0;1;0;0;0;0;0;0;1
4088,0,0;0;0;0;0;0,1;0;0;0;0;0;0;1;0;0;0;0;0;0;1;0;0;0;0;0;0;1;0;0;0;0;0;0;1;0;0;0;0;0;0;1
4089,0,0;0;0;0;0;0,1;0;0;0;0;0;0;1;0;0;0;0;0;0;1;0;0;0;0;0;0;1;0;0;0;0;0;0;1;0;0;0;0;0;0;1
4090,0,0;0;0;0;0;0,1;0;0;0;0;0;0;1;0;0;0;0;0;0;1;0;0;0;0;0;0;1;0;0;0;0;0;0;1;0;0;0;0;0;0;1
4091,0,0;0;0;0;0;0,1;0;0;0;0;0;0;1;0;0;0;0;0;0;1;0;0;0;0;0;0;1;0;0;0;0;0;0;1;0;0;0;0;0;0;1
4092,0,0;0;0;0;0;0,1;0;0;0;0;0;0;1;0;0;0;0;0;0;1;0;0;0;0;0;0;1;0;0;0;0;0;0;1;0;0;0;0;0;0;1
4093,0,0;0;0;0;0;0,1;0;0;0;0;0;0;1;0;0;0;0;0;0;1;0;0;0;0;0;0;1;0;0;0;0;0;0;1;0;0;0;0;0;0;1
4094,0,0;0;0;0;0;0,1;0;0;0;0;0;0;1;0;0;0;0;0;0;1;0;0;0;0;0;0;1;0;0;0;0;0;0;1;0;0;0;0;0;0;1
4095,0,0;0;0;0;0;0,1;0;0;0;0;0;0;1;0;0;0;0;0;0;1;0;0;0;0;0;0;1;0;0;0;0;0;0;1;0;0;0;0;0;0;1
4096,0,0;0;0;0;0;0,1;0;0;0;0;0;0;1;0;0;0;0;0;0;1;0;0;0;0;0;0;1;0;0;0;0;0;0;1;0;0;0;0;0;0;1
4097,0,0;0;0;0;0;0,1;0;0;0;0;0;0;1;0;0;0;0;0;0;1;0;0;0;0;0;0;1;0;0;0;0;0;0;1;0;0;0;0;0;0;1
4098,0,0;0;0;0;0;0,1;0;0;0;0;0;0;1;0;0;0;0;0;0;1;0;0;0;0;0;0;1;0;0;0;0;0;0;1;0;0;0;0;0;0;1
4099,0,0;0;0;0;0;0,1;0;0;0;0;0;0;1;0;0;0;0;0;0;1;0;0;0;0;0;0;1;0;0;0;0;0;0;1;0;0;0;0;0;0;1
4100,0,0;0;0;0;0;0,1;0;0;0;0;0;0;1;0;0;0;0;0;0;1;0;0;0;0;0;0;1;0;0;0;0;0;0;1;0;0;0;0;0;0;1
4101,0,0;0;0;0;0;0,1;0;0;0;0;0;0;1;0;0;0;0;0;0;1;0;0;0;0;0;0;1;0;0;0;0;0;0;1;0;0;0;0;0;0;1
4102,0,0;0;0;0;0;0,1;0;0;0;0;0;0;1;0;0;0;0;0;0;1;0;0;0;0;0;0;1;0;0;0;0;0;0;1;0;0;0;0;0;0;1
4103,0,0;0;0;0;0;0,1;0;0;0;0;0;0;1;0;0;0;0;0;0;1;0;0;0;0;0;0;1;0;0;0;0;0;0;1;0;0;0;0;0;0;1
4104,0,0;0;0;0;0;0,1;0;0;0;0;0;0;1;0;0;0;0;0;0;1;0;0;0;0;0;0;1;0;0;0;0;0;0;1;0;0;0;0;0;0;1
4105,0,0;0;0;0;0;0,1;0;0;0;0;0;0;1;0;0;0;0;0;0;1;0;0;0;0;0;0;1;0;0;0;0;0;0;1;0;0;0;0;0;0;1
4106,0,0;0;0;0;0;0,1;0;0;0;0;0;0;1;0;0;0;0;0;0;1;0;0;0;0;0;0;1;0;0;0;0;0;0;1;0;0;0;0;0;0;1
4107,0,0;0;0;0;0;0,1;0;0;0;0;0;0;1;0;0;0;0;0;0;1;0;0;0;0;0;0;1;0;0;0;0;0;0;1;0;0;0;0;0;0;1
4108,0,0;0;0;0;0;0,1;0;0;0;0;0;0;1;0;0;0;0;0;0;1;0;0;0;0;0;0;1;0;0;0;0;0;0;1;0;0;0;0;0;0;1
4109,0,0;0;0;0;0;0,1;0;0;0;0;0;0;1;0;0;0;0;0;0;1;0;0;0;0;0;0;1;0;0;0;0;0;0;1;0;0;0;0;0;0;1
4110,0,0;0;0;0;0;0,1;0;0;0;0;0;0;1;0;0;0;0;0;0;1;0;0;0;0;0;0;1;0;0;0;0;0;0;1;0;0;0;0;0;0;1
4111,0,0;0;0;0;0;0,1;0;0;0;0;0;0;1;0;0;0;0;0;0;1;0;0;0;0;0;0;1;0;0;0;0;0;0;1;0;0;0;0;0;0;1
4112,0,0;0;0;0;0;0,1;0;0;0;0;0;0;1;0;0;0;0;0;0;1;0;0;0;0;0;0;1;0;0;0;0;0;0;1;0;0;0;0;0;0;1
4113,0,0;0;0;0;0;0,1;0;0;0;0;0;0;1;0;0;0;0;0;0;1;0;0;0;0;0;0;1;0;0;0;0;0;0;1;0;0;0;0;0;0;1
4114,0,0;0;0;0;0;0,1;0;0;0;0;0;0;1;0;0;0;0;0;0;1;0;0;0;0;0;0;1;0;0;0;0;0;0;1;0;0;0;0;0;0;1
4115,0,0;0;0;0;0;0,1;0;0;0;0;0;0;1;0;0;0;0;0;0;1;0;0;0;0;0;0;1;0;0;0;0;0;0;1;0;0;0;0;0;0;1
4116,0,0;0;0;0;0;0,1;0;0;0;0;0;0;1;0;0;0;0;0;0;1;0;0;0;0;0;0;1;0;0;0;0;0;0;1;0;0;0;0;0;0;1
4117,0,0;0;0;0;0;0,1;0;0;0;0;0;0;1;0;0;0;0;0;0;1;0;0;0;0;0;0;1;0;0;0;0;0;0;1;0;0;0;0;0;0;1
4118,0,0;0;0;0;0;0,1;0;0;0;0;0;0;1;0;0;0;0;0;0;1;0;0;0;0;0;0;1;0;0;0;0;0;0;1;0;0;0;0;0;0;1
4119,0,0;0;0;0;0;0,1;0;0;0;0;0;0;1;0;0;0;0;0;0;1;0;0;0;0;0;0;1;0;0;0;0;0;0;1;0;0;0;0;0;0;1
4120,0,0;0;0;0;0;0,1;0;0;0;0;0;0;1;0;0;0;0;0;0;1;0;0;0;0;0;0;1;0;0;0;0;0;0;1;0;0;0;0;0;0;1
4121,0,0;0;0;0;0;0,1;0;0;0;0;0;0;1;0;0;0;0;0;0;1;0;0;0;0;0;0;1;0;0;0;0;0;0;1;0;0;0;0;0;0;1
4122,0,0;0;0;0;0;0,1;0;0;0;0;0;0;1;0;0;0;0;0;0;1;0;0;0;0;0;0;1;0;0;0;0;0;0;1;0;0;0;0;0;0;1
4123,0,0;0;0;0;0;0,1;0;0;0;0;0;0;1;0;0;0;0;0;0;1;0;0;0;0;0;0;1;0;0;0;0;0;0;1;0;0;0;0;0;0;1
4124,0,0;0;0;0;0;0,1;0;0;0;0;0;0;1;0;0;0;0;0;0;1;0;0;0;0;0;0;1;0;0;0;0;0;0;1;0;0;0;0;0;0;1
4125,0,0;0;0;0;0;0,1;0;0;0;0;0;0;1;0;0;0;0;0;0;1;0;0;0;0;0;0;1;0;0;0;0;0;0;1;0;0;0;0;0;0;1
4126,0,0;0;0;0;0;0,1;0;0;0;0;0;0;1;0;0;0;0;0;0;1;0;0;0;0;0;0;1;0;0;0;0;0;0;1;0;0;0;0;0;0;1
4127,0,0;0;0;0;0;0,1;0;0;0;0;0;0;1;0;0;0;0;0;0;1;0;0;0;0;0;0;1;0;0;0;0;0;0;1;0;0;0;0;0;0;1
