scan_index,scan_start_stamp,scan_end_stamp,reference_stamp,status,reason,point_count_in,point_count_out,coverage_begin_stamp,coverage_end_stamp,max_state_gap_sec,max_gap_gate_sec,max_velocity_norm_mps,max_acc_world_norm_mps2,max_gyro_norm_radps,coverage_gate_passed,point_count_preserved,reference_equals_selected_boundary,ndt_stamp_matches_reference,future_measurement_csv_field,current_scan_ndt_leakage_csv_field,future_imu_evidence,current_ndt_evidence,csv_zero_fields_are_independent_counters
9,1660857393.298667,1660857393.3995063,1660857393.298667,REJECTED,pending_cloud_queue_full,28519,0,nan,nan,0,0.02,0,0,0,NO_OR_NOT_PUBLISHED,NOT_APPLICABLE,YES,,0,0,point-time interpolation uses lower sample; future sample only brackets coverage; violating source timestamp rejects point,deskew call has no NDT input; cloud is published before NDT consumes it; NDT correction can affect only later deskew,NO; structural/code-path evidence is recorded separately
10,1660857393.3995271,1660857393.5003662,1660857393.3995271,REJECTED,pending_cloud_queue_full,28505,0,nan,nan,0,0.02,0,0,0,NO_OR_NOT_PUBLISHED,NOT_APPLICABLE,YES,,0,0,point-time interpolation uses lower sample; future sample only brackets coverage; violating source timestamp rejects point,deskew call has no NDT input; cloud is published before NDT consumes it; NDT correction can affect only later deskew,NO; structural/code-path evidence is recorded separately
11,1660857393.500387,1660857393.6012263,1660857393.500387,REJECTED,pending_cloud_queue_full,28494,0,nan,nan,0,0.02,0,0,0,NO_OR_NOT_PUBLISHED,NOT_APPLICABLE,YES,,0,0,point-time interpolation uses lower sample; future sample only brackets coverage; violating source timestamp rejects point,deskew call has no NDT input; cloud is published before NDT consumes it; NDT correction can affect only later deskew,NO; structural/code-path evidence is recorded separately
1,1660857392.491843,1660857392.5926824,1660857392.491843,REJECTED,missing_start_coverage,26774,0,1660857393.5208321,1660857393.5208321,0,0.02,0,0,0,NO_OR_NOT_PUBLISHED,NOT_APPLICABLE,YES,,0,0,point-time interpolation uses lower sample; future sample only brackets coverage; violating source timestamp rejects point,deskew call has no NDT input; cloud is published before NDT consumes it; NDT correction can affect only later deskew,NO; structural/code-path evidence is recorded separately
2,1660857392.5927031,1660857392.6935413,1660857392.5927031,REJECTED,missing_start_coverage,27123,0,1660857393.5208321,1660857393.5208321,0,0.02,0,0,0,NO_OR_NOT_PUBLISHED,NOT_APPLICABLE,YES,,0,0,point-time interpolation uses lower sample; future sample only brackets coverage; violating source timestamp rejects point,deskew call has no NDT input; cloud is published before NDT consumes it; NDT correction can affect only later deskew,NO; structural/code-path evidence is recorded separately
3,1660857392.693563,1660857392.7944014,1660857392.693563,REJECTED,missing_start_coverage,27375,0,1660857393.5208321,1660857393.5208321,0,0.02,0,0,0,NO_OR_NOT_PUBLISHED,NOT_APPLICABLE,YES,,0,0,point-time interpolation uses lower sample; future sample only brackets coverage; violating source timestamp rejects point,deskew call has no NDT input; cloud is published before NDT consumes it; NDT correction can affect only later deskew,NO; structural/code-path evidence is recorded separately
4,1660857392.7944231,1660857392.8952613,1660857392.7944231,REJECTED,missing_start_coverage,27514,0,1660857393.5208321,1660857393.5208321,0,0.02,0,0,0,NO_OR_NOT_PUBLISHED,NOT_APPLICABLE,YES,,0,0,point-time interpolation uses lower sample; future sample only brackets coverage; violating source timestamp rejects point,deskew call has no NDT input; cloud is published before NDT consumes it; NDT correction can affect only later deskew,NO; structural/code-path evidence is recorded separately
5,1660857392.895282,1660857392.9961214,1660857392.895282,REJECTED,missing_start_coverage,27725,0,1660857393.5208321,1660857393.5208321,0,0.02,0,0,0,NO_OR_NOT_PUBLISHED,NOT_APPLICABLE,YES,,0,0,point-time interpolation uses lower sample; future sample only brackets coverage; violating source timestamp rejects point,deskew call has no NDT input; cloud is published before NDT consumes it; NDT correction can affect only later deskew,NO; structural/code-path evidence is recorded separately
6,1660857392.9961419,1660857393.0969262,1660857392.9961419,REJECTED,missing_start_coverage,28095,0,1660857393.5208321,1660857393.5208321,0,0.02,0,0,0,NO_OR_NOT_PUBLISHED,NOT_APPLICABLE,YES,,0,0,point-time interpolation uses lower sample; future sample only brackets coverage; violating source timestamp rejects point,deskew call has no NDT input; cloud is published before NDT consumes it; NDT correction can affect only later deskew,NO; structural/code-path evidence is recorded separately
7,1660857393.096947,1660857393.1977863,1660857393.096947,REJECTED,missing_start_coverage,28378,0,1660857393.5208321,1660857393.5208321,0,0.02,0,0,0,NO_OR_NOT_PUBLISHED,NOT_APPLICABLE,YES,,0,0,point-time interpolation uses lower sample; future sample only brackets coverage; violating source timestamp rejects point,deskew call has no NDT input; cloud is published before NDT consumes it; NDT correction can affect only later deskew,NO; structural/code-path evidence is recorded separately
8,1660857393.1978071,1660857393.2986462,1660857393.1978071,REJECTED,missing_start_coverage,28508,0,1660857393.5208321,1660857393.5208321,0,0.02,0,0,0,NO_OR_NOT_PUBLISHED,NOT_APPLICABLE,YES,,0,0,point-time interpolation uses lower sample; future sample only brackets coverage; violating source timestamp rejects point,deskew call has no NDT input; cloud is published before NDT consumes it; NDT correction can affect only later deskew,NO; structural/code-path evidence is recorded separately
12,1660857393.6012471,1660857393.7020862,1660857393.6012471,PUBLISHED,covered_and_deskewed,28442,28442,1660857393.5208321,1660857393.7058401,0.0050082206726074219,0.02,0.0022484000618394171,0.050921570184955134,0.0038289950530437421,YES,YES,YES,True,0,0,point-time interpolation uses lower sample; future sample only brackets coverage; violating source timestamp rejects point,deskew call has no NDT input; cloud is published before NDT consumes it; NDT correction can affect only later deskew,NO; structural/code-path evidence is recorded separately
13,1660857393.702107,1660857393.8029463,1660857393.702107,PUBLISHED,covered_and_deskewed,28508,28508,1660857393.5208321,1660857393.80584,0.0050082206726074219,0.02,0.003127684927527837,0.053698847787834805,0.0039920181231743075,YES,YES,YES,True,0,0,point-time interpolation uses lower sample; future sample only brackets coverage; violating source timestamp rejects point,deskew call has no NDT input; cloud is published before NDT consumes it; NDT correction can affect only later deskew,NO; structural/code-path evidence is recorded separately
14,1660857393.8029671,1660857393.9038062,1660857393.8029671,PUBLISHED,covered_and_deskewed,28504,28504,1660857393.5208321,1660857393.9058399,0.0050079822540283203,0.02,0.14565087337351143,0.39754291762600358,0.0035826339188054549,YES,YES,YES,True,0,0,point-time interpolation uses lower sample; future sample only brackets coverage; violating source timestamp rejects point,deskew call has no NDT input; cloud is published before NDT consumes it; NDT correction can affect only later deskew,NO; structural/code-path evidence is recorded separately
15,1660857393.903827,1660857394.0046103,1660857393.903827,PUBLISHED,covered_and_deskewed,28492,28492,1660857393.5208321,1660857394.0057919,0.0050082206726074219,0.02,0.17167077674182205,0.39630605815992137,0.0035340802973647415,YES,YES,YES,True,0,0,point-time interpolation uses lower sample; future sample only brackets coverage; violating source timestamp rejects point,deskew call has no NDT input; cloud is published before NDT consumes it; NDT correction can affect only later deskew,NO; structural/code-path evidence is recorded separately
16,1660857394.004631,1660857394.1054702,1660857394.004631,PUBLISHED,covered_and_deskewed,28488,28488,1660857393.5208321,1660857394.105792,0.0050082206726074219,0.02,0.27491093429791902,0.39694462688809495,0.0038110450195265361,YES,YES,YES,True,0,0,point-time interpolation uses lower sample; future sample only brackets coverage; violating source timestamp rejects point,deskew call has no NDT input; cloud is published before NDT consumes it; NDT correction can affect only later deskew,NO; structural/code-path evidence is recorded separately
17,1660857394.1054909,1660857394.2063303,1660857394.1054909,PUBLISHED,covered_and_deskewed,28502,28502,1660857393.5208321,1660857394.210784,0.0050079822540283203,0.02,0.27772147418028398,0.39931099029083117,0.00426605320048133,YES,YES,YES,True,0,0,point-time interpolation uses lower sample; future sample only brackets coverage; violating source timestamp rejects point,deskew call has no NDT input; cloud is published before NDT consumes it; NDT correction can affect only later deskew,NO; structural/code-path evidence is recorded separately
18,1660857394.206351,1660857394.3071902,1660857394.206351,PUBLISHED,covered_and_deskewed,28516,28516,1660857393.5208321,1660857394.3107841,0.0050082206726074219,0.02,0.27072233942514545,0.41802534677591235,0.0038210574049572714,YES,YES,YES,True,0,0,point-time interpolation uses lower sample; future sample only brackets coverage; violating source timestamp rejects point,deskew call has no NDT input; cloud is published before NDT consumes it; NDT correction can affect only later deskew,NO; structural/code-path evidence is recorded separately
19,1660857394.3072109,1660857394.4080503,1660857394.3072109,PUBLISHED,covered_and_deskewed,28505,28505,1660857393.5208321,1660857394.410784,0.0050079822540283203,0.02,0.21864105529666691,0.43269906481895121,0.0033977647075249641,YES,YES,YES,True,0,0,point-time interpolation uses lower sample; future sample only brackets coverage; violating source timestamp rejects point,deskew call has no NDT input; cloud is published before NDT consumes it; NDT correction can affect only later deskew,NO; structural/code-path evidence is recorded separately
20,1660857394.408071,1660857394.5089102,1660857394.408071,PUBLISHED,covered_and_deskewed,28491,28491,1660857393.5208321,1660857394.5107839,0.0050079822540283203,0.02,0.17356301518105072,0.44562017182849784,0.0036886056290617074,YES,YES,YES,True,0,0,point-time interpolation uses lower sample; future sample only brackets coverage; violating source timestamp rejects point,deskew call has no NDT input; cloud is published before NDT consumes it; NDT correction can affect only later deskew,NO; structural/code-path evidence is recorded separately
21,1660857394.5089309,1660857394.6097703,1660857394.5089309,PUBLISHED,covered_and_deskewed,28522,28522,1660857393.5208321,1660857394.6107841,0.0050082206726074219,0.02,0.11408798103645447,0.49644532762589527,0.0033724188697237139,YES,YES,YES,True,0,0,point-time interpolation uses lower sample; future sample only brackets coverage; violating source timestamp rejects point,deskew call has no NDT input; cloud is published before NDT consumes it; NDT correction can affect only later deskew,NO; structural/code-path evidence is recorded separately
22,1660857394.609791,1660857394.7106302,1660857394.609791,PUBLISHED,covered_and_deskewed,28509,28509,1660857393.5208321,1660857394.710784,0.0050079822540283203,0.02,0.10513024628205661,0.4712856689381747,0.0035589219064113505,YES,YES,YES,True,0,0,point-time interpolation uses lower sample; future sample only brackets coverage; violating source timestamp rejects point,deskew call has no NDT input; cloud is published before NDT consumes it; NDT correction can affect only later deskew,NO; structural/code-path evidence is recorded separately
23,1660857394.7106509,1660857394.8114893,1660857394.7106509,PUBLISHED,covered_and_deskewed,28503,28503,1660857393.5208321,1660857394.8157921,0.0050082206726074219,0.02,0.11877591652102101,0.48234754061354213,0.0038472753068821532,YES,YES,YES,True,0,0,point-time interpolation uses lower sample; future sample only brackets coverage; violating source timestamp rejects point,deskew call has no NDT input; cloud is published before NDT consumes it; NDT correction can affect only later deskew,NO; structural/code-path evidence is recorded separately
24,1660857394.811511,1660857394.9123492,1660857394.811511,PUBLISHED,covered_and_deskewed,28474,28474,1660857393.5208321,1660857394.915792,0.0050079822540283203,0.02,0.1229462372109017,0.50415050446275367,0.0035488833248539346,YES,YES,YES,True,0,0,point-time interpolation uses lower sample; future sample only brackets coverage; violating source timestamp rejects point,deskew call has no NDT input; cloud is published before NDT consumes it; NDT correction can affect only later deskew,NO; structural/code-path evidence is recorded separately
25,1660857394.9123709,1660857395.0131543,1660857394.9123709,PUBLISHED,covered_and_deskewed,28500,28500,1660857393.5208321,1660857395.015728,0.0050079822540283203,0.02,0.11969608065398958,0.49578530690662453,0.0036657153048725408,YES,YES,YES,True,0,0,point-time interpolation uses lower sample; future sample only brackets coverage; violating source timestamp rejects point,deskew call has no NDT input; cloud is published before NDT consumes it; NDT correction can affect only later deskew,NO; structural/code-path evidence is recorded separately
26,1660857395.013175,1660857395.1140144,1660857395.013175,PUBLISHED,covered_and_deskewed,28479,28479,1660857393.5208321,1660857395.1157279,0.0050079822540283203,0.02,0.14208640533760797,0.50319612353495569,0.0036674147855389055,YES,YES,YES,True,0,0,point-time interpolation uses lower sample; future sample only brackets coverage; violating source timestamp rejects point,deskew call has no NDT input; cloud is published before NDT consumes it; NDT correction can affect only later deskew,NO; structural/code-path evidence is recorded separately
27,1660857395.1140349,1660857395.2148743,1660857395.1140349,PUBLISHED,covered_and_deskewed,28499,28499,1660857393.5208321,1660857395.215728,0.0050082206726074219,0.02,0.12703744265689446,0.47608922943905063,0.0040288165294075579,YES,YES,YES,True,0,0,point-time interpolation uses lower sample; future sample only brackets coverage; violating source timestamp rejects point,deskew call has no NDT input; cloud is published before NDT consumes it; NDT correction can affect only later deskew,NO; structural/code-path evidence is recorded separately
28,1660857395.214895,1660857395.3157344,1660857395.214895,PUBLISHED,covered_and_deskewed,28478,28478,1660857393.5208321,1660857395.32072,0.0050079822540283203,0.02,0.1419726101167422,0.44509160975553641,0.00360174034415997,YES,YES,YES,True,0,0,point-time interpolation uses lower sample; future sample only brackets coverage; violating source timestamp rejects point,deskew call has no NDT input; cloud is published before NDT consumes it; NDT correction can affect only later deskew,NO; structural/code-path evidence is recorded separately
29,1660857395.3157549,1660857395.4165943,1660857395.3157549,PUBLISHED,covered_and_deskewed,28475,28475,1660857393.5208321,1660857395.4207201,0.0050082206726074219,0.02,0.15993087155417895,0.45203724826436786,0.004203491771775641,YES,YES,YES,True,0,0,point-time interpolation uses lower sample; future sample only brackets coverage; violating source timestamp rejects point,deskew call has no NDT input; cloud is published before NDT consumes it; NDT correction can affect only later deskew,NO; structural/code-path evidence is recorded separately
30,1660857395.416615,1660857395.5174544,1660857395.416615,PUBLISHED,covered_and_deskewed,28505,28505,1660857393.5208321,1660857395.52072,0.0050079822540283203,0.02,0.11506213161102258,0.44062217477795806,0.0035090012500095876,YES,YES,YES,True,0,0,point-time interpolation uses lower sample; future sample only brackets coverage; violating source timestamp rejects point,deskew call has no NDT input; cloud is published before NDT consumes it; NDT correction can affect only later deskew,NO; structural/code-path evidence is recorded separately
31,1660857395.5174749,1660857395.6183143,1660857395.5174749,PUBLISHED,covered_and_deskewed,28533,28533,1660857393.620832,1660857395.6207199,0.0050079822540283203,0.02,0.11461530992345242,0.42381031271082187,0.0039939414750770289,YES,YES,YES,True,0,0,point-time interpolation uses lower sample; future sample only brackets coverage; violating source timestamp rejects point,deskew call has no NDT input; cloud is published before NDT consumes it; NDT correction can affect only later deskew,NO; structural/code-path evidence is recorded separately
32,1660857395.618335,1660857395.7191744,1660857395.618335,PUBLISHED,covered_and_deskewed,28510,28510,1660857393.7208321,1660857395.7207201,0.0050082206726074219,0.02,0.10641124382766748,0.41607530261846548,0.0035557639559990429,YES,YES,YES,True,0,0,point-time interpolation uses lower sample; future sample only brackets coverage; violating source timestamp rejects point,deskew call has no NDT input; cloud is published before NDT consumes it; NDT correction can affect only later deskew,NO; structural/code-path evidence is recorded separately
33,1660857395.7191949,1660857395.8200343,1660857395.7191949,PUBLISHED,covered_and_deskewed,28509,28509,1660857393.820832,1660857395.82072,0.0050079822540283203,0.02,0.1126175863424704,0.4308271024018529,0.0035422462353600108,YES,YES,YES,True,0,0,point-time interpolation uses lower sample; future sample only brackets coverage; violating source timestamp rejects point,deskew call has no NDT input; cloud is published before NDT consumes it; NDT correction can affect only later deskew,NO; structural/code-path evidence is recorded separately
34,1660857395.820055,1660857395.9208944,1660857395.820055,PUBLISHED,covered_and_deskewed,28493,28493,1660857393.9258399,1660857395.9257281,0.0050082206726074219,0.02,0.10100140110864994,0.43032393801905872,0.0038571856789840712,YES,YES,YES,True,0,0,point-time interpolation uses lower sample; future sample only brackets coverage; violating source timestamp rejects point,deskew call has no NDT input; cloud is published before NDT consumes it; NDT correction can affect only later deskew,NO; structural/code-path evidence is recorded separately
35,1660857395.9209149,1660857396.0216982,1660857395.9209149,PUBLISHED,covered_and_deskewed,28476,28476,1660857394.0257919,1660857396.0256801,0.0050079822540283203,0.02,0.09337035360497542,0.42455139657279578,0.0038029882386076733,YES,YES,YES,True,0,0,point-time interpolation uses lower sample; future sample only brackets coverage; violating source timestamp rejects point,deskew call has no NDT input; cloud is published before NDT consumes it; NDT correction can affect only later deskew,NO; structural/code-path evidence is recorded separately
36,1660857396.021719,1660857396.1225584,1660857396.021719,PUBLISHED,covered_and_deskewed,28465,28465,1660857394.125792,1660857396.12568,0.0050079822540283203,0.02,0.095479677497523813,0.4382852377008129,0.0035535444774101952,YES,YES,YES,True,0,0,point-time interpolation uses lower sample; future sample only brackets coverage; violating source timestamp rejects point,deskew call has no NDT input; cloud is published before NDT consumes it; NDT correction can affect only later deskew,NO; structural/code-path evidence is recorded separately
37,1660857396.1225791,1660857396.2234182,1660857396.1225791,PUBLISHED,covered_and_deskewed,28477,28477,1660857394.2257919,1660857396.2256801,0.0050082206726074219,0.02,0.10835548837080897,0.44278301717459528,0.0037012360337450529,YES,YES,YES,True,0,0,point-time interpolation uses lower sample; future sample only brackets coverage; violating source timestamp rejects point,deskew call has no NDT input; cloud is published before NDT consumes it; NDT correction can affect only later deskew,NO; structural/code-path evidence is recorded separately
38,1660857396.223439,1660857396.3242784,1660857396.223439,PUBLISHED,covered_and_deskewed,28452,28452,1660857394.3257921,1660857396.32568,0.0050082206726074219,0.02,0.081162614772858716,0.43104566264552269,0.003930050007764526,YES,YES,YES,True,0,0,point-time interpolation uses lower sample; future sample only brackets coverage; violating source timestamp rejects point,deskew call has no NDT input; cloud is published before NDT consumes it; NDT correction can affect only later deskew,NO; structural/code-path evidence is recorded separately
39,1660857396.3242991,1660857396.4251382,1660857396.3242991,PUBLISHED,covered_and_deskewed,28477,28477,1660857394.425792,1660857396.4256799,0.0050079822540283203,0.02,0.048762532486582667,0.44890655129931989,0.0035603137984939704,YES,YES,YES,True,0,0,point-time interpolation uses lower sample; future sample only brackets coverage; violating source timestamp rejects point,deskew call has no NDT input; cloud is published before NDT consumes it; NDT correction can affect only later deskew,NO; structural/code-path evidence is recorded separately
40,1660857396.425159,1660857396.5259984,1660857396.425159,PUBLISHED,covered_and_deskewed,28483,28483,1660857394.5307839,1660857396.5306721,0.0050082206726074219,0.02,0.057642241544367159,0.41588088118464572,0.0039133782116628985,YES,YES,YES,True,0,0,point-time interpolation uses lower sample; future sample only brackets coverage; violating source timestamp rejects point,deskew call has no NDT input; cloud is published before NDT consumes it; NDT correction can affect only later deskew,NO; structural/code-path evidence is recorded separately
41,1660857396.5260191,1660857396.6268582,1660857396.5260191,PUBLISHED,covered_and_deskewed,28501,28501,1660857394.630784,1660857396.630672,0.0050079822540283203,0.02,0.061024748133595826,0.44510592534759258,0.0035985975375533554,YES,YES,YES,True,0,0,point-time interpolation uses lower sample; future sample only brackets coverage; violating source timestamp rejects point,deskew call has no NDT input; cloud is published before NDT consumes it; NDT correction can affect only later deskew,NO; structural/code-path evidence is recorded separately
42,1660857396.626879,1660857396.7277153,1660857396.626879,PUBLISHED,covered_and_deskewed,28465,28465,1660857394.7307839,1660857396.7306719,0.0050082206726074219,0.02,0.093305440230046263,0.44680498369643296,0.0036206667165380197,YES,YES,YES,True,0,0,point-time interpolation uses lower sample; future sample only brackets coverage; violating source timestamp rejects point,deskew call has no NDT input; cloud is published before NDT consumes it; NDT correction can affect only later deskew,NO; structural/code-path evidence is recorded separately
43,1660857396.7277391,1660857396.8285773,1660857396.7277391,PUBLISHED,covered_and_deskewed,28472,28472,1660857394.8307841,1660857396.830672,0.0050082206726074219,0.02,0.13466590622059343,0.4442735048826002,0.0040493878820260744,YES,YES,YES,True,0,0,point-time interpolation uses lower sample; future sample only brackets coverage; violating source timestamp rejects point,deskew call has no NDT input; cloud is published before NDT consumes it; NDT correction can affect only later deskew,NO; structural/code-path evidence is recorded separately
44,1660857396.828599,1660857396.9294374,1660857396.828599,PUBLISHED,covered_and_deskewed,28505,28505,1660857394.930784,1660857396.9306719,0.0050079822540283203,0.02,0.13058747832633724,0.46078539454927542,0.0034689030343941349,YES,YES,YES,True,0,0,point-time interpolation uses lower sample; future sample only brackets coverage; violating source timestamp rejects point,deskew call has no NDT input; cloud is published before NDT consumes it; NDT correction can affect only later deskew,NO; structural/code-path evidence is recorded separately
45,1660857396.9294579,1660857397.0302422,1660857396.9294579,PUBLISHED,covered_and_deskewed,28448,28448,1660857395.03072,1660857397.0306079,0.0050082206726074219,0.02,0.10083861675407334,0.44218388371180956,0.0037353671426471938,YES,YES,YES,True,0,0,point-time interpolation uses lower sample; future sample only brackets coverage; violating source timestamp rejects point,deskew call has no NDT input; cloud is published before NDT consumes it; NDT correction can affect only later deskew,NO; structural/code-path evidence is recorded separately
46,1660857397.0302629,1660857397.1311023,1660857397.0302629,PUBLISHED,covered_and_deskewed,28500,28500,1660857395.1357279,1660857397.1356161,0.0050082206726074219,0.02,0.083194410104539845,0.45003307405239285,0.0033908463257155555,YES,YES,YES,True,0,0,point-time interpolation uses lower sample; future sample only brackets coverage; violating source timestamp rejects point,deskew call has no NDT input; cloud is published before NDT consumes it; NDT correction can affect only later deskew,NO; structural/code-path evidence is recorded separately
47,1660857397.1311231,1660857397.2319622,1660857397.1311231,PUBLISHED,covered_and_deskewed,28498,28498,1660857395.235728,1660857397.235616,0.0050079822540283203,0.02,0.070554152012630461,0.44079129803275036,0.003865352952912984,YES,YES,YES,True,0,0,point-time interpolation uses lower sample; future sample only brackets coverage; violating source timestamp rejects point,deskew call has no NDT input; cloud is published before NDT consumes it; NDT correction can affect only later deskew,NO; structural/code-path evidence is recorded separately
48,1660857397.2319829,1660857397.3328223,1660857397.2319829,PUBLISHED,covered_and_deskewed,28489,28489,1660857395.3357279,1660857397.3356161,0.0050082206726074219,0.02,0.063513870183238355,0.44111039802945656,0.0032738919420618341,YES,YES,YES,True,0,0,point-time interpolation uses lower sample; future sample only brackets coverage; violating source timestamp rejects point,deskew call has no NDT input; cloud is published before NDT consumes it; NDT correction can affect only later deskew,NO; structural/code-path evidence is recorded separately
49,1660857397.3328431,1660857397.4336822,1660857397.3328431,PUBLISHED,covered_and_deskewed,28515,28515,1660857395.4357281,1660857397.435616,0.0050082206726074219,0.02,0.079182134094166245,0.45278811529645036,0.0038289808706349622,YES,YES,YES,True,0,0,point-time interpolation uses lower sample; future sample only brackets coverage; violating source timestamp rejects point,deskew call has no NDT input; cloud is published before NDT consumes it; NDT correction can affect only later deskew,NO; structural/code-path evidence is recorded separately
50,1660857397.4337029,1660857397.5345423,1660857397.4337029,PUBLISHED,covered_and_deskewed,28508,28508,1660857395.535728,1660857397.5356159,0.0050079822540283203,0.02,0.10432480239070321,0.43715470828786035,0.0039459600512432884,YES,YES,YES,True,0,0,point-time interpolation uses lower sample; future sample only brackets coverage; violating source timestamp rejects point,deskew call has no NDT input; cloud is published before NDT consumes it; NDT correction can affect only later deskew,NO; structural/code-path evidence is recorded separately
51,1660857397.5345631,1660857397.6354022,1660857397.5345631,PUBLISHED,covered_and_deskewed,28518,28518,1660857395.6357279,1660857397.6356161,0.0050082206726074219,0.02,0.11416153456517002,0.43939231859769035,0.0036048081306764295,YES,YES,YES,True,0,0,point-time interpolation uses lower sample; future sample only brackets coverage; violating source timestamp rejects point,deskew call has no NDT input; cloud is published before NDT consumes it; NDT correction can affect only later deskew,NO; structural/code-path evidence is recorded separately
52,1660857397.6354229,1660857397.7362623,1660857397.6354229,PUBLISHED,covered_and_deskewed,28487,28487,1660857395.74072,1660857397.740608,0.0050079822540283203,0.02,0.15026033887374746,0.44833847678349642,0.0034770395453807027,YES,YES,YES,True,0,0,point-time interpolation uses lower sample; future sample only brackets coverage; violating source timestamp rejects point,deskew call has no NDT input; cloud is published before NDT consumes it; NDT correction can affect only later deskew,NO; structural/code-path evidence is recorded separately
53,1660857397.7362831,1660857397.8371222,1660857397.7362831,PUBLISHED,covered_and_deskewed,28518,28518,1660857395.8407199,1660857397.8406079,0.0050082206726074219,0.02,0.18796864431806118,0.45185915737133758,0.0030332870940694115,YES,YES,YES,True,0,0,point-time interpolation uses lower sample; future sample only brackets coverage; violating source timestamp rejects point,deskew call has no NDT input; cloud is published before NDT consumes it; NDT correction can affect only later deskew,NO; structural/code-path evidence is recorded separately
54,1660857397.8371429,1660857397.9379823,1660857397.8371429,PUBLISHED,covered_and_deskewed,28512,28512,1660857395.9407201,1660857397.940608,0.0050082206726074219,0.02,0.16449894623207714,0.43455605496650346,0.0041779960401971553,YES,YES,YES,True,0,0,point-time interpolation uses lower sample; future sample only brackets coverage; violating source timestamp rejects point,deskew call has no NDT input; cloud is published before NDT consumes it; NDT correction can affect only later deskew,NO; structural/code-path evidence is recorded separately
55,1660857397.9380031,1660857398.0387864,1660857397.9380031,PUBLISHED,covered_and_deskewed,28508,28508,1660857396.0406721,1660857398.04056,0.0050079822540283203,0.02,0.16104598054821254,0.43657046782695397,0.0033133911525888723,YES,YES,YES,True,0,0,point-time interpolation uses lower sample; future sample only brackets coverage; violating source timestamp rejects point,deskew call has no NDT input; cloud is published before NDT consumes it; NDT correction can affect only later deskew,NO; structural/code-path evidence is recorded separately
56,1660857398.0388069,1660857398.1396463,1660857398.0388069,PUBLISHED,covered_and_deskewed,28516,28516,1660857396.140672,1660857398.1405599,0.0050079822540283203,0.02,0.1511807511163632,0.42757704872309338,0.0037397355830776392,YES,YES,YES,True,0,0,point-time interpolation uses lower sample; future sample only brackets coverage; violating source timestamp rejects point,deskew call has no NDT input; cloud is published before NDT consumes it; NDT correction can affect only later deskew,NO; structural/code-path evidence is recorded separately
57,1660857398.139667,1660857398.2405064,1660857398.139667,PUBLISHED,covered_and_deskewed,28516,28516,1660857396.2406721,1660857398.2405601,0.0050082206726074219,0.02,0.1267497323895232,0.40883372651833422,0.0037953504597834178,YES,YES,YES,True,0,0,point-time interpolation uses lower sample; future sample only brackets coverage; violating source timestamp rejects point,deskew call has no NDT input; cloud is published before NDT consumes it; NDT correction can affect only later deskew,NO; structural/code-path evidence is recorded separately
58,1660857398.2405269,1660857398.3413663,1660857398.2405269,PUBLISHED,covered_and_deskewed,28507,28507,1660857396.34568,1660857398.3455679,0.0050079822540283203,0.02,0.093979936020398475,0.42461679768470673,0.0041203170961587486,YES,YES,YES,True,0,0,point-time interpolation uses lower sample; future sample only brackets coverage; violating source timestamp rejects point,deskew call has no NDT input; cloud is published before NDT consumes it; NDT correction can affect only later deskew,NO; structural/code-path evidence is recorded separately
59,1660857398.341387,1660857398.4422264,1660857398.341387,PUBLISHED,covered_and_deskewed,28536,28536,1660857396.4456799,1660857398.4455681,0.0050082206726074219,0.02,0.049438885641522504,0.41575247127135423,0.0041525868577089609,YES,YES,YES,True,0,0,point-time interpolation uses lower sample; future sample only brackets coverage; violating source timestamp rejects point,deskew call has no NDT input; cloud is published before NDT consumes it; NDT correction can affect only later deskew,NO; structural/code-path evidence is recorded separately
60,1660857398.4422469,1660857398.5430863,1660857398.4422469,PUBLISHED,covered_and_deskewed,28528,28528,1660857396.54568,1660857398.545568,0.0050079822540283203,0.02,0.054051072991212749,0.4205033283110885,0.0040164625036060763,YES,YES,YES,True,0,0,point-time interpolation uses lower sample; future sample only brackets coverage; violating source timestamp rejects point,deskew call has no NDT input; cloud is published before NDT consumes it; NDT correction can affect only later deskew,NO; structural/code-path evidence is recorded separately
61,1660857398.543107,1660857398.6439464,1660857398.543107,PUBLISHED,covered_and_deskewed,28489,28489,1660857396.64568,1660857398.6455679,0.0050079822540283203,0.02,0.059770917276011401,0.41541608872993496,0.0036684996198328326,YES,YES,YES,True,0,0,point-time interpolation uses lower sample; future sample only brackets coverage; violating source timestamp rejects point,deskew call has no NDT input; cloud is published before NDT consumes it; NDT correction can affect only later deskew,NO; structural/code-path evidence is recorded separately
62,1660857398.6439669,1660857398.7448053,1660857398.6439669,PUBLISHED,covered_and_deskewed,28514,28514,1660857396.7456801,1660857398.745568,0.0050082206726074219,0.02,0.050090068847093452,0.41208865561111796,0.0037854261416005773,YES,YES,YES,True,0,0,point-time interpolation uses lower sample; future sample only brackets coverage; violating source timestamp rejects point,deskew call has no NDT input; cloud is published before NDT consumes it; NDT correction can affect only later deskew,NO; structural/code-path evidence is recorded separately
63,1660857398.744827,1660857398.8456652,1660857398.744827,PUBLISHED,covered_and_deskewed,28490,28490,1660857396.850672,1660857398.8505599,0.0050079822540283203,0.02,0.10385090784713227,0.4356444468453099,0.0038135029826488159,YES,YES,YES,True,0,0,point-time interpolation uses lower sample; future sample only brackets coverage; violating source timestamp rejects point,deskew call has no NDT input; cloud is published before NDT consumes it; NDT correction can affect only later deskew,NO; structural/code-path evidence is recorded separately
64,1660857398.8456869,1660857398.9465253,1660857398.8456869,PUBLISHED,covered_and_deskewed,28511,28511,1660857396.9506719,1660857398.9505601,0.0050082206726074219,0.02,0.15243767316927703,0.44246976862838827,0.0040451175745084972,YES,YES,YES,True,0,0,point-time interpolation uses lower sample; future sample only brackets coverage; violating source timestamp rejects point,deskew call has no NDT input; cloud is published before NDT consumes it; NDT correction can affect only later deskew,NO; structural/code-path evidence is recorded separately
65,1660857398.946547,1660857399.0473292,1660857398.946547,PUBLISHED,covered_and_deskewed,28498,28498,1660857397.0506079,1660857399.0505121,0.0050082206726074219,0.02,0.20934222217637019,0.45616472964189064,0.0040902756915626457,YES,YES,YES,True,0,0,point-time interpolation uses lower sample; future sample only brackets coverage; violating source timestamp rejects point,deskew call has no NDT input; cloud is published before NDT consumes it; NDT correction can affect only later deskew,NO; structural/code-path evidence is recorded separately
66,1660857399.0473499,1660857399.1481893,1660857399.0473499,PUBLISHED,covered_and_deskewed,28524,28524,1660857397.1506081,1660857399.150512,0.0050079822540283203,0.02,0.22755915834255244,0.47632630987863039,0.0034327784446218724,YES,YES,YES,True,0,0,point-time interpolation uses lower sample; future sample only brackets coverage; violating source timestamp rejects point,deskew call has no NDT input; cloud is published before NDT consumes it; NDT correction can affect only later deskew,NO; structural/code-path evidence is recorded separately
67,1660857399.14821,1660857399.2490492,1660857399.14821,PUBLISHED,covered_and_deskewed,28525,28525,1660857397.250608,1660857399.2505119,0.0050082206726074219,0.02,0.18863384485629114,0.45514922249820811,0.0039977436798465885,YES,YES,YES,True,0,0,point-time interpolation uses lower sample; future sample only brackets coverage; violating source timestamp rejects point,deskew call has no NDT input; cloud is published before NDT consumes it; NDT correction can affect only later deskew,NO; structural/code-path evidence is recorded separately
68,1660857399.2490699,1660857399.3499093,1660857399.2490699,PUBLISHED,covered_and_deskewed,28498,28498,1660857397.3506081,1660857399.350512,0.0050082206726074219,0.02,0.18387873592157092,0.4409906449675226,0.0038920578473806275,YES,YES,YES,True,0,0,point-time interpolation uses lower sample; future sample only brackets coverage; violating source timestamp rejects point,deskew call has no NDT input; cloud is published before NDT consumes it; NDT correction can affect only later deskew,NO; structural/code-path evidence is recorded separately
69,1660857399.34993,1660857399.4507692,1660857399.34993,PUBLISHED,covered_and_deskewed,28542,28542,1660857397.455616,1660857399.4555199,0.0050079822540283203,0.02,0.1721972873231713,0.44245448831304285,0.0038791616578855025,YES,YES,YES,True,0,0,point-time interpolation uses lower sample; future sample only brackets coverage; violating source timestamp rejects point,deskew call has no NDT input; cloud is published before NDT consumes it; NDT correction can affect only later deskew,NO; structural/code-path evidence is recorded separately
70,1660857399.4507899,1660857399.5516293,1660857399.4507899,PUBLISHED,covered_and_deskewed,28514,28514,1660857397.5556159,1660857399.5555201,0.0050082206726074219,0.02,0.15087158098029516,0.43643447487393783,0.0033260227467816947,YES,YES,YES,True,0,0,point-time interpolation uses lower sample; future sample only brackets coverage; violating source timestamp rejects point,deskew call has no NDT input; cloud is published before NDT consumes it; NDT correction can affect only later deskew,NO; structural/code-path evidence is recorded separately
71,1660857399.55165,1660857399.6524892,1660857399.55165,PUBLISHED,covered_and_deskewed,28522,28522,1660857397.655616,1660857399.65552,0.0050079822540283203,0.02,0.1071454663762805,0.43465924393581518,0.0042426152602031428,YES,YES,YES,True,0,0,point-time interpolation uses lower sample; future sample only brackets coverage; violating source timestamp rejects point,deskew call has no NDT input; cloud is published before NDT consumes it; NDT correction can affect only later deskew,NO; structural/code-path evidence is recorded separately
72,1660857399.6525099,1660857399.7533493,1660857399.6525099,PUBLISHED,covered_and_deskewed,28501,28501,1660857397.7556159,1660857399.7555201,0.0050082206726074219,0.02,0.10736935925657812,0.42403964605235528,0.0036135099199695272,YES,YES,YES,True,0,0,point-time interpolation uses lower sample; future sample only brackets coverage; violating source timestamp rejects point,deskew call has no NDT input; cloud is published before NDT consumes it; NDT correction can affect only later deskew,NO; structural/code-path evidence is recorded separately
73,1660857399.75337,1660857399.8542092,1660857399.75337,PUBLISHED,covered_and_deskewed,28503,28503,1660857397.8556161,1660857399.85552,0.0050082206726074219,0.02,0.080372536502591352,0.4367264910720986,0.0032966212237517342,YES,YES,YES,True,0,0,point-time interpolation uses lower sample; future sample only brackets coverage; violating source timestamp rejects point,deskew call has no NDT input; cloud is published before NDT consumes it; NDT correction can affect only later deskew,NO; structural/code-path evidence is recorded separately
74,1660857399.8542299,1660857399.9550693,1660857399.8542299,PUBLISHED,covered_and_deskewed,28497,28497,1660857397.955616,1660857399.9555199,0.0050079822540283203,0.02,0.052824085285451086,0.41355399921782571,0.0037133770360546713,YES,YES,YES,True,0,0,point-time interpolation uses lower sample; future sample only brackets coverage; violating source timestamp rejects point,deskew call has no NDT input; cloud is published before NDT consumes it; NDT correction can affect only later deskew,NO; structural/code-path evidence is recorded separately
75,1660857399.95509,1660857400.0558643,1660857399.95509,PUBLISHED,covered_and_deskewed,28480,28480,1660857398.06056,1660857400.060432,0.0050082206726074219,0.02,0.070072578407517253,0.41661791586396257,0.0037510973105598557,YES,YES,YES,True,0,0,point-time interpolation uses lower sample; future sample only brackets coverage; violating source timestamp rejects point,deskew call has no NDT input; cloud is published before NDT consumes it; NDT correction can affect only later deskew,NO; structural/code-path evidence is recorded separately
76,1660857400.0558851,1660857400.1567242,1660857400.0558851,PUBLISHED,covered_and_deskewed,28469,28469,1660857398.1605599,1660857400.1604321,0.0050082206726074219,0.02,0.075661899406413005,0.43338192994504554,0.0038108029222710081,YES,YES,YES,True,0,0,point-time interpolation uses lower sample; future sample only brackets coverage; violating source timestamp rejects point,deskew call has no NDT input; cloud is published before NDT consumes it; NDT correction can affect only later deskew,NO; structural/code-path evidence is recorded separately
77,1660857400.156745,1660857400.2575843,1660857400.156745,PUBLISHED,covered_and_deskewed,28517,28517,1660857398.26056,1660857400.260432,0.0050079822540283203,0.02,0.075107046859492571,0.43406288061480874,0.0038108029222710081,YES,YES,YES,True,0,0,point-time interpolation uses lower sample; future sample only brackets coverage; violating source timestamp rejects point,deskew call has no NDT input; cloud is published before NDT consumes it; NDT correction can affect only later deskew,NO; structural/code-path evidence is recorded separately
78,1660857400.2576051,1660857400.3584442,1660857400.2576051,PUBLISHED,covered_and_deskewed,28518,28518,1660857398.3605599,1660857400.3604319,0.0050079822540283203,0.02,0.070348546170651907,0.4194992078741176,0.0038706085712797971,YES,YES,YES,True,0,0,point-time interpolation uses lower sample; future sample only brackets coverage; violating source timestamp rejects point,deskew call has no NDT input; cloud is published before NDT consumes it; NDT correction can affect only later deskew,NO; structural/code-path evidence is recorded separately
79,1660857400.358465,1660857400.4593043,1660857400.358465,PUBLISHED,covered_and_deskewed,28518,28518,1660857398.4605601,1660857400.4604321,0.0050082206726074219,0.02,0.057899069259686922,0.41830372616044731,0.003591232322001751,YES,YES,YES,True,0,0,point-time interpolation uses lower sample; future sample only brackets coverage; violating source timestamp rejects point,deskew call has no NDT input; cloud is published before NDT consumes it; NDT correction can affect only later deskew,NO; structural/code-path evidence is recorded separately
80,1660857400.4593251,1660857400.5601642,1660857400.4593251,PUBLISHED,covered_and_deskewed,28496,28496,1660857398.56056,1660857400.560432,0.0050079822540283203,0.02,0.13221629545455205,0.41404563187809795,0.0039739096699764349,YES,YES,YES,True,0,0,point-time interpolation uses lower sample; future sample only brackets coverage; violating source timestamp rejects point,deskew call has no NDT input; cloud is published before NDT consumes it; NDT correction can affect only later deskew,NO; structural/code-path evidence is recorded separately
81,1660857400.560185,1660857400.6610234,1660857400.560185,PUBLISHED,covered_and_deskewed,28524,28524,1660857398.6655681,1660857400.6654401,0.0050082206726074219,0.02,0.14743350381564244,0.40512082896518026,0.0041065986159544267,YES,YES,YES,True,0,0,point-time interpolation uses lower sample; future sample only brackets coverage; violating source timestamp rejects point,deskew call has no NDT input; cloud is published before NDT consumes it; NDT correction can affect only later deskew,NO; structural/code-path evidence is recorded separately
82,1660857400.6610451,1660857400.7618833,1660857400.6610451,PUBLISHED,covered_and_deskewed,28527,28527,1660857398.765568,1660857400.76544,0.0050079822540283203,0.02,0.1973687966435442,0.3999580310612218,0.0040001368798570601,YES,YES,YES,True,0,0,point-time interpolation uses lower sample; future sample only brackets coverage; violating source timestamp rejects point,deskew call has no NDT input; cloud is published before NDT consumes it; NDT correction can affect only later deskew,NO; structural/code-path evidence is recorded separately
83,1660857400.761905,1660857400.8627434,1660857400.761905,PUBLISHED,covered_and_deskewed,28487,28487,1660857398.8655679,1660857400.8654399,0.0050079822540283203,0.02,0.24314123789904207,0.40305118763364439,0.0038891124153763589,YES,YES,YES,True,0,0,point-time interpolation uses lower sample; future sample only brackets coverage; violating source timestamp rejects point,deskew call has no NDT input; cloud is published before NDT consumes it; NDT correction can affect only later deskew,NO; structural/code-path evidence is recorded separately
84,1660857400.8627639,1660857400.9636033,1660857400.8627639,PUBLISHED,covered_and_deskewed,28491,28491,1660857398.9655681,1660857400.96544,0.0050082206726074219,0.02,0.23701173557641667,0.40472394256233318,0.0038891124153763589,YES,YES,YES,True,0,0,point-time interpolation uses lower sample; future sample only brackets coverage; violating source timestamp rejects point,deskew call has no NDT input; cloud is published before NDT consumes it; NDT correction can affect only later deskew,NO; structural/code-path evidence is recorded separately
85,1660857400.963624,1660857401.0644174,1660857400.963624,PUBLISHED,covered_and_deskewed,28490,28490,1660857399.06552,1660857401.065408,0.0050079822540283203,0.02,0.21725417076436798,0.42119081776481226,0.0035363757699715774,YES,YES,YES,True,0,0,point-time interpolation uses lower sample; future sample only brackets coverage; violating source timestamp rejects point,deskew call has no NDT input; cloud is published before NDT consumes it; NDT correction can affect only later deskew,NO; structural/code-path evidence is recorded separately
86,1660857401.0644381,1660857401.1652772,1660857401.0644381,PUBLISHED,covered_and_deskewed,28518,28518,1660857399.16552,1660857401.1654079,0.0050079822540283203,0.02,0.18147116721725434,0.42045811352297863,0.0035380069949146374,YES,YES,YES,True,0,0,point-time interpolation uses lower sample; future sample only brackets coverage; violating source timestamp rejects point,deskew call has no NDT input; cloud is published before NDT consumes it; NDT correction can affect only later deskew,NO; structural/code-path evidence is recorded separately
87,1660857401.165298,1660857401.2661374,1660857401.165298,PUBLISHED,covered_and_deskewed,28501,28501,1660857399.2705121,1660857401.2704,0.0050082206726074219,0.02,0.14092800988624324,0.43192540403134866,0.0036776295574424893,YES,YES,YES,True,0,0,point-time interpolation uses lower sample; future sample only brackets coverage; violating source timestamp rejects point,deskew call has no NDT input; cloud is published before NDT consumes it; NDT correction can affect only later deskew,NO; structural/code-path evidence is recorded separately
88,1660857401.2661581,1660857401.3669972,1660857401.2661581,PUBLISHED,covered_and_deskewed,28494,28494,1660857399.370512,1660857401.3704,0.0050079822540283203,0.02,0.085025860258417102,0.43695292626464183,0.003844061616857524,YES,YES,YES,True,0,0,point-time interpolation uses lower sample; future sample only brackets coverage; violating source timestamp rejects point,deskew call has no NDT input; cloud is published before NDT consumes it; NDT correction can affect only later deskew,NO; structural/code-path evidence is recorded separately
89,1660857401.367018,1660857401.4678574,1660857401.367018,PUBLISHED,covered_and_deskewed,28495,28495,1660857399.4705119,1660857401.4704001,0.0050082206726074219,0.02,0.059960844758263257,0.41989427406908852,0.0036963124055256107,YES,YES,YES,True,0,0,point-time interpolation uses lower sample; future sample only brackets coverage; violating source timestamp rejects point,deskew call has no NDT input; cloud is published before NDT consumes it; NDT correction can affect only later deskew,NO; structural/code-path evidence is recorded separately
90,1660857401.4678781,1660857401.5687172,1660857401.4678781,PUBLISHED,covered_and_deskewed,28511,28511,1660857399.5705121,1660857401.5704,0.0050079822540283203,0.02,0.046448905109188539,0.41518115986266485,0.0038911540561116405,YES,YES,YES,True,0,0,point-time interpolation uses lower sample; future sample only brackets coverage; violating source timestamp rejects point,deskew call has no NDT input; cloud is published before NDT consumes it; NDT correction can affect only later deskew,NO; structural/code-path evidence is recorded separately
91,1660857401.568738,1660857401.6695774,1660857401.568738,PUBLISHED,covered_and_deskewed,28496,28496,1660857399.670512,1660857401.6703999,0.0050079822540283203,0.02,0.075345211925037875,0.41877987810418388,0.0037589250956325078,YES,YES,YES,True,0,0,point-time interpolation uses lower sample; future sample only brackets coverage; violating source timestamp rejects point,deskew call has no NDT input; cloud is published before NDT consumes it; NDT correction can affect only later deskew,NO; structural/code-path evidence is recorded separately
92,1660857401.6695981,1660857401.7704372,1660857401.6695981,PUBLISHED,covered_and_deskewed,28519,28519,1660857399.7755201,1660857401.775408,0.0050082206726074219,0.02,0.043195263568005009,0.42934264220334367,0.0038825712132456317,YES,YES,YES,True,0,0,point-time interpolation uses lower sample; future sample only brackets coverage; violating source timestamp rejects point,deskew call has no NDT input; cloud is published before NDT consumes it; NDT correction can affect only later deskew,NO; structural/code-path evidence is recorded separately
93,1660857401.770458,1660857401.8712974,1660857401.770458,PUBLISHED,covered_and_deskewed,28491,28491,1660857399.87552,1660857401.8754079,0.0050079822540283203,0.02,0.062992476166323613,0.43148232766093142,0.0038695621758940368,YES,YES,YES,True,0,0,point-time interpolation uses lower sample; future sample only brackets coverage; violating source timestamp rejects point,deskew call has no NDT input; cloud is published before NDT consumes it; NDT correction can affect only later deskew,NO; structural/code-path evidence is recorded separately
94,1660857401.8713181,1660857401.9721572,1660857401.8713181,PUBLISHED,covered_and_deskewed,28459,28459,1660857399.9755199,1660857401.9754081,0.0050082206726074219,0.02,0.11083672079404625,0.45513964105778704,0.0039645863754952416,YES,YES,YES,True,0,0,point-time interpolation uses lower sample; future sample only brackets coverage; violating source timestamp rejects point,deskew call has no NDT input; cloud is published before NDT consumes it; NDT correction can affect only later deskew,NO; structural/code-path evidence is recorded separately
95,1660857401.972178,1660857402.0729623,1660857401.972178,PUBLISHED,covered_and_deskewed,28457,28457,1660857400.0754399,1660857402.0753441,0.0050082206726074219,0.02,0.15745026089981565,0.43924877841184073,0.0043097563530543831,YES,YES,YES,True,0,0,point-time interpolation uses lower sample; future sample only brackets coverage; violating source timestamp rejects point,deskew call has no NDT input; cloud is published before NDT consumes it; NDT correction can affect only later deskew,NO; structural/code-path evidence is recorded separately
96,1660857402.072983,1660857402.1738224,1660857402.072983,PUBLISHED,covered_and_deskewed,28477,28477,1660857400.1754401,1660857402.175344,0.0050079822540283203,0.02,0.17597171405348866,0.4177402985489384,0.0035790504589263477,YES,YES,YES,True,0,0,point-time interpolation uses lower sample; future sample only brackets coverage; violating source timestamp rejects point,deskew call has no NDT input; cloud is published before NDT consumes it; NDT correction can affect only later deskew,NO; structural/code-path evidence is recorded separately
97,1660857402.1738429,1660857402.2746823,1660857402.1738429,PUBLISHED,covered_and_deskewed,28505,28505,1660857400.27544,1660857402.2753439,0.0050079822540283203,0.02,0.22516468951279847,0.43812172707608388,0.0034986551669889234,YES,YES,YES,True,0,0,point-time interpolation uses lower sample; future sample only brackets coverage; violating source timestamp rejects point,deskew call has no NDT input; cloud is published before NDT consumes it; NDT correction can affect only later deskew,NO; structural/code-path evidence is recorded separately
98,1660857402.274703,1660857402.3755424,1660857402.274703,PUBLISHED,covered_and_deskewed,28503,28503,1660857400.3804319,1660857402.380336,0.0050082206726074219,0.02,0.19112717934480758,0.43998508170379008,0.0036885902517146906,YES,YES,YES,True,0,0,point-time interpolation uses lower sample; future sample only brackets coverage; violating source timestamp rejects point,deskew call has no NDT input; cloud is published before NDT consumes it; NDT correction can affect only later deskew,NO; structural/code-path evidence is recorded separately
99,1660857402.3755629,1660857402.4764023,1660857402.3755629,PUBLISHED,covered_and_deskewed,28505,28505,1660857400.480432,1660857402.480336,0.0050079822540283203,0.02,0.16841853869748488,0.43569783166179182,0.003525141784276336,YES,YES,YES,True,0,0,point-time interpolation uses lower sample; future sample only brackets coverage; violating source timestamp rejects point,deskew call has no NDT input; cloud is published before NDT consumes it; NDT correction can affect only later deskew,NO; structural/code-path evidence is recorded separately
100,1660857402.476423,1660857402.5772624,1660857402.476423,PUBLISHED,covered_and_deskewed,28510,28510,1660857400.5804319,1660857402.5803361,0.0050082206726074219,0.02,0.1083842710337098,0.44363915797661863,0.0038669491917000687,YES,YES,YES,True,0,0,point-time interpolation uses lower sample; future sample only brackets coverage; violating source timestamp rejects point,deskew call has no NDT input; cloud is published before NDT consumes it; NDT correction can affect only later deskew,NO; structural/code-path evidence is recorded separately
101,1660857402.5772829,1660857402.6781192,1660857402.5772829,PUBLISHED,covered_and_deskewed,28505,28505,1660857400.6804321,1660857402.680336,0.0050079822540283203,0.02,0.070395157126225544,0.44508956485781614,0.0033186849206242614,YES,YES,YES,True,0,0,point-time interpolation uses lower sample; future sample only brackets coverage; violating source timestamp rejects point,deskew call has no NDT input; cloud is published before NDT consumes it; NDT correction can affect only later deskew,NO; structural/code-path evidence is recorded separately
102,1660857402.678143,1660857402.7789812,1660857402.678143,PUBLISHED,covered_and_deskewed,28507,28507,1660857400.780432,1660857402.7803359,0.0050079822540283203,0.02,0.080422830142169291,0.44372161134560106,0.003806073100718353,YES,YES,YES,True,0,0,point-time interpolation uses lower sample; future sample only brackets coverage; violating source timestamp rejects point,deskew call has no NDT input; cloud is published before NDT consumes it; NDT correction can affect only later deskew,NO; structural/code-path evidence is recorded separately
103,1660857402.7790029,1660857402.8798413,1660857402.7790029,PUBLISHED,covered_and_deskewed,28512,28512,1660857400.8804319,1660857402.880336,0.0050082206726074219,0.02,0.050408200773073293,0.44294445353282041,0.0033723632910243541,YES,YES,YES,True,0,0,point-time interpolation uses lower sample; future sample only brackets coverage; violating source timestamp rejects point,deskew call has no NDT input; cloud is published before NDT consumes it; NDT correction can affect only later deskew,NO; structural/code-path evidence is recorded separately
104,1660857402.879863,1660857402.9807012,1660857402.879863,PUBLISHED,covered_and_deskewed,28504,28504,1660857400.98544,1660857402.9853439,0.0050079822540283203,0.02,0.069755426644167451,0.45417961906820314,0.0034530235382344066,YES,YES,YES,True,0,0,point-time interpolation uses lower sample; future sample only brackets coverage; violating source timestamp rejects point,deskew call has no NDT input; cloud is published before NDT consumes it; NDT correction can affect only later deskew,NO; structural/code-path evidence is recorded separately
105,1660857402.980722,1660857403.0815053,1660857402.980722,PUBLISHED,covered_and_deskewed,28501,28501,1660857401.085408,1660857403.0852959,0.0050079822540283203,0.02,0.054322084934581967,0.43504123325117516,0.003760416562314049,YES,YES,YES,True,0,0,point-time interpolation uses lower sample; future sample only brackets coverage; violating source timestamp rejects point,deskew call has no NDT input; cloud is published before NDT consumes it; NDT correction can affect only later deskew,NO; structural/code-path evidence is recorded separately
106,1660857403.081526,1660857403.1823652,1660857403.081526,PUBLISHED,covered_and_deskewed,28511,28511,1660857401.1854081,1660857403.1852961,0.0050082206726074219,0.02,0.051253965136702107,0.4409475830480879,0.0037327253946758295,YES,YES,YES,True,0,0,point-time interpolation uses lower sample; future sample only brackets coverage; violating source timestamp rejects point,deskew call has no NDT input; cloud is published before NDT consumes it; NDT correction can affect only later deskew,NO; structural/code-path evidence is recorded separately
107,1660857403.1823859,1660857403.2832253,1660857403.1823859,PUBLISHED,covered_and_deskewed,28497,28497,1660857401.285408,1660857403.285296,0.0050079822540283203,0.02,0.06945159304878884,0.44313322278616524,0.0035720244378018512,YES,YES,YES,True,0,0,point-time interpolation uses lower sample; future sample only brackets coverage; violating source timestamp rejects point,deskew call has no NDT input; cloud is published before NDT consumes it; NDT correction can affect only later deskew,NO; structural/code-path evidence is recorded separately
108,1660857403.283246,1660857403.3840852,1660857403.283246,PUBLISHED,covered_and_deskewed,28487,28487,1660857401.3854079,1660857403.3852961,0.0050082206726074219,0.02,0.095899246655741149,0.42984768536455192,0.0033369426246699419,YES,YES,YES,True,0,0,point-time interpolation uses lower sample; future sample only brackets coverage; violating source timestamp rejects point,deskew call has no NDT input; cloud is published before NDT consumes it; NDT correction can affect only later deskew,NO; structural/code-path evidence is recorded separately
109,1660857403.3841059,1660857403.4849453,1660857403.3841059,PUBLISHED,covered_and_deskewed,28500,28500,1660857401.4854081,1660857403.485296,0.0050082206726074219,0.02,0.13227126626819846,0.44896258356180596,0.0039490249590673938,YES,YES,YES,True,0,0,point-time interpolation uses lower sample; future sample only brackets coverage; violating source timestamp rejects point,deskew call has no NDT input; cloud is published before NDT consumes it; NDT correction can affect only later deskew,NO; structural/code-path evidence is recorded separately
110,1660857403.484966,1660857403.5858052,1660857403.484966,PUBLISHED,covered_and_deskewed,28516,28516,1660857401.5904,1660857403.5902879,0.0050079822540283203,0.02,0.17278337185649337,0.44696019373377338,0.0039520830118882746,YES,YES,YES,True,0,0,point-time interpolation uses lower sample; future sample only brackets coverage; violating source timestamp rejects point,deskew call has no NDT input; cloud is published before NDT consumes it; NDT correction can affect only later deskew,NO; structural/code-path evidence is recorded separately
111,1660857403.5858259,1660857403.6866653,1660857403.5858259,PUBLISHED,covered_and_deskewed,28519,28519,1660857401.6903999,1660857403.6902881,0.0050082206726074219,0.02,0.21125181078602073,0.45553307576017704,0.0034972747438178874,YES,YES,YES,True,0,0,point-time interpolation uses lower sample; future sample only brackets coverage; violating source timestamp rejects point,deskew call has no NDT input; cloud is published before NDT consumes it; NDT correction can affect only later deskew,NO; structural/code-path evidence is recorded separately
112,1660857403.686686,1660857403.7875252,1660857403.686686,PUBLISHED,covered_and_deskewed,28487,28487,1660857401.7904,1660857403.790288,0.0050079822540283203,0.02,0.19854647961700544,0.42022400390732717,0.0035496104342816292,YES,YES,YES,True,0,0,point-time interpolation uses lower sample; future sample only brackets coverage; violating source timestamp rejects point,deskew call has no NDT input; cloud is published before NDT consumes it; NDT correction can affect only later deskew,NO; structural/code-path evidence is recorded separately
113,1660857403.7875459,1660857403.8883853,1660857403.7875459,PUBLISHED,covered_and_deskewed,28516,28516,1660857401.8903999,1660857403.8902881,0.0050082206726074219,0.02,0.1596536526961847,0.41302497894606466,0.0037924266371603156,YES,YES,YES,True,0,0,point-time interpolation uses lower sample; future sample only brackets coverage; violating source timestamp rejects point,deskew call has no NDT input; cloud is published before NDT consumes it; NDT correction can affect only later deskew,NO; structural/code-path evidence is recorded separately
114,1660857403.888406,1660857403.9892452,1660857403.888406,PUBLISHED,covered_and_deskewed,28499,28499,1660857401.9904001,1660857403.990288,0.0050079822540283203,0.02,0.11756416802510807,0.4104272112319427,0.0040932809658558496,YES,YES,YES,True,0,0,point-time interpolation uses lower sample; future sample only brackets coverage; violating source timestamp rejects point,deskew call has no NDT input; cloud is published before NDT consumes it; NDT correction can affect only later deskew,NO; structural/code-path evidence is recorded separately
115,1660857403.9892659,1660857404.0900502,1660857403.9892659,PUBLISHED,covered_and_deskewed,28517,28517,1660857402.0903361,1660857404.090224,0.0050079822540283203,0.02,0.06607986668444564,0.42724341103493801,0.0038584941087011606,YES,YES,YES,True,0,0,point-time interpolation uses lower sample; future sample only brackets coverage; violating source timestamp rejects point,deskew call has no NDT input; cloud is published before NDT consumes it; NDT correction can affect only later deskew,NO; structural/code-path evidence is recorded separately
116,1660857404.090071,1660857404.1909103,1660857404.090071,PUBLISHED,covered_and_deskewed,28507,28507,1660857402.195344,1660857404.1952319,0.0050079822540283203,0.02,0.086576926237796573,0.42515775732858291,0.0038485609848582345,YES,YES,YES,True,0,0,point-time interpolation uses lower sample; future sample only brackets coverage; violating source timestamp rejects point,deskew call has no NDT input; cloud is published before NDT consumes it; NDT correction can affect only later deskew,NO; structural/code-path evidence is recorded separately
117,1660857404.1909311,1660857404.2917702,1660857404.1909311,PUBLISHED,covered_and_deskewed,28524,28524,1660857402.2953441,1660857404.2952321,0.0050082206726074219,0.02,0.099921968491551993,0.43912488706860592,0.0038651371525174815,YES,YES,YES,True,0,0,point-time interpolation uses lower sample; future sample only brackets coverage; violating source timestamp rejects point,deskew call has no NDT input; cloud is published before NDT consumes it; NDT correction can affect only later deskew,NO; structural/code-path evidence is recorded separately
118,1660857404.291791,1660857404.3926303,1660857404.291791,PUBLISHED,covered_and_deskewed,28523,28523,1660857402.395344,1660857404.395232,0.0050079822540283203,0.02,0.12102317388285522,0.44029510243414771,0.0041005683984294741,YES,YES,YES,True,0,0,point-time interpolation uses lower sample; future sample only brackets coverage; violating source timestamp rejects point,deskew call has no NDT input; cloud is published before NDT consumes it; NDT correction can affect only later deskew,NO; structural/code-path evidence is recorded separately
119,1660857404.3926511,1660857404.4934902,1660857404.3926511,PUBLISHED,covered_and_deskewed,28481,28481,1660857402.4953439,1660857404.4952321,0.0050082206726074219,0.02,0.13491468542322391,0.41821690806221112,0.0038352612117237405,YES,YES,YES,True,0,0,point-time interpolation uses lower sample; future sample only brackets coverage; violating source timestamp rejects point,deskew call has no NDT input; cloud is published before NDT consumes it; NDT correction can affect only later deskew,NO; structural/code-path evidence is recorded separately
120,1660857404.493511,1660857404.5943503,1660857404.493511,PUBLISHED,covered_and_deskewed,28514,28514,1660857402.5953441,1660857404.595232,0.0050082206726074219,0.02,0.13347244460242449,0.42964512016489698,0.0037376938562712464,YES,YES,YES,True,0,0,point-time interpolation uses lower sample; future sample only brackets coverage; violating source timestamp rejects point,deskew call has no NDT input; cloud is published before NDT consumes it; NDT correction can affect only later deskew,NO; structural/code-path evidence is recorded separately
121,1660857404.5943711,1660857404.6952102,1660857404.5943711,PUBLISHED,covered_and_deskewed,28510,28510,1660857402.695344,1660857404.6952319,0.0050079822540283203,0.02,0.14159257948472648,0.41482489115277055,0.0032970109006181421,YES,YES,YES,True,0,0,point-time interpolation uses lower sample; future sample only brackets coverage; violating source timestamp rejects point,deskew call has no NDT input; cloud is published before NDT consumes it; NDT correction can affect only later deskew,NO; structural/code-path evidence is recorded separately
122,1660857404.695231,1660857404.7960694,1660857404.695231,PUBLISHED,covered_and_deskewed,28518,28518,1660857402.8003359,1660857404.8002241,0.0050082206726074219,0.02,0.14349073367103005,0.42716148523607739,0.0038143560706388026,YES,YES,YES,True,0,0,point-time interpolation uses lower sample; future sample only brackets coverage; violating source timestamp rejects point,deskew call has no NDT input; cloud is published before NDT consumes it; NDT correction can affect only later deskew,NO; structural/code-path evidence is recorded separately
123,1660857404.7960911,1660857404.8969293,1660857404.7960911,PUBLISHED,covered_and_deskewed,28513,28513,1660857402.900336,1660857404.900224,0.0050079822540283203,0.02,0.15728277777065255,0.40879194179847622,0.0036940569008480223,YES,YES,YES,True,0,0,point-time interpolation uses lower sample; future sample only brackets coverage; violating source timestamp rejects point,deskew call has no NDT input; cloud is published before NDT consumes it; NDT correction can affect only later deskew,NO; structural/code-path evidence is recorded separately
124,1660857404.89695,1660857404.9977894,1660857404.89695,PUBLISHED,covered_and_deskewed,28511,28511,1660857403.000288,1660857405.000176,0.0050082206726074219,0.02,0.12598350931096217,0.42731157132853376,0.0037864987161619922,YES,YES,YES,True,0,0,point-time interpolation uses lower sample; future sample only brackets coverage; violating source timestamp rejects point,deskew call has no NDT input; cloud is published before NDT consumes it; NDT correction can affect only later deskew,NO; structural/code-path evidence is recorded separately
125,1660857404.9978099,1660857405.0985932,1660857404.9978099,PUBLISHED,covered_and_deskewed,28540,28540,1660857403.1002879,1660857405.1001761,0.0050082206726074219,0.02,0.11889367144120523,0.4216096598967024,0.0039067611764496673,YES,YES,YES,True,0,0,point-time interpolation uses lower sample; future sample only brackets coverage; violating source timestamp rejects point,deskew call has no NDT input; cloud is published before NDT consumes it; NDT correction can affect only later deskew,NO; structural/code-path evidence is recorded separately
126,1660857405.098614,1660857405.1994534,1660857405.098614,PUBLISHED,covered_and_deskewed,28492,28492,1660857403.2002881,1660857405.200176,0.0050079822540283203,0.02,0.064457832376745738,0.41838027467117156,0.0036088535858447095,YES,YES,YES,True,0,0,point-time interpolation uses lower sample; future sample only brackets coverage; violating source timestamp rejects point,deskew call has no NDT input; cloud is published before NDT consumes it; NDT correction can affect only later deskew,NO; structural/code-path evidence is recorded separately
127,1660857405.1994741,1660857405.3003132,1660857405.1994741,PUBLISHED,covered_and_deskewed,28514,28514,1660857403.3052959,1660857405.3051839,0.0050079822540283203,0.02,0.056692490980011272,0.43730557484098381,0.0037490170161746527,YES,YES,YES,True,0,0,point-time interpolation uses lower sample; future sample only brackets coverage; violating source timestamp rejects point,deskew call has no NDT input; cloud is published before NDT consumes it; NDT correction can affect only later deskew,NO; structural/code-path evidence is recorded separately
128,1660857405.300334,1660857405.4011734,1660857405.300334,PUBLISHED,covered_and_deskewed,28525,28525,1660857403.4052961,1660857405.405184,0.0050082206726074219,0.02,0.063156565466939985,0.44226180514925156,0.0038270910896487324,YES,YES,YES,True,0,0,point-time interpolation uses lower sample; future sample only brackets coverage; violating source timestamp rejects point,deskew call has no NDT input; cloud is published before NDT consumes it; NDT correction can affect only later deskew,NO; structural/code-path evidence is recorded separately
129,1660857405.4011941,1660857405.5020332,1660857405.4011941,PUBLISHED,covered_and_deskewed,28519,28519,1660857403.505296,1660857405.5051839,0.0050079822540283203,0.02,0.055942830405970617,0.44079356227919225,0.003852318750013049,YES,YES,YES,True,0,0,point-time interpolation uses lower sample; future sample only brackets coverage; violating source timestamp rejects point,deskew call has no NDT input; cloud is published before NDT consumes it; NDT correction can affect only later deskew,NO; structural/code-path evidence is recorded separately
130,1660857405.502054,1660857405.6028934,1660857405.502054,PUBLISHED,covered_and_deskewed,28511,28511,1660857403.6052959,1660857405.6051841,0.0050082206726074219,0.02,0.05168324917984269,0.44980599052000653,0.0035236215894737977,YES,YES,YES,True,0,0,point-time interpolation uses lower sample; future sample only brackets coverage; violating source timestamp rejects point,deskew call has no NDT input; cloud is published before NDT consumes it; NDT correction can affect only later deskew,NO; structural/code-path evidence is recorded separately
131,1660857405.6029141,1660857405.7037532,1660857405.6029141,PUBLISHED,covered_and_deskewed,28509,28509,1660857403.705296,1660857405.705184,0.0050079822540283203,0.02,0.10924542773779386,0.4525493103984235,0.0038127470328983507,YES,YES,YES,True,0,0,point-time interpolation uses lower sample; future sample only brackets coverage; violating source timestamp rejects point,deskew call has no NDT input; cloud is published before NDT consumes it; NDT correction can affect only later deskew,NO; structural/code-path evidence is recorded separately
132,1660857405.703774,1660857405.8046134,1660857405.703774,PUBLISHED,covered_and_deskewed,28511,28511,1660857403.8052959,1660857405.8051839,0.0050079822540283203,0.02,0.15640907065870233,0.42639902211992553,0.0038906281522975198,YES,YES,YES,True,0,0,point-time interpolation uses lower sample; future sample only brackets coverage; violating source timestamp rejects point,deskew call has no NDT input; cloud is published before NDT consumes it; NDT correction can affect only later deskew,NO; structural/code-path evidence is recorded separately
133,1660857405.8046341,1660857405.9054732,1660857405.8046341,PUBLISHED,covered_and_deskewed,28472,28472,1660857403.9102881,1660857405.910176,0.0050082206726074219,0.02,0.20331001691122327,0.43811544330457775,0.0038581760400341267,YES,YES,YES,True,0,0,point-time interpolation uses lower sample; future sample only brackets coverage; violating source timestamp rejects point,deskew call has no NDT input; cloud is published before NDT consumes it; NDT correction can affect only later deskew,NO; structural/code-path evidence is recorded separately
134,1660857405.905494,1660857406.0062783,1660857405.905494,PUBLISHED,covered_and_deskewed,28532,28532,1660857404.0102241,1660857406.010112,0.0050079822540283203,0.02,0.20210156597969264,0.42152454814335988,0.0038257348665389351,YES,YES,YES,True,0,0,point-time interpolation uses lower sample; future sample only brackets coverage; violating source timestamp rejects point,deskew call has no NDT input; cloud is published before NDT consumes it; NDT correction can affect only later deskew,NO; structural/code-path evidence is recorded separately
135,1660857406.006299,1660857406.1071384,1660857406.006299,PUBLISHED,covered_and_deskewed,28526,28526,1660857404.110224,1660857406.110112,0.0050079822540283203,0.02,0.20659830258645481,0.41856349986608937,0.0039102640064882536,YES,YES,YES,True,0,0,point-time interpolation uses lower sample; future sample only brackets coverage; violating source timestamp rejects point,deskew call has no NDT input; cloud is published before NDT consumes it; NDT correction can affect only later deskew,NO; structural/code-path evidence is recorded separately
136,1660857406.1071589,1660857406.2079983,1660857406.1071589,PUBLISHED,covered_and_deskewed,28492,28492,1660857404.2102239,1660857406.2101121,0.0050082206726074219,0.02,0.19979772817806207,0.43495278393264919,0.0039541784295275065,YES,YES,YES,True,0,0,point-time interpolation uses lower sample; future sample only brackets coverage; violating source timestamp rejects point,deskew call has no NDT input; cloud is published before NDT consumes it; NDT correction can affect only later deskew,NO; structural/code-path evidence is recorded separately
137,1660857406.208019,1660857406.3088584,1660857406.208019,PUBLISHED,covered_and_deskewed,28522,28522,1660857404.3102241,1660857406.310112,0.0050079822540283203,0.02,0.15249554205659133,0.43623135601830709,0.0040964151213150864,YES,YES,YES,True,0,0,point-time interpolation uses lower sample; future sample only brackets coverage; violating source timestamp rejects point,deskew call has no NDT input; cloud is published before NDT consumes it; NDT correction can affect only later deskew,NO; structural/code-path evidence is recorded separately
138,1660857406.3088789,1660857406.4097183,1660857406.3088789,PUBLISHED,covered_and_deskewed,28489,28489,1660857404.410224,1660857406.4101119,0.0050079822540283203,0.02,0.14687652251174979,0.41996257529471726,0.0036309565277822553,YES,YES,YES,True,0,0,point-time interpolation uses lower sample; future sample only brackets coverage; violating source timestamp rejects point,deskew call has no NDT input; cloud is published before NDT consumes it; NDT correction can affect only later deskew,NO; structural/code-path evidence is recorded separately
139,1660857406.409739,1660857406.5105784,1660857406.409739,PUBLISHED,covered_and_deskewed,28491,28491,1660857404.5152321,1660857406.51512,0.0050082206726074219,0.02,0.11105052695710986,0.41262765349931052,0.0039381653273614457,YES,YES,YES,True,0,0,point-time interpolation uses lower sample; future sample only brackets coverage; violating source timestamp rejects point,deskew call has no NDT input; cloud is published before NDT consumes it; NDT correction can affect only later deskew,NO; structural/code-path evidence is recorded separately
140,1660857406.5105989,1660857406.6114383,1660857406.5105989,PUBLISHED,covered_and_deskewed,28518,28518,1660857404.615232,1660857406.6151199,0.0050079822540283203,0.02,0.09012910149050038,0.39671044588730731,0.0040062707642707137,YES,YES,YES,True,0,0,point-time interpolation uses lower sample; future sample only brackets coverage; violating source timestamp rejects point,deskew call has no NDT input; cloud is published before NDT consumes it; NDT correction can affect only later deskew,NO; structural/code-path evidence is recorded separately
141,1660857406.611459,1660857406.7122972,1660857406.611459,PUBLISHED,covered_and_deskewed,28521,28521,1660857404.7152319,1660857406.7151201,0.0050082206726074219,0.02,0.071907022966421541,0.41892635257108324,0.0033577947195634482,YES,YES,YES,True,0,0,point-time interpolation uses lower sample; future sample only brackets coverage; violating source timestamp rejects point,deskew call has no NDT input; cloud is published before NDT consumes it; NDT correction can affect only later deskew,NO; structural/code-path evidence is recorded separately
142,1660857406.7123189,1660857406.8131573,1660857406.7123189,PUBLISHED,covered_and_deskewed,28501,28501,1660857404.815232,1660857406.81512,0.0050079822540283203,0.02,0.073553390256005852,0.432467645965389,0.0040257300201866127,YES,YES,YES,True,0,0,point-time interpolation uses lower sample; future sample only brackets coverage; violating source timestamp rejects point,deskew call has no NDT input; cloud is published before NDT consumes it; NDT correction can affect only later deskew,NO; structural/code-path evidence is recorded separately
143,1660857406.813179,1660857406.9140172,1660857406.813179,PUBLISHED,covered_and_deskewed,28497,28497,1660857404.9152319,1660857406.9151199,0.0050079822540283203,0.02,0.04597757858994557,0.4487198178008463,0.0037618844225654701,YES,YES,YES,True,0,0,point-time interpolation uses lower sample; future sample only brackets coverage; violating source timestamp rejects point,deskew call has no NDT input; cloud is published before NDT consumes it; NDT correction can affect only later deskew,NO; structural/code-path evidence is recorded separately
144,1660857406.9140379,1660857407.0148213,1660857406.9140379,PUBLISHED,covered_and_deskewed,28514,28514,1660857405.0151839,1660857407.0150721,0.0050082206726074219,0.02,0.053734546400469728,0.44821202861854242,0.0037354943871304486,YES,YES,YES,True,0,0,point-time interpolation uses lower sample; future sample only brackets coverage; violating source timestamp rejects point,deskew call has no NDT input; cloud is published before NDT consumes it; NDT correction can affect only later deskew,NO; structural/code-path evidence is recorded separately
145,1660857407.014842,1660857407.1156814,1660857407.014842,PUBLISHED,covered_and_deskewed,28521,28521,1660857405.1201761,1660857407.120064,0.0050082206726074219,0.02,0.068217536694932246,0.44294091001473457,0.0040405379924242351,YES,YES,YES,True,0,0,point-time interpolation uses lower sample; future sample only brackets coverage; violating source timestamp rejects point,deskew call has no NDT input; cloud is published before NDT consumes it; NDT correction can affect only later deskew,NO; structural/code-path evidence is recorded separately
146,1660857407.1157019,1660857407.2165413,1660857407.1157019,PUBLISHED,covered_and_deskewed,28520,28520,1660857405.220176,1660857407.2200639,0.0050079822540283203,0.02,0.065922654715487972,0.45885445486921594,0.0037513553649994986,YES,YES,YES,True,0,0,point-time interpolation uses lower sample; future sample only brackets coverage; violating source timestamp rejects point,deskew call has no NDT input; cloud is published before NDT consumes it; NDT correction can affect only later deskew,NO; structural/code-path evidence is recorded separately
147,1660857407.216562,1660857407.3174014,1660857407.216562,PUBLISHED,covered_and_deskewed,28449,28449,1660857405.3201759,1660857407.3200641,0.0050082206726074219,0.02,0.086828411458628282,0.4443015106764116,0.003875351933497511,YES,YES,YES,True,0,0,point-time interpolation uses lower sample; future sample only brackets coverage; violating source timestamp rejects point,deskew call has no NDT input; cloud is published before NDT consumes it; NDT correction can affect only later deskew,NO; structural/code-path evidence is recorded separately
148,1660857407.3174219,1660857407.4182613,1660857407.3174219,PUBLISHED,covered_and_deskewed,28510,28510,1660857405.420176,1660857407.420064,0.0050079822540283203,0.02,0.10466051004890096,0.44626648707609895,0.0033374380037637626,YES,YES,YES,True,0,0,point-time interpolation uses lower sample; future sample only brackets coverage; violating source timestamp rejects point,deskew call has no NDT input; cloud is published before NDT consumes it; NDT correction can affect only later deskew,NO; structural/code-path evidence is recorded separately
149,1660857407.418282,1660857407.5191214,1660857407.418282,PUBLISHED,covered_and_deskewed,28508,28508,1660857405.5201759,1660857407.5200641,0.0050082206726074219,0.02,0.14315038728324553,0.45006223283032948,0.0039469396067556145,YES,YES,YES,True,0,0,point-time interpolation uses lower sample; future sample only brackets coverage; violating source timestamp rejects point,deskew call has no NDT input; cloud is published before NDT consumes it; NDT correction can affect only later deskew,NO; structural/code-path evidence is recorded separately
150,1660857407.5191419,1660857407.6199813,1660857407.5191419,PUBLISHED,covered_and_deskewed,28508,28508,1660857405.6201761,1660857407.620064,0.0050079822540283203,0.02,0.18607326586032774,0.45925134097774251,0.0035978567275194526,YES,YES,YES,True,0,0,point-time interpolation uses lower sample; future sample only brackets coverage; violating source timestamp rejects point,deskew call has no NDT input; cloud is published before NDT consumes it; NDT correction can affect only later deskew,NO; structural/code-path evidence is recorded separately
151,1660857407.620002,1660857407.7208414,1660857407.620002,PUBLISHED,covered_and_deskewed,28501,28501,1660857405.725184,1660857407.7250719,0.0050079822540283203,0.02,0.20578155128673956,0.45510723341314002,0.0038419298685926301,YES,YES,YES,True,0,0,point-time interpolation uses lower sample; future sample only brackets coverage; violating source timestamp rejects point,deskew call has no NDT input; cloud is published before NDT consumes it; NDT correction can affect only later deskew,NO; structural/code-path evidence is recorded separately
152,1660857407.7208619,1660857407.8217013,1660857407.7208619,PUBLISHED,covered_and_deskewed,28523,28523,1660857405.8251841,1660857407.8250721,0.0050082206726074219,0.02,0.17208702667489464,0.45040637148909873,0.0037577289910497779,YES,YES,YES,True,0,0,point-time interpolation uses lower sample; future sample only brackets coverage; violating source timestamp rejects point,deskew call has no NDT input; cloud is published before NDT consumes it; NDT correction can affect only later deskew,NO; structural/code-path evidence is recorded separately
153,1660857407.821722,1660857407.9225614,1660857407.821722,PUBLISHED,covered_and_deskewed,28513,28513,1660857405.925184,1660857407.925072,0.0050079822540283203,0.02,0.1928187269805447,0.45381964307356426,0.0033772962323180308,YES,YES,YES,True,0,0,point-time interpolation uses lower sample; future sample only brackets coverage; violating source timestamp rejects point,deskew call has no NDT input; cloud is published before NDT consumes it; NDT correction can affect only later deskew,NO; structural/code-path evidence is recorded separately
154,1660857407.9225819,1660857408.0233631,1660857407.9225819,PUBLISHED,covered_and_deskewed,28491,28491,1660857406.02512,1660857408.025008,0.0050079822540283203,0.02,0.16014501391501704,0.42472374922095785,0.0036618787841960843,YES,YES,YES,True,0,0,point-time interpolation uses lower sample; future sample only brackets coverage; violating source timestamp rejects point,deskew call has no NDT input; cloud is published before NDT consumes it; NDT correction can affect only later deskew,NO; structural/code-path evidence is recorded separately
155,1660857408.023386,1660857408.1242254,1660857408.023386,PUBLISHED,covered_and_deskewed,28507,28507,1660857406.1251199,1660857408.1250081,0.0050082206726074219,0.02,0.11705085717301671,0.423893604040746,0.0038301870068416133,YES,YES,YES,True,0,0,point-time interpolation uses lower sample; future sample only brackets coverage; violating source timestamp rejects point,deskew call has no NDT input; cloud is published before NDT consumes it; NDT correction can affect only later deskew,NO; structural/code-path evidence is recorded separately
156,1660857408.1242459,1660857408.2250853,1660857408.1242459,PUBLISHED,covered_and_deskewed,28523,28523,1660857406.2301121,1660857408.23,0.0050082206726074219,0.02,0.072514431339418844,0.42485496954489071,0.0044131792063057639,YES,YES,YES,True,0,0,point-time interpolation uses lower sample; future sample only brackets coverage; violating source timestamp rejects point,deskew call has no NDT input; cloud is published before NDT consumes it; NDT correction can affect only later deskew,NO; structural/code-path evidence is recorded separately
157,1660857408.225106,1660857408.3259454,1660857408.225106,PUBLISHED,covered_and_deskewed,28501,28501,1660857406.330112,1660857408.3299999,0.0050079822540283203,0.02,0.073231930337394321,0.44389404692639783,0.004044678792559952,YES,YES,YES,True,0,0,point-time interpolation uses lower sample; future sample only brackets coverage; violating source timestamp rejects point,deskew call has no NDT input; cloud is published before NDT consumes it; NDT correction can affect only later deskew,NO; structural/code-path evidence is recorded separately
158,1660857408.3259659,1660857408.4267983,1660857408.3259659,PUBLISHED,covered_and_deskewed,28521,28521,1660857406.4301119,1660857408.4300001,0.0050082206726074219,0.02,0.055489392087136588,0.44816585084810207,0.0034196364675678466,YES,YES,YES,True,0,0,point-time interpolation uses lower sample; future sample only brackets coverage; violating source timestamp rejects point,deskew call has no NDT input; cloud is published before NDT consumes it; NDT correction can affect only later deskew,NO; structural/code-path evidence is recorded separately
159,1660857408.426826,1660857408.5276632,1660857408.426826,PUBLISHED,covered_and_deskewed,28461,28461,1660857406.530112,1660857408.53,0.0050079822540283203,0.02,0.057978186917373595,0.45194701788739605,0.0037583786344958211,YES,YES,YES,True,0,0,point-time interpolation uses lower sample; future sample only brackets coverage; violating source timestamp rejects point,deskew call has no NDT input; cloud is published before NDT consumes it; NDT correction can affect only later deskew,NO; structural/code-path evidence is recorded separately
160,1660857408.5276861,1660857408.6285253,1660857408.5276861,PUBLISHED,covered_and_deskewed,28513,28513,1660857406.6301119,1660857408.6300001,0.0050082206726074219,0.02,0.087541054567184085,0.42727212922659064,0.0036038141106122948,YES,YES,YES,True,0,0,point-time interpolation uses lower sample; future sample only brackets coverage; violating source timestamp rejects point,deskew call has no NDT input; cloud is published before NDT consumes it; NDT correction can affect only later deskew,NO; structural/code-path evidence is recorded separately
161,1660857408.628546,1660857408.7293842,1660857408.628546,PUBLISHED,covered_and_deskewed,28470,28470,1660857406.7301121,1660857408.73,0.0050079822540283203,0.02,0.12781114410915045,0.41720132059027598,0.0034580324490773987,YES,YES,YES,True,0,0,point-time interpolation uses lower sample; future sample only brackets coverage; violating source timestamp rejects point,deskew call has no NDT input; cloud is published before NDT consumes it; NDT correction can affect only later deskew,NO; structural/code-path evidence is recorded separately
162,1660857408.7294061,1660857408.8302443,1660857408.7294061,PUBLISHED,covered_and_deskewed,28506,28506,1660857406.83512,1660857408.8350079,0.0050079822540283203,0.02,0.14273625147109131,0.43701303423769045,0.0037974417649437983,YES,YES,YES,True,0,0,point-time interpolation uses lower sample; future sample only brackets coverage; violating source timestamp rejects point,deskew call has no NDT input; cloud is published before NDT consumes it; NDT correction can affect only later deskew,NO; structural/code-path evidence is recorded separately
163,1660857408.830266,1660857408.9311042,1660857408.830266,PUBLISHED,covered_and_deskewed,28506,28506,1660857406.9351201,1660857408.935008,0.0050082206726074219,0.02,0.15903026043860991,0.43300532793685909,0.0037861809817529004,YES,YES,YES,True,0,0,point-time interpolation uses lower sample; future sample only brackets coverage; violating source timestamp rejects point,deskew call has no NDT input; cloud is published before NDT consumes it; NDT correction can affect only later deskew,NO; structural/code-path evidence is recorded separately
164,1660857408.9311249,1660857409.0319092,1660857408.9311249,PUBLISHED,covered_and_deskewed,28483,28483,1660857407.0350721,1660857409.03496,0.0050079822540283203,0.02,0.14657113402894573,0.43060796728280271,0.0034845248745520386,YES,YES,YES,True,0,0,point-time interpolation uses lower sample; future sample only brackets coverage; violating source timestamp rejects point,deskew call has no NDT input; cloud is published before NDT consumes it; NDT correction can affect only later deskew,NO; structural/code-path evidence is recorded separately
165,1660857409.03193,1660857409.1327693,1660857409.03193,PUBLISHED,covered_and_deskewed,28512,28512,1660857407.135072,1660857409.1349599,0.0050079822540283203,0.02,0.098494792675208401,0.43122144705220605,0.0039575289480636182,YES,YES,YES,True,0,0,point-time interpolation uses lower sample; future sample only brackets coverage; violating source timestamp rejects point,deskew call has no NDT input; cloud is published before NDT consumes it; NDT correction can affect only later deskew,NO; structural/code-path evidence is recorded separately
166,1660857409.1327901,1660857409.2336292,1660857409.1327901,PUBLISHED,covered_and_deskewed,28521,28521,1660857407.2350719,1660857409.2349601,0.0050082206726074219,0.02,0.065394279286378199,0.44419674971694395,0.0034978092790856072,YES,YES,YES,True,0,0,point-time interpolation uses lower sample; future sample only brackets coverage; violating source timestamp rejects point,deskew call has no NDT input; cloud is published before NDT consumes it; NDT correction can affect only later deskew,NO; structural/code-path evidence is recorded separately
167,1660857409.23365,1660857409.3344893,1660857409.23365,PUBLISHED,covered_and_deskewed,28514,28514,1660857407.335072,1660857409.33496,0.0050079822540283203,0.02,0.099111106702263155,0.43991789277418719,0.0033618325481860173,YES,YES,YES,True,0,0,point-time interpolation uses lower sample; future sample only brackets coverage; violating source timestamp rejects point,deskew call has no NDT input; cloud is published before NDT consumes it; NDT correction can affect only later deskew,NO; structural/code-path evidence is recorded separately
168,1660857409.3345101,1660857409.4353492,1660857409.3345101,PUBLISHED,covered_and_deskewed,28527,28527,1660857407.440064,1660857409.4399519,0.0050079822540283203,0.02,0.13870269186029177,0.45547220379621051,0.0037114374959035887,YES,YES,YES,True,0,0,point-time interpolation uses lower sample; future sample only brackets coverage; violating source timestamp rejects point,deskew call has no NDT input; cloud is published before NDT consumes it; NDT correction can affect only later deskew,NO; structural/code-path evidence is recorded separately
169,1660857409.43537,1660857409.5362093,1660857409.43537,PUBLISHED,covered_and_deskewed,28475,28475,1660857407.5400641,1660857409.539952,0.0050082206726074219,0.02,0.15978595505386065,0.45520522367375649,0.0039603461587961021,YES,YES,YES,True,0,0,point-time interpolation uses lower sample; future sample only brackets coverage; violating source timestamp rejects point,deskew call has no NDT input; cloud is published before NDT consumes it; NDT correction can affect only later deskew,NO; structural/code-path evidence is recorded separately
170,1660857409.5362301,1660857409.6370692,1660857409.5362301,PUBLISHED,covered_and_deskewed,28503,28503,1660857407.640064,1660857409.6399519,0.0050079822540283203,0.02,0.1657402124209344,0.46475655547732164,0.0034840339039230021,YES,YES,YES,True,0,0,point-time interpolation uses lower sample; future sample only brackets coverage; violating source timestamp rejects point,deskew call has no NDT input; cloud is published before NDT consumes it; NDT correction can affect only later deskew,NO; structural/code-path evidence is recorded separately
171,1660857409.63709,1660857409.7379293,1660857409.63709,PUBLISHED,covered_and_deskewed,28510,28510,1660857407.7400639,1660857409.7399521,0.0050082206726074219,0.02,0.13297125420567851,0.45429783263133183,0.0034440907652938807,YES,YES,YES,True,0,0,point-time interpolation uses lower sample; future sample only brackets coverage; violating source timestamp rejects point,deskew call has no NDT input; cloud is published before NDT consumes it; NDT correction can affect only later deskew,NO; structural/code-path evidence is recorded separately
172,1660857409.7379501,1660857409.8387892,1660857409.7379501,PUBLISHED,covered_and_deskewed,28500,28500,1660857407.840064,1660857409.839952,0.0050079822540283203,0.02,0.085204414006648715,0.44287232170163859,0.0040723003645898852,YES,YES,YES,True,0,0,point-time interpolation uses lower sample; future sample only brackets coverage; violating source timestamp rejects point,deskew call has no NDT input; cloud is published before NDT consumes it; NDT correction can affect only later deskew,NO; structural/code-path evidence is recorded separately
173,1660857409.83881,1660857409.9396493,1660857409.83881,PUBLISHED,covered_and_deskewed,28526,28526,1660857407.940064,1660857409.9399519,0.0050079822540283203,0.02,0.064076090158032686,0.43670086858918566,0.0036015525728575574,YES,YES,YES,True,0,0,point-time interpolation uses lower sample; future sample only brackets coverage; violating source timestamp rejects point,deskew call has no NDT input; cloud is published before NDT consumes it; NDT correction can affect only later deskew,NO; structural/code-path evidence is recorded separately
174,1660857409.9396701,1660857410.0404532,1660857409.9396701,PUBLISHED,covered_and_deskewed,28509,28509,1660857408.0450079,1660857410.0448959,0.0050082206726074219,0.02,0.055586190889786488,0.43155724021585334,0.0034357353914367147,YES,YES,YES,True,0,0,point-time interpolation uses lower sample; future sample only brackets coverage; violating source timestamp rejects point,deskew call has no NDT input; cloud is published before NDT consumes it; NDT correction can affect only later deskew,NO; structural/code-path evidence is recorded separately
175,1660857410.0404739,1660857410.1413133,1660857410.0404739,PUBLISHED,covered_and_deskewed,28511,28511,1660857408.1450081,1660857410.144896,0.0050082206726074219,0.02,0.037700945362790006,0.43491374473571376,0.0035769595888630748,YES,YES,YES,True,0,0,point-time interpolation uses lower sample; future sample only brackets coverage; violating source timestamp rejects point,deskew call has no NDT input; cloud is published before NDT consumes it; NDT correction can affect only later deskew,NO; structural/code-path evidence is recorded separately
176,1660857410.1413341,1660857410.2421732,1660857410.1413341,PUBLISHED,covered_and_deskewed,28521,28521,1660857408.245008,1660857410.2448959,0.0050079822540283203,0.02,0.042449112394868663,0.43563083108322392,0.0036075353456167473,YES,YES,YES,True,0,0,point-time interpolation uses lower sample; future sample only brackets coverage; violating source timestamp rejects point,deskew call has no NDT input; cloud is published before NDT consumes it; NDT correction can affect only later deskew,NO; structural/code-path evidence is recorded separately
177,1660857410.2421939,1660857410.3430333,1660857410.2421939,PUBLISHED,covered_and_deskewed,28529,28529,1660857408.3450079,1660857410.3448961,0.0050082206726074219,0.02,0.08267922730815884,0.43713269923539527,0.0036496781334721768,YES,YES,YES,True,0,0,point-time interpolation uses lower sample; future sample only brackets coverage; violating source timestamp rejects point,deskew call has no NDT input; cloud is published before NDT consumes it; NDT correction can affect only later deskew,NO; structural/code-path evidence is recorded separately
178,1660857410.3430541,1660857410.4438932,1660857410.3430541,PUBLISHED,covered_and_deskewed,28526,28526,1660857408.445008,1660857410.444896,0.0050079822540283203,0.02,0.099441661937761369,0.43409705965343054,0.0034417378079684984,YES,YES,YES,True,0,0,point-time interpolation uses lower sample; future sample only brackets coverage; violating source timestamp rejects point,deskew call has no NDT input; cloud is published before NDT consumes it; NDT correction can affect only later deskew,NO; structural/code-path evidence is recorded separately
179,1660857410.4439139,1660857410.5447533,1660857410.4439139,PUBLISHED,covered_and_deskewed,28515,28515,1660857408.5450079,1660857410.5448959,0.0050079822540283203,0.02,0.15144530674651532,0.44205964424967792,0.0037200429820826494,YES,YES,YES,True,0,0,point-time interpolation uses lower sample; future sample only brackets coverage; violating source timestamp rejects point,deskew call has no NDT input; cloud is published before NDT consumes it; NDT correction can affect only later deskew,NO; structural/code-path evidence is recorded separately
180,1660857410.5447741,1660857410.6456122,1660857410.5447741,PUBLISHED,covered_and_deskewed,28519,28519,1660857408.6500001,1660857410.649888,0.0050082206726074219,0.02,0.1774905622860421,0.44865987609787922,0.0035060440411675974,YES,YES,YES,True,0,0,point-time interpolation uses lower sample; future sample only brackets coverage; violating source timestamp rejects point,deskew call has no NDT input; cloud is published before NDT consumes it; NDT correction can affect only later deskew,NO; structural/code-path evidence is recorded separately
181,1660857410.6456339,1660857410.7464724,1660857410.6456339,PUBLISHED,covered_and_deskewed,28486,28486,1660857408.75,1660857410.7498879,0.0050079822540283203,0.02,0.20389160045106122,0.44503407820807184,0.0042871405189777497,YES,YES,YES,True,0,0,point-time interpolation uses lower sample; future sample only brackets coverage; violating source timestamp rejects point,deskew call has no NDT input; cloud is published before NDT consumes it; NDT correction can affect only later deskew,NO; structural/code-path evidence is recorded separately
182,1660857410.7464931,1660857410.8473322,1660857410.7464931,PUBLISHED,covered_and_deskewed,28503,28503,1660857408.8499999,1660857410.8498881,0.0050082206726074219,0.02,0.19422849716338295,0.42619566106071122,0.004004104616076613,YES,YES,YES,True,0,0,point-time interpolation uses lower sample; future sample only brackets coverage; violating source timestamp rejects point,deskew call has no NDT input; cloud is published before NDT consumes it; NDT correction can affect only later deskew,NO; structural/code-path evidence is recorded separately
183,1660857410.847353,1660857410.9481924,1660857410.847353,PUBLISHED,covered_and_deskewed,28527,28527,1660857408.95,1660857410.949888,0.0050079822540283203,0.02,0.17842118928995018,0.4174904682198024,0.0039392184280150335,YES,YES,YES,True,0,0,point-time interpolation uses lower sample; future sample only brackets coverage; violating source timestamp rejects point,deskew call has no NDT input; cloud is published before NDT consumes it; NDT correction can affect only later deskew,NO; structural/code-path evidence is recorded separately
184,1660857410.9482131,1660857411.0489974,1660857410.9482131,PUBLISHED,covered_and_deskewed,28536,28536,1660857409.049952,1660857411.04984,0.0050079822540283203,0.02,0.16857512507808842,0.41105963537963597,0.0038242098706687674,YES,YES,YES,True,0,0,point-time interpolation uses lower sample; future sample only brackets coverage; violating source timestamp rejects point,deskew call has no NDT input; cloud is published before NDT consumes it; NDT correction can affect only later deskew,NO; structural/code-path evidence is recorded separately
185,1660857411.0490179,1660857411.1498573,1660857411.0490179,PUBLISHED,covered_and_deskewed,28495,28495,1660857409.1549599,1660857411.1548481,0.0050082206726074219,0.02,0.12876730090237049,0.42229501609916187,0.0036983900540528791,YES,YES,YES,True,0,0,point-time interpolation uses lower sample; future sample only brackets coverage; violating source timestamp rejects point,deskew call has no NDT input; cloud is published before NDT consumes it; NDT correction can affect only later deskew,NO; structural/code-path evidence is recorded separately
186,1660857411.149878,1660857411.2507174,1660857411.149878,PUBLISHED,covered_and_deskewed,28524,28524,1660857409.2549601,1660857411.254848,0.0050079822540283203,0.02,0.10206905377367491,0.43457902024642248,0.0039165907758253156,YES,YES,YES,True,0,0,point-time interpolation uses lower sample; future sample only brackets coverage; violating source timestamp rejects point,deskew call has no NDT input; cloud is published before NDT consumes it; NDT correction can affect only later deskew,NO; structural/code-path evidence is recorded separately
187,1660857411.2507379,1660857411.3515773,1660857411.2507379,PUBLISHED,covered_and_deskewed,28500,28500,1660857409.35496,1660857411.3548479,0.0050079822540283203,0.02,0.10152576310688967,0.41808135773687349,0.0039165907758253156,YES,YES,YES,True,0,0,point-time interpolation uses lower sample; future sample only brackets coverage; violating source timestamp rejects point,deskew call has no NDT input; cloud is published before NDT consumes it; NDT correction can affect only later deskew,NO; structural/code-path evidence is recorded separately
188,1660857411.351598,1660857411.4524374,1660857411.351598,PUBLISHED,covered_and_deskewed,28489,28489,1660857409.4549601,1660857411.4548481,0.0050082206726074219,0.02,0.069885705220803784,0.43608293495162193,0.0034524269586437379,YES,YES,YES,True,0,0,point-time interpolation uses lower sample; future sample only brackets coverage; violating source timestamp rejects point,deskew call has no NDT input; cloud is published before NDT consumes it; NDT correction can affect only later deskew,NO; structural/code-path evidence is recorded separately
189,1660857411.4524579,1660857411.5532973,1660857411.4524579,PUBLISHED,covered_and_deskewed,28465,28465,1660857409.55496,1660857411.554848,0.0050079822540283203,0.02,0.061464066321972891,0.43320676379888517,0.0035171444169578765,YES,YES,YES,True,0,0,point-time interpolation uses lower sample; future sample only brackets coverage; violating source timestamp rejects point,deskew call has no NDT input; cloud is published before NDT consumes it; NDT correction can affect only later deskew,NO; structural/code-path evidence is recorded separately
190,1660857411.553318,1660857411.6541574,1660857411.553318,PUBLISHED,covered_and_deskewed,28502,28502,1660857409.6549599,1660857411.6548481,0.0050082206726074219,0.02,0.048437414722018922,0.41977276894955923,0.0037374497911384567,YES,YES,YES,True,0,0,point-time interpolation uses lower sample; future sample only brackets coverage; violating source timestamp rejects point,deskew call has no NDT input; cloud is published before NDT consumes it; NDT correction can affect only later deskew,NO; structural/code-path evidence is recorded separately
191,1660857411.6541779,1660857411.7550173,1660857411.6541779,PUBLISHED,covered_and_deskewed,28516,28516,1660857409.7599521,1660857411.75984,0.0050079822540283203,0.02,0.034859087505504815,0.43078244743527927,0.0039173804612980161,YES,YES,YES,True,0,0,point-time interpolation uses lower sample; future sample only brackets coverage; violating source timestamp rejects point,deskew call has no NDT input; cloud is published before NDT consumes it; NDT correction can affect only later deskew,NO; structural/code-path evidence is recorded separately
192,1660857411.755038,1660857411.8558774,1660857411.755038,PUBLISHED,covered_and_deskewed,28489,28489,1660857409.859952,1660857411.8598399,0.0050079822540283203,0.02,0.075587452342918138,0.47150678597613471,0.0052783950410632647,YES,YES,YES,True,0,0,point-time interpolation uses lower sample; future sample only brackets coverage; violating source timestamp rejects point,deskew call has no NDT input; cloud is published before NDT consumes it; NDT correction can affect only later deskew,NO; structural/code-path evidence is recorded separately
193,1660857411.8558979,1660857411.9567373,1660857411.8558979,PUBLISHED,covered_and_deskewed,28521,28521,1660857409.9599521,1660857411.9598401,0.0050082206726074219,0.02,0.11112540781371424,1.0747425977323763,0.047248238997239976,YES,YES,YES,True,0,0,point-time interpolation uses lower sample; future sample only brackets coverage; violating source timestamp rejects point,deskew call has no NDT input; cloud is published before NDT consumes it; NDT correction can affect only later deskew,NO; structural/code-path evidence is recorded separately
194,1660857411.956758,1660857412.0575483,1660857411.956758,PUBLISHED,covered_and_deskewed,28515,28515,1660857410.0598879,1660857412.059792,0.0050079822540283203,0.02,0.396954913481462,10.274156227567268,0.38082828152512738,YES,YES,YES,True,0,0,point-time interpolation uses lower sample; future sample only brackets coverage; violating source timestamp rejects point,deskew call has no NDT input; cloud is published before NDT consumes it; NDT correction can affect only later deskew,NO; structural/code-path evidence is recorded separately
195,1660857412.057569,1660857412.1584084,1660857412.057569,PUBLISHED,covered_and_deskewed,28607,28607,1660857410.159888,1660857412.1597919,0.0050079822540283203,0.02,0.57198361672103337,4.8450265495242011,0.4794310345253438,YES,YES,YES,True,0,0,point-time interpolation uses lower sample; future sample only brackets coverage; violating source timestamp rejects point,deskew call has no NDT input; cloud is published before NDT consumes it; NDT correction can affect only later deskew,NO; structural/code-path evidence is recorded separately
196,1660857412.1584289,1660857412.2592683,1660857412.1584289,PUBLISHED,covered_and_deskewed,28661,28661,1660857410.2598879,1660857412.2597921,0.0050082206726074219,0.02,0.53913721705142548,3.9951080037995226,0.56802252955130283,YES,YES,YES,True,0,0,point-time interpolation uses lower sample; future sample only brackets coverage; violating source timestamp rejects point,deskew call has no NDT input; cloud is published before NDT consumes it; NDT correction can affect only later deskew,NO; structural/code-path evidence is recorded separately
197,1660857412.259289,1660857412.3601284,1660857412.259289,PUBLISHED,covered_and_deskewed,28667,28667,1660857410.3648961,1660857412.3648,0.0050079822540283203,0.02,0.73855100510354121,5.3708647027338969,0.56881313754207852,YES,YES,YES,True,0,0,point-time interpolation uses lower sample; future sample only brackets coverage; violating source timestamp rejects point,deskew call has no NDT input; cloud is published before NDT consumes it; NDT correction can affect only later deskew,NO; structural/code-path evidence is recorded separately
198,1660857412.3601489,1660857412.4609873,1660857412.3601489,PUBLISHED,covered_and_deskewed,28740,28740,1660857410.464896,1660857412.4647999,0.0050079822540283203,0.02,0.73098704291343397,3.5174920248686705,0.25245964049682579,YES,YES,YES,True,0,0,point-time interpolation uses lower sample; future sample only brackets coverage; violating source timestamp rejects point,deskew call has no NDT input; cloud is published before NDT consumes it; NDT correction can affect only later deskew,NO; structural/code-path evidence is recorded separately
199,1660857412.461009,1660857412.5618472,1660857412.461009,PUBLISHED,covered_and_deskewed,28729,28729,1660857410.5648961,1660857412.5648,0.0050082206726074219,0.02,0.6959329413373545,3.069105751833697,0.21100822048291842,YES,YES,YES,True,0,0,point-time interpolation uses lower sample; future sample only brackets coverage; violating source timestamp rejects point,deskew call has no NDT input; cloud is published before NDT consumes it; NDT correction can affect only later deskew,NO; structural/code-path evidence is recorded separately
200,1660857412.5618689,1660857412.6627073,1660857412.5618689,PUBLISHED,covered_and_deskewed,28710,28710,1660857410.664896,1660857412.6647999,0.0050079822540283203,0.02,0.59865969994093793,3.0742826239258605,0.086338230087020282,YES,YES,YES,True,0,0,point-time interpolation uses lower sample; future sample only brackets coverage; violating source timestamp rejects point,deskew call has no NDT input; cloud is published before NDT consumes it; NDT correction can affect only later deskew,NO; structural/code-path evidence is recorded separately
201,1660857412.6627281,1660857412.7635672,1660857412.6627281,PUBLISHED,covered_and_deskewed,28741,28741,1660857410.7648959,1660857412.7648001,0.0050082206726074219,0.02,0.54702923702495199,2.2219206473068271,0.089651564911167769,YES,YES,YES,True,0,0,point-time interpolation uses lower sample; future sample only brackets coverage; violating source timestamp rejects point,deskew call has no NDT input; cloud is published before NDT consumes it; NDT correction can affect only later deskew,NO; structural/code-path evidence is recorded separately
202,1660857412.763588,1660857412.8644273,1660857412.763588,PUBLISHED,covered_and_deskewed,28734,28734,1660857410.8648961,1660857412.8648,0.0050079822540283203,0.02,0.50345600657184408,1.3940635837949469,0.086087198980930868,YES,YES,YES,True,0,0,point-time interpolation uses lower sample; future sample only brackets coverage; violating source timestamp rejects point,deskew call has no NDT input; cloud is published before NDT consumes it; NDT correction can affect only later deskew,NO; structural/code-path evidence is recorded separately
203,1660857412.8644481,1660857412.9652872,1660857412.8644481,PUBLISHED,covered_and_deskewed,28687,28687,1660857410.969888,1660857412.9697919,0.0050079822540283203,0.02,0.25671507098906038,1.9055511923835902,0.05586710196081679,YES,YES,YES,True,0,0,point-time interpolation uses lower sample; future sample only brackets coverage; violating source timestamp rejects point,deskew call has no NDT input; cloud is published before NDT consumes it; NDT correction can affect only later deskew,NO; structural/code-path evidence is recorded separately
204,1660857412.965308,1660857413.0660853,1660857412.965308,PUBLISHED,covered_and_deskewed,28701,28701,1660857411.06984,1660857413.0697279,0.0050082206726074219,0.02,0.19286031562538011,0.91105058696404739,0.037336612675280642,YES,YES,YES,True,0,0,point-time interpolation uses lower sample; future sample only brackets coverage; violating source timestamp rejects point,deskew call has no NDT input; cloud is published before NDT consumes it; NDT correction can affect only later deskew,NO; structural/code-path evidence is recorded separately
205,1660857413.0661061,1660857413.1669452,1660857413.0661061,PUBLISHED,covered_and_deskewed,28716,28716,1660857411.1698401,1660857413.169728,0.0050082206726074219,0.02,0.17172630908918624,0.70857105918144803,0.038673569582424509,YES,YES,YES,True,0,0,point-time interpolation uses lower sample; future sample only brackets coverage; violating source timestamp rejects point,deskew call has no NDT input; cloud is published before NDT consumes it; NDT correction can affect only later deskew,NO; structural/code-path evidence is recorded separately
206,1660857413.166966,1660857413.2678053,1660857413.166966,PUBLISHED,covered_and_deskewed,28697,28697,1660857411.26984,1660857413.2697279,0.0099999904632568359,0.02,0.1453229948508504,0.6678392171219345,0.024231359120431065,YES,YES,YES,True,0,0,point-time interpolation uses lower sample; future sample only brackets coverage; violating source timestamp rejects point,deskew call has no NDT input; cloud is published before NDT consumes it; NDT correction can affect only later deskew,NO; structural/code-path evidence is recorded separately
207,1660857413.2678261,1660857413.3686652,1660857413.2678261,PUBLISHED,covered_and_deskewed,28716,28716,1660857411.3698399,1660857413.3697281,0.0050082206726074219,0.02,0.12494648749389006,0.55202042695628617,0.034548507804075444,YES,YES,YES,True,0,0,point-time interpolation uses lower sample; future sample only brackets coverage; violating source timestamp rejects point,deskew call has no NDT input; cloud is published before NDT consumes it; NDT correction can affect only later deskew,NO; structural/code-path evidence is recorded separately
208,1660857413.368686,1660857413.4695253,1660857413.368686,PUBLISHED,covered_and_deskewed,28718,28718,1660857411.46984,1660857413.469728,0.0050079822540283203,0.02,0.10036395592188831,0.67214362086940738,0.032076749973347939,YES,YES,YES,True,0,0,point-time interpolation uses lower sample; future sample only brackets coverage; violating source timestamp rejects point,deskew call has no NDT input; cloud is published before NDT consumes it; NDT correction can affect only later deskew,NO; structural/code-path evidence is recorded separately
209,1660857413.4695461,1660857413.5703852,1660857413.4695461,PUBLISHED,covered_and_deskewed,28721,28721,1660857411.5748479,1660857413.5747361,0.0050082206726074219,0.02,0.088319420903628515,0.71151952182190481,0.041427567335437024,YES,YES,YES,True,0,0,point-time interpolation uses lower sample; future sample only brackets coverage; violating source timestamp rejects point,deskew call has no NDT input; cloud is published before NDT consumes it; NDT correction can affect only later deskew,NO; structural/code-path evidence is recorded separately
210,1660857413.570406,1660857413.6712453,1660857413.570406,PUBLISHED,covered_and_deskewed,28724,28724,1660857411.6748481,1660857413.674736,0.0050082206726074219,0.02,0.083096598669586519,2.89048300266349,0.091214297906080891,YES,YES,YES,True,0,0,point-time interpolation uses lower sample; future sample only brackets coverage; violating source timestamp rejects point,deskew call has no NDT input; cloud is published before NDT consumes it; NDT correction can affect only later deskew,NO; structural/code-path evidence is recorded separately
211,1660857413.6712661,1660857413.7721052,1660857413.6712661,PUBLISHED,covered_and_deskewed,28716,28716,1660857411.774848,1660857413.7747359,0.0050079822540283203,0.02,0.18480668408522274,2.9168336872050267,0.10589625270547876,YES,YES,YES,True,0,0,point-time interpolation uses lower sample; future sample only brackets coverage; violating source timestamp rejects point,deskew call has no NDT input; cloud is published before NDT consumes it; NDT correction can affect only later deskew,NO; structural/code-path evidence is recorded separately
212,1660857413.772126,1660857413.8729653,1660857413.772126,PUBLISHED,covered_and_deskewed,28730,28730,1660857411.8748479,1660857413.8747361,0.0050082206726074219,0.02,0.2021291017549019,1.7657508609442139,0.28054937393673168,YES,YES,YES,True,0,0,point-time interpolation uses lower sample; future sample only brackets coverage; violating source timestamp rejects point,deskew call has no NDT input; cloud is published before NDT consumes it; NDT correction can affect only later deskew,NO; structural/code-path evidence is recorded separately
213,1660857413.8729861,1660857413.9738252,1660857413.8729861,PUBLISHED,covered_and_deskewed,28714,28714,1660857411.974848,1660857413.974736,0.0050079822540283203,0.02,0.25731979277890671,4.4212244673419372,0.28054937393673168,YES,YES,YES,True,0,0,point-time interpolation uses lower sample; future sample only brackets coverage; violating source timestamp rejects point,deskew call has no NDT input; cloud is published before NDT consumes it; NDT correction can affect only later deskew,NO; structural/code-path evidence is recorded separately
214,1660857413.973846,1660857414.0746293,1660857413.973846,PUBLISHED,covered_and_deskewed,28735,28735,1660857412.0748,1660857414.074672,0.0050079822540283203,0.02,0.39618889793230183,4.3312311720505479,0.28973015447416262,YES,YES,YES,True,0,0,point-time interpolation uses lower sample; future sample only brackets coverage; violating source timestamp rejects point,deskew call has no NDT input; cloud is published before NDT consumes it; NDT correction can affect only later deskew,NO; structural/code-path evidence is recorded separately
215,1660857414.07465,1660857414.1754892,1660857414.07465,PUBLISHED,covered_and_deskewed,28707,28707,1660857412.1797919,1660857414.1796639,0.0050079822540283203,0.02,0.7677063647715251,5.4486045401952632,0.11313113090486093,YES,YES,YES,True,0,0,point-time interpolation uses lower sample; future sample only brackets coverage; violating source timestamp rejects point,deskew call has no NDT input; cloud is published before NDT consumes it; NDT correction can affect only later deskew,NO; structural/code-path evidence is recorded separately
216,1660857414.1755099,1660857414.2763484,1660857414.1755099,PUBLISHED,covered_and_deskewed,28729,28729,1660857412.2797921,1660857414.279664,0.0050082206726074219,0.02,0.91524726236485565,8.7777984850036432,0.5434223453760948,YES,YES,YES,True,0,0,point-time interpolation uses lower sample; future sample only brackets coverage; violating source timestamp rejects point,deskew call has no NDT input; cloud is published before NDT consumes it; NDT correction can affect only later deskew,NO; structural/code-path evidence is recorded separately
217,1660857414.27637,1660857414.3772082,1660857414.27637,PUBLISHED,covered_and_deskewed,28743,28743,1660857412.379792,1660857414.3796639,0.0050079822540283203,0.02,0.60102430313704824,5.6554700524621104,0.46405392614352275,YES,YES,YES,True,0,0,point-time interpolation uses lower sample; future sample only brackets coverage; violating source timestamp rejects point,deskew call has no NDT input; cloud is published before NDT consumes it; NDT correction can affect only later deskew,NO; structural/code-path evidence is recorded separately
218,1660857414.3772299,1660857414.4780684,1660857414.3772299,PUBLISHED,covered_and_deskewed,28730,28730,1660857412.4797921,1660857414.4796641,0.0050082206726074219,0.02,0.61340664200596262,3.6272458645278793,0.19941637141676125,YES,YES,YES,True,0,0,point-time interpolation uses lower sample; future sample only brackets coverage; violating source timestamp rejects point,deskew call has no NDT input; cloud is published before NDT consumes it; NDT correction can affect only later deskew,NO; structural/code-path evidence is recorded separately
219,1660857414.4780891,1660857414.5789282,1660857414.4780891,PUBLISHED,covered_and_deskewed,28704,28704,1660857412.579792,1660857414.579664,0.0050079822540283203,0.02,1.2106284201882216,5.8740418764516695,0.19571975970267882,YES,YES,YES,True,0,0,point-time interpolation uses lower sample; future sample only brackets coverage; violating source timestamp rejects point,deskew call has no NDT input; cloud is published before NDT consumes it; NDT correction can affect only later deskew,NO; structural/code-path evidence is recorded separately
220,1660857414.578949,1660857414.6797884,1660857414.578949,PUBLISHED,covered_and_deskewed,28735,28735,1660857412.6847999,1660857414.6846721,0.0050082206726074219,0.02,1.3047533610343798,10.651844497696443,0.51897910384731283,YES,YES,YES,True,0,0,point-time interpolation uses lower sample; future sample only brackets coverage; violating source timestamp rejects point,deskew call has no NDT input; cloud is published before NDT consumes it; NDT correction can affect only later deskew,NO; structural/code-path evidence is recorded separately
221,1660857414.6798091,1660857414.7806482,1660857414.6798091,PUBLISHED,covered_and_deskewed,28743,28743,1660857412.7848001,1660857414.784672,0.0099999904632568359,0.02,0.84632025080618389,4.9438950601964011,0.24992395572900877,YES,YES,YES,True,0,0,point-time interpolation uses lower sample; future sample only brackets coverage; violating source timestamp rejects point,deskew call has no NDT input; cloud is published before NDT consumes it; NDT correction can affect only later deskew,NO; structural/code-path evidence is recorded separately
222,1660857414.780669,1660857414.8815084,1660857414.780669,PUBLISHED,covered_and_deskewed,28760,28760,1660857412.8848,1660857414.8846719,0.0050079822540283203,0.02,1.1653934346801167,4.6113988493548401,0.22070368996096054,YES,YES,YES,True,0,0,point-time interpolation uses lower sample; future sample only brackets coverage; violating source timestamp rejects point,deskew call has no NDT input; cloud is published before NDT consumes it; NDT correction can affect only later deskew,NO; structural/code-path evidence is recorded separately
223,1660857414.8815291,1660857414.9823682,1660857414.8815291,PUBLISHED,covered_and_deskewed,28777,28777,1660857412.9848001,1660857414.9846721,0.0050082206726074219,0.02,1.7189091422615113,10.273692828091411,0.44359718789537189,YES,YES,YES,True,0,0,point-time interpolation uses lower sample; future sample only brackets coverage; violating source timestamp rejects point,deskew call has no NDT input; cloud is published before NDT consumes it; NDT correction can affect only later deskew,NO; structural/code-path evidence is recorded separately
224,1660857414.982389,1660857415.0831723,1660857414.982389,PUBLISHED,covered_and_deskewed,28833,28833,1660857413.0847361,1660857415.0846241,0.0050082206726074219,0.02,1.5951297808846765,10.265373006203394,0.58202641045740811,YES,YES,YES,True,0,0,point-time interpolation uses lower sample; future sample only brackets coverage; violating source timestamp rejects point,deskew call has no NDT input; cloud is published before NDT consumes it; NDT correction can affect only later deskew,NO; structural/code-path evidence is recorded separately
225,1660857415.0831931,1660857415.1840322,1660857415.0831931,PUBLISHED,covered_and_deskewed,28804,28804,1660857413.184736,1660857415.184624,0.0050079822540283203,0.02,1.2825440382927238,3.7212529822331599,0.2680838348602505,YES,YES,YES,True,0,0,point-time interpolation uses lower sample; future sample only brackets coverage; violating source timestamp rejects point,deskew call has no NDT input; cloud is published before NDT consumes it; NDT correction can affect only later deskew,NO; structural/code-path evidence is recorded separately
226,1660857415.1840529,1660857415.2848923,1660857415.1840529,PUBLISHED,covered_and_deskewed,28810,28810,1660857413.2897279,1660857415.2896161,0.0050082206726074219,0.02,1.7058138861460002,4.5018880521455049,0.11362437979698263,YES,YES,YES,True,0,0,point-time interpolation uses lower sample; future sample only brackets coverage; violating source timestamp rejects point,deskew call has no NDT input; cloud is published before NDT consumes it; NDT correction can affect only later deskew,NO; structural/code-path evidence is recorded separately
227,1660857415.2849131,1660857415.3857522,1660857415.2849131,PUBLISHED,covered_and_deskewed,28866,28866,1660857413.3897281,1660857415.389616,0.0050079822540283203,0.02,1.9577757865577288,8.9390075571714611,0.47004473889104226,YES,YES,YES,True,0,0,point-time interpolation uses lower sample; future sample only brackets coverage; violating source timestamp rejects point,deskew call has no NDT input; cloud is published before NDT consumes it; NDT correction can affect only later deskew,NO; structural/code-path evidence is recorded separately
228,1660857415.3857729,1660857415.4866123,1660857415.3857729,PUBLISHED,covered_and_deskewed,28863,28863,1660857413.489728,1660857415.4896159,0.0050079822540283203,0.02,1.5094155610091264,8.1464727139801898,0.29060476430107302,YES,YES,YES,True,0,0,point-time interpolation uses lower sample; future sample only brackets coverage; violating source timestamp rejects point,deskew call has no NDT input; cloud is published before NDT consumes it; NDT correction can affect only later deskew,NO; structural/code-path evidence is recorded separately
229,1660857415.4866331,1660857415.5874722,1660857415.4866331,PUBLISHED,covered_and_deskewed,28820,28820,1660857413.5897281,1660857415.5896161,0.0050082206726074219,0.02,1.3032520452767342,4.8803025135958302,0.3571854458652764,YES,YES,YES,True,0,0,point-time interpolation uses lower sample; future sample only brackets coverage; violating source timestamp rejects point,deskew call has no NDT input; cloud is published before NDT consumes it; NDT correction can affect only later deskew,NO; structural/code-path evidence is recorded separately
230,1660857415.5874929,1660857415.6883323,1660857415.5874929,PUBLISHED,covered_and_deskewed,28852,28852,1660857413.689728,1660857415.689616,0.0050079822540283203,0.02,1.814698816119243,5.6911036301694322,0.15335143771352239,YES,YES,YES,True,0,0,point-time interpolation uses lower sample; future sample only brackets coverage; violating source timestamp rejects point,deskew call has no NDT input; cloud is published before NDT consumes it; NDT correction can affect only later deskew,NO; structural/code-path evidence is recorded separately
231,1660857415.6883531,1660857415.7891922,1660857415.6883531,PUBLISHED,covered_and_deskewed,28633,28633,1660857413.7897279,1660857415.7896161,0.0050082206726074219,0.02,1.7378088234792559,11.126078926995522,0.64108857652879192,YES,YES,YES,True,0,0,point-time interpolation uses lower sample; future sample only brackets coverage; violating source timestamp rejects point,deskew call has no NDT input; cloud is published before NDT consumes it; NDT correction can affect only later deskew,NO; structural/code-path evidence is recorded separately
232,1660857415.7892129,1660857415.8900523,1660857415.7892129,PUBLISHED,covered_and_deskewed,28317,28317,1660857413.8947361,1660857415.894624,0.0050079822540283203,0.02,0.99483923071719327,3.7060039281579571,0.20059509569563239,YES,YES,YES,True,0,0,point-time interpolation uses lower sample; future sample only brackets coverage; violating source timestamp rejects point,deskew call has no NDT input; cloud is published before NDT consumes it; NDT correction can affect only later deskew,NO; structural/code-path evidence is recorded separately
233,1660857415.8900731,1660857415.9909122,1660857415.8900731,PUBLISHED,covered_and_deskewed,28247,28247,1660857413.994736,1660857415.9946239,0.0050079822540283203,0.02,1.0880404852326386,4.1120547667419878,0.087331986417346075,YES,YES,YES,True,0,0,point-time interpolation uses lower sample; future sample only brackets coverage; violating source timestamp rejects point,deskew call has no NDT input; cloud is published before NDT consumes it; NDT correction can affect only later deskew,NO; structural/code-path evidence is recorded separately
234,1660857415.9909329,1660857416.0917172,1660857415.9909329,PUBLISHED,covered_and_deskewed,28160,28160,1660857414.094672,1660857416.0945759,0.0050079822540283203,0.02,1.4440613429191682,8.9131839205136636,0.4530628289515139,YES,YES,YES,True,0,0,point-time interpolation uses lower sample; future sample only brackets coverage; violating source timestamp rejects point,deskew call has no NDT input; cloud is published before NDT consumes it; NDT correction can affect only later deskew,NO; structural/code-path evidence is recorded separately
235,1660857416.091738,1660857416.1925764,1660857416.091738,PUBLISHED,covered_and_deskewed,27939,27939,1660857414.1946721,1660857416.194576,0.0050082206726074219,0.02,1.2117824031311464,8.89530759187857,0.52178492284988087,YES,YES,YES,True,0,0,point-time interpolation uses lower sample; future sample only brackets coverage; violating source timestamp rejects point,deskew call has no NDT input; cloud is published before NDT consumes it; NDT correction can affect only later deskew,NO; structural/code-path evidence is recorded separately
236,1660857416.1925981,1660857416.2934363,1660857416.1925981,PUBLISHED,covered_and_deskewed,27776,27776,1660857414.294672,1660857416.2945759,0.0050079822540283203,0.02,0.75733442046377819,4.4176840839018894,0.24142082441091767,YES,YES,YES,True,0,0,point-time interpolation uses lower sample; future sample only brackets coverage; violating source timestamp rejects point,deskew call has no NDT input; cloud is published before NDT consumes it; NDT correction can affect only later deskew,NO; structural/code-path evidence is recorded separately
237,1660857416.293458,1660857416.3942964,1660857416.293458,PUBLISHED,covered_and_deskewed,27523,27523,1660857414.3946719,1660857416.3945761,0.0050082206726074219,0.02,1.0380528951792691,4.4928784967669424,0.11210561934634668,YES,YES,YES,True,0,0,point-time interpolation uses lower sample; future sample only brackets coverage; violating source timestamp rejects point,deskew call has no NDT input; cloud is published before NDT consumes it; NDT correction can affect only later deskew,NO; structural/code-path evidence is recorded separately
238,1660857416.3943169,1660857416.4951563,1660857416.3943169,PUBLISHED,covered_and_deskewed,27405,27405,1660857414.4996641,1660857416.499568,0.0099999904632568359,0.02,1.2465413107155117,9.381307034640253,0.49062774423247069,YES,YES,YES,True,0,0,point-time interpolation uses lower sample; future sample only brackets coverage; violating source timestamp rejects point,deskew call has no NDT input; cloud is published before NDT consumes it; NDT correction can affect only later deskew,NO; structural/code-path evidence is recorded separately
239,1660857416.495177,1660857416.5960164,1660857416.495177,PUBLISHED,covered_and_deskewed,27544,27544,1660857414.599664,1660857416.5995679,0.0050079822540283203,0.02,0.93477544583217664,7.3435931956689231,0.30249771889257282,YES,YES,YES,True,0,0,point-time interpolation uses lower sample; future sample only brackets coverage; violating source timestamp rejects point,deskew call has no NDT input; cloud is published before NDT consumes it; NDT correction can affect only later deskew,NO; structural/code-path evidence is recorded separately
240,1660857416.5960369,1660857416.6968763,1660857416.5960369,PUBLISHED,covered_and_deskewed,27720,27720,1660857414.6996641,1660857416.699568,0.0050082206726074219,0.02,0.79559932218836205,3.6477150670491385,0.27079873738077981,YES,YES,YES,True,0,0,point-time interpolation uses lower sample; future sample only brackets coverage; violating source timestamp rejects point,deskew call has no NDT input; cloud is published before NDT consumes it; NDT correction can affect only later deskew,NO; structural/code-path evidence is recorded separately
241,1660857416.696897,1660857416.7977364,1660857416.696897,PUBLISHED,covered_and_deskewed,27859,27859,1660857414.799664,1660857416.7995679,0.0050079822540283203,0.02,1.4166809234458289,5.0539336103281869,0.11864705495142239,YES,YES,YES,True,0,0,point-time interpolation uses lower sample; future sample only brackets coverage; violating source timestamp rejects point,deskew call has no NDT input; cloud is published before NDT consumes it; NDT correction can affect only later deskew,NO; structural/code-path evidence is recorded separately
242,1660857416.7977569,1660857416.8985963,1660857416.7977569,PUBLISHED,covered_and_deskewed,28239,28239,1660857414.8996639,1660857416.8995681,0.0050082206726074219,0.02,1.5441142176250218,9.0132678030358928,0.49559206179208803,YES,YES,YES,True,0,0,point-time interpolation uses lower sample; future sample only brackets coverage; violating source timestamp rejects point,deskew call has no NDT input; cloud is published before NDT consumes it; NDT correction can affect only later deskew,NO; structural/code-path evidence is recorded separately
243,1660857416.898617,1660857416.9994564,1660857416.898617,PUBLISHED,covered_and_deskewed,28225,28225,1660857414.9996641,1660857416.999568,0.0050079822540283203,0.02,1.0453233169763696,4.7250343382360898,0.26151999451147101,YES,YES,YES,True,0,0,point-time interpolation uses lower sample; future sample only brackets coverage; violating source timestamp rejects point,deskew call has no NDT input; cloud is published before NDT consumes it; NDT correction can affect only later deskew,NO; structural/code-path evidence is recorded separately
244,1660857416.9994769,1660857417.1002603,1660857416.9994769,PUBLISHED,covered_and_deskewed,28261,28261,1660857415.104624,1660857417.104512,0.0050079822540283203,0.02,1.2651239504164986,4.0526639887089413,0.24528194090019556,YES,YES,YES,True,0,0,point-time interpolation uses lower sample; future sample only brackets coverage; violating source timestamp rejects point,deskew call has no NDT input; cloud is published before NDT consumes it; NDT correction can affect only later deskew,NO; structural/code-path evidence is recorded separately
245,1660857417.100281,1660857417.2011204,1660857417.100281,PUBLISHED,covered_and_deskewed,28442,28442,1660857415.2046239,1660857417.2045119,0.0050079822540283203,0.02,1.6223476150566014,9.414114269246026,0.42203150536321821,YES,YES,YES,True,0,0,point-time interpolation uses lower sample; future sample only brackets coverage; violating source timestamp rejects point,deskew call has no NDT input; cloud is published before NDT consumes it; NDT correction can affect only later deskew,NO; structural/code-path evidence is recorded separately
246,1660857417.2011411,1660857417.3019803,1660857417.2011411,PUBLISHED,covered_and_deskewed,28811,28811,1660857415.3046241,1660857417.304512,0.0099999904632568359,0.02,1.3206026501739689,9.0426863058448195,0.54018965462637147,YES,YES,YES,True,0,0,point-time interpolation uses lower sample; future sample only brackets coverage; violating source timestamp rejects point,deskew call has no NDT input; cloud is published before NDT consumes it; NDT correction can affect only later deskew,NO; structural/code-path evidence is recorded separately
247,1660857417.302001,1660857417.4028404,1660857417.302001,PUBLISHED,covered_and_deskewed,29004,29004,1660857415.404624,1660857417.4045119,0.0050079822540283203,0.02,0.883395930252035,3.2982320102747948,0.25717541308510389,YES,YES,YES,True,0,0,point-time interpolation uses lower sample; future sample only brackets coverage; violating source timestamp rejects point,deskew call has no NDT input; cloud is published before NDT consumes it; NDT correction can affect only later deskew,NO; structural/code-path evidence is recorded separately
248,1660857417.4028611,1660857417.5037003,1660857417.4028611,PUBLISHED,covered_and_deskewed,28964,28964,1660857415.5046239,1660857417.5045121,0.0050082206726074219,0.02,1.1806410277340145,5.0304013414148274,0.14804236213192531,YES,YES,YES,True,0,0,point-time interpolation uses lower sample; future sample only brackets coverage; violating source timestamp rejects point,deskew call has no NDT input; cloud is published before NDT consumes it; NDT correction can affect only later deskew,NO; structural/code-path evidence is recorded separately
249,1660857417.503721,1660857417.6045604,1660857417.503721,PUBLISHED,covered_and_deskewed,28957,28957,1660857415.609616,1660857417.609504,0.0050079822540283203,0.02,1.3430932483066207,8.8680796888088231,0.4898813202938227,YES,YES,YES,True,0,0,point-time interpolation uses lower sample; future sample only brackets coverage; violating source timestamp rejects point,deskew call has no NDT input; cloud is published before NDT consumes it; NDT correction can affect only later deskew,NO; structural/code-path evidence is recorded separately
250,1660857417.6045811,1660857417.7054203,1660857417.6045811,PUBLISHED,covered_and_deskewed,28992,28992,1660857415.7096159,1660857417.7095039,0.0050079822540283203,0.02,1.0888854045753651,8.3443794985020894,0.41905651692542534,YES,YES,YES,True,0,0,point-time interpolation uses lower sample; future sample only brackets coverage; violating source timestamp rejects point,deskew call has no NDT input; cloud is published before NDT consumes it; NDT correction can affect only later deskew,NO; structural/code-path evidence is recorded separately
251,1660857417.705441,1660857417.8062804,1660857417.705441,PUBLISHED,covered_and_deskewed,29002,29002,1660857415.8096161,1660857417.809504,0.0050082206726074219,0.02,0.92436730280383039,4.0177330423372926,0.2668685446009369,YES,YES,YES,True,0,0,point-time interpolation uses lower sample; future sample only brackets coverage; violating source timestamp rejects point,deskew call has no NDT input; cloud is published before NDT consumes it; NDT correction can affect only later deskew,NO; structural/code-path evidence is recorded separately
252,1660857417.8063011,1660857417.9071403,1660857417.8063011,PUBLISHED,covered_and_deskewed,28998,28998,1660857415.909616,1660857417.9095039,0.0050079822540283203,0.02,1.5305832364304772,5.488171343573951,0.11007599070755139,YES,YES,YES,True,0,0,point-time interpolation uses lower sample; future sample only brackets coverage; violating source timestamp rejects point,deskew call has no NDT input; cloud is published before NDT consumes it; NDT correction can affect only later deskew,NO; structural/code-path evidence is recorded separately
253,1660857417.907161,1660857418.0079443,1660857417.907161,PUBLISHED,covered_and_deskewed,28984,28984,1660857416.009568,1660857418.0094559,0.0050082206726074219,0.02,1.6004852302902342,11.204197717833933,0.49368689372445412,YES,YES,YES,True,0,0,point-time interpolation uses lower sample; future sample only brackets coverage; violating source timestamp rejects point,deskew call has no NDT input; cloud is published before NDT consumes it; NDT correction can affect only later deskew,NO; structural/code-path evidence is recorded separately
254,1660857418.007966,1660857418.1088042,1660857418.007966,PUBLISHED,covered_and_deskewed,28986,28986,1660857416.1095681,1660857418.1094561,0.0050082206726074219,0.02,1.0106837430396525,6.8223181866725362,0.3625186368679631,YES,YES,YES,True,0,0,point-time interpolation uses lower sample; future sample only brackets coverage; violating source timestamp rejects point,deskew call has no NDT input; cloud is published before NDT consumes it; NDT correction can affect only later deskew,NO; structural/code-path evidence is recorded separately
255,1660857418.1088259,1660857418.2096643,1660857418.1088259,PUBLISHED,covered_and_deskewed,28981,28981,1660857416.214576,1660857418.2144639,0.0050079822540283203,0.02,1.4666313665560293,6.1524589948823829,0.27379612201354847,YES,YES,YES,True,0,0,point-time interpolation uses lower sample; future sample only brackets coverage; violating source timestamp rejects point,deskew call has no NDT input; cloud is published before NDT consumes it; NDT correction can affect only later deskew,NO; structural/code-path evidence is recorded separately
256,1660857418.2096851,1660857418.3105242,1660857418.2096851,PUBLISHED,covered_and_deskewed,28983,28983,1660857416.3145759,1660857418.3144641,0.0050082206726074219,0.02,1.5576524806080889,15.629176134290898,0.79539624410961007,YES,YES,YES,True,0,0,point-time interpolation uses lower sample; future sample only brackets coverage; violating source timestamp rejects point,deskew call has no NDT input; cloud is published before NDT consumes it; NDT correction can affect only later deskew,NO; structural/code-path evidence is recorded separately
257,1660857418.310545,1660857418.4113843,1660857418.310545,PUBLISHED,covered_and_deskewed,28997,28997,1660857416.4145761,1660857418.414464,0.0050079822540283203,0.02,1.0644874514311176,6.5568712947381727,0.50845710737717287,YES,YES,YES,True,0,0,point-time interpolation uses lower sample; future sample only brackets coverage; violating source timestamp rejects point,deskew call has no NDT input; cloud is published before NDT consumes it; NDT correction can affect only later deskew,NO; structural/code-path evidence is recorded separately
258,1660857418.4114051,1660857418.5122442,1660857418.4114051,PUBLISHED,covered_and_deskewed,28992,28992,1660857416.514576,1660857418.5144639,0.0050079822540283203,0.02,1.4213967393276468,6.0555644526100565,0.27435269930332085,YES,YES,YES,True,0,0,point-time interpolation uses lower sample; future sample only brackets coverage; violating source timestamp rejects point,deskew call has no NDT input; cloud is published before NDT consumes it; NDT correction can affect only later deskew,NO; structural/code-path evidence is recorded separately
259,1660857418.512265,1660857418.6131043,1660857418.512265,PUBLISHED,covered_and_deskewed,28988,28988,1660857416.6145761,1660857418.614464,0.0050082206726074219,0.02,1.6950881468196817,12.922687327342171,0.62843093954771101,YES,YES,YES,True,0,0,point-time interpolation uses lower sample; future sample only brackets coverage; violating source timestamp rejects point,deskew call has no NDT input; cloud is published before NDT consumes it; NDT correction can affect only later deskew,NO; structural/code-path evidence is recorded separately
260,1660857418.6131251,1660857418.7139642,1660857418.6131251,PUBLISHED,covered_and_deskewed,28986,28986,1660857416.714576,1660857418.7144639,0.0050079822540283203,0.02,1.2495749496494215,5.9308952582645498,0.27402382468414588,YES,YES,YES,True,0,0,point-time interpolation uses lower sample; future sample only brackets coverage; violating source timestamp rejects point,deskew call has no NDT input; cloud is published before NDT consumes it; NDT correction can affect only later deskew,NO; structural/code-path evidence is recorded separately
261,1660857418.713985,1660857418.8148243,1660857418.713985,PUBLISHED,covered_and_deskewed,28985,28985,1660857416.8195679,1660857418.8194561,0.0050082206726074219,0.02,1.8246430319885494,6.5126395708196787,0.33494321499326357,YES,YES,YES,True,0,0,point-time interpolation uses lower sample; future sample only brackets coverage; violating source timestamp rejects point,deskew call has no NDT input; cloud is published before NDT consumes it; NDT correction can affect only later deskew,NO; structural/code-path evidence is recorded separately
262,1660857418.8148451,1660857418.9156842,1660857418.8148451,PUBLISHED,covered_and_deskewed,29012,29012,1660857416.9195681,1660857418.919456,0.0050079822540283203,0.02,2.1348961029739031,16.175568574838604,1.0857107742864429,YES,YES,YES,True,0,0,point-time interpolation uses lower sample; future sample only brackets coverage; violating source timestamp rejects point,deskew call has no NDT input; cloud is published before NDT consumes it; NDT correction can affect only later deskew,NO; structural/code-path evidence is recorded separately
263,1660857418.915705,1660857419.0164883,1660857418.915705,PUBLISHED,covered_and_deskewed,29034,29034,1660857417.0195041,1660857419.019392,0.0050079822540283203,0.02,1.5396414209906906,5.6858262294237063,0.30562412173751752,YES,YES,YES,True,0,0,point-time interpolation uses lower sample; future sample only brackets coverage; violating source timestamp rejects point,deskew call has no NDT input; cloud is published before NDT consumes it; NDT correction can affect only later deskew,NO; structural/code-path evidence is recorded separately
264,1660857419.0165091,1660857419.1173482,1660857419.0165091,PUBLISHED,covered_and_deskewed,29004,29004,1660857417.119504,1660857419.1193919,0.0050079822540283203,0.02,1.9170659852572072,6.9276148689952999,0.3262638061121319,YES,YES,YES,True,0,0,point-time interpolation uses lower sample; future sample only brackets coverage; violating source timestamp rejects point,deskew call has no NDT input; cloud is published before NDT consumes it; NDT correction can affect only later deskew,NO; structural/code-path evidence is recorded separately
265,1660857419.1173689,1660857419.2182083,1660857419.1173689,PUBLISHED,covered_and_deskewed,29031,29031,1660857417.2195041,1660857419.2193921,0.0050082206726074219,0.02,2.1783629720628617,13.496677306984944,0.67531158712063577,YES,YES,YES,True,0,0,point-time interpolation uses lower sample; future sample only brackets coverage; violating source timestamp rejects point,deskew call has no NDT input; cloud is published before NDT consumes it; NDT correction can affect only later deskew,NO; structural/code-path evidence is recorded separately
266,1660857419.2182291,1660857419.3190682,1660857419.2182291,PUBLISHED,covered_and_deskewed,28991,28991,1660857417.319504,1660857419.319392,0.0050079822540283203,0.02,1.5829447074550067,5.2675403967498511,0.27466618127617826,YES,YES,YES,True,0,0,point-time interpolation uses lower sample; future sample only brackets coverage; violating source timestamp rejects point,deskew call has no NDT input; cloud is published before NDT consumes it; NDT correction can affect only later deskew,NO; structural/code-path evidence is recorded separately
267,1660857419.3190889,1660857419.4199283,1660857419.3190889,PUBLISHED,covered_and_deskewed,28952,28952,1660857417.4245119,1660857419.4244001,0.0050082206726074219,0.02,1.9473171674510803,6.0306327250207188,0.30375644486171799,YES,YES,YES,True,0,0,point-time interpolation uses lower sample; future sample only brackets coverage; violating source timestamp rejects point,deskew call has no NDT input; cloud is published before NDT consumes it; NDT correction can affect only later deskew,NO; structural/code-path evidence is recorded separately
268,1660857419.4199491,1660857419.5207882,1660857419.4199491,PUBLISHED,covered_and_deskewed,28864,28864,1660857417.5245121,1660857419.5244,0.0099999904632568359,0.02,1.9109034599607404,16.892586973115808,0.97720760354591274,YES,YES,YES,True,0,0,point-time interpolation uses lower sample; future sample only brackets coverage; violating source timestamp rejects point,deskew call has no NDT input; cloud is published before NDT consumes it; NDT correction can affect only later deskew,NO; structural/code-path evidence is recorded separately
269,1660857419.5208089,1660857419.6216483,1660857419.5208089,PUBLISHED,covered_and_deskewed,28742,28742,1660857417.624512,1660857419.6243999,0.0050079822540283203,0.02,1.1370344748337207,6.533528677044238,0.41051634388951858,YES,YES,YES,True,0,0,point-time interpolation uses lower sample; future sample only brackets coverage; violating source timestamp rejects point,deskew call has no NDT input; cloud is published before NDT consumes it; NDT correction can affect only later deskew,NO; structural/code-path evidence is recorded separately
270,1660857419.6216691,1660857419.7225082,1660857419.6216691,PUBLISHED,covered_and_deskewed,28824,28824,1660857417.7245121,1660857419.7244,0.0050082206726074219,0.02,1.6115256805194829,7.0464170547630314,0.35704109798977335,YES,YES,YES,True,0,0,point-time interpolation uses lower sample; future sample only brackets coverage; violating source timestamp rejects point,deskew call has no NDT input; cloud is published before NDT consumes it; NDT correction can affect only later deskew,NO; structural/code-path evidence is recorded separately
271,1660857419.7225289,1660857419.8233683,1660857419.7225289,PUBLISHED,covered_and_deskewed,28992,28992,1660857417.824512,1660857419.8243999,0.0050079822540283203,0.02,1.8202211143448357,14.558436669625415,0.7066350176486409,YES,YES,YES,True,0,0,point-time interpolation uses lower sample; future sample only brackets coverage; violating source timestamp rejects point,deskew call has no NDT input; cloud is published before NDT consumes it; NDT correction can affect only later deskew,NO; structural/code-path evidence is recorded separately
272,1660857419.8233891,1660857419.9242272,1660857419.8233891,PUBLISHED,covered_and_deskewed,29008,29008,1660857417.9245119,1660857419.9244001,0.0050082206726074219,0.02,1.3194168215025801,4.9762899143587553,0.29942626545833173,YES,YES,YES,True,0,0,point-time interpolation uses lower sample; future sample only brackets coverage; violating source timestamp rejects point,deskew call has no NDT input; cloud is published before NDT consumes it; NDT correction can affect only later deskew,NO; structural/code-path evidence is recorded separately
273,1660857419.9242489,1660857420.0250323,1660857419.9242489,PUBLISHED,covered_and_deskewed,29022,29022,1660857418.0294559,1660857420.0293441,0.0050079822540283203,0.02,1.8796232662227566,6.1592119848804092,0.29942626545833173,YES,YES,YES,True,0,0,point-time interpolation uses lower sample; future sample only brackets coverage; violating source timestamp rejects point,deskew call has no NDT input; cloud is published before NDT consumes it; NDT correction can affect only later deskew,NO; structural/code-path evidence is recorded separately
274,1660857420.025053,1660857420.1258924,1660857420.025053,PUBLISHED,covered_and_deskewed,29033,29033,1660857418.129456,1660857420.129344,0.0050079822540283203,0.02,2.0834195341805719,17.297238087503121,0.97691312391755236,YES,YES,YES,True,0,0,point-time interpolation uses lower sample; future sample only brackets coverage; violating source timestamp rejects point,deskew call has no NDT input; cloud is published before NDT consumes it; NDT correction can affect only later deskew,NO; structural/code-path evidence is recorded separately
275,1660857420.1259129,1660857420.2267523,1660857420.1259129,PUBLISHED,covered_and_deskewed,29006,29006,1660857418.2294559,1660857420.2293439,0.0050079822540283203,0.02,1.4040596180951304,5.9372970188706873,0.40836130725967668,YES,YES,YES,True,0,0,point-time interpolation uses lower sample; future sample only brackets coverage; violating source timestamp rejects point,deskew call has no NDT input; cloud is published before NDT consumes it; NDT correction can affect only later deskew,NO; structural/code-path evidence is recorded separately
276,1660857420.226773,1660857420.3276124,1660857420.226773,PUBLISHED,covered_and_deskewed,28393,28393,1660857418.3294561,1660857420.329344,0.0050082206726074219,0.02,1.8450512429553982,6.9093272989895782,0.32514454026798351,YES,YES,YES,True,0,0,point-time interpolation uses lower sample; future sample only brackets coverage; violating source timestamp rejects point,deskew call has no NDT input; cloud is published before NDT consumes it; NDT correction can affect only later deskew,NO; structural/code-path evidence is recorded separately
277,1660857420.3276329,1660857420.4284723,1660857420.3276329,PUBLISHED,covered_and_deskewed,27462,27462,1660857418.429456,1660857420.4293439,0.0050079822540283203,0.02,1.9277193204484657,14.213186999636649,0.68793417211560304,YES,YES,YES,True,0,0,point-time interpolation uses lower sample; future sample only brackets coverage; violating source timestamp rejects point,deskew call has no NDT input; cloud is published before NDT consumes it; NDT correction can affect only later deskew,NO; structural/code-path evidence is recorded separately
278,1660857420.428493,1660857420.5293324,1660857420.428493,PUBLISHED,covered_and_deskewed,26614,26614,1660857418.5294559,1660857420.5293441,0.0050082206726074219,0.02,1.2124008992833721,5.0361173611817147,0.30486481209519706,YES,YES,YES,True,0,0,point-time interpolation uses lower sample; future sample only brackets coverage; violating source timestamp rejects point,deskew call has no NDT input; cloud is published before NDT consumes it; NDT correction can affect only later deskew,NO; structural/code-path evidence is recorded separately
279,1660857420.5293529,1660857420.6301923,1660857420.5293529,PUBLISHED,covered_and_deskewed,26046,26046,1660857418.634464,1660857420.634352,0.0050079822540283203,0.02,1.7119238322726138,6.316655270543901,0.31666219243474703,YES,YES,YES,True,0,0,point-time interpolation uses lower sample; future sample only brackets coverage; violating source timestamp rejects point,deskew call has no NDT input; cloud is published before NDT consumes it; NDT correction can affect only later deskew,NO; structural/code-path evidence is recorded separately
280,1660857420.630213,1660857420.7310524,1660857420.630213,PUBLISHED,covered_and_deskewed,25764,25764,1660857418.7344639,1660857420.7343521,0.0050082206726074219,0.02,1.8708452121767314,16.955515063649923,0.91054955479850697,YES,YES,YES,True,0,0,point-time interpolation uses lower sample; future sample only brackets coverage; violating source timestamp rejects point,deskew call has no NDT input; cloud is published before NDT consumes it; NDT correction can affect only later deskew,NO; structural/code-path evidence is recorded separately
281,1660857420.7310729,1660857420.8319123,1660857420.7310729,PUBLISHED,covered_and_deskewed,25642,25642,1660857418.8344641,1660857420.834352,0.0050082206726074219,0.02,1.3123405947220925,5.3959543168664093,0.27942279636692563,YES,YES,YES,True,0,0,point-time interpolation uses lower sample; future sample only brackets coverage; violating source timestamp rejects point,deskew call has no NDT input; cloud is published before NDT consumes it; NDT correction can affect only later deskew,NO; structural/code-path evidence is recorded separately
282,1660857420.831933,1660857420.9327724,1660857420.831933,PUBLISHED,covered_and_deskewed,25592,25592,1660857418.934464,1660857420.9343519,0.0050079822540283203,0.02,1.8960525813022966,6.6215896425430794,0.26640955916895931,YES,YES,YES,True,0,0,point-time interpolation uses lower sample; future sample only brackets coverage; violating source timestamp rejects point,deskew call has no NDT input; cloud is published before NDT consumes it; NDT correction can affect only later deskew,NO; structural/code-path evidence is recorded separately
283,1660857420.9327929,1660857421.0335763,1660857420.9327929,PUBLISHED,covered_and_deskewed,25520,25520,1660857419.0344,1660857421.0342879,0.0099999904632568359,0.02,1.9796805131909041,12.63180361111521,0.67312030758847208,YES,YES,YES,True,0,0,point-time interpolation uses lower sample; future sample only brackets coverage; violating source timestamp rejects point,deskew call has no NDT input; cloud is published before NDT consumes it; NDT correction can affect only later deskew,NO; structural/code-path evidence is recorded separately
284,1660857421.033597,1660857421.1344364,1660857421.033597,PUBLISHED,covered_and_deskewed,25295,25295,1660857419.1393919,1660857421.1392801,0.0050082206726074219,0.02,1.2742696604855293,4.9624947964156343,0.27509478212551941,YES,YES,YES,True,0,0,point-time interpolation uses lower sample; future sample only brackets coverage; violating source timestamp rejects point,deskew call has no NDT input; cloud is published before NDT consumes it; NDT correction can affect only later deskew,NO; structural/code-path evidence is recorded separately
285,1660857421.1344571,1660857421.2352962,1660857421.1344571,PUBLISHED,covered_and_deskewed,25170,25170,1660857419.239392,1660857421.23928,0.0050079822540283203,0.02,1.8380646757893968,8.4359061374692352,0.25076761602192693,YES,YES,YES,True,0,0,point-time interpolation uses lower sample; future sample only brackets coverage; violating source timestamp rejects point,deskew call has no NDT input; cloud is published before NDT consumes it; NDT correction can affect only later deskew,NO; structural/code-path evidence is recorded separately
286,1660857421.235317,1660857421.3361564,1660857421.235317,PUBLISHED,covered_and_deskewed,25597,25597,1660857419.3393919,1660857421.3392799,0.0050079822540283203,0.02,1.8913182694488093,15.577466463464194,0.7444288395515023,YES,YES,YES,True,0,0,point-time interpolation uses lower sample; future sample only brackets coverage; violating source timestamp rejects point,deskew call has no NDT input; cloud is published before NDT consumes it; NDT correction can affect only later deskew,NO; structural/code-path evidence is recorded separately
287,1660857421.3361771,1660857421.4370162,1660857421.3361771,PUBLISHED,covered_and_deskewed,26318,26318,1660857419.4393921,1660857421.43928,0.0050082206726074219,0.02,1.2328956821665151,4.8234166717149156,0.29420643938662799,YES,YES,YES,True,0,0,point-time interpolation uses lower sample; future sample only brackets coverage; violating source timestamp rejects point,deskew call has no NDT input; cloud is published before NDT consumes it; NDT correction can affect only later deskew,NO; structural/code-path evidence is recorded separately
288,1660857421.437037,1660857421.5378764,1660857421.437037,PUBLISHED,covered_and_deskewed,27019,27019,1660857419.539392,1660857421.5392799,0.0050079822540283203,0.02,1.7222290082807155,6.7102247629487186,0.26465239762847831,YES,YES,YES,True,0,0,point-time interpolation uses lower sample; future sample only brackets coverage; violating source timestamp rejects point,deskew call has no NDT input; cloud is published before NDT consumes it; NDT correction can affect only later deskew,NO; structural/code-path evidence is recorded separately
289,1660857421.5378971,1660857421.6387353,1660857421.5378971,PUBLISHED,covered_and_deskewed,27830,27830,1660857419.6393919,1660857421.6392801,0.0050082206726074219,0.02,1.8593907935560519,14.534080453368915,0.66738800903423778,YES,YES,YES,True,0,0,point-time interpolation uses lower sample; future sample only brackets coverage; violating source timestamp rejects point,deskew call has no NDT input; cloud is published before NDT consumes it; NDT correction can affect only later deskew,NO; structural/code-path evidence is recorded separately
290,1660857421.638757,1660857421.7395954,1660857421.638757,PUBLISHED,covered_and_deskewed,28681,28681,1660857419.7444,1660857421.744288,0.0050079822540283203,0.02,1.1803869592645642,5.1950536663632425,0.29364593435724151,YES,YES,YES,True,0,0,point-time interpolation uses lower sample; future sample only brackets coverage; violating source timestamp rejects point,deskew call has no NDT input; cloud is published before NDT consumes it; NDT correction can affect only later deskew,NO; structural/code-path evidence is recorded separately
291,1660857421.7396171,1660857421.8404553,1660857421.7396171,PUBLISHED,covered_and_deskewed,28994,28994,1660857419.8443999,1660857421.8442881,0.0050082206726074219,0.02,1.7195872880384375,12.203530328825899,0.55834959673880613,YES,YES,YES,True,0,0,point-time interpolation uses lower sample; future sample only brackets coverage; violating source timestamp rejects point,deskew call has no NDT input; cloud is published before NDT consumes it; NDT correction can affect only later deskew,NO; structural/code-path evidence is recorded separately
292,1660857421.840477,1660857421.9413154,1660857421.840477,PUBLISHED,covered_and_deskewed,28894,28894,1660857419.9444001,1660857421.944288,0.0050082206726074219,0.02,1.6960688358192735,23.32429334525861,1.2231385516946069,YES,YES,YES,True,0,0,point-time interpolation uses lower sample; future sample only brackets coverage; violating source timestamp rejects point,deskew call has no NDT input; cloud is published before NDT consumes it; NDT correction can affect only later deskew,NO; structural/code-path evidence is recorded separately
293,1660857421.9413359,1660857422.0421193,1660857421.9413359,PUBLISHED,covered_and_deskewed,28028,28028,1660857420.0443521,1660857422.044224,0.0050079822540283203,0.02,1.0702857353953217,5.1507951296006258,0.39318130515952443,YES,YES,YES,True,0,0,point-time interpolation uses lower sample; future sample only brackets coverage; violating source timestamp rejects point,deskew call has no NDT input; cloud is published before NDT consumes it; NDT correction can affect only later deskew,NO; structural/code-path evidence is recorded separately
294,1660857422.04214,1660857422.1429794,1660857422.04214,PUBLISHED,covered_and_deskewed,27109,27109,1660857420.144352,1660857422.1442239,0.0050079822540283203,0.02,1.7897735883424695,11.983193579219391,0.27951002201423858,YES,YES,YES,True,0,0,point-time interpolation uses lower sample; future sample only brackets coverage; violating source timestamp rejects point,deskew call has no NDT input; cloud is published before NDT consumes it; NDT correction can affect only later deskew,NO; structural/code-path evidence is recorded separately
295,1660857422.1429999,1660857422.2438393,1660857422.1429999,PUBLISHED,covered_and_deskewed,26201,26201,1660857420.2443521,1660857422.2442241,0.0050082206726074219,0.02,1.898136860114169,14.094049252059888,0.79135593383013669,YES,YES,YES,True,0,0,point-time interpolation uses lower sample; future sample only brackets coverage; violating source timestamp rejects point,deskew call has no NDT input; cloud is published before NDT consumes it; NDT correction can affect only later deskew,NO; structural/code-path evidence is recorded separately
296,1660857422.24386,1660857422.3344095,1660857422.24386,PUBLISHED,covered_and_deskewed,25677,25677,1660857420.339344,1660857422.339216,0.0050079822540283203,0.02,1.2090218971407258,5.3026580452232484,0.33043103329298923,YES,YES,YES,True,0,0,point-time interpolation uses lower sample; future sample only brackets coverage; violating source timestamp rejects point,deskew call has no NDT input; cloud is published before NDT consumes it; NDT correction can affect only later deskew,NO; structural/code-path evidence is recorded separately
297,1660857422.3447199,1660857422.4341636,1660857422.3447199,PUBLISHED,covered_and_deskewed,24974,24974,1660857420.4343519,1660857422.4342239,0.0050079822540283203,0.02,1.7111060586937461,6.2255104460872213,0.21817735498192692,YES,YES,YES,True,0,0,point-time interpolation uses lower sample; future sample only brackets coverage; violating source timestamp rejects point,deskew call has no NDT input; cloud is published before NDT consumes it; NDT correction can affect only later deskew,NO; structural/code-path evidence is recorded separately
298,1660857422.44558,1660857422.5340538,1660857422.44558,PUBLISHED,covered_and_deskewed,24179,24179,1660857420.5343521,1660857422.534224,0.0050082206726074219,0.02,1.7530387308469115,15.515011400779141,0.92590400989180921,YES,YES,YES,True,0,0,point-time interpolation uses lower sample; future sample only brackets coverage; violating source timestamp rejects point,deskew call has no NDT input; cloud is published before NDT consumes it; NDT correction can affect only later deskew,NO; structural/code-path evidence is recorded separately
299,1660857422.5464399,1660857422.6336467,1660857422.5464399,PUBLISHED,covered_and_deskewed,23616,23616,1660857420.634352,1660857422.6342239,0.0050079822540283203,0.02,1.0636302248370049,4.7265134675396441,0.30157576235017108,YES,YES,YES,True,0,0,point-time interpolation uses lower sample; future sample only brackets coverage; violating source timestamp rejects point,deskew call has no NDT input; cloud is published before NDT consumes it; NDT correction can affect only later deskew,NO; structural/code-path evidence is recorded separately
300,1660857422.6473,1660857422.7361701,1660857422.6473,PUBLISHED,covered_and_deskewed,24182,24182,1660857420.7443521,1660857422.7442241,0.0099999904632568359,0.02,1.7099052091791904,6.587408832359289,0.20161487775998774,YES,YES,YES,True,0,0,point-time interpolation uses lower sample; future sample only brackets coverage; violating source timestamp rejects point,deskew call has no NDT input; cloud is published before NDT consumes it; NDT correction can affect only later deskew,NO; structural/code-path evidence is recorded separately
301,1660857422.7481599,1660857422.8407898,1660857422.7481599,PUBLISHED,covered_and_deskewed,25066,25066,1660857420.844352,1660857422.844224,0.0050079822540283203,0.02,1.7906784214017628,15.552322602792813,0.71207129805239133,YES,YES,YES,True,0,0,point-time interpolation uses lower sample; future sample only brackets coverage; violating source timestamp rejects point,deskew call has no NDT input; cloud is published before NDT consumes it; NDT correction can affect only later deskew,NO; structural/code-path evidence is recorded separately
302,1660857422.84902,1660857422.9436862,1660857422.84902,PUBLISHED,covered_and_deskewed,25893,25893,1660857420.9443519,1660857422.9442241,0.0050082206726074219,0.02,1.1882959225807106,5.2089186796794058,0.29057752996231878,YES,YES,YES,True,0,0,point-time interpolation uses lower sample; future sample only brackets coverage; violating source timestamp rejects point,deskew call has no NDT input; cloud is published before NDT consumes it; NDT correction can affect only later deskew,NO; structural/code-path evidence is recorded separately
303,1660857422.9498799,1660857423.04687,1660857422.9498799,PUBLISHED,covered_and_deskewed,26660,26660,1660857421.0492799,1660857423.0491681,0.0050082206726074219,0.02,1.7466651546263985,6.1242394877195601,0.34597843323041261,YES,YES,YES,True,0,0,point-time interpolation uses lower sample; future sample only brackets coverage; violating source timestamp rejects point,deskew call has no NDT input; cloud is published before NDT consumes it; NDT correction can affect only later deskew,NO; structural/code-path evidence is recorded separately
304,1660857423.0506849,1660857423.1513538,1660857423.0506849,PUBLISHED,covered_and_deskewed,27329,27329,1660857421.1542881,1660857423.154176,0.0050079822540283203,0.02,1.8442476058866784,15.107792930830957,0.84729672008683687,YES,YES,YES,True,0,0,point-time interpolation uses lower sample; future sample only brackets coverage; violating source timestamp rejects point,deskew call has no NDT input; cloud is published before NDT consumes it; NDT correction can affect only later deskew,NO; structural/code-path evidence is recorded separately
305,1660857423.151545,1660857423.2523842,1660857423.151545,PUBLISHED,covered_and_deskewed,28053,28053,1660857421.254288,1660857423.2541759,0.0050079822540283203,0.02,1.2912627292193213,5.6117974289024524,0.43365504905691665,YES,YES,YES,True,0,0,point-time interpolation uses lower sample; future sample only brackets coverage; violating source timestamp rejects point,deskew call has no NDT input; cloud is published before NDT consumes it; NDT correction can affect only later deskew,NO; structural/code-path evidence is recorded separately
306,1660857423.2524049,1660857423.3532443,1660857423.2524049,PUBLISHED,covered_and_deskewed,28823,28823,1660857421.3542881,1660857423.354176,0.0050082206726074219,0.02,1.9560139476672966,11.512398239959598,0.36655786988090322,YES,YES,YES,True,0,0,point-time interpolation uses lower sample; future sample only brackets coverage; violating source timestamp rejects point,deskew call has no NDT input; cloud is published before NDT consumes it; NDT correction can affect only later deskew,NO; structural/code-path evidence is recorded separately
307,1660857423.353265,1660857423.4541042,1660857423.353265,PUBLISHED,covered_and_deskewed,28842,28842,1660857421.454288,1660857423.4541759,0.0050079822540283203,0.02,1.8574773167179413,13.96018529243244,0.65912542061925028,YES,YES,YES,True,0,0,point-time interpolation uses lower sample; future sample only brackets coverage; violating source timestamp rejects point,deskew call has no NDT input; cloud is published before NDT consumes it; NDT correction can affect only later deskew,NO; structural/code-path evidence is recorded separately
308,1660857423.4541249,1660857423.5549634,1660857423.4541249,PUBLISHED,covered_and_deskewed,28767,28767,1660857421.5592799,1660857423.5591681,0.0050082206726074219,0.02,1.2635314091277656,6.0520134663925278,0.72310017338596877,YES,YES,YES,True,0,0,point-time interpolation uses lower sample; future sample only brackets coverage; violating source timestamp rejects point,deskew call has no NDT input; cloud is published before NDT consumes it; NDT correction can affect only later deskew,NO; structural/code-path evidence is recorded separately
309,1660857423.554985,1660857423.6558232,1660857423.554985,PUBLISHED,covered_and_deskewed,28793,28793,1660857421.6592801,1660857423.659168,0.0050079822540283203,0.02,1.8801288643772547,22.158131081436039,0.92869676676841073,YES,YES,YES,True,0,0,point-time interpolation uses lower sample; future sample only brackets coverage; violating source timestamp rejects point,deskew call has no NDT input; cloud is published before NDT consumes it; NDT correction can affect only later deskew,NO; structural/code-path evidence is recorded separately
310,1660857423.6558449,1660857423.7566833,1660857423.6558449,PUBLISHED,covered_and_deskewed,28820,28820,1660857421.75928,1660857423.7591679,0.0050079822540283203,0.02,1.7893120568829526,22.153571711111013,0.92622694662723837,YES,YES,YES,True,0,0,point-time interpolation uses lower sample; future sample only brackets coverage; violating source timestamp rejects point,deskew call has no NDT input; cloud is published before NDT consumes it; NDT correction can affect only later deskew,NO; structural/code-path evidence is recorded separately
311,1660857423.7567041,1660857423.8575432,1660857423.7567041,PUBLISHED,covered_and_deskewed,28744,28744,1660857421.8592801,1660857423.8591681,0.0050082206726074219,0.02,1.3397985217443558,5.1030461981326143,0.94266427039280642,YES,YES,YES,True,0,0,point-time interpolation uses lower sample; future sample only brackets coverage; violating source timestamp rejects point,deskew call has no NDT input; cloud is published before NDT consumes it; NDT correction can affect only later deskew,NO; structural/code-path evidence is recorded separately
312,1660857423.857564,1660857423.9584033,1660857423.857564,PUBLISHED,covered_and_deskewed,28748,28748,1660857421.95928,1660857423.959168,0.0050079822540283203,0.02,1.8641319182625797,13.705182983250396,1.1321234487412963,YES,YES,YES,True,0,0,point-time interpolation uses lower sample; future sample only brackets coverage; violating source timestamp rejects point,deskew call has no NDT input; cloud is published before NDT consumes it; NDT correction can affect only later deskew,NO; structural/code-path evidence is recorded separately
313,1660857423.9584241,1660857424.0592072,1660857423.9584241,PUBLISHED,covered_and_deskewed,28807,28807,1660857422.064224,1660857424.0641279,0.0050079822540283203,0.02,1.7274635322694927,13.713537832986566,1.3673737653285294,YES,YES,YES,True,0,0,point-time interpolation uses lower sample; future sample only brackets coverage; violating source timestamp rejects point,deskew call has no NDT input; cloud is published before NDT consumes it; NDT correction can affect only later deskew,NO; structural/code-path evidence is recorded separately
314,1660857424.0592279,1660857424.1600673,1660857424.0592279,PUBLISHED,covered_and_deskewed,28800,28800,1660857422.1642239,1660857424.1641281,0.0050082206726074219,0.02,1.1808189091995096,6.6895215814658799,1.1262457816055462,YES,YES,YES,True,0,0,point-time interpolation uses lower sample; future sample only brackets coverage; violating source timestamp rejects point,deskew call has no NDT input; cloud is published before NDT consumes it; NDT correction can affect only later deskew,NO; structural/code-path evidence is recorded separately
315,1660857424.1600881,1660857424.2609272,1660857424.1600881,PUBLISHED,covered_and_deskewed,28789,28789,1660857422.2642241,1660857424.264128,0.0050079822540283203,0.02,1.0484546638278629,9.1738816148928599,1.0782061619337298,YES,YES,YES,True,0,0,point-time interpolation uses lower sample; future sample only brackets coverage; violating source timestamp rejects point,deskew call has no NDT input; cloud is published before NDT consumes it; NDT correction can affect only later deskew,NO; structural/code-path evidence is recorded separately
316,1660857424.2609479,1660857424.3617873,1660857424.2609479,PUBLISHED,covered_and_deskewed,28800,28800,1660857422.364224,1660857424.3641281,0.0050082206726074219,0.02,0.87894002364126478,11.772346473484998,1.27213389932048,YES,YES,YES,True,0,0,point-time interpolation uses lower sample; future sample only brackets coverage; violating source timestamp rejects point,deskew call has no NDT input; cloud is published before NDT consumes it; NDT correction can affect only later deskew,NO; structural/code-path evidence is recorded separately
317,1660857424.3618081,1660857424.4626472,1660857424.3618081,PUBLISHED,covered_and_deskewed,28783,28783,1660857422.4642241,1660857424.464128,0.0050082206726074219,0.02,0.47177643409691217,5.6377765558142352,1.2499774074082486,YES,YES,YES,True,0,0,point-time interpolation uses lower sample; future sample only brackets coverage; violating source timestamp rejects point,deskew call has no NDT input; cloud is published before NDT consumes it; NDT correction can affect only later deskew,NO; structural/code-path evidence is recorded separately
318,1660857424.4626679,1660857424.5635073,1660857424.4626679,PUBLISHED,covered_and_deskewed,28745,28745,1660857422.564224,1660857424.5641279,0.0050079822540283203,0.02,0.24067169535350844,9.0108265576864905,1.0087914376350124,YES,YES,YES,True,0,0,point-time interpolation uses lower sample; future sample only brackets coverage; violating source timestamp rejects point,deskew call has no NDT input; cloud is published before NDT consumes it; NDT correction can affect only later deskew,NO; structural/code-path evidence is recorded separately
319,1660857424.5635281,1660857424.6643672,1660857424.5635281,PUBLISHED,covered_and_deskewed,28766,28766,1660857422.6692159,1660857424.6691201,0.0050082206726074219,0.02,0.30812187160592891,7.9970523132575924,1.1095410008273161,YES,YES,YES,True,0,0,point-time interpolation uses lower sample; future sample only brackets coverage; violating source timestamp rejects point,deskew call has no NDT input; cloud is published before NDT consumes it; NDT correction can affect only later deskew,NO; structural/code-path evidence is recorded separately
320,1660857424.6643879,1660857424.7652273,1660857424.6643879,PUBLISHED,covered_and_deskewed,28745,28745,1660857422.7692161,1660857424.76912,0.0099999904632568359,0.02,0.3903510309788098,2.6189292410010707,1.1056261455001266,YES,YES,YES,True,0,0,point-time interpolation uses lower sample; future sample only brackets coverage; violating source timestamp rejects point,deskew call has no NDT input; cloud is published before NDT consumes it; NDT correction can affect only later deskew,NO; structural/code-path evidence is recorded separately
321,1660857424.7652481,1660857424.8660872,1660857424.7652481,PUBLISHED,covered_and_deskewed,28790,28790,1660857422.869216,1660857424.8691199,0.0050082206726074219,0.02,0.12917248440745752,2.3925793682655905,1.0463355854122549,YES,YES,YES,True,0,0,point-time interpolation uses lower sample; future sample only brackets coverage; violating source timestamp rejects point,deskew call has no NDT input; cloud is published before NDT consumes it; NDT correction can affect only later deskew,NO; structural/code-path evidence is recorded separately
322,1660857424.8661079,1660857424.9669473,1660857424.8661079,PUBLISHED,covered_and_deskewed,28784,28784,1660857422.9692161,1660857424.96912,0.0050082206726074219,0.02,0.50595974131429389,12.744702517147116,1.0993818243665654,YES,YES,YES,True,0,0,point-time interpolation uses lower sample; future sample only brackets coverage; violating source timestamp rejects point,deskew call has no NDT input; cloud is published before NDT consumes it; NDT correction can affect only later deskew,NO; structural/code-path evidence is recorded separately
323,1660857424.9669681,1660857425.0677524,1660857424.9669681,PUBLISHED,covered_and_deskewed,28677,28677,1660857423.0691681,1660857425.069056,0.0050079822540283203,0.02,0.26815212574473402,5.8099954423346993,1.0430836064282798,YES,YES,YES,True,0,0,point-time interpolation uses lower sample; future sample only brackets coverage; violating source timestamp rejects point,deskew call has no NDT input; cloud is published before NDT consumes it; NDT correction can affect only later deskew,NO; structural/code-path evidence is recorded separately
324,1660857425.0677731,1660857425.1686122,1660857425.0677731,PUBLISHED,covered_and_deskewed,28763,28763,1660857423.169168,1660857425.1690559,0.0050079822540283203,0.02,0.24892928691115321,2.4687489444493464,1.0430836064282798,YES,YES,YES,True,0,0,point-time interpolation uses lower sample; future sample only brackets coverage; violating source timestamp rejects point,deskew call has no NDT input; cloud is published before NDT consumes it; NDT correction can affect only later deskew,NO; structural/code-path evidence is recorded separately
325,1660857425.168633,1660857425.2694724,1660857425.168633,PUBLISHED,covered_and_deskewed,28779,28779,1660857423.2741759,1660857425.2740641,0.0050082206726074219,0.02,0.24703194954680557,7.4619262684421059,0.99338772736248726,YES,YES,YES,True,0,0,point-time interpolation uses lower sample; future sample only brackets coverage; violating source timestamp rejects point,deskew call has no NDT input; cloud is published before NDT consumes it; NDT correction can affect only later deskew,NO; structural/code-path evidence is recorded separately
326,1660857425.2694931,1660857425.3703313,1660857425.2694931,PUBLISHED,covered_and_deskewed,28765,28765,1660857423.374176,1660857425.374064,0.0050079822540283203,0.02,3.0954939304149054,9.4979992013447951,1.0501707686434509,YES,YES,YES,True,0,0,point-time interpolation uses lower sample; future sample only brackets coverage; violating source timestamp rejects point,deskew call has no NDT input; cloud is published before NDT consumes it; NDT correction can affect only later deskew,NO; structural/code-path evidence is recorded separately
327,1660857425.370353,1660857425.4711914,1660857425.370353,PUBLISHED,covered_and_deskewed,28747,28747,1660857423.4741759,1660857425.4740641,0.0050082206726074219,0.02,4.2198377957116717,2.1277071788797222,1.0920257624674581,YES,YES,YES,True,0,0,point-time interpolation uses lower sample; future sample only brackets coverage; violating source timestamp rejects point,deskew call has no NDT input; cloud is published before NDT consumes it; NDT correction can affect only later deskew,NO; structural/code-path evidence is recorded separately
328,1660857425.4712131,1660857425.5720513,1660857425.4712131,PUBLISHED,covered_and_deskewed,28704,28704,1660857423.5741761,1660857425.574064,0.0050082206726074219,0.02,4.5483120459790864,1.6014851850113405,1.062156702147169,YES,YES,YES,True,0,0,point-time interpolation uses lower sample; future sample only brackets coverage; violating source timestamp rejects point,deskew call has no NDT input; cloud is published before NDT consumes it; NDT correction can affect only later deskew,NO; structural/code-path evidence is recorded separately
329,1660857425.572072,1660857425.6729114,1660857425.572072,PUBLISHED,covered_and_deskewed,28717,28717,1660857423.674176,1660857425.6740639,0.0050079822540283203,0.02,2.5302956469451252,12.442460729710133,1.0860564134947452,YES,YES,YES,True,0,0,point-time interpolation uses lower sample; future sample only brackets coverage; violating source timestamp rejects point,deskew call has no NDT input; cloud is published before NDT consumes it; NDT correction can affect only later deskew,NO; structural/code-path evidence is recorded separately
330,1660857425.6729319,1660857425.7737713,1660857425.6729319,PUBLISHED,covered_and_deskewed,28739,28739,1660857423.7741759,1660857425.7740641,0.0050082206726074219,0.02,1.0748473348435412,7.5101689743654072,1.0432186214814596,YES,YES,YES,True,0,0,point-time interpolation uses lower sample; future sample only brackets coverage; violating source timestamp rejects point,deskew call has no NDT input; cloud is published before NDT consumes it; NDT correction can affect only later deskew,NO; structural/code-path evidence is recorded separately
331,1660857425.773792,1660857425.8746314,1660857425.773792,PUBLISHED,covered_and_deskewed,28757,28757,1660857423.879168,1660857425.879056,0.0050079822540283203,0.02,0.3607679875961623,10.661985494070406,1.2032118362826625,YES,YES,YES,True,0,0,point-time interpolation uses lower sample; future sample only brackets coverage; violating source timestamp rejects point,deskew call has no NDT input; cloud is published before NDT consumes it; NDT correction can affect only later deskew,NO; structural/code-path evidence is recorded separately
332,1660857425.8746519,1660857425.9754913,1660857425.8746519,PUBLISHED,covered_and_deskewed,28793,28793,1660857423.9791679,1660857425.9790559,0.0050082206726074219,0.02,0.27403547153131746,8.0233811366698049,1.0237116820762346,YES,YES,YES,True,0,0,point-time interpolation uses lower sample; future sample only brackets coverage; violating source timestamp rejects point,deskew call has no NDT input; cloud is published before NDT consumes it; NDT correction can affect only later deskew,NO; structural/code-path evidence is recorded separately
333,1660857425.975512,1660857426.0762954,1660857425.975512,PUBLISHED,covered_and_deskewed,28812,28812,1660857424.0791199,1660857426.0790081,0.0050082206726074219,0.02,0.35892849759350909,16.322301702353855,0.90160610262218932,YES,YES,YES,True,0,0,point-time interpolation uses lower sample; future sample only brackets coverage; violating source timestamp rejects point,deskew call has no NDT input; cloud is published before NDT consumes it; NDT correction can affect only later deskew,NO; structural/code-path evidence is recorded separately
334,1660857426.0763161,1660857426.1771553,1660857426.0763161,PUBLISHED,covered_and_deskewed,28821,28821,1660857424.1791201,1660857426.179008,0.0050079822540283203,0.02,0.29707003912830948,4.6119234435987124,0.47413698057210646,YES,YES,YES,True,0,0,point-time interpolation uses lower sample; future sample only brackets coverage; violating source timestamp rejects point,deskew call has no NDT input; cloud is published before NDT consumes it; NDT correction can affect only later deskew,NO; structural/code-path evidence is recorded separately
335,1660857426.177176,1660857426.2780154,1660857426.177176,PUBLISHED,covered_and_deskewed,28816,28816,1660857424.27912,1660857426.2790079,0.0050079822540283203,0.02,0.54628650574966409,4.7747795650612845,0.30575473854438767,YES,YES,YES,True,0,0,point-time interpolation uses lower sample; future sample only brackets coverage; violating source timestamp rejects point,deskew call has no NDT input; cloud is published before NDT consumes it; NDT correction can affect only later deskew,NO; structural/code-path evidence is recorded separately
336,1660857426.2780361,1660857426.3788753,1660857426.2780361,PUBLISHED,covered_and_deskewed,28811,28811,1660857424.3791201,1660857426.3790081,0.0099999904632568359,0.02,0.61727536803043537,13.492224620697746,0.48984259917734085,YES,YES,YES,True,0,0,point-time interpolation uses lower sample; future sample only brackets coverage; violating source timestamp rejects point,deskew call has no NDT input; cloud is published before NDT consumes it; NDT correction can affect only later deskew,NO; structural/code-path evidence is recorded separately
337,1660857426.378896,1660857426.4797354,1660857426.378896,PUBLISHED,covered_and_deskewed,28793,28793,1660857424.484128,1660857426.4840159,0.0050079822540283203,0.02,0.39367874594110097,5.5842735185534353,0.39791420007934375,YES,YES,YES,True,0,0,point-time interpolation uses lower sample; future sample only brackets coverage; violating source timestamp rejects point,deskew call has no NDT input; cloud is published before NDT consumes it; NDT correction can affect only later deskew,NO; structural/code-path evidence is recorded separately
338,1660857426.4797561,1660857426.5805953,1660857426.4797561,PUBLISHED,covered_and_deskewed,28758,28758,1660857424.5841279,1660857426.5840161,0.0050082206726074219,0.02,1.0766694233453173,5.5960535396068449,0.41634715693155527,YES,YES,YES,True,0,0,point-time interpolation uses lower sample; future sample only brackets coverage; violating source timestamp rejects point,deskew call has no NDT input; cloud is published before NDT consumes it; NDT correction can affect only later deskew,NO; structural/code-path evidence is recorded separately
339,1660857426.580616,1660857426.6814554,1660857426.580616,PUBLISHED,covered_and_deskewed,28808,28808,1660857424.684128,1660857426.684016,0.0050079822540283203,0.02,2.0531117365855991,18.372362243471237,0.70951078864415973,YES,YES,YES,True,0,0,point-time interpolation uses lower sample; future sample only brackets coverage; violating source timestamp rejects point,deskew call has no NDT input; cloud is published before NDT consumes it; NDT correction can affect only later deskew,NO; structural/code-path evidence is recorded separately
340,1660857426.6814761,1660857426.7823153,1660857426.6814761,PUBLISHED,covered_and_deskewed,28796,28796,1660857424.784128,1660857426.7840159,0.0050079822540283203,0.02,1.4124796847661856,5.4430644803150887,0.35801705478584467,YES,YES,YES,True,0,0,point-time interpolation uses lower sample; future sample only brackets coverage; violating source timestamp rejects point,deskew call has no NDT input; cloud is published before NDT consumes it; NDT correction can affect only later deskew,NO; structural/code-path evidence is recorded separately
341,1660857426.782336,1660857426.8831754,1660857426.782336,PUBLISHED,covered_and_deskewed,28792,28792,1660857424.8841281,1660857426.884016,0.0050082206726074219,0.02,1.7902604911712343,5.8950818759711892,0.35801705478584467,YES,YES,YES,True,0,0,point-time interpolation uses lower sample; future sample only brackets coverage; violating source timestamp rejects point,deskew call has no NDT input; cloud is published before NDT consumes it; NDT correction can affect only later deskew,NO; structural/code-path evidence is recorded separately
342,1660857426.8831961,1660857426.9840353,1660857426.8831961,PUBLISHED,covered_and_deskewed,28824,28824,1660857424.98912,1660857426.9890079,0.0050079822540283203,0.02,1.9178990461144898,22.777860470741711,1.3876678133895277,YES,YES,YES,True,0,0,point-time interpolation uses lower sample; future sample only brackets coverage; violating source timestamp rejects point,deskew call has no NDT input; cloud is published before NDT consumes it; NDT correction can affect only later deskew,NO; structural/code-path evidence is recorded separately
343,1660857426.984056,1660857427.0848393,1660857426.984056,PUBLISHED,covered_and_deskewed,28795,28795,1660857425.089056,1660857427.088944,0.0050079822540283203,0.02,1.1796098237235171,10.048160335122436,0.49335668064351795,YES,YES,YES,True,0,0,point-time interpolation uses lower sample; future sample only brackets coverage; violating source timestamp rejects point,deskew call has no NDT input; cloud is published before NDT consumes it; NDT correction can affect only later deskew,NO; structural/code-path evidence is recorded separately
344,1660857427.0848601,1660857427.1856992,1660857427.0848601,PUBLISHED,covered_and_deskewed,28796,28796,1660857425.1890559,1660857427.1889441,0.0050082206726074219,0.02,1.5248518181497503,22.801378292097223,1.0410646284655376,YES,YES,YES,True,0,0,point-time interpolation uses lower sample; future sample only brackets coverage; violating source timestamp rejects point,deskew call has no NDT input; cloud is published before NDT consumes it; NDT correction can affect only later deskew,NO; structural/code-path evidence is recorded separately
345,1660857427.18572,1660857427.2865584,1660857427.18572,PUBLISHED,covered_and_deskewed,27876,27876,1660857425.2890561,1660857427.288944,0.0099999904632568359,0.02,1.3167840741669952,20.699242073602306,0.88885401931228813,YES,YES,YES,True,0,0,point-time interpolation uses lower sample; future sample only brackets coverage; violating source timestamp rejects point,deskew call has no NDT input; cloud is published before NDT consumes it; NDT correction can affect only later deskew,NO; structural/code-path evidence is recorded separately
346,1660857427.2865801,1660857427.3874183,1660857427.2865801,PUBLISHED,covered_and_deskewed,27110,27110,1660857425.389056,1660857427.3889439,0.0050079822540283203,0.02,0.57484593872602519,6.7999559416575641,0.61454368331965248,YES,YES,YES,True,0,0,point-time interpolation uses lower sample; future sample only brackets coverage; violating source timestamp rejects point,deskew call has no NDT input; cloud is published before NDT consumes it; NDT correction can affect only later deskew,NO; structural/code-path evidence is recorded separately
347,1660857427.387439,1660857427.4882784,1660857427.387439,PUBLISHED,covered_and_deskewed,26372,26372,1660857425.4890561,1660857427.4889441,0.0050082206726074219,0.02,0.94315929239516372,9.653232172199635,0.89688101301253342,YES,YES,YES,True,0,0,point-time interpolation uses lower sample; future sample only brackets coverage; violating source timestamp rejects point,deskew call has no NDT input; cloud is published before NDT consumes it; NDT correction can affect only later deskew,NO; structural/code-path evidence is recorded separately
348,1660857427.4882989,1660857427.5891383,1660857427.4882989,PUBLISHED,covered_and_deskewed,25661,25661,1660857425.594064,1660857427.5939519,0.0050079822540283203,0.02,0.99112333883587311,5.4531941677819873,1.3485305038252142,YES,YES,YES,True,0,0,point-time interpolation uses lower sample; future sample only brackets coverage; violating source timestamp rejects point,deskew call has no NDT input; cloud is published before NDT consumes it; NDT correction can affect only later deskew,NO; structural/code-path evidence is recorded separately
349,1660857427.589159,1660857427.6899984,1660857427.589159,PUBLISHED,covered_and_deskewed,25302,25302,1660857425.6940639,1660857427.6939521,0.0050082206726074219,0.02,1.1944104335534109,6.096398698713382,1.6150551073779253,YES,YES,YES,True,0,0,point-time interpolation uses lower sample; future sample only brackets coverage; violating source timestamp rejects point,deskew call has no NDT input; cloud is published before NDT consumes it; NDT correction can affect only later deskew,NO; structural/code-path evidence is recorded separately
350,1660857427.6900189,1660857427.7908583,1660857427.6900189,PUBLISHED,covered_and_deskewed,25143,25143,1660857425.794064,1660857427.793952,0.0050079822540283203,0.02,1.683024173246255,18.190007688108228,1.5439696093278947,YES,YES,YES,True,0,0,point-time interpolation uses lower sample; future sample only brackets coverage; violating source timestamp rejects point,deskew call has no NDT input; cloud is published before NDT consumes it; NDT correction can affect only later deskew,NO; structural/code-path evidence is recorded separately
351,1660857427.790879,1660857427.8917184,1660857427.790879,PUBLISHED,covered_and_deskewed,24361,24361,1660857425.8940639,1660857427.8939519,0.0050079822540283203,0.02,3.7037557074625482,13.870918642119467,1.1012210264772182,YES,YES,YES,True,0,0,point-time interpolation uses lower sample; future sample only brackets coverage; violating source timestamp rejects point,deskew call has no NDT input; cloud is published before NDT consumes it; NDT correction can affect only later deskew,NO; structural/code-path evidence is recorded separately
352,1660857427.8917389,1660857427.9872704,1660857427.8917389,PUBLISHED,covered_and_deskewed,21588,21588,1660857425.9890561,1660857427.9889441,0.0050082206726074219,0.02,4.1240797562961493,5.1004303935526645,0.7028834149452724,YES,YES,YES,True,0,0,point-time interpolation uses lower sample; future sample only brackets coverage; violating source timestamp rejects point,deskew call has no NDT input; cloud is published before NDT consumes it; NDT correction can affect only later deskew,NO; structural/code-path evidence is recorded separately
353,1660857427.992599,1660857428.0819921,1660857427.992599,PUBLISHED,covered_and_deskewed,20502,20502,1660857426.0840161,1660857428.083904,0.0050079822540283203,0.02,5.0030571806225055,19.16692043034913,1.2664665897880245,YES,YES,YES,True,0,0,point-time interpolation uses lower sample; future sample only brackets coverage; violating source timestamp rejects point,deskew call has no NDT input; cloud is published before NDT consumes it; NDT correction can affect only later deskew,NO; structural/code-path evidence is recorded separately
354,1660857428.0934041,1660857428.1786501,1660857428.0934041,PUBLISHED,covered_and_deskewed,19965,19965,1660857426.179008,1660857428.178896,0.0050079822540283203,0.02,3.1935333150725143,10.793561894841647,0.79014074487249597,YES,YES,YES,True,0,0,point-time interpolation uses lower sample; future sample only brackets coverage; violating source timestamp rejects point,deskew call has no NDT input; cloud is published before NDT consumes it; NDT correction can affect only later deskew,NO; structural/code-path evidence is recorded separately
355,1660857428.1942639,1660857428.2769022,1660857428.1942639,PUBLISHED,covered_and_deskewed,19598,19598,1660857426.2790079,1660857428.2788961,0.0050082206726074219,0.02,2.5015038171394388,5.3309414193800349,0.36359706061044167,YES,YES,YES,True,0,0,point-time interpolation uses lower sample; future sample only brackets coverage; violating source timestamp rejects point,deskew call has no NDT input; cloud is published before NDT consumes it; NDT correction can affect only later deskew,NO; structural/code-path evidence is recorded separately
356,1660857428.2951241,1660857428.3758605,1660857428.2951241,PUBLISHED,covered_and_deskewed,19179,19179,1660857426.3790081,1660857428.378896,0.0050079822540283203,0.02,2.5245370894220605,8.970377710643282,0.66319868849670338,YES,YES,YES,True,0,0,point-time interpolation uses lower sample; future sample only brackets coverage; violating source timestamp rejects point,deskew call has no NDT input; cloud is published before NDT consumes it; NDT correction can affect only later deskew,NO; structural/code-path evidence is recorded separately
357,1660857428.3959839,1660857428.4766607,1660857428.3959839,PUBLISHED,covered_and_deskewed,18955,18955,1660857426.479008,1660857428.4788959,0.0050079822540283203,0.02,1.8482297444124605,10.446324858450769,0.68713877305868787,YES,YES,YES,True,0,0,point-time interpolation uses lower sample; future sample only brackets coverage; violating source timestamp rejects point,deskew call has no NDT input; cloud is published before NDT consumes it; NDT correction can affect only later deskew,NO; structural/code-path evidence is recorded separately
358,1660857428.4968441,1660857428.5774951,1660857428.4968441,PUBLISHED,covered_and_deskewed,18859,18859,1660857426.5790081,1660857428.578896,0.0050082206726074219,0.02,1.4709228484122114,5.3331579813284398,0.31280446387662519,YES,YES,YES,True,0,0,point-time interpolation uses lower sample; future sample only brackets coverage; violating source timestamp rejects point,deskew call has no NDT input; cloud is published before NDT consumes it; NDT correction can affect only later deskew,NO; structural/code-path evidence is recorded separately
359,1660857428.5977039,1660857428.6775811,1660857428.5977039,PUBLISHED,covered_and_deskewed,18566,18566,1660857426.679008,1660857428.678896,0.0050079822540283203,0.02,1.9850885212691542,16.781382157103963,0.86484733733083108,YES,YES,YES,True,0,0,point-time interpolation uses lower sample; future sample only brackets coverage; violating source timestamp rejects point,deskew call has no NDT input; cloud is published before NDT consumes it; NDT correction can affect only later deskew,NO; structural/code-path evidence is recorded separately
360,1660857428.6985641,1660857428.7772503,1660857428.6985641,PUBLISHED,covered_and_deskewed,18338,18338,1660857426.7790079,1660857428.7788961,0.0050082206726074219,0.02,1.6795735440695743,8.8532829183368129,0.53401769662761833,YES,YES,YES,True,0,0,point-time interpolation uses lower sample; future sample only brackets coverage; violating source timestamp rejects point,deskew call has no NDT input; cloud is published before NDT consumes it; NDT correction can affect only later deskew,NO; structural/code-path evidence is recorded separately
361,1660857428.7994239,1660857428.8767071,1660857428.7994239,PUBLISHED,covered_and_deskewed,18160,18160,1660857426.8790081,1660857428.878896,0.0050079822540283203,0.02,1.3568607879993007,5.1241313229660532,0.37501515882083697,YES,YES,YES,True,0,0,point-time interpolation uses lower sample; future sample only brackets coverage; violating source timestamp rejects point,deskew call has no NDT input; cloud is published before NDT consumes it; NDT correction can affect only later deskew,NO; structural/code-path evidence is recorded separately
362,1660857428.9002841,1660857428.9762354,1660857428.9002841,PUBLISHED,covered_and_deskewed,18111,18111,1660857426.979008,1660857428.9788959,0.0050079822540283203,0.02,1.9046604915204914,14.204321769309939,0.98276346685298821,YES,YES,YES,True,0,0,point-time interpolation uses lower sample; future sample only brackets coverage; violating source timestamp rejects point,deskew call has no NDT input; cloud is published before NDT consumes it; NDT correction can affect only later deskew,NO; structural/code-path evidence is recorded separately
363,1660857429.0010879,1660857429.0757113,1660857429.0010879,PUBLISHED,covered_and_deskewed,18105,18105,1660857427.078944,1660857429.0788319,0.0050079822540283203,0.02,1.6455801719602379,12.184513565621552,0.83819229628355185,YES,YES,YES,True,0,0,point-time interpolation uses lower sample; future sample only brackets coverage; violating source timestamp rejects point,deskew call has no NDT input; cloud is published before NDT consumes it; NDT correction can affect only later deskew,NO; structural/code-path evidence is recorded separately
364,1660857429.101948,1660857429.1753249,1660857429.101948,PUBLISHED,covered_and_deskewed,18230,18230,1660857427.1789441,1660857429.1788321,0.0050082206726074219,0.02,1.2722992437566356,6.0130106367511331,0.38621210692721714,YES,YES,YES,True,0,0,point-time interpolation uses lower sample; future sample only brackets coverage; violating source timestamp rejects point,deskew call has no NDT input; cloud is published before NDT consumes it; NDT correction can affect only later deskew,NO; structural/code-path evidence is recorded separately
365,1660857429.2028079,1660857429.2754111,1660857429.2028079,PUBLISHED,covered_and_deskewed,18256,18256,1660857427.278944,1660857429.278832,0.0050079822540283203,0.02,1.7411946858754703,15.803021254272309,0.69740213361781345,YES,YES,YES,True,0,0,point-time interpolation uses lower sample; future sample only brackets coverage; violating source timestamp rejects point,deskew call has no NDT input; cloud is published before NDT consumes it; NDT correction can affect only later deskew,NO; structural/code-path evidence is recorded separately
366,1660857429.3036671,1660857429.3748887,1660857429.3036671,PUBLISHED,covered_and_deskewed,18109,18109,1660857427.3789439,1660857429.3788321,0.0050082206726074219,0.02,1.475238862112475,10.335993841501253,0.57580131327723727,YES,YES,YES,True,0,0,point-time interpolation uses lower sample; future sample only brackets coverage; violating source timestamp rejects point,deskew call has no NDT input; cloud is published before NDT consumes it; NDT correction can affect only later deskew,NO; structural/code-path evidence is recorded separately
367,1660857429.4045269,1660857429.4744771,1660857429.4045269,PUBLISHED,covered_and_deskewed,18038,18038,1660857427.4789441,1660857429.478832,0.0050079822540283203,0.02,1.3107674343288684,5.2743161699126002,0.34123836704902366,YES,YES,YES,True,0,0,point-time interpolation uses lower sample; future sample only brackets coverage; violating source timestamp rejects point,deskew call has no NDT input; cloud is published before NDT consumes it; NDT correction can affect only later deskew,NO; structural/code-path evidence is recorded separately
368,1660857429.5053871,1660857429.5742865,1660857429.5053871,PUBLISHED,covered_and_deskewed,18002,18002,1660857427.578944,1660857429.5788319,0.0050079822540283203,0.02,1.9351225175168878,15.476380276118832,0.73818130970250762,YES,YES,YES,True,0,0,point-time interpolation uses lower sample; future sample only brackets coverage; violating source timestamp rejects point,deskew call has no NDT input; cloud is published before NDT consumes it; NDT correction can affect only later deskew,NO; structural/code-path evidence is recorded separately
369,1660857429.6062469,1660857429.6743169,1660857429.6062469,PUBLISHED,covered_and_deskewed,17999,17999,1660857427.6789441,1660857429.6788321,0.0050082206726074219,0.02,1.5049425403151802,11.117051277353891,0.59440762580076245,YES,YES,YES,True,0,0,point-time interpolation uses lower sample; future sample only brackets coverage; violating source timestamp rejects point,deskew call has no NDT input; cloud is published before NDT consumes it; NDT correction can affect only later deskew,NO; structural/code-path evidence is recorded separately
370,1660857429.7071071,1660857429.7744021,1660857429.7071071,PUBLISHED,covered_and_deskewed,17969,17969,1660857427.778944,1660857429.778832,0.0050079822540283203,0.02,1.2825746884330573,4.6654249411634385,0.27814870846994827,YES,YES,YES,True,0,0,point-time interpolation uses lower sample; future sample only brackets coverage; violating source timestamp rejects point,deskew call has no NDT input; cloud is published before NDT consumes it; NDT correction can affect only later deskew,NO; structural/code-path evidence is recorded separately
371,1660857429.8079669,1660857429.8747389,1660857429.8079669,PUBLISHED,covered_and_deskewed,18051,18051,1660857427.8789439,1660857429.8788321,0.0050082206726074219,0.02,1.8938946719636351,17.81830557986812,1.6878564222032744,YES,YES,YES,True,0,0,point-time interpolation uses lower sample; future sample only brackets coverage; violating source timestamp rejects point,deskew call has no NDT input; cloud is published before NDT consumes it; NDT correction can affect only later deskew,NO; structural/code-path evidence is recorded separately
372,1660857429.9088271,1660857429.9748249,1660857429.9088271,PUBLISHED,covered_and_deskewed,18120,18120,1660857427.9789441,1660857429.978832,0.0050079822540283203,0.02,1.3930712421834257,9.875722122163495,0.67922859790100343,YES,YES,YES,True,0,0,point-time interpolation uses lower sample; future sample only brackets coverage; violating source timestamp rejects point,deskew call has no NDT input; cloud is published before NDT consumes it; NDT correction can affect only later deskew,NO; structural/code-path evidence is recorded separately
373,1660857430.0096321,1660857430.1104712,1660857430.0096321,PUBLISHED,covered_and_deskewed,18259,18259,1660857428.113904,1660857430.1137919,0.0050079822540283203,0.02,1.528119904867183,10.224726726712564,0.97496364549384573,YES,YES,YES,True,0,0,point-time interpolation uses lower sample; future sample only brackets coverage; violating source timestamp rejects point,deskew call has no NDT input; cloud is published before NDT consumes it; NDT correction can affect only later deskew,NO; structural/code-path evidence is recorded separately
374,1660857430.110492,1660857430.2113314,1660857430.110492,PUBLISHED,covered_and_deskewed,19108,19108,1660857428.2139039,1660857430.2137921,0.0050082206726074219,0.02,2.0107076573811744,19.034962706656486,1.4853668910653517,YES,YES,YES,True,0,0,point-time interpolation uses lower sample; future sample only brackets coverage; violating source timestamp rejects point,deskew call has no NDT input; cloud is published before NDT consumes it; NDT correction can affect only later deskew,NO; structural/code-path evidence is recorded separately
375,1660857430.2113521,1660857430.3121912,1660857430.2113521,PUBLISHED,covered_and_deskewed,19540,19540,1660857428.313904,1660857430.313792,0.0050079822540283203,0.02,1.4192007000889442,10.435117178518738,0.99981887915001677,YES,YES,YES,True,0,0,point-time interpolation uses lower sample; future sample only brackets coverage; violating source timestamp rejects point,deskew call has no NDT input; cloud is published before NDT consumes it; NDT correction can affect only later deskew,NO; structural/code-path evidence is recorded separately
376,1660857430.312212,1660857430.4130514,1660857430.312212,PUBLISHED,covered_and_deskewed,19664,19664,1660857428.413904,1660857430.4137919,0.0050079822540283203,0.02,1.4637464901319202,5.9956766702451016,0.64315634963032864,YES,YES,YES,True,0,0,point-time interpolation uses lower sample; future sample only brackets coverage; violating source timestamp rejects point,deskew call has no NDT input; cloud is published before NDT consumes it; NDT correction can affect only later deskew,NO; structural/code-path evidence is recorded separately
377,1660857430.4130721,1660857430.5139112,1660857430.4130721,PUBLISHED,covered_and_deskewed,20164,20164,1660857428.5188961,1660857430.518784,0.0050082206726074219,0.02,1.7844855627026173,11.450521528940083,0.78059503233487937,YES,YES,YES,True,0,0,point-time interpolation uses lower sample; future sample only brackets coverage; violating source timestamp rejects point,deskew call has no NDT input; cloud is published before NDT consumes it; NDT correction can affect only later deskew,NO; structural/code-path evidence is recorded separately
378,1660857430.513932,1660857430.6147714,1660857430.513932,PUBLISHED,covered_and_deskewed,20406,20406,1660857428.618896,1660857430.618784,0.0050079822540283203,0.02,1.4696969220413811,12.109028176470998,0.56950452369896143,YES,YES,YES,True,0,0,point-time interpolation uses lower sample; future sample only brackets coverage; violating source timestamp rejects point,deskew call has no NDT input; cloud is published before NDT consumes it; NDT correction can affect only later deskew,NO; structural/code-path evidence is recorded separately
379,1660857430.6147921,1660857430.7156312,1660857430.6147921,PUBLISHED,covered_and_deskewed,20620,20620,1660857428.7188959,1660857430.7187841,0.0050082206726074219,0.02,1.5117048563886162,7.6201397720335926,0.36935933839461149,YES,YES,YES,True,0,0,point-time interpolation uses lower sample; future sample only brackets coverage; violating source timestamp rejects point,deskew call has no NDT input; cloud is published before NDT consumes it; NDT correction can affect only later deskew,NO; structural/code-path evidence is recorded separately
380,1660857430.715652,1660857430.8164914,1660857430.715652,PUBLISHED,covered_and_deskewed,20948,20948,1660857428.8188961,1660857430.818784,0.0050079822540283203,0.02,1.9365188182324009,11.934020083426313,0.72561604766179999,YES,YES,YES,True,0,0,point-time interpolation uses lower sample; future sample only brackets coverage; violating source timestamp rejects point,deskew call has no NDT input; cloud is published before NDT consumes it; NDT correction can affect only later deskew,NO; structural/code-path evidence is recorded separately
381,1660857430.8165121,1660857430.9173503,1660857430.8165121,PUBLISHED,covered_and_deskewed,21380,21380,1660857428.918896,1660857430.9187839,0.0050079822540283203,0.02,1.3104348895881053,11.030246685785256,0.52271612360335384,YES,YES,YES,True,0,0,point-time interpolation uses lower sample; future sample only brackets coverage; violating source timestamp rejects point,deskew call has no NDT input; cloud is published before NDT consumes it; NDT correction can affect only later deskew,NO; structural/code-path evidence is recorded separately
382,1660857430.917372,1660857431.0181544,1660857430.917372,PUBLISHED,covered_and_deskewed,21707,21707,1660857429.018832,1660857431.0187199,0.0050082206726074219,0.02,1.6179404284545247,5.0477111535545394,0.27289170524559486,YES,YES,YES,True,0,0,point-time interpolation uses lower sample; future sample only brackets coverage; violating source timestamp rejects point,deskew call has no NDT input; cloud is published before NDT consumes it; NDT correction can affect only later deskew,NO; structural/code-path evidence is recorded separately
383,1660857431.0181761,1660857431.1190143,1660857431.0181761,PUBLISHED,covered_and_deskewed,22190,22190,1660857429.1238401,1660857431.123728,0.0050082206726074219,0.02,1.9748177137200891,11.633848885578402,0.95597581246678387,YES,YES,YES,True,0,0,point-time interpolation uses lower sample; future sample only brackets coverage; violating source timestamp rejects point,deskew call has no NDT input; cloud is published before NDT consumes it; NDT correction can affect only later deskew,NO; structural/code-path evidence is recorded separately
384,1660857431.119035,1660857431.2198744,1660857431.119035,PUBLISHED,covered_and_deskewed,22456,22456,1660857429.22384,1660857431.2237279,0.0050079822540283203,0.02,1.4111509339729722,9.8824513119753359,0.40170932986795349,YES,YES,YES,True,0,0,point-time interpolation uses lower sample; future sample only brackets coverage; violating source timestamp rejects point,deskew call has no NDT input; cloud is published before NDT consumes it; NDT correction can affect only later deskew,NO; structural/code-path evidence is recorded separately
385,1660857431.2198949,1660857431.3207343,1660857431.2198949,PUBLISHED,covered_and_deskewed,22760,22760,1660857429.3238399,1660857431.3237281,0.0050082206726074219,0.02,1.4933072575631439,5.4252114304385817,0.30559007513589731,YES,YES,YES,True,0,0,point-time interpolation uses lower sample; future sample only brackets coverage; violating source timestamp rejects point,deskew call has no NDT input; cloud is published before NDT consumes it; NDT correction can affect only later deskew,NO; structural/code-path evidence is recorded separately
386,1660857431.320755,1660857431.4215944,1660857431.320755,PUBLISHED,covered_and_deskewed,23424,23424,1660857429.42384,1660857431.423728,0.0050079822540283203,0.02,1.7952287479528404,17.35272640225929,0.84494655373783389,YES,YES,YES,True,0,0,point-time interpolation uses lower sample; future sample only brackets coverage; violating source timestamp rejects point,deskew call has no NDT input; cloud is published before NDT consumes it; NDT correction can affect only later deskew,NO; structural/code-path evidence is recorded separately
387,1660857431.4216149,1660857431.5224543,1660857431.4216149,PUBLISHED,covered_and_deskewed,24257,24257,1660857429.52384,1660857431.5237279,0.0050079822540283203,0.02,1.2694668414980632,10.11674630441369,0.32314809570519759,YES,YES,YES,True,0,0,point-time interpolation uses lower sample; future sample only brackets coverage; violating source timestamp rejects point,deskew call has no NDT input; cloud is published before NDT consumes it; NDT correction can affect only later deskew,NO; structural/code-path evidence is recorded separately
388,1660857431.522475,1660857431.6233144,1660857431.522475,PUBLISHED,covered_and_deskewed,25249,25249,1660857429.6238401,1660857431.623728,0.0050082206726074219,0.02,1.4646809752152885,4.9678099007190575,0.30077127152437555,YES,YES,YES,True,0,0,point-time interpolation uses lower sample; future sample only brackets coverage; violating source timestamp rejects point,deskew call has no NDT input; cloud is published before NDT consumes it; NDT correction can affect only later deskew,NO; structural/code-path evidence is recorded separately
389,1660857431.6233349,1660857431.7241743,1660857431.6233349,PUBLISHED,covered_and_deskewed,26482,26482,1660857429.728832,1660857431.7287199,0.0050079822540283203,0.02,1.7772318174782189,13.692507791710703,0.75643528257964088,YES,YES,YES,True,0,0,point-time interpolation uses lower sample; future sample only brackets coverage; violating source timestamp rejects point,deskew call has no NDT input; cloud is published before NDT consumes it; NDT correction can affect only later deskew,NO; structural/code-path evidence is recorded separately
390,1660857431.724195,1660857431.8250344,1660857431.724195,PUBLISHED,covered_and_deskewed,27365,27365,1660857429.8288319,1660857431.8287201,0.0050082206726074219,0.02,1.2812962378928132,10.695379858763843,0.28528953891249198,YES,YES,YES,True,0,0,point-time interpolation uses lower sample; future sample only brackets coverage; violating source timestamp rejects point,deskew call has no NDT input; cloud is published before NDT consumes it; NDT correction can affect only later deskew,NO; structural/code-path evidence is recorded separately
391,1660857431.8250549,1660857431.9258943,1660857431.8250549,PUBLISHED,covered_and_deskewed,28187,28187,1660857429.9288321,1660857431.92872,0.0050079822540283203,0.02,1.4768794365381364,5.5145652248803669,0.27989828613817141,YES,YES,YES,True,0,0,point-time interpolation uses lower sample; future sample only brackets coverage; violating source timestamp rejects point,deskew call has no NDT input; cloud is published before NDT consumes it; NDT correction can affect only later deskew,NO; structural/code-path evidence is recorded separately
392,1660857431.925915,1660857432.0266984,1660857431.925915,PUBLISHED,covered_and_deskewed,28932,28932,1660857430.028784,1660857432.028672,0.0050079822540283203,0.02,1.8267947137765084,14.885390813552197,0.7446094101153401,YES,YES,YES,True,0,0,point-time interpolation uses lower sample; future sample only brackets coverage; violating source timestamp rejects point,deskew call has no NDT input; cloud is published before NDT consumes it; NDT correction can affect only later deskew,NO; structural/code-path evidence is recorded separately
393,1660857432.0267191,1660857432.1275582,1660857432.0267191,PUBLISHED,covered_and_deskewed,27980,27980,1660857430.1287839,1660857432.1286719,0.0050082206726074219,0.02,1.2746128588359198,10.173272976156442,0.4156458343737845,YES,YES,YES,True,0,0,point-time interpolation uses lower sample; future sample only brackets coverage; violating source timestamp rejects point,deskew call has no NDT input; cloud is published before NDT consumes it; NDT correction can affect only later deskew,NO; structural/code-path evidence is recorded separately
394,1660857432.127579,1660857432.2284184,1660857432.127579,PUBLISHED,covered_and_deskewed,24074,24074,1660857430.2287841,1660857432.228672,0.0050082206726074219,0.02,1.350101356995268,7.6048528396966661,0.8832144172793357,YES,YES,YES,True,0,0,point-time interpolation uses lower sample; future sample only brackets coverage; violating source timestamp rejects point,deskew call has no NDT input; cloud is published before NDT consumes it; NDT correction can affect only later deskew,NO; structural/code-path evidence is recorded separately
395,1660857432.2284391,1660857432.3292782,1660857432.2284391,PUBLISHED,covered_and_deskewed,22095,22095,1660857430.333792,1660857432.3336799,0.0050079822540283203,0.02,1.5458402646208655,19.077910769843928,0.88597474336137527,YES,YES,YES,True,0,0,point-time interpolation uses lower sample; future sample only brackets coverage; violating source timestamp rejects point,deskew call has no NDT input; cloud is published before NDT consumes it; NDT correction can affect only later deskew,NO; structural/code-path evidence is recorded separately
396,1660857432.329299,1660857432.4301383,1660857432.329299,PUBLISHED,covered_and_deskewed,21051,21051,1660857430.4337921,1660857432.4336801,0.0050082206726074219,0.02,0.68713807305650765,6.520451050331638,0.91363984913508611,YES,YES,YES,True,0,0,point-time interpolation uses lower sample; future sample only brackets coverage; violating source timestamp rejects point,deskew call has no NDT input; cloud is published before NDT consumes it; NDT correction can affect only later deskew,NO; structural/code-path evidence is recorded separately
397,1660857432.4301591,1660857432.5309982,1660857432.4301591,PUBLISHED,covered_and_deskewed,20475,20475,1660857430.533792,1660857432.53368,0.014991998672485352,0.02,0.66405858253293182,8.490237737345975,1.168992494252723,YES,YES,YES,True,0,0,point-time interpolation uses lower sample; future sample only brackets coverage; violating source timestamp rejects point,deskew call has no NDT input; cloud is published before NDT consumes it; NDT correction can affect only later deskew,NO; structural/code-path evidence is recorded separately
398,1660857432.531019,1660857432.603014,1660857432.531019,PUBLISHED,covered_and_deskewed,20466,20466,1660857430.603792,1660857432.6036799,0.0050079822540283203,0.02,0.43068914443277756,14.141631293297422,1.1950338006767989,YES,YES,YES,True,0,0,point-time interpolation uses lower sample; future sample only brackets coverage; violating source timestamp rejects point,deskew call has no NDT input; cloud is published before NDT consumes it; NDT correction can affect only later deskew,NO; structural/code-path evidence is recorded separately
399,1660857432.6318791,1660857432.7048483,1660857432.6318791,PUBLISHED,covered_and_deskewed,20281,20281,1660857430.7087841,1660857432.708672,0.0050082206726074219,0.02,0.30691918160114356,4.3008627079583519,1.2886537340739705,YES,YES,YES,True,0,0,point-time interpolation uses lower sample; future sample only brackets coverage; violating source timestamp rejects point,deskew call has no NDT input; cloud is published before NDT consumes it; NDT correction can affect only later deskew,NO; structural/code-path evidence is recorded separately
400,1660857432.732739,1660857432.8069453,1660857432.732739,PUBLISHED,covered_and_deskewed,20139,20139,1660857430.808784,1660857432.808672,0.0050079822540283203,0.02,0.24044509054723606,3.0262789293296573,1.182617570261733,YES,YES,YES,True,0,0,point-time interpolation uses lower sample; future sample only brackets coverage; violating source timestamp rejects point,deskew call has no NDT input; cloud is published before NDT consumes it; NDT correction can affect only later deskew,NO; structural/code-path evidence is recorded separately
401,1660857432.8335991,1660857432.9092178,1660857432.8335991,PUBLISHED,covered_and_deskewed,19897,19897,1660857430.9137919,1660857432.9136801,0.0050082206726074219,0.02,0.39634780506629796,14.152773977665703,1.0907066088531578,YES,YES,YES,True,0,0,point-time interpolation uses lower sample; future sample only brackets coverage; violating source timestamp rejects point,deskew call has no NDT input; cloud is published before NDT consumes it; NDT correction can affect only later deskew,NO; structural/code-path evidence is recorded separately
402,1660857432.934458,1660857433.0114191,1660857432.934458,PUBLISHED,covered_and_deskewed,19602,19602,1660857431.0137279,1660857433.0136321,0.0050079822540283203,0.02,0.18908417063184166,3.0278917502939948,0.71437918935446376,YES,YES,YES,True,0,0,point-time interpolation uses lower sample; future sample only brackets coverage; violating source timestamp rejects point,deskew call has no NDT input; cloud is published before NDT consumes it; NDT correction can affect only later deskew,NO; structural/code-path evidence is recorded separately
403,1660857433.0352759,1660857433.1128871,1660857433.0352759,PUBLISHED,covered_and_deskewed,19545,19545,1660857431.113728,1660857433.113632,0.0050079822540283203,0.02,0.13658799829347851,2.4172095531114954,0.53008526634774589,YES,YES,YES,True,0,0,point-time interpolation uses lower sample; future sample only brackets coverage; violating source timestamp rejects point,deskew call has no NDT input; cloud is published before NDT consumes it; NDT correction can affect only later deskew,NO; structural/code-path evidence is recorded separately
404,1660857433.1361361,1660857433.2133639,1660857433.1361361,PUBLISHED,covered_and_deskewed,19500,19500,1660857431.213728,1660857433.2136321,0.0050082206726074219,0.02,0.26858812513560198,11.502954483632477,0.33148938066402522,YES,YES,YES,True,0,0,point-time interpolation uses lower sample; future sample only brackets coverage; violating source timestamp rejects point,deskew call has no NDT input; cloud is published before NDT consumes it; NDT correction can affect only later deskew,NO; structural/code-path evidence is recorded separately
405,1660857433.2369959,1660857433.3133345,1660857433.2369959,PUBLISHED,covered_and_deskewed,19442,19442,1660857431.3137281,1660857433.313632,0.0050079822540283203,0.02,0.094912042622250226,2.560285696114367,0.25380012058745455,YES,YES,YES,True,0,0,point-time interpolation uses lower sample; future sample only brackets coverage; violating source timestamp rejects point,deskew call has no NDT input; cloud is published before NDT consumes it; NDT correction can affect only later deskew,NO; structural/code-path evidence is recorded separately
406,1660857433.3378561,1660857433.4128675,1660857433.3378561,PUBLISHED,covered_and_deskewed,19473,19473,1660857431.413728,1660857433.4136319,0.0050079822540283203,0.02,0.10599207517581086,1.320180766311468,0.12463430775242923,YES,YES,YES,True,0,0,point-time interpolation uses lower sample; future sample only brackets coverage; violating source timestamp rejects point,deskew call has no NDT input; cloud is published before NDT consumes it; NDT correction can affect only later deskew,NO; structural/code-path evidence is recorded separately
407,1660857433.4387159,1660857433.5122347,1660857433.4387159,PUBLISHED,covered_and_deskewed,19481,19481,1660857431.5137279,1660857433.5136321,0.0050082206726074219,0.02,0.10734991875708456,1.9678900127522572,0.1045783309491269,YES,YES,YES,True,0,0,point-time interpolation uses lower sample; future sample only brackets coverage; violating source timestamp rejects point,deskew call has no NDT input; cloud is published before NDT consumes it; NDT correction can affect only later deskew,NO; structural/code-path evidence is recorded separately
408,1660857433.5395761,1660857433.6117122,1660857433.5395761,PUBLISHED,covered_and_deskewed,19542,19542,1660857431.613728,1660857433.613632,0.0050079822540283203,0.02,0.12786124896123266,13.133797938624939,0.25830536699255235,YES,YES,YES,True,0,0,point-time interpolation uses lower sample; future sample only brackets coverage; violating source timestamp rejects point,deskew call has no NDT input; cloud is published before NDT consumes it; NDT correction can affect only later deskew,NO; structural/code-path evidence is recorded separately
409,1660857433.6404359,1660857433.7112706,1660857433.6404359,PUBLISHED,covered_and_deskewed,19586,19586,1660857431.713728,1660857433.7136321,0.0050082206726074219,0.02,0.083354411109305415,2.7574761919158433,0.1425940881786105,YES,YES,YES,True,0,0,point-time interpolation uses lower sample; future sample only brackets coverage; violating source timestamp rejects point,deskew call has no NDT input; cloud is published before NDT consumes it; NDT correction can affect only later deskew,NO; structural/code-path evidence is recorded separately
410,1660857433.7412961,1660857433.8421352,1660857433.7412961,PUBLISHED,covered_and_deskewed,19796,19796,1660857431.8437281,1660857433.843632,0.0050079822540283203,0.02,0.11805934716346865,1.9153901994732652,0.1589041026718491,YES,YES,YES,True,0,0,point-time interpolation uses lower sample; future sample only brackets coverage; violating source timestamp rejects point,deskew call has no NDT input; cloud is published before NDT consumes it; NDT correction can affect only later deskew,NO; structural/code-path evidence is recorded separately
411,1660857433.8421559,1660857433.9429953,1660857433.8421559,PUBLISHED,covered_and_deskewed,19940,19940,1660857431.943728,1660857433.9436319,0.0050079822540283203,0.02,0.2441758649988286,13.082189942466885,0.28939338168152989,YES,YES,YES,True,0,0,point-time interpolation uses lower sample; future sample only brackets coverage; violating source timestamp rejects point,deskew call has no NDT input; cloud is published before NDT consumes it; NDT correction can affect only later deskew,NO; structural/code-path evidence is recorded separately
412,1660857433.9430161,1660857434.0437863,1660857433.9430161,PUBLISHED,covered_and_deskewed,19924,19924,1660857432.048672,1660857434.0485599,0.0050082206726074219,0.02,0.1189523829474543,8.4613987576351892,0.30617559317864113,YES,YES,YES,True,0,0,point-time interpolation uses lower sample; future sample only brackets coverage; violating source timestamp rejects point,deskew call has no NDT input; cloud is published before NDT consumes it; NDT correction can affect only later deskew,NO; structural/code-path evidence is recorded separately
413,1660857434.043807,1660857434.1446464,1660857434.043807,PUBLISHED,covered_and_deskewed,19951,19951,1660857432.1486721,1660857434.14856,0.0050082206726074219,0.02,0.11124510937960345,2.1993013878430889,0.099079699819963396,YES,YES,YES,True,0,0,point-time interpolation uses lower sample; future sample only brackets coverage; violating source timestamp rejects point,deskew call has no NDT input; cloud is published before NDT consumes it; NDT correction can affect only later deskew,NO; structural/code-path evidence is recorded separately
414,1660857434.1446669,1660857434.2455063,1660857434.1446669,PUBLISHED,covered_and_deskewed,19984,19984,1660857432.248672,1660857434.24856,0.0050079822540283203,0.02,0.098213677173678682,1.4637974348395841,0.16061526055167166,YES,YES,YES,True,0,0,point-time interpolation uses lower sample; future sample only brackets coverage; violating source timestamp rejects point,deskew call has no NDT input; cloud is published before NDT consumes it; NDT correction can affect only later deskew,NO; structural/code-path evidence is recorded separately
415,1660857434.245527,1660857434.3463664,1660857434.245527,PUBLISHED,covered_and_deskewed,20025,20025,1660857432.3486719,1660857434.3485601,0.0050082206726074219,0.02,0.16669180928516539,10.056989394005315,0.37988849379717099,YES,YES,YES,True,0,0,point-time interpolation uses lower sample; future sample only brackets coverage; violating source timestamp rejects point,deskew call has no NDT input; cloud is published before NDT consumes it; NDT correction can affect only later deskew,NO; structural/code-path evidence is recorded separately
416,1660857434.3463869,1660857434.4472263,1660857434.3463869,PUBLISHED,covered_and_deskewed,19964,19964,1660857432.4486721,1660857434.44856,0.0050079822540283203,0.02,0.06161348742364197,3.3093818276694642,0.19025445346600361,YES,YES,YES,True,0,0,point-time interpolation uses lower sample; future sample only brackets coverage; violating source timestamp rejects point,deskew call has no NDT input; cloud is published before NDT consumes it; NDT correction can affect only later deskew,NO; structural/code-path evidence is recorded separately
417,1660857434.447247,1660857434.5480864,1660857434.447247,PUBLISHED,covered_and_deskewed,19941,19941,1660857432.548672,1660857434.5485599,0.0050079822540283203,0.02,0.14707053907573348,6.5473440591258436,0.9689122868833725,YES,YES,YES,True,0,0,point-time interpolation uses lower sample; future sample only brackets coverage; violating source timestamp rejects point,deskew call has no NDT input; cloud is published before NDT consumes it; NDT correction can affect only later deskew,NO; structural/code-path evidence is recorded separately
418,1660857434.5481069,1660857434.6489453,1660857434.5481069,PUBLISHED,covered_and_deskewed,19945,19945,1660857432.6536801,1660857434.653568,0.0050082206726074219,0.02,0.14501422580065673,2.8696079871413755,0.99574961664274098,YES,YES,YES,True,0,0,point-time interpolation uses lower sample; future sample only brackets coverage; violating source timestamp rejects point,deskew call has no NDT input; cloud is published before NDT consumes it; NDT correction can affect only later deskew,NO; structural/code-path evidence is recorded separately
419,1660857434.648967,1660857434.7498052,1660857434.648967,PUBLISHED,covered_and_deskewed,19894,19894,1660857432.75368,1660857434.7535679,0.0050079822540283203,0.02,0.16018509938297093,1.5533058572035989,0.59950077129378521,YES,YES,YES,True,0,0,point-time interpolation uses lower sample; future sample only brackets coverage; violating source timestamp rejects point,deskew call has no NDT input; cloud is published before NDT consumes it; NDT correction can affect only later deskew,NO; structural/code-path evidence is recorded separately
420,1660857434.749826,1660857434.8506653,1660857434.749826,PUBLISHED,covered_and_deskewed,19878,19878,1660857432.8536799,1660857434.8535681,0.0050082206726074219,0.02,0.31370323380639981,13.633105122579787,0.42988690173788346,YES,YES,YES,True,0,0,point-time interpolation uses lower sample; future sample only brackets coverage; violating source timestamp rejects point,deskew call has no NDT input; cloud is published before NDT consumes it; NDT correction can affect only later deskew,NO; structural/code-path evidence is recorded separately
421,1660857434.8506861,1660857434.9515252,1660857434.8506861,PUBLISHED,covered_and_deskewed,19924,19924,1660857432.95368,1660857434.953568,0.0050079822540283203,0.02,0.19610510155863697,5.1545994462638705,0.36268614187713738,YES,YES,YES,True,0,0,point-time interpolation uses lower sample; future sample only brackets coverage; violating source timestamp rejects point,deskew call has no NDT input; cloud is published before NDT consumes it; NDT correction can affect only later deskew,NO; structural/code-path evidence is recorded separately
422,1660857434.951546,1660857435.0523303,1660857434.951546,PUBLISHED,covered_and_deskewed,20010,20010,1660857433.053632,1660857435.05352,0.0050079822540283203,0.02,0.089895591437969893,2.4793902459163544,0.1419606577535826,YES,YES,YES,True,0,0,point-time interpolation uses lower sample; future sample only brackets coverage; violating source timestamp rejects point,deskew call has no NDT input; cloud is published before NDT consumes it; NDT correction can affect only later deskew,NO; structural/code-path evidence is recorded separately
423,1660857435.052351,1660857435.1531904,1660857435.052351,PUBLISHED,covered_and_deskewed,20154,20154,1660857433.1536319,1660857435.1535201,0.0050082206726074219,0.02,0.25826113982323928,3.417932945892177,0.14449377780416536,YES,YES,YES,True,0,0,point-time interpolation uses lower sample; future sample only brackets coverage; violating source timestamp rejects point,deskew call has no NDT input; cloud is published before NDT consumes it; NDT correction can affect only later deskew,NO; structural/code-path evidence is recorded separately
424,1660857435.1532111,1660857435.2540503,1660857435.1532111,PUBLISHED,covered_and_deskewed,20477,20477,1660857433.2586241,1660857435.258512,0.0050082206726074219,0.02,0.35181432735703339,21.255543249933513,0.34767793047732193,YES,YES,YES,True,0,0,point-time interpolation uses lower sample; future sample only brackets coverage; violating source timestamp rejects point,deskew call has no NDT input; cloud is published before NDT consumes it; NDT correction can affect only later deskew,NO; structural/code-path evidence is recorded separately
425,1660857435.254071,1660857435.3549104,1660857435.254071,PUBLISHED,covered_and_deskewed,20798,20798,1660857433.358624,1660857435.3585119,0.0050079822540283203,0.02,0.47841039528474349,3.869255864535786,0.17249599501810992,YES,YES,YES,True,0,0,point-time interpolation uses lower sample; future sample only brackets coverage; violating source timestamp rejects point,deskew call has no NDT input; cloud is published before NDT consumes it; NDT correction can affect only later deskew,NO; structural/code-path evidence is recorded separately
426,1660857435.3549311,1660857435.4557703,1660857435.3549311,PUBLISHED,covered_and_deskewed,21330,21330,1660857433.4586239,1660857435.4585121,0.0050082206726074219,0.02,0.8188523914120267,8.6518037369102121,0.28125785100884437,YES,YES,YES,True,0,0,point-time interpolation uses lower sample; future sample only brackets coverage; violating source timestamp rejects point,deskew call has no NDT input; cloud is published before NDT consumes it; NDT correction can affect only later deskew,NO; structural/code-path evidence is recorded separately
427,1660857435.455791,1660857435.5566304,1660857435.455791,PUBLISHED,covered_and_deskewed,21904,21904,1660857433.558624,1660857435.558512,0.0050079822540283203,0.02,0.784724307577081,8.768700504862375,0.6236483069063915,YES,YES,YES,True,0,0,point-time interpolation uses lower sample; future sample only brackets coverage; violating source timestamp rejects point,deskew call has no NDT input; cloud is published before NDT consumes it; NDT correction can affect only later deskew,NO; structural/code-path evidence is recorded separately
428,1660857435.5566511,1660857435.6574903,1660857435.5566511,PUBLISHED,covered_and_deskewed,22198,22198,1660857433.6586239,1660857435.6585121,0.0050082206726074219,0.02,0.61416165902137598,6.1372202368303252,0.57539785757100859,YES,YES,YES,True,0,0,point-time interpolation uses lower sample; future sample only brackets coverage; violating source timestamp rejects point,deskew call has no NDT input; cloud is published before NDT consumes it; NDT correction can affect only later deskew,NO; structural/code-path evidence is recorded separately
429,1660857435.657511,1660857435.7583504,1660857435.657511,PUBLISHED,covered_and_deskewed,22459,22459,1660857433.7586241,1660857435.758512,0.0050079822540283203,0.02,0.91191798515644151,3.5617911577481531,0.35763219745425145,YES,YES,YES,True,0,0,point-time interpolation uses lower sample; future sample only brackets coverage; violating source timestamp rejects point,deskew call has no NDT input; cloud is published before NDT consumes it; NDT correction can affect only later deskew,NO; structural/code-path evidence is recorded separately
430,1660857435.7583711,1660857435.8592103,1660857435.7583711,PUBLISHED,covered_and_deskewed,21736,21736,1660857433.863632,1660857435.8635199,0.0050079822540283203,0.02,1.0683940245694197,17.275581724696249,0.74812578145180553,YES,YES,YES,True,0,0,point-time interpolation uses lower sample; future sample only brackets coverage; violating source timestamp rejects point,deskew call has no NDT input; cloud is published before NDT consumes it; NDT correction can affect only later deskew,NO; structural/code-path evidence is recorded separately
431,1660857435.859231,1660857435.9600704,1660857435.859231,PUBLISHED,covered_and_deskewed,21625,21625,1660857433.9636321,1660857435.9635201,0.0050082206726074219,0.02,0.66429574951114057,8.8075939929387168,0.82302562243551447,YES,YES,YES,True,0,0,point-time interpolation uses lower sample; future sample only brackets coverage; violating source timestamp rejects point,deskew call has no NDT input; cloud is published before NDT consumes it; NDT correction can affect only later deskew,NO; structural/code-path evidence is recorded separately
432,1660857435.9600911,1660857436.0608742,1660857435.9600911,PUBLISHED,covered_and_deskewed,21633,21633,1660857434.0635681,1660857436.0634561,0.0050082206726074219,0.02,1.1119599608711963,10.951434338358657,0.56379003180941212,YES,YES,YES,True,0,0,point-time interpolation uses lower sample; future sample only brackets coverage; violating source timestamp rejects point,deskew call has no NDT input; cloud is published before NDT consumes it; NDT correction can affect only later deskew,NO; structural/code-path evidence is recorded separately
433,1660857436.060895,1660857436.1617343,1660857436.060895,PUBLISHED,covered_and_deskewed,21606,21606,1660857434.163568,1660857436.163456,0.0050079822540283203,0.02,1.1313264327697019,13.807526066977713,0.48010885642051565,YES,YES,YES,True,0,0,point-time interpolation uses lower sample; future sample only brackets coverage; violating source timestamp rejects point,deskew call has no NDT input; cloud is published before NDT consumes it; NDT correction can affect only later deskew,NO; structural/code-path evidence is recorded separately
434,1660857436.1617551,1660857436.2625942,1660857436.1617551,PUBLISHED,covered_and_deskewed,21527,21527,1660857434.2635679,1660857436.2634561,0.0050082206726074219,0.02,0.61692848056945349,5.4320906299549954,0.47415990671896341,YES,YES,YES,True,0,0,point-time interpolation uses lower sample; future sample only brackets coverage; violating source timestamp rejects point,deskew call has no NDT input; cloud is published before NDT consumes it; NDT correction can affect only later deskew,NO; structural/code-path evidence is recorded separately
435,1660857436.262615,1660857436.3634543,1660857436.262615,PUBLISHED,covered_and_deskewed,21264,21264,1660857434.3635681,1660857436.363456,0.0050082206726074219,0.02,1.0829082614901726,9.3870599278545619,0.33779547435458784,YES,YES,YES,True,0,0,point-time interpolation uses lower sample; future sample only brackets coverage; violating source timestamp rejects point,deskew call has no NDT input; cloud is published before NDT consumes it; NDT correction can affect only later deskew,NO; structural/code-path evidence is recorded separately
436,1660857436.3634751,1660857436.4643133,1660857436.3634751,PUBLISHED,covered_and_deskewed,20735,20735,1660857434.46856,1660857436.4684479,0.0050079822540283203,0.02,1.0877805447281383,8.5064009020813138,0.48083260987283349,YES,YES,YES,True,0,0,point-time interpolation uses lower sample; future sample only brackets coverage; violating source timestamp rejects point,deskew call has no NDT input; cloud is published before NDT consumes it; NDT correction can affect only later deskew,NO; structural/code-path evidence is recorded separately
437,1660857436.464335,1660857436.5651734,1660857436.464335,PUBLISHED,covered_and_deskewed,19974,19974,1660857434.5685599,1660857436.5684481,0.0050082206726074219,0.02,0.65799078052726567,2.7052642385707908,0.62792897750898546,YES,YES,YES,True,0,0,point-time interpolation uses lower sample; future sample only brackets coverage; violating source timestamp rejects point,deskew call has no NDT input; cloud is published before NDT consumes it; NDT correction can affect only later deskew,NO; structural/code-path evidence is recorded separately
438,1660857436.5651951,1660857436.6660333,1660857436.5651951,PUBLISHED,covered_and_deskewed,19248,19248,1660857434.66856,1660857436.668448,0.0050079822540283203,0.02,1.1874686689281551,11.954651585717302,1.1392294214827507,YES,YES,YES,True,0,0,point-time interpolation uses lower sample; future sample only brackets coverage; violating source timestamp rejects point,deskew call has no NDT input; cloud is published before NDT consumes it; NDT correction can affect only later deskew,NO; structural/code-path evidence is recorded separately
439,1660857436.666054,1660857436.7668934,1660857436.666054,PUBLISHED,covered_and_deskewed,19016,19016,1660857434.7685599,1660857436.7684481,0.0050082206726074219,0.02,1.1627322862962346,10.778099320377571,1.2202870886487733,YES,YES,YES,True,0,0,point-time interpolation uses lower sample; future sample only brackets coverage; violating source timestamp rejects point,deskew call has no NDT input; cloud is published before NDT consumes it; NDT correction can affect only later deskew,NO; structural/code-path evidence is recorded separately
440,1660857436.7669139,1660857436.8677533,1660857436.7669139,PUBLISHED,covered_and_deskewed,18717,18717,1660857434.8685601,1660857436.868448,0.0050079822540283203,0.02,0.79338097781641304,4.9385784430215134,1.1945009668270443,YES,YES,YES,True,0,0,point-time interpolation uses lower sample; future sample only brackets coverage; violating source timestamp rejects point,deskew call has no NDT input; cloud is published before NDT consumes it; NDT correction can affect only later deskew,NO; structural/code-path evidence is recorded separately
441,1660857436.867774,1660857436.9686134,1660857436.867774,PUBLISHED,covered_and_deskewed,18169,18169,1660857434.973568,1660857436.9734559,0.0050079822540283203,0.02,1.1446236117472426,6.1057092031649791,1.0348437563563726,YES,YES,YES,True,0,0,point-time interpolation uses lower sample; future sample only brackets coverage; violating source timestamp rejects point,deskew call has no NDT input; cloud is published before NDT consumes it; NDT correction can affect only later deskew,NO; structural/code-path evidence is recorded separately
442,1660857436.9686339,1660857437.0694182,1660857436.9686339,PUBLISHED,covered_and_deskewed,18007,18007,1660857435.0735199,1660857437.0734079,0.0050079822540283203,0.02,1.2010801378113038,8.1687972724939222,0.95964413686422512,YES,YES,YES,True,0,0,point-time interpolation uses lower sample; future sample only brackets coverage; violating source timestamp rejects point,deskew call has no NDT input; cloud is published before NDT consumes it; NDT correction can affect only later deskew,NO; structural/code-path evidence is recorded separately
443,1660857437.0694389,1660857437.1702783,1660857437.0694389,PUBLISHED,covered_and_deskewed,18259,18259,1660857435.1735201,1660857437.173408,0.0050082206726074219,0.02,1.0265147966119277,4.4866133124480791,0.85195468298272614,YES,YES,YES,True,0,0,point-time interpolation uses lower sample; future sample only brackets coverage; violating source timestamp rejects point,deskew call has no NDT input; cloud is published before NDT consumes it; NDT correction can affect only later deskew,NO; structural/code-path evidence is recorded separately
444,1660857437.1702991,1660857437.2711382,1660857437.1702991,PUBLISHED,covered_and_deskewed,18837,18837,1660857435.27352,1660857437.2734079,0.0050079822540283203,0.02,1.5530811069697976,8.7702715239394848,0.59011712858419307,YES,YES,YES,True,0,0,point-time interpolation uses lower sample; future sample only brackets coverage; violating source timestamp rejects point,deskew call has no NDT input; cloud is published before NDT consumes it; NDT correction can affect only later deskew,NO; structural/code-path evidence is recorded separately
445,1660857437.2711589,1660857437.3719983,1660857437.2711589,PUBLISHED,covered_and_deskewed,19952,19952,1660857435.3735199,1660857437.3734081,0.0050082206726074219,0.02,1.3199438565639534,11.305005620298237,0.63059373898298765,YES,YES,YES,True,0,0,point-time interpolation uses lower sample; future sample only brackets coverage; violating source timestamp rejects point,deskew call has no NDT input; cloud is published before NDT consumes it; NDT correction can affect only later deskew,NO; structural/code-path evidence is recorded separately
446,1660857437.3720191,1660857437.472743,1660857437.3720191,PUBLISHED,covered_and_deskewed,21276,21276,1660857435.47352,1660857437.473408,0.0099999904632568359,0.02,1.1783079691224461,5.8749214516756876,0.50789740996361266,YES,YES,YES,True,0,0,point-time interpolation uses lower sample; future sample only brackets coverage; violating source timestamp rejects point,deskew call has no NDT input; cloud is published before NDT consumes it; NDT correction can affect only later deskew,NO; structural/code-path evidence is recorded separately
447,1660857437.4728789,1660857437.573693,1660857437.4728789,PUBLISHED,covered_and_deskewed,25092,25092,1660857435.578512,1660857437.5783999,0.0050079822540283203,0.02,1.803171054848494,22.382564452475862,1.6208274988516205,YES,YES,YES,True,0,0,point-time interpolation uses lower sample; future sample only brackets coverage; violating source timestamp rejects point,deskew call has no NDT input; cloud is published before NDT consumes it; NDT correction can affect only later deskew,NO; structural/code-path evidence is recorded separately
448,1660857437.5737391,1660857437.672111,1660857437.5737391,PUBLISHED,covered_and_deskewed,25775,25775,1660857435.6735201,1660857437.673408,0.0050082206726074219,0.02,1.4490269697279086,14.157723980035257,0.77003216591019863,YES,YES,YES,True,0,0,point-time interpolation uses lower sample; future sample only brackets coverage; violating source timestamp rejects point,deskew call has no NDT input; cloud is published before NDT consumes it; NDT correction can affect only later deskew,NO; structural/code-path evidence is recorded separately
449,1660857437.6745989,1660857437.7708135,1660857437.6745989,PUBLISHED,covered_and_deskewed,26326,26326,1660857435.77352,1660857437.7734079,0.0050079822540283203,0.02,0.96941495197232352,4.8248715834297373,0.37308780339337594,YES,YES,YES,True,0,0,point-time interpolation uses lower sample; future sample only brackets coverage; violating source timestamp rejects point,deskew call has no NDT input; cloud is published before NDT consumes it; NDT correction can affect only later deskew,NO; structural/code-path evidence is recorded separately
450,1660857437.7754591,1660857437.8762982,1660857437.7754591,PUBLISHED,covered_and_deskewed,27302,27302,1660857435.8785119,1660857437.8784001,0.0050082206726074219,0.02,0.87676255488479649,10.503835111197741,0.93651012702433345,YES,YES,YES,True,0,0,point-time interpolation uses lower sample; future sample only brackets coverage; violating source timestamp rejects point,deskew call has no NDT input; cloud is published before NDT consumes it; NDT correction can affect only later deskew,NO; structural/code-path evidence is recorded separately
451,1660857437.8763189,1660857437.9771583,1660857437.8763189,PUBLISHED,covered_and_deskewed,27682,27682,1660857435.978512,1660857437.9784,0.0050079822540283203,0.02,0.56203856831944521,10.416745402891229,0.71236486178663894,YES,YES,YES,True,0,0,point-time interpolation uses lower sample; future sample only brackets coverage; violating source timestamp rejects point,deskew call has no NDT input; cloud is published before NDT consumes it; NDT correction can affect only later deskew,NO; structural/code-path evidence is recorded separately
452,1660857437.9771791,1660857438.0779624,1660857437.9771791,PUBLISHED,covered_and_deskewed,27618,27618,1660857436.0784481,1660857438.078336,0.0050079822540283203,0.02,0.4094492898548292,3.3914155542932187,0.91329067071685044,YES,YES,YES,True,0,0,point-time interpolation uses lower sample; future sample only brackets coverage; violating source timestamp rejects point,deskew call has no NDT input; cloud is published before NDT consumes it; NDT correction can affect only later deskew,NO; structural/code-path evidence is recorded separately
453,1660857438.0779829,1660857438.1788223,1660857438.0779829,PUBLISHED,covered_and_deskewed,27470,27470,1660857436.1834559,1660857438.1833439,0.0050079822540283203,0.02,0.38458950916276607,11.128999064283672,1.0007852214433695,YES,YES,YES,True,0,0,point-time interpolation uses lower sample; future sample only brackets coverage; violating source timestamp rejects point,deskew call has no NDT input; cloud is published before NDT consumes it; NDT correction can affect only later deskew,NO; structural/code-path evidence is recorded separately
454,1660857438.178843,1660857438.2796812,1660857438.178843,PUBLISHED,covered_and_deskewed,27370,27370,1660857436.2834561,1660857438.283344,0.0050082206726074219,0.02,0.33176700016124172,3.9851617220054867,1.1119970080030768,YES,YES,YES,True,0,0,point-time interpolation uses lower sample; future sample only brackets coverage; violating source timestamp rejects point,deskew call has no NDT input; cloud is published before NDT consumes it; NDT correction can affect only later deskew,NO; structural/code-path evidence is recorded separately
455,1660857438.2797029,1660857438.3805368,1660857438.2797029,PUBLISHED,covered_and_deskewed,27546,27546,1660857436.383456,1660857438.3833439,0.0050079822540283203,0.02,0.34689235031759103,2.0000361851266453,1.1119970080030768,YES,YES,YES,True,0,0,point-time interpolation uses lower sample; future sample only brackets coverage; violating source timestamp rejects point,deskew call has no NDT input; cloud is published before NDT consumes it; NDT correction can affect only later deskew,NO; structural/code-path evidence is recorded separately
456,1660857438.380563,1660857438.4813666,1660857438.380563,PUBLISHED,covered_and_deskewed,27777,27777,1660857436.4834559,1660857438.4833441,0.0050082206726074219,0.02,0.44734521336937449,7.291239642627021,1.0214048407628984,YES,YES,YES,True,0,0,point-time interpolation uses lower sample; future sample only brackets coverage; violating source timestamp rejects point,deskew call has no NDT input; cloud is published before NDT consumes it; NDT correction can affect only later deskew,NO; structural/code-path evidence is recorded separately
457,1660857438.4814219,1660857438.5822268,1660857438.4814219,PUBLISHED,covered_and_deskewed,27588,27588,1660857436.583456,1660857438.583344,0.0050079822540283203,0.02,0.40278699360130638,12.532720067499739,1.0787580211652497,YES,YES,YES,True,0,0,point-time interpolation uses lower sample; future sample only brackets coverage; violating source timestamp rejects point,deskew call has no NDT input; cloud is published before NDT consumes it; NDT correction can affect only later deskew,NO; structural/code-path evidence is recorded separately
458,1660857438.5822821,1660857438.6813729,1660857438.5822821,PUBLISHED,covered_and_deskewed,27315,27315,1660857436.6834559,1660857438.6833439,0.0050079822540283203,0.02,0.31386138008778347,4.3744652461154816,1.0430319170044884,YES,YES,YES,True,0,0,point-time interpolation uses lower sample; future sample only brackets coverage; violating source timestamp rejects point,deskew call has no NDT input; cloud is published before NDT consumes it; NDT correction can affect only later deskew,NO; structural/code-path evidence is recorded separately
459,1660857438.6831419,1660857438.7829537,1660857438.6831419,PUBLISHED,covered_and_deskewed,27084,27084,1660857436.7834561,1660857438.783344,0.0050082206726074219,0.02,0.24340310124577069,2.8813871202234131,1.0127995028016743,YES,YES,YES,True,0,0,point-time interpolation uses lower sample; future sample only brackets coverage; violating source timestamp rejects point,deskew call has no NDT input; cloud is published before NDT consumes it; NDT correction can affect only later deskew,NO; structural/code-path evidence is recorded separately
460,1660857438.7840021,1660857438.8843689,1660857438.7840021,PUBLISHED,covered_and_deskewed,26827,26827,1660857436.888448,1660857438.8883359,0.0050079822540283203,0.02,0.25535982546168545,12.543690976516379,0.99612516525021655,YES,YES,YES,True,0,0,point-time interpolation uses lower sample; future sample only brackets coverage; violating source timestamp rejects point,deskew call has no NDT input; cloud is published before NDT consumes it; NDT correction can affect only later deskew,NO; structural/code-path evidence is recorded separately
461,1660857438.8848619,1660857438.9857013,1660857438.8848619,PUBLISHED,covered_and_deskewed,26640,26640,1660857436.9884479,1660857438.9883361,0.0050082206726074219,0.02,0.2606387321651315,6.257140331954945,1.1169136171360794,YES,YES,YES,True,0,0,point-time interpolation uses lower sample; future sample only brackets coverage; violating source timestamp rejects point,deskew call has no NDT input; cloud is published before NDT consumes it; NDT correction can affect only later deskew,NO; structural/code-path evidence is recorded separately
462,1660857438.9857221,1660857439.0865054,1660857438.9857221,PUBLISHED,covered_and_deskewed,26329,26329,1660857437.0883999,1660857439.0882881,0.0050082206726074219,0.02,0.34694945946152966,1.8532520240500523,1.0931714039060665,YES,YES,YES,True,0,0,point-time interpolation uses lower sample; future sample only brackets coverage; violating source timestamp rejects point,deskew call has no NDT input; cloud is published before NDT consumes it; NDT correction can affect only later deskew,NO; structural/code-path evidence is recorded separately
463,1660857439.0865259,1660857439.1873653,1660857439.0865259,PUBLISHED,covered_and_deskewed,26120,26120,1660857437.1884,1660857439.188288,0.0050079822540283203,0.02,0.38999470206562237,2.3090544280038885,1.0325124276821422,YES,YES,YES,True,0,0,point-time interpolation uses lower sample; future sample only brackets coverage; violating source timestamp rejects point,deskew call has no NDT input; cloud is published before NDT consumes it; NDT correction can affect only later deskew,NO; structural/code-path evidence is recorded separately
464,1660857439.187386,1660857439.2882254,1660857439.187386,PUBLISHED,covered_and_deskewed,25956,25956,1660857437.2883999,1660857439.2882881,0.0050082206726074219,0.02,0.40881842399949164,12.362662654688986,1.0909544290479063,YES,YES,YES,True,0,0,point-time interpolation uses lower sample; future sample only brackets coverage; violating source timestamp rejects point,deskew call has no NDT input; cloud is published before NDT consumes it; NDT correction can affect only later deskew,NO; structural/code-path evidence is recorded separately
465,1660857439.2882459,1660857439.3890853,1660857439.2882459,PUBLISHED,covered_and_deskewed,25690,25690,1660857437.3934081,1660857439.393296,0.0050079822540283203,0.02,0.34006881455296389,3.8704988803132454,1.0358524455739013,YES,YES,YES,True,0,0,point-time interpolation uses lower sample; future sample only brackets coverage; violating source timestamp rejects point,deskew call has no NDT input; cloud is published before NDT consumes it; NDT correction can affect only later deskew,NO; structural/code-path evidence is recorded separately
466,1660857439.389106,1660857439.4899454,1660857439.389106,PUBLISHED,covered_and_deskewed,25538,25538,1660857437.493408,1660857439.4932959,0.0050079822540283203,0.02,0.23874264810849311,2.3869431203578477,1.0246240458166462,YES,YES,YES,True,0,0,point-time interpolation uses lower sample; future sample only brackets coverage; violating source timestamp rejects point,deskew call has no NDT input; cloud is published before NDT consumes it; NDT correction can affect only later deskew,NO; structural/code-path evidence is recorded separately
467,1660857439.4899659,1660857439.5908053,1660857439.4899659,PUBLISHED,covered_and_deskewed,25565,25565,1660857437.5934081,1660857439.5932961,0.0050082206726074219,0.02,0.2564678453969611,12.010629374857951,0.9959225346460967,YES,YES,YES,True,0,0,point-time interpolation uses lower sample; future sample only brackets coverage; violating source timestamp rejects point,deskew call has no NDT input; cloud is published before NDT consumes it; NDT correction can affect only later deskew,NO; structural/code-path evidence is recorded separately
468,1660857439.590826,1660857439.6916654,1660857439.590826,PUBLISHED,covered_and_deskewed,25557,25557,1660857437.693408,1660857439.693296,0.0050079822540283203,0.02,0.29382247531108313,11.992823989708318,0.93459142238231341,YES,YES,YES,True,0,0,point-time interpolation uses lower sample; future sample only brackets coverage; violating source timestamp rejects point,deskew call has no NDT input; cloud is published before NDT consumes it; NDT correction can affect only later deskew,NO; structural/code-path evidence is recorded separately
469,1660857439.6916859,1660857439.7925253,1660857439.6916859,PUBLISHED,covered_and_deskewed,25489,25489,1660857437.7934079,1660857439.7932961,0.0050082206726074219,0.02,0.51309019582019255,2.0015140653232142,0.85728913219330616,YES,YES,YES,True,0,0,point-time interpolation uses lower sample; future sample only brackets coverage; violating source timestamp rejects point,deskew call has no NDT input; cloud is published before NDT consumes it; NDT correction can affect only later deskew,NO; structural/code-path evidence is recorded separately
470,1660857439.792546,1660857439.8933854,1660857439.792546,PUBLISHED,covered_and_deskewed,25526,25526,1660857437.8984001,1660857439.898288,0.0050079822540283203,0.02,0.58643740990273396,1.9061530663465964,0.64742884007150536,YES,YES,YES,True,0,0,point-time interpolation uses lower sample; future sample only brackets coverage; violating source timestamp rejects point,deskew call has no NDT input; cloud is published before NDT consumes it; NDT correction can affect only later deskew,NO; structural/code-path evidence is recorded separately
471,1660857439.8934059,1660857439.9942453,1660857439.8934059,PUBLISHED,covered_and_deskewed,25568,25568,1660857437.9984,1660857439.9982879,0.0050079822540283203,0.02,0.24335581586169425,14.628027657238714,0.38658156867521271,YES,YES,YES,True,0,0,point-time interpolation uses lower sample; future sample only brackets coverage; violating source timestamp rejects point,deskew call has no NDT input; cloud is published before NDT consumes it; NDT correction can affect only later deskew,NO; structural/code-path evidence is recorded separately
472,1660857439.994266,1660857440.0950494,1660857439.994266,PUBLISHED,covered_and_deskewed,25587,25587,1660857438.098336,1660857440.0982239,0.0050079822540283203,0.02,0.21789574613953094,6.2301544325177503,0.26600042243874289,YES,YES,YES,True,0,0,point-time interpolation uses lower sample; future sample only brackets coverage; violating source timestamp rejects point,deskew call has no NDT input; cloud is published before NDT consumes it; NDT correction can affect only later deskew,NO; structural/code-path evidence is recorded separately
473,1660857440.0950711,1660857440.1959093,1660857440.0950711,PUBLISHED,covered_and_deskewed,25657,25657,1660857438.1983359,1660857440.1982241,0.0050082206726074219,0.02,0.14756626503642292,3.203915144160058,0.13921141241273802,YES,YES,YES,True,0,0,point-time interpolation uses lower sample; future sample only brackets coverage; violating source timestamp rejects point,deskew call has no NDT input; cloud is published before NDT consumes it; NDT correction can affect only later deskew,NO; structural/code-path evidence is recorded separately
474,1660857440.195931,1660857440.2967694,1660857440.195931,PUBLISHED,covered_and_deskewed,25710,25710,1660857438.298336,1660857440.298224,0.0050079822540283203,0.02,0.24968366935982064,2.1681752089174156,0.10987736294636363,YES,YES,YES,True,0,0,point-time interpolation uses lower sample; future sample only brackets coverage; violating source timestamp rejects point,deskew call has no NDT input; cloud is published before NDT consumes it; NDT correction can affect only later deskew,NO; structural/code-path evidence is recorded separately
475,1660857440.2967899,1660857440.3976293,1660857440.2967899,PUBLISHED,covered_and_deskewed,25792,25792,1660857438.3983359,1660857440.3982241,0.0050082206726074219,0.02,0.39762581223234528,12.44810968085673,0.33900081809389004,YES,YES,YES,True,0,0,point-time interpolation uses lower sample; future sample only brackets coverage; violating source timestamp rejects point,deskew call has no NDT input; cloud is published before NDT consumes it; NDT correction can affect only later deskew,NO; structural/code-path evidence is recorded separately
476,1660857440.39765,1660857440.4983742,1660857440.39765,PUBLISHED,covered_and_deskewed,25782,25782,1660857438.5033441,1660857440.503232,0.0050079822540283203,0.02,0.46644131191681498,4.3472711237952728,0.13420280294775938,YES,YES,YES,True,0,0,point-time interpolation uses lower sample; future sample only brackets coverage; violating source timestamp rejects point,deskew call has no NDT input; cloud is published before NDT consumes it; NDT correction can affect only later deskew,NO; structural/code-path evidence is recorded separately
477,1660857440.4985099,1660857440.5980775,1660857440.4985099,PUBLISHED,covered_and_deskewed,25548,25548,1660857438.598336,1660857440.5982239,0.0050079822540283203,0.02,0.41234049972687409,2.8614247977567469,0.11978139445573802,YES,YES,YES,True,0,0,point-time interpolation uses lower sample; future sample only brackets coverage; violating source timestamp rejects point,deskew call has no NDT input; cloud is published before NDT consumes it; NDT correction can affect only later deskew,NO; structural/code-path evidence is recorded separately
478,1660857440.59937,1660857440.6978872,1660857440.59937,PUBLISHED,covered_and_deskewed,25625,25625,1660857438.6983359,1660857440.6982241,0.0050082206726074219,0.02,0.37942395199486201,15.177184340670516,0.95245479814478584,YES,YES,YES,True,0,0,point-time interpolation uses lower sample; future sample only brackets coverage; violating source timestamp rejects point,deskew call has no NDT input; cloud is published before NDT consumes it; NDT correction can affect only later deskew,NO; structural/code-path evidence is recorded separately
479,1660857440.7002299,1660857440.7976964,1660857440.7002299,PUBLISHED,covered_and_deskewed,25539,25539,1660857438.798336,1660857440.798224,0.0050079822540283203,0.02,0.24615883705212649,16.562651486123031,0.92581894990286528,YES,YES,YES,True,0,0,point-time interpolation uses lower sample; future sample only brackets coverage; violating source timestamp rejects point,deskew call has no NDT input; cloud is published before NDT consumes it; NDT correction can affect only later deskew,NO; structural/code-path evidence is recorded separately
480,1660857440.80109,1660857440.8970635,1660857440.80109,PUBLISHED,covered_and_deskewed,25370,25370,1660857438.8983359,1660857440.8982241,0.0050082206726074219,0.02,0.22973579503741898,3.8453725063176067,0.40555515824083133,YES,YES,YES,True,0,0,point-time interpolation uses lower sample; future sample only brackets coverage; violating source timestamp rejects point,deskew call has no NDT input; cloud is published before NDT consumes it; NDT correction can affect only later deskew,NO; structural/code-path evidence is recorded separately
481,1660857440.9019499,1660857440.9958217,1660857440.9019499,PUBLISHED,covered_and_deskewed,25015,25015,1660857438.9983361,1660857440.998224,0.0050079822540283203,0.02,0.22936748937638624,3.1638855853236576,0.39066481868978609,YES,YES,YES,True,0,0,point-time interpolation uses lower sample; future sample only brackets coverage; violating source timestamp rejects point,deskew call has no NDT input; cloud is published before NDT consumes it; NDT correction can affect only later deskew,NO; structural/code-path evidence is recorded separately
482,1660857441.002754,1660857441.0935223,1660857441.002754,PUBLISHED,covered_and_deskewed,24353,24353,1660857439.0982881,1660857441.098176,0.0050079822540283203,0.02,0.25364854739503562,9.4274680334072531,0.4730459860081494,YES,YES,YES,True,0,0,point-time interpolation uses lower sample; future sample only brackets coverage; violating source timestamp rejects point,deskew call has no NDT input; cloud is published before NDT consumes it; NDT correction can affect only later deskew,NO; structural/code-path evidence is recorded separately
483,1660857441.1036141,1660857441.1915004,1660857441.1036141,PUBLISHED,covered_and_deskewed,23895,23895,1660857439.193296,1660857441.1931839,0.0050079822540283203,0.02,0.24057081369951736,5.7504589077102564,0.36660182822755033,YES,YES,YES,True,0,0,point-time interpolation uses lower sample; future sample only brackets coverage; violating source timestamp rejects point,deskew call has no NDT input; cloud is published before NDT consumes it; NDT correction can affect only later deskew,NO; structural/code-path evidence is recorded separately
484,1660857441.204474,1660857441.2897201,1660857441.204474,PUBLISHED,covered_and_deskewed,23535,23535,1660857439.2932961,1660857441.293184,0.0050082206726074219,0.02,0.231640357066453,2.8346596981819974,0.41262233137261262,YES,YES,YES,True,0,0,point-time interpolation uses lower sample; future sample only brackets coverage; violating source timestamp rejects point,deskew call has no NDT input; cloud is published before NDT consumes it; NDT correction can affect only later deskew,NO; structural/code-path evidence is recorded separately
485,1660857441.3053341,1660857441.4061732,1660857441.3053341,PUBLISHED,covered_and_deskewed,23246,23246,1660857439.408288,1660857441.4081759,0.0050079822540283203,0.02,0.51642791999446924,9.416451344260345,0.54001045373824441,YES,YES,YES,True,0,0,point-time interpolation uses lower sample; future sample only brackets coverage; violating source timestamp rejects point,deskew call has no NDT input; cloud is published before NDT consumes it; NDT correction can affect only later deskew,NO; structural/code-path evidence is recorded separately
486,1660857441.406194,1660857441.5070333,1660857441.406194,PUBLISHED,covered_and_deskewed,22827,22827,1660857439.5082879,1660857441.5081761,0.0050082206726074219,0.02,0.68356678251127445,15.663639413246571,0.731641318662414,YES,YES,YES,True,0,0,point-time interpolation uses lower sample; future sample only brackets coverage; violating source timestamp rejects point,deskew call has no NDT input; cloud is published before NDT consumes it; NDT correction can affect only later deskew,NO; structural/code-path evidence is recorded separately
487,1660857441.5070541,1660857441.6078932,1660857441.5070541,PUBLISHED,covered_and_deskewed,22352,22352,1660857439.608288,1660857441.608176,0.0050079822540283203,0.02,0.53222718707258043,5.2954678870905099,0.71243980223477299,YES,YES,YES,True,0,0,point-time interpolation uses lower sample; future sample only brackets coverage; violating source timestamp rejects point,deskew call has no NDT input; cloud is published before NDT consumes it; NDT correction can affect only later deskew,NO; structural/code-path evidence is recorded separately
488,1660857441.607914,1660857441.7087533,1660857441.607914,PUBLISHED,covered_and_deskewed,22178,22178,1660857439.7132959,1660857441.7131841,0.0050082206726074219,0.02,0.41845571320402314,3.8415341560540943,0.83149388644519495,YES,YES,YES,True,0,0,point-time interpolation uses lower sample; future sample only brackets coverage; violating source timestamp rejects point,deskew call has no NDT input; cloud is published before NDT consumes it; NDT correction can affect only later deskew,NO; structural/code-path evidence is recorded separately
489,1660857441.7087741,1660857441.8096132,1660857441.7087741,PUBLISHED,covered_and_deskewed,22014,22014,1660857439.8132961,1660857441.813184,0.0050082206726074219,0.02,0.54558683250388618,8.5089582943591591,0.98803473504519468,YES,YES,YES,True,0,0,point-time interpolation uses lower sample; future sample only brackets coverage; violating source timestamp rejects point,deskew call has no NDT input; cloud is published before NDT consumes it; NDT correction can affect only later deskew,NO; structural/code-path evidence is recorded separately
490,1660857441.809634,1660857441.9104724,1660857441.809634,PUBLISHED,covered_and_deskewed,21862,21862,1660857439.913296,1660857441.9131839,0.0050079822540283203,0.02,0.77355779299811833,8.2612376659510502,0.96742824208734879,YES,YES,YES,True,0,0,point-time interpolation uses lower sample; future sample only brackets coverage; violating source timestamp rejects point,deskew call has no NDT input; cloud is published before NDT consumes it; NDT correction can affect only later deskew,NO; structural/code-path evidence is recorded separately
491,1660857441.9104941,1660857442.0112772,1660857441.9104941,PUBLISHED,covered_and_deskewed,21862,21862,1660857440.013232,1660857442.0131199,0.0050082206726074219,0.02,0.78362196915752147,5.0923772908426876,1.1121617624970297,YES,YES,YES,True,0,0,point-time interpolation uses lower sample; future sample only brackets coverage; violating source timestamp rejects point,deskew call has no NDT input; cloud is published before NDT consumes it; NDT correction can affect only later deskew,NO; structural/code-path evidence is recorded separately
492,1660857442.0112989,1660857442.1121373,1660857442.0112989,PUBLISHED,covered_and_deskewed,21957,21957,1660857440.1132319,1660857442.1131201,0.0050082206726074219,0.02,0.80501547755436453,6.1643534884230498,0.87137345185518222,YES,YES,YES,True,0,0,point-time interpolation uses lower sample; future sample only brackets coverage; violating source timestamp rejects point,deskew call has no NDT input; cloud is published before NDT consumes it; NDT correction can affect only later deskew,NO; structural/code-path evidence is recorded separately
493,1660857442.1121581,1660857442.2129972,1660857442.1121581,PUBLISHED,covered_and_deskewed,21945,21945,1660857440.213232,1660857442.21312,0.0050079822540283203,0.02,0.90608155175643468,15.782160191286076,0.74526165644320996,YES,YES,YES,True,0,0,point-time interpolation uses lower sample; future sample only brackets coverage; violating source timestamp rejects point,deskew call has no NDT input; cloud is published before NDT consumes it; NDT correction can affect only later deskew,NO; structural/code-path evidence is recorded separately
494,1660857442.2130179,1660857442.3138573,1660857442.2130179,PUBLISHED,covered_and_deskewed,21957,21957,1660857440.318224,1660857442.3181119,0.0050079822540283203,0.02,0.63713926414201449,5.9753990272123021,0.71166352690429391,YES,YES,YES,True,0,0,point-time interpolation uses lower sample; future sample only brackets coverage; violating source timestamp rejects point,deskew call has no NDT input; cloud is published before NDT consumes it; NDT correction can affect only later deskew,NO; structural/code-path evidence is recorded separately
495,1660857442.3138781,1660857442.4147172,1660857442.3138781,PUBLISHED,covered_and_deskewed,21979,21979,1660857440.4182241,1660857442.418112,0.0050082206726074219,0.02,0.45467358564827692,4.1530394808161279,0.5965293985977641,YES,YES,YES,True,0,0,point-time interpolation uses lower sample; future sample only brackets coverage; violating source timestamp rejects point,deskew call has no NDT input; cloud is published before NDT consumes it; NDT correction can affect only later deskew,NO; structural/code-path evidence is recorded separately
496,1660857442.4147379,1660857442.5155773,1660857442.4147379,PUBLISHED,covered_and_deskewed,22075,22075,1660857440.518224,1660857442.5181119,0.0050079822540283203,0.02,0.89248615011045629,10.387330768695183,0.50044122585062001,YES,YES,YES,True,0,0,point-time interpolation uses lower sample; future sample only brackets coverage; violating source timestamp rejects point,deskew call has no NDT input; cloud is published before NDT consumes it; NDT correction can affect only later deskew,NO; structural/code-path evidence is recorded separately
497,1660857442.5155981,1660857442.6164372,1660857442.5155981,PUBLISHED,covered_and_deskewed,22019,22019,1660857440.6182239,1660857442.6181121,0.0050082206726074219,0.02,0.76263234743713626,15.186321440332492,0.89094763606306138,YES,YES,YES,True,0,0,point-time interpolation uses lower sample; future sample only brackets coverage; violating source timestamp rejects point,deskew call has no NDT input; cloud is published before NDT consumes it; NDT correction can affect only later deskew,NO; structural/code-path evidence is recorded separately
498,1660857442.6164579,1660857442.7172973,1660857442.6164579,PUBLISHED,covered_and_deskewed,22109,22109,1660857440.718224,1660857442.718112,0.0050079822540283203,0.02,0.64200487971080511,7.4733681853101457,0.5540400079601171,YES,YES,YES,True,0,0,point-time interpolation uses lower sample; future sample only brackets coverage; violating source timestamp rejects point,deskew call has no NDT input; cloud is published before NDT consumes it; NDT correction can affect only later deskew,NO; structural/code-path evidence is recorded separately
499,1660857442.7173181,1660857442.8181572,1660857442.7173181,PUBLISHED,covered_and_deskewed,21798,21798,1660857440.8232319,1660857442.8231201,0.0050082206726074219,0.02,0.75704565418946546,5.5009022099037761,0.32955732949721744,YES,YES,YES,True,0,0,point-time interpolation uses lower sample; future sample only brackets coverage; violating source timestamp rejects point,deskew call has no NDT input; cloud is published before NDT consumes it; NDT correction can affect only later deskew,NO; structural/code-path evidence is recorded separately
500,1660857442.8181779,1660857442.9190173,1660857442.8181779,PUBLISHED,covered_and_deskewed,21657,21657,1660857440.9232321,1660857442.92312,0.0050082206726074219,0.02,0.99343965583906435,4.9055703976202096,0.29851307045195336,YES,YES,YES,True,0,0,point-time interpolation uses lower sample; future sample only brackets coverage; violating source timestamp rejects point,deskew call has no NDT input; cloud is published before NDT consumes it; NDT correction can affect only later deskew,NO; structural/code-path evidence is recorded separately
501,1660857442.9190381,1660857443.0198214,1660857442.9190381,PUBLISHED,covered_and_deskewed,21562,21562,1660857441.0231841,1660857443.023072,0.0050079822540283203,0.02,0.9651318748031118,14.229672431734464,0.71282904147023141,YES,YES,YES,True,0,0,point-time interpolation uses lower sample; future sample only brackets coverage; violating source timestamp rejects point,deskew call has no NDT input; cloud is published before NDT consumes it; NDT correction can affect only later deskew,NO; structural/code-path evidence is recorded separately
502,1660857443.0198419,1660857443.1206813,1660857443.0198419,PUBLISHED,covered_and_deskewed,21502,21502,1660857441.123184,1660857443.1230719,0.0050079822540283203,0.02,0.76514966375397553,7.7856907612624271,0.50557860604618499,YES,YES,YES,True,0,0,point-time interpolation uses lower sample; future sample only brackets coverage; violating source timestamp rejects point,deskew call has no NDT input; cloud is published before NDT consumes it; NDT correction can affect only later deskew,NO; structural/code-path evidence is recorded separately
503,1660857443.120702,1660857443.2215414,1660857443.120702,PUBLISHED,covered_and_deskewed,21536,21536,1660857441.2231841,1660857443.2230721,0.0050082206726074219,0.02,0.65618547504811742,7.1891773827840177,0.36738699862121849,YES,YES,YES,True,0,0,point-time interpolation uses lower sample; future sample only brackets coverage; violating source timestamp rejects point,deskew call has no NDT input; cloud is published before NDT consumes it; NDT correction can affect only later deskew,NO; structural/code-path evidence is recorded separately
504,1660857443.2215619,1660857443.3224013,1660857443.2215619,PUBLISHED,covered_and_deskewed,21500,21500,1660857441.323184,1660857443.323072,0.0050079822540283203,0.02,0.93484675884847857,5.169974654633406,0.32136555778207881,YES,YES,YES,True,0,0,point-time interpolation uses lower sample; future sample only brackets coverage; violating source timestamp rejects point,deskew call has no NDT input; cloud is published before NDT consumes it; NDT correction can affect only later deskew,NO; structural/code-path evidence is recorded separately
505,1660857443.322422,1660857443.4232614,1660857443.322422,PUBLISHED,covered_and_deskewed,21587,21587,1660857441.4281759,1660857443.4280641,0.0050082206726074219,0.02,0.92435095461902139,12.45349987077887,0.78446557986263177,YES,YES,YES,True,0,0,point-time interpolation uses lower sample; future sample only brackets coverage; violating source timestamp rejects point,deskew call has no NDT input; cloud is published before NDT consumes it; NDT correction can affect only later deskew,NO; structural/code-path evidence is recorded separately
506,1660857443.4232819,1660857443.5241213,1660857443.4232819,PUBLISHED,covered_and_deskewed,21643,21643,1660857441.5281761,1660857443.528064,0.0050079822540283203,0.02,0.78951927649734288,8.4220908186737127,0.90913481895242498,YES,YES,YES,True,0,0,point-time interpolation uses lower sample; future sample only brackets coverage; violating source timestamp rejects point,deskew call has no NDT input; cloud is published before NDT consumes it; NDT correction can affect only later deskew,NO; structural/code-path evidence is recorded separately
507,1660857443.524142,1660857443.6249814,1660857443.524142,PUBLISHED,covered_and_deskewed,21264,21264,1660857441.628176,1660857443.6280639,0.0050079822540283203,0.02,0.6080681281226562,2.7510944010518732,0.41923555211220637,YES,YES,YES,True,0,0,point-time interpolation uses lower sample; future sample only brackets coverage; violating source timestamp rejects point,deskew call has no NDT input; cloud is published before NDT consumes it; NDT correction can affect only later deskew,NO; structural/code-path evidence is recorded separately
508,1660857443.6250019,1660857443.7258403,1660857443.6250019,PUBLISHED,covered_and_deskewed,21346,21346,1660857441.7281761,1660857443.7280641,0.0050082206726074219,0.02,0.77755151908203413,4.5610616053951638,0.53212160535761399,YES,YES,YES,True,0,0,point-time interpolation uses lower sample; future sample only brackets coverage; violating source timestamp rejects point,deskew call has no NDT input; cloud is published before NDT consumes it; NDT correction can affect only later deskew,NO; structural/code-path evidence is recorded separately
509,1660857443.725862,1660857443.8267002,1660857443.725862,PUBLISHED,covered_and_deskewed,21109,21109,1660857441.828176,1660857443.828064,0.0050079822540283203,0.02,0.77375160413652988,19.619339930614721,0.64788439703700207,YES,YES,YES,True,0,0,point-time interpolation uses lower sample; future sample only brackets coverage; violating source timestamp rejects point,deskew call has no NDT input; cloud is published before NDT consumes it; NDT correction can affect only later deskew,NO; structural/code-path evidence is recorded separately
510,1660857443.8267219,1660857443.9275603,1660857443.8267219,PUBLISHED,covered_and_deskewed,20747,20747,1660857441.9281759,1660857443.9280641,0.0050082206726074219,0.02,0.85635178890335528,12.888478488819448,1.4063541526810217,YES,YES,YES,True,0,0,point-time interpolation uses lower sample; future sample only brackets coverage; violating source timestamp rejects point,deskew call has no NDT input; cloud is published before NDT consumes it; NDT correction can affect only later deskew,NO; structural/code-path evidence is recorded separately
511,1660857443.927582,1660857444.0283642,1660857443.927582,PUBLISHED,covered_and_deskewed,20838,20838,1660857442.0331199,1660857444.0330081,0.0050082206726074219,0.02,1.0481033631971219,8.7990302174170782,1.1591697621782933,YES,YES,YES,True,0,0,point-time interpolation uses lower sample; future sample only brackets coverage; violating source timestamp rejects point,deskew call has no NDT input; cloud is published before NDT consumes it; NDT correction can affect only later deskew,NO; structural/code-path evidence is recorded separately
512,1660857444.0283849,1660857444.1292243,1660857444.0283849,PUBLISHED,covered_and_deskewed,20341,20341,1660857442.1331201,1660857444.133008,0.0050079822540283203,0.02,1.0966436355401805,5.226277542433845,0.86977702060787332,YES,YES,YES,True,0,0,point-time interpolation uses lower sample; future sample only brackets coverage; violating source timestamp rejects point,deskew call has no NDT input; cloud is published before NDT consumes it; NDT correction can affect only later deskew,NO; structural/code-path evidence is recorded separately
513,1660857444.129245,1660857444.2300842,1660857444.129245,PUBLISHED,covered_and_deskewed,19310,19310,1660857442.23312,1660857444.2330079,0.0050079822540283203,0.02,1.1990373209959977,11.432024695928826,1.0506257529828942,YES,YES,YES,True,0,0,point-time interpolation uses lower sample; future sample only brackets coverage; violating source timestamp rejects point,deskew call has no NDT input; cloud is published before NDT consumes it; NDT correction can affect only later deskew,NO; structural/code-path evidence is recorded separately
514,1660857444.2301049,1660857444.3309443,1660857444.2301049,PUBLISHED,covered_and_deskewed,16981,16981,1660857442.3331201,1660857444.3330081,0.0050082206726074219,0.02,0.93050221625573715,8.1018202237639461,0.83777255347200241,YES,YES,YES,True,0,0,point-time interpolation uses lower sample; future sample only brackets coverage; violating source timestamp rejects point,deskew call has no NDT input; cloud is published before NDT consumes it; NDT correction can affect only later deskew,NO; structural/code-path evidence is recorded separately
515,1660857444.330965,1660857444.4318042,1660857444.330965,PUBLISHED,covered_and_deskewed,15721,15721,1660857442.43312,1660857444.433008,0.0099999904632568359,0.02,0.90065544362533068,4.860695236742135,0.60732123823480144,YES,YES,YES,True,0,0,point-time interpolation uses lower sample; future sample only brackets coverage; violating source timestamp rejects point,deskew call has no NDT input; cloud is published before NDT consumes it; NDT correction can affect only later deskew,NO; structural/code-path evidence is recorded separately
516,1660857444.4318249,1660857444.5326643,1660857444.4318249,PUBLISHED,covered_and_deskewed,15097,15097,1660857442.5331199,1660857444.5330081,0.0050082206726074219,0.02,1.3565022998530496,17.774772351990961,0.43330362146312978,YES,YES,YES,True,0,0,point-time interpolation uses lower sample; future sample only brackets coverage; violating source timestamp rejects point,deskew call has no NDT input; cloud is published before NDT consumes it; NDT correction can affect only later deskew,NO; structural/code-path evidence is recorded separately
517,1660857444.532685,1660857444.6335242,1660857444.532685,PUBLISHED,covered_and_deskewed,14789,14789,1660857442.6381121,1660857444.638,0.0099999904632568359,0.02,1.318857731990944,17.736735985673103,0.70285827366025633,YES,YES,YES,True,0,0,point-time interpolation uses lower sample; future sample only brackets coverage; violating source timestamp rejects point,deskew call has no NDT input; cloud is published before NDT consumes it; NDT correction can affect only later deskew,NO; structural/code-path evidence is recorded separately
518,1660857444.6335449,1660857444.7343843,1660857444.6335449,PUBLISHED,covered_and_deskewed,14826,14826,1660857442.738112,1660857444.7379999,0.0050079822540283203,0.02,1.1578918288036717,4.3669742721905127,0.30026887449228112,YES,YES,YES,True,0,0,point-time interpolation uses lower sample; future sample only brackets coverage; violating source timestamp rejects point,deskew call has no NDT input; cloud is published before NDT consumes it; NDT correction can affect only later deskew,NO; structural/code-path evidence is recorded separately
519,1660857444.734405,1660857444.8352442,1660857444.734405,PUBLISHED,covered_and_deskewed,14474,14474,1660857442.8381121,1660857444.8380001,0.0050082206726074219,0.02,0.74206716870594813,2.6458706989262035,0.19988829260596003,YES,YES,YES,True,0,0,point-time interpolation uses lower sample; future sample only brackets coverage; violating source timestamp rejects point,deskew call has no NDT input; cloud is published before NDT consumes it; NDT correction can affect only later deskew,NO; structural/code-path evidence is recorded separately
520,1660857444.8352649,1660857444.9361043,1660857444.8352649,PUBLISHED,covered_and_deskewed,14069,14069,1660857442.938112,1660857444.938,0.0050079822540283203,0.02,0.69246551821020219,8.1046688845931865,0.23309459797704843,YES,YES,YES,True,0,0,point-time interpolation uses lower sample; future sample only brackets coverage; violating source timestamp rejects point,deskew call has no NDT input; cloud is published before NDT consumes it; NDT correction can affect only later deskew,NO; structural/code-path evidence is recorded separately
521,1660857444.936125,1660857445.0369093,1660857444.936125,PUBLISHED,covered_and_deskewed,13815,13815,1660857443.038064,1660857445.0379519,0.0050079822540283203,0.02,0.62595224461545251,6.9419162375470576,0.38871580099743502,YES,YES,YES,True,0,0,point-time interpolation uses lower sample; future sample only brackets coverage; violating source timestamp rejects point,deskew call has no NDT input; cloud is published before NDT consumes it; NDT correction can affect only later deskew,NO; structural/code-path evidence is recorded separately
522,1660857445.0369301,1660857445.1377692,1660857445.0369301,PUBLISHED,covered_and_deskewed,13675,13675,1660857443.1380639,1660857445.1379521,0.0050082206726074219,0.02,0.59000505401192205,4.1249534678053346,0.21072584319561405,YES,YES,YES,True,0,0,point-time interpolation uses lower sample; future sample only brackets coverage; violating source timestamp rejects point,deskew call has no NDT input; cloud is published before NDT consumes it; NDT correction can affect only later deskew,NO; structural/code-path evidence is recorded separately
523,1660857445.13779,1660857445.2386293,1660857445.13779,PUBLISHED,covered_and_deskewed,13633,13633,1660857443.243072,1660857445.24296,0.0050079822540283203,0.02,0.5258798958442884,2.7980945211234518,0.18349153944762908,YES,YES,YES,True,0,0,point-time interpolation uses lower sample; future sample only brackets coverage; violating source timestamp rejects point,deskew call has no NDT input; cloud is published before NDT consumes it; NDT correction can affect only later deskew,NO; structural/code-path evidence is recorded separately
524,1660857445.2386501,1660857445.3394892,1660857445.2386501,PUBLISHED,covered_and_deskewed,13609,13609,1660857443.3430719,1660857445.3429599,0.0099999904632568359,0.02,0.41305484253245872,18.155252789185226,0.57527663768930204,YES,YES,YES,True,0,0,point-time interpolation uses lower sample; future sample only brackets coverage; violating source timestamp rejects point,deskew call has no NDT input; cloud is published before NDT consumes it; NDT correction can affect only later deskew,NO; structural/code-path evidence is recorded separately
525,1660857445.33951,1660857445.4403493,1660857445.33951,PUBLISHED,covered_and_deskewed,13629,13629,1660857443.4430721,1660857445.44296,0.0050082206726074219,0.02,0.20243872245258188,4.5904573172719454,0.42450930823827571,YES,YES,YES,True,0,0,point-time interpolation uses lower sample; future sample only brackets coverage; violating source timestamp rejects point,deskew call has no NDT input; cloud is published before NDT consumes it; NDT correction can affect only later deskew,NO; structural/code-path evidence is recorded separately
526,1660857445.4403701,1660857445.5412092,1660857445.4403701,PUBLISHED,covered_and_deskewed,13772,13772,1660857443.543072,1660857445.5429599,0.0050079822540283203,0.02,0.17441277585999895,1.6924435348166869,0.70017851114558827,YES,YES,YES,True,0,0,point-time interpolation uses lower sample; future sample only brackets coverage; violating source timestamp rejects point,deskew call has no NDT input; cloud is published before NDT consumes it; NDT correction can affect only later deskew,NO; structural/code-path evidence is recorded separately
527,1660857445.54123,1660857445.6420684,1660857445.54123,PUBLISHED,covered_and_deskewed,13968,13968,1660857443.6430719,1660857445.6429601,0.0050082206726074219,0.02,0.13389781199265394,15.685397442202074,0.93346492400664616,YES,YES,YES,True,0,0,point-time interpolation uses lower sample; future sample only brackets coverage; violating source timestamp rejects point,deskew call has no NDT input; cloud is published before NDT consumes it; NDT correction can affect only later deskew,NO; structural/code-path evidence is recorded separately
528,1660857445.6420901,1660857445.7429283,1660857445.6420901,PUBLISHED,covered_and_deskewed,14257,14257,1660857443.743072,1660857445.74296,0.0050079822540283203,0.02,0.31924695747435239,10.369121820764397,0.94674302618503248,YES,YES,YES,True,0,0,point-time interpolation uses lower sample; future sample only brackets coverage; violating source timestamp rejects point,deskew call has no NDT input; cloud is published before NDT consumes it; NDT correction can affect only later deskew,NO; structural/code-path evidence is recorded separately
529,1660857445.742949,1660857445.8437884,1660857445.742949,PUBLISHED,covered_and_deskewed,14575,14575,1660857443.8480639,1660857445.8479519,0.0050079822540283203,0.02,0.62012907911636406,2.3140865910034072,1.0665724243203185,YES,YES,YES,True,0,0,point-time interpolation uses lower sample; future sample only brackets coverage; violating source timestamp rejects point,deskew call has no NDT input; cloud is published before NDT consumes it; NDT correction can affect only later deskew,NO; structural/code-path evidence is recorded separately
530,1660857445.8438089,1660857445.9446483,1660857445.8438089,PUBLISHED,covered_and_deskewed,14770,14770,1660857443.9480641,1660857445.947952,0.0050082206726074219,0.02,0.58127551372337571,1.6739509050219405,1.0417223335762755,YES,YES,YES,True,0,0,point-time interpolation uses lower sample; future sample only brackets coverage; violating source timestamp rejects point,deskew call has no NDT input; cloud is published before NDT consumes it; NDT correction can affect only later deskew,NO; structural/code-path evidence is recorded separately
531,1660857445.944669,1660857446.0454524,1660857445.944669,PUBLISHED,covered_and_deskewed,15128,15128,1660857444.0480001,1660857446.047888,0.0050079822540283203,0.02,0.46788161997880168,9.7685552697790303,0.99324027907892831,YES,YES,YES,True,0,0,point-time interpolation uses lower sample; future sample only brackets coverage; violating source timestamp rejects point,deskew call has no NDT input; cloud is published before NDT consumes it; NDT correction can affect only later deskew,NO; structural/code-path evidence is recorded separately
532,1660857446.0454731,1660857446.1463122,1660857446.0454731,PUBLISHED,covered_and_deskewed,15243,15243,1660857444.148,1660857446.1478879,0.0050079822540283203,0.02,0.18326014756418052,4.3967973553941402,1.1253773073558879,YES,YES,YES,True,0,0,point-time interpolation uses lower sample; future sample only brackets coverage; violating source timestamp rejects point,deskew call has no NDT input; cloud is published before NDT consumes it; NDT correction can affect only later deskew,NO; structural/code-path evidence is recorded separately
533,1660857446.146333,1660857446.2471724,1660857446.146333,PUBLISHED,covered_and_deskewed,15401,15401,1660857444.2479999,1660857446.2478881,0.0050082206726074219,0.02,0.37333914945074215,2.2102875991557029,1.1127163903711679,YES,YES,YES,True,0,0,point-time interpolation uses lower sample; future sample only brackets coverage; violating source timestamp rejects point,deskew call has no NDT input; cloud is published before NDT consumes it; NDT correction can affect only later deskew,NO; structural/code-path evidence is recorded separately
534,1660857446.2471931,1660857446.3480322,1660857446.2471931,PUBLISHED,covered_and_deskewed,15471,15471,1660857444.353008,1660857446.352896,0.0050079822540283203,0.02,0.29784010121413179,1.7832917836712294,1.0442920314379063,YES,YES,YES,True,0,0,point-time interpolation uses lower sample; future sample only brackets coverage; violating source timestamp rejects point,deskew call has no NDT input; cloud is published before NDT consumes it; NDT correction can affect only later deskew,NO; structural/code-path evidence is recorded separately
535,1660857446.348053,1660857446.4488924,1660857446.348053,PUBLISHED,covered_and_deskewed,15639,15639,1660857444.4530079,1660857446.4528961,0.0050082206726074219,0.02,0.25796994870614048,12.266105640841404,1.1280525646106996,YES,YES,YES,True,0,0,point-time interpolation uses lower sample; future sample only brackets coverage; violating source timestamp rejects point,deskew call has no NDT input; cloud is published before NDT consumes it; NDT correction can affect only later deskew,NO; structural/code-path evidence is recorded separately
536,1660857446.4489131,1660857446.5497522,1660857446.4489131,PUBLISHED,covered_and_deskewed,15983,15983,1660857444.5530081,1660857446.552896,0.0050082206726074219,0.02,0.3009203853430556,3.5987400547334198,0.88477781156743573,YES,YES,YES,True,0,0,point-time interpolation uses lower sample; future sample only brackets coverage; violating source timestamp rejects point,deskew call has no NDT input; cloud is published before NDT consumes it; NDT correction can affect only later deskew,NO; structural/code-path evidence is recorded separately
537,1660857446.549773,1660857446.6506124,1660857446.549773,PUBLISHED,covered_and_deskewed,16164,16164,1660857444.653008,1660857446.6528959,0.0050079822540283203,0.02,0.39922717729024548,2.1848995198726842,0.70458804471501235,YES,YES,YES,True,0,0,point-time interpolation uses lower sample; future sample only brackets coverage; violating source timestamp rejects point,deskew call has no NDT input; cloud is published before NDT consumes it; NDT correction can affect only later deskew,NO; structural/code-path evidence is recorded separately
538,1660857446.6506331,1660857446.7514722,1660857446.6506331,PUBLISHED,covered_and_deskewed,16298,16298,1660857444.7530079,1660857446.7528961,0.0050082206726074219,0.02,0.30028667049501201,9.2039857935782656,0.5005255903457666,YES,YES,YES,True,0,0,point-time interpolation uses lower sample; future sample only brackets coverage; violating source timestamp rejects point,deskew call has no NDT input; cloud is published before NDT consumes it; NDT correction can affect only later deskew,NO; structural/code-path evidence is recorded separately
539,1660857446.751493,1660857446.8523324,1660857446.751493,PUBLISHED,covered_and_deskewed,16202,16202,1660857444.853008,1660857446.852896,0.0050079822540283203,0.02,0.2055932909565007,4.8508123470513187,0.37840834980331745,YES,YES,YES,True,0,0,point-time interpolation uses lower sample; future sample only brackets coverage; violating source timestamp rejects point,deskew call has no NDT input; cloud is published before NDT consumes it; NDT correction can affect only later deskew,NO; structural/code-path evidence is recorded separately
540,1660857446.8523531,1660857446.9531922,1660857446.8523531,PUBLISHED,covered_and_deskewed,16091,16091,1660857444.9579999,1660857446.9578879,0.0050082206726074219,0.02,0.11588582199587671,1.9844941957183411,0.20163263568457243,YES,YES,YES,True,0,0,point-time interpolation uses lower sample; future sample only brackets coverage; violating source timestamp rejects point,deskew call has no NDT input; cloud is published before NDT consumes it; NDT correction can affect only later deskew,NO; structural/code-path evidence is recorded separately
541,1660857446.953213,1660857447.0539973,1660857446.953213,PUBLISHED,covered_and_deskewed,15946,15946,1660857445.0579519,1660857447.0578401,0.0050082206726074219,0.02,0.14127041000240462,1.4730835282311003,0.12525869331787037,YES,YES,YES,True,0,0,point-time interpolation uses lower sample; future sample only brackets coverage; violating source timestamp rejects point,deskew call has no NDT input; cloud is published before NDT consumes it; NDT correction can affect only later deskew,NO; structural/code-path evidence is recorded separately
542,1660857447.054018,1660857447.1548574,1660857447.054018,PUBLISHED,covered_and_deskewed,15771,15771,1660857445.1579521,1660857447.15784,0.0050079822540283203,0.02,0.19917455448595081,8.4642943524065881,0.37096194691805545,YES,YES,YES,True,0,0,point-time interpolation uses lower sample; future sample only brackets coverage; violating source timestamp rejects point,deskew call has no NDT input; cloud is published before NDT consumes it; NDT correction can affect only later deskew,NO; structural/code-path evidence is recorded separately
543,1660857447.1548779,1660857447.2557173,1660857447.1548779,PUBLISHED,covered_and_deskewed,15711,15711,1660857445.257952,1660857447.2578399,0.0050079822540283203,0.02,0.25249635163722223,6.2039265643272357,0.20223225945848172,YES,YES,YES,True,0,0,point-time interpolation uses lower sample; future sample only brackets coverage; violating source timestamp rejects point,deskew call has no NDT input; cloud is published before NDT consumes it; NDT correction can affect only later deskew,NO; structural/code-path evidence is recorded separately
544,1660857447.255738,1660857447.3565774,1660857447.255738,PUBLISHED,covered_and_deskewed,15637,15637,1660857445.3579521,1660857447.3578401,0.0050082206726074219,0.02,0.26141666339197933,1.2815850178005814,0.11059489274726898,YES,YES,YES,True,0,0,point-time interpolation uses lower sample; future sample only brackets coverage; violating source timestamp rejects point,deskew call has no NDT input; cloud is published before NDT consumes it; NDT correction can affect only later deskew,NO; structural/code-path evidence is recorded separately
545,1660857447.3565979,1660857447.4574363,1660857447.3565979,PUBLISHED,covered_and_deskewed,15607,15607,1660857445.457952,1660857447.45784,0.0050079822540283203,0.02,0.40126176491776805,11.14743930362177,1.0054237160181174,YES,YES,YES,True,0,0,point-time interpolation uses lower sample; future sample only brackets coverage; violating source timestamp rejects point,deskew call has no NDT input; cloud is published before NDT consumes it; NDT correction can affect only later deskew,NO; structural/code-path evidence is recorded separately
546,1660857447.457458,1660857447.5582962,1660857447.457458,PUBLISHED,covered_and_deskewed,15555,15555,1660857445.5629599,1660857447.5628481,0.0050082206726074219,0.02,0.28878985051438688,13.081048402868335,0.91309883298080075,YES,YES,YES,True,0,0,point-time interpolation uses lower sample; future sample only brackets coverage; violating source timestamp rejects point,deskew call has no NDT input; cloud is published before NDT consumes it; NDT correction can affect only later deskew,NO; structural/code-path evidence is recorded separately
547,1660857447.5583179,1660857447.6591563,1660857447.5583179,PUBLISHED,covered_and_deskewed,15698,15698,1660857445.6629601,1660857447.662848,0.0050079822540283203,0.02,0.20055001664905669,4.486868124012199,0.40427641883360432,YES,YES,YES,True,0,0,point-time interpolation uses lower sample; future sample only brackets coverage; violating source timestamp rejects point,deskew call has no NDT input; cloud is published before NDT consumes it; NDT correction can affect only later deskew,NO; structural/code-path evidence is recorded separately
548,1660857447.6591771,1660857447.7600162,1660857447.6591771,PUBLISHED,covered_and_deskewed,15991,15991,1660857445.76296,1660857447.7628479,0.0050079822540283203,0.02,0.22319221636407538,2.4794414711257287,0.47879730681306581,YES,YES,YES,True,0,0,point-time interpolation uses lower sample; future sample only brackets coverage; violating source timestamp rejects point,deskew call has no NDT input; cloud is published before NDT consumes it; NDT correction can affect only later deskew,NO; structural/code-path evidence is recorded separately
549,1660857447.7600369,1660857447.8608763,1660857447.7600369,PUBLISHED,covered_and_deskewed,16926,16926,1660857445.8629601,1660857447.862848,0.0050082206726074219,0.02,0.3242090464866722,13.7817433442171,0.56643385963850612,YES,YES,YES,True,0,0,point-time interpolation uses lower sample; future sample only brackets coverage; violating source timestamp rejects point,deskew call has no NDT input; cloud is published before NDT consumes it; NDT correction can affect only later deskew,NO; structural/code-path evidence is recorded separately
550,1660857447.8608971,1660857447.9617362,1660857447.8608971,PUBLISHED,covered_and_deskewed,17009,17009,1660857445.96296,1660857447.9628479,0.0050079822540283203,0.02,0.24374507238694182,8.0471173783940486,0.72070588601504459,YES,YES,YES,True,0,0,point-time interpolation uses lower sample; future sample only brackets coverage; violating source timestamp rejects point,deskew call has no NDT input; cloud is published before NDT consumes it; NDT correction can affect only later deskew,NO; structural/code-path evidence is recorded separately
551,1660857447.9617569,1660857448.0625403,1660857447.9617569,PUBLISHED,covered_and_deskewed,17102,17102,1660857446.062896,1660857448.062784,0.0050079822540283203,0.02,0.94361228716654844,4.8431624345559134,0.7541058793450075,YES,YES,YES,True,0,0,point-time interpolation uses lower sample; future sample only brackets coverage; violating source timestamp rejects point,deskew call has no NDT input; cloud is published before NDT consumes it; NDT correction can affect only later deskew,NO; structural/code-path evidence is recorded separately
552,1660857448.062561,1660857448.1634004,1660857448.062561,PUBLISHED,covered_and_deskewed,17193,17193,1660857446.1678879,1660857448.1677761,0.0050082206726074219,0.02,0.59161819794350601,1.8720980917422414,0.62482176888251495,YES,YES,YES,True,0,0,point-time interpolation uses lower sample; future sample only brackets coverage; violating source timestamp rejects point,deskew call has no NDT input; cloud is published before NDT consumes it; NDT correction can affect only later deskew,NO; structural/code-path evidence is recorded separately
553,1660857448.1634209,1660857448.2642603,1660857448.1634209,PUBLISHED,covered_and_deskewed,17380,17380,1660857446.2678881,1660857448.267776,0.0050079822540283203,0.02,2.6050005955782063,12.820287014159328,0.84213920243105511,YES,YES,YES,True,0,0,point-time interpolation uses lower sample; future sample only brackets coverage; violating source timestamp rejects point,deskew call has no NDT input; cloud is published before NDT consumes it; NDT correction can affect only later deskew,NO; structural/code-path evidence is recorded separately
554,1660857448.264281,1660857448.3651204,1660857448.264281,PUBLISHED,covered_and_deskewed,17867,17867,1660857446.367888,1660857448.3677759,0.0050079822540283203,0.02,1.9352477416453189,16.094393338682472,0.92005690159339026,YES,YES,YES,True,0,0,point-time interpolation uses lower sample; future sample only brackets coverage; violating source timestamp rejects point,deskew call has no NDT input; cloud is published before NDT consumes it; NDT correction can affect only later deskew,NO; structural/code-path evidence is recorded separately
555,1660857448.3651409,1660857448.4659803,1660857448.3651409,PUBLISHED,covered_and_deskewed,17978,17978,1660857446.4678881,1660857448.4677761,0.0050082206726074219,0.02,0.8423740062725803,4.8179525373350165,1.0580102609715232,YES,YES,YES,True,0,0,point-time interpolation uses lower sample; future sample only brackets coverage; violating source timestamp rejects point,deskew call has no NDT input; cloud is published before NDT consumes it; NDT correction can affect only later deskew,NO; structural/code-path evidence is recorded separately
556,1660857448.466001,1660857448.5668404,1660857448.466001,PUBLISHED,covered_and_deskewed,17904,17904,1660857446.567888,1660857448.567776,0.0050079822540283203,0.02,0.44907789707039691,4.15457372939614,0.87861263019716962,YES,YES,YES,True,0,0,point-time interpolation uses lower sample; future sample only brackets coverage; violating source timestamp rejects point,deskew call has no NDT input; cloud is published before NDT consumes it; NDT correction can affect only later deskew,NO; structural/code-path evidence is recorded separately
557,1660857448.5668609,1660857448.6677003,1660857448.5668609,PUBLISHED,covered_and_deskewed,17901,17901,1660857446.6678879,1660857448.6677761,0.0050082206726074219,0.02,0.84456587523141591,12.111972715753694,0.81600651195320018,YES,YES,YES,True,0,0,point-time interpolation uses lower sample; future sample only brackets coverage; violating source timestamp rejects point,deskew call has no NDT input; cloud is published before NDT consumes it; NDT correction can affect only later deskew,NO; structural/code-path evidence is recorded separately
558,1660857448.667721,1660857448.7685604,1660857448.667721,PUBLISHED,covered_and_deskewed,17517,17517,1660857446.7728961,1660857448.772784,0.0050079822540283203,0.02,0.86832778047995407,11.126358080125806,1.0277463867738348,YES,YES,YES,True,0,0,point-time interpolation uses lower sample; future sample only brackets coverage; violating source timestamp rejects point,deskew call has no NDT input; cloud is published before NDT consumes it; NDT correction can affect only later deskew,NO; structural/code-path evidence is recorded separately
559,1660857448.7685809,1660857448.8694203,1660857448.7685809,PUBLISHED,covered_and_deskewed,17329,17329,1660857446.872896,1660857448.8727839,0.0050079822540283203,0.02,0.56548628256135547,3.6143283859242747,0.90440539015006194,YES,YES,YES,True,0,0,point-time interpolation uses lower sample; future sample only brackets coverage; violating source timestamp rejects point,deskew call has no NDT input; cloud is published before NDT consumes it; NDT correction can affect only later deskew,NO; structural/code-path evidence is recorded separately
560,1660857448.869441,1660857448.9702804,1660857448.869441,PUBLISHED,covered_and_deskewed,17253,17253,1660857446.9728961,1660857448.972784,0.0050082206726074219,0.02,0.81507786381836578,3.5531529920156748,0.72288061604391129,YES,YES,YES,True,0,0,point-time interpolation uses lower sample; future sample only brackets coverage; violating source timestamp rejects point,deskew call has no NDT input; cloud is published before NDT consumes it; NDT correction can affect only later deskew,NO; structural/code-path evidence is recorded separately
561,1660857448.9703009,1660857449.0710843,1660857448.9703009,PUBLISHED,covered_and_deskewed,16825,16825,1660857447.0728481,1660857449.072736,0.0050079822540283203,0.02,1.0290669629621829,5.7295946338434227,0.48135665376681064,YES,YES,YES,True,0,0,point-time interpolation uses lower sample; future sample only brackets coverage; violating source timestamp rejects point,deskew call has no NDT input; cloud is published before NDT consumes it; NDT correction can affect only later deskew,NO; structural/code-path evidence is recorded separately
562,1660857449.071105,1660857449.1719444,1660857449.071105,PUBLISHED,covered_and_deskewed,16193,16193,1660857447.172848,1660857449.1727359,0.0050079822540283203,0.02,1.0050294466739886,14.147346060268282,0.78030271627131231,YES,YES,YES,True,0,0,point-time interpolation uses lower sample; future sample only brackets coverage; violating source timestamp rejects point,deskew call has no NDT input; cloud is published before NDT consumes it; NDT correction can affect only later deskew,NO; structural/code-path evidence is recorded separately
563,1660857449.1719649,1660857449.2728033,1660857449.1719649,PUBLISHED,covered_and_deskewed,15657,15657,1660857447.2778399,1660857449.2777281,0.0050082206726074219,0.02,0.74466133324088002,5.8541685201390772,0.65245277492527409,YES,YES,YES,True,0,0,point-time interpolation uses lower sample; future sample only brackets coverage; violating source timestamp rejects point,deskew call has no NDT input; cloud is published before NDT consumes it; NDT correction can affect only later deskew,NO; structural/code-path evidence is recorded separately
564,1660857449.272825,1660857449.3736632,1660857449.272825,PUBLISHED,covered_and_deskewed,15260,15260,1660857447.37784,1660857449.377728,0.0050079822540283203,0.02,0.74037317157042937,2.8866219473394437,0.27261012488782982,YES,YES,YES,True,0,0,point-time interpolation uses lower sample; future sample only brackets coverage; violating source timestamp rejects point,deskew call has no NDT input; cloud is published before NDT consumes it; NDT correction can affect only later deskew,NO; structural/code-path evidence is recorded separately
565,1660857449.3736849,1660857449.4745233,1660857449.3736849,PUBLISHED,covered_and_deskewed,14777,14777,1660857447.4778399,1660857449.4777279,0.0050079822540283203,0.02,1.1118942880888796,4.6695699022479822,0.32403615613924192,YES,YES,YES,True,0,0,point-time interpolation uses lower sample; future sample only brackets coverage; violating source timestamp rejects point,deskew call has no NDT input; cloud is published before NDT consumes it; NDT correction can affect only later deskew,NO; structural/code-path evidence is recorded separately
566,1660857449.474544,1660857449.5753832,1660857449.474544,PUBLISHED,covered_and_deskewed,14377,14377,1660857447.5778401,1660857449.577728,0.0050082206726074219,0.02,1.3414294538094167,11.437867300491838,0.49573731249124159,YES,YES,YES,True,0,0,point-time interpolation uses lower sample; future sample only brackets coverage; violating source timestamp rejects point,deskew call has no NDT input; cloud is published before NDT consumes it; NDT correction can affect only later deskew,NO; structural/code-path evidence is recorded separately
567,1660857449.5754039,1660857449.6762433,1660857449.5754039,PUBLISHED,covered_and_deskewed,14102,14102,1660857447.67784,1660857449.6777279,0.0050079822540283203,0.02,1.7092560013784761,5.8657812315350917,0.64885827119378969,YES,YES,YES,True,0,0,point-time interpolation uses lower sample; future sample only brackets coverage; violating source timestamp rejects point,deskew call has no NDT input; cloud is published before NDT consumes it; NDT correction can affect only later deskew,NO; structural/code-path evidence is recorded separately
568,1660857449.676264,1660857449.7771032,1660857449.676264,PUBLISHED,covered_and_deskewed,14004,14004,1660857447.7778399,1660857449.7777281,0.0050082206726074219,0.02,1.8401992999239978,3.4702695742644876,0.5355627567615886,YES,YES,YES,True,0,0,point-time interpolation uses lower sample; future sample only brackets coverage; violating source timestamp rejects point,deskew call has no NDT input; cloud is published before NDT consumes it; NDT correction can affect only later deskew,NO; structural/code-path evidence is recorded separately
569,1660857449.7771239,1660857449.8779633,1660857449.7771239,PUBLISHED,covered_and_deskewed,13921,13921,1660857447.882848,1660857449.882736,0.0050079822540283203,0.02,1.7050175093430071,4.7540822640455529,0.25959706201949978,YES,YES,YES,True,0,0,point-time interpolation uses lower sample; future sample only brackets coverage; violating source timestamp rejects point,deskew call has no NDT input; cloud is published before NDT consumes it; NDT correction can affect only later deskew,NO; structural/code-path evidence is recorded separately
570,1660857449.877984,1660857449.9788232,1660857449.877984,PUBLISHED,covered_and_deskewed,13777,13777,1660857447.9828479,1660857449.9827361,0.0050082206726074219,0.02,1.1337413734742596,14.28437390439159,0.58796138765698325,YES,YES,YES,True,0,0,point-time interpolation uses lower sample; future sample only brackets coverage; violating source timestamp rejects point,deskew call has no NDT input; cloud is published before NDT consumes it; NDT correction can affect only later deskew,NO; structural/code-path evidence is recorded separately
571,1660857449.9788439,1660857450.0789855,1660857449.9788439,PUBLISHED,covered_and_deskewed,13479,13479,1660857448.0827839,1660857450.0826881,0.0050082206726074219,0.02,0.80101563180166746,8.0920977536771943,0.64258892396991607,YES,YES,YES,True,0,0,point-time interpolation uses lower sample; future sample only brackets coverage; violating source timestamp rejects point,deskew call has no NDT input; cloud is published before NDT consumes it; NDT correction can affect only later deskew,NO; structural/code-path evidence is recorded separately
572,1660857450.079649,1660857450.1787951,1660857450.079649,PUBLISHED,covered_and_deskewed,13482,13482,1660857448.1827841,1660857450.182688,0.0050079822540283203,0.02,0.70636969798342331,4.8413614187555885,0.38436962127408586,YES,YES,YES,True,0,0,point-time interpolation uses lower sample; future sample only brackets coverage; violating source timestamp rejects point,deskew call has no NDT input; cloud is published before NDT consumes it; NDT correction can affect only later deskew,NO; structural/code-path evidence is recorded separately
573,1660857450.1805091,1660857450.2784388,1660857450.1805091,PUBLISHED,covered_and_deskewed,13524,13524,1660857448.282784,1660857450.2826879,0.0050079822540283203,0.02,0.91441301686162846,5.2504399407754851,0.29355260140896072,YES,YES,YES,True,0,0,point-time interpolation uses lower sample; future sample only brackets coverage; violating source timestamp rejects point,deskew call has no NDT input; cloud is published before NDT consumes it; NDT correction can affect only later deskew,NO; structural/code-path evidence is recorded separately
574,1660857450.281369,1660857450.3788009,1660857450.281369,PUBLISHED,covered_and_deskewed,13490,13490,1660857448.3827839,1660857450.382688,0.0050082206726074219,0.02,1.1660236018250518,12.365730618811783,0.49250399334214212,YES,YES,YES,True,0,0,point-time interpolation uses lower sample; future sample only brackets coverage; violating source timestamp rejects point,deskew call has no NDT input; cloud is published before NDT consumes it; NDT correction can affect only later deskew,NO; structural/code-path evidence is recorded separately
575,1660857450.3822291,1660857450.4786649,1660857450.3822291,PUBLISHED,covered_and_deskewed,13343,13343,1660857448.482784,1660857450.482688,0.0050079822540283203,0.02,1.0537081099275307,10.039991766743187,0.44609821516286785,YES,YES,YES,True,0,0,point-time interpolation uses lower sample; future sample only brackets coverage; violating source timestamp rejects point,deskew call has no NDT input; cloud is published before NDT consumes it; NDT correction can affect only later deskew,NO; structural/code-path evidence is recorded separately
576,1660857450.483089,1660857450.5785294,1660857450.483089,PUBLISHED,covered_and_deskewed,13282,13282,1660857448.5827839,1660857450.5826881,0.0050082206726074219,0.02,0.92687285705097233,2.7007799186728296,0.21466156342587628,YES,YES,YES,True,0,0,point-time interpolation uses lower sample; future sample only brackets coverage; violating source timestamp rejects point,deskew call has no NDT input; cloud is published before NDT consumes it; NDT correction can affect only later deskew,NO; structural/code-path evidence is recorded separately
577,1660857450.5839491,1660857450.6785603,1660857450.5839491,PUBLISHED,covered_and_deskewed,13352,13352,1660857448.6827841,1660857450.682688,0.0050079822540283203,0.02,1.0713418469036071,3.6042242209787352,0.17137575876771868,YES,YES,YES,True,0,0,point-time interpolation uses lower sample; future sample only brackets coverage; violating source timestamp rejects point,deskew call has no NDT input; cloud is published before NDT consumes it; NDT correction can affect only later deskew,NO; structural/code-path evidence is recorded separately
578,1660857450.684809,1660857450.7785907,1660857450.684809,PUBLISHED,covered_and_deskewed,13390,13390,1660857448.782784,1660857450.7826879,0.0050079822540283203,0.02,1.3965232230427191,16.231965518426296,0.28434080600345918,YES,YES,YES,True,0,0,point-time interpolation uses lower sample; future sample only brackets coverage; violating source timestamp rejects point,deskew call has no NDT input; cloud is published before NDT consumes it; NDT correction can affect only later deskew,NO; structural/code-path evidence is recorded separately
579,1660857450.7856691,1660857450.8787873,1660857450.7856691,PUBLISHED,covered_and_deskewed,13375,13375,1660857448.8827839,1660857450.882688,0.0050082206726074219,0.02,1.1959646245380124,13.606381978157131,0.50775520776694716,YES,YES,YES,True,0,0,point-time interpolation uses lower sample; future sample only brackets coverage; violating source timestamp rejects point,deskew call has no NDT input; cloud is published before NDT consumes it; NDT correction can affect only later deskew,NO; structural/code-path evidence is recorded separately
580,1660857450.886529,1660857450.9787626,1660857450.886529,PUBLISHED,covered_and_deskewed,13359,13359,1660857448.982784,1660857450.982688,0.0050079822540283203,0.02,0.86181610720290258,4.9034431543195307,0.29935912927282038,YES,YES,YES,True,0,0,point-time interpolation uses lower sample; future sample only brackets coverage; violating source timestamp rejects point,deskew call has no NDT input; cloud is published before NDT consumes it; NDT correction can affect only later deskew,NO; structural/code-path evidence is recorded separately
581,1660857450.9873891,1660857451.0787923,1660857450.9873891,PUBLISHED,covered_and_deskewed,13269,13269,1660857449.082736,1660857451.082624,0.0050079822540283203,0.02,1.041519339943124,3.7433045409454295,0.28849559690584803,YES,YES,YES,True,0,0,point-time interpolation uses lower sample; future sample only brackets coverage; violating source timestamp rejects point,deskew call has no NDT input; cloud is published before NDT consumes it; NDT correction can affect only later deskew,NO; structural/code-path evidence is recorded separately
582,1660857451.0881929,1660857451.1807585,1660857451.0881929,PUBLISHED,covered_and_deskewed,13349,13349,1660857449.1827359,1660857451.1826241,0.0050082206726074219,0.02,1.2675181177345496,14.758572111540934,0.81241734462050741,YES,YES,YES,True,0,0,point-time interpolation uses lower sample; future sample only brackets coverage; violating source timestamp rejects point,deskew call has no NDT input; cloud is published before NDT consumes it; NDT correction can affect only later deskew,NO; structural/code-path evidence is recorded separately
583,1660857451.1890531,1660857451.2808442,1660857451.1890531,PUBLISHED,covered_and_deskewed,13381,13381,1660857449.2827361,1660857451.282624,0.0050079822540283203,0.02,1.1401515725411437,9.4427411329536231,0.63341475780101664,YES,YES,YES,True,0,0,point-time interpolation uses lower sample; future sample only brackets coverage; violating source timestamp rejects point,deskew call has no NDT input; cloud is published before NDT consumes it; NDT correction can affect only later deskew,NO; structural/code-path evidence is recorded separately
584,1660857451.289912,1660857451.3810453,1660857451.289912,PUBLISHED,covered_and_deskewed,13509,13509,1660857449.382736,1660857451.3826239,0.0050079822540283203,0.02,1.0553729786903447,3.9563957213235681,0.27623278839921367,YES,YES,YES,True,0,0,point-time interpolation uses lower sample; future sample only brackets coverage; violating source timestamp rejects point,deskew call has no NDT input; cloud is published before NDT consumes it; NDT correction can affect only later deskew,NO; structural/code-path evidence is recorded separately
585,1660857451.3907721,1660857451.4811265,1660857451.3907721,PUBLISHED,covered_and_deskewed,13722,13722,1660857449.4827361,1660857451.4826241,0.0050082206726074219,0.02,1.1930577017102399,6.2649826985242258,0.31876165676015672,YES,YES,YES,True,0,0,point-time interpolation uses lower sample; future sample only brackets coverage; violating source timestamp rejects point,deskew call has no NDT input; cloud is published before NDT consumes it; NDT correction can affect only later deskew,NO; structural/code-path evidence is recorded separately
586,1660857451.491632,1660857451.581214,1660857451.491632,PUBLISHED,covered_and_deskewed,13954,13954,1660857449.582736,1660857451.582624,0.0050079822540283203,0.02,1.4430329449471015,13.27171987982806,0.63254802709558833,YES,YES,YES,True,0,0,point-time interpolation uses lower sample; future sample only brackets coverage; violating source timestamp rejects point,deskew call has no NDT input; cloud is published before NDT consumes it; NDT correction can affect only later deskew,NO; structural/code-path evidence is recorded separately
587,1660857451.5924921,1660857451.6809657,1660857451.5924921,PUBLISHED,covered_and_deskewed,14411,14411,1660857449.6827359,1660857451.6826241,0.0050082206726074219,0.02,1.3107758617975638,11.116851018368145,0.76170839131666457,YES,YES,YES,True,0,0,point-time interpolation uses lower sample; future sample only brackets coverage; violating source timestamp rejects point,deskew call has no NDT input; cloud is published before NDT consumes it; NDT correction can affect only later deskew,NO; structural/code-path evidence is recorded separately
588,1660857451.693352,1660857451.7810862,1660857451.693352,PUBLISHED,covered_and_deskewed,14907,14907,1660857449.7827361,1660857451.782624,0.0050079822540283203,0.02,1.4651364638864839,4.4267140432586478,0.53035719977896834,YES,YES,YES,True,0,0,point-time interpolation uses lower sample; future sample only brackets coverage; violating source timestamp rejects point,deskew call has no NDT input; cloud is published before NDT consumes it; NDT correction can affect only later deskew,NO; structural/code-path evidence is recorded separately
589,1660857451.7942121,1660857451.8806076,1660857451.7942121,PUBLISHED,covered_and_deskewed,15530,15530,1660857449.882736,1660857451.8826239,0.0050079822540283203,0.02,1.2876126148415954,2.3266672967754358,0.53445633929170167,YES,YES,YES,True,0,0,point-time interpolation uses lower sample; future sample only brackets coverage; violating source timestamp rejects point,deskew call has no NDT input; cloud is published before NDT consumes it; NDT correction can affect only later deskew,NO; structural/code-path evidence is recorded separately
590,1660857451.895072,1660857451.9806728,1660857451.895072,PUBLISHED,covered_and_deskewed,16183,16183,1660857449.9827361,1660857451.9826241,0.0099999904632568359,0.02,1.2218286841042092,5.0226366856013431,0.77579960692473027,YES,YES,YES,True,0,0,point-time interpolation uses lower sample; future sample only brackets coverage; violating source timestamp rejects point,deskew call has no NDT input; cloud is published before NDT consumes it; NDT correction can affect only later deskew,NO; structural/code-path evidence is recorded separately
591,1660857451.9959321,1660857452.0809009,1660857451.9959321,PUBLISHED,covered_and_deskewed,17105,17105,1660857450.0826881,1660857452.082576,0.0050082206726074219,0.02,1.0691949723372378,16.512696700469469,1.2301450971404382,YES,YES,YES,True,0,0,point-time interpolation uses lower sample; future sample only brackets coverage; violating source timestamp rejects point,deskew call has no NDT input; cloud is published before NDT consumes it; NDT correction can affect only later deskew,NO; structural/code-path evidence is recorded separately
592,1660857452.096736,1660857452.1810422,1660857452.096736,PUBLISHED,covered_and_deskewed,17936,17936,1660857450.182688,1660857452.1825759,0.0050079822540283203,0.02,0.76166622802751704,8.3927053452745515,1.0429991630069593,YES,YES,YES,True,0,0,point-time interpolation uses lower sample; future sample only brackets coverage; violating source timestamp rejects point,deskew call has no NDT input; cloud is published before NDT consumes it; NDT correction can affect only later deskew,NO; structural/code-path evidence is recorded separately
593,1660857452.1975961,1660857452.2810175,1660857452.1975961,PUBLISHED,covered_and_deskewed,18601,18601,1660857450.2826879,1660857452.2825761,0.0050082206726074219,0.02,0.76582625571554175,4.4082395422804117,0.80903226027631425,YES,YES,YES,True,0,0,point-time interpolation uses lower sample; future sample only brackets coverage; violating source timestamp rejects point,deskew call has no NDT input; cloud is published before NDT consumes it; NDT correction can affect only later deskew,NO; structural/code-path evidence is recorded separately
594,1660857452.298456,1660857452.3808501,1660857452.298456,PUBLISHED,covered_and_deskewed,19136,19136,1660857450.382688,1660857452.382576,0.0050079822540283203,0.02,0.94099372785191282,9.6208338534170768,0.74451865543284224,YES,YES,YES,True,0,0,point-time interpolation uses lower sample; future sample only brackets coverage; violating source timestamp rejects point,deskew call has no NDT input; cloud is published before NDT consumes it; NDT correction can affect only later deskew,NO; structural/code-path evidence is recorded separately
595,1660857452.3993161,1660857452.4807665,1660857452.3993161,PUBLISHED,covered_and_deskewed,19723,19723,1660857450.482688,1660857452.4825759,0.0050079822540283203,0.02,0.88638058063612646,6.772696680270208,1.084687712934377,YES,YES,YES,True,0,0,point-time interpolation uses lower sample; future sample only brackets coverage; violating source timestamp rejects point,deskew call has no NDT input; cloud is published before NDT consumes it; NDT correction can affect only later deskew,NO; structural/code-path evidence is recorded separately
596,1660857452.500176,1660857452.5808527,1660857452.500176,PUBLISHED,covered_and_deskewed,20079,20079,1660857450.5826881,1660857452.582576,0.0050082206726074219,0.02,0.93424605792743276,2.6675356922555391,0.61490867264350746,YES,YES,YES,True,0,0,point-time interpolation uses lower sample; future sample only brackets coverage; violating source timestamp rejects point,deskew call has no NDT input; cloud is published before NDT consumes it; NDT correction can affect only later deskew,NO; structural/code-path evidence is recorded separately
597,1660857452.6010361,1660857452.6808279,1660857452.6010361,PUBLISHED,covered_and_deskewed,20211,20211,1660857450.682688,1660857452.6825759,0.0050079822540283203,0.02,1.0136637253022871,3.5312854147306765,0.49775441899900186,YES,YES,YES,True,0,0,point-time interpolation uses lower sample; future sample only brackets coverage; violating source timestamp rejects point,deskew call has no NDT input; cloud is published before NDT consumes it; NDT correction can affect only later deskew,NO; structural/code-path evidence is recorded separately
598,1660857452.701896,1660857452.7810245,1660857452.701896,PUBLISHED,covered_and_deskewed,19258,19258,1660857450.7826879,1660857452.7825761,0.0050082206726074219,0.02,1.2806676431864188,31.58576497566272,1.3901242582677209,YES,YES,YES,True,0,0,point-time interpolation uses lower sample; future sample only brackets coverage; violating source timestamp rejects point,deskew call has no NDT input; cloud is published before NDT consumes it; NDT correction can affect only later deskew,NO; structural/code-path evidence is recorded separately
599,1660857452.8027561,1660857452.8809998,1660857452.8027561,PUBLISHED,covered_and_deskewed,18546,18546,1660857450.882688,1660857452.882576,0.0050079822540283203,0.02,1.2097477787421147,13.427256684773079,1.0484217754854332,YES,YES,YES,True,0,0,point-time interpolation uses lower sample; future sample only brackets coverage; violating source timestamp rejects point,deskew call has no NDT input; cloud is published before NDT consumes it; NDT correction can affect only later deskew,NO; structural/code-path evidence is recorded separately
600,1660857452.903616,1660857452.9811962,1660857452.903616,PUBLISHED,covered_and_deskewed,17126,17126,1660857450.982688,1660857452.9825759,0.0050079822540283203,0.02,1.2081220301000903,4.0870563439223391,0.14060348585862756,YES,YES,YES,True,0,0,point-time interpolation uses lower sample; future sample only brackets coverage; violating source timestamp rejects point,deskew call has no NDT input; cloud is published before NDT consumes it; NDT correction can affect only later deskew,NO; structural/code-path evidence is recorded separately
601,1660857453.004421,1660857453.0812273,1660857453.004421,PUBLISHED,covered_and_deskewed,16159,16159,1660857451.082624,1660857453.0825119,0.0050079822540283203,0.02,0.9868561951283199,3.0397865535007851,0.20105325266576862,YES,YES,YES,True,0,0,point-time interpolation uses lower sample; future sample only brackets coverage; violating source timestamp rejects point,deskew call has no NDT input; cloud is published before NDT consumes it; NDT correction can affect only later deskew,NO; structural/code-path evidence is recorded separately
602,1660857453.1052811,1660857453.181592,1660857453.1052811,PUBLISHED,covered_and_deskewed,15555,15555,1660857451.1826241,1660857453.182512,0.0050082206726074219,0.02,0.72189797035100634,16.092444952231425,0.50680282316033076,YES,YES,YES,True,0,0,point-time interpolation uses lower sample; future sample only brackets coverage; violating source timestamp rejects point,deskew call has no NDT input; cloud is published before NDT consumes it; NDT correction can affect only later deskew,NO; structural/code-path evidence is recorded separately
603,1660857453.206141,1660857453.2815986,1660857453.206141,PUBLISHED,covered_and_deskewed,15092,15092,1660857451.282624,1660857453.2825119,0.0050079822540283203,0.02,0.3853369771890795,10.537436289793954,0.20533118860203772,YES,YES,YES,True,0,0,point-time interpolation uses lower sample; future sample only brackets coverage; violating source timestamp rejects point,deskew call has no NDT input; cloud is published before NDT consumes it; NDT correction can affect only later deskew,NO; structural/code-path evidence is recorded separately
604,1660857453.3070011,1660857453.3817949,1660857453.3070011,PUBLISHED,covered_and_deskewed,14778,14778,1660857451.3826239,1660857453.3825121,0.0050082206726074219,0.02,0.34760776054177717,2.8127859081112891,0.21057163763453024,YES,YES,YES,True,0,0,point-time interpolation uses lower sample; future sample only brackets coverage; violating source timestamp rejects point,deskew call has no NDT input; cloud is published before NDT consumes it; NDT correction can affect only later deskew,NO; structural/code-path evidence is recorded separately
605,1660857453.40786,1660857453.4816597,1660857453.40786,PUBLISHED,covered_and_deskewed,14630,14630,1660857451.4826241,1660857453.482512,0.0050079822540283203,0.02,0.23743416977986156,2.8080529772252931,0.13487779832733185,YES,YES,YES,True,0,0,point-time interpolation uses lower sample; future sample only brackets coverage; violating source timestamp rejects point,deskew call has no NDT input; cloud is published before NDT consumes it; NDT correction can affect only later deskew,NO; structural/code-path evidence is recorded separately
606,1660857453.5087199,1660857453.5816903,1660857453.5087199,PUBLISHED,covered_and_deskewed,14261,14261,1660857451.582624,1660857453.5825119,0.0050079822540283203,0.02,0.37808356922493924,9.8645167493915231,0.43638718253534997,YES,YES,YES,True,0,0,point-time interpolation uses lower sample; future sample only brackets coverage; violating source timestamp rejects point,deskew call has no NDT input; cloud is published before NDT consumes it; NDT correction can affect only later deskew,NO; structural/code-path evidence is recorded separately
607,1660857453.60958,1660857453.6814997,1660857453.60958,PUBLISHED,covered_and_deskewed,14202,14202,1660857451.6826241,1660857453.682512,0.0050082206726074219,0.02,0.45429247973491382,6.1422919195438537,0.55410163072569274,YES,YES,YES,True,0,0,point-time interpolation uses lower sample; future sample only brackets coverage; violating source timestamp rejects point,deskew call has no NDT input; cloud is published before NDT consumes it; NDT correction can affect only later deskew,NO; structural/code-path evidence is recorded separately
608,1660857453.7104399,1660857453.7813644,1660857453.7104399,PUBLISHED,covered_and_deskewed,14065,14065,1660857451.782624,1660857453.7825119,0.0050079822540283203,0.02,0.5064784314218479,6.5525584641984818,0.32464550406077097,YES,YES,YES,True,0,0,point-time interpolation uses lower sample; future sample only brackets coverage; violating source timestamp rejects point,deskew call has no NDT input; cloud is published before NDT consumes it; NDT correction can affect only later deskew,NO; structural/code-path evidence is recorded separately
609,1660857453.8113,1660857453.8816717,1660857453.8113,PUBLISHED,covered_and_deskewed,14114,14114,1660857451.8826239,1660857453.8825121,0.0050082206726074219,0.02,0.73442473552136212,17.933344673586852,0.9103642436211633,YES,YES,YES,True,0,0,point-time interpolation uses lower sample; future sample only brackets coverage; violating source timestamp rejects point,deskew call has no NDT input; cloud is published before NDT consumes it; NDT correction can affect only later deskew,NO; structural/code-path evidence is recorded separately
610,1660857453.9121599,1660857453.9819787,1660857453.9121599,PUBLISHED,covered_and_deskewed,14162,14162,1660857451.9826241,1660857453.982512,0.0050079822540283203,0.02,0.57946736970891377,9.0995634998184887,0.61687419755801931,YES,YES,YES,True,0,0,point-time interpolation uses lower sample; future sample only brackets coverage; violating source timestamp rejects point,deskew call has no NDT input; cloud is published before NDT consumes it; NDT correction can affect only later deskew,NO; structural/code-path evidence is recorded separately
611,1660857454.0129769,1660857454.0820215,1660857454.0129769,PUBLISHED,covered_and_deskewed,14266,14266,1660857452.082576,1660857454.082464,0.0050079822540283203,0.02,0.70494929575849097,3.6594341512762987,0.66702330937125331,YES,YES,YES,True,0,0,point-time interpolation uses lower sample; future sample only brackets coverage; violating source timestamp rejects point,deskew call has no NDT input; cloud is published before NDT consumes it; NDT correction can affect only later deskew,NO; structural/code-path evidence is recorded separately
612,1660857454.113837,1660857454.1823831,1660857454.113837,PUBLISHED,covered_and_deskewed,14635,14635,1660857452.1825759,1660857454.1824639,0.0050079822540283203,0.02,0.7192389813843767,5.069686033426442,0.9421255260998106,YES,YES,YES,True,0,0,point-time interpolation uses lower sample; future sample only brackets coverage; violating source timestamp rejects point,deskew call has no NDT input; cloud is published before NDT consumes it; NDT correction can affect only later deskew,NO; structural/code-path evidence is recorded separately
613,1660857454.2146969,1660857454.2834895,1660857454.2146969,PUBLISHED,covered_and_deskewed,15219,15219,1660857452.2875681,1660857454.287456,0.0050079822540283203,0.02,0.73003242765875653,13.125370379914093,1.4830908604916009,YES,YES,YES,True,0,0,point-time interpolation uses lower sample; future sample only brackets coverage; violating source timestamp rejects point,deskew call has no NDT input; cloud is published before NDT consumes it; NDT correction can affect only later deskew,NO; structural/code-path evidence is recorded separately
614,1660857454.315557,1660857454.3858378,1660857454.315557,PUBLISHED,covered_and_deskewed,15963,15963,1660857452.387568,1660857454.3874559,0.0050079822540283203,0.02,0.80013145978536881,9.0874901153116525,1.1252733051990298,YES,YES,YES,True,0,0,point-time interpolation uses lower sample; future sample only brackets coverage; violating source timestamp rejects point,deskew call has no NDT input; cloud is published before NDT consumes it; NDT correction can affect only later deskew,NO; structural/code-path evidence is recorded separately
615,1660857454.4164169,1660857454.4846196,1660857454.4164169,PUBLISHED,covered_and_deskewed,16893,16893,1660857452.4875679,1660857454.4874561,0.0050082206726074219,0.02,0.91197537231588122,6.4945129478150081,1.2675523285262715,YES,YES,YES,True,0,0,point-time interpolation uses lower sample; future sample only brackets coverage; violating source timestamp rejects point,deskew call has no NDT input; cloud is published before NDT consumes it; NDT correction can affect only later deskew,NO; structural/code-path evidence is recorded separately
616,1660857454.517277,1660857454.5828879,1660857454.517277,PUBLISHED,covered_and_deskewed,17342,17342,1660857452.587568,1660857454.587456,0.0050079822540283203,0.02,0.9003477623821956,10.856089389455244,1.4963257549346298,YES,YES,YES,True,0,0,point-time interpolation uses lower sample; future sample only brackets coverage; violating source timestamp rejects point,deskew call has no NDT input; cloud is published before NDT consumes it; NDT correction can affect only later deskew,NO; structural/code-path evidence is recorded separately
617,1660857454.6181369,1660857454.7189763,1660857454.6181369,PUBLISHED,covered_and_deskewed,18223,18223,1660857452.7225759,1660857454.7224641,0.0050082206726074219,0.02,0.7236703802809874,10.400349025555704,1.0942004178709832,YES,YES,YES,True,0,0,point-time interpolation uses lower sample; future sample only brackets coverage; violating source timestamp rejects point,deskew call has no NDT input; cloud is published before NDT consumes it; NDT correction can affect only later deskew,NO; structural/code-path evidence is recorded separately
618,1660857454.718997,1660857454.8198364,1660857454.718997,PUBLISHED,covered_and_deskewed,18716,18716,1660857452.822576,1660857454.822464,0.0050079822540283203,0.02,0.8693068134964006,4.0539514140056792,1.1419468655284333,YES,YES,YES,True,0,0,point-time interpolation uses lower sample; future sample only brackets coverage; violating source timestamp rejects point,deskew call has no NDT input; cloud is published before NDT consumes it; NDT correction can affect only later deskew,NO; structural/code-path evidence is recorded separately
619,1660857454.8198569,1660857454.9206963,1660857454.8198569,PUBLISHED,covered_and_deskewed,18778,18778,1660857452.922576,1660857454.9224639,0.0050079822540283203,0.02,0.86968742221409312,2.8696791145698621,1.0904661483229254,YES,YES,YES,True,0,0,point-time interpolation uses lower sample; future sample only brackets coverage; violating source timestamp rejects point,deskew call has no NDT input; cloud is published before NDT consumes it; NDT correction can affect only later deskew,NO; structural/code-path evidence is recorded separately
620,1660857454.920717,1660857455.0214863,1660857454.920717,PUBLISHED,covered_and_deskewed,18925,18925,1660857453.022512,1660857455.0223999,0.0050082206726074219,0.02,0.71560410485670733,12.996609445217711,1.0623889339504049,YES,YES,YES,True,0,0,point-time interpolation uses lower sample; future sample only brackets coverage; violating source timestamp rejects point,deskew call has no NDT input; cloud is published before NDT consumes it; NDT correction can affect only later deskew,NO; structural/code-path evidence is recorded separately
621,1660857455.021508,1660857455.1223464,1660857455.021508,PUBLISHED,covered_and_deskewed,19051,19051,1660857453.1225121,1660857455.1224,0.0050082206726074219,0.02,0.77121409835531951,9.4324920857289154,1.0874792040745944,YES,YES,YES,True,0,0,point-time interpolation uses lower sample; future sample only brackets coverage; violating source timestamp rejects point,deskew call has no NDT input; cloud is published before NDT consumes it; NDT correction can affect only later deskew,NO; structural/code-path evidence is recorded separately
622,1660857455.1223681,1660857455.2232063,1660857455.1223681,PUBLISHED,covered_and_deskewed,19207,19207,1660857453.227504,1660857455.227392,0.0050079822540283203,0.02,0.59777172613732699,5.8875010881389498,1.0891828375073627,YES,YES,YES,True,0,0,point-time interpolation uses lower sample; future sample only brackets coverage; violating source timestamp rejects point,deskew call has no NDT input; cloud is published before NDT consumes it; NDT correction can affect only later deskew,NO; structural/code-path evidence is recorded separately
623,1660857455.223227,1660857455.3240664,1660857455.223227,PUBLISHED,covered_and_deskewed,19189,19189,1660857453.3275039,1660857455.3273921,0.0050082206726074219,0.02,0.73946581095077724,9.1046355607927545,1.2220081711220727,YES,YES,YES,True,0,0,point-time interpolation uses lower sample; future sample only brackets coverage; violating source timestamp rejects point,deskew call has no NDT input; cloud is published before NDT consumes it; NDT correction can affect only later deskew,NO; structural/code-path evidence is recorded separately
624,1660857455.3240869,1660857455.4249263,1660857455.3240869,PUBLISHED,covered_and_deskewed,19051,19051,1660857453.4275041,1660857455.427392,0.0050079822540283203,0.02,0.99312888929190468,11.389705438747468,0.84244696789266771,YES,YES,YES,True,0,0,point-time interpolation uses lower sample; future sample only brackets coverage; violating source timestamp rejects point,deskew call has no NDT input; cloud is published before NDT consumes it; NDT correction can affect only later deskew,NO; structural/code-path evidence is recorded separately
625,1660857455.424947,1660857455.5257864,1660857455.424947,PUBLISHED,covered_and_deskewed,18850,18850,1660857453.527504,1660857455.5273919,0.0050079822540283203,0.02,0.83625892691343395,8.9994088740503724,0.80447584539831829,YES,YES,YES,True,0,0,point-time interpolation uses lower sample; future sample only brackets coverage; violating source timestamp rejects point,deskew call has no NDT input; cloud is published before NDT consumes it; NDT correction can affect only later deskew,NO; structural/code-path evidence is recorded separately
626,1660857455.5258069,1660857455.6266463,1660857455.5258069,PUBLISHED,covered_and_deskewed,18523,18523,1660857453.6275041,1660857455.6273921,0.0050082206726074219,0.02,0.77698624899726176,9.1152786518233224,0.46069480401035195,YES,YES,YES,True,0,0,point-time interpolation uses lower sample; future sample only brackets coverage; violating source timestamp rejects point,deskew call has no NDT input; cloud is published before NDT consumes it; NDT correction can affect only later deskew,NO; structural/code-path evidence is recorded separately
627,1660857455.626667,1660857455.7275064,1660857455.626667,PUBLISHED,covered_and_deskewed,18056,18056,1660857453.732512,1660857455.7323999,0.0050079822540283203,0.02,0.75769824212856562,14.926187489352117,0.48182100590904775,YES,YES,YES,True,0,0,point-time interpolation uses lower sample; future sample only brackets coverage; violating source timestamp rejects point,deskew call has no NDT input; cloud is published before NDT consumes it; NDT correction can affect only later deskew,NO; structural/code-path evidence is recorded separately
628,1660857455.7275269,1660857455.8283663,1660857455.7275269,PUBLISHED,covered_and_deskewed,17546,17546,1660857453.8325119,1660857455.8324001,0.0050082206726074219,0.02,0.75668705156063154,10.179159254329209,0.46313019470827216,YES,YES,YES,True,0,0,point-time interpolation uses lower sample; future sample only brackets coverage; violating source timestamp rejects point,deskew call has no NDT input; cloud is published before NDT consumes it; NDT correction can affect only later deskew,NO; structural/code-path evidence is recorded separately
629,1660857455.828387,1660857455.9292264,1660857455.828387,PUBLISHED,covered_and_deskewed,17236,17236,1660857453.932512,1660857455.9324,0.0050079822540283203,0.02,0.60253286498101188,3.4574863478007631,0.11765070379415803,YES,YES,YES,True,0,0,point-time interpolation uses lower sample; future sample only brackets coverage; violating source timestamp rejects point,deskew call has no NDT input; cloud is published before NDT consumes it; NDT correction can affect only later deskew,NO; structural/code-path evidence is recorded separately
630,1660857455.9292469,1660857456.0300312,1660857455.9292469,PUBLISHED,covered_and_deskewed,16991,16991,1660857454.032464,1660857456.032352,0.0050079822540283203,0.02,0.51653084044567688,7.6365334860797276,0.41415302892257577,YES,YES,YES,True,0,0,point-time interpolation uses lower sample; future sample only brackets coverage; violating source timestamp rejects point,deskew call has no NDT input; cloud is published before NDT consumes it; NDT correction can affect only later deskew,NO; structural/code-path evidence is recorded separately
631,1660857456.0300519,1660857456.1308913,1660857456.0300519,PUBLISHED,covered_and_deskewed,16954,16954,1660857454.1324639,1660857456.1323521,0.0050082206726074219,0.02,0.61268727132585987,18.44456568164761,0.80408574701982494,YES,YES,YES,True,0,0,point-time interpolation uses lower sample; future sample only brackets coverage; violating source timestamp rejects point,deskew call has no NDT input; cloud is published before NDT consumes it; NDT correction can affect only later deskew,NO; structural/code-path evidence is recorded separately
632,1660857456.1309121,1660857456.2317512,1660857456.1309121,PUBLISHED,covered_and_deskewed,17845,17845,1660857454.2324641,1660857456.232352,0.0050082206726074219,0.02,0.66949045460752832,9.2603966938325986,0.7174275268360345,YES,YES,YES,True,0,0,point-time interpolation uses lower sample; future sample only brackets coverage; violating source timestamp rejects point,deskew call has no NDT input; cloud is published before NDT consumes it; NDT correction can affect only later deskew,NO; structural/code-path evidence is recorded separately
633,1660857456.2317719,1660857456.3326113,1660857456.2317719,PUBLISHED,covered_and_deskewed,18208,18208,1660857454.337456,1660857456.3373439,0.0050079822540283203,0.02,0.83060563813093424,4.0429623855086421,0.098036779024114062,YES,YES,YES,True,0,0,point-time interpolation uses lower sample; future sample only brackets coverage; violating source timestamp rejects point,deskew call has no NDT input; cloud is published before NDT consumes it; NDT correction can affect only later deskew,NO; structural/code-path evidence is recorded separately
634,1660857456.3326321,1660857456.4334712,1660857456.3326321,PUBLISHED,covered_and_deskewed,18380,18380,1660857454.4374559,1660857456.4373441,0.0050082206726074219,0.02,0.91063232812203487,4.3828591285696605,0.11933210670869784,YES,YES,YES,True,0,0,point-time interpolation uses lower sample; future sample only brackets coverage; violating source timestamp rejects point,deskew call has no NDT input; cloud is published before NDT consumes it; NDT correction can affect only later deskew,NO; structural/code-path evidence is recorded separately
635,1660857456.4334919,1660857456.5343313,1660857456.4334919,PUBLISHED,covered_and_deskewed,18749,18749,1660857454.537456,1660857456.537344,0.0050079822540283203,0.02,0.9017737747401825,11.947383056041334,0.45059915105477399,YES,YES,YES,True,0,0,point-time interpolation uses lower sample; future sample only brackets coverage; violating source timestamp rejects point,deskew call has no NDT input; cloud is published before NDT consumes it; NDT correction can affect only later deskew,NO; structural/code-path evidence is recorded separately
636,1660857456.5343521,1660857456.6351912,1660857456.5343521,PUBLISHED,covered_and_deskewed,19224,19224,1660857454.6374559,1660857456.6373439,0.0050082206726074219,0.02,0.6531175108209768,5.7635420482530622,0.19035173558235133,YES,YES,YES,True,0,0,point-time interpolation uses lower sample; future sample only brackets coverage; violating source timestamp rejects point,deskew call has no NDT input; cloud is published before NDT consumes it; NDT correction can affect only later deskew,NO; structural/code-path evidence is recorded separately
637,1660857456.6352119,1660857456.7360513,1660857456.6352119,PUBLISHED,covered_and_deskewed,19589,19589,1660857454.7374561,1660857456.737344,0.0050082206726074219,0.02,0.62839766066438152,4.0998185059096599,0.1754868269076503,YES,YES,YES,True,0,0,point-time interpolation uses lower sample; future sample only brackets coverage; violating source timestamp rejects point,deskew call has no NDT input; cloud is published before NDT consumes it; NDT correction can affect only later deskew,NO; structural/code-path evidence is recorded separately
638,1660857456.7360721,1660857456.8369102,1660857456.7360721,PUBLISHED,covered_and_deskewed,20021,20021,1660857454.837456,1660857456.8373439,0.0050079822540283203,0.02,1.0111329970292149,9.2910955682811291,0.19040752927509255,YES,YES,YES,True,0,0,point-time interpolation uses lower sample; future sample only brackets coverage; violating source timestamp rejects point,deskew call has no NDT input; cloud is published before NDT consumes it; NDT correction can affect only later deskew,NO; structural/code-path evidence is recorded separately
639,1660857456.8369319,1660857456.9377704,1660857456.8369319,PUBLISHED,covered_and_deskewed,19158,19158,1660857454.9424641,1660857456.9423521,0.0050082206726074219,0.02,0.97494108630433807,12.335380817673755,0.55287958027263484,YES,YES,YES,True,0,0,point-time interpolation uses lower sample; future sample only brackets coverage; violating source timestamp rejects point,deskew call has no NDT input; cloud is published before NDT consumes it; NDT correction can affect only later deskew,NO; structural/code-path evidence is recorded separately
640,1660857456.9377921,1660857457.0385742,1660857456.9377921,PUBLISHED,covered_and_deskewed,18660,18660,1660857455.0423999,1660857457.0422881,0.0050079822540283203,0.02,0.76437878950829818,4.9743276933824987,0.17867198739189713,YES,YES,YES,True,0,0,point-time interpolation uses lower sample; future sample only brackets coverage; violating source timestamp rejects point,deskew call has no NDT input; cloud is published before NDT consumes it; NDT correction can affect only later deskew,NO; structural/code-path evidence is recorded separately
641,1660857457.038595,1660857457.1394343,1660857457.038595,PUBLISHED,covered_and_deskewed,18184,18184,1660857455.1424,1660857457.142288,0.0050079822540283203,0.02,0.82311013746083872,3.661982058672054,0.07588923129708175,YES,YES,YES,True,0,0,point-time interpolation uses lower sample; future sample only brackets coverage; violating source timestamp rejects point,deskew call has no NDT input; cloud is published before NDT consumes it; NDT correction can affect only later deskew,NO; structural/code-path evidence is recorded separately
642,1660857457.1394551,1660857457.2402942,1660857457.1394551,PUBLISHED,covered_and_deskewed,17707,17707,1660857455.2423999,1660857457.2422881,0.0050082206726074219,0.02,1.0014780685539522,8.532024333804058,0.37118192037872882,YES,YES,YES,True,0,0,point-time interpolation uses lower sample; future sample only brackets coverage; violating source timestamp rejects point,deskew call has no NDT input; cloud is published before NDT consumes it; NDT correction can affect only later deskew,NO; structural/code-path evidence is recorded separately
643,1660857457.240315,1660857457.3411543,1660857457.240315,PUBLISHED,covered_and_deskewed,16530,16530,1660857455.3424001,1660857457.342288,0.0050082206726074219,0.02,0.66589698156954358,11.052504880943923,0.53689782439199574,YES,YES,YES,True,0,0,point-time interpolation uses lower sample; future sample only brackets coverage; violating source timestamp rejects point,deskew call has no NDT input; cloud is published before NDT consumes it; NDT correction can affect only later deskew,NO; structural/code-path evidence is recorded separately
644,1660857457.3411751,1660857457.4420142,1660857457.3411751,PUBLISHED,covered_and_deskewed,15609,15609,1660857455.4424,1660857457.4422879,0.0050079822540283203,0.02,0.42789834318805353,5.3967498603169197,0.18844571026647458,YES,YES,YES,True,0,0,point-time interpolation uses lower sample; future sample only brackets coverage; violating source timestamp rejects point,deskew call has no NDT input; cloud is published before NDT consumes it; NDT correction can affect only later deskew,NO; structural/code-path evidence is recorded separately
645,1660857457.442035,1660857457.5428743,1660857457.442035,PUBLISHED,covered_and_deskewed,15000,15000,1660857455.5473919,1660857457.5472801,0.0050082206726074219,0.02,0.86775079358850626,2.645067768983318,0.15381407651423182,YES,YES,YES,True,0,0,point-time interpolation uses lower sample; future sample only brackets coverage; violating source timestamp rejects point,deskew call has no NDT input; cloud is published before NDT consumes it; NDT correction can affect only later deskew,NO; structural/code-path evidence is recorded separately
646,1660857457.5428951,1660857457.6437342,1660857457.5428951,PUBLISHED,covered_and_deskewed,14542,14542,1660857455.647392,1660857457.64728,0.0050079822540283203,0.02,1.0718867721567598,8.8490389517923731,0.3969514223961742,YES,YES,YES,True,0,0,point-time interpolation uses lower sample; future sample only brackets coverage; violating source timestamp rejects point,deskew call has no NDT input; cloud is published before NDT consumes it; NDT correction can affect only later deskew,NO; structural/code-path evidence is recorded separately
647,1660857457.643755,1660857457.7445943,1660857457.643755,PUBLISHED,covered_and_deskewed,14308,14308,1660857455.7473919,1660857457.7472799,0.0050082206726074219,0.02,0.75895890464032101,4.5352463325065857,0.36787079103197956,YES,YES,YES,True,0,0,point-time interpolation uses lower sample; future sample only brackets coverage; violating source timestamp rejects point,deskew call has no NDT input; cloud is published before NDT consumes it; NDT correction can affect only later deskew,NO; structural/code-path evidence is recorded separately
648,1660857457.7446151,1660857457.8454542,1660857457.7446151,PUBLISHED,covered_and_deskewed,14155,14155,1660857455.8473921,1660857457.84728,0.0050082206726074219,0.02,0.6603005135144745,2.9347780623884616,0.46395530600118429,YES,YES,YES,True,0,0,point-time interpolation uses lower sample; future sample only brackets coverage; violating source timestamp rejects point,deskew call has no NDT input; cloud is published before NDT consumes it; NDT correction can affect only later deskew,NO; structural/code-path evidence is recorded separately
649,1660857457.845475,1660857457.9463143,1660857457.845475,PUBLISHED,covered_and_deskewed,13999,13999,1660857455.947392,1660857457.9472799,0.0050079822540283203,0.02,0.66051100047723754,11.106979590091187,0.6310720576608525,YES,YES,YES,True,0,0,point-time interpolation uses lower sample; future sample only brackets coverage; violating source timestamp rejects point,deskew call has no NDT input; cloud is published before NDT consumes it; NDT correction can affect only later deskew,NO; structural/code-path evidence is recorded separately
650,1660857457.9463351,1660857458.0471194,1660857457.9463351,PUBLISHED,covered_and_deskewed,13991,13991,1660857456.047344,1660857458.0472319,0.0050082206726074219,0.02,0.70610134003394165,8.4223044706970462,0.71502653122530901,YES,YES,YES,True,0,0,point-time interpolation uses lower sample; future sample only brackets coverage; violating source timestamp rejects point,deskew call has no NDT input; cloud is published before NDT consumes it; NDT correction can affect only later deskew,NO; structural/code-path evidence is recorded separately
651,1660857458.0471399,1660857458.1479793,1660857458.0471399,PUBLISHED,covered_and_deskewed,14086,14086,1660857456.1523521,1660857458.15224,0.0050082206726074219,0.02,0.72568412239272073,5.9195417443294716,0.85318020941490935,YES,YES,YES,True,0,0,point-time interpolation uses lower sample; future sample only brackets coverage; violating source timestamp rejects point,deskew call has no NDT input; cloud is published before NDT consumes it; NDT correction can affect only later deskew,NO; structural/code-path evidence is recorded separately
652,1660857458.148,1660857458.2488394,1660857458.148,PUBLISHED,covered_and_deskewed,14318,14318,1660857456.252352,1660857458.2522399,0.0050079822540283203,0.02,0.79184654901980622,4.4811543544070913,1.0297793750056803,YES,YES,YES,True,0,0,point-time interpolation uses lower sample; future sample only brackets coverage; violating source timestamp rejects point,deskew call has no NDT input; cloud is published before NDT consumes it; NDT correction can affect only later deskew,NO; structural/code-path evidence is recorded separately
653,1660857458.2488599,1660857458.3496993,1660857458.2488599,PUBLISHED,covered_and_deskewed,14657,14657,1660857456.3523519,1660857458.3522401,0.0050082206726074219,0.02,1.106145836813746,6.7976015404985484,1.1916515762625401,YES,YES,YES,True,0,0,point-time interpolation uses lower sample; future sample only brackets coverage; violating source timestamp rejects point,deskew call has no NDT input; cloud is published before NDT consumes it; NDT correction can affect only later deskew,NO; structural/code-path evidence is recorded separately
654,1660857458.34972,1660857458.4505594,1660857458.34972,PUBLISHED,covered_and_deskewed,15050,15050,1660857456.452352,1660857458.45224,0.0050079822540283203,0.02,0.50244763280398563,7.3239693609859744,1.1627157496565983,YES,YES,YES,True,0,0,point-time interpolation uses lower sample; future sample only brackets coverage; violating source timestamp rejects point,deskew call has no NDT input; cloud is published before NDT consumes it; NDT correction can affect only later deskew,NO; structural/code-path evidence is recorded separately
655,1660857458.4505799,1660857458.5514193,1660857458.4505799,PUBLISHED,covered_and_deskewed,15354,15354,1660857456.552352,1660857458.5522399,0.0050079822540283203,0.02,0.52471594066255989,4.145531480340054,1.0901416087771989,YES,YES,YES,True,0,0,point-time interpolation uses lower sample; future sample only brackets coverage; violating source timestamp rejects point,deskew call has no NDT input; cloud is published before NDT consumes it; NDT correction can affect only later deskew,NO; structural/code-path evidence is recorded separately
656,1660857458.55144,1660857458.6522782,1660857458.55144,PUBLISHED,covered_and_deskewed,15581,15581,1660857456.6573441,1660857458.657232,0.0050082206726074219,0.02,0.92875853004939224,2.9110110988165219,1.0163499183381242,YES,YES,YES,True,0,0,point-time interpolation uses lower sample; future sample only brackets coverage; violating source timestamp rejects point,deskew call has no NDT input; cloud is published before NDT consumes it; NDT correction can affect only later deskew,NO; structural/code-path evidence is recorded separately
657,1660857458.6522999,1660857458.7531383,1660857458.6522999,PUBLISHED,covered_and_deskewed,15793,15793,1660857456.757344,1660857458.757232,0.0050079822540283203,0.02,0.77689097317987477,11.299475833001015,1.1034160046286952,YES,YES,YES,True,0,0,point-time interpolation uses lower sample; future sample only brackets coverage; violating source timestamp rejects point,deskew call has no NDT input; cloud is published before NDT consumes it; NDT correction can affect only later deskew,NO; structural/code-path evidence is recorded separately
658,1660857458.75316,1660857458.8539982,1660857458.75316,PUBLISHED,covered_and_deskewed,16018,16018,1660857456.8573439,1660857458.8572321,0.0050082206726074219,0.02,0.89293799701388044,3.8431585465311771,0.98728038685943575,YES,YES,YES,True,0,0,point-time interpolation uses lower sample; future sample only brackets coverage; violating source timestamp rejects point,deskew call has no NDT input; cloud is published before NDT consumes it; NDT correction can affect only later deskew,NO; structural/code-path evidence is recorded separately
659,1660857458.8540201,1660857458.9548583,1660857458.8540201,PUBLISHED,covered_and_deskewed,16201,16201,1660857456.9573441,1660857458.957232,0.0050079822540283203,0.02,0.39700172865451322,3.5829777809485974,0.90802859830206784,YES,YES,YES,True,0,0,point-time interpolation uses lower sample; future sample only brackets coverage; violating source timestamp rejects point,deskew call has no NDT input; cloud is published before NDT consumes it; NDT correction can affect only later deskew,NO; structural/code-path evidence is recorded separately
660,1660857458.954879,1660857459.0556624,1660857458.954879,PUBLISHED,covered_and_deskewed,16343,16343,1660857457.0572801,1660857459.057168,0.0050079822540283203,0.02,0.87842685628264616,10.683694804435948,0.85716868451590056,YES,YES,YES,True,0,0,point-time interpolation uses lower sample; future sample only brackets coverage; violating source timestamp rejects point,deskew call has no NDT input; cloud is published before NDT consumes it; NDT correction can affect only later deskew,NO; structural/code-path evidence is recorded separately
661,1660857459.0556829,1660857459.1565223,1660857459.0556829,PUBLISHED,covered_and_deskewed,16344,16344,1660857457.15728,1660857459.1571679,0.0050079822540283203,0.02,0.98780845205080314,4.8760671238867461,0.98664875983805878,YES,YES,YES,True,0,0,point-time interpolation uses lower sample; future sample only brackets coverage; violating source timestamp rejects point,deskew call has no NDT input; cloud is published before NDT consumes it; NDT correction can affect only later deskew,NO; structural/code-path evidence is recorded separately
662,1660857459.156543,1660857459.2573824,1660857459.156543,PUBLISHED,covered_and_deskewed,16427,16427,1660857457.2622881,1660857459.262176,0.0050082206726074219,0.02,0.32565009623133861,3.2849503879099324,0.98664875983805878,YES,YES,YES,True,0,0,point-time interpolation uses lower sample; future sample only brackets coverage; violating source timestamp rejects point,deskew call has no NDT input; cloud is published before NDT consumes it; NDT correction can affect only later deskew,NO; structural/code-path evidence is recorded separately
663,1660857459.2574029,1660857459.3582423,1660857459.2574029,PUBLISHED,covered_and_deskewed,16577,16577,1660857457.362288,1660857459.3621759,0.0050079822540283203,0.02,0.84095137866282244,3.2088935630119959,0.92685212142859519,YES,YES,YES,True,0,0,point-time interpolation uses lower sample; future sample only brackets coverage; violating source timestamp rejects point,deskew call has no NDT input; cloud is published before NDT consumes it; NDT correction can affect only later deskew,NO; structural/code-path evidence is recorded separately
664,1660857459.358263,1660857459.4591024,1660857459.358263,PUBLISHED,covered_and_deskewed,16626,16626,1660857457.4622879,1660857459.4621761,0.0050082206726074219,0.02,0.48668240815038749,11.36168833033555,0.97891923898002364,YES,YES,YES,True,0,0,point-time interpolation uses lower sample; future sample only brackets coverage; violating source timestamp rejects point,deskew call has no NDT input; cloud is published before NDT consumes it; NDT correction can affect only later deskew,NO; structural/code-path evidence is recorded separately
665,1660857459.4591229,1660857459.5599623,1660857459.4591229,PUBLISHED,covered_and_deskewed,17119,17119,1660857457.562288,1660857459.562176,0.0050079822540283203,0.02,0.96675574030734235,7.0541857718317562,0.91553771698973319,YES,YES,YES,True,0,0,point-time interpolation uses lower sample; future sample only brackets coverage; violating source timestamp rejects point,deskew call has no NDT input; cloud is published before NDT consumes it; NDT correction can affect only later deskew,NO; structural/code-path evidence is recorded separately
666,1660857459.559983,1660857459.6608224,1660857459.559983,PUBLISHED,covered_and_deskewed,17923,17923,1660857457.662288,1660857459.6621759,0.0050079822540283203,0.02,1.0553554131969924,8.6471637718539824,0.96960440282095717,YES,YES,YES,True,0,0,point-time interpolation uses lower sample; future sample only brackets coverage; violating source timestamp rejects point,deskew call has no NDT input; cloud is published before NDT consumes it; NDT correction can affect only later deskew,NO; structural/code-path evidence is recorded separately
667,1660857459.6608429,1660857459.7616823,1660857459.6608429,PUBLISHED,covered_and_deskewed,18717,18717,1660857457.7622881,1660857459.762176,0.0050082206726074219,0.02,0.89858955835025467,6.5354762291207482,0.79748652981250756,YES,YES,YES,True,0,0,point-time interpolation uses lower sample; future sample only brackets coverage; violating source timestamp rejects point,deskew call has no NDT input; cloud is published before NDT consumes it; NDT correction can affect only later deskew,NO; structural/code-path evidence is recorded separately
668,1660857459.761703,1660857459.8625424,1660857459.761703,PUBLISHED,covered_and_deskewed,19400,19400,1660857457.86728,1660857459.8671679,0.0050079822540283203,0.02,0.74740459272638504,11.601605567529221,0.77306260106175861,YES,YES,YES,True,0,0,point-time interpolation uses lower sample; future sample only brackets coverage; violating source timestamp rejects point,deskew call has no NDT input; cloud is published before NDT consumes it; NDT correction can affect only later deskew,NO; structural/code-path evidence is recorded separately
669,1660857459.8625629,1660857459.9634023,1660857459.8625629,PUBLISHED,covered_and_deskewed,19360,19360,1660857457.9672799,1660857459.9671681,0.0050082206726074219,0.02,0.47149629579141122,5.7637522330297672,0.50071382702276834,YES,YES,YES,True,0,0,point-time interpolation uses lower sample; future sample only brackets coverage; violating source timestamp rejects point,deskew call has no NDT input; cloud is published before NDT consumes it; NDT correction can affect only later deskew,NO; structural/code-path evidence is recorded separately
670,1660857459.963423,1660857460.0642064,1660857459.963423,PUBLISHED,covered_and_deskewed,19706,19706,1660857458.0672319,1660857460.0671201,0.0050082206726074219,0.02,0.78963680424853722,2.5778791579065339,0.33016293594649532,YES,YES,YES,True,0,0,point-time interpolation uses lower sample; future sample only brackets coverage; violating source timestamp rejects point,deskew call has no NDT input; cloud is published before NDT consumes it; NDT correction can affect only later deskew,NO; structural/code-path evidence is recorded separately
671,1660857460.0642271,1660857460.1650662,1660857460.0642271,PUBLISHED,covered_and_deskewed,20537,20537,1660857458.167232,1660857460.16712,0.0050079822540283203,0.02,0.59523542897688808,9.7019251996529139,0.6323222377793476,YES,YES,YES,True,0,0,point-time interpolation uses lower sample; future sample only brackets coverage; violating source timestamp rejects point,deskew call has no NDT input; cloud is published before NDT consumes it; NDT correction can affect only later deskew,NO; structural/code-path evidence is recorded separately
672,1660857460.165087,1660857460.2659264,1660857460.165087,PUBLISHED,covered_and_deskewed,20556,20556,1660857458.2672319,1660857460.2671199,0.0050082206726074219,0.02,0.6194882502076684,6.182635026853208,0.6323222377793476,YES,YES,YES,True,0,0,point-time interpolation uses lower sample; future sample only brackets coverage; violating source timestamp rejects point,deskew call has no NDT input; cloud is published before NDT consumes it; NDT correction can affect only later deskew,NO; structural/code-path evidence is recorded separately
673,1660857460.2659471,1660857460.3667862,1660857460.2659471,PUBLISHED,covered_and_deskewed,20314,20314,1660857458.3672321,1660857460.36712,0.0050082206726074219,0.02,0.51745192310467314,4.7526196378636163,0.76643610189612976,YES,YES,YES,True,0,0,point-time interpolation uses lower sample; future sample only brackets coverage; violating source timestamp rejects point,deskew call has no NDT input; cloud is published before NDT consumes it; NDT correction can affect only later deskew,NO; structural/code-path evidence is recorded separately
674,1660857460.366807,1660857460.4676464,1660857460.366807,PUBLISHED,covered_and_deskewed,20040,20040,1660857458.47224,1660857460.4721279,0.0050079822540283203,0.02,0.56264872223703877,2.8943490827361331,0.68363607059337261,YES,YES,YES,True,0,0,point-time interpolation uses lower sample; future sample only brackets coverage; violating source timestamp rejects point,deskew call has no NDT input; cloud is published before NDT consumes it; NDT correction can affect only later deskew,NO; structural/code-path evidence is recorded separately
675,1660857460.4676671,1660857460.5685053,1660857460.4676671,PUBLISHED,covered_and_deskewed,19602,19602,1660857458.5722401,1660857460.5721281,0.0050082206726074219,0.02,0.81669552314273053,10.752958910338304,0.71398455502392522,YES,YES,YES,True,0,0,point-time interpolation uses lower sample; future sample only brackets coverage; violating source timestamp rejects point,deskew call has no NDT input; cloud is published before NDT consumes it; NDT correction can affect only later deskew,NO; structural/code-path evidence is recorded separately
676,1660857460.568527,1660857460.6693654,1660857460.568527,PUBLISHED,covered_and_deskewed,19066,19066,1660857458.67224,1660857460.672128,0.0050079822540283203,0.02,0.88003334291488433,9.3690740618039641,0.88815187412708418,YES,YES,YES,True,0,0,point-time interpolation uses lower sample; future sample only brackets coverage; violating source timestamp rejects point,deskew call has no NDT input; cloud is published before NDT consumes it; NDT correction can affect only later deskew,NO; structural/code-path evidence is recorded separately
677,1660857460.6693859,1660857460.7702253,1660857460.6693859,PUBLISHED,covered_and_deskewed,18778,18778,1660857458.7722399,1660857460.7721281,0.0050082206726074219,0.02,0.78635941321605329,5.10841979270797,0.8711366457418277,YES,YES,YES,True,0,0,point-time interpolation uses lower sample; future sample only brackets coverage; violating source timestamp rejects point,deskew call has no NDT input; cloud is published before NDT consumes it; NDT correction can affect only later deskew,NO; structural/code-path evidence is recorded separately
678,1660857460.770246,1660857460.8710854,1660857460.770246,PUBLISHED,covered_and_deskewed,18546,18546,1660857458.8722401,1660857460.872128,0.0050082206726074219,0.02,0.9904982967682503,7.3773389922866706,1.093508772228587,YES,YES,YES,True,0,0,point-time interpolation uses lower sample; future sample only brackets coverage; violating source timestamp rejects point,deskew call has no NDT input; cloud is published before NDT consumes it; NDT correction can affect only later deskew,NO; structural/code-path evidence is recorded separately
679,1660857460.8711059,1660857460.9719453,1660857460.8711059,PUBLISHED,covered_and_deskewed,18110,18110,1660857458.97224,1660857460.9721279,0.0050079822540283203,0.02,1.2118171718196316,5.1936863799506137,0.77838275294043657,YES,YES,YES,True,0,0,point-time interpolation uses lower sample; future sample only brackets coverage; violating source timestamp rejects point,deskew call has no NDT input; cloud is published before NDT consumes it; NDT correction can affect only later deskew,NO; structural/code-path evidence is recorded separately
680,1660857460.971966,1660857461.0727503,1660857460.971966,PUBLISHED,covered_and_deskewed,17577,17577,1660857459.077168,1660857461.0770559,0.0050079822540283203,0.02,1.2646887196231187,16.573885207346152,0.78491256304851309,YES,YES,YES,True,0,0,point-time interpolation uses lower sample; future sample only brackets coverage; violating source timestamp rejects point,deskew call has no NDT input; cloud is published before NDT consumes it; NDT correction can affect only later deskew,NO; structural/code-path evidence is recorded separately
681,1660857461.0727711,1660857461.1736102,1660857461.0727711,PUBLISHED,covered_and_deskewed,17310,17310,1660857459.1771679,1660857461.1770561,0.0050082206726074219,0.02,0.87416236841994521,2.4820610419845024,0.80153525665631697,YES,YES,YES,True,0,0,point-time interpolation uses lower sample; future sample only brackets coverage; violating source timestamp rejects point,deskew call has no NDT input; cloud is published before NDT consumes it; NDT correction can affect only later deskew,NO; structural/code-path evidence is recorded separately
682,1660857461.173631,1660857461.2744703,1660857461.173631,PUBLISHED,covered_and_deskewed,17015,17015,1660857459.277168,1660857461.277056,0.0050079822540283203,0.02,0.790639734575318,2.642741333237328,0.54304332980407621,YES,YES,YES,True,0,0,point-time interpolation uses lower sample; future sample only brackets coverage; violating source timestamp rejects point,deskew call has no NDT input; cloud is published before NDT consumes it; NDT correction can affect only later deskew,NO; structural/code-path evidence is recorded separately
683,1660857461.2744911,1660857461.3753302,1660857461.2744911,PUBLISHED,covered_and_deskewed,16525,16525,1660857459.3771679,1660857461.3770559,0.0050082206726074219,0.02,0.90305319887750768,5.875906955864596,0.44666659276442483,YES,YES,YES,True,0,0,point-time interpolation uses lower sample; future sample only brackets coverage; violating source timestamp rejects point,deskew call has no NDT input; cloud is published before NDT consumes it; NDT correction can affect only later deskew,NO; structural/code-path evidence is recorded separately
684,1660857461.375351,1660857461.4761903,1660857461.375351,PUBLISHED,covered_and_deskewed,15857,15857,1660857459.4771681,1660857461.477056,0.0050082206726074219,0.02,0.95935195082127656,14.389550917133926,0.93545664462729528,YES,YES,YES,True,0,0,point-time interpolation uses lower sample; future sample only brackets coverage; violating source timestamp rejects point,deskew call has no NDT input; cloud is published before NDT consumes it; NDT correction can affect only later deskew,NO; structural/code-path evidence is recorded separately
685,1660857461.4762111,1660857461.5770502,1660857461.4762111,PUBLISHED,covered_and_deskewed,15440,15440,1660857459.577168,1660857461.5770559,0.0050079822540283203,0.02,0.78987924651882524,7.6083918112025852,0.77835764619062353,YES,YES,YES,True,0,0,point-time interpolation uses lower sample; future sample only brackets coverage; violating source timestamp rejects point,deskew call has no NDT input; cloud is published before NDT consumes it; NDT correction can affect only later deskew,NO; structural/code-path evidence is recorded separately
686,1660857461.577071,1660857461.6778989,1660857461.577071,PUBLISHED,covered_and_deskewed,15069,15069,1660857459.6821761,1660857461.6820641,0.0050082206726074219,0.02,0.69388814978619051,2.6265862995727423,0.29962908705181618,YES,YES,YES,True,0,0,point-time interpolation uses lower sample; future sample only brackets coverage; violating source timestamp rejects point,deskew call has no NDT input; cloud is published before NDT consumes it; NDT correction can affect only later deskew,NO; structural/code-path evidence is recorded separately
687,1660857461.6779311,1660857461.7774684,1660857461.6779311,PUBLISHED,covered_and_deskewed,14434,14434,1660857459.782176,1660857461.782064,0.0050079822540283203,0.02,0.95849434769414044,5.239557132827696,0.27801005698692044,YES,YES,YES,True,0,0,point-time interpolation uses lower sample; future sample only brackets coverage; violating source timestamp rejects point,deskew call has no NDT input; cloud is published before NDT consumes it; NDT correction can affect only later deskew,NO; structural/code-path evidence is recorded separately
688,1660857461.778791,1660857461.8792088,1660857461.778791,PUBLISHED,covered_and_deskewed,14049,14049,1660857459.8821759,1660857461.8820641,0.0050082206726074219,0.02,1.0901326342676063,11.632330183895823,0.86198118431677917,YES,YES,YES,True,0,0,point-time interpolation uses lower sample; future sample only brackets coverage; violating source timestamp rejects point,deskew call has no NDT input; cloud is published before NDT consumes it; NDT correction can affect only later deskew,NO; structural/code-path evidence is recorded separately
689,1660857461.8796511,1660857461.9792392,1660857461.8796511,PUBLISHED,covered_and_deskewed,13823,13823,1660857459.9821761,1660857461.982064,0.0050082206726074219,0.02,1.0657620513570716,6.5124663747864604,0.61339627767054627,YES,YES,YES,True,0,0,point-time interpolation uses lower sample; future sample only brackets coverage; violating source timestamp rejects point,deskew call has no NDT input; cloud is published before NDT consumes it; NDT correction can affect only later deskew,NO; structural/code-path evidence is recorded separately
690,1660857461.980511,1660857462.0794814,1660857461.980511,PUBLISHED,covered_and_deskewed,13643,13643,1660857460.082128,1660857462.082,0.0050079822540283203,0.02,0.95498060908623883,3.6939175687892312,0.26829172197389151,YES,YES,YES,True,0,0,point-time interpolation uses lower sample; future sample only brackets coverage; violating source timestamp rejects point,deskew call has no NDT input; cloud is published before NDT consumes it; NDT correction can affect only later deskew,NO; structural/code-path evidence is recorded separately
691,1660857462.081306,1660857462.1799581,1660857462.081306,PUBLISHED,covered_and_deskewed,13540,13540,1660857460.182128,1660857462.1819999,0.0050079822540283203,0.02,1.0610679050563214,3.7253472709389857,0.2963250907345919,YES,YES,YES,True,0,0,point-time interpolation uses lower sample; future sample only brackets coverage; violating source timestamp rejects point,deskew call has no NDT input; cloud is published before NDT consumes it; NDT correction can affect only later deskew,NO; structural/code-path evidence is recorded separately
692,1660857462.1821661,1660857462.2800393,1660857462.1821661,PUBLISHED,covered_and_deskewed,13439,13439,1660857460.2821281,1660857462.2820001,0.0050082206726074219,0.02,1.2291203431737259,12.598621782972591,0.64824518822872801,YES,YES,YES,True,0,0,point-time interpolation uses lower sample; future sample only brackets coverage; violating source timestamp rejects point,deskew call has no NDT input; cloud is published before NDT consumes it; NDT correction can affect only later deskew,NO; structural/code-path evidence is recorded separately
693,1660857462.283026,1660857462.3784113,1660857462.283026,PUBLISHED,covered_and_deskewed,13397,13397,1660857460.382128,1660857462.382,0.0050079822540283203,0.02,1.0574486970932455,6.8265789048909813,0.5593628365934763,YES,YES,YES,True,0,0,point-time interpolation uses lower sample; future sample only brackets coverage; violating source timestamp rejects point,deskew call has no NDT input; cloud is published before NDT consumes it; NDT correction can affect only later deskew,NO; structural/code-path evidence is recorded separately
694,1660857462.3838861,1660857462.4782207,1660857462.3838861,PUBLISHED,covered_and_deskewed,13392,13392,1660857460.4821279,1660857462.4820001,0.0050082206726074219,0.02,0.90864190948572032,5.6626149209915315,0.46032247670135101,YES,YES,YES,True,0,0,point-time interpolation uses lower sample; future sample only brackets coverage; violating source timestamp rejects point,deskew call has no NDT input; cloud is published before NDT consumes it; NDT correction can affect only later deskew,NO; structural/code-path evidence is recorded separately
695,1660857462.484746,1660857462.5783064,1660857462.484746,PUBLISHED,covered_and_deskewed,13387,13387,1660857460.582128,1660857462.582,0.0050082206726074219,0.02,0.97868749834885127,4.6856512012528713,0.28925221780809685,YES,YES,YES,True,0,0,point-time interpolation uses lower sample; future sample only brackets coverage; violating source timestamp rejects point,deskew call has no NDT input; cloud is published before NDT consumes it; NDT correction can affect only later deskew,NO; structural/code-path evidence is recorded separately
696,1660857462.5856061,1660857462.6784477,1660857462.5856061,PUBLISHED,covered_and_deskewed,13386,13386,1660857460.682128,1660857462.6819999,0.0050079822540283203,0.02,1.3057835456922666,10.89675501639794,0.42436304901942445,YES,YES,YES,True,0,0,point-time interpolation uses lower sample; future sample only brackets coverage; violating source timestamp rejects point,deskew call has no NDT input; cloud is published before NDT consumes it; NDT correction can affect only later deskew,NO; structural/code-path evidence is recorded separately
697,1660857462.686465,1660857462.7785015,1660857462.686465,PUBLISHED,covered_and_deskewed,13435,13435,1660857460.7821281,1660857462.7820001,0.0050082206726074219,0.02,1.1475067048971885,11.208278883909758,0.44847646739897329,YES,YES,YES,True,0,0,point-time interpolation uses lower sample; future sample only brackets coverage; violating source timestamp rejects point,deskew call has no NDT input; cloud is published before NDT consumes it; NDT correction can affect only later deskew,NO; structural/code-path evidence is recorded separately
698,1660857462.7873249,1660857462.8784583,1660857462.7873249,PUBLISHED,covered_and_deskewed,13394,13394,1660857460.882128,1660857462.882,0.0050079822540283203,0.02,0.84491777680397229,4.2235557052255688,0.26702402476460535,YES,YES,YES,True,0,0,point-time interpolation uses lower sample; future sample only brackets coverage; violating source timestamp rejects point,deskew call has no NDT input; cloud is published before NDT consumes it; NDT correction can affect only later deskew,NO; structural/code-path evidence is recorded separately
699,1660857462.888185,1660857462.9781518,1660857462.888185,PUBLISHED,covered_and_deskewed,13418,13418,1660857460.9821279,1660857462.9820001,0.0050082206726074219,0.02,0.9910461653472612,4.6609486755706415,0.22623899642503606,YES,YES,YES,True,0,0,point-time interpolation uses lower sample; future sample only brackets coverage; violating source timestamp rejects point,deskew call has no NDT input; cloud is published before NDT consumes it; NDT correction can affect only later deskew,NO; structural/code-path evidence is recorded separately
700,1660857462.9890449,1660857463.077915,1660857462.9890449,PUBLISHED,covered_and_deskewed,13423,13423,1660857461.0820639,1660857463.0819521,0.0050082206726074219,0.02,1.0566741263289614,4.0832412327318819,0.17712347005219187,YES,YES,YES,True,0,0,point-time interpolation uses lower sample; future sample only brackets coverage; violating source timestamp rejects point,deskew call has no NDT input; cloud is published before NDT consumes it; NDT correction can affect only later deskew,NO; structural/code-path evidence is recorded separately
701,1660857463.089859,1660857463.1779456,1660857463.089859,PUBLISHED,covered_and_deskewed,13408,13408,1660857461.1820641,1660857463.181952,0.0050079822540283203,0.02,0.93378719861475901,12.270779146285287,0.61822120999632635,YES,YES,YES,True,0,0,point-time interpolation uses lower sample; future sample only brackets coverage; violating source timestamp rejects point,deskew call has no NDT input; cloud is published before NDT consumes it; NDT correction can affect only later deskew,NO; structural/code-path evidence is recorded separately
702,1660857463.1907189,1660857463.2779212,1660857463.1907189,PUBLISHED,covered_and_deskewed,13404,13404,1660857461.282064,1660857463.2819519,0.0050079822540283203,0.02,0.62145223670765914,6.524065022577858,0.27473387074025685,YES,YES,YES,True,0,0,point-time interpolation uses lower sample; future sample only brackets coverage; violating source timestamp rejects point,deskew call has no NDT input; cloud is published before NDT consumes it; NDT correction can affect only later deskew,NO; structural/code-path evidence is recorded separately
703,1660857463.291579,1660857463.3775647,1660857463.291579,PUBLISHED,covered_and_deskewed,13478,13478,1660857461.3820641,1660857463.381952,0.0050082206726074219,0.02,0.85174547656975741,4.4517981765667356,0.26264089901258481,YES,YES,YES,True,0,0,point-time interpolation uses lower sample; future sample only brackets coverage; violating source timestamp rejects point,deskew call has no NDT input; cloud is published before NDT consumes it; NDT correction can affect only later deskew,NO; structural/code-path evidence is recorded separately
704,1660857463.3924389,1660857463.477927,1660857463.3924389,PUBLISHED,covered_and_deskewed,13477,13477,1660857461.482064,1660857463.481952,0.0050079822540283203,0.02,1.088909188597379,6.1901108070511404,0.27928353347267509,YES,YES,YES,True,0,0,point-time interpolation uses lower sample; future sample only brackets coverage; violating source timestamp rejects point,deskew call has no NDT input; cloud is published before NDT consumes it; NDT correction can affect only later deskew,NO; structural/code-path evidence is recorded separately
705,1660857463.493299,1660857463.577575,1660857463.493299,PUBLISHED,covered_and_deskewed,13419,13419,1660857461.5820639,1660857463.5819521,0.0050082206726074219,0.02,1.0152096176632639,18.483982939657295,0.81024293036565131,YES,YES,YES,True,0,0,point-time interpolation uses lower sample; future sample only brackets coverage; violating source timestamp rejects point,deskew call has no NDT input; cloud is published before NDT consumes it; NDT correction can affect only later deskew,NO; structural/code-path evidence is recorded separately
706,1660857463.5941589,1660857463.6776004,1660857463.5941589,PUBLISHED,covered_and_deskewed,13376,13376,1660857461.6820641,1660857463.681952,0.0050079822540283203,0.02,0.70150866913753285,5.9848379062155637,0.31806212647619009,YES,YES,YES,True,0,0,point-time interpolation uses lower sample; future sample only brackets coverage; violating source timestamp rejects point,deskew call has no NDT input; cloud is published before NDT consumes it; NDT correction can affect only later deskew,NO; structural/code-path evidence is recorded separately
707,1660857463.695019,1660857463.7776861,1660857463.695019,PUBLISHED,covered_and_deskewed,13448,13448,1660857461.782064,1660857463.7819519,0.0050079822540283203,0.02,0.78861984659614004,3.0775747404044655,0.20949808198800016,YES,YES,YES,True,0,0,point-time interpolation uses lower sample; future sample only brackets coverage; violating source timestamp rejects point,deskew call has no NDT input; cloud is published before NDT consumes it; NDT correction can affect only later deskew,NO; structural/code-path evidence is recorded separately
708,1660857463.7958789,1660857463.8772192,1660857463.7958789,PUBLISHED,covered_and_deskewed,13510,13510,1660857461.8820641,1660857463.881952,0.0050082206726074219,0.02,1.0100002437218196,4.8088516979201961,0.22895930220264177,YES,YES,YES,True,0,0,point-time interpolation uses lower sample; future sample only brackets coverage; violating source timestamp rejects point,deskew call has no NDT input; cloud is published before NDT consumes it; NDT correction can affect only later deskew,NO; structural/code-path evidence is recorded separately
709,1660857463.896739,1660857463.9770286,1660857463.896739,PUBLISHED,covered_and_deskewed,13848,13848,1660857461.982064,1660857463.981952,0.0050079822540283203,0.02,1.1350625963019181,9.6041226541323343,0.69238000932226973,YES,YES,YES,True,0,0,point-time interpolation uses lower sample; future sample only brackets coverage; violating source timestamp rejects point,deskew call has no NDT input; cloud is published before NDT consumes it; NDT correction can affect only later deskew,NO; structural/code-path evidence is recorded separately
710,1660857463.9975989,1660857464.0770583,1660857463.9975989,PUBLISHED,covered_and_deskewed,14207,14207,1660857462.082,1660857464.0819039,0.0050079822540283203,0.02,0.78801316271807242,7.1913267111711967,0.72239239781391018,YES,YES,YES,True,0,0,point-time interpolation uses lower sample; future sample only brackets coverage; violating source timestamp rejects point,deskew call has no NDT input; cloud is published before NDT consumes it; NDT correction can affect only later deskew,NO; structural/code-path evidence is recorded separately
711,1660857464.098403,1660857464.1771443,1660857464.098403,PUBLISHED,covered_and_deskewed,14666,14666,1660857462.1819999,1660857464.1819041,0.0050082206726074219,0.02,0.75730241835332335,5.3869036901543881,0.5601150809437232,YES,YES,YES,True,0,0,point-time interpolation uses lower sample; future sample only brackets coverage; violating source timestamp rejects point,deskew call has no NDT input; cloud is published before NDT consumes it; NDT correction can affect only later deskew,NO; structural/code-path evidence is recorded separately
712,1660857464.1992631,1660857464.2774515,1660857464.1992631,PUBLISHED,covered_and_deskewed,15259,15259,1660857462.2820001,1660857464.281904,0.0050079822540283203,0.02,0.89907746740353645,5.0756830253412293,0.63902960970484413,YES,YES,YES,True,0,0,point-time interpolation uses lower sample; future sample only brackets coverage; violating source timestamp rejects point,deskew call has no NDT input; cloud is published before NDT consumes it; NDT correction can affect only later deskew,NO; structural/code-path evidence is recorded separately
713,1660857464.300123,1660857464.3775373,1660857464.300123,PUBLISHED,covered_and_deskewed,15880,15880,1660857462.382,1660857464.3819039,0.0050079822540283203,0.02,1.0651795769284149,11.078479051751673,0.97246378574246228,YES,YES,YES,True,0,0,point-time interpolation uses lower sample; future sample only brackets coverage; violating source timestamp rejects point,deskew call has no NDT input; cloud is published before NDT consumes it; NDT correction can affect only later deskew,NO; structural/code-path evidence is recorded separately
714,1660857464.4009831,1660857464.4776788,1660857464.4009831,PUBLISHED,covered_and_deskewed,16619,16619,1660857462.4820001,1660857464.481904,0.0050082206726074219,0.02,0.84155776318163766,8.6384250363479111,1.0575265117967416,YES,YES,YES,True,0,0,point-time interpolation uses lower sample; future sample only brackets coverage; violating source timestamp rejects point,deskew call has no NDT input; cloud is published before NDT consumes it; NDT correction can affect only later deskew,NO; structural/code-path evidence is recorded separately
715,1660857464.501842,1660857464.6026516,1660857464.501842,PUBLISHED,covered_and_deskewed,17270,17270,1660857462.606992,1660857464.6068959,0.0050079822540283203,0.02,0.8202103071109651,5.991573821554474,1.0339460077327918,YES,YES,YES,True,0,0,point-time interpolation uses lower sample; future sample only brackets coverage; violating source timestamp rejects point,deskew call has no NDT input; cloud is published before NDT consumes it; NDT correction can affect only later deskew,NO; structural/code-path evidence is recorded separately
716,1660857464.6027019,1660857464.7035413,1660857464.6027019,PUBLISHED,covered_and_deskewed,17911,17911,1660857462.7069919,1660857464.7068961,0.0050082206726074219,0.02,0.97319400395408795,4.5007855923889277,0.73517956204562618,YES,YES,YES,True,0,0,point-time interpolation uses lower sample; future sample only brackets coverage; violating source timestamp rejects point,deskew call has no NDT input; cloud is published before NDT consumes it; NDT correction can affect only later deskew,NO; structural/code-path evidence is recorded separately
717,1660857464.703562,1660857464.8044014,1660857464.703562,PUBLISHED,covered_and_deskewed,18745,18745,1660857462.8069921,1660857464.806896,0.0050079822540283203,0.02,1.1966622282745587,16.320059696596019,1.1747338576333688,YES,YES,YES,True,0,0,point-time interpolation uses lower sample; future sample only brackets coverage; violating source timestamp rejects point,deskew call has no NDT input; cloud is published before NDT consumes it; NDT correction can affect only later deskew,NO; structural/code-path evidence is recorded separately
718,1660857464.8044219,1660857464.9052613,1660857464.8044219,PUBLISHED,covered_and_deskewed,19274,19274,1660857462.906992,1660857464.9068961,0.0050082206726074219,0.02,1.1014664036316186,9.3886630685787953,1.1648472457958916,YES,YES,YES,True,0,0,point-time interpolation uses lower sample; future sample only brackets coverage; violating source timestamp rejects point,deskew call has no NDT input; cloud is published before NDT consumes it; NDT correction can affect only later deskew,NO; structural/code-path evidence is recorded separately
719,1660857464.905282,1660857465.0060654,1660857464.905282,PUBLISHED,covered_and_deskewed,19593,19593,1660857463.0069439,1660857465.0068319,0.0050079822540283203,0.02,0.90581981081305041,5.9768148170575719,0.68959672536434924,YES,YES,YES,True,0,0,point-time interpolation uses lower sample; future sample only brackets coverage; violating source timestamp rejects point,deskew call has no NDT input; cloud is published before NDT consumes it; NDT correction can affect only later deskew,NO; structural/code-path evidence is recorded separately
720,1660857465.0060861,1660857465.1069252,1660857465.0060861,PUBLISHED,covered_and_deskewed,20092,20092,1660857463.1119521,1660857465.11184,0.0050082206726074219,0.02,1.1142488274503106,11.833485297823401,0.56237844293458872,YES,YES,YES,True,0,0,point-time interpolation uses lower sample; future sample only brackets coverage; violating source timestamp rejects point,deskew call has no NDT input; cloud is published before NDT consumes it; NDT correction can affect only later deskew,NO; structural/code-path evidence is recorded separately
721,1660857465.106946,1660857465.2077854,1660857465.106946,PUBLISHED,covered_and_deskewed,20766,20766,1660857463.211952,1660857465.2118399,0.0050079822540283203,0.02,1.0817313174749763,14.983531140732643,0.86878508880845007,YES,YES,YES,True,0,0,point-time interpolation uses lower sample; future sample only brackets coverage; violating source timestamp rejects point,deskew call has no NDT input; cloud is published before NDT consumes it; NDT correction can affect only later deskew,NO; structural/code-path evidence is recorded separately
722,1660857465.2078061,1660857465.3086452,1660857465.2078061,PUBLISHED,covered_and_deskewed,21095,21095,1660857463.3119521,1660857465.3118401,0.0050082206726074219,0.02,0.59242740508609959,3.025277568485738,0.17041738582655308,YES,YES,YES,True,0,0,point-time interpolation uses lower sample; future sample only brackets coverage; violating source timestamp rejects point,deskew call has no NDT input; cloud is published before NDT consumes it; NDT correction can affect only later deskew,NO; structural/code-path evidence is recorded separately
723,1660857465.308666,1660857465.4095054,1660857465.308666,PUBLISHED,covered_and_deskewed,20492,20492,1660857463.411952,1660857465.41184,0.0050079822540283203,0.02,0.79819110938490656,3.4758949688515219,0.15856332509987245,YES,YES,YES,True,0,0,point-time interpolation uses lower sample; future sample only brackets coverage; violating source timestamp rejects point,deskew call has no NDT input; cloud is published before NDT consumes it; NDT correction can affect only later deskew,NO; structural/code-path evidence is recorded separately
724,1660857465.4095261,1660857465.5103652,1660857465.4095261,PUBLISHED,covered_and_deskewed,20053,20053,1660857463.5119519,1660857465.5118401,0.0050082206726074219,0.02,0.9933937682010503,12.418370562171745,0.59871526207257042,YES,YES,YES,True,0,0,point-time interpolation uses lower sample; future sample only brackets coverage; violating source timestamp rejects point,deskew call has no NDT input; cloud is published before NDT consumes it; NDT correction can affect only later deskew,NO; structural/code-path evidence is recorded separately
725,1660857465.510386,1660857465.6112254,1660857465.510386,PUBLISHED,covered_and_deskewed,19919,19919,1660857463.6119521,1660857465.61184,0.0050082206726074219,0.02,0.81656859553703964,12.407447731965419,0.61486412359074405,YES,YES,YES,True,0,0,point-time interpolation uses lower sample; future sample only brackets coverage; violating source timestamp rejects point,deskew call has no NDT input; cloud is published before NDT consumes it; NDT correction can affect only later deskew,NO; structural/code-path evidence is recorded separately
726,1660857465.6112461,1660857465.7120807,1660857465.6112461,PUBLISHED,covered_and_deskewed,19602,19602,1660857463.716944,1660857465.7168319,0.0050079822540283203,0.02,0.51070272353666846,3.7201483683616594,0.21011918626768517,YES,YES,YES,True,0,0,point-time interpolation uses lower sample; future sample only brackets coverage; violating source timestamp rejects point,deskew call has no NDT input; cloud is published before NDT consumes it; NDT correction can affect only later deskew,NO; structural/code-path evidence is recorded separately
727,1660857465.712106,1660857465.8129408,1660857465.712106,PUBLISHED,covered_and_deskewed,19307,19307,1660857463.8169439,1660857465.8168321,0.0050082206726074219,0.02,0.75571196976247135,3.7151677412486732,0.11630026456873598,YES,YES,YES,True,0,0,point-time interpolation uses lower sample; future sample only brackets coverage; violating source timestamp rejects point,deskew call has no NDT input; cloud is published before NDT consumes it; NDT correction can affect only later deskew,NO; structural/code-path evidence is recorded separately
728,1660857465.8129661,1660857465.8807378,1660857465.8129661,PUBLISHED,covered_and_deskewed,17548,17548,1660857463.881952,1660857465.88184,0.0050079822540283203,0.02,0.97726497791919331,12.716123130751773,0.39961316142862996,YES,YES,YES,True,0,0,point-time interpolation uses lower sample; future sample only brackets coverage; violating source timestamp rejects point,deskew call has no NDT input; cloud is published before NDT consumes it; NDT correction can affect only later deskew,NO; structural/code-path evidence is recorded separately
729,1660857465.913826,1660857465.9805474,1660857465.913826,PUBLISHED,covered_and_deskewed,16240,16240,1660857463.981952,1660857465.9818399,0.0050079822540283203,0.02,0.70921664489937819,7.3622231628532369,0.42094379932762749,YES,YES,YES,True,0,0,point-time interpolation uses lower sample; future sample only brackets coverage; violating source timestamp rejects point,deskew call has no NDT input; cloud is published before NDT consumes it; NDT correction can affect only later deskew,NO; structural/code-path evidence is recorded separately
730,1660857466.014631,1660857466.0805783,1660857466.014631,PUBLISHED,covered_and_deskewed,16021,16021,1660857464.0819039,1660857466.0817921,0.0050082206726074219,0.02,0.57346097801026497,3.114522705715892,0.14705354924372252,YES,YES,YES,True,0,0,point-time interpolation uses lower sample; future sample only brackets coverage; violating source timestamp rejects point,deskew call has no NDT input; cloud is published before NDT consumes it; NDT correction can affect only later deskew,NO; structural/code-path evidence is recorded separately
731,1660857466.1154909,1660857466.1803877,1660857466.1154909,PUBLISHED,covered_and_deskewed,15947,15947,1660857464.1819041,1660857466.181792,0.0050079822540283203,0.02,0.69248224412355641,2.6328664305959038,0.14490829995771079,YES,YES,YES,True,0,0,point-time interpolation uses lower sample; future sample only brackets coverage; violating source timestamp rejects point,deskew call has no NDT input; cloud is published before NDT consumes it; NDT correction can affect only later deskew,NO; structural/code-path evidence is recorded separately
732,1660857466.216351,1660857466.2805841,1660857466.216351,PUBLISHED,covered_and_deskewed,15811,15811,1660857464.281904,1660857466.2817919,0.0050079822540283203,0.02,0.77108915528575916,9.3767356105488435,0.55627492621147234,YES,YES,YES,True,0,0,point-time interpolation uses lower sample; future sample only brackets coverage; violating source timestamp rejects point,deskew call has no NDT input; cloud is published before NDT consumes it; NDT correction can affect only later deskew,NO; structural/code-path evidence is recorded separately
733,1660857466.31721,1660857466.380971,1660857466.31721,PUBLISHED,covered_and_deskewed,15704,15704,1660857464.3819039,1660857466.3817921,0.0050082206726074219,0.02,0.57591040104385371,6.7095140717424568,0.3721251022889035,YES,YES,YES,True,0,0,point-time interpolation uses lower sample; future sample only brackets coverage; violating source timestamp rejects point,deskew call has no NDT input; cloud is published before NDT consumes it; NDT correction can affect only later deskew,NO; structural/code-path evidence is recorded separately
734,1660857466.4180701,1660857466.4813886,1660857466.4180701,PUBLISHED,covered_and_deskewed,15830,15830,1660857464.481904,1660857466.481792,0.0050079822540283203,0.02,0.48568396774942879,4.4379910532168587,0.29948359204390806,YES,YES,YES,True,0,0,point-time interpolation uses lower sample; future sample only brackets coverage; violating source timestamp rejects point,deskew call has no NDT input; cloud is published before NDT consumes it; NDT correction can affect only later deskew,NO; structural/code-path evidence is recorded separately
735,1660857466.51893,1660857466.5819123,1660857466.51893,PUBLISHED,covered_and_deskewed,16072,16072,1660857464.5868959,1660857466.5867839,0.0050082206726074219,0.02,0.71569062995018806,3.181099683177063,0.15412864748487043,YES,YES,YES,True,0,0,point-time interpolation uses lower sample; future sample only brackets coverage; violating source timestamp rejects point,deskew call has no NDT input; cloud is published before NDT consumes it; NDT correction can affect only later deskew,NO; structural/code-path evidence is recorded separately
736,1660857466.6197901,1660857466.6838779,1660857466.6197901,PUBLISHED,covered_and_deskewed,16652,16652,1660857464.6868961,1660857466.686784,0.0050079822540283203,0.02,0.68281175268564887,7.8865045593193308,0.48895207768519411,YES,YES,YES,True,0,0,point-time interpolation uses lower sample; future sample only brackets coverage; violating source timestamp rejects point,deskew call has no NDT input; cloud is published before NDT consumes it; NDT correction can affect only later deskew,NO; structural/code-path evidence is recorded separately
737,1660857466.72065,1660857466.7858438,1660857466.72065,PUBLISHED,covered_and_deskewed,17276,17276,1660857464.786896,1660857466.7867839,0.0050079822540283203,0.02,0.40589909205327918,2.9938117151477837,0.26319712098242842,YES,YES,YES,True,0,0,point-time interpolation uses lower sample; future sample only brackets coverage; violating source timestamp rejects point,deskew call has no NDT input; cloud is published before NDT consumes it; NDT correction can affect only later deskew,NO; structural/code-path evidence is recorded separately
738,1660857466.8215101,1660857466.9223492,1660857466.8215101,PUBLISHED,covered_and_deskewed,18354,18354,1660857464.9268961,1660857466.926784,0.0050082206726074219,0.02,0.67538267985882416,4.2704076154930908,0.37473520657369036,YES,YES,YES,True,0,0,point-time interpolation uses lower sample; future sample only brackets coverage; violating source timestamp rejects point,deskew call has no NDT input; cloud is published before NDT consumes it; NDT correction can affect only later deskew,NO; structural/code-path evidence is recorded separately
739,1660857466.92237,1660857467.0231533,1660857466.92237,PUBLISHED,covered_and_deskewed,20070,20070,1660857465.0268321,1660857467.02672,0.0050079822540283203,0.02,0.66888386717437964,8.384554528733398,0.33567056651930799,YES,YES,YES,True,0,0,point-time interpolation uses lower sample; future sample only brackets coverage; violating source timestamp rejects point,deskew call has no NDT input; cloud is published before NDT consumes it; NDT correction can affect only later deskew,NO; structural/code-path evidence is recorded separately
740,1660857467.023174,1660857467.1240132,1660857467.023174,PUBLISHED,covered_and_deskewed,20819,20819,1660857465.126832,1660857467.12672,0.0050079822540283203,0.02,0.55447591778956995,6.304291292382433,0.36072114145190837,YES,YES,YES,True,0,0,point-time interpolation uses lower sample; future sample only brackets coverage; violating source timestamp rejects point,deskew call has no NDT input; cloud is published before NDT consumes it; NDT correction can affect only later deskew,NO; structural/code-path evidence is recorded separately
741,1660857467.1240339,1660857467.2248733,1660857467.1240339,PUBLISHED,covered_and_deskewed,21519,21519,1660857465.2268319,1660857467.2267201,0.0050082206726074219,0.02,0.55047848706592195,2.6392178084791627,0.19910751867779145,YES,YES,YES,True,0,0,point-time interpolation uses lower sample; future sample only brackets coverage; violating source timestamp rejects point,deskew call has no NDT input; cloud is published before NDT consumes it; NDT correction can affect only later deskew,NO; structural/code-path evidence is recorded separately
742,1660857467.224894,1660857467.3257332,1660857467.224894,PUBLISHED,covered_and_deskewed,22391,22391,1660857465.3268321,1660857467.32672,0.0050079822540283203,0.02,0.84970716842049854,4.5304191159701501,0.25199712997854762,YES,YES,YES,True,0,0,point-time interpolation uses lower sample; future sample only brackets coverage; violating source timestamp rejects point,deskew call has no NDT input; cloud is published before NDT consumes it; NDT correction can affect only later deskew,NO; structural/code-path evidence is recorded separately
743,1660857467.3257539,1660857467.4265933,1660857467.3257539,PUBLISHED,covered_and_deskewed,23465,23465,1660857465.426832,1660857467.4267199,0.0050079822540283203,0.02,0.98536019220370152,10.688950782939491,0.48809943699292679,YES,YES,YES,True,0,0,point-time interpolation uses lower sample; future sample only brackets coverage; violating source timestamp rejects point,deskew call has no NDT input; cloud is published before NDT consumes it; NDT correction can affect only later deskew,NO; structural/code-path evidence is recorded separately
744,1660857467.426614,1660857467.5274532,1660857467.426614,PUBLISHED,covered_and_deskewed,24423,24423,1660857465.5318401,1660857467.531728,0.0050082206726074219,0.02,0.80467608011957681,5.275642781355141,0.5700927372576311,YES,YES,YES,True,0,0,point-time interpolation uses lower sample; future sample only brackets coverage; violating source timestamp rejects point,deskew call has no NDT input; cloud is published before NDT consumes it; NDT correction can affect only later deskew,NO; structural/code-path evidence is recorded separately
745,1660857467.5274739,1660857467.6283133,1660857467.5274739,PUBLISHED,covered_and_deskewed,25230,25230,1660857465.63184,1660857467.6317279,0.0050079822540283203,0.02,0.69435229684523647,3.2338646386924186,0.52887887304667502,YES,YES,YES,True,0,0,point-time interpolation uses lower sample; future sample only brackets coverage; violating source timestamp rejects point,deskew call has no NDT input; cloud is published before NDT consumes it; NDT correction can affect only later deskew,NO; structural/code-path evidence is recorded separately
746,1660857467.628334,1660857467.7291732,1660857467.628334,PUBLISHED,covered_and_deskewed,24486,24486,1660857465.7318399,1660857467.7317281,0.0050082206726074219,0.02,1.0175293803761678,7.0651833251014358,0.77415221171221171,YES,YES,YES,True,0,0,point-time interpolation uses lower sample; future sample only brackets coverage; violating source timestamp rejects point,deskew call has no NDT input; cloud is published before NDT consumes it; NDT correction can affect only later deskew,NO; structural/code-path evidence is recorded separately
747,1660857467.7291939,1660857467.8298883,1660857467.7291939,PUBLISHED,covered_and_deskewed,22894,22894,1660857465.83184,1660857467.831728,0.0050079822540283203,0.02,0.96474119977290462,9.4330121321248299,0.91393222270094499,YES,YES,YES,True,0,0,point-time interpolation uses lower sample; future sample only brackets coverage; violating source timestamp rejects point,deskew call has no NDT input; cloud is published before NDT consumes it; NDT correction can affect only later deskew,NO; structural/code-path evidence is recorded separately
748,1660857467.830054,1660857467.9288118,1660857467.830054,PUBLISHED,covered_and_deskewed,21453,21453,1660857465.9318399,1660857467.9317279,0.0050079822540283203,0.02,0.50111427773583317,4.9179484553824988,0.92213040249526523,YES,YES,YES,True,0,0,point-time interpolation uses lower sample; future sample only brackets coverage; violating source timestamp rejects point,deskew call has no NDT input; cloud is published before NDT consumes it; NDT correction can affect only later deskew,NO; structural/code-path evidence is recorded separately
749,1660857467.9309139,1660857468.0263586,1660857467.9309139,PUBLISHED,covered_and_deskewed,21263,21263,1660857466.0267839,1660857468.0266719,0.0050082206726074219,0.02,0.52262344864305543,2.4261433357546798,1.2139502653390755,YES,YES,YES,True,0,0,point-time interpolation uses lower sample; future sample only brackets coverage; violating source timestamp rejects point,deskew call has no NDT input; cloud is published before NDT consumes it; NDT correction can affect only later deskew,NO; structural/code-path evidence is recorded separately
750,1660857468.031718,1660857468.1248362,1660857468.031718,PUBLISHED,covered_and_deskewed,21145,21145,1660857466.1267841,1660857468.126672,0.0050079822540283203,0.02,0.50401921933974003,12.892609656957566,1.1782326187723289,YES,YES,YES,True,0,0,point-time interpolation uses lower sample; future sample only brackets coverage; violating source timestamp rejects point,deskew call has no NDT input; cloud is published before NDT consumes it; NDT correction can affect only later deskew,NO; structural/code-path evidence is recorded separately
751,1660857468.1325769,1660857468.2228763,1660857468.1325769,PUBLISHED,covered_and_deskewed,20977,20977,1660857466.226784,1660857468.2266719,0.0050079822540283203,0.02,0.39182319050808084,7.515853624840604,1.0561273218294605,YES,YES,YES,True,0,0,point-time interpolation uses lower sample; future sample only brackets coverage; violating source timestamp rejects point,deskew call has no NDT input; cloud is published before NDT consumes it; NDT correction can affect only later deskew,NO; structural/code-path evidence is recorded separately
752,1660857468.2334371,1660857468.3206136,1660857468.2334371,PUBLISHED,covered_and_deskewed,20896,20896,1660857466.3217919,1660857468.3216801,0.0050082206726074219,0.02,0.19307977278086305,2.9231259970931749,1.0670290342544466,YES,YES,YES,True,0,0,point-time interpolation uses lower sample; future sample only brackets coverage; violating source timestamp rejects point,deskew call has no NDT input; cloud is published before NDT consumes it; NDT correction can affect only later deskew,NO; structural/code-path evidence is recorded separately
753,1660857468.3342969,1660857468.4185479,1660857468.3342969,PUBLISHED,covered_and_deskewed,20870,20870,1660857466.421792,1660857468.42168,0.0050079822540283203,0.02,0.20799203680882086,1.3851850230925138,0.98933090639681243,YES,YES,YES,True,0,0,point-time interpolation uses lower sample; future sample only brackets coverage; violating source timestamp rejects point,deskew call has no NDT input; cloud is published before NDT consumes it; NDT correction can affect only later deskew,NO; structural/code-path evidence is recorded separately
754,1660857468.4351571,1660857468.5359962,1660857468.4351571,PUBLISHED,covered_and_deskewed,21209,21209,1660857466.5367839,1660857468.5366721,0.0050082206726074219,0.02,0.28572340552757669,12.886625750291733,1.0291312723893151,YES,YES,YES,True,0,0,point-time interpolation uses lower sample; future sample only brackets coverage; violating source timestamp rejects point,deskew call has no NDT input; cloud is published before NDT consumes it; NDT correction can affect only later deskew,NO; structural/code-path evidence is recorded separately
755,1660857468.5360169,1660857468.6368563,1660857468.5360169,PUBLISHED,covered_and_deskewed,21575,21575,1660857466.6417921,1660857468.64168,0.0050079822540283203,0.02,0.12702011949408101,2.2917600434673271,1.1163552444159086,YES,YES,YES,True,0,0,point-time interpolation uses lower sample; future sample only brackets coverage; violating source timestamp rejects point,deskew call has no NDT input; cloud is published before NDT consumes it; NDT correction can affect only later deskew,NO; structural/code-path evidence is recorded separately
756,1660857468.6368771,1660857468.7377162,1660857468.6368771,PUBLISHED,covered_and_deskewed,21509,21509,1660857466.741792,1660857468.7416799,0.0050079822540283203,0.02,0.17645303792417871,2.0341694658564795,1.0095963233470782,YES,YES,YES,True,0,0,point-time interpolation uses lower sample; future sample only brackets coverage; violating source timestamp rejects point,deskew call has no NDT input; cloud is published before NDT consumes it; NDT correction can affect only later deskew,NO; structural/code-path evidence is recorded separately
757,1660857468.7377369,1660857468.8385763,1660857468.7377369,PUBLISHED,covered_and_deskewed,21411,21411,1660857466.8417921,1660857468.84168,0.0050082206726074219,0.02,0.32465254486528133,22.111645470815983,1.2590974528344243,YES,YES,YES,True,0,0,point-time interpolation uses lower sample; future sample only brackets coverage; violating source timestamp rejects point,deskew call has no NDT input; cloud is published before NDT consumes it; NDT correction can affect only later deskew,NO; structural/code-path evidence is recorded separately
758,1660857468.8385971,1660857468.9394362,1660857468.8385971,PUBLISHED,covered_and_deskewed,21252,21252,1660857466.941792,1660857468.94168,0.0050079822540283203,0.02,0.25630824417183135,17.544384109109959,1.2590974528344243,YES,YES,YES,True,0,0,point-time interpolation uses lower sample; future sample only brackets coverage; violating source timestamp rejects point,deskew call has no NDT input; cloud is published before NDT consumes it; NDT correction can affect only later deskew,NO; structural/code-path evidence is recorded separately
759,1660857468.9394569,1660857469.0402412,1660857468.9394569,PUBLISHED,covered_and_deskewed,21101,21101,1660857467.041728,1660857469.041616,0.0050079822540283203,0.02,0.78066936454649427,4.8728053537093725,0.4274478405384291,YES,YES,YES,True,0,0,point-time interpolation uses lower sample; future sample only brackets coverage; violating source timestamp rejects point,deskew call has no NDT input; cloud is published before NDT consumes it; NDT correction can affect only later deskew,NO; structural/code-path evidence is recorded separately
760,1660857469.040262,1660857469.1411014,1660857469.040262,PUBLISHED,covered_and_deskewed,20842,20842,1660857467.1417279,1660857469.1416161,0.0050082206726074219,0.02,0.92462859939643316,8.6898044236154863,0.23848059866266266,YES,YES,YES,True,0,0,point-time interpolation uses lower sample; future sample only brackets coverage; violating source timestamp rejects point,deskew call has no NDT input; cloud is published before NDT consumes it; NDT correction can affect only later deskew,NO; structural/code-path evidence is recorded separately
761,1660857469.1411221,1660857469.2419612,1660857469.1411221,PUBLISHED,covered_and_deskewed,20656,20656,1660857467.2467201,1660857469.246608,0.0050082206726074219,0.02,1.039337859501164,19.808785474522232,0.85526529112787919,YES,YES,YES,True,0,0,point-time interpolation uses lower sample; future sample only brackets coverage; violating source timestamp rejects point,deskew call has no NDT input; cloud is published before NDT consumes it; NDT correction can affect only later deskew,NO; structural/code-path evidence is recorded separately
762,1660857469.241982,1660857469.3428214,1660857469.241982,PUBLISHED,covered_and_deskewed,20626,20626,1660857467.34672,1660857469.3466079,0.0050079822540283203,0.02,0.69524716497062433,4.7586866728801045,0.35255216676061363,YES,YES,YES,True,0,0,point-time interpolation uses lower sample; future sample only brackets coverage; violating source timestamp rejects point,deskew call has no NDT input; cloud is published before NDT consumes it; NDT correction can affect only later deskew,NO; structural/code-path evidence is recorded separately
763,1660857469.3428421,1660857469.4436812,1660857469.3428421,PUBLISHED,covered_and_deskewed,20962,20962,1660857467.4467199,1660857469.4466081,0.0050082206726074219,0.02,1.0886420174649158,6.358081138414426,0.84411361696469345,YES,YES,YES,True,0,0,point-time interpolation uses lower sample; future sample only brackets coverage; violating source timestamp rejects point,deskew call has no NDT input; cloud is published before NDT consumes it; NDT correction can affect only later deskew,NO; structural/code-path evidence is recorded separately
764,1660857469.443702,1660857469.5445414,1660857469.443702,PUBLISHED,covered_and_deskewed,21565,21565,1660857467.54672,1660857469.546608,0.0050079822540283203,0.02,1.3790831564081074,21.241955627868137,1.6023809922130465,YES,YES,YES,True,0,0,point-time interpolation uses lower sample; future sample only brackets coverage; violating source timestamp rejects point,deskew call has no NDT input; cloud is published before NDT consumes it; NDT correction can affect only later deskew,NO; structural/code-path evidence is recorded separately
765,1660857469.5445621,1660857469.6454012,1660857469.5445621,PUBLISHED,covered_and_deskewed,21921,21921,1660857467.6467199,1660857469.6466081,0.0050082206726074219,0.02,0.9168858288884939,6.1329819116147819,0.70369670835275389,YES,YES,YES,True,0,0,point-time interpolation uses lower sample; future sample only brackets coverage; violating source timestamp rejects point,deskew call has no NDT input; cloud is published before NDT consumes it; NDT correction can affect only later deskew,NO; structural/code-path evidence is recorded separately
766,1660857469.645422,1660857469.7462614,1660857469.645422,PUBLISHED,covered_and_deskewed,22643,22643,1660857467.7467201,1660857469.746608,0.0050079822540283203,0.02,1.496396848466693,11.385107700040537,0.66283938483117177,YES,YES,YES,True,0,0,point-time interpolation uses lower sample; future sample only brackets coverage; violating source timestamp rejects point,deskew call has no NDT input; cloud is published before NDT consumes it; NDT correction can affect only later deskew,NO; structural/code-path evidence is recorded separately
767,1660857469.7462821,1660857469.8471212,1660857469.7462821,PUBLISHED,covered_and_deskewed,23041,23041,1660857467.851728,1660857469.8516159,0.0050079822540283203,0.02,1.3903781154747625,11.340774460247301,0.88823976170701802,YES,YES,YES,True,0,0,point-time interpolation uses lower sample; future sample only brackets coverage; violating source timestamp rejects point,deskew call has no NDT input; cloud is published before NDT consumes it; NDT correction can affect only later deskew,NO; structural/code-path evidence is recorded separately
768,1660857469.847142,1660857469.9479804,1660857469.847142,PUBLISHED,covered_and_deskewed,23423,23423,1660857467.9517281,1660857469.951616,0.0050082206726074219,0.02,1.191882813804183,6.6240098484514176,0.47418641643097775,YES,YES,YES,True,0,0,point-time interpolation uses lower sample; future sample only brackets coverage; violating source timestamp rejects point,deskew call has no NDT input; cloud is published before NDT consumes it; NDT correction can affect only later deskew,NO; structural/code-path evidence is recorded separately
769,1660857469.9480021,1660857470.0487843,1660857469.9480021,PUBLISHED,covered_and_deskewed,24289,24289,1660857468.0516801,1660857470.051568,0.0050079822540283203,0.02,1.8013217714346983,27.617718465460928,1.0587349812717812,YES,YES,YES,True,0,0,point-time interpolation uses lower sample; future sample only brackets coverage; violating source timestamp rejects point,deskew call has no NDT input; cloud is published before NDT consumes it; NDT correction can affect only later deskew,NO; structural/code-path evidence is recorded separately
770,1660857470.048806,1660857470.1360762,1660857470.048806,PUBLISHED,covered_and_deskewed,24928,24928,1660857468.136672,1660857470.13656,0.0050079822540283203,0.02,1.5162865065793159,25.187742542729602,0.9082332335561466,YES,YES,YES,True,0,0,point-time interpolation uses lower sample; future sample only brackets coverage; violating source timestamp rejects point,deskew call has no NDT input; cloud is published before NDT consumes it; NDT correction can affect only later deskew,NO; structural/code-path evidence is recorded separately
771,1660857470.1496661,1660857470.2376041,1660857470.1496661,PUBLISHED,covered_and_deskewed,24975,24975,1660857468.2416799,1660857470.2415681,0.0050082206726074219,0.02,1.2986058854813858,13.532176198024432,1.1295908211380632,YES,YES,YES,True,0,0,point-time interpolation uses lower sample; future sample only brackets coverage; violating source timestamp rejects point,deskew call has no NDT input; cloud is published before NDT consumes it; NDT correction can affect only later deskew,NO; structural/code-path evidence is recorded separately
772,1660857470.250525,1660857470.3399642,1660857470.250525,PUBLISHED,covered_and_deskewed,25191,25191,1660857468.34168,1660857470.341568,0.0050079822540283203,0.02,1.7884845316783493,24.736912185789624,1.399576830472915,YES,YES,YES,True,0,0,point-time interpolation uses lower sample; future sample only brackets coverage; violating source timestamp rejects point,deskew call has no NDT input; cloud is published before NDT consumes it; NDT correction can affect only later deskew,NO; structural/code-path evidence is recorded separately
773,1660857470.3513851,1660857470.4422095,1660857470.3513851,PUBLISHED,covered_and_deskewed,25306,25306,1660857468.4516799,1660857470.4515679,0.0099999904632568359,0.02,1.621300651694203,19.134938467173303,0.59552678035356554,YES,YES,YES,True,0,0,point-time interpolation uses lower sample; future sample only brackets coverage; violating source timestamp rejects point,deskew call has no NDT input; cloud is published before NDT consumes it; NDT correction can affect only later deskew,NO; structural/code-path evidence is recorded separately
774,1660857470.452245,1660857470.544369,1660857470.452245,PUBLISHED,covered_and_deskewed,25579,25579,1660857468.5466721,1660857470.54656,0.0050082206726074219,0.02,1.4194167052223139,7.6228339040934756,0.63048695592261694,YES,YES,YES,True,0,0,point-time interpolation uses lower sample; future sample only brackets coverage; violating source timestamp rejects point,deskew call has no NDT input; cloud is published before NDT consumes it; NDT correction can affect only later deskew,NO; structural/code-path evidence is recorded separately
775,1660857470.5531051,1660857470.6539443,1660857470.5531051,PUBLISHED,covered_and_deskewed,28294,28294,1660857468.656672,1660857470.6565599,0.0050079822540283203,0.02,1.7231727714625025,18.311368551486776,1.0849906049765121,YES,YES,YES,True,0,0,point-time interpolation uses lower sample; future sample only brackets coverage; violating source timestamp rejects point,deskew call has no NDT input; cloud is published before NDT consumes it; NDT correction can affect only later deskew,NO; structural/code-path evidence is recorded separately
776,1660857470.653965,1660857470.7548044,1660857470.653965,PUBLISHED,covered_and_deskewed,28881,28881,1660857468.7566719,1660857470.7565601,0.0050082206726074219,0.02,1.3906381996683437,6.2264800319526756,0.54085921031637563,YES,YES,YES,True,0,0,point-time interpolation uses lower sample; future sample only brackets coverage; violating source timestamp rejects point,deskew call has no NDT input; cloud is published before NDT consumes it; NDT correction can affect only later deskew,NO; structural/code-path evidence is recorded separately
777,1660857470.7548251,1660857470.8556643,1660857470.7548251,PUBLISHED,covered_and_deskewed,28857,28857,1660857468.856672,1660857470.85656,0.0050079822540283203,0.02,1.9350736981992445,13.31793611291611,1.1509635717935747,YES,YES,YES,True,0,0,point-time interpolation uses lower sample; future sample only brackets coverage; violating source timestamp rejects point,deskew call has no NDT input; cloud is published before NDT consumes it; NDT correction can affect only later deskew,NO; structural/code-path evidence is recorded separately
778,1660857470.855685,1660857470.9565244,1660857470.855685,PUBLISHED,covered_and_deskewed,28854,28854,1660857468.956672,1660857470.9565599,0.0050079822540283203,0.02,1.5879011562610834,9.8501047353570907,0.77887869460496229,YES,YES,YES,True,0,0,point-time interpolation uses lower sample; future sample only brackets coverage; violating source timestamp rejects point,deskew call has no NDT input; cloud is published before NDT consumes it; NDT correction can affect only later deskew,NO; structural/code-path evidence is recorded separately
779,1660857470.9565451,1660857471.0573282,1660857470.9565451,PUBLISHED,covered_and_deskewed,28817,28817,1660857469.0616159,1660857471.0615201,0.0050082206726074219,0.02,1.6526161025490671,13.661785118911435,1.4160262678851727,YES,YES,YES,True,0,0,point-time interpolation uses lower sample; future sample only brackets coverage; violating source timestamp rejects point,deskew call has no NDT input; cloud is published before NDT consumes it; NDT correction can affect only later deskew,NO; structural/code-path evidence is recorded separately
780,1660857471.057349,1660857471.1581883,1660857471.057349,PUBLISHED,covered_and_deskewed,28807,28807,1660857469.1616161,1660857471.16152,0.0050079822540283203,0.02,1.6530609478038161,28.844921003138516,1.0550510462968832,YES,YES,YES,True,0,0,point-time interpolation uses lower sample; future sample only brackets coverage; violating source timestamp rejects point,deskew call has no NDT input; cloud is published before NDT consumes it; NDT correction can affect only later deskew,NO; structural/code-path evidence is recorded separately
781,1660857471.1582091,1660857471.2590482,1660857471.1582091,PUBLISHED,covered_and_deskewed,26229,26229,1660857469.261616,1660857471.2615199,0.0050079822540283203,0.02,1.3146538904055147,7.4813763201061674,0.48988092270523786,YES,YES,YES,True,0,0,point-time interpolation uses lower sample; future sample only brackets coverage; violating source timestamp rejects point,deskew call has no NDT input; cloud is published before NDT consumes it; NDT correction can affect only later deskew,NO; structural/code-path evidence is recorded separately
782,1660857471.259069,1660857471.3599083,1660857471.259069,PUBLISHED,covered_and_deskewed,24568,24568,1660857469.3616159,1660857471.3615201,0.0050082206726074219,0.02,1.776714346130198,18.08632464102207,1.4068886073567903,YES,YES,YES,True,0,0,point-time interpolation uses lower sample; future sample only brackets coverage; violating source timestamp rejects point,deskew call has no NDT input; cloud is published before NDT consumes it; NDT correction can affect only later deskew,NO; structural/code-path evidence is recorded separately
783,1660857471.3599291,1660857471.4607682,1660857471.3599291,PUBLISHED,covered_and_deskewed,23645,23645,1660857469.461616,1660857471.46152,0.0050079822540283203,0.02,1.416731853771624,11.183177741213518,0.63498927197516841,YES,YES,YES,True,0,0,point-time interpolation uses lower sample; future sample only brackets coverage; violating source timestamp rejects point,deskew call has no NDT input; cloud is published before NDT consumes it; NDT correction can affect only later deskew,NO; structural/code-path evidence is recorded separately
784,1660857471.460789,1660857471.5616283,1660857471.460789,PUBLISHED,covered_and_deskewed,23026,23026,1660857469.566608,1660857471.5665121,0.0050082206726074219,0.02,1.5254851938981688,6.1931872521378653,0.45468742210742386,YES,YES,YES,True,0,0,point-time interpolation uses lower sample; future sample only brackets coverage; violating source timestamp rejects point,deskew call has no NDT input; cloud is published before NDT consumes it; NDT correction can affect only later deskew,NO; structural/code-path evidence is recorded separately
785,1660857471.5616491,1660857471.6624882,1660857471.5616491,PUBLISHED,covered_and_deskewed,22339,22339,1660857469.6666081,1660857471.666512,0.0050079822540283203,0.02,1.8580044500298694,10.442303284802092,0.52451799504100238,YES,YES,YES,True,0,0,point-time interpolation uses lower sample; future sample only brackets coverage; violating source timestamp rejects point,deskew call has no NDT input; cloud is published before NDT consumes it; NDT correction can affect only later deskew,NO; structural/code-path evidence is recorded separately
786,1660857471.662509,1660857471.7633483,1660857471.662509,PUBLISHED,covered_and_deskewed,21685,21685,1660857469.766608,1660857471.7665119,0.0050079822540283203,0.02,1.4153341494905236,5.3585763603251388,0.48069544840902717,YES,YES,YES,True,0,0,point-time interpolation uses lower sample; future sample only brackets coverage; violating source timestamp rejects point,deskew call has no NDT input; cloud is published before NDT consumes it; NDT correction can affect only later deskew,NO; structural/code-path evidence is recorded separately
787,1660857471.7633691,1660857471.8642082,1660857471.7633691,PUBLISHED,covered_and_deskewed,21252,21252,1660857469.8666079,1660857471.8665121,0.0050082206726074219,0.02,1.5932112413043189,4.8818363673961018,0.35432898916372668,YES,YES,YES,True,0,0,point-time interpolation uses lower sample; future sample only brackets coverage; violating source timestamp rejects point,deskew call has no NDT input; cloud is published before NDT consumes it; NDT correction can affect only later deskew,NO; structural/code-path evidence is recorded separately
788,1660857471.864229,1660857471.9650683,1660857471.864229,PUBLISHED,covered_and_deskewed,20567,20567,1660857469.966608,1660857471.966512,0.0050079822540283203,0.02,1.8482774840961271,26.324728093458301,1.628617245151192,YES,YES,YES,True,0,0,point-time interpolation uses lower sample; future sample only brackets coverage; violating source timestamp rejects point,deskew call has no NDT input; cloud is published before NDT consumes it; NDT correction can affect only later deskew,NO; structural/code-path evidence is recorded separately
789,1660857471.9650891,1660857472.0658722,1660857471.9650891,PUBLISHED,covered_and_deskewed,20005,20005,1660857470.06656,1660857472.066448,0.0050079822540283203,0.02,1.4264431911791533,7.58487491796381,0.59091158458295578,YES,YES,YES,True,0,0,point-time interpolation uses lower sample; future sample only brackets coverage; violating source timestamp rejects point,deskew call has no NDT input; cloud is published before NDT consumes it; NDT correction can affect only later deskew,NO; structural/code-path evidence is recorded separately
790,1660857472.0658939,1660857472.1667323,1660857472.0658939,PUBLISHED,covered_and_deskewed,19564,19564,1660857470.1715679,1660857472.1714561,0.0050082206726074219,0.02,1.6072996576170449,10.931814772136912,0.53674274289762902,YES,YES,YES,True,0,0,point-time interpolation uses lower sample; future sample only brackets coverage; violating source timestamp rejects point,deskew call has no NDT input; cloud is published before NDT consumes it; NDT correction can affect only later deskew,NO; structural/code-path evidence is recorded separately
791,1660857472.166754,1660857472.2675922,1660857472.166754,PUBLISHED,covered_and_deskewed,19264,19264,1660857470.2715681,1660857472.271456,0.0050079822540283203,0.02,1.905330872309333,12.444610960645589,0.94102654852091927,YES,YES,YES,True,0,0,point-time interpolation uses lower sample; future sample only brackets coverage; violating source timestamp rejects point,deskew call has no NDT input; cloud is published before NDT consumes it; NDT correction can affect only later deskew,NO; structural/code-path evidence is recorded separately
792,1660857472.2676129,1660857472.3684523,1660857472.2676129,PUBLISHED,covered_and_deskewed,19407,19407,1660857470.371568,1660857472.3714559,0.0050079822540283203,0.02,1.4870840967365917,7.1489867998907108,0.59002929292807027,YES,YES,YES,True,0,0,point-time interpolation uses lower sample; future sample only brackets coverage; violating source timestamp rejects point,deskew call has no NDT input; cloud is published before NDT consumes it; NDT correction can affect only later deskew,NO; structural/code-path evidence is recorded separately
793,1660857472.3684731,1660857472.4693122,1660857472.3684731,PUBLISHED,covered_and_deskewed,19841,19841,1660857470.4715681,1660857472.4714561,0.0050082206726074219,0.02,1.5740172693997923,5.6331119563109455,0.87126029863007615,YES,YES,YES,True,0,0,point-time interpolation uses lower sample; future sample only brackets coverage; violating source timestamp rejects point,deskew call has no NDT input; cloud is published before NDT consumes it; NDT correction can affect only later deskew,NO; structural/code-path evidence is recorded separately
794,1660857472.4693329,1660857472.5701723,1660857472.4693329,PUBLISHED,covered_and_deskewed,20529,20529,1660857470.571568,1660857472.571456,0.0050079822540283203,0.02,1.8463237507902732,24.02889270789791,1.7266523925076103,YES,YES,YES,True,0,0,point-time interpolation uses lower sample; future sample only brackets coverage; violating source timestamp rejects point,deskew call has no NDT input; cloud is published before NDT consumes it; NDT correction can affect only later deskew,NO; structural/code-path evidence is recorded separately
795,1660857472.5701931,1660857472.6710322,1660857472.5701931,PUBLISHED,covered_and_deskewed,21562,21562,1660857470.6715679,1660857472.6714561,0.0050082206726074219,0.02,1.2887648448673645,5.2438372412494827,0.44686451655084264,YES,YES,YES,True,0,0,point-time interpolation uses lower sample; future sample only brackets coverage; violating source timestamp rejects point,deskew call has no NDT input; cloud is published before NDT consumes it; NDT correction can affect only later deskew,NO; structural/code-path evidence is recorded separately
796,1660857472.6710529,1660857472.7718923,1660857472.6710529,PUBLISHED,covered_and_deskewed,22840,22840,1660857470.7765601,1660857472.776448,0.0050079822540283203,0.02,1.7130853666789212,6.9012218565837848,0.32458478296725518,YES,YES,YES,True,0,0,point-time interpolation uses lower sample; future sample only brackets coverage; violating source timestamp rejects point,deskew call has no NDT input; cloud is published before NDT consumes it; NDT correction can affect only later deskew,NO; structural/code-path evidence is recorded separately
797,1660857472.7719131,1660857472.8727522,1660857472.7719131,PUBLISHED,covered_and_deskewed,23664,23664,1660857470.87656,1660857472.8764479,0.0050079822540283203,0.02,1.8184133391576478,11.870703647855429,0.79129979505746517,YES,YES,YES,True,0,0,point-time interpolation uses lower sample; future sample only brackets coverage; violating source timestamp rejects point,deskew call has no NDT input; cloud is published before NDT consumes it; NDT correction can affect only later deskew,NO; structural/code-path evidence is recorded separately
798,1660857472.8727729,1660857472.9736123,1660857472.8727729,PUBLISHED,covered_and_deskewed,24417,24417,1660857470.9765601,1660857472.9764481,0.0050082206726074219,0.02,1.4208599939937563,6.6890535393047621,0.40745654600995379,YES,YES,YES,True,0,0,point-time interpolation uses lower sample; future sample only brackets coverage; violating source timestamp rejects point,deskew call has no NDT input; cloud is published before NDT consumes it; NDT correction can affect only later deskew,NO; structural/code-path evidence is recorded separately
799,1660857472.9736331,1660857473.0744164,1660857472.9736331,PUBLISHED,covered_and_deskewed,24976,24976,1660857471.0765121,1660857473.0764,0.0099999904632568359,0.02,1.8182809433008624,5.7149955726818433,0.43450923178624101,YES,YES,YES,True,0,0,point-time interpolation uses lower sample; future sample only brackets coverage; violating source timestamp rejects point,deskew call has no NDT input; cloud is published before NDT consumes it; NDT correction can affect only later deskew,NO; structural/code-path evidence is recorded separately
800,1660857473.0744369,1660857473.1752763,1660857473.0744369,PUBLISHED,covered_and_deskewed,25813,25813,1660857471.176512,1660857473.1763999,0.0050079822540283203,0.02,2.0527888464689954,24.289066834650988,1.3639409054883458,YES,YES,YES,True,0,0,point-time interpolation uses lower sample; future sample only brackets coverage; violating source timestamp rejects point,deskew call has no NDT input; cloud is published before NDT consumes it; NDT correction can affect only later deskew,NO; structural/code-path evidence is recorded separately
801,1660857473.175297,1660857473.2761364,1660857473.175297,PUBLISHED,covered_and_deskewed,26858,26858,1660857471.2765119,1660857473.2764001,0.0050082206726074219,0.02,1.3781115906988461,5.8452503791635717,0.32845390473821107,YES,YES,YES,True,0,0,point-time interpolation uses lower sample; future sample only brackets coverage; violating source timestamp rejects point,deskew call has no NDT input; cloud is published before NDT consumes it; NDT correction can affect only later deskew,NO; structural/code-path evidence is recorded separately
802,1660857473.2761569,1660857473.3769963,1660857473.2761569,PUBLISHED,covered_and_deskewed,28143,28143,1660857471.38152,1660857473.381408,0.0050079822540283203,0.02,1.9144254828907539,7.2629651309416685,0.25069654545476816,YES,YES,YES,True,0,0,point-time interpolation uses lower sample; future sample only brackets coverage; violating source timestamp rejects point,deskew call has no NDT input; cloud is published before NDT consumes it; NDT correction can affect only later deskew,NO; structural/code-path evidence is recorded separately
803,1660857473.377017,1660857473.4778564,1660857473.377017,PUBLISHED,covered_and_deskewed,28654,28654,1660857471.4815199,1660857473.4814081,0.0050082206726074219,0.02,1.9155064607662096,12.630162716307852,0.9007465072134605,YES,YES,YES,True,0,0,point-time interpolation uses lower sample; future sample only brackets coverage; violating source timestamp rejects point,deskew call has no NDT input; cloud is published before NDT consumes it; NDT correction can affect only later deskew,NO; structural/code-path evidence is recorded separately
804,1660857473.4778769,1660857473.5787163,1660857473.4778769,PUBLISHED,covered_and_deskewed,28674,28674,1660857471.5815201,1660857473.581408,0.0050082206726074219,0.02,1.2509899116278504,6.5478520566473959,0.56451967699929573,YES,YES,YES,True,0,0,point-time interpolation uses lower sample; future sample only brackets coverage; violating source timestamp rejects point,deskew call has no NDT input; cloud is published before NDT consumes it; NDT correction can affect only later deskew,NO; structural/code-path evidence is recorded separately
805,1660857473.578737,1660857473.6795764,1660857473.578737,PUBLISHED,covered_and_deskewed,28664,28664,1660857471.68152,1660857473.6814079,0.0050079822540283203,0.02,1.3750389775019736,6.2916267756306823,0.77491164955554415,YES,YES,YES,True,0,0,point-time interpolation uses lower sample; future sample only brackets coverage; violating source timestamp rejects point,deskew call has no NDT input; cloud is published before NDT consumes it; NDT correction can affect only later deskew,NO; structural/code-path evidence is recorded separately
806,1660857473.6795969,1660857473.7804363,1660857473.6795969,PUBLISHED,covered_and_deskewed,28646,28646,1660857471.7815199,1660857473.7814081,0.0050082206726074219,0.02,1.4880419279254173,17.276443381373753,0.91987411404517405,YES,YES,YES,True,0,0,point-time interpolation uses lower sample; future sample only brackets coverage; violating source timestamp rejects point,deskew call has no NDT input; cloud is published before NDT consumes it; NDT correction can affect only later deskew,NO; structural/code-path evidence is recorded separately
807,1660857473.780457,1660857473.8812964,1660857473.780457,PUBLISHED,covered_and_deskewed,28700,28700,1660857471.88152,1660857473.881408,0.0050079822540283203,0.02,0.81884033057165206,6.427457006426998,1.0448218287004576,YES,YES,YES,True,0,0,point-time interpolation uses lower sample; future sample only brackets coverage; violating source timestamp rejects point,deskew call has no NDT input; cloud is published before NDT consumes it; NDT correction can affect only later deskew,NO; structural/code-path evidence is recorded separately
808,1660857473.8813169,1660857473.9821563,1660857473.8813169,PUBLISHED,covered_and_deskewed,28631,28631,1660857471.9865119,1660857473.9863999,0.0050082206726074219,0.02,0.48087718124682721,10.390640959286769,0.99668227440579238,YES,YES,YES,True,0,0,point-time interpolation uses lower sample; future sample only brackets coverage; violating source timestamp rejects point,deskew call has no NDT input; cloud is published before NDT consumes it; NDT correction can affect only later deskew,NO; structural/code-path evidence is recorded separately
809,1660857473.982177,1660857474.0829594,1660857473.982177,PUBLISHED,covered_and_deskewed,28670,28670,1660857472.086448,1660857474.0863359,0.0050082206726074219,0.02,0.26507397531026561,10.3932406345975,1.0978345113874377,YES,YES,YES,True,0,0,point-time interpolation uses lower sample; future sample only brackets coverage; violating source timestamp rejects point,deskew call has no NDT input; cloud is published before NDT consumes it; NDT correction can affect only later deskew,NO; structural/code-path evidence is recorded separately
810,1660857474.0829811,1660857474.1838193,1660857474.0829811,PUBLISHED,covered_and_deskewed,28662,28662,1660857472.1864481,1660857474.186336,0.0050082206726074219,0.02,0.3370082211911602,3.2117604800442705,1.1247545617068548,YES,YES,YES,True,0,0,point-time interpolation uses lower sample; future sample only brackets coverage; violating source timestamp rejects point,deskew call has no NDT input; cloud is published before NDT consumes it; NDT correction can affect only later deskew,NO; structural/code-path evidence is recorded separately
811,1660857474.183841,1660857474.2846794,1660857474.183841,PUBLISHED,covered_and_deskewed,28606,28606,1660857472.286448,1660857474.2863359,0.0050079822540283203,0.02,0.42802828530982601,3.3542647542501922,1.0289569195539807,YES,YES,YES,True,0,0,point-time interpolation uses lower sample; future sample only brackets coverage; violating source timestamp rejects point,deskew call has no NDT input; cloud is published before NDT consumes it; NDT correction can affect only later deskew,NO; structural/code-path evidence is recorded separately
812,1660857474.2846999,1660857474.3855393,1660857474.2846999,PUBLISHED,covered_and_deskewed,28593,28593,1660857472.3864479,1660857474.3863361,0.0050082206726074219,0.02,0.40785013838060652,14.147691746959742,0.99303481085087686,YES,YES,YES,True,0,0,point-time interpolation uses lower sample; future sample only brackets coverage; violating source timestamp rejects point,deskew call has no NDT input; cloud is published before NDT consumes it; NDT correction can affect only later deskew,NO; structural/code-path evidence is recorded separately
813,1660857474.38556,1660857474.4863994,1660857474.38556,PUBLISHED,covered_and_deskewed,28610,28610,1660857472.491456,1660857474.491344,0.0050079822540283203,0.02,0.2642171450289299,5.7768935451514771,0.64519484303144203,YES,YES,YES,True,0,0,point-time interpolation uses lower sample; future sample only brackets coverage; violating source timestamp rejects point,deskew call has no NDT input; cloud is published before NDT consumes it; NDT correction can affect only later deskew,NO; structural/code-path evidence is recorded separately
814,1660857474.4864199,1660857474.5872593,1660857474.4864199,PUBLISHED,covered_and_deskewed,28588,28588,1660857472.5914559,1660857474.5913441,0.0050082206726074219,0.02,0.34942516317645084,1.916727171012125,0.44847014786457956,YES,YES,YES,True,0,0,point-time interpolation uses lower sample; future sample only brackets coverage; violating source timestamp rejects point,deskew call has no NDT input; cloud is published before NDT consumes it; NDT correction can affect only later deskew,NO; structural/code-path evidence is recorded separately
815,1660857474.58728,1660857474.6881194,1660857474.58728,PUBLISHED,covered_and_deskewed,28553,28553,1660857472.6914561,1660857474.691344,0.0050082206726074219,0.02,0.25793684809268136,10.982964981917181,0.2353693758221701,YES,YES,YES,True,0,0,point-time interpolation uses lower sample; future sample only brackets coverage; violating source timestamp rejects point,deskew call has no NDT input; cloud is published before NDT consumes it; NDT correction can affect only later deskew,NO; structural/code-path evidence is recorded separately
816,1660857474.6881399,1660857474.7889793,1660857474.6881399,PUBLISHED,covered_and_deskewed,28544,28544,1660857472.791456,1660857474.7913439,0.0050079822540283203,0.02,0.23510846651212125,8.1600558912194234,0.2559241286921986,YES,YES,YES,True,0,0,point-time interpolation uses lower sample; future sample only brackets coverage; violating source timestamp rejects point,deskew call has no NDT input; cloud is published before NDT consumes it; NDT correction can affect only later deskew,NO; structural/code-path evidence is recorded separately
817,1660857474.789,1660857474.8898394,1660857474.789,PUBLISHED,covered_and_deskewed,28558,28558,1660857472.8914559,1660857474.8913441,0.0050082206726074219,0.02,0.15318175214825103,2.8386247506535502,0.14732831039665495,YES,YES,YES,True,0,0,point-time interpolation uses lower sample; future sample only brackets coverage; violating source timestamp rejects point,deskew call has no NDT input; cloud is published before NDT consumes it; NDT correction can affect only later deskew,NO; structural/code-path evidence is recorded separately
818,1660857474.8898599,1660857474.9906993,1660857474.8898599,PUBLISHED,covered_and_deskewed,28562,28562,1660857472.991456,1660857474.991344,0.0050079822540283203,0.02,0.15937992637548373,2.5502042836990877,0.1503776824604682,YES,YES,YES,True,0,0,point-time interpolation uses lower sample; future sample only brackets coverage; violating source timestamp rejects point,deskew call has no NDT input; cloud is published before NDT consumes it; NDT correction can affect only later deskew,NO; structural/code-path evidence is recorded separately
819,1660857474.99072,1660857475.0915163,1660857474.99072,PUBLISHED,covered_and_deskewed,28579,28579,1660857473.0964,1660857475.096288,0.0050079822540283203,0.02,0.23343278974943074,12.177019327410347,0.37028652812036672,YES,YES,YES,True,0,0,point-time interpolation uses lower sample; future sample only brackets coverage; violating source timestamp rejects point,deskew call has no NDT input; cloud is published before NDT consumes it; NDT correction can affect only later deskew,NO; structural/code-path evidence is recorded separately
820,1660857475.091537,1660857475.1923764,1660857475.091537,PUBLISHED,covered_and_deskewed,28581,28581,1660857473.1963999,1660857475.1962881,0.0050082206726074219,0.02,0.15572259016512818,5.9562510195433598,0.37028652812036672,YES,YES,YES,True,0,0,point-time interpolation uses lower sample; future sample only brackets coverage; violating source timestamp rejects point,deskew call has no NDT input; cloud is published before NDT consumes it; NDT correction can affect only later deskew,NO; structural/code-path evidence is recorded separately
821,1660857475.1923971,1660857475.2932363,1660857475.1923971,PUBLISHED,covered_and_deskewed,28578,28578,1660857473.2964001,1660857475.296288,0.0050079822540283203,0.02,0.046325067226048934,2.0232859124708393,0.11428556059735555,YES,YES,YES,True,0,0,point-time interpolation uses lower sample; future sample only brackets coverage; violating source timestamp rejects point,deskew call has no NDT input; cloud is published before NDT consumes it; NDT correction can affect only later deskew,NO; structural/code-path evidence is recorded separately
822,1660857475.293257,1660857475.3940964,1660857475.293257,PUBLISHED,covered_and_deskewed,28550,28550,1660857473.3964,1660857475.3962879,0.0099999904632568359,0.02,0.07103424580770365,2.035662794919944,0.16749904628792783,YES,YES,YES,True,0,0,point-time interpolation uses lower sample; future sample only brackets coverage; violating source timestamp rejects point,deskew call has no NDT input; cloud is published before NDT consumes it; NDT correction can affect only later deskew,NO; structural/code-path evidence is recorded separately
823,1660857475.3941171,1660857475.4949563,1660857475.3941171,PUBLISHED,covered_and_deskewed,28552,28552,1660857473.4964001,1660857475.4962881,0.0050082206726074219,0.02,0.22383180147517781,13.273528351818936,0.33767229789713354,YES,YES,YES,True,0,0,point-time interpolation uses lower sample; future sample only brackets coverage; violating source timestamp rejects point,deskew call has no NDT input; cloud is published before NDT consumes it; NDT correction can affect only later deskew,NO; structural/code-path evidence is recorded separately
824,1660857475.494977,1660857475.5958164,1660857475.494977,PUBLISHED,covered_and_deskewed,28511,28511,1660857473.5964,1660857475.596288,0.0050079822540283203,0.02,0.3752774611343716,5.7519639543747241,0.25192782908951772,YES,YES,YES,True,0,0,point-time interpolation uses lower sample; future sample only brackets coverage; violating source timestamp rejects point,deskew call has no NDT input; cloud is published before NDT consumes it; NDT correction can affect only later deskew,NO; structural/code-path evidence is recorded separately
825,1660857475.5958371,1660857475.6966763,1660857475.5958371,PUBLISHED,covered_and_deskewed,28569,28569,1660857473.7014079,1660857475.7012961,0.0050082206726074219,0.02,0.64824456923137297,4.8258818481648333,0.20699151636018315,YES,YES,YES,True,0,0,point-time interpolation uses lower sample; future sample only brackets coverage; violating source timestamp rejects point,deskew call has no NDT input; cloud is published before NDT consumes it; NDT correction can affect only later deskew,NO; structural/code-path evidence is recorded separately
826,1660857475.696697,1660857475.7975364,1660857475.696697,PUBLISHED,covered_and_deskewed,28549,28549,1660857473.8014081,1660857475.801296,0.0050079822540283203,0.02,1.0311952300889939,18.691144605365487,0.87086873685235333,YES,YES,YES,True,0,0,point-time interpolation uses lower sample; future sample only brackets coverage; violating source timestamp rejects point,deskew call has no NDT input; cloud is published before NDT consumes it; NDT correction can affect only later deskew,NO; structural/code-path evidence is recorded separately
827,1660857475.7975571,1660857475.8983963,1660857475.7975571,PUBLISHED,covered_and_deskewed,28585,28585,1660857473.901408,1660857475.9012959,0.0050079822540283203,0.02,0.77814142056643765,7.4652616729993966,0.44104205090450499,YES,YES,YES,True,0,0,point-time interpolation uses lower sample; future sample only brackets coverage; violating source timestamp rejects point,deskew call has no NDT input; cloud is published before NDT consumes it; NDT correction can affect only later deskew,NO; structural/code-path evidence is recorded separately
828,1660857475.898417,1660857475.9992564,1660857475.898417,PUBLISHED,covered_and_deskewed,28596,28596,1660857474.001344,1660857476.0012319,0.0099999904632568359,0.02,1.2250747952272898,5.4909112781509775,0.35011332337215717,YES,YES,YES,True,0,0,point-time interpolation uses lower sample; future sample only brackets coverage; violating source timestamp rejects point,deskew call has no NDT input; cloud is published before NDT consumes it; NDT correction can affect only later deskew,NO; structural/code-path evidence is recorded separately
829,1660857475.9992771,1660857476.1000502,1660857475.9992771,PUBLISHED,covered_and_deskewed,28582,28582,1660857474.1013441,1660857476.1012321,0.0050082206726074219,0.02,1.6273249469305047,16.674605932473956,0.83745825647257,YES,YES,YES,True,0,0,point-time interpolation uses lower sample; future sample only brackets coverage; violating source timestamp rejects point,deskew call has no NDT input; cloud is published before NDT consumes it; NDT correction can affect only later deskew,NO; structural/code-path evidence is recorded separately
830,1660857476.1000719,1660857476.2009103,1660857476.1000719,PUBLISHED,covered_and_deskewed,28655,28655,1660857474.201344,1660857476.201232,0.0050079822540283203,0.02,1.2728907025237242,14.883233383164939,0.73415453737007075,YES,YES,YES,True,0,0,point-time interpolation uses lower sample; future sample only brackets coverage; violating source timestamp rejects point,deskew call has no NDT input; cloud is published before NDT consumes it; NDT correction can affect only later deskew,NO; structural/code-path evidence is recorded separately
831,1660857476.200932,1660857476.3017702,1660857476.200932,PUBLISHED,covered_and_deskewed,28681,28681,1660857474.3063359,1660857476.3062241,0.0050082206726074219,0.02,1.273623652722748,5.9957461113892991,0.29671605865578587,YES,YES,YES,True,0,0,point-time interpolation uses lower sample; future sample only brackets coverage; violating source timestamp rejects point,deskew call has no NDT input; cloud is published before NDT consumes it; NDT correction can affect only later deskew,NO; structural/code-path evidence is recorded separately
832,1660857476.301791,1660857476.4026303,1660857476.301791,PUBLISHED,covered_and_deskewed,28711,28711,1660857474.4063361,1660857476.406224,0.0050079822540283203,0.02,1.7424670557278432,15.037069792236938,0.85093863230386591,YES,YES,YES,True,0,0,point-time interpolation uses lower sample; future sample only brackets coverage; violating source timestamp rejects point,deskew call has no NDT input; cloud is published before NDT consumes it; NDT correction can affect only later deskew,NO; structural/code-path evidence is recorded separately
833,1660857476.4026511,1660857476.5034902,1660857476.4026511,PUBLISHED,covered_and_deskewed,28777,28777,1660857474.506336,1660857476.5062239,0.0050079822540283203,0.02,1.5524045164613596,10.198530156397606,0.65233831290257971,YES,YES,YES,True,0,0,point-time interpolation uses lower sample; future sample only brackets coverage; violating source timestamp rejects point,deskew call has no NDT input; cloud is published before NDT consumes it; NDT correction can affect only later deskew,NO; structural/code-path evidence is recorded separately
834,1660857476.503511,1660857476.6043503,1660857476.503511,PUBLISHED,covered_and_deskewed,28796,28796,1660857474.6063361,1660857476.6062241,0.0050082206726074219,0.02,1.4643481104906333,6.2385602359946049,0.3043845285251216,YES,YES,YES,True,0,0,point-time interpolation uses lower sample; future sample only brackets coverage; violating source timestamp rejects point,deskew call has no NDT input; cloud is published before NDT consumes it; NDT correction can affect only later deskew,NO; structural/code-path evidence is recorded separately
835,1660857476.6043711,1660857476.7052102,1660857476.6043711,PUBLISHED,covered_and_deskewed,28793,28793,1660857474.706336,1660857476.706224,0.0050079822540283203,0.02,1.8801354232123346,10.932190286720196,0.59999108870498885,YES,YES,YES,True,0,0,point-time interpolation uses lower sample; future sample only brackets coverage; violating source timestamp rejects point,deskew call has no NDT input; cloud is published before NDT consumes it; NDT correction can affect only later deskew,NO; structural/code-path evidence is recorded separately
836,1660857476.705231,1660857476.8060703,1660857476.705231,PUBLISHED,covered_and_deskewed,28809,28809,1660857474.8063359,1660857476.8062241,0.0099999904632568359,0.02,1.5241092601682642,10.402483495629189,0.65203866557311818,YES,YES,YES,True,0,0,point-time interpolation uses lower sample; future sample only brackets coverage; violating source timestamp rejects point,deskew call has no NDT input; cloud is published before NDT consumes it; NDT correction can affect only later deskew,NO; structural/code-path evidence is recorded separately
837,1660857476.8060911,1660857476.9069302,1660857476.8060911,PUBLISHED,covered_and_deskewed,27551,27551,1660857474.9113441,1660857476.911232,0.0050079822540283203,0.02,1.19627224137528,6.3596300592740267,0.33610552116948489,YES,YES,YES,True,0,0,point-time interpolation uses lower sample; future sample only brackets coverage; violating source timestamp rejects point,deskew call has no NDT input; cloud is published before NDT consumes it; NDT correction can affect only later deskew,NO; structural/code-path evidence is recorded separately
838,1660857476.906951,1660857477.0077343,1660857476.906951,PUBLISHED,covered_and_deskewed,25944,25944,1660857475.011296,1660857477.011184,0.0050079822540283203,0.02,1.6347768752774894,21.733728024430174,1.0794105752994445,YES,YES,YES,True,0,0,point-time interpolation uses lower sample; future sample only brackets coverage; violating source timestamp rejects point,deskew call has no NDT input; cloud is published before NDT consumes it; NDT correction can affect only later deskew,NO; structural/code-path evidence is recorded separately
839,1660857477.007755,1660857477.1085942,1660857477.007755,PUBLISHED,covered_and_deskewed,24941,24941,1660857475.1112959,1660857477.1111839,0.0050079822540283203,0.02,1.4879165605433622,10.010696149560507,0.66075441250565514,YES,YES,YES,True,0,0,point-time interpolation uses lower sample; future sample only brackets coverage; violating source timestamp rejects point,deskew call has no NDT input; cloud is published before NDT consumes it; NDT correction can affect only later deskew,NO; structural/code-path evidence is recorded separately
840,1660857477.1086149,1660857477.2094543,1660857477.1086149,PUBLISHED,covered_and_deskewed,24247,24247,1660857475.2112961,1660857477.211184,0.0050082206726074219,0.02,1.5772856275980223,6.8820605470393454,0.32178601332901047,YES,YES,YES,True,0,0,point-time interpolation uses lower sample; future sample only brackets coverage; violating source timestamp rejects point,deskew call has no NDT input; cloud is published before NDT consumes it; NDT correction can affect only later deskew,NO; structural/code-path evidence is recorded separately
841,1660857477.209475,1660857477.3103142,1660857477.209475,PUBLISHED,covered_and_deskewed,23435,23435,1660857475.311296,1660857477.3111839,0.0050079822540283203,0.02,2.0370051897149235,11.37127616292419,0.69393487037229751,YES,YES,YES,True,0,0,point-time interpolation uses lower sample; future sample only brackets coverage; violating source timestamp rejects point,deskew call has no NDT input; cloud is published before NDT consumes it; NDT correction can affect only later deskew,NO; structural/code-path evidence is recorded separately
842,1660857477.3103349,1660857477.4111743,1660857477.3103349,PUBLISHED,covered_and_deskewed,22686,22686,1660857475.4112959,1660857477.4111841,0.0050082206726074219,0.02,1.7450469923444989,9.8453242957939988,0.67295802467429344,YES,YES,YES,True,0,0,point-time interpolation uses lower sample; future sample only brackets coverage; violating source timestamp rejects point,deskew call has no NDT input; cloud is published before NDT consumes it; NDT correction can affect only later deskew,NO; structural/code-path evidence is recorded separately
843,1660857477.411195,1660857477.5120342,1660857477.411195,PUBLISHED,covered_and_deskewed,22145,22145,1660857475.516288,1660857477.516176,0.0050079822540283203,0.02,1.6820635433881514,5.816691053452244,0.31045867332499599,YES,YES,YES,True,0,0,point-time interpolation uses lower sample; future sample only brackets coverage; violating source timestamp rejects point,deskew call has no NDT input; cloud is published before NDT consumes it; NDT correction can affect only later deskew,NO; structural/code-path evidence is recorded separately
844,1660857477.5120549,1660857477.6128943,1660857477.5120549,PUBLISHED,covered_and_deskewed,21585,21585,1660857475.6162879,1660857477.6161759,0.0050079822540283203,0.02,2.0257528418437056,19.290989768005005,0.92954588529877846,YES,YES,YES,True,0,0,point-time interpolation uses lower sample; future sample only brackets coverage; violating source timestamp rejects point,deskew call has no NDT input; cloud is published before NDT consumes it; NDT correction can affect only later deskew,NO; structural/code-path evidence is recorded separately
845,1660857477.612915,1660857477.7137542,1660857477.612915,PUBLISHED,covered_and_deskewed,21103,21103,1660857475.7162881,1660857477.716176,0.0050082206726074219,0.02,1.6250376756621621,8.1978288571075062,0.4783853471454087,YES,YES,YES,True,0,0,point-time interpolation uses lower sample; future sample only brackets coverage; violating source timestamp rejects point,deskew call has no NDT input; cloud is published before NDT consumes it; NDT correction can affect only later deskew,NO; structural/code-path evidence is recorded separately
846,1660857477.7137749,1660857477.8146143,1660857477.7137749,PUBLISHED,covered_and_deskewed,20690,20690,1660857475.816288,1660857477.8161759,0.0050079822540283203,0.02,1.6583666625401485,5.5077372356074994,0.29868356435451582,YES,YES,YES,True,0,0,point-time interpolation uses lower sample; future sample only brackets coverage; violating source timestamp rejects point,deskew call has no NDT input; cloud is published before NDT consumes it; NDT correction can affect only later deskew,NO; structural/code-path evidence is recorded separately
847,1660857477.814635,1660857477.9154742,1660857477.814635,PUBLISHED,covered_and_deskewed,20252,20252,1660857475.9162879,1660857477.9161761,0.0050082206726074219,0.02,2.0420502825412097,14.046193564422916,0.95574312204379896,YES,YES,YES,True,0,0,point-time interpolation uses lower sample; future sample only brackets coverage; violating source timestamp rejects point,deskew call has no NDT input; cloud is published before NDT consumes it; NDT correction can affect only later deskew,NO; structural/code-path evidence is recorded separately
848,1660857477.9154949,1660857478.0162764,1660857477.9154949,PUBLISHED,covered_and_deskewed,19869,19869,1660857476.0212319,1660857478.0211201,0.0050079822540283203,0.02,1.6411873894687501,12.096077607922782,0.95574312204379896,YES,YES,YES,True,0,0,point-time interpolation uses lower sample; future sample only brackets coverage; violating source timestamp rejects point,deskew call has no NDT input; cloud is published before NDT consumes it; NDT correction can affect only later deskew,NO; structural/code-path evidence is recorded separately
849,1660857478.0162971,1660857478.1171353,1660857478.0162971,PUBLISHED,covered_and_deskewed,19389,19389,1660857476.121232,1660857478.12112,0.0050079822540283203,0.02,1.6213085856683078,5.6772757736816279,0.27885335091833685,YES,YES,YES,True,0,0,point-time interpolation uses lower sample; future sample only brackets coverage; violating source timestamp rejects point,deskew call has no NDT input; cloud is published before NDT consumes it; NDT correction can affect only later deskew,NO; structural/code-path evidence is recorded separately
850,1660857478.117157,1660857478.2179954,1660857478.117157,PUBLISHED,covered_and_deskewed,19041,19041,1660857476.2212319,1660857478.2211201,0.0050082206726074219,0.02,1.9892311078765479,17.121419334406912,1.1062771845219532,YES,YES,YES,True,0,0,point-time interpolation uses lower sample; future sample only brackets coverage; violating source timestamp rejects point,deskew call has no NDT input; cloud is published before NDT consumes it; NDT correction can affect only later deskew,NO; structural/code-path evidence is recorded separately
851,1660857478.2180171,1660857478.3188553,1660857478.2180171,PUBLISHED,covered_and_deskewed,19085,19085,1660857476.3212321,1660857478.32112,0.0050082206726074219,0.02,1.3542361167368189,6.1999875399373883,0.34583091434600283,YES,YES,YES,True,0,0,point-time interpolation uses lower sample; future sample only brackets coverage; violating source timestamp rejects point,deskew call has no NDT input; cloud is published before NDT consumes it; NDT correction can affect only later deskew,NO; structural/code-path evidence is recorded separately
852,1660857478.318877,1660857478.4197154,1660857478.318877,PUBLISHED,covered_and_deskewed,19297,19297,1660857476.421232,1660857478.4211199,0.0050079822540283203,0.02,1.4469132204920958,5.7549240240118662,0.24252854244904354,YES,YES,YES,True,0,0,point-time interpolation uses lower sample; future sample only brackets coverage; violating source timestamp rejects point,deskew call has no NDT input; cloud is published before NDT consumes it; NDT correction can affect only later deskew,NO; structural/code-path evidence is recorded separately
853,1660857478.4197359,1660857478.5205753,1660857478.4197359,PUBLISHED,covered_and_deskewed,19470,19470,1660857476.5212319,1660857478.5211201,0.0050082206726074219,0.02,1.9341093514257965,22.425949495933217,1.6880326179145415,YES,YES,YES,True,0,0,point-time interpolation uses lower sample; future sample only brackets coverage; violating source timestamp rejects point,deskew call has no NDT input; cloud is published before NDT consumes it; NDT correction can affect only later deskew,NO; structural/code-path evidence is recorded separately
854,1660857478.520596,1660857478.6214354,1660857478.520596,PUBLISHED,covered_and_deskewed,20372,20372,1660857476.626224,1660857478.626112,0.0099999904632568359,0.02,1.3841435682189154,13.825026271395304,0.57783713157390493,YES,YES,YES,True,0,0,point-time interpolation uses lower sample; future sample only brackets coverage; violating source timestamp rejects point,deskew call has no NDT input; cloud is published before NDT consumes it; NDT correction can affect only later deskew,NO; structural/code-path evidence is recorded separately
855,1660857478.6214559,1660857478.7222953,1660857478.6214559,PUBLISHED,covered_and_deskewed,21330,21330,1660857476.7262239,1660857478.7261119,0.0050082206726074219,0.02,1.8076443279983463,8.2256240644732319,0.60037321598409843,YES,YES,YES,True,0,0,point-time interpolation uses lower sample; future sample only brackets coverage; violating source timestamp rejects point,deskew call has no NDT input; cloud is published before NDT consumes it; NDT correction can affect only later deskew,NO; structural/code-path evidence is recorded separately
856,1660857478.722316,1660857478.8231554,1660857478.722316,PUBLISHED,covered_and_deskewed,22621,22621,1660857476.8262241,1660857478.826112,0.0050082206726074219,0.02,1.9497302645328107,11.466023368271275,0.60037321598409843,YES,YES,YES,True,0,0,point-time interpolation uses lower sample; future sample only brackets coverage; violating source timestamp rejects point,deskew call has no NDT input; cloud is published before NDT consumes it; NDT correction can affect only later deskew,NO; structural/code-path evidence is recorded separately
857,1660857478.8231759,1660857478.9227943,1660857478.8231759,PUBLISHED,covered_and_deskewed,23443,23443,1660857476.926224,1660857478.9261119,0.0050079822540283203,0.02,1.5381882167061585,6.0337568955252614,0.50443791052455134,YES,YES,YES,True,0,0,point-time interpolation uses lower sample; future sample only brackets coverage; violating source timestamp rejects point,deskew call has no NDT input; cloud is published before NDT consumes it; NDT correction can affect only later deskew,NO; structural/code-path evidence is recorded separately
858,1660857478.924036,1660857479.0248194,1660857478.924036,PUBLISHED,covered_and_deskewed,24136,24136,1660857477.026176,1660857479.0260639,0.0050082206726074219,0.02,1.9138838629699972,20.332439500815926,1.2140536091413676,YES,YES,YES,True,0,0,point-time interpolation uses lower sample; future sample only brackets coverage; violating source timestamp rejects point,deskew call has no NDT input; cloud is published before NDT consumes it; NDT correction can affect only later deskew,NO; structural/code-path evidence is recorded separately
859,1660857479.0248401,1660857479.1199796,1660857479.0248401,PUBLISHED,covered_and_deskewed,24447,24447,1660857477.1211841,1660857479.1210721,0.0050082206726074219,0.02,1.8047500278787478,20.730608142643987,1.2704299802894949,YES,YES,YES,True,0,0,point-time interpolation uses lower sample; future sample only brackets coverage; violating source timestamp rejects point,deskew call has no NDT input; cloud is published before NDT consumes it; NDT correction can affect only later deskew,NO; structural/code-path evidence is recorded separately
860,1660857479.1257,1660857479.2203419,1660857479.1257,PUBLISHED,covered_and_deskewed,24556,24556,1660857477.221184,1660857479.221072,0.0050079822540283203,0.02,0.98554057680760365,4.8249446016435034,0.28092422721727767,YES,YES,YES,True,0,0,point-time interpolation uses lower sample; future sample only brackets coverage; violating source timestamp rejects point,deskew call has no NDT input; cloud is published before NDT consumes it; NDT correction can affect only later deskew,NO; structural/code-path evidence is recorded separately
861,1660857479.2265601,1660857479.3216491,1660857479.2265601,PUBLISHED,covered_and_deskewed,25180,25180,1660857477.3261759,1660857479.3260641,0.0050082206726074219,0.02,1.7168357548734652,9.7059212246544462,0.69401170893219788,YES,YES,YES,True,0,0,point-time interpolation uses lower sample; future sample only brackets coverage; violating source timestamp rejects point,deskew call has no NDT input; cloud is published before NDT consumes it; NDT correction can affect only later deskew,NO; structural/code-path evidence is recorded separately
862,1660857479.32742,1660857479.4240019,1660857479.32742,PUBLISHED,covered_and_deskewed,24826,24826,1660857477.4261761,1660857479.426064,0.0050079822540283203,0.02,1.7111385439596773,8.5520057115904677,0.72487264772682714,YES,YES,YES,True,0,0,point-time interpolation uses lower sample; future sample only brackets coverage; violating source timestamp rejects point,deskew call has no NDT input; cloud is published before NDT consumes it; NDT correction can affect only later deskew,NO; structural/code-path evidence is recorded separately
863,1660857479.4282801,1660857479.5265205,1660857479.4282801,PUBLISHED,covered_and_deskewed,24510,24510,1660857477.531184,1660857479.5310719,0.0050079822540283203,0.02,1.4658217258823547,6.5418530116444629,0.41357213814764682,YES,YES,YES,True,0,0,point-time interpolation uses lower sample; future sample only brackets coverage; violating source timestamp rejects point,deskew call has no NDT input; cloud is published before NDT consumes it; NDT correction can affect only later deskew,NO; structural/code-path evidence is recorded separately
864,1660857479.52914,1660857479.6299794,1660857479.52914,PUBLISHED,covered_and_deskewed,24020,24020,1660857477.6311841,1660857479.631072,0.0050082206726074219,0.02,1.9845225013672696,20.598735897254429,1.1757029668711698,YES,YES,YES,True,0,0,point-time interpolation uses lower sample; future sample only brackets coverage; violating source timestamp rejects point,deskew call has no NDT input; cloud is published before NDT consumes it; NDT correction can affect only later deskew,NO; structural/code-path evidence is recorded separately
865,1660857479.6300001,1660857479.7224295,1660857479.6300001,PUBLISHED,covered_and_deskewed,21706,21706,1660857477.726176,1660857479.726064,0.0050079822540283203,0.02,1.7205351408498832,20.554344813136563,0.91312638267381085,YES,YES,YES,True,0,0,point-time interpolation uses lower sample; future sample only brackets coverage; violating source timestamp rejects point,deskew call has no NDT input; cloud is published before NDT consumes it; NDT correction can affect only later deskew,NO; structural/code-path evidence is recorded separately
866,1660857479.73086,1660857479.8221836,1660857479.73086,PUBLISHED,covered_and_deskewed,21490,21490,1660857477.8261759,1660857479.8260641,0.0050082206726074219,0.02,1.4466299989500353,5.7323231407232278,0.34796721950818016,YES,YES,YES,True,0,0,point-time interpolation uses lower sample; future sample only brackets coverage; violating source timestamp rejects point,deskew call has no NDT input; cloud is published before NDT consumes it; NDT correction can affect only later deskew,NO; structural/code-path evidence is recorded separately
867,1660857479.8317201,1660857479.9217165,1660857479.8317201,PUBLISHED,covered_and_deskewed,20095,20095,1660857477.9261761,1660857479.926064,0.0050079822540283203,0.02,1.9818508026545978,8.3804967885715929,0.66472136914294344,YES,YES,YES,True,0,0,point-time interpolation uses lower sample; future sample only brackets coverage; violating source timestamp rejects point,deskew call has no NDT input; cloud is published before NDT consumes it; NDT correction can affect only later deskew,NO; structural/code-path evidence is recorded separately
868,1660857479.93258,1660857480.0218017,1660857479.93258,PUBLISHED,covered_and_deskewed,19531,19531,1660857478.0261121,1660857480.026,0.0050079822540283203,0.02,1.7624330721126791,10.833697471691778,0.59503397498380906,YES,YES,YES,True,0,0,point-time interpolation uses lower sample; future sample only brackets coverage; violating source timestamp rejects point,deskew call has no NDT input; cloud is published before NDT consumes it; NDT correction can affect only later deskew,NO; structural/code-path evidence is recorded separately
869,1660857480.0333841,1660857480.1218326,1660857480.0333841,PUBLISHED,covered_and_deskewed,19451,19451,1660857478.126112,1660857480.1259999,0.0050079822540283203,0.02,1.3462888937309787,5.1429219312736052,0.29442930796279937,YES,YES,YES,True,0,0,point-time interpolation uses lower sample; future sample only brackets coverage; violating source timestamp rejects point,deskew call has no NDT input; cloud is published before NDT consumes it; NDT correction can affect only later deskew,NO; structural/code-path evidence is recorded separately
870,1660857480.134244,1660857480.2219183,1660857480.134244,PUBLISHED,covered_and_deskewed,19260,19260,1660857478.2261119,1660857480.2260001,0.0050082206726074219,0.02,1.7845567272581175,12.242959921665452,0.83625991704596248,YES,YES,YES,True,0,0,point-time interpolation uses lower sample; future sample only brackets coverage; violating source timestamp rejects point,deskew call has no NDT input; cloud is published before NDT consumes it; NDT correction can affect only later deskew,NO; structural/code-path evidence is recorded separately
871,1660857480.2351041,1660857480.3219481,1660857480.2351041,PUBLISHED,covered_and_deskewed,18940,18940,1660857478.326112,1660857480.326,0.0050079822540283203,0.02,1.575441467798868,9.2118035391139319,0.68143718048705682,YES,YES,YES,True,0,0,point-time interpolation uses lower sample; future sample only brackets coverage; violating source timestamp rejects point,deskew call has no NDT input; cloud is published before NDT consumes it; NDT correction can affect only later deskew,NO; structural/code-path evidence is recorded separately
872,1660857480.335964,1660857480.4220891,1660857480.335964,PUBLISHED,covered_and_deskewed,18722,18722,1660857478.4261119,1660857480.4260001,0.0050082206726074219,0.02,1.5265002041312385,6.0012401714192416,0.33285988338083144,YES,YES,YES,True,0,0,point-time interpolation uses lower sample; future sample only brackets coverage; violating source timestamp rejects point,deskew call has no NDT input; cloud is published before NDT consumes it; NDT correction can affect only later deskew,NO; structural/code-path evidence is recorded separately
873,1660857480.4368241,1660857480.5233362,1660857480.4368241,PUBLISHED,covered_and_deskewed,19287,19287,1660857478.5261121,1660857480.526,0.0050079822540283203,0.02,1.8980383820889808,8.4371581740469885,0.55000715360898256,YES,YES,YES,True,0,0,point-time interpolation uses lower sample; future sample only brackets coverage; violating source timestamp rejects point,deskew call has no NDT input; cloud is published before NDT consumes it; NDT correction can affect only later deskew,NO; structural/code-path evidence is recorded separately
874,1660857480.537684,1660857480.6254725,1660857480.537684,PUBLISHED,covered_and_deskewed,21088,21088,1660857478.626112,1660857480.6259999,0.0050079822540283203,0.02,1.4895529975969717,8.0214785249906218,0.58406492750617534,YES,YES,YES,True,0,0,point-time interpolation uses lower sample; future sample only brackets coverage; violating source timestamp rejects point,deskew call has no NDT input; cloud is published before NDT consumes it; NDT correction can affect only later deskew,NO; structural/code-path evidence is recorded separately
875,1660857480.6385441,1660857480.728128,1660857480.6385441,PUBLISHED,covered_and_deskewed,22270,22270,1660857478.7311201,1660857480.7310081,0.0050082206726074219,0.02,1.4940285066050432,4.7940373016768199,0.45441648400762275,YES,YES,YES,True,0,0,point-time interpolation uses lower sample; future sample only brackets coverage; violating source timestamp rejects point,deskew call has no NDT input; cloud is published before NDT consumes it; NDT correction can affect only later deskew,NO; structural/code-path evidence is recorded separately
876,1660857480.739403,1660857480.8318934,1660857480.739403,PUBLISHED,covered_and_deskewed,23408,23408,1660857478.836112,1660857480.836,0.0050079822540283203,0.02,2.1452274217943859,28.079808021871983,1.6607972563552529,YES,YES,YES,True,0,0,point-time interpolation uses lower sample; future sample only brackets coverage; violating source timestamp rejects point,deskew call has no NDT input; cloud is published before NDT consumes it; NDT correction can affect only later deskew,NO; structural/code-path evidence is recorded separately
877,1660857480.8402629,1660857480.9347439,1660857480.8402629,PUBLISHED,covered_and_deskewed,24540,24540,1660857478.9361119,1660857480.9360001,0.0050082206726074219,0.02,1.6676270467449785,11.326632281836531,0.52875182411111588,YES,YES,YES,True,0,0,point-time interpolation uses lower sample; future sample only brackets coverage; violating source timestamp rejects point,deskew call has no NDT input; cloud is published before NDT consumes it; NDT correction can affect only later deskew,NO; structural/code-path evidence is recorded separately
878,1660857480.941123,1660857481.0371521,1660857480.941123,PUBLISHED,covered_and_deskewed,25448,25448,1660857479.0410719,1660857481.0409601,0.0050082206726074219,0.02,1.5766206202293203,5.823557039401698,0.28210278257303517,YES,YES,YES,True,0,0,point-time interpolation uses lower sample; future sample only brackets coverage; violating source timestamp rejects point,deskew call has no NDT input; cloud is published before NDT consumes it; NDT correction can affect only later deskew,NO; structural/code-path evidence is recorded separately
879,1660857481.0419281,1660857481.1403346,1660857481.0419281,PUBLISHED,covered_and_deskewed,26537,26537,1660857479.141072,1660857481.14096,0.0050079822540283203,0.02,1.9787680932766138,12.72372072247466,0.69702137444657475,YES,YES,YES,True,0,0,point-time interpolation uses lower sample; future sample only brackets coverage; violating source timestamp rejects point,deskew call has no NDT input; cloud is published before NDT consumes it; NDT correction can affect only later deskew,NO; structural/code-path evidence is recorded separately
880,1660857481.1427879,1660857481.2430398,1660857481.1427879,PUBLISHED,covered_and_deskewed,27448,27448,1660857479.2460639,1660857481.2459519,0.0050079822540283203,0.02,1.624074206020953,10.713845595047886,0.5234249941930561,YES,YES,YES,True,0,0,point-time interpolation uses lower sample; future sample only brackets coverage; violating source timestamp rejects point,deskew call has no NDT input; cloud is published before NDT consumes it; NDT correction can affect only later deskew,NO; structural/code-path evidence is recorded separately
881,1660857481.2436481,1660857481.3444872,1660857481.2436481,PUBLISHED,covered_and_deskewed,28001,28001,1660857479.3460641,1660857481.345952,0.0050082206726074219,0.02,1.6721793557311773,6.0938425434199042,0.35241771137396843,YES,YES,YES,True,0,0,point-time interpolation uses lower sample; future sample only brackets coverage; violating source timestamp rejects point,deskew call has no NDT input; cloud is published before NDT consumes it; NDT correction can affect only later deskew,NO; structural/code-path evidence is recorded separately
882,1660857481.3445079,1660857481.4453473,1660857481.3445079,PUBLISHED,covered_and_deskewed,28842,28842,1660857479.446064,1660857481.4459519,0.0099999904632568359,0.02,2.0430040351721823,13.340548746541863,0.98325762697450503,YES,YES,YES,True,0,0,point-time interpolation uses lower sample; future sample only brackets coverage; violating source timestamp rejects point,deskew call has no NDT input; cloud is published before NDT consumes it; NDT correction can affect only later deskew,NO; structural/code-path evidence is recorded separately
883,1660857481.4453681,1660857481.5462072,1660857481.4453681,PUBLISHED,covered_and_deskewed,27611,27611,1660857479.5510719,1660857481.5509601,0.0050082206726074219,0.02,1.5240374307273712,8.976967656235578,0.57079327639833588,YES,YES,YES,True,0,0,point-time interpolation uses lower sample; future sample only brackets coverage; violating source timestamp rejects point,deskew call has no NDT input; cloud is published before NDT consumes it; NDT correction can affect only later deskew,NO; structural/code-path evidence is recorded separately
884,1660857481.5462279,1660857481.6470673,1660857481.5462279,PUBLISHED,covered_and_deskewed,26472,26472,1660857479.651072,1660857481.65096,0.0050079822540283203,0.02,1.5607870735422547,5.6314607220306634,0.27650865324225216,YES,YES,YES,True,0,0,point-time interpolation uses lower sample; future sample only brackets coverage; violating source timestamp rejects point,deskew call has no NDT input; cloud is published before NDT consumes it; NDT correction can affect only later deskew,NO; structural/code-path evidence is recorded separately
885,1660857481.6470881,1660857481.7479272,1660857481.6470881,PUBLISHED,covered_and_deskewed,26535,26535,1660857479.7510719,1660857481.7509601,0.0050082206726074219,0.02,1.9690293619132382,9.9630414297655729,0.81575982048078888,YES,YES,YES,True,0,0,point-time interpolation uses lower sample; future sample only brackets coverage; violating source timestamp rejects point,deskew call has no NDT input; cloud is published before NDT consumes it; NDT correction can affect only later deskew,NO; structural/code-path evidence is recorded separately
886,1660857481.7479479,1660857481.8487873,1660857481.7479479,PUBLISHED,covered_and_deskewed,27118,27118,1660857479.8510721,1660857481.85096,0.0050082206726074219,0.02,1.6776272440491387,9.2608140575311655,0.47637707233701737,YES,YES,YES,True,0,0,point-time interpolation uses lower sample; future sample only brackets coverage; violating source timestamp rejects point,deskew call has no NDT input; cloud is published before NDT consumes it; NDT correction can affect only later deskew,NO; structural/code-path evidence is recorded separately
887,1660857481.8488081,1660857481.9496472,1660857481.8488081,PUBLISHED,covered_and_deskewed,27302,27302,1660857479.951072,1660857481.9509599,0.0050079822540283203,0.02,1.7625447764720543,5.5906302944476227,0.33987790883309943,YES,YES,YES,True,0,0,point-time interpolation uses lower sample; future sample only brackets coverage; violating source timestamp rejects point,deskew call has no NDT input; cloud is published before NDT consumes it; NDT correction can affect only later deskew,NO; structural/code-path evidence is recorded separately
888,1660857481.9496679,1660857482.0504513,1660857481.9496679,PUBLISHED,covered_and_deskewed,27524,27524,1660857480.051008,1660857482.0508959,0.0050079822540283203,0.02,2.1023775797075861,20.131764575866555,1.0029803888431095,YES,YES,YES,True,0,0,point-time interpolation uses lower sample; future sample only brackets coverage; violating source timestamp rejects point,deskew call has no NDT input; cloud is published before NDT consumes it; NDT correction can affect only later deskew,NO; structural/code-path evidence is recorded separately
889,1660857482.050472,1660857482.1513114,1660857482.050472,PUBLISHED,covered_and_deskewed,28014,28014,1660857480.1559999,1660857482.1558881,0.0050082206726074219,0.02,1.6359314671047742,9.9090894989380534,0.50542767205836192,YES,YES,YES,True,0,0,point-time interpolation uses lower sample; future sample only brackets coverage; violating source timestamp rejects point,deskew call has no NDT input; cloud is published before NDT consumes it; NDT correction can affect only later deskew,NO; structural/code-path evidence is recorded separately
890,1660857482.1513319,1660857482.2521713,1660857482.1513319,PUBLISHED,covered_and_deskewed,28861,28861,1660857480.256,1660857482.255888,0.0050079822540283203,0.02,1.7467908797757381,6.1372168353357122,0.36136477536828471,YES,YES,YES,True,0,0,point-time interpolation uses lower sample; future sample only brackets coverage; violating source timestamp rejects point,deskew call has no NDT input; cloud is published before NDT consumes it; NDT correction can affect only later deskew,NO; structural/code-path evidence is recorded separately
891,1660857482.252192,1660857482.3530314,1660857482.252192,PUBLISHED,covered_and_deskewed,28845,28845,1660857480.3559999,1660857482.3558879,0.0050079822540283203,0.02,2.0459596710386485,17.057389129442303,1.0305615698034865,YES,YES,YES,True,0,0,point-time interpolation uses lower sample; future sample only brackets coverage; violating source timestamp rejects point,deskew call has no NDT input; cloud is published before NDT consumes it; NDT correction can affect only later deskew,NO; structural/code-path evidence is recorded separately
892,1660857482.3530519,1660857482.4538913,1660857482.3530519,PUBLISHED,covered_and_deskewed,28032,28032,1660857480.4560001,1660857482.455888,0.0099999904632568359,0.02,1.5345850526213838,7.9508682352216864,0.3663819554881611,YES,YES,YES,True,0,0,point-time interpolation uses lower sample; future sample only brackets coverage; violating source timestamp rejects point,deskew call has no NDT input; cloud is published before NDT consumes it; NDT correction can affect only later deskew,NO; structural/code-path evidence is recorded separately
893,1660857482.453912,1660857482.5547514,1660857482.453912,PUBLISHED,covered_and_deskewed,27291,27291,1660857480.556,1660857482.5558879,0.0050079822540283203,0.02,1.8821472585000985,6.6975040181318413,0.35803384649077552,YES,YES,YES,True,0,0,point-time interpolation uses lower sample; future sample only brackets coverage; violating source timestamp rejects point,deskew call has no NDT input; cloud is published before NDT consumes it; NDT correction can affect only later deskew,NO; structural/code-path evidence is recorded separately
894,1660857482.5547719,1660857482.6556113,1660857482.5547719,PUBLISHED,covered_and_deskewed,26255,26255,1660857480.6559999,1660857482.6558881,0.0050082206726074219,0.02,2.1902826184675974,17.94134284655032,1.0400260796306198,YES,YES,YES,True,0,0,point-time interpolation uses lower sample; future sample only brackets coverage; violating source timestamp rejects point,deskew call has no NDT input; cloud is published before NDT consumes it; NDT correction can affect only later deskew,NO; structural/code-path evidence is recorded separately
895,1660857482.655632,1660857482.7564702,1660857482.655632,PUBLISHED,covered_and_deskewed,25377,25377,1660857480.761008,1660857482.760896,0.0050079822540283203,0.02,1.5420977063150663,9.4802761339012473,0.47940964336007957,YES,YES,YES,True,0,0,point-time interpolation uses lower sample; future sample only brackets coverage; violating source timestamp rejects point,deskew call has no NDT input; cloud is published before NDT consumes it; NDT correction can affect only later deskew,NO; structural/code-path evidence is recorded separately
896,1660857482.7564919,1660857482.8573303,1660857482.7564919,PUBLISHED,covered_and_deskewed,24587,24587,1660857480.8610079,1660857482.8608961,0.0050082206726074219,0.02,1.7484896875536917,6.2179152994927929,0.56090437149214334,YES,YES,YES,True,0,0,point-time interpolation uses lower sample; future sample only brackets coverage; violating source timestamp rejects point,deskew call has no NDT input; cloud is published before NDT consumes it; NDT correction can affect only later deskew,NO; structural/code-path evidence is recorded separately
897,1660857482.857352,1660857482.9581902,1660857482.857352,PUBLISHED,covered_and_deskewed,23767,23767,1660857480.9610081,1660857482.960896,0.0050082206726074219,0.02,1.8751902627857224,15.121677340762202,0.75996810449688001,YES,YES,YES,True,0,0,point-time interpolation uses lower sample; future sample only brackets coverage; violating source timestamp rejects point,deskew call has no NDT input; cloud is published before NDT consumes it; NDT correction can affect only later deskew,NO; structural/code-path evidence is recorded separately
898,1660857482.9582109,1660857483.0589943,1660857482.9582109,PUBLISHED,covered_and_deskewed,23570,23570,1660857481.0609601,1660857483.060848,0.0050079822540283203,0.02,1.3371074033275892,7.8062356371273944,0.44807555508040781,YES,YES,YES,True,0,0,point-time interpolation uses lower sample; future sample only brackets coverage; violating source timestamp rejects point,deskew call has no NDT input; cloud is published before NDT consumes it; NDT correction can affect only later deskew,NO; structural/code-path evidence is recorded separately
899,1660857483.059015,1660857483.1598544,1660857483.059015,PUBLISHED,covered_and_deskewed,23657,23657,1660857481.16096,1660857483.1608479,0.0050079822540283203,0.02,1.6891074611684027,6.6510644969479245,0.47291544226044635,YES,YES,YES,True,0,0,point-time interpolation uses lower sample; future sample only brackets coverage; violating source timestamp rejects point,deskew call has no NDT input; cloud is published before NDT consumes it; NDT correction can affect only later deskew,NO; structural/code-path evidence is recorded separately
900,1660857483.1598749,1660857483.2607143,1660857483.1598749,PUBLISHED,covered_and_deskewed,23846,23846,1660857481.2609601,1660857483.260848,0.0050082206726074219,0.02,1.9718993397707705,18.7129996650085,0.89592893241210436,YES,YES,YES,True,0,0,point-time interpolation uses lower sample; future sample only brackets coverage; violating source timestamp rejects point,deskew call has no NDT input; cloud is published before NDT consumes it; NDT correction can affect only later deskew,NO; structural/code-path evidence is recorded separately
901,1660857483.260735,1660857483.3615744,1660857483.260735,PUBLISHED,covered_and_deskewed,23989,23989,1660857481.365952,1660857483.36584,0.0050079822540283203,0.02,1.2246981560327397,5.2914850463690577,0.24649168937748009,YES,YES,YES,True,0,0,point-time interpolation uses lower sample; future sample only brackets coverage; violating source timestamp rejects point,deskew call has no NDT input; cloud is published before NDT consumes it; NDT correction can affect only later deskew,NO; structural/code-path evidence is recorded separately
902,1660857483.3615949,1660857483.4624343,1660857483.3615949,PUBLISHED,covered_and_deskewed,24127,24127,1660857481.4659519,1660857483.4658401,0.0099999904632568359,0.02,1.6955625216938188,6.0298550387466241,0.24649168937748009,YES,YES,YES,True,0,0,point-time interpolation uses lower sample; future sample only brackets coverage; violating source timestamp rejects point,deskew call has no NDT input; cloud is published before NDT consumes it; NDT correction can affect only later deskew,NO; structural/code-path evidence is recorded separately
903,1660857483.462455,1660857483.5632944,1660857483.462455,PUBLISHED,covered_and_deskewed,24375,24375,1660857481.5659521,1660857483.56584,0.0099999904632568359,0.02,1.8771755527205429,10.828628560412145,0.57978886200784674,YES,YES,YES,True,0,0,point-time interpolation uses lower sample; future sample only brackets coverage; violating source timestamp rejects point,deskew call has no NDT input; cloud is published before NDT consumes it; NDT correction can affect only later deskew,NO; structural/code-path evidence is recorded separately
904,1660857483.5633149,1660857483.6641543,1660857483.5633149,PUBLISHED,covered_and_deskewed,24714,24714,1660857481.665952,1660857483.6658399,0.0050079822540283203,0.02,1.3508128590543087,6.0717553929808652,0.30754787308660864,YES,YES,YES,True,0,0,point-time interpolation uses lower sample; future sample only brackets coverage; violating source timestamp rejects point,deskew call has no NDT input; cloud is published before NDT consumes it; NDT correction can affect only later deskew,NO; structural/code-path evidence is recorded separately
905,1660857483.664175,1660857483.7650144,1660857483.664175,PUBLISHED,covered_and_deskewed,24944,24944,1660857481.7659521,1660857483.7658401,0.0050082206726074219,0.02,1.6770832008439858,5.8849722218011244,0.31127096790332098,YES,YES,YES,True,0,0,point-time interpolation uses lower sample; future sample only brackets coverage; violating source timestamp rejects point,deskew call has no NDT input; cloud is published before NDT consumes it; NDT correction can affect only later deskew,NO; structural/code-path evidence is recorded separately
906,1660857483.7650349,1660857483.8658743,1660857483.7650349,PUBLISHED,covered_and_deskewed,25159,25159,1660857481.87096,1660857483.8708479,0.0050079822540283203,0.02,1.881171351362442,18.345779659701215,0.90748242403895896,YES,YES,YES,True,0,0,point-time interpolation uses lower sample; future sample only brackets coverage; violating source timestamp rejects point,deskew call has no NDT input; cloud is published before NDT consumes it; NDT correction can affect only later deskew,NO; structural/code-path evidence is recorded separately
907,1660857483.865895,1660857483.9667344,1660857483.865895,PUBLISHED,covered_and_deskewed,25411,25411,1660857481.9709599,1660857483.9708481,0.0050082206726074219,0.02,1.2015783866493071,5.3302897479683935,0.72173253315481611,YES,YES,YES,True,0,0,point-time interpolation uses lower sample; future sample only brackets coverage; violating source timestamp rejects point,deskew call has no NDT input; cloud is published before NDT consumes it; NDT correction can affect only later deskew,NO; structural/code-path evidence is recorded separately
908,1660857483.9667549,1660857484.0675383,1660857483.9667549,PUBLISHED,covered_and_deskewed,26405,26405,1660857482.0708959,1660857484.0707841,0.0050082206726074219,0.02,1.8769432418341705,9.3013950655267301,0.8372374970832791,YES,YES,YES,True,0,0,point-time interpolation uses lower sample; future sample only brackets coverage; violating source timestamp rejects point,deskew call has no NDT input; cloud is published before NDT consumes it; NDT correction can affect only later deskew,NO; structural/code-path evidence is recorded separately
909,1660857484.067559,1660857484.1683984,1660857484.067559,PUBLISHED,covered_and_deskewed,26443,26443,1660857482.1708961,1660857484.170784,0.0050079822540283203,0.02,2.0374992356595234,17.7502030452582,1.4328311311864945,YES,YES,YES,True,0,0,point-time interpolation uses lower sample; future sample only brackets coverage; violating source timestamp rejects point,deskew call has no NDT input; cloud is published before NDT consumes it; NDT correction can affect only later deskew,NO; structural/code-path evidence is recorded separately
910,1660857484.1684189,1660857484.2692583,1660857484.1684189,PUBLISHED,covered_and_deskewed,27458,27458,1660857482.270896,1660857484.2707839,0.0050079822540283203,0.02,1.3304455268899302,5.0933792242494187,0.44418452687431559,YES,YES,YES,True,0,0,point-time interpolation uses lower sample; future sample only brackets coverage; violating source timestamp rejects point,deskew call has no NDT input; cloud is published before NDT consumes it; NDT correction can affect only later deskew,NO; structural/code-path evidence is recorded separately
911,1660857484.269279,1660857484.3701184,1660857484.269279,PUBLISHED,covered_and_deskewed,27897,27897,1660857482.3708961,1660857484.370784,0.0050082206726074219,0.02,1.8870193354314004,6.0105318526918552,0.45837475866498323,YES,YES,YES,True,0,0,point-time interpolation uses lower sample; future sample only brackets coverage; violating source timestamp rejects point,deskew call has no NDT input; cloud is published before NDT consumes it; NDT correction can affect only later deskew,NO; structural/code-path evidence is recorded separately
912,1660857484.3701389,1660857484.4709783,1660857484.3701389,PUBLISHED,covered_and_deskewed,28642,28642,1660857482.475888,1660857484.475776,0.0050079822540283203,0.02,2.1446265890470864,17.662976536310257,0.89129614973880489,YES,YES,YES,True,0,0,point-time interpolation uses lower sample; future sample only brackets coverage; violating source timestamp rejects point,deskew call has no NDT input; cloud is published before NDT consumes it; NDT correction can affect only later deskew,NO; structural/code-path evidence is recorded separately
913,1660857484.470999,1660857484.5718384,1660857484.470999,PUBLISHED,covered_and_deskewed,28805,28805,1660857482.5758879,1660857484.5757761,0.0050082206726074219,0.02,1.4847898880520387,4.8070574805501645,0.29378880464361523,YES,YES,YES,True,0,0,point-time interpolation uses lower sample; future sample only brackets coverage; violating source timestamp rejects point,deskew call has no NDT input; cloud is published before NDT consumes it; NDT correction can affect only later deskew,NO; structural/code-path evidence is recorded separately
914,1660857484.5718589,1660857484.6726983,1660857484.5718589,PUBLISHED,covered_and_deskewed,28877,28877,1660857482.6758881,1660857484.675776,0.0050079822540283203,0.02,1.7984647978458683,6.1651112811744149,0.31098324181075759,YES,YES,YES,True,0,0,point-time interpolation uses lower sample; future sample only brackets coverage; violating source timestamp rejects point,deskew call has no NDT input; cloud is published before NDT consumes it; NDT correction can affect only later deskew,NO; structural/code-path evidence is recorded separately
915,1660857484.672719,1660857484.7735572,1660857484.672719,PUBLISHED,covered_and_deskewed,28827,28827,1660857482.775888,1660857484.7757759,0.0050079822540283203,0.02,1.905424395063176,10.997230933915889,0.60099159510412259,YES,YES,YES,True,0,0,point-time interpolation uses lower sample; future sample only brackets coverage; violating source timestamp rejects point,deskew call has no NDT input; cloud is published before NDT consumes it; NDT correction can affect only later deskew,NO; structural/code-path evidence is recorded separately
916,1660857484.7735789,1660857484.8744173,1660857484.7735789,PUBLISHED,covered_and_deskewed,28777,28777,1660857482.8758881,1660857484.8757761,0.0050082206726074219,0.02,1.2401054138343419,5.6654337846353071,0.29208135495887827,YES,YES,YES,True,0,0,point-time interpolation uses lower sample; future sample only brackets coverage; violating source timestamp rejects point,deskew call has no NDT input; cloud is published before NDT consumes it; NDT correction can affect only later deskew,NO; structural/code-path evidence is recorded separately
917,1660857484.874439,1660857484.9752772,1660857484.874439,PUBLISHED,covered_and_deskewed,28840,28840,1660857482.975888,1660857484.975776,0.0050079822540283203,0.02,1.6053689840058709,6.1346708074545511,0.29422870872579365,YES,YES,YES,True,0,0,point-time interpolation uses lower sample; future sample only brackets coverage; violating source timestamp rejects point,deskew call has no NDT input; cloud is published before NDT consumes it; NDT correction can affect only later deskew,NO; structural/code-path evidence is recorded separately
918,1660857484.9752979,1660857485.0760822,1660857484.9752979,PUBLISHED,covered_and_deskewed,28875,28875,1660857483.080848,1660857485.0807359,0.0050079822540283203,0.02,1.7685875930387991,18.740182896504376,1.0069368757303658,YES,YES,YES,True,0,0,point-time interpolation uses lower sample; future sample only brackets coverage; violating source timestamp rejects point,deskew call has no NDT input; cloud is published before NDT consumes it; NDT correction can affect only later deskew,NO; structural/code-path evidence is recorded separately
919,1660857485.076103,1660857485.1769423,1660857485.076103,PUBLISHED,covered_and_deskewed,28855,28855,1660857483.1808479,1660857485.1807361,0.0050082206726074219,0.02,1.1380643005534838,4.2749291017491684,0.2628461824934088,YES,YES,YES,True,0,0,point-time interpolation uses lower sample; future sample only brackets coverage; violating source timestamp rejects point,deskew call has no NDT input; cloud is published before NDT consumes it; NDT correction can affect only later deskew,NO; structural/code-path evidence is recorded separately
920,1660857485.1769631,1660857485.2778022,1660857485.1769631,PUBLISHED,covered_and_deskewed,28812,28812,1660857483.280848,1660857485.280736,0.0050079822540283203,0.02,1.7327820886826606,6.1563260837577714,0.26245700693868801,YES,YES,YES,True,0,0,point-time interpolation uses lower sample; future sample only brackets coverage; violating source timestamp rejects point,deskew call has no NDT input; cloud is published before NDT consumes it; NDT correction can affect only later deskew,NO; structural/code-path evidence is recorded separately
921,1660857485.277823,1660857485.3786623,1660857485.277823,PUBLISHED,covered_and_deskewed,28838,28838,1660857483.3808479,1660857485.3807361,0.0050082206726074219,0.02,1.960790187917818,8.5645202274165335,0.51889967102113055,YES,YES,YES,True,0,0,point-time interpolation uses lower sample; future sample only brackets coverage; violating source timestamp rejects point,deskew call has no NDT input; cloud is published before NDT consumes it; NDT correction can affect only later deskew,NO; structural/code-path evidence is recorded separately
922,1660857485.3786831,1660857485.4795222,1660857485.3786831,PUBLISHED,covered_and_deskewed,28772,28772,1660857483.4808481,1660857485.480736,0.0050082206726074219,0.02,1.4440694911472332,6.8971752309194923,0.27680093198631378,YES,YES,YES,True,0,0,point-time interpolation uses lower sample; future sample only brackets coverage; violating source timestamp rejects point,deskew call has no NDT input; cloud is published before NDT consumes it; NDT correction can affect only later deskew,NO; structural/code-path evidence is recorded separately
923,1660857485.479543,1660857485.5803823,1660857485.479543,PUBLISHED,covered_and_deskewed,26624,26624,1660857483.580848,1660857485.5807359,0.0050079822540283203,0.02,1.8243156448850792,6.5352689876823487,0.28644790011374671,YES,YES,YES,True,0,0,point-time interpolation uses lower sample; future sample only brackets coverage; violating source timestamp rejects point,deskew call has no NDT input; cloud is published before NDT consumes it; NDT correction can affect only later deskew,NO; structural/code-path evidence is recorded separately
924,1660857485.5804031,1660857485.6812422,1660857485.5804031,PUBLISHED,covered_and_deskewed,23969,23969,1660857483.6858399,1660857485.6857281,0.0050082206726074219,0.02,1.8112338892955511,19.176895035208471,0.94228815964438439,YES,YES,YES,True,0,0,point-time interpolation uses lower sample; future sample only brackets coverage; violating source timestamp rejects point,deskew call has no NDT input; cloud is published before NDT consumes it; NDT correction can affect only later deskew,NO; structural/code-path evidence is recorded separately
925,1660857485.681263,1660857485.7821023,1660857485.681263,PUBLISHED,covered_and_deskewed,23019,23019,1660857483.790848,1660857485.790736,0.0099999904632568359,0.02,1.0444508504749499,5.4858619644239974,0.34356512445920512,YES,YES,YES,True,0,0,point-time interpolation uses lower sample; future sample only brackets coverage; violating source timestamp rejects point,deskew call has no NDT input; cloud is published before NDT consumes it; NDT correction can affect only later deskew,NO; structural/code-path evidence is recorded separately
926,1660857485.7821231,1660857485.8829622,1660857485.7821231,PUBLISHED,covered_and_deskewed,22961,22961,1660857483.8858399,1660857485.8857279,0.0099999904632568359,0.02,1.7551304911864143,6.7266878750272054,0.32239368880180946,YES,YES,YES,True,0,0,point-time interpolation uses lower sample; future sample only brackets coverage; violating source timestamp rejects point,deskew call has no NDT input; cloud is published before NDT consumes it; NDT correction can affect only later deskew,NO; structural/code-path evidence is recorded separately
927,1660857485.882983,1660857485.9824607,1660857485.882983,PUBLISHED,covered_and_deskewed,22933,22933,1660857483.9858401,1660857485.985728,0.0050082206726074219,0.02,1.8813329781795887,13.623522203639086,0.78391540172391205,YES,YES,YES,True,0,0,point-time interpolation uses lower sample; future sample only brackets coverage; violating source timestamp rejects point,deskew call has no NDT input; cloud is published before NDT consumes it; NDT correction can affect only later deskew,NO; structural/code-path evidence is recorded separately
928,1660857485.9838431,1660857486.0807812,1660857485.9838431,PUBLISHED,covered_and_deskewed,23056,23056,1660857484.0857761,1660857486.085664,0.0050079822540283203,0.02,1.3284610936665182,4.7879481309585676,0.23789900769514741,YES,YES,YES,True,0,0,point-time interpolation uses lower sample; future sample only brackets coverage; violating source timestamp rejects point,deskew call has no NDT input; cloud is published before NDT consumes it; NDT correction can affect only later deskew,NO; structural/code-path evidence is recorded separately
929,1660857486.0846469,1660857486.183429,1660857486.0846469,PUBLISHED,covered_and_deskewed,23794,23794,1660857484.185776,1660857486.1856639,0.0050079822540283203,0.02,1.8639607203932662,6.6994195348205174,0.23388327056120367,YES,YES,YES,True,0,0,point-time interpolation uses lower sample; future sample only brackets coverage; violating source timestamp rejects point,deskew call has no NDT input; cloud is published before NDT consumes it; NDT correction can affect only later deskew,NO; structural/code-path evidence is recorded separately
930,1660857486.1855071,1660857486.2863462,1660857486.1855071,PUBLISHED,covered_and_deskewed,23982,23982,1660857484.2907839,1660857486.2906721,0.0050082206726074219,0.02,2.0173352551921737,14.065145522476579,0.60384835660496772,YES,YES,YES,True,0,0,point-time interpolation uses lower sample; future sample only brackets coverage; violating source timestamp rejects point,deskew call has no NDT input; cloud is published before NDT consumes it; NDT correction can affect only later deskew,NO; structural/code-path evidence is recorded separately
931,1660857486.2863669,1660857486.3872063,1660857486.2863669,PUBLISHED,covered_and_deskewed,25237,25237,1660857484.390784,1660857486.390672,0.0050079822540283203,0.02,1.2842444912682449,4.9678197448437942,0.29712207448272876,YES,YES,YES,True,0,0,point-time interpolation uses lower sample; future sample only brackets coverage; violating source timestamp rejects point,deskew call has no NDT input; cloud is published before NDT consumes it; NDT correction can affect only later deskew,NO; structural/code-path evidence is recorded separately
932,1660857486.3872271,1660857486.4880662,1660857486.3872271,PUBLISHED,covered_and_deskewed,25990,25990,1660857484.4907839,1660857486.4906721,0.0050082206726074219,0.02,1.6827563844350144,7.6344554588635045,0.2946727817890773,YES,YES,YES,True,0,0,point-time interpolation uses lower sample; future sample only brackets coverage; violating source timestamp rejects point,deskew call has no NDT input; cloud is published before NDT consumes it; NDT correction can affect only later deskew,NO; structural/code-path evidence is recorded separately
933,1660857486.4880869,1660857486.5889263,1660857486.4880869,PUBLISHED,covered_and_deskewed,28005,28005,1660857484.5907841,1660857486.590672,0.0050082206726074219,0.02,1.6828488795580572,17.462827070808874,1.0017719358653121,YES,YES,YES,True,0,0,point-time interpolation uses lower sample; future sample only brackets coverage; violating source timestamp rejects point,deskew call has no NDT input; cloud is published before NDT consumes it; NDT correction can affect only later deskew,NO; structural/code-path evidence is recorded separately
934,1660857486.5889471,1660857486.6897862,1660857486.5889471,PUBLISHED,covered_and_deskewed,28859,28859,1660857484.690784,1660857486.6906719,0.0050079822540283203,0.02,1.0847513665562807,4.7711281251985325,0.37119588978879631,YES,YES,YES,True,0,0,point-time interpolation uses lower sample; future sample only brackets coverage; violating source timestamp rejects point,deskew call has no NDT input; cloud is published before NDT consumes it; NDT correction can affect only later deskew,NO; structural/code-path evidence is recorded separately
935,1660857486.6898069,1660857486.7906454,1660857486.6898069,PUBLISHED,covered_and_deskewed,28872,28872,1660857484.7907839,1660857486.7906721,0.0050082206726074219,0.02,1.717050423048158,6.7169368352643328,0.24011665458320045,YES,YES,YES,True,0,0,point-time interpolation uses lower sample; future sample only brackets coverage; violating source timestamp rejects point,deskew call has no NDT input; cloud is published before NDT consumes it; NDT correction can affect only later deskew,NO; structural/code-path evidence is recorded separately
936,1660857486.7906671,1660857486.8915052,1660857486.7906671,PUBLISHED,covered_and_deskewed,28885,28885,1660857484.895776,1660857486.895664,0.0050079822540283203,0.02,1.7995140081463576,13.919175913152607,0.64057380809116904,YES,YES,YES,True,0,0,point-time interpolation uses lower sample; future sample only brackets coverage; violating source timestamp rejects point,deskew call has no NDT input; cloud is published before NDT consumes it; NDT correction can affect only later deskew,NO; structural/code-path evidence is recorded separately
937,1660857486.8915269,1660857486.9923654,1660857486.8915269,PUBLISHED,covered_and_deskewed,28871,28871,1660857484.9957759,1660857486.9956639,0.0050082206726074219,0.02,1.2912600675587105,5.2403435509915717,0.29188696728167923,YES,YES,YES,True,0,0,point-time interpolation uses lower sample; future sample only brackets coverage; violating source timestamp rejects point,deskew call has no NDT input; cloud is published before NDT consumes it; NDT correction can affect only later deskew,NO; structural/code-path evidence is recorded separately
938,1660857486.9923871,1660857487.0931692,1660857486.9923871,PUBLISHED,covered_and_deskewed,28939,28939,1660857485.0957279,1660857487.0956161,0.0050082206726074219,0.02,1.890515696446486,6.3014693357343807,0.27568720041156253,YES,YES,YES,True,0,0,point-time interpolation uses lower sample; future sample only brackets coverage; violating source timestamp rejects point,deskew call has no NDT input; cloud is published before NDT consumes it; NDT correction can affect only later deskew,NO; structural/code-path evidence is recorded separately
939,1660857487.09319,1660857487.1940293,1660857487.09319,PUBLISHED,covered_and_deskewed,28914,28914,1660857485.1957281,1660857487.195616,0.0050079822540283203,0.02,1.9082813758141277,16.029194349567977,0.84723993215051818,YES,YES,YES,True,0,0,point-time interpolation uses lower sample; future sample only brackets coverage; violating source timestamp rejects point,deskew call has no NDT input; cloud is published before NDT consumes it; NDT correction can affect only later deskew,NO; structural/code-path evidence is recorded separately
940,1660857487.1940501,1660857487.2948892,1660857487.1940501,PUBLISHED,covered_and_deskewed,28929,28929,1660857485.295728,1660857487.2956159,0.0050079822540283203,0.02,1.2645510690421664,5.453515204867057,0.40113054172113299,YES,YES,YES,True,0,0,point-time interpolation uses lower sample; future sample only brackets coverage; violating source timestamp rejects point,deskew call has no NDT input; cloud is published before NDT consumes it; NDT correction can affect only later deskew,NO; structural/code-path evidence is recorded separately
941,1660857487.29491,1660857487.3957493,1660857487.29491,PUBLISHED,covered_and_deskewed,28964,28964,1660857485.4007361,1660857487.400624,0.0050082206726074219,0.02,1.8887071608801669,11.301973460801248,0.35532907904550187,YES,YES,YES,True,0,0,point-time interpolation uses lower sample; future sample only brackets coverage; violating source timestamp rejects point,deskew call has no NDT input; cloud is published before NDT consumes it; NDT correction can affect only later deskew,NO; structural/code-path evidence is recorded separately
942,1660857487.3957701,1660857487.4966092,1660857487.3957701,PUBLISHED,covered_and_deskewed,28987,28987,1660857485.500736,1660857487.5006239,0.0050079822540283203,0.02,1.9044133991317045,14.789254627743306,0.69118329678941648,YES,YES,YES,True,0,0,point-time interpolation uses lower sample; future sample only brackets coverage; violating source timestamp rejects point,deskew call has no NDT input; cloud is published before NDT consumes it; NDT correction can affect only later deskew,NO; structural/code-path evidence is recorded separately
943,1660857487.49663,1660857487.5974693,1660857487.49663,PUBLISHED,covered_and_deskewed,28965,28965,1660857485.6007359,1660857487.6006241,0.0050082206726074219,0.02,1.2803962735377679,5.3377062784283069,0.27847690608423004,YES,YES,YES,True,0,0,point-time interpolation uses lower sample; future sample only brackets coverage; violating source timestamp rejects point,deskew call has no NDT input; cloud is published before NDT consumes it; NDT correction can affect only later deskew,NO; structural/code-path evidence is recorded separately
944,1660857487.5974901,1660857487.6983292,1660857487.5974901,PUBLISHED,covered_and_deskewed,28957,28957,1660857485.700736,1660857487.700624,0.0050079822540283203,0.02,1.8284930232004224,7.3822558135426108,0.30370226323461041,YES,YES,YES,True,0,0,point-time interpolation uses lower sample; future sample only brackets coverage; violating source timestamp rejects point,deskew call has no NDT input; cloud is published before NDT consumes it; NDT correction can affect only later deskew,NO; structural/code-path evidence is recorded separately
945,1660857487.69835,1660857487.7991893,1660857487.69835,PUBLISHED,covered_and_deskewed,28938,28938,1660857485.800736,1660857487.8006239,0.0050079822540283203,0.02,1.7719927268577953,16.280148914293001,1.0072161562528039,YES,YES,YES,True,0,0,point-time interpolation uses lower sample; future sample only brackets coverage; violating source timestamp rejects point,deskew call has no NDT input; cloud is published before NDT consumes it; NDT correction can affect only later deskew,NO; structural/code-path evidence is recorded separately
946,1660857487.7992101,1660857487.9000492,1660857487.7992101,PUBLISHED,covered_and_deskewed,28930,28930,1660857485.9057281,1660857487.905616,0.0099999904632568359,0.02,1.2218228046719302,5.4394263202185362,0.37302998782106639,YES,YES,YES,True,0,0,point-time interpolation uses lower sample; future sample only brackets coverage; violating source timestamp rejects point,deskew call has no NDT input; cloud is published before NDT consumes it; NDT correction can affect only later deskew,NO; structural/code-path evidence is recorded separately
947,1660857487.90007,1660857488.0009093,1660857487.90007,PUBLISHED,covered_and_deskewed,28904,28904,1660857486.0056641,1660857488.0055521,0.0099999904632568359,0.02,1.864134439422809,10.930625712731842,0.44509747322757848,YES,YES,YES,True,0,0,point-time interpolation uses lower sample; future sample only brackets coverage; violating source timestamp rejects point,deskew call has no NDT input; cloud is published before NDT consumes it; NDT correction can affect only later deskew,NO; structural/code-path evidence is recorded separately
948,1660857488.000874,1660857488.1017132,1660857488.000874,PUBLISHED,covered_and_deskewed,28887,28887,1660857486.105664,1660857488.105552,0.0050079822540283203,0.02,1.8396041763791662,13.507555790573372,0.78555371307833155,YES,YES,YES,True,0,0,point-time interpolation uses lower sample; future sample only brackets coverage; violating source timestamp rejects point,deskew call has no NDT input; cloud is published before NDT consumes it; NDT correction can affect only later deskew,NO; structural/code-path evidence is recorded separately
949,1660857488.1017339,1660857488.2025733,1660857488.1017339,PUBLISHED,covered_and_deskewed,28846,28846,1660857486.2056639,1660857488.2055521,0.0050082206726074219,0.02,1.2665594655148209,5.3928273825368382,0.29876247173350262,YES,YES,YES,True,0,0,point-time interpolation uses lower sample; future sample only brackets coverage; violating source timestamp rejects point,deskew call has no NDT input; cloud is published before NDT consumes it; NDT correction can affect only later deskew,NO; structural/code-path evidence is recorded separately
950,1660857488.202594,1660857488.3034332,1660857488.202594,PUBLISHED,covered_and_deskewed,28819,28819,1660857486.3056641,1660857488.305552,0.0050079822540283203,0.02,1.8693307858582255,8.1859662502384349,0.32032983197593518,YES,YES,YES,True,0,0,point-time interpolation uses lower sample; future sample only brackets coverage; violating source timestamp rejects point,deskew call has no NDT input; cloud is published before NDT consumes it; NDT correction can affect only later deskew,NO; structural/code-path evidence is recorded separately
951,1660857488.3034539,1660857488.4042933,1660857488.3034539,PUBLISHED,covered_and_deskewed,28881,28881,1660857486.405664,1660857488.4055519,0.0050079822540283203,0.02,1.8916112750069127,14.478332997263509,0.98390602796711524,YES,YES,YES,True,0,0,point-time interpolation uses lower sample; future sample only brackets coverage; violating source timestamp rejects point,deskew call has no NDT input; cloud is published before NDT consumes it; NDT correction can affect only later deskew,NO; structural/code-path evidence is recorded separately
952,1660857488.404314,1660857488.5051532,1660857488.404314,PUBLISHED,covered_and_deskewed,28806,28806,1660857486.5056641,1660857488.5055521,0.015008211135864258,0.02,1.3461777031813367,5.5627988146325569,0.30954716511338737,YES,YES,YES,True,0,0,point-time interpolation uses lower sample; future sample only brackets coverage; violating source timestamp rejects point,deskew call has no NDT input; cloud is published before NDT consumes it; NDT correction can affect only later deskew,NO; structural/code-path evidence is recorded separately
953,1660857488.5051739,1660857488.6060133,1660857488.5051739,PUBLISHED,covered_and_deskewed,28829,28829,1660857486.610672,1660857488.6105599,0.0050079822540283203,0.02,1.9793979010006559,12.331215076031659,0.52134650204243926,YES,YES,YES,True,0,0,point-time interpolation uses lower sample; future sample only brackets coverage; violating source timestamp rejects point,deskew call has no NDT input; cloud is published before NDT consumes it; NDT correction can affect only later deskew,NO; structural/code-path evidence is recorded separately
954,1660857488.606034,1660857488.7068732,1660857488.606034,PUBLISHED,covered_and_deskewed,28828,28828,1660857486.7106719,1660857488.7105601,0.0050082206726074219,0.02,1.8427077821990299,13.799332548600914,0.78974254777930331,YES,YES,YES,True,0,0,point-time interpolation uses lower sample; future sample only brackets coverage; violating source timestamp rejects point,deskew call has no NDT input; cloud is published before NDT consumes it; NDT correction can affect only later deskew,NO; structural/code-path evidence is recorded separately
955,1660857488.7068939,1660857488.8077333,1660857488.7068939,PUBLISHED,covered_and_deskewed,28801,28801,1660857486.810672,1660857488.81056,0.0050079822540283203,0.02,1.242359485910401,5.2613949905252371,0.28339618792846438,YES,YES,YES,True,0,0,point-time interpolation uses lower sample; future sample only brackets coverage; violating source timestamp rejects point,deskew call has no NDT input; cloud is published before NDT consumes it; NDT correction can affect only later deskew,NO; structural/code-path evidence is recorded separately
956,1660857488.807754,1660857488.9085932,1660857488.807754,PUBLISHED,covered_and_deskewed,28778,28778,1660857486.9106719,1660857488.9105599,0.0050079822540283203,0.02,1.7917340995723192,10.570989939297954,0.35881555499885948,YES,YES,YES,True,0,0,point-time interpolation uses lower sample; future sample only brackets coverage; violating source timestamp rejects point,deskew call has no NDT input; cloud is published before NDT consumes it; NDT correction can affect only later deskew,NO; structural/code-path evidence is recorded separately
957,1660857488.9086139,1660857489.0093982,1660857488.9086139,PUBLISHED,covered_and_deskewed,28841,28841,1660857487.0106239,1660857489.0105121,0.0050082206726074219,0.02,1.7061882423442114,15.196416166777137,1.0910487489417269,YES,YES,YES,True,0,0,point-time interpolation uses lower sample; future sample only brackets coverage; violating source timestamp rejects point,deskew call has no NDT input; cloud is published before NDT consumes it; NDT correction can affect only later deskew,NO; structural/code-path evidence is recorded separately
958,1660857489.009419,1660857489.1102574,1660857489.009419,PUBLISHED,covered_and_deskewed,28842,28842,1660857487.1106241,1660857489.110512,0.0050082206726074219,0.02,1.2775794614107852,5.6430319187659599,0.33353073881290296,YES,YES,YES,True,0,0,point-time interpolation uses lower sample; future sample only brackets coverage; violating source timestamp rejects point,deskew call has no NDT input; cloud is published before NDT consumes it; NDT correction can affect only later deskew,NO; structural/code-path evidence is recorded separately
959,1660857489.1102791,1660857489.2111173,1660857489.1102791,PUBLISHED,covered_and_deskewed,28856,28856,1660857487.215616,1660857489.2155039,0.0050079822540283203,0.02,1.8099991647201885,10.36846274926936,0.8285869177563232,YES,YES,YES,True,0,0,point-time interpolation uses lower sample; future sample only brackets coverage; violating source timestamp rejects point,deskew call has no NDT input; cloud is published before NDT consumes it; NDT correction can affect only later deskew,NO; structural/code-path evidence is recorded separately
960,1660857489.211139,1660857489.3119774,1660857489.211139,PUBLISHED,covered_and_deskewed,28892,28892,1660857487.3156159,1660857489.3155041,0.0050082206726074219,0.02,1.7599828798478667,10.536140177346175,1.0787025722929191,YES,YES,YES,True,0,0,point-time interpolation uses lower sample; future sample only brackets coverage; violating source timestamp rejects point,deskew call has no NDT input; cloud is published before NDT consumes it; NDT correction can affect only later deskew,NO; structural/code-path evidence is recorded separately
961,1660857489.3119979,1660857489.4128373,1660857489.3119979,PUBLISHED,covered_and_deskewed,28872,28872,1660857487.415616,1660857489.415504,0.0050079822540283203,0.02,1.4212955037098671,5.4462519542581447,1.0604303484467033,YES,YES,YES,True,0,0,point-time interpolation uses lower sample; future sample only brackets coverage; violating source timestamp rejects point,deskew call has no NDT input; cloud is published before NDT consumes it; NDT correction can affect only later deskew,NO; structural/code-path evidence is recorded separately
962,1660857489.412858,1660857489.5136974,1660857489.412858,PUBLISHED,covered_and_deskewed,28798,28798,1660857487.5156159,1660857489.5155039,0.0050082206726074219,0.02,1.902614687109925,16.257025316929901,1.0433115032063214,YES,YES,YES,True,0,0,point-time interpolation uses lower sample; future sample only brackets coverage; violating source timestamp rejects point,deskew call has no NDT input; cloud is published before NDT consumes it; NDT correction can affect only later deskew,NO; structural/code-path evidence is recorded separately
963,1660857489.5137179,1660857489.6145573,1660857489.5137179,PUBLISHED,covered_and_deskewed,28845,28845,1660857487.6156161,1660857489.615504,0.0050082206726074219,0.02,1.7684891931117293,22.752589217178333,1.1913678500368647,YES,YES,YES,True,0,0,point-time interpolation uses lower sample; future sample only brackets coverage; violating source timestamp rejects point,deskew call has no NDT input; cloud is published before NDT consumes it; NDT correction can affect only later deskew,NO; structural/code-path evidence is recorded separately
964,1660857489.614578,1660857489.7154174,1660857489.614578,PUBLISHED,covered_and_deskewed,28758,28758,1660857487.715616,1660857489.7155039,0.0050079822540283203,0.02,1.2591143712478436,5.736398427919589,1.1705454608149954,YES,YES,YES,True,0,0,point-time interpolation uses lower sample; future sample only brackets coverage; violating source timestamp rejects point,deskew call has no NDT input; cloud is published before NDT consumes it; NDT correction can affect only later deskew,NO; structural/code-path evidence is recorded separately
965,1660857489.7154379,1660857489.8162773,1660857489.7154379,PUBLISHED,covered_and_deskewed,28788,28788,1660857487.8206241,1660857489.8205121,0.0099999904632568359,0.02,1.9764966885319584,22.017787943155337,1.308815710878005,YES,YES,YES,True,0,0,point-time interpolation uses lower sample; future sample only brackets coverage; violating source timestamp rejects point,deskew call has no NDT input; cloud is published before NDT consumes it; NDT correction can affect only later deskew,NO; structural/code-path evidence is recorded separately
966,1660857489.816298,1660857489.9171374,1660857489.816298,PUBLISHED,covered_and_deskewed,28710,28710,1660857487.920624,1660857489.920512,0.0050079822540283203,0.02,1.8017736814579834,21.970714291820283,1.3580258020594858,YES,YES,YES,True,0,0,point-time interpolation uses lower sample; future sample only brackets coverage; violating source timestamp rejects point,deskew call has no NDT input; cloud is published before NDT consumes it; NDT correction can affect only later deskew,NO; structural/code-path evidence is recorded separately
967,1660857489.9171579,1660857490.0179391,1660857489.9171579,PUBLISHED,covered_and_deskewed,28597,28597,1660857488.02056,1660857490.0204639,0.0050079822540283203,0.02,1.2881206441161015,6.0688010718314862,1.1612377549046533,YES,YES,YES,True,0,0,point-time interpolation uses lower sample; future sample only brackets coverage; violating source timestamp rejects point,deskew call has no NDT input; cloud is published before NDT consumes it; NDT correction can affect only later deskew,NO; structural/code-path evidence is recorded separately
968,1660857490.017962,1660857490.1188014,1660857490.017962,PUBLISHED,covered_and_deskewed,28635,28635,1660857488.1205599,1660857490.1204641,0.0050082206726074219,0.02,1.8121330504239921,15.315309119111484,1.111024527259233,YES,YES,YES,True,0,0,point-time interpolation uses lower sample; future sample only brackets coverage; violating source timestamp rejects point,deskew call has no NDT input; cloud is published before NDT consumes it; NDT correction can affect only later deskew,NO; structural/code-path evidence is recorded separately
969,1660857490.1188221,1660857490.2196612,1660857490.1188221,PUBLISHED,covered_and_deskewed,28619,28619,1660857488.2205601,1660857490.220464,0.0050079822540283203,0.02,1.76513463591161,16.847050235096162,1.1477403955551628,YES,YES,YES,True,0,0,point-time interpolation uses lower sample; future sample only brackets coverage; violating source timestamp rejects point,deskew call has no NDT input; cloud is published before NDT consumes it; NDT correction can affect only later deskew,NO; structural/code-path evidence is recorded separately
970,1660857490.219682,1660857490.3205214,1660857490.219682,PUBLISHED,covered_and_deskewed,28640,28640,1660857488.325552,1660857490.3254559,0.0050079822540283203,0.02,1.2863964478131622,9.2999173051202799,1.3723066103053487,YES,YES,YES,True,0,0,point-time interpolation uses lower sample; future sample only brackets coverage; violating source timestamp rejects point,deskew call has no NDT input; cloud is published before NDT consumes it; NDT correction can affect only later deskew,NO; structural/code-path evidence is recorded separately
971,1660857490.3205421,1660857490.4213812,1660857490.3205421,PUBLISHED,covered_and_deskewed,28579,28579,1660857488.4255519,1660857490.425456,0.0050082206726074219,0.02,1.3207776069339257,16.013050268388149,1.3109261511657317,YES,YES,YES,True,0,0,point-time interpolation uses lower sample; future sample only brackets coverage; violating source timestamp rejects point,deskew call has no NDT input; cloud is published before NDT consumes it; NDT correction can affect only later deskew,NO; structural/code-path evidence is recorded separately
972,1660857490.421402,1660857490.5222414,1660857490.421402,PUBLISHED,covered_and_deskewed,28641,28641,1660857488.525552,1660857490.525456,0.0050079822540283203,0.02,1.2460819994521712,24.18247964320366,1.1581461286640096,YES,YES,YES,True,0,0,point-time interpolation uses lower sample; future sample only brackets coverage; violating source timestamp rejects point,deskew call has no NDT input; cloud is published before NDT consumes it; NDT correction can affect only later deskew,NO; structural/code-path evidence is recorded separately
973,1660857490.5222621,1660857490.6231012,1660857490.5222621,PUBLISHED,covered_and_deskewed,28608,28608,1660857488.6255519,1660857490.6254561,0.0050082206726074219,0.02,1.0766429690023789,4.8733813250742806,1.1720995170914583,YES,YES,YES,True,0,0,point-time interpolation uses lower sample; future sample only brackets coverage; violating source timestamp rejects point,deskew call has no NDT input; cloud is published before NDT consumes it; NDT correction can affect only later deskew,NO; structural/code-path evidence is recorded separately
974,1660857490.623122,1660857490.7239614,1660857490.623122,PUBLISHED,covered_and_deskewed,28641,28641,1660857488.7255521,1660857490.725456,0.0050079822540283203,0.02,1.6558565620300634,9.6429659249996842,1.1412748791712786,YES,YES,YES,True,0,0,point-time interpolation uses lower sample; future sample only brackets coverage; violating source timestamp rejects point,deskew call has no NDT input; cloud is published before NDT consumes it; NDT correction can affect only later deskew,NO; structural/code-path evidence is recorded separately
975,1660857490.7239821,1660857490.8248212,1660857490.7239821,PUBLISHED,covered_and_deskewed,28638,28638,1660857488.825552,1660857490.8254559,0.0050079822540283203,0.02,1.9375883353378551,11.616977859461914,1.2416621585541721,YES,YES,YES,True,0,0,point-time interpolation uses lower sample; future sample only brackets coverage; violating source timestamp rejects point,deskew call has no NDT input; cloud is published before NDT consumes it; NDT correction can affect only later deskew,NO; structural/code-path evidence is recorded separately
976,1660857490.824842,1660857490.9256814,1660857490.824842,PUBLISHED,covered_and_deskewed,28708,28708,1660857488.9305601,1660857490.930464,0.015007972717285156,0.02,1.3008716398869367,8.3783227324001235,1.2416621585541721,YES,YES,YES,True,0,0,point-time interpolation uses lower sample; future sample only brackets coverage; violating source timestamp rejects point,deskew call has no NDT input; cloud is published before NDT consumes it; NDT correction can affect only later deskew,NO; structural/code-path evidence is recorded separately
977,1660857490.9257021,1660857491.0264852,1660857490.9257021,PUBLISHED,covered_and_deskewed,28620,28620,1660857489.0305121,1660857491.0304,0.0050079822540283203,0.02,1.0639596601057393,16.373684659529239,0.87283702934275653,YES,YES,YES,True,0,0,point-time interpolation uses lower sample; future sample only brackets coverage; violating source timestamp rejects point,deskew call has no NDT input; cloud is published before NDT consumes it; NDT correction can affect only later deskew,NO; structural/code-path evidence is recorded separately
978,1660857491.0265059,1660857491.1273453,1660857491.0265059,PUBLISHED,covered_and_deskewed,28601,28601,1660857489.130512,1660857491.1303999,0.0050079822540283203,0.02,0.96387020743305052,16.306872795919663,0.74094075710211493,YES,YES,YES,True,0,0,point-time interpolation uses lower sample; future sample only brackets coverage; violating source timestamp rejects point,deskew call has no NDT input; cloud is published before NDT consumes it; NDT correction can affect only later deskew,NO; structural/code-path evidence is recorded separately
979,1660857491.1273661,1660857491.2282043,1660857491.1273661,PUBLISHED,covered_and_deskewed,28607,28607,1660857489.2305119,1660857491.2304001,0.0050082206726074219,0.02,1.0143410519582114,5.8316303398624925,0.39106864709239453,YES,YES,YES,True,0,0,point-time interpolation uses lower sample; future sample only brackets coverage; violating source timestamp rejects point,deskew call has no NDT input; cloud is published before NDT consumes it; NDT correction can affect only later deskew,NO; structural/code-path evidence is recorded separately
980,1660857491.2282259,1660857491.3290644,1660857491.2282259,PUBLISHED,covered_and_deskewed,28614,28614,1660857489.330512,1660857491.3304,0.0099999904632568359,0.02,1.1813879742546325,14.421844939644645,0.65270118888670492,YES,YES,YES,True,0,0,point-time interpolation uses lower sample; future sample only brackets coverage; violating source timestamp rejects point,deskew call has no NDT input; cloud is published before NDT consumes it; NDT correction can affect only later deskew,NO; structural/code-path evidence is recorded separately
981,1660857491.3290861,1660857491.4299242,1660857491.3290861,PUBLISHED,covered_and_deskewed,28616,28616,1660857489.430512,1660857491.4303999,0.0099999904632568359,0.02,0.93659523874950346,14.443353834569404,0.76592092179413318,YES,YES,YES,True,0,0,point-time interpolation uses lower sample; future sample only brackets coverage; violating source timestamp rejects point,deskew call has no NDT input; cloud is published before NDT consumes it; NDT correction can affect only later deskew,NO; structural/code-path evidence is recorded separately
982,1660857491.429945,1660857491.5307844,1660857491.429945,PUBLISHED,covered_and_deskewed,28668,28668,1660857489.5355041,1660857491.535392,0.0050082206726074219,0.02,0.39113838350167635,5.3350760394044245,0.31953408185467719,YES,YES,YES,True,0,0,point-time interpolation uses lower sample; future sample only brackets coverage; violating source timestamp rejects point,deskew call has no NDT input; cloud is published before NDT consumes it; NDT correction can affect only later deskew,NO; structural/code-path evidence is recorded separately
983,1660857491.5308051,1660857491.6316442,1660857491.5308051,PUBLISHED,covered_and_deskewed,28666,28666,1660857489.635504,1660857491.635392,0.0050079822540283203,0.02,1.0715995615100939,12.866564068356194,0.63964011628498285,YES,YES,YES,True,0,0,point-time interpolation uses lower sample; future sample only brackets coverage; violating source timestamp rejects point,deskew call has no NDT input; cloud is published before NDT consumes it; NDT correction can affect only later deskew,NO; structural/code-path evidence is recorded separately
984,1660857491.631665,1660857491.7325044,1660857491.631665,PUBLISHED,covered_and_deskewed,28650,28650,1660857489.7355039,1660857491.7353921,0.0050082206726074219,0.02,1.1828265724068943,12.689550346271664,0.63229822315215689,YES,YES,YES,True,0,0,point-time interpolation uses lower sample; future sample only brackets coverage; violating source timestamp rejects point,deskew call has no NDT input; cloud is published before NDT consumes it; NDT correction can affect only later deskew,NO; structural/code-path evidence is recorded separately
985,1660857491.7325251,1660857491.8333642,1660857491.7325251,PUBLISHED,covered_and_deskewed,28686,28686,1660857489.8355041,1660857491.835392,0.0050079822540283203,0.02,0.89431664919068588,5.5169874280357769,0.29884732022661098,YES,YES,YES,True,0,0,point-time interpolation uses lower sample; future sample only brackets coverage; violating source timestamp rejects point,deskew call has no NDT input; cloud is published before NDT consumes it; NDT correction can affect only later deskew,NO; structural/code-path evidence is recorded separately
986,1660857491.833385,1660857491.9342244,1660857491.833385,PUBLISHED,covered_and_deskewed,28728,28728,1660857489.935504,1660857491.9353919,0.0050079822540283203,0.02,1.3611988164362847,6.9850982241433828,0.16524382296230247,YES,YES,YES,True,0,0,point-time interpolation uses lower sample; future sample only brackets coverage; violating source timestamp rejects point,deskew call has no NDT input; cloud is published before NDT consumes it; NDT correction can affect only later deskew,NO; structural/code-path evidence is recorded separately
987,1660857491.9342451,1660857492.0350294,1660857491.9342451,PUBLISHED,covered_and_deskewed,28674,28674,1660857490.0354559,1660857492.0353439,0.0050082206726074219,0.02,1.2584250447684293,12.119676409085328,0.85911802512376456,YES,YES,YES,True,0,0,point-time interpolation uses lower sample; future sample only brackets coverage; violating source timestamp rejects point,deskew call has no NDT input; cloud is published before NDT consumes it; NDT correction can affect only later deskew,NO; structural/code-path evidence is recorded separately
988,1660857492.0350499,1660857492.1358893,1660857492.0350499,PUBLISHED,covered_and_deskewed,28745,28745,1660857490.1404641,1660857492.140352,0.0050082206726074219,0.02,1.763051735852206,6.496616622182616,0.42801035825979866,YES,YES,YES,True,0,0,point-time interpolation uses lower sample; future sample only brackets coverage; violating source timestamp rejects point,deskew call has no NDT input; cloud is published before NDT consumes it; NDT correction can affect only later deskew,NO; structural/code-path evidence is recorded separately
989,1660857492.13591,1660857492.2367494,1660857492.13591,PUBLISHED,covered_and_deskewed,28721,28721,1660857490.240464,1660857492.2403519,0.0050079822540283203,0.02,1.2574547518274641,9.9918401915964523,0.64500045335221967,YES,YES,YES,True,0,0,point-time interpolation uses lower sample; future sample only brackets coverage; violating source timestamp rejects point,deskew call has no NDT input; cloud is published before NDT consumes it; NDT correction can affect only later deskew,NO; structural/code-path evidence is recorded separately
990,1660857492.2367699,1660857492.3376093,1660857492.2367699,PUBLISHED,covered_and_deskewed,28752,28752,1660857490.3404641,1660857492.3403521,0.010000228881835938,0.02,0.83583939063469859,17.223591926506806,0.74363545864643632,YES,YES,YES,True,0,0,point-time interpolation uses lower sample; future sample only brackets coverage; violating source timestamp rejects point,deskew call has no NDT input; cloud is published before NDT consumes it; NDT correction can affect only later deskew,NO; structural/code-path evidence is recorded separately
991,1660857492.33763,1660857492.4384694,1660857492.33763,PUBLISHED,covered_and_deskewed,28758,28758,1660857490.440464,1660857492.440352,0.0050079822540283203,0.02,1.0894757733695841,6.1414688263074417,0.36879611455187511,YES,YES,YES,True,0,0,point-time interpolation uses lower sample; future sample only brackets coverage; violating source timestamp rejects point,deskew call has no NDT input; cloud is published before NDT consumes it; NDT correction can affect only later deskew,NO; structural/code-path evidence is recorded separately
992,1660857492.4384899,1660857492.5393293,1660857492.4384899,PUBLISHED,covered_and_deskewed,28697,28697,1660857490.5404639,1660857492.5403521,0.0050082206726074219,0.02,1.7772216903094926,15.472688500596476,0.93771834786805164,YES,YES,YES,True,0,0,point-time interpolation uses lower sample; future sample only brackets coverage; violating source timestamp rejects point,deskew call has no NDT input; cloud is published before NDT consumes it; NDT correction can affect only later deskew,NO; structural/code-path evidence is recorded separately
993,1660857492.53935,1660857492.6401894,1660857492.53935,PUBLISHED,covered_and_deskewed,28769,28769,1660857490.6404641,1660857492.640352,0.0050082206726074219,0.02,1.5774283986349504,18.950354248364171,1.3445922765851845,YES,YES,YES,True,0,0,point-time interpolation uses lower sample; future sample only brackets coverage; violating source timestamp rejects point,deskew call has no NDT input; cloud is published before NDT consumes it; NDT correction can affect only later deskew,NO; structural/code-path evidence is recorded separately
994,1660857492.6402099,1660857492.7410493,1660857492.6402099,PUBLISHED,covered_and_deskewed,28752,28752,1660857490.745456,1660857492.7453439,0.0050079822540283203,0.02,1.2168056729730767,5.2615287031918054,0.34580906622674346,YES,YES,YES,True,0,0,point-time interpolation uses lower sample; future sample only brackets coverage; violating source timestamp rejects point,deskew call has no NDT input; cloud is published before NDT consumes it; NDT correction can affect only later deskew,NO; structural/code-path evidence is recorded separately
995,1660857492.74107,1660857492.8419094,1660857492.74107,PUBLISHED,covered_and_deskewed,28770,28770,1660857490.8454559,1660857492.8453441,0.0050082206726074219,0.02,1.8723946531253037,11.775230003740825,0.44238257599011022,YES,YES,YES,True,0,0,point-time interpolation uses lower sample; future sample only brackets coverage; violating source timestamp rejects point,deskew call has no NDT input; cloud is published before NDT consumes it; NDT correction can affect only later deskew,NO; structural/code-path evidence is recorded separately
996,1660857492.8419299,1660857492.9427693,1660857492.8419299,PUBLISHED,covered_and_deskewed,28776,28776,1660857490.945456,1660857492.945344,0.0099999904632568359,0.02,1.7077037436617861,12.278425634332912,0.7759508882814723,YES,YES,YES,True,0,0,point-time interpolation uses lower sample; future sample only brackets coverage; violating source timestamp rejects point,deskew call has no NDT input; cloud is published before NDT consumes it; NDT correction can affect only later deskew,NO; structural/code-path evidence is recorded separately
997,1660857492.94279,1660857493.0435734,1660857492.94279,PUBLISHED,covered_and_deskewed,28735,28735,1660857491.045392,1660857493.04528,0.0050079822540283203,0.02,1.4143817106289653,5.562204811065758,0.32417691062184795,YES,YES,YES,True,0,0,point-time interpolation uses lower sample; future sample only brackets coverage; violating source timestamp rejects point,deskew call has no NDT input; cloud is published before NDT consumes it; NDT correction can affect only later deskew,NO; structural/code-path evidence is recorded separately
998,1660857493.0435939,1660857493.1444333,1660857493.0435939,PUBLISHED,covered_and_deskewed,28690,28690,1660857491.1453919,1660857493.1452799,0.0050082206726074219,0.02,1.9546629004407881,20.387753346091994,1.7843122024911753,YES,YES,YES,True,0,0,point-time interpolation uses lower sample; future sample only brackets coverage; violating source timestamp rejects point,deskew call has no NDT input; cloud is published before NDT consumes it; NDT correction can affect only later deskew,NO; structural/code-path evidence is recorded separately
999,1660857493.144454,1660857493.2452934,1660857493.144454,PUBLISHED,covered_and_deskewed,28729,28729,1660857491.2504001,1660857493.250288,0.0050082206726074219,0.02,1.7575676143017822,19.738917086214496,1.7843122024911753,YES,YES,YES,True,0,0,point-time interpolation uses lower sample; future sample only brackets coverage; violating source timestamp rejects point,deskew call has no NDT input; cloud is published before NDT consumes it; NDT correction can affect only later deskew,NO; structural/code-path evidence is recorded separately
1000,1660857493.2453139,1660857493.3461533,1660857493.2453139,PUBLISHED,covered_and_deskewed,28730,28730,1660857491.3504,1660857493.3502879,0.0050079822540283203,0.02,1.3079943650941286,6.4689428136647553,0.92757352197525578,YES,YES,YES,True,0,0,point-time interpolation uses lower sample; future sample only brackets coverage; violating source timestamp rejects point,deskew call has no NDT input; cloud is published before NDT consumes it; NDT correction can affect only later deskew,NO; structural/code-path evidence is recorded separately
1001,1660857493.346174,1660857493.4470122,1660857493.346174,PUBLISHED,covered_and_deskewed,28793,28793,1660857491.4504001,1660857493.4502881,0.0050082206726074219,0.02,1.7734690107651139,12.742698226616566,0.91738648152849334,YES,YES,YES,True,0,0,point-time interpolation uses lower sample; future sample only brackets coverage; violating source timestamp rejects point,deskew call has no NDT input; cloud is published before NDT consumes it; NDT correction can affect only later deskew,NO; structural/code-path evidence is recorded separately
1002,1660857493.4470339,1660857493.5478723,1660857493.4470339,PUBLISHED,covered_and_deskewed,28874,28874,1660857491.5504,1660857493.550288,0.0050079822540283203,0.02,1.5949480919696606,12.750613651010513,1.014308356520581,YES,YES,YES,True,0,0,point-time interpolation uses lower sample; future sample only brackets coverage; violating source timestamp rejects point,deskew call has no NDT input; cloud is published before NDT consumes it; NDT correction can affect only later deskew,NO; structural/code-path evidence is recorded separately
1003,1660857493.547894,1660857493.6487322,1660857493.547894,PUBLISHED,covered_and_deskewed,28851,28851,1660857491.6503999,1660857493.6502881,0.0050082206726074219,0.02,1.277036663345551,6.3054284120512163,0.78459325940338942,YES,YES,YES,True,0,0,point-time interpolation uses lower sample; future sample only brackets coverage; violating source timestamp rejects point,deskew call has no NDT input; cloud is published before NDT consumes it; NDT correction can affect only later deskew,NO; structural/code-path evidence is recorded separately
1004,1660857493.6487529,1660857493.7495923,1660857493.6487529,PUBLISHED,covered_and_deskewed,28902,28902,1660857491.7504001,1660857493.750288,0.0050082206726074219,0.02,1.922808800897976,30.581702294861376,1.1371510233770776,YES,YES,YES,True,0,0,point-time interpolation uses lower sample; future sample only brackets coverage; violating source timestamp rejects point,deskew call has no NDT input; cloud is published before NDT consumes it; NDT correction can affect only later deskew,NO; structural/code-path evidence is recorded separately
1005,1660857493.749613,1660857493.8504522,1660857493.749613,PUBLISHED,covered_and_deskewed,28888,28888,1660857491.855392,1660857493.8552799,0.0050079822540283203,0.02,1.5952648518596153,20.253526464588102,0.86621523520747823,YES,YES,YES,True,0,0,point-time interpolation uses lower sample; future sample only brackets coverage; violating source timestamp rejects point,deskew call has no NDT input; cloud is published before NDT consumes it; NDT correction can affect only later deskew,NO; structural/code-path evidence is recorded separately
1006,1660857493.8504729,1660857493.9513123,1660857493.8504729,PUBLISHED,covered_and_deskewed,28910,28910,1660857491.9553919,1660857493.9552801,0.0050082206726074219,0.02,1.2027509295610204,5.0688242662535572,0.26292186023326203,YES,YES,YES,True,0,0,point-time interpolation uses lower sample; future sample only brackets coverage; violating source timestamp rejects point,deskew call has no NDT input; cloud is published before NDT consumes it; NDT correction can affect only later deskew,NO; structural/code-path evidence is recorded separately
1007,1660857493.951333,1660857494.0521164,1660857493.951333,PUBLISHED,covered_and_deskewed,28875,28875,1660857492.0553441,1660857494.055232,0.0050079822540283203,0.02,1.6933768588671054,11.774346097127786,0.37311996442168233,YES,YES,YES,True,0,0,point-time interpolation uses lower sample; future sample only brackets coverage; violating source timestamp rejects point,deskew call has no NDT input; cloud is published before NDT consumes it; NDT correction can affect only later deskew,NO; structural/code-path evidence is recorded separately
1008,1660857494.0521369,1660857494.1529763,1660857494.0521369,PUBLISHED,covered_and_deskewed,28874,28874,1660857492.155344,1660857494.155232,0.0050079822540283203,0.02,1.6511000065208545,11.390915914655436,0.64087971923839804,YES,YES,YES,True,0,0,point-time interpolation uses lower sample; future sample only brackets coverage; violating source timestamp rejects point,deskew call has no NDT input; cloud is published before NDT consumes it; NDT correction can affect only later deskew,NO; structural/code-path evidence is recorded separately
1009,1660857494.152997,1660857494.2538364,1660857494.152997,PUBLISHED,covered_and_deskewed,28901,28901,1660857492.2553439,1660857494.2552321,0.0050082206726074219,0.02,1.2418976786999303,5.665540868451469,0.31952177268916432,YES,YES,YES,True,0,0,point-time interpolation uses lower sample; future sample only brackets coverage; violating source timestamp rejects point,deskew call has no NDT input; cloud is published before NDT consumes it; NDT correction can affect only later deskew,NO; structural/code-path evidence is recorded separately
1010,1660857494.2538569,1660857494.3546963,1660857494.2538569,PUBLISHED,covered_and_deskewed,28789,28789,1660857492.3553441,1660857494.355232,0.0050079822540283203,0.02,1.8506492461474722,12.388363138643824,0.67453280376275326,YES,YES,YES,True,0,0,point-time interpolation uses lower sample; future sample only brackets coverage; violating source timestamp rejects point,deskew call has no NDT input; cloud is published before NDT consumes it; NDT correction can affect only later deskew,NO; structural/code-path evidence is recorded separately
1011,1660857494.354717,1660857494.4555564,1660857494.354717,PUBLISHED,covered_and_deskewed,28682,28682,1660857492.4603519,1660857494.4602399,0.0050079822540283203,0.02,1.7262413847836124,14.018670563244934,0.95282099088604244,YES,YES,YES,True,0,0,point-time interpolation uses lower sample; future sample only brackets coverage; violating source timestamp rejects point,deskew call has no NDT input; cloud is published before NDT consumes it; NDT correction can affect only later deskew,NO; structural/code-path evidence is recorded separately
1012,1660857494.4555769,1660857494.5564163,1660857494.4555769,PUBLISHED,covered_and_deskewed,28785,28785,1660857492.5603521,1660857494.56024,0.0050082206726074219,0.02,1.2364468904894619,5.8904521765863693,1.0042065704449787,YES,YES,YES,True,0,0,point-time interpolation uses lower sample; future sample only brackets coverage; violating source timestamp rejects point,deskew call has no NDT input; cloud is published before NDT consumes it; NDT correction can affect only later deskew,NO; structural/code-path evidence is recorded separately
1013,1660857494.556437,1660857494.6572764,1660857494.556437,PUBLISHED,covered_and_deskewed,28665,28665,1660857492.660352,1660857494.6602399,0.0050079822540283203,0.02,1.8416216647960355,12.593824425341683,1.030279136021498,YES,YES,YES,True,0,0,point-time interpolation uses lower sample; future sample only brackets coverage; violating source timestamp rejects point,deskew call has no NDT input; cloud is published before NDT consumes it; NDT correction can affect only later deskew,NO; structural/code-path evidence is recorded separately
1014,1660857494.6572969,1660857494.7581363,1660857494.6572969,PUBLISHED,covered_and_deskewed,28690,28690,1660857492.7603519,1660857494.7602401,0.0050082206726074219,0.02,1.7497778749661974,18.989430863837029,1.1819634608847422,YES,YES,YES,True,0,0,point-time interpolation uses lower sample; future sample only brackets coverage; violating source timestamp rejects point,deskew call has no NDT input; cloud is published before NDT consumes it; NDT correction can affect only later deskew,NO; structural/code-path evidence is recorded separately
1015,1660857494.758157,1660857494.8589964,1660857494.758157,PUBLISHED,covered_and_deskewed,28796,28796,1660857492.860352,1660857494.86024,0.0050079822540283203,0.02,1.1438324518950438,5.6353412097068762,1.1747843742977417,YES,YES,YES,True,0,0,point-time interpolation uses lower sample; future sample only brackets coverage; violating source timestamp rejects point,deskew call has no NDT input; cloud is published before NDT consumes it; NDT correction can affect only later deskew,NO; structural/code-path evidence is recorded separately
1016,1660857494.8590169,1660857494.9598563,1660857494.8590169,PUBLISHED,covered_and_deskewed,28929,28929,1660857492.9603519,1660857494.9602399,0.0050079822540283203,0.02,1.8632985133749949,12.437741480878692,0.90300998100472529,YES,YES,YES,True,0,0,point-time interpolation uses lower sample; future sample only brackets coverage; violating source timestamp rejects point,deskew call has no NDT input; cloud is published before NDT consumes it; NDT correction can affect only later deskew,NO; structural/code-path evidence is recorded separately
1017,1660857494.959877,1660857495.0606604,1660857494.959877,PUBLISHED,covered_and_deskewed,28872,28872,1660857493.06528,1660857495.0651679,0.0050082206726074219,0.02,1.780481684481777,18.195122641632345,1.0416881684145434,YES,YES,YES,True,0,0,point-time interpolation uses lower sample; future sample only brackets coverage; violating source timestamp rejects point,deskew call has no NDT input; cloud is published before NDT consumes it; NDT correction can affect only later deskew,NO; structural/code-path evidence is recorded separately
1018,1660857495.0606811,1660857495.1615202,1660857495.0606811,PUBLISHED,covered_and_deskewed,28928,28928,1660857493.1652801,1660857495.165168,0.0050082206726074219,0.02,1.1374904708315083,5.4051062523469149,0.57460407838079175,YES,YES,YES,True,0,0,point-time interpolation uses lower sample; future sample only brackets coverage; violating source timestamp rejects point,deskew call has no NDT input; cloud is published before NDT consumes it; NDT correction can affect only later deskew,NO; structural/code-path evidence is recorded separately
1019,1660857495.161541,1660857495.2623804,1660857495.161541,PUBLISHED,covered_and_deskewed,28907,28907,1660857493.26528,1660857495.265168,0.0050079822540283203,0.02,1.7847297753804487,7.535459388346113,0.41992287012188861,YES,YES,YES,True,0,0,point-time interpolation uses lower sample; future sample only brackets coverage; violating source timestamp rejects point,deskew call has no NDT input; cloud is published before NDT consumes it; NDT correction can affect only later deskew,NO; structural/code-path evidence is recorded separately
1020,1660857495.2624011,1660857495.3632402,1660857495.2624011,PUBLISHED,covered_and_deskewed,28914,28914,1660857493.3652799,1660857495.3651681,0.0050082206726074219,0.02,1.8222502305818935,12.970987885839945,0.90371950839088866,YES,YES,YES,True,0,0,point-time interpolation uses lower sample; future sample only brackets coverage; violating source timestamp rejects point,deskew call has no NDT input; cloud is published before NDT consumes it; NDT correction can affect only later deskew,NO; structural/code-path evidence is recorded separately
1021,1660857495.363261,1660857495.4641004,1660857495.363261,PUBLISHED,covered_and_deskewed,28954,28954,1660857493.4652801,1660857495.465168,0.0050079822540283203,0.02,1.1381821603647166,5.4711124550255343,0.35876537839948341,YES,YES,YES,True,0,0,point-time interpolation uses lower sample; future sample only brackets coverage; violating source timestamp rejects point,deskew call has no NDT input; cloud is published before NDT consumes it; NDT correction can affect only later deskew,NO; structural/code-path evidence is recorded separately
1022,1660857495.4641211,1660857495.5649593,1660857495.4641211,PUBLISHED,covered_and_deskewed,28930,28930,1660857493.56528,1660857495.5651679,0.0050079822540283203,0.02,1.8061108484048674,6.5883759029237252,0.29947818956933542,YES,YES,YES,True,0,0,point-time interpolation uses lower sample; future sample only brackets coverage; violating source timestamp rejects point,deskew call has no NDT input; cloud is published before NDT consumes it; NDT correction can affect only later deskew,NO; structural/code-path evidence is recorded separately
1023,1660857495.564981,1660857495.6658194,1660857495.564981,PUBLISHED,covered_and_deskewed,28878,28878,1660857493.6702881,1660857495.670176,0.0050082206726074219,0.02,1.8778044873660797,18.4359101992905,1.0432504528465483,YES,YES,YES,True,0,0,point-time interpolation uses lower sample; future sample only brackets coverage; violating source timestamp rejects point,deskew call has no NDT input; cloud is published before NDT consumes it; NDT correction can affect only later deskew,NO; structural/code-path evidence is recorded separately
1024,1660857495.6658411,1660857495.7666793,1660857495.6658411,PUBLISHED,covered_and_deskewed,28844,28844,1660857493.770288,1660857495.7701759,0.0050079822540283203,0.02,1.2816813870244892,5.6696564383854708,0.6846118930433347,YES,YES,YES,True,0,0,point-time interpolation uses lower sample; future sample only brackets coverage; violating source timestamp rejects point,deskew call has no NDT input; cloud is published before NDT consumes it; NDT correction can affect only later deskew,NO; structural/code-path evidence is recorded separately
1025,1660857495.7667,1660857495.8675394,1660857495.7667,PUBLISHED,covered_and_deskewed,25158,25158,1660857493.8702879,1660857495.8701761,0.0050082206726074219,0.02,1.8697616420622416,24.523075095432706,1.058708438593295,YES,YES,YES,True,0,0,point-time interpolation uses lower sample; future sample only brackets coverage; violating source timestamp rejects point,deskew call has no NDT input; cloud is published before NDT consumes it; NDT correction can affect only later deskew,NO; structural/code-path evidence is recorded separately
1026,1660857495.8675599,1660857495.9683993,1660857495.8675599,PUBLISHED,covered_and_deskewed,23527,23527,1660857493.970288,1660857495.970176,0.0050079822540283203,0.02,1.6870794177363695,24.516149552062167,0.78642884816448921,YES,YES,YES,True,0,0,point-time interpolation uses lower sample; future sample only brackets coverage; violating source timestamp rejects point,deskew call has no NDT input; cloud is published before NDT consumes it; NDT correction can affect only later deskew,NO; structural/code-path evidence is recorded separately
1027,1660857495.96842,1660857496.0692153,1660857495.96842,PUBLISHED,covered_and_deskewed,23186,23186,1660857494.07024,1660857496.070128,0.0050079822540283203,0.02,1.0368168911615907,4.2203870152959126,0.78153389261748629,YES,YES,YES,True,0,0,point-time interpolation uses lower sample; future sample only brackets coverage; violating source timestamp rejects point,deskew call has no NDT input; cloud is published before NDT consumes it; NDT correction can affect only later deskew,NO; structural/code-path evidence is recorded separately
1028,1660857496.069236,1660857496.1700752,1660857496.069236,PUBLISHED,covered_and_deskewed,23226,23226,1660857494.1702399,1660857496.1701281,0.0050082206726074219,0.02,1.6356824055233972,9.5198667977825444,0.58789113933427695,YES,YES,YES,True,0,0,point-time interpolation uses lower sample; future sample only brackets coverage; violating source timestamp rejects point,deskew call has no NDT input; cloud is published before NDT consumes it; NDT correction can affect only later deskew,NO; structural/code-path evidence is recorded separately
1029,1660857496.1700959,1660857496.2709353,1660857496.1700959,PUBLISHED,covered_and_deskewed,23581,23581,1660857494.2752321,1660857496.27512,0.0050082206726074219,0.02,1.6623669214441048,16.703924313746654,1.0902699160605867,YES,YES,YES,True,0,0,point-time interpolation uses lower sample; future sample only brackets coverage; violating source timestamp rejects point,deskew call has no NDT input; cloud is published before NDT consumes it; NDT correction can affect only later deskew,NO; structural/code-path evidence is recorded separately
1030,1660857496.270956,1660857496.3717952,1660857496.270956,PUBLISHED,covered_and_deskewed,24362,24362,1660857494.375232,1660857496.3751199,0.0050079822540283203,0.02,1.113649992997807,6.6445156807015433,0.8418099187390693,YES,YES,YES,True,0,0,point-time interpolation uses lower sample; future sample only brackets coverage; violating source timestamp rejects point,deskew call has no NDT input; cloud is published before NDT consumes it; NDT correction can affect only later deskew,NO; structural/code-path evidence is recorded separately
1031,1660857496.3718159,1660857496.4726553,1660857496.3718159,PUBLISHED,covered_and_deskewed,24734,24734,1660857494.4752319,1660857496.4751201,0.0050082206726074219,0.02,1.593549192892078,6.6789742555689262,0.64695356019329098,YES,YES,YES,True,0,0,point-time interpolation uses lower sample; future sample only brackets coverage; violating source timestamp rejects point,deskew call has no NDT input; cloud is published before NDT consumes it; NDT correction can affect only later deskew,NO; structural/code-path evidence is recorded separately
1032,1660857496.472676,1660857496.5735152,1660857496.472676,PUBLISHED,covered_and_deskewed,25006,25006,1660857494.575232,1660857496.57512,0.0050079822540283203,0.02,1.8063720265739482,17.979971347814956,1.046810206129835,YES,YES,YES,True,0,0,point-time interpolation uses lower sample; future sample only brackets coverage; violating source timestamp rejects point,deskew call has no NDT input; cloud is published before NDT consumes it; NDT correction can affect only later deskew,NO; structural/code-path evidence is recorded separately
1033,1660857496.5735359,1660857496.6743753,1660857496.5735359,PUBLISHED,covered_and_deskewed,25207,25207,1660857494.6752319,1660857496.6751201,0.0050082206726074219,0.02,1.2758067814782565,10.194160622742867,0.77359773922035868,YES,YES,YES,True,0,0,point-time interpolation uses lower sample; future sample only brackets coverage; violating source timestamp rejects point,deskew call has no NDT input; cloud is published before NDT consumes it; NDT correction can affect only later deskew,NO; structural/code-path evidence is recorded separately
1034,1660857496.674396,1660857496.7752354,1660857496.674396,PUBLISHED,covered_and_deskewed,25422,25422,1660857494.7802401,1660857496.780128,0.0050079822540283203,0.02,1.8887227485253442,10.1514411295123,0.46489261578823426,YES,YES,YES,True,0,0,point-time interpolation uses lower sample; future sample only brackets coverage; violating source timestamp rejects point,deskew call has no NDT input; cloud is published before NDT consumes it; NDT correction can affect only later deskew,NO; structural/code-path evidence is recorded separately
1035,1660857496.7752559,1660857496.8760953,1660857496.7752559,PUBLISHED,covered_and_deskewed,25757,25757,1660857494.88024,1660857496.8801279,0.0050079822540283203,0.02,2.0095365823871001,10.439008989055447,0.48363063924329441,YES,YES,YES,True,0,0,point-time interpolation uses lower sample; future sample only brackets coverage; violating source timestamp rejects point,deskew call has no NDT input; cloud is published before NDT consumes it; NDT correction can affect only later deskew,NO; structural/code-path evidence is recorded separately
1036,1660857496.876116,1660857496.9769554,1660857496.876116,PUBLISHED,covered_and_deskewed,26182,26182,1660857494.9802401,1660857496.980128,0.0050082206726074219,0.02,1.2892082439507395,5.2568832606063598,0.29987769330508018,YES,YES,YES,True,0,0,point-time interpolation uses lower sample; future sample only brackets coverage; violating source timestamp rejects point,deskew call has no NDT input; cloud is published before NDT consumes it; NDT correction can affect only later deskew,NO; structural/code-path evidence is recorded separately
1037,1660857496.9769759,1660857497.0777483,1660857496.9769759,PUBLISHED,covered_and_deskewed,26836,26836,1660857495.0801761,1660857497.0800641,0.0050082206726074219,0.02,1.7559787551388852,6.621401721157933,0.2734671906577123,YES,YES,YES,True,0,0,point-time interpolation uses lower sample; future sample only brackets coverage; violating source timestamp rejects point,deskew call has no NDT input; cloud is published before NDT consumes it; NDT correction can affect only later deskew,NO; structural/code-path evidence is recorded separately
1038,1660857497.077769,1660857497.1786082,1660857497.077769,PUBLISHED,covered_and_deskewed,28966,28966,1660857495.180176,1660857497.180064,0.0050079822540283203,0.02,1.9106899110728202,13.943795964211906,0.69312958602986141,YES,YES,YES,True,0,0,point-time interpolation uses lower sample; future sample only brackets coverage; violating source timestamp rejects point,deskew call has no NDT input; cloud is published before NDT consumes it; NDT correction can affect only later deskew,NO; structural/code-path evidence is recorded separately
1039,1660857497.1786289,1660857497.2794683,1660857497.1786289,PUBLISHED,covered_and_deskewed,28906,28906,1660857495.2801759,1660857497.2800641,0.0050082206726074219,0.02,1.2307560604834884,5.7425291746828471,0.35227511537969708,YES,YES,YES,True,0,0,point-time interpolation uses lower sample; future sample only brackets coverage; violating source timestamp rejects point,deskew call has no NDT input; cloud is published before NDT consumes it; NDT correction can affect only later deskew,NO; structural/code-path evidence is recorded separately
1040,1660857497.279489,1660857497.3803282,1660857497.279489,PUBLISHED,covered_and_deskewed,28969,28969,1660857495.3851681,1660857497.385056,0.0050082206726074219,0.02,1.7409308842237654,6.3331119823859412,0.35227511537969708,YES,YES,YES,True,0,0,point-time interpolation uses lower sample; future sample only brackets coverage; violating source timestamp rejects point,deskew call has no NDT input; cloud is published before NDT consumes it; NDT correction can affect only later deskew,NO; structural/code-path evidence is recorded separately
1041,1660857497.3803489,1660857497.4811883,1660857497.3803489,PUBLISHED,covered_and_deskewed,28961,28961,1660857495.485168,1660857497.4850559,0.0050079822540283203,0.02,1.963929521127068,18.84818197192611,1.155076109406149,YES,YES,YES,True,0,0,point-time interpolation uses lower sample; future sample only brackets coverage; violating source timestamp rejects point,deskew call has no NDT input; cloud is published before NDT consumes it; NDT correction can affect only later deskew,NO; structural/code-path evidence is recorded separately
1042,1660857497.481209,1660857497.5820482,1660857497.481209,PUBLISHED,covered_and_deskewed,28969,28969,1660857495.5851679,1660857497.5850561,0.0050082206726074219,0.02,1.2564238247489889,5.0667050935183253,0.27598914173588662,YES,YES,YES,True,0,0,point-time interpolation uses lower sample; future sample only brackets coverage; violating source timestamp rejects point,deskew call has no NDT input; cloud is published before NDT consumes it; NDT correction can affect only later deskew,NO; structural/code-path evidence is recorded separately
1043,1660857497.5820689,1660857497.6829083,1660857497.5820689,PUBLISHED,covered_and_deskewed,28911,28911,1660857495.685168,1660857497.685056,0.0050079822540283203,0.02,1.8414758748220106,6.0868750491586807,0.27598914173588662,YES,YES,YES,True,0,0,point-time interpolation uses lower sample; future sample only brackets coverage; violating source timestamp rejects point,deskew call has no NDT input; cloud is published before NDT consumes it; NDT correction can affect only later deskew,NO; structural/code-path evidence is recorded separately
1044,1660857497.682929,1660857497.7837672,1660857497.682929,PUBLISHED,covered_and_deskewed,28952,28952,1660857495.7851679,1660857497.7850561,0.0050082206726074219,0.02,1.9174168335437396,13.879331954916029,0.65842574011649646,YES,YES,YES,True,0,0,point-time interpolation uses lower sample; future sample only brackets coverage; violating source timestamp rejects point,deskew call has no NDT input; cloud is published before NDT consumes it; NDT correction can affect only later deskew,NO; structural/code-path evidence is recorded separately
1045,1660857497.7837889,1660857497.8846273,1660857497.7837889,PUBLISHED,covered_and_deskewed,28892,28892,1660857495.8851681,1660857497.885056,0.0050079822540283203,0.02,1.247171982469093,5.169533816232593,0.29997786795720238,YES,YES,YES,True,0,0,point-time interpolation uses lower sample; future sample only brackets coverage; violating source timestamp rejects point,deskew call has no NDT input; cloud is published before NDT consumes it; NDT correction can affect only later deskew,NO; structural/code-path evidence is recorded separately
1046,1660857497.884649,1660857497.9854872,1660857497.884649,PUBLISHED,covered_and_deskewed,28881,28881,1660857495.990176,1660857497.9900639,0.0050079822540283203,0.02,1.7828850093858077,7.924501886654201,0.29265260594798559,YES,YES,YES,True,0,0,point-time interpolation uses lower sample; future sample only brackets coverage; violating source timestamp rejects point,deskew call has no NDT input; cloud is published before NDT consumes it; NDT correction can affect only later deskew,NO; structural/code-path evidence is recorded separately
1047,1660857497.985508,1660857498.0862913,1660857497.985508,PUBLISHED,covered_and_deskewed,28918,28918,1660857496.0901279,1660857498.0900159,0.0050079822540283203,0.02,1.9031409458974657,19.224013093085535,1.0387246774619492,YES,YES,YES,True,0,0,point-time interpolation uses lower sample; future sample only brackets coverage; violating source timestamp rejects point,deskew call has no NDT input; cloud is published before NDT consumes it; NDT correction can affect only later deskew,NO; structural/code-path evidence is recorded separately
1048,1660857498.0863121,1660857498.1871512,1660857498.0863121,PUBLISHED,covered_and_deskewed,28855,28855,1660857496.1901281,1660857498.190016,0.0050082206726074219,0.02,1.2840344774442738,6.7500958971185421,0.56000309112656843,YES,YES,YES,True,0,0,point-time interpolation uses lower sample; future sample only brackets coverage; violating source timestamp rejects point,deskew call has no NDT input; cloud is published before NDT consumes it; NDT correction can affect only later deskew,NO; structural/code-path evidence is recorded separately
1049,1660857498.1871719,1660857498.2880113,1660857498.1871719,PUBLISHED,covered_and_deskewed,28917,28917,1660857496.290128,1660857498.2900159,0.0050079822540283203,0.02,1.7963101511443536,6.3622262289391767,0.27851661654219784,YES,YES,YES,True,0,0,point-time interpolation uses lower sample; future sample only brackets coverage; violating source timestamp rejects point,deskew call has no NDT input; cloud is published before NDT consumes it; NDT correction can affect only later deskew,NO; structural/code-path evidence is recorded separately
1050,1660857498.2880321,1660857498.3888712,1660857498.2880321,PUBLISHED,covered_and_deskewed,28881,28881,1660857496.3901279,1660857498.3900161,0.0050082206726074219,0.02,1.84246651939646,13.056994321043103,0.61755458542415786,YES,YES,YES,True,0,0,point-time interpolation uses lower sample; future sample only brackets coverage; violating source timestamp rejects point,deskew call has no NDT input; cloud is published before NDT consumes it; NDT correction can affect only later deskew,NO; structural/code-path evidence is recorded separately
1051,1660857498.3888919,1660857498.4897313,1660857498.3888919,PUBLISHED,covered_and_deskewed,28895,28895,1660857496.490128,1660857498.490016,0.0050079822540283203,0.02,1.2111422350247549,4.8410485730004584,0.2919931493237618,YES,YES,YES,True,0,0,point-time interpolation uses lower sample; future sample only brackets coverage; violating source timestamp rejects point,deskew call has no NDT input; cloud is published before NDT consumes it; NDT correction can affect only later deskew,NO; structural/code-path evidence is recorded separately
1052,1660857498.4897521,1660857498.5905912,1660857498.4897521,PUBLISHED,covered_and_deskewed,28896,28896,1660857496.59512,1660857498.5950079,0.0050079822540283203,0.02,1.7644069992971727,6.9921458182608509,0.37499451616097507,YES,YES,YES,True,0,0,point-time interpolation uses lower sample; future sample only brackets coverage; violating source timestamp rejects point,deskew call has no NDT input; cloud is published before NDT consumes it; NDT correction can affect only later deskew,NO; structural/code-path evidence is recorded separately
1053,1660857498.5906119,1660857498.6914513,1660857498.5906119,PUBLISHED,covered_and_deskewed,28902,28902,1660857496.6951201,1660857498.695008,0.0050082206726074219,0.02,1.8106824289874024,18.350938800756715,1.0005764312643735,YES,YES,YES,True,0,0,point-time interpolation uses lower sample; future sample only brackets coverage; violating source timestamp rejects point,deskew call has no NDT input; cloud is published before NDT consumes it; NDT correction can affect only later deskew,NO; structural/code-path evidence is recorded separately
1054,1660857498.6914721,1660857498.7923112,1660857498.6914721,PUBLISHED,covered_and_deskewed,28871,28871,1660857496.79512,1660857498.7950079,0.0050079822540283203,0.02,1.1579339840169136,5.0417419249449145,0.41066735517505887,YES,YES,YES,True,0,0,point-time interpolation uses lower sample; future sample only brackets coverage; violating source timestamp rejects point,deskew call has no NDT input; cloud is published before NDT consumes it; NDT correction can affect only later deskew,NO; structural/code-path evidence is recorded separately
1055,1660857498.7923319,1660857498.8931713,1660857498.7923319,PUBLISHED,covered_and_deskewed,28902,28902,1660857496.8951199,1660857498.8950081,0.0050082206726074219,0.02,1.8123893135053815,10.148811289415086,0.37533027616393116,YES,YES,YES,True,0,0,point-time interpolation uses lower sample; future sample only brackets coverage; violating source timestamp rejects point,deskew call has no NDT input; cloud is published before NDT consumes it; NDT correction can affect only later deskew,NO; structural/code-path evidence is recorded separately
1056,1660857498.8931921,1660857498.9940312,1660857498.8931921,PUBLISHED,covered_and_deskewed,28902,28902,1660857496.99512,1660857498.995008,0.0050079822540283203,0.02,1.8294001206762405,14.338711497873369,0.79392723434449508,YES,YES,YES,True,0,0,point-time interpolation uses lower sample; future sample only brackets coverage; violating source timestamp rejects point,deskew call has no NDT input; cloud is published before NDT consumes it; NDT correction can affect only later deskew,NO; structural/code-path evidence is recorded separately
1057,1660857498.9940519,1660857499.0948353,1660857498.9940519,PUBLISHED,covered_and_deskewed,28891,28891,1660857497.0950561,1660857499.094944,0.0050079822540283203,0.02,1.1470335118278558,5.5743636511568502,0.3024258822760284,YES,YES,YES,True,0,0,point-time interpolation uses lower sample; future sample only brackets coverage; violating source timestamp rejects point,deskew call has no NDT input; cloud is published before NDT consumes it; NDT correction can affect only later deskew,NO; structural/code-path evidence is recorded separately
1058,1660857499.094856,1660857499.1956954,1660857499.094856,REJECTED,state_gap_exceeds_limit,28885,0,1660857497.2000639,1660857499.1999519,0.039999961853027344,0.02,0,0,0,NO_OR_NOT_PUBLISHED,NOT_APPLICABLE,YES,,0,0,point-time interpolation uses lower sample; future sample only brackets coverage; violating source timestamp rejects point,deskew call has no NDT input; cloud is published before NDT consumes it; NDT correction can affect only later deskew,NO; structural/code-path evidence is recorded separately
1059,1660857499.1957159,1660857499.2965553,1660857499.1957159,PUBLISHED,covered_and_deskewed,28911,28911,1660857497.3000641,1660857499.299952,0.0050082206726074219,0.02,1.6511367880436274,15.65305062602207,1.0136080187394527,YES,YES,YES,True,0,0,point-time interpolation uses lower sample; future sample only brackets coverage; violating source timestamp rejects point,deskew call has no NDT input; cloud is published before NDT consumes it; NDT correction can affect only later deskew,NO; structural/code-path evidence is recorded separately
1060,1660857499.296576,1660857499.3974154,1660857499.296576,PUBLISHED,covered_and_deskewed,28924,28924,1660857497.400064,1660857499.3999519,0.0099999904632568359,0.02,1.0009697195930578,5.0549967671261173,0.29057468360719385,YES,YES,YES,True,0,0,point-time interpolation uses lower sample; future sample only brackets coverage; violating source timestamp rejects point,deskew call has no NDT input; cloud is published before NDT consumes it; NDT correction can affect only later deskew,NO; structural/code-path evidence is recorded separately
1061,1660857499.3974359,1660857499.4982753,1660857499.3974359,PUBLISHED,covered_and_deskewed,28938,28938,1660857497.5000639,1660857499.4999521,0.0050082206726074219,0.02,2.0238973635913142,9.7289316546657574,0.36202256754725881,YES,YES,YES,True,0,0,point-time interpolation uses lower sample; future sample only brackets coverage; violating source timestamp rejects point,deskew call has no NDT input; cloud is published before NDT consumes it; NDT correction can affect only later deskew,NO; structural/code-path evidence is recorded separately
1062,1660857499.498296,1660857499.5991354,1660857499.498296,PUBLISHED,covered_and_deskewed,28898,28898,1660857497.600064,1660857499.599952,0.0050079822540283203,0.02,1.7320676030536968,14.930442692476662,0.68438028462949385,YES,YES,YES,True,0,0,point-time interpolation uses lower sample; future sample only brackets coverage; violating source timestamp rejects point,deskew call has no NDT input; cloud is published before NDT consumes it; NDT correction can affect only later deskew,NO; structural/code-path evidence is recorded separately
1063,1660857499.5991559,1660857499.6999953,1660857499.5991559,PUBLISHED,covered_and_deskewed,28869,28869,1660857497.705056,1660857499.7049439,0.0050079822540283203,0.02,1.0694837622018827,5.089375250553914,0.31427994648160701,YES,YES,YES,True,0,0,point-time interpolation uses lower sample; future sample only brackets coverage; violating source timestamp rejects point,deskew call has no NDT input; cloud is published before NDT consumes it; NDT correction can affect only later deskew,NO; structural/code-path evidence is recorded separately
1064,1660857499.700016,1660857499.8008554,1660857499.700016,PUBLISHED,covered_and_deskewed,28913,28913,1660857497.8050561,1660857499.804944,0.0050082206726074219,0.02,1.4905098511418642,13.962196888462922,0.4295481668166331,YES,YES,YES,True,0,0,point-time interpolation uses lower sample; future sample only brackets coverage; violating source timestamp rejects point,deskew call has no NDT input; cloud is published before NDT consumes it; NDT correction can affect only later deskew,NO; structural/code-path evidence is recorded separately
1065,1660857499.8008759,1660857499.9017153,1660857499.8008759,PUBLISHED,covered_and_deskewed,26912,26912,1660857497.905056,1660857499.9049439,0.0050079822540283203,0.02,1.3633599099898184,15.802163770869655,0.96044563510684633,YES,YES,YES,True,0,0,point-time interpolation uses lower sample; future sample only brackets coverage; violating source timestamp rejects point,deskew call has no NDT input; cloud is published before NDT consumes it; NDT correction can affect only later deskew,NO; structural/code-path evidence is recorded separately
1066,1660857499.901736,1660857500.0025203,1660857499.901736,PUBLISHED,covered_and_deskewed,26401,26401,1660857498.005008,1660857500.0048959,0.0050082206726074219,0.02,0.96442245418161943,5.1914309486577848,0.47832572704052584,YES,YES,YES,True,0,0,point-time interpolation uses lower sample; future sample only brackets coverage; violating source timestamp rejects point,deskew call has no NDT input; cloud is published before NDT consumes it; NDT correction can affect only later deskew,NO; structural/code-path evidence is recorded separately
1067,1660857500.0025411,1660857500.1033792,1660857500.0025411,PUBLISHED,covered_and_deskewed,26072,26072,1660857498.1050079,1660857500.1048961,0.0050082206726074219,0.02,1.3381758895904698,13.656357515441387,0.4257301670938119,YES,YES,YES,True,0,0,point-time interpolation uses lower sample; future sample only brackets coverage; violating source timestamp rejects point,deskew call has no NDT input; cloud is published before NDT consumes it; NDT correction can affect only later deskew,NO; structural/code-path evidence is recorded separately
1068,1660857500.1034009,1660857500.2042394,1660857500.1034009,PUBLISHED,covered_and_deskewed,25967,25967,1660857498.205008,1660857500.204896,0.0050079822540283203,0.02,1.0894195040844716,10.477721906401534,0.65882313813301752,YES,YES,YES,True,0,0,point-time interpolation uses lower sample; future sample only brackets coverage; violating source timestamp rejects point,deskew call has no NDT input; cloud is published before NDT consumes it; NDT correction can affect only later deskew,NO; structural/code-path evidence is recorded separately
1069,1660857500.2042611,1660857500.3050992,1660857500.2042611,PUBLISHED,covered_and_deskewed,25840,25840,1660857498.3100159,1660857500.3099041,0.0050082206726074219,0.02,0.69998035876824261,4.7290197365426465,0.61692540372735483,YES,YES,YES,True,0,0,point-time interpolation uses lower sample; future sample only brackets coverage; violating source timestamp rejects point,deskew call has no NDT input; cloud is published before NDT consumes it; NDT correction can affect only later deskew,NO; structural/code-path evidence is recorded separately
1070,1660857500.30512,1660857500.4059594,1660857500.30512,PUBLISHED,covered_and_deskewed,25758,25758,1660857498.4100161,1660857500.409904,0.0050079822540283203,0.02,0.90952606931921398,10.099053236716371,0.34043377992535562,YES,YES,YES,True,0,0,point-time interpolation uses lower sample; future sample only brackets coverage; violating source timestamp rejects point,deskew call has no NDT input; cloud is published before NDT consumes it; NDT correction can affect only later deskew,NO; structural/code-path evidence is recorded separately
1071,1660857500.4059801,1660857500.5056534,1660857500.4059801,PUBLISHED,covered_and_deskewed,25227,25227,1660857498.510016,1660857500.5099039,0.0050079822540283203,0.02,0.91643589058989572,10.093973536635495,0.50264029954620648,YES,YES,YES,True,0,0,point-time interpolation uses lower sample; future sample only brackets coverage; violating source timestamp rejects point,deskew call has no NDT input; cloud is published before NDT consumes it; NDT correction can affect only later deskew,NO; structural/code-path evidence is recorded separately
1072,1660857500.50684,1660857500.6040254,1660857500.50684,PUBLISHED,covered_and_deskewed,24188,24188,1660857498.6050079,1660857500.6048961,0.0050082206726074219,0.02,0.75779527873204178,3.4707891406043592,0.23497603705211242,YES,YES,YES,True,0,0,point-time interpolation uses lower sample; future sample only brackets coverage; violating source timestamp rejects point,deskew call has no NDT input; cloud is published before NDT consumes it; NDT correction can affect only later deskew,NO; structural/code-path evidence is recorded separately
1073,1660857500.6077001,1660857500.7085392,1660857500.6077001,PUBLISHED,covered_and_deskewed,23810,23810,1660857498.710016,1660857500.709904,0.0050079822540283203,0.02,1.1187790313676289,9.4238953658934275,0.17796119256667559,YES,YES,YES,True,0,0,point-time interpolation uses lower sample; future sample only brackets coverage; violating source timestamp rejects point,deskew call has no NDT input; cloud is published before NDT consumes it; NDT correction can affect only later deskew,NO; structural/code-path evidence is recorded separately
1074,1660857500.70856,1660857500.8093994,1660857500.70856,PUBLISHED,covered_and_deskewed,24028,24028,1660857498.8100159,1660857500.8099041,0.0050082206726074219,0.02,1.0224854597272055,9.4413199178259344,0.55283866266619464,YES,YES,YES,True,0,0,point-time interpolation uses lower sample; future sample only brackets coverage; violating source timestamp rejects point,deskew call has no NDT input; cloud is published before NDT consumes it; NDT correction can affect only later deskew,NO; structural/code-path evidence is recorded separately
1075,1660857500.8094201,1660857500.9102592,1660857500.8094201,PUBLISHED,covered_and_deskewed,24068,24068,1660857498.9150081,1660857500.914896,0.0050079822540283203,0.02,0.66305807648800508,3.4729851888248797,0.17087947595289982,YES,YES,YES,True,0,0,point-time interpolation uses lower sample; future sample only brackets coverage; violating source timestamp rejects point,deskew call has no NDT input; cloud is published before NDT consumes it; NDT correction can affect only later deskew,NO; structural/code-path evidence is recorded separately
1076,1660857500.91028,1660857501.0110633,1660857500.91028,PUBLISHED,covered_and_deskewed,24072,24072,1660857499.0149441,1660857501.014832,0.0050079822540283203,0.02,1.0755950152835649,12.639313563219345,0.66490862626053859,YES,YES,YES,True,0,0,point-time interpolation uses lower sample; future sample only brackets coverage; violating source timestamp rejects point,deskew call has no NDT input; cloud is published before NDT consumes it; NDT correction can affect only later deskew,NO; structural/code-path evidence is recorded separately
1077,1660857501.0110841,1660857501.1119232,1660857501.0110841,PUBLISHED,covered_and_deskewed,24042,24042,1660857499.114944,1660857501.1148319,0.0050079822540283203,0.02,1.0844310821077194,14.696365684488574,0.66490862626053859,YES,YES,YES,True,0,0,point-time interpolation uses lower sample; future sample only brackets coverage; violating source timestamp rejects point,deskew call has no NDT input; cloud is published before NDT consumes it; NDT correction can affect only later deskew,NO; structural/code-path evidence is recorded separately
1078,1660857501.111944,1660857501.2127833,1660857501.111944,PUBLISHED,covered_and_deskewed,23923,23923,1660857499.2149439,1660857501.2148321,0.0050082206726074219,0.02,0.85258513292057714,4.3641882518912549,0.48833811602440402,YES,YES,YES,True,0,0,point-time interpolation uses lower sample; future sample only brackets coverage; violating source timestamp rejects point,deskew call has no NDT input; cloud is published before NDT consumes it; NDT correction can affect only later deskew,NO; structural/code-path evidence is recorded separately
1079,1660857501.2128041,1660857501.3136432,1660857501.2128041,PUBLISHED,covered_and_deskewed,23910,23910,1660857499.314944,1660857501.314832,0.0050079822540283203,0.02,1.4388491980540643,13.45935755987648,0.59689104795219239,YES,YES,YES,True,0,0,point-time interpolation uses lower sample; future sample only brackets coverage; violating source timestamp rejects point,deskew call has no NDT input; cloud is published before NDT consumes it; NDT correction can affect only later deskew,NO; structural/code-path evidence is recorded separately
1080,1660857501.313664,1660857501.4145033,1660857501.313664,PUBLISHED,covered_and_deskewed,23927,23927,1660857499.4149439,1660857501.4148321,0.0050082206726074219,0.02,1.3101710446025583,10.443661712580278,0.7612512344621748,YES,YES,YES,True,0,0,point-time interpolation uses lower sample; future sample only brackets coverage; violating source timestamp rejects point,deskew call has no NDT input; cloud is published before NDT consumes it; NDT correction can affect only later deskew,NO; structural/code-path evidence is recorded separately
1081,1660857501.4145241,1660857501.5153632,1660857501.4145241,PUBLISHED,covered_and_deskewed,23866,23866,1660857499.5199521,1660857501.51984,0.0050079822540283203,0.02,0.96617133798337917,6.390961831090868,0.50286593546546465,YES,YES,YES,True,0,0,point-time interpolation uses lower sample; future sample only brackets coverage; violating source timestamp rejects point,deskew call has no NDT input; cloud is published before NDT consumes it; NDT correction can affect only later deskew,NO; structural/code-path evidence is recorded separately
1082,1660857501.515384,1660857501.6162233,1660857501.515384,PUBLISHED,covered_and_deskewed,23361,23361,1660857499.619952,1660857501.6198399,0.0050079822540283203,0.02,1.8579865285248045,10.450406085251521,0.50220270894435348,YES,YES,YES,True,0,0,point-time interpolation uses lower sample; future sample only brackets coverage; violating source timestamp rejects point,deskew call has no NDT input; cloud is published before NDT consumes it; NDT correction can affect only later deskew,NO; structural/code-path evidence is recorded separately
1083,1660857501.6162441,1660857501.7170832,1660857501.6162441,PUBLISHED,covered_and_deskewed,24440,24440,1660857499.7199521,1660857501.71984,0.0050082206726074219,0.02,1.7285052833831362,13.25325286440939,0.69738064272882183,YES,YES,YES,True,0,0,point-time interpolation uses lower sample; future sample only brackets coverage; violating source timestamp rejects point,deskew call has no NDT input; cloud is published before NDT consumes it; NDT correction can affect only later deskew,NO; structural/code-path evidence is recorded separately
1084,1660857501.717104,1660857501.8179433,1660857501.717104,PUBLISHED,covered_and_deskewed,24468,24468,1660857499.819952,1660857501.81984,0.0050079822540283203,0.02,1.0790516687711995,5.9139656341977753,0.3541853364945558,YES,YES,YES,True,0,0,point-time interpolation uses lower sample; future sample only brackets coverage; violating source timestamp rejects point,deskew call has no NDT input; cloud is published before NDT consumes it; NDT correction can affect only later deskew,NO; structural/code-path evidence is recorded separately
1085,1660857501.8179641,1660857501.9188032,1660857501.8179641,PUBLISHED,covered_and_deskewed,24920,24920,1660857499.9199519,1660857501.9198401,0.0050082206726074219,0.02,1.8642739703264375,12.247283864394779,1.028727929264402,YES,YES,YES,True,0,0,point-time interpolation uses lower sample; future sample only brackets coverage; violating source timestamp rejects point,deskew call has no NDT input; cloud is published before NDT consumes it; NDT correction can affect only later deskew,NO; structural/code-path evidence is recorded separately
1086,1660857501.918824,1660857502.0196073,1660857501.918824,PUBLISHED,covered_and_deskewed,25717,25717,1660857500.0199039,1660857502.0197921,0.0050079822540283203,0.02,1.8642456805351422,14.90059877753221,1.028727929264402,YES,YES,YES,True,0,0,point-time interpolation uses lower sample; future sample only brackets coverage; violating source timestamp rejects point,deskew call has no NDT input; cloud is published before NDT consumes it; NDT correction can affect only later deskew,NO; structural/code-path evidence is recorded separately
1087,1660857502.019628,1660857502.1204672,1660857502.019628,PUBLISHED,covered_and_deskewed,26944,26944,1660857500.124896,1660857502.124784,0.0050079822540283203,0.02,1.2633071596136822,6.2992772739224243,0.89635457808734886,YES,YES,YES,True,0,0,point-time interpolation uses lower sample; future sample only brackets coverage; violating source timestamp rejects point,deskew call has no NDT input; cloud is published before NDT consumes it; NDT correction can affect only later deskew,NO; structural/code-path evidence is recorded separately
1088,1660857502.1204879,1660857502.2213273,1660857502.1204879,PUBLISHED,covered_and_deskewed,28496,28496,1660857500.224896,1660857502.2247839,0.0050079822540283203,0.02,2.0153954824169928,8.2560523177811138,1.0478611144865506,YES,YES,YES,True,0,0,point-time interpolation uses lower sample; future sample only brackets coverage; violating source timestamp rejects point,deskew call has no NDT input; cloud is published before NDT consumes it; NDT correction can affect only later deskew,NO; structural/code-path evidence is recorded separately
1089,1660857502.221348,1660857502.3221872,1660857502.221348,PUBLISHED,covered_and_deskewed,28613,28613,1660857500.3248961,1660857502.324784,0.0050082206726074219,0.02,2.0294294489341596,22.140233371851117,1.1091430202028238,YES,YES,YES,True,0,0,point-time interpolation uses lower sample; future sample only brackets coverage; violating source timestamp rejects point,deskew call has no NDT input; cloud is published before NDT consumes it; NDT correction can affect only later deskew,NO; structural/code-path evidence is recorded separately
1090,1660857502.3222079,1660857502.4230464,1660857502.3222079,PUBLISHED,covered_and_deskewed,28535,28535,1660857500.424896,1660857502.4247839,0.0050079822540283203,0.02,1.3043655557161311,5.5207826960453215,1.1490193927253218,YES,YES,YES,True,0,0,point-time interpolation uses lower sample; future sample only brackets coverage; violating source timestamp rejects point,deskew call has no NDT input; cloud is published before NDT consumes it; NDT correction can affect only later deskew,NO; structural/code-path evidence is recorded separately
1091,1660857502.423068,1660857502.5239062,1660857502.423068,PUBLISHED,covered_and_deskewed,28476,28476,1660857500.5248959,1660857502.5247841,0.0050082206726074219,0.02,2.0139725667299802,13.56741800004226,1.1973031988199261,YES,YES,YES,True,0,0,point-time interpolation uses lower sample; future sample only brackets coverage; violating source timestamp rejects point,deskew call has no NDT input; cloud is published before NDT consumes it; NDT correction can affect only later deskew,NO; structural/code-path evidence is recorded separately
1092,1660857502.523927,1660857502.6247663,1660857502.523927,PUBLISHED,covered_and_deskewed,28376,28376,1660857500.624896,1660857502.624784,0.0050079822540283203,0.02,1.9419717025974155,17.645818621755748,1.2854463775830627,YES,YES,YES,True,0,0,point-time interpolation uses lower sample; future sample only brackets coverage; violating source timestamp rejects point,deskew call has no NDT input; cloud is published before NDT consumes it; NDT correction can affect only later deskew,NO; structural/code-path evidence is recorded separately
1093,1660857502.6247871,1660857502.7256262,1660857502.6247871,PUBLISHED,covered_and_deskewed,28056,28056,1660857500.7299039,1660857502.7297921,0.0050082206726074219,0.02,1.292815551274116,5.7667411888470754,1.1481767908049603,YES,YES,YES,True,0,0,point-time interpolation uses lower sample; future sample only brackets coverage; violating source timestamp rejects point,deskew call has no NDT input; cloud is published before NDT consumes it; NDT correction can affect only later deskew,NO; structural/code-path evidence is recorded separately
1094,1660857502.725647,1660857502.8264863,1660857502.725647,PUBLISHED,covered_and_deskewed,27906,27906,1660857500.8299041,1660857502.829792,0.0050082206726074219,0.02,2.0183276519443574,11.33398220727077,1.1420205767807454,YES,YES,YES,True,0,0,point-time interpolation uses lower sample; future sample only brackets coverage; violating source timestamp rejects point,deskew call has no NDT input; cloud is published before NDT consumes it; NDT correction can affect only later deskew,NO; structural/code-path evidence is recorded separately
1095,1660857502.8265071,1660857502.9273462,1660857502.8265071,PUBLISHED,covered_and_deskewed,27741,27741,1660857500.929904,1660857502.9297919,0.0050079822540283203,0.02,2.1654475279475864,14.820213253059492,1.1276832657672853,YES,YES,YES,True,0,0,point-time interpolation uses lower sample; future sample only brackets coverage; violating source timestamp rejects point,deskew call has no NDT input; cloud is published before NDT consumes it; NDT correction can affect only later deskew,NO; structural/code-path evidence is recorded separately
1096,1660857502.927367,1660857503.0281503,1660857502.927367,PUBLISHED,covered_and_deskewed,27636,27636,1660857501.02984,1660857503.0297279,0.0050082206726074219,0.02,1.3268674564580576,6.3059993234790754,1.1419490927530562,YES,YES,YES,True,0,0,point-time interpolation uses lower sample; future sample only brackets coverage; violating source timestamp rejects point,deskew call has no NDT input; cloud is published before NDT consumes it; NDT correction can affect only later deskew,NO; structural/code-path evidence is recorded separately
1097,1660857503.0281711,1660857503.1290102,1660857503.0281711,PUBLISHED,covered_and_deskewed,27707,27707,1660857501.1298399,1660857503.1297281,0.0050082206726074219,0.02,1.9645071765333877,13.763654333015412,1.2881317155040226,YES,YES,YES,True,0,0,point-time interpolation uses lower sample; future sample only brackets coverage; violating source timestamp rejects point,deskew call has no NDT input; cloud is published before NDT consumes it; NDT correction can affect only later deskew,NO; structural/code-path evidence is recorded separately
1098,1660857503.1290309,1660857503.2298703,1660857503.1290309,PUBLISHED,covered_and_deskewed,27606,27606,1660857501.234832,1660857503.23472,0.0050079822540283203,0.02,1.9604662711376499,18.411986404860642,1.558373056667272,YES,YES,YES,True,0,0,point-time interpolation uses lower sample; future sample only brackets coverage; violating source timestamp rejects point,deskew call has no NDT input; cloud is published before NDT consumes it; NDT correction can affect only later deskew,NO; structural/code-path evidence is recorded separately
1099,1660857503.2298911,1660857503.3307302,1660857503.2298911,PUBLISHED,covered_and_deskewed,27276,27276,1660857501.334832,1660857503.3347199,0.0050079822540283203,0.02,1.4753399002363587,7.7231971718808703,1.1181505109941612,YES,YES,YES,True,0,0,point-time interpolation uses lower sample; future sample only brackets coverage; violating source timestamp rejects point,deskew call has no NDT input; cloud is published before NDT consumes it; NDT correction can affect only later deskew,NO; structural/code-path evidence is recorded separately
1100,1660857503.3307509,1660857503.4315903,1660857503.3307509,PUBLISHED,covered_and_deskewed,27313,27313,1660857501.4348321,1660857503.43472,0.0050082206726074219,0.02,1.6061118072994003,5.181681054589637,0.80810620648027776,YES,YES,YES,True,0,0,point-time interpolation uses lower sample; future sample only brackets coverage; violating source timestamp rejects point,deskew call has no NDT input; cloud is published before NDT consumes it; NDT correction can affect only later deskew,NO; structural/code-path evidence is recorded separately
1101,1660857503.4316111,1660857503.5324502,1660857503.4316111,PUBLISHED,covered_and_deskewed,27273,27273,1660857501.534832,1660857503.5347199,0.0050079822540283203,0.02,1.8726508028300135,15.024451461267361,1.1797466941654837,YES,YES,YES,True,0,0,point-time interpolation uses lower sample; future sample only brackets coverage; violating source timestamp rejects point,deskew call has no NDT input; cloud is published before NDT consumes it; NDT correction can affect only later deskew,NO; structural/code-path evidence is recorded separately
1102,1660857503.5324709,1660857503.6333103,1660857503.5324709,PUBLISHED,covered_and_deskewed,27390,27390,1660857501.6348319,1660857503.6347201,0.0050082206726074219,0.02,1.4862934968831893,9.2894517240550751,0.76694835754012647,YES,YES,YES,True,0,0,point-time interpolation uses lower sample; future sample only brackets coverage; violating source timestamp rejects point,deskew call has no NDT input; cloud is published before NDT consumes it; NDT correction can affect only later deskew,NO; structural/code-path evidence is recorded separately
1103,1660857503.6333311,1660857503.7341702,1660857503.6333311,PUBLISHED,covered_and_deskewed,27406,27406,1660857501.734832,1660857503.73472,0.0050079822540283203,0.02,1.4131895074730489,10.741150667300747,0.5929740248292048,YES,YES,YES,True,0,0,point-time interpolation uses lower sample; future sample only brackets coverage; violating source timestamp rejects point,deskew call has no NDT input; cloud is published before NDT consumes it; NDT correction can affect only later deskew,NO; structural/code-path evidence is recorded separately
1104,1660857503.7341909,1660857503.8350303,1660857503.7341909,PUBLISHED,covered_and_deskewed,27141,27141,1660857501.8398399,1660857503.8397281,0.0050082206726074219,0.02,1.3424584909071688,9.4170081286622107,0.6510192331415191,YES,YES,YES,True,0,0,point-time interpolation uses lower sample; future sample only brackets coverage; violating source timestamp rejects point,deskew call has no NDT input; cloud is published before NDT consumes it; NDT correction can affect only later deskew,NO; structural/code-path evidence is recorded separately
1105,1660857503.8350511,1660857503.9358902,1660857503.8350511,PUBLISHED,covered_and_deskewed,26367,26367,1660857501.9398401,1660857503.939728,0.0050082206726074219,0.02,0.89130117716669477,9.4917475609953534,0.37532552710558342,YES,YES,YES,True,0,0,point-time interpolation uses lower sample; future sample only brackets coverage; violating source timestamp rejects point,deskew call has no NDT input; cloud is published before NDT consumes it; NDT correction can affect only later deskew,NO; structural/code-path evidence is recorded separately
1106,1660857503.9359109,1660857504.0366952,1660857503.9359109,PUBLISHED,covered_and_deskewed,24549,24549,1660857502.0397921,1660857504.03968,0.0050079822540283203,0.02,1.1518186210988357,8.7650060977799917,0.33026029342082963,YES,YES,YES,True,0,0,point-time interpolation uses lower sample; future sample only brackets coverage; violating source timestamp rejects point,deskew call has no NDT input; cloud is published before NDT consumes it; NDT correction can affect only later deskew,NO; structural/code-path evidence is recorded separately
1107,1660857504.036716,1660857504.1375554,1660857504.036716,PUBLISHED,covered_and_deskewed,22945,22945,1660857502.139792,1660857504.1396799,0.0050079822540283203,0.02,1.5393470474939792,20.840272184434362,1.1059140315552702,YES,YES,YES,True,0,0,point-time interpolation uses lower sample; future sample only brackets coverage; violating source timestamp rejects point,deskew call has no NDT input; cloud is published before NDT consumes it; NDT correction can affect only later deskew,NO; structural/code-path evidence is recorded separately
1108,1660857504.1375761,1660857504.2384152,1660857504.1375761,PUBLISHED,covered_and_deskewed,22179,22179,1660857502.2397921,1660857504.2396801,0.0050082206726074219,0.02,1.0754349070290008,8.9798103578241051,0.84285616847849276,YES,YES,YES,True,0,0,point-time interpolation uses lower sample; future sample only brackets coverage; violating source timestamp rejects point,deskew call has no NDT input; cloud is published before NDT consumes it; NDT correction can affect only later deskew,NO; structural/code-path evidence is recorded separately
1109,1660857504.238436,1660857504.3392754,1660857504.238436,PUBLISHED,covered_and_deskewed,21873,21873,1660857502.339792,1660857504.33968,0.0050079822540283203,0.02,0.90234272007006333,5.2616911139539546,0.32828093583559709,YES,YES,YES,True,0,0,point-time interpolation uses lower sample; future sample only brackets coverage; violating source timestamp rejects point,deskew call has no NDT input; cloud is published before NDT consumes it; NDT correction can affect only later deskew,NO; structural/code-path evidence is recorded separately
1110,1660857504.3392961,1660857504.4401352,1660857504.3392961,PUBLISHED,covered_and_deskewed,21707,21707,1660857502.4447839,1660857504.4446721,0.0050082206726074219,0.02,1.0302514501681612,12.634918355366725,0.63568181974541871,YES,YES,YES,True,0,0,point-time interpolation uses lower sample; future sample only brackets coverage; violating source timestamp rejects point,deskew call has no NDT input; cloud is published before NDT consumes it; NDT correction can affect only later deskew,NO; structural/code-path evidence is recorded separately
1111,1660857504.440156,1660857504.5409944,1660857504.440156,PUBLISHED,covered_and_deskewed,21630,21630,1660857502.5447841,1660857504.544672,0.0050079822540283203,0.02,0.78050037242945414,7.2831955533324324,0.98940379321602578,YES,YES,YES,True,0,0,point-time interpolation uses lower sample; future sample only brackets coverage; violating source timestamp rejects point,deskew call has no NDT input; cloud is published before NDT consumes it; NDT correction can affect only later deskew,NO; structural/code-path evidence is recorded separately
1112,1660857504.5410161,1660857504.6418543,1660857504.5410161,PUBLISHED,covered_and_deskewed,21961,21961,1660857502.644784,1660857504.6446719,0.0050079822540283203,0.02,0.77679094589586162,20.592048212668935,1.2964365138241465,YES,YES,YES,True,0,0,point-time interpolation uses lower sample; future sample only brackets coverage; violating source timestamp rejects point,deskew call has no NDT input; cloud is published before NDT consumes it; NDT correction can affect only later deskew,NO; structural/code-path evidence is recorded separately
1113,1660857504.641876,1660857504.7427144,1660857504.641876,PUBLISHED,covered_and_deskewed,22178,22178,1660857502.7447841,1660857504.7446721,0.0050082206726074219,0.02,0.79978389614103573,14.934962088809179,1.0557108615444766,YES,YES,YES,True,0,0,point-time interpolation uses lower sample; future sample only brackets coverage; violating source timestamp rejects point,deskew call has no NDT input; cloud is published before NDT consumes it; NDT correction can affect only later deskew,NO; structural/code-path evidence is recorded separately
1114,1660857504.7427349,1660857504.8435743,1660857504.7427349,PUBLISHED,covered_and_deskewed,21964,21964,1660857502.844784,1660857504.844672,0.0050079822540283203,0.02,0.6163663367427098,5.0023439514670898,1.1104064426291838,YES,YES,YES,True,0,0,point-time interpolation uses lower sample; future sample only brackets coverage; violating source timestamp rejects point,deskew call has no NDT input; cloud is published before NDT consumes it; NDT correction can affect only later deskew,NO; structural/code-path evidence is recorded separately
1115,1660857504.843595,1660857504.9444344,1660857504.843595,PUBLISHED,covered_and_deskewed,22417,22417,1660857502.9447839,1660857504.9446721,0.0050082206726074219,0.02,1.1511594820407678,11.329238820073494,1.3990967398788572,YES,YES,YES,True,0,0,point-time interpolation uses lower sample; future sample only brackets coverage; violating source timestamp rejects point,deskew call has no NDT input; cloud is published before NDT consumes it; NDT correction can affect only later deskew,NO; structural/code-path evidence is recorded separately
1116,1660857504.9444549,1660857505.0452383,1660857504.9444549,PUBLISHED,covered_and_deskewed,22670,22670,1660857503.0497279,1660857505.0496161,0.0050082206726074219,0.02,1.0964888864031865,15.501948090336802,1.4161458876133743,YES,YES,YES,True,0,0,point-time interpolation uses lower sample; future sample only brackets coverage; violating source timestamp rejects point,deskew call has no NDT input; cloud is published before NDT consumes it; NDT correction can affect only later deskew,NO; structural/code-path evidence is recorded separately
1117,1660857505.045259,1660857505.1460984,1660857505.045259,PUBLISHED,covered_and_deskewed,22038,22038,1660857503.1497281,1660857505.149616,0.0050079822540283203,0.02,0.85833544950200724,5.3933117854096704,0.82608432198041315,YES,YES,YES,True,0,0,point-time interpolation uses lower sample; future sample only brackets coverage; violating source timestamp rejects point,deskew call has no NDT input; cloud is published before NDT consumes it; NDT correction can affect only later deskew,NO; structural/code-path evidence is recorded separately
1118,1660857505.1461191,1660857505.2469583,1660857505.1461191,PUBLISHED,covered_and_deskewed,22593,22593,1660857503.249728,1660857505.2496159,0.0050079822540283203,0.02,1.7003098047310694,14.452209950104058,0.85367043546829446,YES,YES,YES,True,0,0,point-time interpolation uses lower sample; future sample only brackets coverage; violating source timestamp rejects point,deskew call has no NDT input; cloud is published before NDT consumes it; NDT correction can affect only later deskew,NO; structural/code-path evidence is recorded separately
1119,1660857505.246979,1660857505.3478184,1660857505.246979,PUBLISHED,covered_and_deskewed,24310,24310,1660857503.3497281,1660857505.3496161,0.0050082206726074219,0.02,1.401203122148668,16.570726962195906,0.86478767099490983,YES,YES,YES,True,0,0,point-time interpolation uses lower sample; future sample only brackets coverage; violating source timestamp rejects point,deskew call has no NDT input; cloud is published before NDT consumes it; NDT correction can affect only later deskew,NO; structural/code-path evidence is recorded separately
1120,1660857505.3478391,1660857505.4486783,1660857505.3478391,PUBLISHED,covered_and_deskewed,25216,25216,1660857503.449728,1660857505.449616,0.0050079822540283203,0.02,1.1958073205511195,6.3166986906018137,0.26621193388173181,YES,YES,YES,True,0,0,point-time interpolation uses lower sample; future sample only brackets coverage; violating source timestamp rejects point,deskew call has no NDT input; cloud is published before NDT consumes it; NDT correction can affect only later deskew,NO; structural/code-path evidence is recorded separately
1121,1660857505.448699,1660857505.5495384,1660857505.448699,PUBLISHED,covered_and_deskewed,24679,24679,1660857503.5497279,1660857505.5496161,0.0050082206726074219,0.02,1.823676062257628,12.303466452022501,0.8676191100442544,YES,YES,YES,True,0,0,point-time interpolation uses lower sample; future sample only brackets coverage; violating source timestamp rejects point,deskew call has no NDT input; cloud is published before NDT consumes it; NDT correction can affect only later deskew,NO; structural/code-path evidence is recorded separately
1122,1660857505.5495591,1660857505.6503983,1660857505.5495591,PUBLISHED,covered_and_deskewed,24562,24562,1660857503.6547201,1660857505.654608,0.0050079822540283203,0.02,1.634628305680651,15.825685940059754,1.104504275874602,YES,YES,YES,True,0,0,point-time interpolation uses lower sample; future sample only brackets coverage; violating source timestamp rejects point,deskew call has no NDT input; cloud is published before NDT consumes it; NDT correction can affect only later deskew,NO; structural/code-path evidence is recorded separately
1123,1660857505.650419,1660857505.7512584,1660857505.650419,PUBLISHED,covered_and_deskewed,24208,24208,1660857503.75472,1660857505.7546079,0.0050079822540283203,0.02,1.1665606714077532,5.4501563789916103,0.33384853110976431,YES,YES,YES,True,0,0,point-time interpolation uses lower sample; future sample only brackets coverage; violating source timestamp rejects point,deskew call has no NDT input; cloud is published before NDT consumes it; NDT correction can affect only later deskew,NO; structural/code-path evidence is recorded separately
1124,1660857505.7512791,1660857505.8516967,1660857505.7512791,PUBLISHED,covered_and_deskewed,25221,25221,1660857503.8547201,1660857505.8546081,0.0050082206726074219,0.02,1.6793010930153818,8.7845500205543807,0.29937944540817651,YES,YES,YES,True,0,0,point-time interpolation uses lower sample; future sample only brackets coverage; violating source timestamp rejects point,deskew call has no NDT input; cloud is published before NDT consumes it; NDT correction can affect only later deskew,NO; structural/code-path evidence is recorded separately
1125,1660857505.852139,1660857505.9529784,1660857505.852139,PUBLISHED,covered_and_deskewed,25907,25907,1660857503.95472,1660857505.954608,0.0050079822540283203,0.02,1.4468198224081352,12.52980010341545,0.64134191679545705,YES,YES,YES,True,0,0,point-time interpolation uses lower sample; future sample only brackets coverage; violating source timestamp rejects point,deskew call has no NDT input; cloud is published before NDT consumes it; NDT correction can affect only later deskew,NO; structural/code-path evidence is recorded separately
1126,1660857505.9529991,1660857506.0537801,1660857505.9529991,PUBLISHED,covered_and_deskewed,25920,25920,1660857504.054672,1660857506.0545599,0.0050079822540283203,0.02,1.0142557512979173,6.0343573811016,0.43996140408561235,YES,YES,YES,True,0,0,point-time interpolation uses lower sample; future sample only brackets coverage; violating source timestamp rejects point,deskew call has no NDT input; cloud is published before NDT consumes it; NDT correction can affect only later deskew,NO; structural/code-path evidence is recorded separately
1127,1660857506.053803,1660857506.1546423,1660857506.053803,PUBLISHED,covered_and_deskewed,25692,25692,1660857504.1596799,1660857506.1595681,0.0050082206726074219,0.02,1.6544032006475391,13.353437088119835,0.40770442340503482,YES,YES,YES,True,0,0,point-time interpolation uses lower sample; future sample only brackets coverage; violating source timestamp rejects point,deskew call has no NDT input; cloud is published before NDT consumes it; NDT correction can affect only later deskew,NO; structural/code-path evidence is recorded separately
1128,1660857506.1546631,1660857506.2555022,1660857506.1546631,PUBLISHED,covered_and_deskewed,25592,25592,1660857504.25968,1660857506.259568,0.0050079822540283203,0.02,1.5901879013875089,13.35270431113573,0.65095681310374143,YES,YES,YES,True,0,0,point-time interpolation uses lower sample; future sample only brackets coverage; violating source timestamp rejects point,deskew call has no NDT input; cloud is published before NDT consumes it; NDT correction can affect only later deskew,NO; structural/code-path evidence is recorded separately
1129,1660857506.255523,1660857506.3563623,1660857506.255523,PUBLISHED,covered_and_deskewed,25031,25031,1660857504.3596799,1660857506.3595681,0.0050082206726074219,0.02,1.2764242407253368,7.095038142992709,0.37387677695835442,YES,YES,YES,True,0,0,point-time interpolation uses lower sample; future sample only brackets coverage; violating source timestamp rejects point,deskew call has no NDT input; cloud is published before NDT consumes it; NDT correction can affect only later deskew,NO; structural/code-path evidence is recorded separately
1130,1660857506.3563831,1660857506.4572222,1660857506.3563831,PUBLISHED,covered_and_deskewed,24039,24039,1660857504.4596801,1660857506.459568,0.0050082206726074219,0.02,1.8198966909332084,17.552592436572127,0.54867635910661605,YES,YES,YES,True,0,0,point-time interpolation uses lower sample; future sample only brackets coverage; violating source timestamp rejects point,deskew call has no NDT input; cloud is published before NDT consumes it; NDT correction can affect only later deskew,NO; structural/code-path evidence is recorded separately
1131,1660857506.457243,1660857506.5580823,1660857506.457243,PUBLISHED,covered_and_deskewed,24379,24379,1660857504.55968,1660857506.5595679,0.0050079822540283203,0.02,1.7439007172001748,18.659717743707034,1.1346903847030747,YES,YES,YES,True,0,0,point-time interpolation uses lower sample; future sample only brackets coverage; violating source timestamp rejects point,deskew call has no NDT input; cloud is published before NDT consumes it; NDT correction can affect only later deskew,NO; structural/code-path evidence is recorded separately
1132,1660857506.5581031,1660857506.6589422,1660857506.5581031,PUBLISHED,covered_and_deskewed,24607,24607,1660857504.6596799,1660857506.6595681,0.0050082206726074219,0.02,1.3115715240671819,5.7320659113701131,0.30468706852400995,YES,YES,YES,True,0,0,point-time interpolation uses lower sample; future sample only brackets coverage; violating source timestamp rejects point,deskew call has no NDT input; cloud is published before NDT consumes it; NDT correction can affect only later deskew,NO; structural/code-path evidence is recorded separately
1133,1660857506.658963,1660857506.7598014,1660857506.658963,PUBLISHED,covered_and_deskewed,24740,24740,1660857504.764672,1660857506.76456,0.0050079822540283203,0.02,1.7485673421636652,17.091338348220937,0.79724791412044016,YES,YES,YES,True,0,0,point-time interpolation uses lower sample; future sample only brackets coverage; violating source timestamp rejects point,deskew call has no NDT input; cloud is published before NDT consumes it; NDT correction can affect only later deskew,NO; structural/code-path evidence is recorded separately
1134,1660857506.7598231,1660857506.8606613,1660857506.7598231,PUBLISHED,covered_and_deskewed,25420,25420,1660857504.8646719,1660857506.8645599,0.0050082206726074219,0.02,1.5986826155369069,13.90905190173107,0.86897660614124617,YES,YES,YES,True,0,0,point-time interpolation uses lower sample; future sample only brackets coverage; violating source timestamp rejects point,deskew call has no NDT input; cloud is published before NDT consumes it; NDT correction can affect only later deskew,NO; structural/code-path evidence is recorded separately
1135,1660857506.860683,1660857506.9615214,1660857506.860683,PUBLISHED,covered_and_deskewed,25728,25728,1660857504.9646721,1660857506.96456,0.0050082206726074219,0.02,1.2477702463192226,5.1321292271099557,0.26390993947176333,YES,YES,YES,True,0,0,point-time interpolation uses lower sample; future sample only brackets coverage; violating source timestamp rejects point,deskew call has no NDT input; cloud is published before NDT consumes it; NDT correction can affect only later deskew,NO; structural/code-path evidence is recorded separately
1136,1660857506.9615419,1660857507.0623252,1660857506.9615419,PUBLISHED,covered_and_deskewed,25648,25648,1660857505.0646081,1660857507.064496,0.0099999904632568359,0.02,1.7653663169889962,24.420019470097547,1.1736008102443178,YES,YES,YES,True,0,0,point-time interpolation uses lower sample; future sample only brackets coverage; violating source timestamp rejects point,deskew call has no NDT input; cloud is published before NDT consumes it; NDT correction can affect only later deskew,NO; structural/code-path evidence is recorded separately
1137,1660857507.062346,1660857507.1631854,1660857507.062346,PUBLISHED,covered_and_deskewed,25846,25846,1660857505.164608,1660857507.1644959,0.0050079822540283203,0.02,1.7022361194474473,29.748383935378651,1.3407990780755059,YES,YES,YES,True,0,0,point-time interpolation uses lower sample; future sample only brackets coverage; violating source timestamp rejects point,deskew call has no NDT input; cloud is published before NDT consumes it; NDT correction can affect only later deskew,NO; structural/code-path evidence is recorded separately
1138,1660857507.1632061,1660857507.2640452,1660857507.1632061,PUBLISHED,covered_and_deskewed,25685,25685,1660857505.2646079,1660857507.2644961,0.0050082206726074219,0.02,1.2138671136534271,9.9268757698876193,0.7481174580144061,YES,YES,YES,True,0,0,point-time interpolation uses lower sample; future sample only brackets coverage; violating source timestamp rejects point,deskew call has no NDT input; cloud is published before NDT consumes it; NDT correction can affect only later deskew,NO; structural/code-path evidence is recorded separately
1139,1660857507.264066,1660857507.3649054,1660857507.264066,PUBLISHED,covered_and_deskewed,25291,25291,1660857505.369616,1660857507.369504,0.0099999904632568359,0.02,1.8958411900612295,11.05992561059178,0.4673892702949215,YES,YES,YES,True,0,0,point-time interpolation uses lower sample; future sample only brackets coverage; violating source timestamp rejects point,deskew call has no NDT input; cloud is published before NDT consumes it; NDT correction can affect only later deskew,NO; structural/code-path evidence is recorded separately
1140,1660857507.3649261,1660857507.4657652,1660857507.3649261,PUBLISHED,covered_and_deskewed,25498,25498,1660857505.4696159,1660857507.4695041,0.0050082206726074219,0.02,1.8970290925341502,11.179542359986231,0.75774460125373866,YES,YES,YES,True,0,0,point-time interpolation uses lower sample; future sample only brackets coverage; violating source timestamp rejects point,deskew call has no NDT input; cloud is published before NDT consumes it; NDT correction can affect only later deskew,NO; structural/code-path evidence is recorded separately
1141,1660857507.465786,1660857507.5666254,1660857507.465786,PUBLISHED,covered_and_deskewed,25446,25446,1660857505.5696161,1660857507.569504,0.0050082206726074219,0.02,1.1567824400487594,5.9657237212234682,0.30191033401162515,YES,YES,YES,True,0,0,point-time interpolation uses lower sample; future sample only brackets coverage; violating source timestamp rejects point,deskew call has no NDT input; cloud is published before NDT consumes it; NDT correction can affect only later deskew,NO; structural/code-path evidence is recorded separately
1142,1660857507.5666461,1660857507.6674852,1660857507.5666461,PUBLISHED,covered_and_deskewed,25223,25223,1660857505.669616,1660857507.6695039,0.0050079822540283203,0.02,1.8438926713206369,14.173798390180243,0.52908339816474259,YES,YES,YES,True,0,0,point-time interpolation uses lower sample; future sample only brackets coverage; violating source timestamp rejects point,deskew call has no NDT input; cloud is published before NDT consumes it; NDT correction can affect only later deskew,NO; structural/code-path evidence is recorded separately
1143,1660857507.667506,1660857507.7683454,1660857507.667506,PUBLISHED,covered_and_deskewed,25303,25303,1660857505.7696159,1660857507.7695041,0.0050082206726074219,0.02,1.9560827970109265,14.18459292455673,0.84212858438472915,YES,YES,YES,True,0,0,point-time interpolation uses lower sample; future sample only brackets coverage; violating source timestamp rejects point,deskew call has no NDT input; cloud is published before NDT consumes it; NDT correction can affect only later deskew,NO; structural/code-path evidence is recorded separately
1144,1660857507.7683661,1660857507.8692052,1660857507.7683661,PUBLISHED,covered_and_deskewed,25414,25414,1660857505.869616,1660857507.869504,0.0050079822540283203,0.02,1.2971241911368008,5.1385424104878963,0.28211438077837164,YES,YES,YES,True,0,0,point-time interpolation uses lower sample; future sample only brackets coverage; violating source timestamp rejects point,deskew call has no NDT input; cloud is published before NDT consumes it; NDT correction can affect only later deskew,NO; structural/code-path evidence is recorded separately
1145,1660857507.869226,1660857507.9700654,1660857507.869226,PUBLISHED,covered_and_deskewed,25272,25272,1660857505.9746079,1660857507.9744959,0.0050082206726074219,0.02,1.9282443885416569,9.2981395561860314,0.35935045811006194,YES,YES,YES,True,0,0,point-time interpolation uses lower sample; future sample only brackets coverage; violating source timestamp rejects point,deskew call has no NDT input; cloud is published before NDT consumes it; NDT correction can affect only later deskew,NO; structural/code-path evidence is recorded separately
1146,1660857507.9700861,1660857508.0708704,1660857507.9700861,PUBLISHED,covered_and_deskewed,25475,25475,1660857506.0745599,1660857508.0744481,0.0050082206726074219,0.02,1.9289110692494749,13.285596468358529,0.97796687057470544,YES,YES,YES,True,0,0,point-time interpolation uses lower sample; future sample only brackets coverage; violating source timestamp rejects point,deskew call has no NDT input; cloud is published before NDT consumes it; NDT correction can affect only later deskew,NO; structural/code-path evidence is recorded separately
1147,1660857508.0708909,1660857508.1717303,1660857508.0708909,PUBLISHED,covered_and_deskewed,25311,25311,1660857506.1745601,1660857508.174448,0.0050079822540283203,0.02,1.1051204345361285,4.6745999429503895,0.29749061015195211,YES,YES,YES,True,0,0,point-time interpolation uses lower sample; future sample only brackets coverage; violating source timestamp rejects point,deskew call has no NDT input; cloud is published before NDT consumes it; NDT correction can affect only later deskew,NO; structural/code-path evidence is recorded separately
1148,1660857508.171751,1660857508.2725904,1660857508.171751,PUBLISHED,covered_and_deskewed,25128,25128,1660857506.27456,1660857508.2744479,0.0050079822540283203,0.02,1.7940951078737917,12.114241122458219,0.72160991153491882,YES,YES,YES,True,0,0,point-time interpolation uses lower sample; future sample only brackets coverage; violating source timestamp rejects point,deskew call has no NDT input; cloud is published before NDT consumes it; NDT correction can affect only later deskew,NO; structural/code-path evidence is recorded separately
1149,1660857508.2726109,1660857508.3734503,1660857508.2726109,PUBLISHED,covered_and_deskewed,25207,25207,1660857506.3745601,1660857508.3744481,0.0050082206726074219,0.02,1.8450125067520573,15.409813625275861,1.5301096836758739,YES,YES,YES,True,0,0,point-time interpolation uses lower sample; future sample only brackets coverage; violating source timestamp rejects point,deskew call has no NDT input; cloud is published before NDT consumes it; NDT correction can affect only later deskew,NO; structural/code-path evidence is recorded separately
1150,1660857508.373471,1660857508.4743104,1660857508.373471,PUBLISHED,covered_and_deskewed,25044,25044,1660857506.47456,1660857508.474448,0.0050079822540283203,0.02,1.1947734485673061,7.9758708907359592,0.86130152292564943,YES,YES,YES,True,0,0,point-time interpolation uses lower sample; future sample only brackets coverage; violating source timestamp rejects point,deskew call has no NDT input; cloud is published before NDT consumes it; NDT correction can affect only later deskew,NO; structural/code-path evidence is recorded separately
1151,1660857508.4743309,1660857508.5751703,1660857508.4743309,PUBLISHED,covered_and_deskewed,24510,24510,1660857506.5795679,1660857508.5794561,0.0050082206726074219,0.02,1.7814074685969401,7.6260035272301403,0.57932420101531079,YES,YES,YES,True,0,0,point-time interpolation uses lower sample; future sample only brackets coverage; violating source timestamp rejects point,deskew call has no NDT input; cloud is published before NDT consumes it; NDT correction can affect only later deskew,NO; structural/code-path evidence is recorded separately
1152,1660857508.575191,1660857508.6760304,1660857508.575191,PUBLISHED,covered_and_deskewed,24665,24665,1660857506.6795681,1660857508.679456,0.0050079822540283203,0.02,1.7883961567339643,10.819947118108884,0.75141965961091095,YES,YES,YES,True,0,0,point-time interpolation uses lower sample; future sample only brackets coverage; violating source timestamp rejects point,deskew call has no NDT input; cloud is published before NDT consumes it; NDT correction can affect only later deskew,NO; structural/code-path evidence is recorded separately
1153,1660857508.6760509,1660857508.7768903,1660857508.6760509,PUBLISHED,covered_and_deskewed,24928,24928,1660857506.779568,1660857508.7794559,0.0050079822540283203,0.02,1.0987238452181802,5.2396144062687871,0.42509612424936549,YES,YES,YES,True,0,0,point-time interpolation uses lower sample; future sample only brackets coverage; violating source timestamp rejects point,deskew call has no NDT input; cloud is published before NDT consumes it; NDT correction can affect only later deskew,NO; structural/code-path evidence is recorded separately
1154,1660857508.776911,1660857508.8777504,1660857508.776911,PUBLISHED,covered_and_deskewed,24824,24824,1660857506.8795681,1660857508.879456,0.0050082206726074219,0.02,1.5989986893115531,5.8882349905245199,0.40821732451236975,YES,YES,YES,True,0,0,point-time interpolation uses lower sample; future sample only brackets coverage; violating source timestamp rejects point,deskew call has no NDT input; cloud is published before NDT consumes it; NDT correction can affect only later deskew,NO; structural/code-path evidence is recorded separately
1155,1660857508.8777709,1660857508.9786103,1660857508.8777709,PUBLISHED,covered_and_deskewed,25024,25024,1660857506.979568,1660857508.9794559,0.0050079822540283203,0.02,1.8410073875916784,19.715870878177281,1.1092993776480993,YES,YES,YES,True,0,0,point-time interpolation uses lower sample; future sample only brackets coverage; violating source timestamp rejects point,deskew call has no NDT input; cloud is published before NDT consumes it; NDT correction can affect only later deskew,NO; structural/code-path evidence is recorded separately
1156,1660857508.978631,1660857509.0794134,1660857508.978631,PUBLISHED,covered_and_deskewed,25130,25130,1660857507.084496,1660857509.084384,0.0050079822540283203,0.02,1.3016233250846756,5.6076358029325455,0.43723448233956391,YES,YES,YES,True,0,0,point-time interpolation uses lower sample; future sample only brackets coverage; violating source timestamp rejects point,deskew call has no NDT input; cloud is published before NDT consumes it; NDT correction can affect only later deskew,NO; structural/code-path evidence is recorded separately
1157,1660857509.0794351,1660857509.1802733,1660857509.0794351,PUBLISHED,covered_and_deskewed,24759,24759,1660857507.1844959,1660857509.1843841,0.0050082206726074219,0.02,1.9066600341558777,9.8844730011598259,0.34741875767820896,YES,YES,YES,True,0,0,point-time interpolation uses lower sample; future sample only brackets coverage; violating source timestamp rejects point,deskew call has no NDT input; cloud is published before NDT consumes it; NDT correction can affect only later deskew,NO; structural/code-path evidence is recorded separately
1158,1660857509.180295,1660857509.2811334,1660857509.180295,PUBLISHED,covered_and_deskewed,24735,24735,1660857507.2895041,1660857509.284384,0.0050079822540283203,0.02,1.9571460510082122,14.786480202369559,0.74180630991859342,YES,YES,YES,True,0,0,point-time interpolation uses lower sample; future sample only brackets coverage; violating source timestamp rejects point,deskew call has no NDT input; cloud is published before NDT consumes it; NDT correction can affect only later deskew,NO; structural/code-path evidence is recorded separately
1159,1660857509.2811539,1660857509.3819933,1660857509.2811539,PUBLISHED,covered_and_deskewed,24732,24732,1660857507.384496,1660857509.3843839,0.0050079822540283203,0.02,1.1495400973089751,6.4466785705570882,0.68862171470802624,YES,YES,YES,True,0,0,point-time interpolation uses lower sample; future sample only brackets coverage; violating source timestamp rejects point,deskew call has no NDT input; cloud is published before NDT consumes it; NDT correction can affect only later deskew,NO; structural/code-path evidence is recorded separately
1160,1660857509.382014,1660857509.4828513,1660857509.382014,PUBLISHED,covered_and_deskewed,24334,24334,1660857507.4844961,1660857509.4843841,0.0050082206726074219,0.02,1.7927287134255028,8.8070734244400981,0.79058592356932034,YES,YES,YES,True,0,0,point-time interpolation uses lower sample; future sample only brackets coverage; violating source timestamp rejects point,deskew call has no NDT input; cloud is published before NDT consumes it; NDT correction can affect only later deskew,NO; structural/code-path evidence is recorded separately
1161,1660857509.4828739,1660857509.5837111,1660857509.4828739,PUBLISHED,covered_and_deskewed,24236,24236,1660857507.584496,1660857509.584384,0.0050079822540283203,0.02,1.9283077209133539,18.573838214946864,0.7585199761797139,YES,YES,YES,True,0,0,point-time interpolation uses lower sample; future sample only brackets coverage; violating source timestamp rejects point,deskew call has no NDT input; cloud is published before NDT consumes it; NDT correction can affect only later deskew,NO; structural/code-path evidence is recorded separately
1162,1660857509.583734,1660857509.6845713,1660857509.583734,PUBLISHED,covered_and_deskewed,24303,24303,1660857507.6895039,1660857509.6893921,0.0050082206726074219,0.02,1.2823301691777733,5.7769143973694899,0.4229715715058292,YES,YES,YES,True,0,0,point-time interpolation uses lower sample; future sample only brackets coverage; violating source timestamp rejects point,deskew call has no NDT input; cloud is published before NDT consumes it; NDT correction can affect only later deskew,NO; structural/code-path evidence is recorded separately
1163,1660857509.6845939,1660857509.7854311,1660857509.6845939,PUBLISHED,covered_and_deskewed,24242,24242,1660857507.7895041,1660857509.789392,0.0050079822540283203,0.02,1.7628075928266802,8.7581011441265293,0.27808380553319667,YES,YES,YES,True,0,0,point-time interpolation uses lower sample; future sample only brackets coverage; violating source timestamp rejects point,deskew call has no NDT input; cloud is published before NDT consumes it; NDT correction can affect only later deskew,NO; structural/code-path evidence is recorded separately
1164,1660857509.785454,1660857509.8862913,1660857509.785454,PUBLISHED,covered_and_deskewed,24493,24493,1660857507.889504,1660857509.8893919,0.0050079822540283203,0.02,1.7359638371292863,15.745974737232356,0.75420658258271378,YES,YES,YES,True,0,0,point-time interpolation uses lower sample; future sample only brackets coverage; violating source timestamp rejects point,deskew call has no NDT input; cloud is published before NDT consumes it; NDT correction can affect only later deskew,NO; structural/code-path evidence is recorded separately
1165,1660857509.8863139,1660857509.9871511,1660857509.8863139,PUBLISHED,covered_and_deskewed,24620,24620,1660857507.9895041,1660857509.989392,0.0050082206726074219,0.02,1.1764553342871926,4.8973138623606705,0.28054398703550004,YES,YES,YES,True,0,0,point-time interpolation uses lower sample; future sample only brackets coverage; violating source timestamp rejects point,deskew call has no NDT input; cloud is published before NDT consumes it; NDT correction can affect only later deskew,NO; structural/code-path evidence is recorded separately
1166,1660857509.987174,1660857510.0879552,1660857509.987174,PUBLISHED,covered_and_deskewed,24368,24368,1660857508.0894561,1660857510.089344,0.0050079822540283203,0.02,1.9017565681068287,8.4657650194409602,0.23061545446011439,YES,YES,YES,True,0,0,point-time interpolation uses lower sample; future sample only brackets coverage; violating source timestamp rejects point,deskew call has no NDT input; cloud is published before NDT consumes it; NDT correction can affect only later deskew,NO; structural/code-path evidence is recorded separately
1167,1660857510.0879779,1660857510.1888151,1660857510.0879779,PUBLISHED,covered_and_deskewed,24356,24356,1660857508.189456,1660857510.1893439,0.0050079822540283203,0.02,1.8906824478526696,15.447053170088321,0.92575214738298062,YES,YES,YES,True,0,0,point-time interpolation uses lower sample; future sample only brackets coverage; violating source timestamp rejects point,deskew call has no NDT input; cloud is published before NDT consumes it; NDT correction can affect only later deskew,NO; structural/code-path evidence is recorded separately
1168,1660857510.188838,1660857510.2896752,1660857510.188838,PUBLISHED,covered_and_deskewed,24370,24370,1660857508.2944479,1660857510.2943361,0.014991998672485352,0.02,1.2447721376676506,5.2775021175357972,0.27637828033479062,YES,YES,YES,True,0,0,point-time interpolation uses lower sample; future sample only brackets coverage; violating source timestamp rejects point,deskew call has no NDT input; cloud is published before NDT consumes it; NDT correction can affect only later deskew,NO; structural/code-path evidence is recorded separately
1169,1660857510.2896979,1660857510.3905351,1660857510.2896979,PUBLISHED,covered_and_deskewed,24256,24256,1660857508.394448,1660857510.394336,0.0050079822540283203,0.02,1.8855073404151039,11.012072014488274,0.34371187942687736,YES,YES,YES,True,0,0,point-time interpolation uses lower sample; future sample only brackets coverage; violating source timestamp rejects point,deskew call has no NDT input; cloud is published before NDT consumes it; NDT correction can affect only later deskew,NO; structural/code-path evidence is recorded separately
1170,1660857510.390558,1660857510.4913952,1660857510.390558,PUBLISHED,covered_and_deskewed,24248,24248,1660857508.4944479,1660857510.4943359,0.0050079822540283203,0.02,1.8320026970208745,10.865021879384869,0.78489372855035899,YES,YES,YES,True,0,0,point-time interpolation uses lower sample; future sample only brackets coverage; violating source timestamp rejects point,deskew call has no NDT input; cloud is published before NDT consumes it; NDT correction can affect only later deskew,NO; structural/code-path evidence is recorded separately
1171,1660857510.4914179,1660857510.5922551,1660857510.4914179,PUBLISHED,covered_and_deskewed,24221,24221,1660857508.5944481,1660857510.594336,0.0050082206726074219,0.02,1.2731518319254613,5.0191537742970933,0.20265758861091923,YES,YES,YES,True,0,0,point-time interpolation uses lower sample; future sample only brackets coverage; violating source timestamp rejects point,deskew call has no NDT input; cloud is published before NDT consumes it; NDT correction can affect only later deskew,NO; structural/code-path evidence is recorded separately
1172,1660857510.592278,1660857510.6931152,1660857510.592278,PUBLISHED,covered_and_deskewed,24025,24025,1660857508.694448,1660857510.6943359,0.0050079822540283203,0.02,1.874360463217694,8.807250852903687,0.47254270896873685,YES,YES,YES,True,0,0,point-time interpolation uses lower sample; future sample only brackets coverage; violating source timestamp rejects point,deskew call has no NDT input; cloud is published before NDT consumes it; NDT correction can affect only later deskew,NO; structural/code-path evidence is recorded separately
1173,1660857510.6931379,1660857510.7939751,1660857510.6931379,PUBLISHED,covered_and_deskewed,24105,24105,1660857508.7944479,1660857510.7943361,0.0050082206726074219,0.02,1.7856348882703001,15.642766565538311,0.8954964029210456,YES,YES,YES,True,0,0,point-time interpolation uses lower sample; future sample only brackets coverage; violating source timestamp rejects point,deskew call has no NDT input; cloud is published before NDT consumes it; NDT correction can affect only later deskew,NO; structural/code-path evidence is recorded separately
1174,1660857510.793998,1660857510.8948352,1660857510.793998,PUBLISHED,covered_and_deskewed,24167,24167,1660857508.899456,1660857510.899344,0.0050079822540283203,0.02,1.2339656543532893,5.120553404946123,0.25150533293179772,YES,YES,YES,True,0,0,point-time interpolation uses lower sample; future sample only brackets coverage; violating source timestamp rejects point,deskew call has no NDT input; cloud is published before NDT consumes it; NDT correction can affect only later deskew,NO; structural/code-path evidence is recorded separately
1175,1660857510.8948579,1660857510.9956951,1660857510.8948579,PUBLISHED,covered_and_deskewed,24019,24019,1660857508.9994559,1660857510.9993441,0.0050082206726074219,0.02,1.8285535215357156,8.0848582391936024,0.51631176579033466,YES,YES,YES,True,0,0,point-time interpolation uses lower sample; future sample only brackets coverage; violating source timestamp rejects point,deskew call has no NDT input; cloud is published before NDT consumes it; NDT correction can affect only later deskew,NO; structural/code-path evidence is recorded separately
1176,1660857510.995718,1660857511.0964983,1660857510.995718,PUBLISHED,covered_and_deskewed,24036,24036,1660857509.0993919,1660857511.0992801,0.0050082206726074219,0.02,1.7633001221721802,13.718668569607422,0.6041737418601737,YES,YES,YES,True,0,0,point-time interpolation uses lower sample; future sample only brackets coverage; violating source timestamp rejects point,deskew call has no NDT input; cloud is published before NDT consumes it; NDT correction can affect only later deskew,NO; structural/code-path evidence is recorded separately
1177,1660857511.0965221,1660857511.1973534,1660857511.0965221,PUBLISHED,covered_and_deskewed,24026,24026,1660857509.1993921,1660857511.19928,0.0050082206726074219,0.02,1.2466088582037596,5.3059602433587356,0.27653208280202418,YES,YES,YES,True,0,0,point-time interpolation uses lower sample; future sample only brackets coverage; violating source timestamp rejects point,deskew call has no NDT input; cloud is published before NDT consumes it; NDT correction can affect only later deskew,NO; structural/code-path evidence is recorded separately
1178,1660857511.197382,1660857511.2982183,1660857511.197382,PUBLISHED,covered_and_deskewed,23987,23987,1660857509.299392,1660857511.2992799,0.0050079822540283203,0.02,1.8888319058167204,14.178630920930985,0.52699315348943265,YES,YES,YES,True,0,0,point-time interpolation uses lower sample; future sample only brackets coverage; violating source timestamp rejects point,deskew call has no NDT input; cloud is published before NDT consumes it; NDT correction can affect only later deskew,NO; structural/code-path evidence is recorded separately
1179,1660857511.2982409,1660857511.3990781,1660857511.2982409,PUBLISHED,covered_and_deskewed,24025,24025,1660857509.3993919,1660857511.3992801,0.0050082206726074219,0.02,1.6619010041425426,17.149791579269067,1.0152411121395444,YES,YES,YES,True,0,0,point-time interpolation uses lower sample; future sample only brackets coverage; violating source timestamp rejects point,deskew call has no NDT input; cloud is published before NDT consumes it; NDT correction can affect only later deskew,NO; structural/code-path evidence is recorded separately
1180,1660857511.399101,1660857511.4999382,1660857511.399101,PUBLISHED,covered_and_deskewed,24032,24032,1660857509.504384,1660857511.504272,0.0050079822540283203,0.02,1.2337174206542305,5.238330684426308,0.35607918399343946,YES,YES,YES,True,0,0,point-time interpolation uses lower sample; future sample only brackets coverage; violating source timestamp rejects point,deskew call has no NDT input; cloud is published before NDT consumes it; NDT correction can affect only later deskew,NO; structural/code-path evidence is recorded separately
1181,1660857511.4999609,1660857511.6008003,1660857511.4999609,PUBLISHED,covered_and_deskewed,23854,23854,1660857509.6043839,1660857511.6042719,0.0050082206726074219,0.02,1.9251451288205259,9.3048367969537509,0.51588898293388785,YES,YES,YES,True,0,0,point-time interpolation uses lower sample; future sample only brackets coverage; violating source timestamp rejects point,deskew call has no NDT input; cloud is published before NDT consumes it; NDT correction can affect only later deskew,NO; structural/code-path evidence is recorded separately
1182,1660857511.600821,1660857511.7016604,1660857511.600821,PUBLISHED,covered_and_deskewed,23895,23895,1660857509.7043841,1660857511.704272,0.0050082206726074219,0.02,1.6228812886477564,13.470236665441782,0.63619797631483488,YES,YES,YES,True,0,0,point-time interpolation uses lower sample; future sample only brackets coverage; violating source timestamp rejects point,deskew call has no NDT input; cloud is published before NDT consumes it; NDT correction can affect only later deskew,NO; structural/code-path evidence is recorded separately
1183,1660857511.7016809,1660857511.8025203,1660857511.7016809,PUBLISHED,covered_and_deskewed,23868,23868,1660857509.804384,1660857511.8042719,0.0050079822540283203,0.02,1.3771517099420136,5.2457776848343931,0.27932635922822618,YES,YES,YES,True,0,0,point-time interpolation uses lower sample; future sample only brackets coverage; violating source timestamp rejects point,deskew call has no NDT input; cloud is published before NDT consumes it; NDT correction can affect only later deskew,NO; structural/code-path evidence is recorded separately
1184,1660857511.802541,1660857511.9033804,1660857511.802541,PUBLISHED,covered_and_deskewed,23767,23767,1660857509.9043839,1660857511.9042721,0.0050082206726074219,0.02,1.9226138452217305,14.19123153660334,0.99238950591621511,YES,YES,YES,True,0,0,point-time interpolation uses lower sample; future sample only brackets coverage; violating source timestamp rejects point,deskew call has no NDT input; cloud is published before NDT consumes it; NDT correction can affect only later deskew,NO; structural/code-path evidence is recorded separately
1185,1660857511.9034009,1660857512.0041831,1660857511.9034009,PUBLISHED,covered_and_deskewed,23708,23708,1660857510.0043361,1660857512.0042241,0.0050079822540283203,0.02,1.6811438560863847,15.970404045082745,0.99264710897761055,YES,YES,YES,True,0,0,point-time interpolation uses lower sample; future sample only brackets coverage; violating source timestamp rejects point,deskew call has no NDT input; cloud is published before NDT consumes it; NDT correction can affect only later deskew,NO; structural/code-path evidence is recorded separately
1186,1660857512.0042059,1660857512.1050432,1660857512.0042059,PUBLISHED,covered_and_deskewed,23679,23679,1660857510.114336,1660857512.114224,0.0099999904632568359,0.02,1.2776828523839057,4.9160867452287027,0.29227671977959963,YES,YES,YES,True,0,0,point-time interpolation uses lower sample; future sample only brackets coverage; violating source timestamp rejects point,deskew call has no NDT input; cloud is published before NDT consumes it; NDT correction can affect only later deskew,NO; structural/code-path evidence is recorded separately
1187,1660857512.1050661,1660857512.2059031,1660857512.1050661,PUBLISHED,covered_and_deskewed,23333,23333,1660857510.2093439,1660857512.2092321,0.0099999904632568359,0.02,1.873693670865257,11.421998606013664,0.67950234429100875,YES,YES,YES,True,0,0,point-time interpolation uses lower sample; future sample only brackets coverage; violating source timestamp rejects point,deskew call has no NDT input; cloud is published before NDT consumes it; NDT correction can affect only later deskew,NO; structural/code-path evidence is recorded separately
1188,1660857512.2059259,1660857512.3067632,1660857512.2059259,PUBLISHED,covered_and_deskewed,23464,23464,1660857510.3093441,1660857512.309232,0.0050079822540283203,0.02,1.702706893986194,15.700243350576125,0.67198449894871526,YES,YES,YES,True,0,0,point-time interpolation uses lower sample; future sample only brackets coverage; violating source timestamp rejects point,deskew call has no NDT input; cloud is published before NDT consumes it; NDT correction can affect only later deskew,NO; structural/code-path evidence is recorded separately
1189,1660857512.3067861,1660857512.4076231,1660857512.3067861,PUBLISHED,covered_and_deskewed,23555,23555,1660857510.409344,1660857512.4092319,0.0050079822540283203,0.02,1.3112950836342394,5.2123192774583318,0.28737017665822023,YES,YES,YES,True,0,0,point-time interpolation uses lower sample; future sample only brackets coverage; violating source timestamp rejects point,deskew call has no NDT input; cloud is published before NDT consumes it; NDT correction can affect only later deskew,NO; structural/code-path evidence is recorded separately
1190,1660857512.4076459,1660857512.5084832,1660857512.4076459,PUBLISHED,covered_and_deskewed,23471,23471,1660857510.5093441,1660857512.509232,0.0050082206726074219,0.02,1.9198932301596272,11.756187473728263,0.99933844358209523,YES,YES,YES,True,0,0,point-time interpolation uses lower sample; future sample only brackets coverage; violating source timestamp rejects point,deskew call has no NDT input; cloud is published before NDT consumes it; NDT correction can affect only later deskew,NO; structural/code-path evidence is recorded separately
1191,1660857512.5085061,1660857512.6093431,1660857512.5085061,PUBLISHED,covered_and_deskewed,23182,23182,1660857510.614336,1660857512.614224,0.0050079822540283203,0.02,1.6765954599375565,15.776870276154018,0.99933844358209523,YES,YES,YES,True,0,0,point-time interpolation uses lower sample; future sample only brackets coverage; violating source timestamp rejects point,deskew call has no NDT input; cloud is published before NDT consumes it; NDT correction can affect only later deskew,NO; structural/code-path evidence is recorded separately
1192,1660857512.6093659,1660857512.7102032,1660857512.6093659,PUBLISHED,covered_and_deskewed,23290,23290,1660857510.7143359,1660857512.7142241,0.0050082206726074219,0.02,1.3427736942633373,7.7040933432041498,0.57986690652954276,YES,YES,YES,True,0,0,point-time interpolation uses lower sample; future sample only brackets coverage; violating source timestamp rejects point,deskew call has no NDT input; cloud is published before NDT consumes it; NDT correction can affect only later deskew,NO; structural/code-path evidence is recorded separately
1193,1660857512.7102261,1660857512.8110631,1660857512.7102261,PUBLISHED,covered_and_deskewed,22781,22781,1660857510.8143361,1660857512.814224,0.0050079822540283203,0.02,1.8723549578990211,16.362793963898728,0.65002352913144856,YES,YES,YES,True,0,0,point-time interpolation uses lower sample; future sample only brackets coverage; violating source timestamp rejects point,deskew call has no NDT input; cloud is published before NDT consumes it; NDT correction can affect only later deskew,NO; structural/code-path evidence is recorded separately
1194,1660857512.8110859,1660857512.9119232,1660857512.8110859,PUBLISHED,covered_and_deskewed,22735,22735,1660857510.914336,1660857512.9142239,0.0050079822540283203,0.02,1.669321493257619,20.101215724546808,1.0270210152960042,YES,YES,YES,True,0,0,point-time interpolation uses lower sample; future sample only brackets coverage; violating source timestamp rejects point,deskew call has no NDT input; cloud is published before NDT consumes it; NDT correction can affect only later deskew,NO; structural/code-path evidence is recorded separately
1195,1660857512.9119461,1660857513.0127273,1660857512.9119461,PUBLISHED,covered_and_deskewed,22904,22904,1660857511.014272,1660857513.0141599,0.0050082206726074219,0.02,1.3922909685825215,5.4578057549514707,0.50317183216300498,YES,YES,YES,True,0,0,point-time interpolation uses lower sample; future sample only brackets coverage; violating source timestamp rejects point,deskew call has no NDT input; cloud is published before NDT consumes it; NDT correction can affect only later deskew,NO; structural/code-path evidence is recorded separately
1196,1660857513.0127499,1660857513.1135871,1660857513.0127499,PUBLISHED,covered_and_deskewed,23073,23073,1660857511.1142721,1660857513.1141601,0.0050082206726074219,0.02,1.9089894515464214,16.105101319971027,0.8394756386253216,YES,YES,YES,True,0,0,point-time interpolation uses lower sample; future sample only brackets coverage; violating source timestamp rejects point,deskew call has no NDT input; cloud is published before NDT consumes it; NDT correction can affect only later deskew,NO; structural/code-path evidence is recorded separately
1197,1660857513.11361,1660857513.2144473,1660857513.11361,PUBLISHED,covered_and_deskewed,22922,22922,1660857511.21928,1660857513.2191679,0.0050079822540283203,0.02,1.6662381892125011,18.230742995752596,0.70179364133431443,YES,YES,YES,True,0,0,point-time interpolation uses lower sample; future sample only brackets coverage; violating source timestamp rejects point,deskew call has no NDT input; cloud is published before NDT consumes it; NDT correction can affect only later deskew,NO; structural/code-path evidence is recorded separately
1198,1660857513.2144699,1660857513.3153071,1660857513.2144699,PUBLISHED,covered_and_deskewed,22892,22892,1660857511.3192799,1660857513.3191681,0.0050082206726074219,0.02,1.3621676983083331,5.5349800016454056,0.26664688723336666,YES,YES,YES,True,0,0,point-time interpolation uses lower sample; future sample only brackets coverage; violating source timestamp rejects point,deskew call has no NDT input; cloud is published before NDT consumes it; NDT correction can affect only later deskew,NO; structural/code-path evidence is recorded separately
1199,1660857513.31533,1660857513.4161661,1660857513.31533,PUBLISHED,covered_and_deskewed,23005,23005,1660857511.4192801,1660857513.419168,0.0099999904632568359,0.02,1.8985874555393751,11.956822624172236,0.57890977487012829,YES,YES,YES,True,0,0,point-time interpolation uses lower sample; future sample only brackets coverage; violating source timestamp rejects point,deskew call has no NDT input; cloud is published before NDT consumes it; NDT correction can affect only later deskew,NO; structural/code-path evidence is recorded separately
1200,1660857513.4161899,1660857513.5170262,1660857513.4161899,PUBLISHED,covered_and_deskewed,22916,22916,1660857511.51928,1660857513.5191679,0.0050079822540283203,0.02,1.7315716517428184,10.719304586558074,0.68286586306865082,YES,YES,YES,True,0,0,point-time interpolation uses lower sample; future sample only brackets coverage; violating source timestamp rejects point,deskew call has no NDT input; cloud is published before NDT consumes it; NDT correction can affect only later deskew,NO; structural/code-path evidence is recorded separately
1201,1660857513.51705,1660857513.6178861,1660857513.51705,PUBLISHED,covered_and_deskewed,22869,22869,1660857511.6192801,1660857513.619168,0.0050082206726074219,0.02,1.3675651204460075,4.4959710192390707,0.20203118924300487,YES,YES,YES,True,0,0,point-time interpolation uses lower sample; future sample only brackets coverage; violating source timestamp rejects point,deskew call has no NDT input; cloud is published before NDT consumes it; NDT correction can affect only later deskew,NO; structural/code-path evidence is recorded separately
1202,1660857513.617909,1660857513.7187462,1660857513.617909,PUBLISHED,covered_and_deskewed,22863,22863,1660857511.71928,1660857513.7191679,0.0050079822540283203,0.02,1.8360436336667592,11.214700311212837,0.68620267147208247,YES,YES,YES,True,0,0,point-time interpolation uses lower sample; future sample only brackets coverage; violating source timestamp rejects point,deskew call has no NDT input; cloud is published before NDT consumes it; NDT correction can affect only later deskew,NO; structural/code-path evidence is recorded separately
1203,1660857513.7187691,1660857513.8196061,1660857513.7187691,PUBLISHED,covered_and_deskewed,23037,23037,1660857511.8242719,1660857513.8241601,0.014991998672485352,0.02,1.6291501122443939,9.6022649275019525,0.52511706981352524,YES,YES,YES,True,0,0,point-time interpolation uses lower sample; future sample only brackets coverage; violating source timestamp rejects point,deskew call has no NDT input; cloud is published before NDT consumes it; NDT correction can affect only later deskew,NO; structural/code-path evidence is recorded separately
1204,1660857513.819629,1660857513.9204662,1660857513.819629,PUBLISHED,covered_and_deskewed,22940,22940,1660857511.9242721,1660857513.92416,0.014991998672485352,0.02,1.4031705055364392,5.0454026048226526,0.32257345902503592,YES,YES,YES,True,0,0,point-time interpolation uses lower sample; future sample only brackets coverage; violating source timestamp rejects point,deskew call has no NDT input; cloud is published before NDT consumes it; NDT correction can affect only later deskew,NO; structural/code-path evidence is recorded separately
1205,1660857513.9204891,1660857514.02127,1660857513.9204891,PUBLISHED,covered_and_deskewed,22960,22960,1660857512.024224,1660857514.024112,0.0050079822540283203,0.02,1.8971112785802808,15.223608737367918,0.63886696539332533,YES,YES,YES,True,0,0,point-time interpolation uses lower sample; future sample only brackets coverage; violating source timestamp rejects point,deskew call has no NDT input; cloud is published before NDT consumes it; NDT correction can affect only later deskew,NO; structural/code-path evidence is recorded separately
1206,1660857514.0212929,1660857514.1221302,1660857514.0212929,PUBLISHED,covered_and_deskewed,22977,22977,1660857512.1242239,1660857514.1241119,0.0050079822540283203,0.02,1.6907208698495644,10.997642418945897,0.70018787478618483,YES,YES,YES,True,0,0,point-time interpolation uses lower sample; future sample only brackets coverage; violating source timestamp rejects point,deskew call has no NDT input; cloud is published before NDT consumes it; NDT correction can affect only later deskew,NO; structural/code-path evidence is recorded separately
1207,1660857514.122153,1660857514.22299,1660857514.122153,PUBLISHED,covered_and_deskewed,22896,22896,1660857512.2242241,1660857514.224112,0.0050082206726074219,0.02,1.3004151864540112,5.362021228412722,0.26304991284708457,YES,YES,YES,True,0,0,point-time interpolation uses lower sample; future sample only brackets coverage; violating source timestamp rejects point,deskew call has no NDT input; cloud is published before NDT consumes it; NDT correction can affect only later deskew,NO; structural/code-path evidence is recorded separately
1208,1660857514.2230129,1660857514.3238502,1660857514.2230129,PUBLISHED,covered_and_deskewed,22925,22925,1660857512.324224,1660857514.3241119,0.0050079822540283203,0.02,1.7460540307827659,18.458458600277822,1.1157780903487997,YES,YES,YES,True,0,0,point-time interpolation uses lower sample; future sample only brackets coverage; violating source timestamp rejects point,deskew call has no NDT input; cloud is published before NDT consumes it; NDT correction can affect only later deskew,NO; structural/code-path evidence is recorded separately
1209,1660857514.323873,1660857514.42471,1660857514.323873,PUBLISHED,covered_and_deskewed,22906,22906,1660857512.4292319,1660857514.4291201,0.0050082206726074219,0.02,1.6333027207191013,18.460529861979619,0.54170267959381591,YES,YES,YES,True,0,0,point-time interpolation uses lower sample; future sample only brackets coverage; violating source timestamp rejects point,deskew call has no NDT input; cloud is published before NDT consumes it; NDT correction can affect only later deskew,NO; structural/code-path evidence is recorded separately
1210,1660857514.4247329,1660857514.5255702,1660857514.4247329,PUBLISHED,covered_and_deskewed,22785,22785,1660857512.529232,1660857514.52912,0.0050079822540283203,0.02,1.472732420306722,16.940975838668304,1.6471771361090588,YES,YES,YES,True,0,0,point-time interpolation uses lower sample; future sample only brackets coverage; violating source timestamp rejects point,deskew call has no NDT input; cloud is published before NDT consumes it; NDT correction can affect only later deskew,NO; structural/code-path evidence is recorded separately
1211,1660857514.525593,1660857514.62643,1660857514.525593,PUBLISHED,covered_and_deskewed,22651,22651,1660857512.6292319,1660857514.6291201,0.0050082206726074219,0.02,1.7947830186266425,24.997256797804656,1.0361191585307961,YES,YES,YES,True,0,0,point-time interpolation uses lower sample; future sample only brackets coverage; violating source timestamp rejects point,deskew call has no NDT input; cloud is published before NDT consumes it; NDT correction can affect only later deskew,NO; structural/code-path evidence is recorded separately
1212,1660857514.6264529,1660857514.7272902,1660857514.6264529,PUBLISHED,covered_and_deskewed,22349,22349,1660857512.7292321,1660857514.72912,0.0050082206726074219,0.02,1.5006163013052585,12.848910529085659,1.1817330963718624,YES,YES,YES,True,0,0,point-time interpolation uses lower sample; future sample only brackets coverage; violating source timestamp rejects point,deskew call has no NDT input; cloud is published before NDT consumes it; NDT correction can affect only later deskew,NO; structural/code-path evidence is recorded separately
1213,1660857514.727313,1660857514.8281522,1660857514.727313,PUBLISHED,covered_and_deskewed,22456,22456,1660857512.829232,1660857514.8291199,0.0050079822540283203,0.02,1.7812537491378635,21.513989818070584,1.1531728134751011,YES,YES,YES,True,0,0,point-time interpolation uses lower sample; future sample only brackets coverage; violating source timestamp rejects point,deskew call has no NDT input; cloud is published before NDT consumes it; NDT correction can affect only later deskew,NO; structural/code-path evidence is recorded separately
1214,1660857514.8281729,1660857514.9290123,1660857514.8281729,PUBLISHED,covered_and_deskewed,21714,21714,1660857512.9292319,1660857514.9291201,0.0050082206726074219,0.02,2.0084367377022283,28.262522723536609,2.1865388193359192,YES,YES,YES,True,0,0,point-time interpolation uses lower sample; future sample only brackets coverage; violating source timestamp rejects point,deskew call has no NDT input; cloud is published before NDT consumes it; NDT correction can affect only later deskew,NO; structural/code-path evidence is recorded separately
1215,1660857514.929033,1660857515.0298164,1660857514.929033,PUBLISHED,covered_and_deskewed,22070,22070,1660857513.0341599,1660857515.0340481,0.0050079822540283203,0.02,1.3343415929292681,9.1941047544143348,1.0884529905641973,YES,YES,YES,True,0,0,point-time interpolation uses lower sample; future sample only brackets coverage; violating source timestamp rejects point,deskew call has no NDT input; cloud is published before NDT consumes it; NDT correction can affect only later deskew,NO; structural/code-path evidence is recorded separately
1216,1660857515.0298369,1660857515.1306763,1660857515.0298369,PUBLISHED,covered_and_deskewed,21842,21842,1660857513.13416,1660857515.134048,0.0050079822540283203,0.02,1.73086986363603,8.0437565367611441,1.0931794268123411,YES,YES,YES,True,0,0,point-time interpolation uses lower sample; future sample only brackets coverage; violating source timestamp rejects point,deskew call has no NDT input; cloud is published before NDT consumes it; NDT correction can affect only later deskew,NO; structural/code-path evidence is recorded separately
1217,1660857515.130697,1660857515.2315364,1660857515.130697,PUBLISHED,covered_and_deskewed,22359,22359,1660857513.2341599,1660857515.2340479,0.0050079822540283203,0.02,1.8790646948941716,13.55442900872983,1.2082031911790574,YES,YES,YES,True,0,0,point-time interpolation uses lower sample; future sample only brackets coverage; violating source timestamp rejects point,deskew call has no NDT input; cloud is published before NDT consumes it; NDT correction can affect only later deskew,NO; structural/code-path evidence is recorded separately
1218,1660857515.2315569,1660857515.3323963,1660857515.2315569,PUBLISHED,covered_and_deskewed,22555,22555,1660857513.3341601,1660857515.334048,0.0050082206726074219,0.02,1.3513591139314076,15.639215400633008,1.0740988265861409,YES,YES,YES,True,0,0,point-time interpolation uses lower sample; future sample only brackets coverage; violating source timestamp rejects point,deskew call has no NDT input; cloud is published before NDT consumes it; NDT correction can affect only later deskew,NO; structural/code-path evidence is recorded separately
1219,1660857515.332417,1660857515.4332564,1660857515.332417,PUBLISHED,covered_and_deskewed,22964,22964,1660857513.43416,1660857515.4340479,0.0050079822540283203,0.02,1.8004509115244103,8.4629551489738386,0.54208602220814905,YES,YES,YES,True,0,0,point-time interpolation uses lower sample; future sample only brackets coverage; violating source timestamp rejects point,deskew call has no NDT input; cloud is published before NDT consumes it; NDT correction can affect only later deskew,NO; structural/code-path evidence is recorded separately
1220,1660857515.4332769,1660857515.5341163,1660857515.4332769,PUBLISHED,covered_and_deskewed,22971,22971,1660857513.5391679,1660857515.5390561,0.0050082206726074219,0.02,1.8107765865176104,14.46627524383856,0.75663349744013231,YES,YES,YES,True,0,0,point-time interpolation uses lower sample; future sample only brackets coverage; violating source timestamp rejects point,deskew call has no NDT input; cloud is published before NDT consumes it; NDT correction can affect only later deskew,NO; structural/code-path evidence is recorded separately
1221,1660857515.534137,1660857515.6349752,1660857515.534137,PUBLISHED,covered_and_deskewed,23087,23087,1660857513.639168,1660857515.639056,0.0050079822540283203,0.02,1.2170776534000909,5.0950296044371379,0.27061603368263615,YES,YES,YES,True,0,0,point-time interpolation uses lower sample; future sample only brackets coverage; violating source timestamp rejects point,deskew call has no NDT input; cloud is published before NDT consumes it; NDT correction can affect only later deskew,NO; structural/code-path evidence is recorded separately
1222,1660857515.6349969,1660857515.7358353,1660857515.6349969,PUBLISHED,covered_and_deskewed,22835,22835,1660857513.7391679,1660857515.7390561,0.0050082206726074219,0.02,1.8920477588456577,13.151836519337984,0.24730002192124889,YES,YES,YES,True,0,0,point-time interpolation uses lower sample; future sample only brackets coverage; violating source timestamp rejects point,deskew call has no NDT input; cloud is published before NDT consumes it; NDT correction can affect only later deskew,NO; structural/code-path evidence is recorded separately
1223,1660857515.735857,1660857515.8366952,1660857515.735857,PUBLISHED,covered_and_deskewed,23025,23025,1660857513.8391681,1660857515.839056,0.0050082206726074219,0.02,1.9238982073809039,18.795381461235444,0.85166980249880875,YES,YES,YES,True,0,0,point-time interpolation uses lower sample; future sample only brackets coverage; violating source timestamp rejects point,deskew call has no NDT input; cloud is published before NDT consumes it; NDT correction can affect only later deskew,NO; structural/code-path evidence is recorded separately
1224,1660857515.8367159,1660857515.9375553,1660857515.8367159,PUBLISHED,covered_and_deskewed,22798,22798,1660857513.939168,1660857515.9390559,0.0050079822540283203,0.02,1.2244371571937862,5.1990830921493805,0.30804773599907187,YES,YES,YES,True,0,0,point-time interpolation uses lower sample; future sample only brackets coverage; violating source timestamp rejects point,deskew call has no NDT input; cloud is published before NDT consumes it; NDT correction can affect only later deskew,NO; structural/code-path evidence is recorded separately
1225,1660857515.9375761,1660857516.0383594,1660857515.9375761,PUBLISHED,covered_and_deskewed,22829,22829,1660857514.03912,1660857516.0390079,0.0050082206726074219,0.02,1.7809841799233432,7.2673220073795228,0.24667091052697071,YES,YES,YES,True,0,0,point-time interpolation uses lower sample; future sample only brackets coverage; violating source timestamp rejects point,deskew call has no NDT input; cloud is published before NDT consumes it; NDT correction can affect only later deskew,NO; structural/code-path evidence is recorded separately
1226,1660857516.0383799,1660857516.1392193,1660857516.0383799,PUBLISHED,covered_and_deskewed,23052,23052,1660857514.1441121,1660857516.1440001,0.0050082206726074219,0.02,1.785061353146322,14.563746509409489,0.81608891918507731,YES,YES,YES,True,0,0,point-time interpolation uses lower sample; future sample only brackets coverage; violating source timestamp rejects point,deskew call has no NDT input; cloud is published before NDT consumes it; NDT correction can affect only later deskew,NO; structural/code-path evidence is recorded separately
1227,1660857516.13924,1660857516.2400794,1660857516.13924,PUBLISHED,covered_and_deskewed,22715,22715,1660857514.244112,1660857516.244,0.0050079822540283203,0.02,1.1202684759181412,5.3249127843891007,0.37379682409029347,YES,YES,YES,True,0,0,point-time interpolation uses lower sample; future sample only brackets coverage; violating source timestamp rejects point,deskew call has no NDT input; cloud is published before NDT consumes it; NDT correction can affect only later deskew,NO; structural/code-path evidence is recorded separately
1228,1660857516.2400999,1660857516.3409393,1660857516.2400999,PUBLISHED,covered_and_deskewed,22572,22572,1660857514.3441119,1660857516.3440001,0.0050082206726074219,0.02,1.8972932707063326,16.856306903309477,0.48598398368054918,YES,YES,YES,True,0,0,point-time interpolation uses lower sample; future sample only brackets coverage; violating source timestamp rejects point,deskew call has no NDT input; cloud is published before NDT consumes it; NDT correction can affect only later deskew,NO; structural/code-path evidence is recorded separately
1229,1660857516.34096,1660857516.4417994,1660857516.34096,PUBLISHED,covered_and_deskewed,22910,22910,1660857514.4441121,1660857516.444,0.0050079822540283203,0.02,2.0505838856546608,32.833452140605026,1.1550536814458825,YES,YES,YES,True,0,0,point-time interpolation uses lower sample; future sample only brackets coverage; violating source timestamp rejects point,deskew call has no NDT input; cloud is published before NDT consumes it; NDT correction can affect only later deskew,NO; structural/code-path evidence is recorded separately
1230,1660857516.4418199,1660857516.5426593,1660857516.4418199,PUBLISHED,covered_and_deskewed,22783,22783,1660857514.544112,1660857516.5439999,0.0050079822540283203,0.02,1.2585827110509911,8.4378436048414613,0.52316561093212177,YES,YES,YES,True,0,0,point-time interpolation uses lower sample; future sample only brackets coverage; violating source timestamp rejects point,deskew call has no NDT input; cloud is published before NDT consumes it; NDT correction can affect only later deskew,NO; structural/code-path evidence is recorded separately
1231,1660857516.54268,1660857516.6435194,1660857516.54268,PUBLISHED,covered_and_deskewed,22746,22746,1660857514.6441121,1660857516.6440001,0.0050082206726074219,0.02,1.7010703135677083,15.811694405366001,0.59055699441309328,YES,YES,YES,True,0,0,point-time interpolation uses lower sample; future sample only brackets coverage; violating source timestamp rejects point,deskew call has no NDT input; cloud is published before NDT consumes it; NDT correction can affect only later deskew,NO; structural/code-path evidence is recorded separately
1232,1660857516.6435399,1660857516.7443793,1660857516.6435399,PUBLISHED,covered_and_deskewed,23286,23286,1660857514.74912,1660857516.7490079,0.0050079822540283203,0.02,1.7564442736142312,22.1520333940596,0.93648766657100069,YES,YES,YES,True,0,0,point-time interpolation uses lower sample; future sample only brackets coverage; violating source timestamp rejects point,deskew call has no NDT input; cloud is published before NDT consumes it; NDT correction can affect only later deskew,NO; structural/code-path evidence is recorded separately
1233,1660857516.7444,1660857516.8452394,1660857516.7444,PUBLISHED,covered_and_deskewed,22722,22722,1660857514.8491199,1660857516.8490081,0.0050082206726074219,0.02,1.4787952247459208,13.880512858975925,0.67992386930804616,YES,YES,YES,True,0,0,point-time interpolation uses lower sample; future sample only brackets coverage; violating source timestamp rejects point,deskew call has no NDT input; cloud is published before NDT consumes it; NDT correction can affect only later deskew,NO; structural/code-path evidence is recorded separately
1234,1660857516.8452599,1660857516.9460993,1660857516.8452599,PUBLISHED,covered_and_deskewed,23051,23051,1660857514.94912,1660857516.949008,0.0050079822540283203,0.02,1.8159503005845068,14.542157697729882,0.69974613919482442,YES,YES,YES,True,0,0,point-time interpolation uses lower sample; future sample only brackets coverage; violating source timestamp rejects point,deskew call has no NDT input; cloud is published before NDT consumes it; NDT correction can affect only later deskew,NO; structural/code-path evidence is recorded separately
1235,1660857516.94612,1660857517.0469122,1660857516.94612,PUBLISHED,covered_and_deskewed,23137,23137,1660857515.0490561,1660857517.04896,0.0050079822540283203,0.02,1.6104235173308039,17.313720760534686,0.91744461902243002,YES,YES,YES,True,0,0,point-time interpolation uses lower sample; future sample only brackets coverage; violating source timestamp rejects point,deskew call has no NDT input; cloud is published before NDT consumes it; NDT correction can affect only later deskew,NO; structural/code-path evidence is recorded separately
1236,1660857517.0469329,1660857517.1477723,1660857517.0469329,PUBLISHED,covered_and_deskewed,22915,22915,1660857515.149056,1660857517.1489601,0.0050082206726074219,0.02,1.2747658260818988,9.7319359778029959,0.4079507031086857,YES,YES,YES,True,0,0,point-time interpolation uses lower sample; future sample only brackets coverage; violating source timestamp rejects point,deskew call has no NDT input; cloud is published before NDT consumes it; NDT correction can affect only later deskew,NO; structural/code-path evidence is recorded separately
1237,1660857517.1477931,1660857517.2486322,1660857517.1477931,PUBLISHED,covered_and_deskewed,22423,22423,1660857515.2490561,1660857517.24896,0.0050082206726074219,0.02,1.430198272147523,14.026056198931627,1.1417571165684124,YES,YES,YES,True,0,0,point-time interpolation uses lower sample; future sample only brackets coverage; violating source timestamp rejects point,deskew call has no NDT input; cloud is published before NDT consumes it; NDT correction can affect only later deskew,NO; structural/code-path evidence is recorded separately
1238,1660857517.2486529,1660857517.3494923,1660857517.2486529,PUBLISHED,covered_and_deskewed,23174,23174,1660857515.354048,1660857517.3539519,0.0050079822540283203,0.02,1.9216957561425818,22.618765286901869,1.7956036588829341,YES,YES,YES,True,0,0,point-time interpolation uses lower sample; future sample only brackets coverage; violating source timestamp rejects point,deskew call has no NDT input; cloud is published before NDT consumes it; NDT correction can affect only later deskew,NO; structural/code-path evidence is recorded separately
1239,1660857517.3495131,1660857517.4503522,1660857517.3495131,PUBLISHED,covered_and_deskewed,22787,22787,1660857515.4540479,1660857517.4539521,0.0050082206726074219,0.02,1.5700962979107098,11.182190268371587,0.68590224482178153,YES,YES,YES,True,0,0,point-time interpolation uses lower sample; future sample only brackets coverage; violating source timestamp rejects point,deskew call has no NDT input; cloud is published before NDT consumes it; NDT correction can affect only later deskew,NO; structural/code-path evidence is recorded separately
1240,1660857517.4503729,1660857517.5512123,1660857517.4503729,PUBLISHED,covered_and_deskewed,22563,22563,1660857515.5540481,1660857517.553952,0.0050079822540283203,0.02,1.4545087499029921,9.6599805739161599,0.64214953740702763,YES,YES,YES,True,0,0,point-time interpolation uses lower sample; future sample only brackets coverage; violating source timestamp rejects point,deskew call has no NDT input; cloud is published before NDT consumes it; NDT correction can affect only later deskew,NO; structural/code-path evidence is recorded separately
1241,1660857517.5512331,1660857517.6520722,1660857517.5512331,PUBLISHED,covered_and_deskewed,22574,22574,1660857515.654048,1660857517.6539519,0.0050082206726074219,0.02,2.0236784334232296,27.728177052423572,1.0897437729387489,YES,YES,YES,True,0,0,point-time interpolation uses lower sample; future sample only brackets coverage; violating source timestamp rejects point,deskew call has no NDT input; cloud is published before NDT consumes it; NDT correction can affect only later deskew,NO; structural/code-path evidence is recorded separately
1242,1660857517.6520929,1660857517.7529323,1660857517.6520929,PUBLISHED,covered_and_deskewed,22597,22597,1660857515.7540481,1660857517.753952,0.0050082206726074219,0.02,1.681894398352749,14.315591934190465,0.8919713868921324,YES,YES,YES,True,0,0,point-time interpolation uses lower sample; future sample only brackets coverage; violating source timestamp rejects point,deskew call has no NDT input; cloud is published before NDT consumes it; NDT correction can affect only later deskew,NO; structural/code-path evidence is recorded separately
1243,1660857517.7529531,1660857517.8537912,1660857517.7529531,PUBLISHED,covered_and_deskewed,22482,22482,1660857515.854048,1660857517.8539519,0.0050079822540283203,0.02,1.4594568499595586,5.9124982241511246,0.25284460779750506,YES,YES,YES,True,0,0,point-time interpolation uses lower sample; future sample only brackets coverage; violating source timestamp rejects point,deskew call has no NDT input; cloud is published before NDT consumes it; NDT correction can affect only later deskew,NO; structural/code-path evidence is recorded separately
1244,1660857517.8538129,1660857517.9546514,1660857517.8538129,PUBLISHED,covered_and_deskewed,22665,22665,1660857515.9590559,1660857517.9589601,0.0099999904632568359,0.02,1.8694784345949158,15.981048745758182,0.76137988937548218,YES,YES,YES,True,0,0,point-time interpolation uses lower sample; future sample only brackets coverage; violating source timestamp rejects point,deskew call has no NDT input; cloud is published before NDT consumes it; NDT correction can affect only later deskew,NO; structural/code-path evidence is recorded separately
1245,1660857517.9546731,1660857518.0554473,1660857517.9546731,PUBLISHED,covered_and_deskewed,22806,22806,1660857516.0590079,1660857518.0588961,0.0050082206726074219,0.02,1.5365059201501199,9.0586281217611777,0.54791944563833117,YES,YES,YES,True,0,0,point-time interpolation uses lower sample; future sample only brackets coverage; violating source timestamp rejects point,deskew call has no NDT input; cloud is published before NDT consumes it; NDT correction can affect only later deskew,NO; structural/code-path evidence is recorded separately
1246,1660857518.055469,1660857518.1563072,1660857518.055469,PUBLISHED,covered_and_deskewed,22698,22698,1660857516.159008,1660857518.158896,0.0050079822540283203,0.02,1.303696895835877,7.7905501377178856,0.50995959788350764,YES,YES,YES,True,0,0,point-time interpolation uses lower sample; future sample only brackets coverage; violating source timestamp rejects point,deskew call has no NDT input; cloud is published before NDT consumes it; NDT correction can affect only later deskew,NO; structural/code-path evidence is recorded separately
1247,1660857518.156328,1660857518.2571673,1660857518.156328,PUBLISHED,covered_and_deskewed,22506,22506,1660857516.2590079,1660857518.2588961,0.0050082206726074219,0.02,1.9811851251209858,16.253695547991892,0.79034963302727013,YES,YES,YES,True,0,0,point-time interpolation uses lower sample; future sample only brackets coverage; violating source timestamp rejects point,deskew call has no NDT input; cloud is published before NDT consumes it; NDT correction can affect only later deskew,NO; structural/code-path evidence is recorded separately
1248,1660857518.2571881,1660857518.3580272,1660857518.2571881,PUBLISHED,covered_and_deskewed,22775,22775,1660857516.3590081,1660857518.358896,0.0050082206726074219,0.02,1.676708360705913,18.998138480532536,0.47809444131326267,YES,YES,YES,True,0,0,point-time interpolation uses lower sample; future sample only brackets coverage; violating source timestamp rejects point,deskew call has no NDT input; cloud is published before NDT consumes it; NDT correction can affect only later deskew,NO; structural/code-path evidence is recorded separately
1249,1660857518.358048,1660857518.4588873,1660857518.358048,PUBLISHED,covered_and_deskewed,22291,22291,1660857516.459008,1660857518.4588959,0.0050079822540283203,0.02,1.3197957624719665,8.6394581429685129,0.71905041991978602,YES,YES,YES,True,0,0,point-time interpolation uses lower sample; future sample only brackets coverage; violating source timestamp rejects point,deskew call has no NDT input; cloud is published before NDT consumes it; NDT correction can affect only later deskew,NO; structural/code-path evidence is recorded separately
1250,1660857518.4589081,1660857518.5597472,1660857518.4589081,PUBLISHED,covered_and_deskewed,22542,22542,1660857516.5639999,1660857518.5638881,0.0050082206726074219,0.02,1.9249551443794519,18.147630078291488,0.88387623089935241,YES,YES,YES,True,0,0,point-time interpolation uses lower sample; future sample only brackets coverage; violating source timestamp rejects point,deskew call has no NDT input; cloud is published before NDT consumes it; NDT correction can affect only later deskew,NO; structural/code-path evidence is recorded separately
1251,1660857518.559768,1660857518.6606073,1660857518.559768,PUBLISHED,covered_and_deskewed,22642,22642,1660857516.664,1660857518.663888,0.0050079822540283203,0.02,1.5835961725433134,11.798680675535531,0.47784118090947481,YES,YES,YES,True,0,0,point-time interpolation uses lower sample; future sample only brackets coverage; violating source timestamp rejects point,deskew call has no NDT input; cloud is published before NDT consumes it; NDT correction can affect only later deskew,NO; structural/code-path evidence is recorded separately
1252,1660857518.6606281,1660857518.7614672,1660857518.6606281,PUBLISHED,covered_and_deskewed,22427,22427,1660857516.7639999,1660857518.7638879,0.0050082206726074219,0.02,1.4379767365506193,5.9529217046727814,0.28566625787420263,YES,YES,YES,True,0,0,point-time interpolation uses lower sample; future sample only brackets coverage; violating source timestamp rejects point,deskew call has no NDT input; cloud is published before NDT consumes it; NDT correction can affect only later deskew,NO; structural/code-path evidence is recorded separately
1253,1660857518.761488,1660857518.8623273,1660857518.761488,PUBLISHED,covered_and_deskewed,22277,22277,1660857516.8640001,1660857518.863888,0.0050082206726074219,0.02,1.8841166524855257,11.414735590529954,0.66191242138521766,YES,YES,YES,True,0,0,point-time interpolation uses lower sample; future sample only brackets coverage; violating source timestamp rejects point,deskew call has no NDT input; cloud is published before NDT consumes it; NDT correction can affect only later deskew,NO; structural/code-path evidence is recorded separately
1254,1660857518.8623481,1660857518.9631872,1660857518.8623481,PUBLISHED,covered_and_deskewed,22458,22458,1660857516.964,1660857518.9638879,0.0050079822540283203,0.02,1.6799598432353231,14.129590060176284,0.63325078760265918,YES,YES,YES,True,0,0,point-time interpolation uses lower sample; future sample only brackets coverage; violating source timestamp rejects point,deskew call has no NDT input; cloud is published before NDT consumes it; NDT correction can affect only later deskew,NO; structural/code-path evidence is recorded separately
1255,1660857518.963208,1660857519.0639913,1660857518.963208,PUBLISHED,covered_and_deskewed,22231,22231,1660857517.06896,1660857519.0688479,0.0050079822540283203,0.02,1.4260403382139062,5.4338432723849568,0.28783260569445013,YES,YES,YES,True,0,0,point-time interpolation uses lower sample; future sample only brackets coverage; violating source timestamp rejects point,deskew call has no NDT input; cloud is published before NDT consumes it; NDT correction can affect only later deskew,NO; structural/code-path evidence is recorded separately
1256,1660857519.0640121,1660857519.1648512,1660857519.0640121,PUBLISHED,covered_and_deskewed,22355,22355,1660857517.1689601,1660857519.168848,0.0050082206726074219,0.02,1.927797308183417,16.952223110127573,0.90742713576164846,YES,YES,YES,True,0,0,point-time interpolation uses lower sample; future sample only brackets coverage; violating source timestamp rejects point,deskew call has no NDT input; cloud is published before NDT consumes it; NDT correction can affect only later deskew,NO; structural/code-path evidence is recorded separately
1257,1660857519.1648719,1660857519.2657113,1660857519.1648719,PUBLISHED,covered_and_deskewed,22514,22514,1660857517.26896,1660857519.2688479,0.0050079822540283203,0.02,1.7062379281353628,16.95500282005036,0.65961744392508126,YES,YES,YES,True,0,0,point-time interpolation uses lower sample; future sample only brackets coverage; violating source timestamp rejects point,deskew call has no NDT input; cloud is published before NDT consumes it; NDT correction can affect only later deskew,NO; structural/code-path evidence is recorded separately
1258,1660857519.265732,1660857519.3665712,1660857519.265732,PUBLISHED,covered_and_deskewed,22493,22493,1660857517.3689599,1660857519.3688481,0.0050082206726074219,0.02,1.4443081322590143,5.3022726565657807,0.26894064191904588,YES,YES,YES,True,0,0,point-time interpolation uses lower sample; future sample only brackets coverage; violating source timestamp rejects point,deskew call has no NDT input; cloud is published before NDT consumes it; NDT correction can affect only later deskew,NO; structural/code-path evidence is recorded separately
1259,1660857519.3665919,1660857519.4674313,1660857519.3665919,PUBLISHED,covered_and_deskewed,22379,22379,1660857517.46896,1660857519.468848,0.0050079822540283203,0.02,1.9165818018093252,13.044591319053366,0.60151189153572349,YES,YES,YES,True,0,0,point-time interpolation uses lower sample; future sample only brackets coverage; violating source timestamp rejects point,deskew call has no NDT input; cloud is published before NDT consumes it; NDT correction can affect only later deskew,NO; structural/code-path evidence is recorded separately
1260,1660857519.467452,1660857519.5682912,1660857519.467452,PUBLISHED,covered_and_deskewed,22520,22520,1660857517.56896,1660857519.5688479,0.0050079822540283203,0.02,1.7382264579563467,13.034961366093569,0.62736064939553415,YES,YES,YES,True,0,0,point-time interpolation uses lower sample; future sample only brackets coverage; violating source timestamp rejects point,deskew call has no NDT input; cloud is published before NDT consumes it; NDT correction can affect only later deskew,NO; structural/code-path evidence is recorded separately
1261,1660857519.5683119,1660857519.6691492,1660857519.5683119,PUBLISHED,covered_and_deskewed,22326,22326,1660857517.6739521,1660857519.67384,0.0050082206726074219,0.02,1.392335034065397,4.9979705944035278,0.27063626106745919,YES,YES,YES,True,0,0,point-time interpolation uses lower sample; future sample only brackets coverage; violating source timestamp rejects point,deskew call has no NDT input; cloud is published before NDT consumes it; NDT correction can affect only later deskew,NO; structural/code-path evidence is recorded separately
1262,1660857519.669172,1660857519.770009,1660857519.669172,PUBLISHED,covered_and_deskewed,22451,22451,1660857517.773952,1660857519.77384,0.0050079822540283203,0.02,1.8247231454151058,17.991739286108718,0.93828539742330275,YES,YES,YES,True,0,0,point-time interpolation uses lower sample; future sample only brackets coverage; violating source timestamp rejects point,deskew call has no NDT input; cloud is published before NDT consumes it; NDT correction can affect only later deskew,NO; structural/code-path evidence is recorded separately
1263,1660857519.7700319,1660857519.8708692,1660857519.7700319,PUBLISHED,covered_and_deskewed,22723,22723,1660857517.8739519,1660857519.8738401,0.0050082206726074219,0.02,1.5775813882425529,9.8350156344303095,0.54571245429919968,YES,YES,YES,True,0,0,point-time interpolation uses lower sample; future sample only brackets coverage; violating source timestamp rejects point,deskew call has no NDT input; cloud is published before NDT consumes it; NDT correction can affect only later deskew,NO; structural/code-path evidence is recorded separately
1264,1660857519.870892,1660857519.971729,1660857519.870892,PUBLISHED,covered_and_deskewed,22608,22608,1660857517.9739521,1660857519.97384,0.0050079822540283203,0.02,1.3178115446600465,8.6490245053155164,0.34875271273154007,YES,YES,YES,True,0,0,point-time interpolation uses lower sample; future sample only brackets coverage; violating source timestamp rejects point,deskew call has no NDT input; cloud is published before NDT consumes it; NDT correction can affect only later deskew,NO; structural/code-path evidence is recorded separately
1265,1660857519.9717519,1660857520.0725331,1660857519.9717519,PUBLISHED,covered_and_deskewed,22204,22204,1660857518.0738881,1660857520.073776,0.0050079822540283203,0.02,1.059943341882468,15.169228686981228,0.65663870399339552,YES,YES,YES,True,0,0,point-time interpolation uses lower sample; future sample only brackets coverage; violating source timestamp rejects point,deskew call has no NDT input; cloud is published before NDT consumes it; NDT correction can affect only later deskew,NO; structural/code-path evidence is recorded separately
1266,1660857520.072556,1660857520.1733921,1660857520.072556,PUBLISHED,covered_and_deskewed,22503,22503,1660857518.173888,1660857520.1737759,0.0050079822540283203,0.02,0.83246464977925372,15.056078926107084,0.53695262322077641,YES,YES,YES,True,0,0,point-time interpolation uses lower sample; future sample only brackets coverage; violating source timestamp rejects point,deskew call has no NDT input; cloud is published before NDT consumes it; NDT correction can affect only later deskew,NO; structural/code-path evidence is recorded separately
1267,1660857520.1734159,1660857520.2742522,1660857520.1734159,PUBLISHED,covered_and_deskewed,22662,22662,1660857518.2788961,1660857520.278784,0.0050082206726074219,0.02,0.52051649434984826,3.4749271929190093,0.58378733700510699,YES,YES,YES,True,0,0,point-time interpolation uses lower sample; future sample only brackets coverage; violating source timestamp rejects point,deskew call has no NDT input; cloud is published before NDT consumes it; NDT correction can affect only later deskew,NO; structural/code-path evidence is recorded separately
1268,1660857520.274276,1660857520.3751121,1660857520.274276,PUBLISHED,covered_and_deskewed,22464,22464,1660857518.378896,1660857520.3787839,0.0050079822540283203,0.02,0.32833137847963328,14.374920188456693,0.83683938807458291,YES,YES,YES,True,0,0,point-time interpolation uses lower sample; future sample only brackets coverage; violating source timestamp rejects point,deskew call has no NDT input; cloud is published before NDT consumes it; NDT correction can affect only later deskew,NO; structural/code-path evidence is recorded separately
1269,1660857520.3751359,1660857520.4759722,1660857520.3751359,PUBLISHED,covered_and_deskewed,22406,22406,1660857518.4788959,1660857520.4787841,0.0050082206726074219,0.02,0.26376395402381392,7.7694986587140447,0.97759528251439387,YES,YES,YES,True,0,0,point-time interpolation uses lower sample; future sample only brackets coverage; violating source timestamp rejects point,deskew call has no NDT input; cloud is published before NDT consumes it; NDT correction can affect only later deskew,NO; structural/code-path evidence is recorded separately
1270,1660857520.4759951,1660857520.5768321,1660857520.4759951,PUBLISHED,covered_and_deskewed,22413,22413,1660857518.578896,1660857520.578784,0.0050079822540283203,0.02,0.17241039915212791,2.5204445540240945,1.0456477264421125,YES,YES,YES,True,0,0,point-time interpolation uses lower sample; future sample only brackets coverage; violating source timestamp rejects point,deskew call has no NDT input; cloud is published before NDT consumes it; NDT correction can affect only later deskew,NO; structural/code-path evidence is recorded separately
1271,1660857520.5768549,1660857520.6776922,1660857520.5768549,PUBLISHED,covered_and_deskewed,22551,22551,1660857518.678896,1660857520.6787839,0.0050079822540283203,0.02,0.1747825597452049,2.3138373835299628,0.9837804999532791,YES,YES,YES,True,0,0,point-time interpolation uses lower sample; future sample only brackets coverage; violating source timestamp rejects point,deskew call has no NDT input; cloud is published before NDT consumes it; NDT correction can affect only later deskew,NO; structural/code-path evidence is recorded separately
1272,1660857520.6777151,1660857520.7785521,1660857520.6777151,PUBLISHED,covered_and_deskewed,22314,22314,1660857518.7788961,1660857520.778784,0.0050082206726074219,0.02,0.23084245434811873,12.82764641129816,1.0454184856764879,YES,YES,YES,True,0,0,point-time interpolation uses lower sample; future sample only brackets coverage; violating source timestamp rejects point,deskew call has no NDT input; cloud is published before NDT consumes it; NDT correction can affect only later deskew,NO; structural/code-path evidence is recorded separately
1273,1660857520.7785749,1660857520.8794143,1660857520.7785749,PUBLISHED,covered_and_deskewed,22355,22355,1660857518.883888,1660857520.8837759,0.0050079822540283203,0.02,0.3140217222383308,2.6561769575758283,1.1059259739471305,YES,YES,YES,True,0,0,point-time interpolation uses lower sample; future sample only brackets coverage; violating source timestamp rejects point,deskew call has no NDT input; cloud is published before NDT consumes it; NDT correction can affect only later deskew,NO; structural/code-path evidence is recorded separately
1274,1660857520.8794351,1660857520.9802742,1660857520.8794351,PUBLISHED,covered_and_deskewed,22296,22296,1660857518.9838879,1660857520.9837761,0.0050082206726074219,0.02,0.36727177559055346,1.6218808514971597,1.0179167946338945,YES,YES,YES,True,0,0,point-time interpolation uses lower sample; future sample only brackets coverage; violating source timestamp rejects point,deskew call has no NDT input; cloud is published before NDT consumes it; NDT correction can affect only later deskew,NO; structural/code-path evidence is recorded separately
1275,1660857520.9802949,1660857521.0810783,1660857520.9802949,PUBLISHED,covered_and_deskewed,22320,22320,1660857519.0838399,1660857521.0837281,0.0050082206726074219,0.02,0.31012815447809233,14.83972184281151,0.88676979827204083,YES,YES,YES,True,0,0,point-time interpolation uses lower sample; future sample only brackets coverage; violating source timestamp rejects point,deskew call has no NDT input; cloud is published before NDT consumes it; NDT correction can affect only later deskew,NO; structural/code-path evidence is recorded separately
1276,1660857521.081099,1660857521.1819384,1660857521.081099,PUBLISHED,covered_and_deskewed,22253,22253,1660857519.18384,1660857521.183728,0.0050079822540283203,0.02,0.89466385530467119,12.103680309597816,0.83025436142065345,YES,YES,YES,True,0,0,point-time interpolation uses lower sample; future sample only brackets coverage; violating source timestamp rejects point,deskew call has no NDT input; cloud is published before NDT consumes it; NDT correction can affect only later deskew,NO; structural/code-path evidence is recorded separately
1277,1660857521.1819589,1660857521.2827983,1660857521.1819589,PUBLISHED,covered_and_deskewed,22280,22280,1660857519.2838399,1660857521.2837279,0.0050082206726074219,0.02,1.1032156212604773,2.8949489789883556,0.58122299353298201,YES,YES,YES,True,0,0,point-time interpolation uses lower sample; future sample only brackets coverage; violating source timestamp rejects point,deskew call has no NDT input; cloud is published before NDT consumes it; NDT correction can affect only later deskew,NO; structural/code-path evidence is recorded separately
1278,1660857521.282819,1660857521.3836584,1660857521.282819,PUBLISHED,covered_and_deskewed,22302,22302,1660857519.3838401,1660857521.383728,0.0050082206726074219,0.02,0.7889202322121871,2.8327921404638237,0.5501091042434022,YES,YES,YES,True,0,0,point-time interpolation uses lower sample; future sample only brackets coverage; violating source timestamp rejects point,deskew call has no NDT input; cloud is published before NDT consumes it; NDT correction can affect only later deskew,NO; structural/code-path evidence is recorded separately
1279,1660857521.3836789,1660857521.4845183,1660857521.3836789,PUBLISHED,covered_and_deskewed,22243,22243,1660857519.488848,1660857521.4887359,0.0050079822540283203,0.02,1.1591875624440959,13.306382576420633,0.64390653212859761,YES,YES,YES,True,0,0,point-time interpolation uses lower sample; future sample only brackets coverage; violating source timestamp rejects point,deskew call has no NDT input; cloud is published before NDT consumes it; NDT correction can affect only later deskew,NO; structural/code-path evidence is recorded separately
1280,1660857521.484539,1660857521.5853784,1660857521.484539,PUBLISHED,covered_and_deskewed,22270,22270,1660857519.5888481,1660857521.5887361,0.0050082206726074219,0.02,0.76649969739676171,3.8768984913641527,0.61145511816195397,YES,YES,YES,True,0,0,point-time interpolation uses lower sample; future sample only brackets coverage; violating source timestamp rejects point,deskew call has no NDT input; cloud is published before NDT consumes it; NDT correction can affect only later deskew,NO; structural/code-path evidence is recorded separately
1281,1660857521.5853989,1660857521.6862383,1660857521.5853989,PUBLISHED,covered_and_deskewed,22341,22341,1660857519.688848,1660857521.688736,0.0050079822540283203,0.02,0.28908759150576219,1.9363009036136822,0.55345142545861459,YES,YES,YES,True,0,0,point-time interpolation uses lower sample; future sample only brackets coverage; violating source timestamp rejects point,deskew call has no NDT input; cloud is published before NDT consumes it; NDT correction can affect only later deskew,NO; structural/code-path evidence is recorded separately
1282,1660857521.686259,1660857521.7870984,1660857521.686259,PUBLISHED,covered_and_deskewed,22392,22392,1660857519.7888479,1660857521.7887361,0.0050082206726074219,0.02,0.10132946528165812,2.4384332791575041,0.54067667559164323,YES,YES,YES,True,0,0,point-time interpolation uses lower sample; future sample only brackets coverage; violating source timestamp rejects point,deskew call has no NDT input; cloud is published before NDT consumes it; NDT correction can affect only later deskew,NO; structural/code-path evidence is recorded separately
1283,1660857521.7871189,1660857521.8879583,1660857521.7871189,PUBLISHED,covered_and_deskewed,22314,22314,1660857519.8888481,1660857521.888736,0.0050082206726074219,0.02,0.18942622212920876,13.35281197414724,0.5951730819837836,YES,YES,YES,True,0,0,point-time interpolation uses lower sample; future sample only brackets coverage; violating source timestamp rejects point,deskew call has no NDT input; cloud is published before NDT consumes it; NDT correction can affect only later deskew,NO; structural/code-path evidence is recorded separately
1284,1660857521.887979,1660857521.9888184,1660857521.887979,PUBLISHED,covered_and_deskewed,22277,22277,1660857519.99384,1660857521.9937279,0.0050079822540283203,0.02,0.16454068538299801,2.8606734675974357,0.39491251170805464,YES,YES,YES,True,0,0,point-time interpolation uses lower sample; future sample only brackets coverage; violating source timestamp rejects point,deskew call has no NDT input; cloud is published before NDT consumes it; NDT correction can affect only later deskew,NO; structural/code-path evidence is recorded separately
1285,1660857521.9888389,1660857522.0896223,1660857521.9888389,PUBLISHED,covered_and_deskewed,22246,22246,1660857520.093776,1660857522.0936639,0.0050079822540283203,0.02,0.063236310953622546,2.1981443977863764,0.21336862088335032,YES,YES,YES,True,0,0,point-time interpolation uses lower sample; future sample only brackets coverage; violating source timestamp rejects point,deskew call has no NDT input; cloud is published before NDT consumes it; NDT correction can affect only later deskew,NO; structural/code-path evidence is recorded separately
1286,1660857522.089643,1660857522.1904802,1660857522.089643,PUBLISHED,covered_and_deskewed,22334,22334,1660857520.1937759,1660857522.1936641,0.0050082206726074219,0.02,0.20834896234685835,13.867855132981612,0.19873783831765157,YES,YES,YES,True,0,0,point-time interpolation uses lower sample; future sample only brackets coverage; violating source timestamp rejects point,deskew call has no NDT input; cloud is published before NDT consumes it; NDT correction can affect only later deskew,NO; structural/code-path evidence is recorded separately
1287,1660857522.1905029,1660857522.2913401,1660857522.1905029,PUBLISHED,covered_and_deskewed,22308,22308,1660857520.293776,1660857522.293664,0.0050079822540283203,0.02,0.21904215775644234,6.766429067464613,0.28446983137778453,YES,YES,YES,True,0,0,point-time interpolation uses lower sample; future sample only brackets coverage; violating source timestamp rejects point,deskew call has no NDT input; cloud is published before NDT consumes it; NDT correction can affect only later deskew,NO; structural/code-path evidence is recorded separately
1288,1660857522.291363,1660857522.392199,1660857522.291363,PUBLISHED,covered_and_deskewed,22264,22264,1660857520.3937759,1660857522.3936639,0.0050082206726074219,0.02,0.14022565820941396,2.1435328281389383,0.11954337065196949,YES,YES,YES,True,0,0,point-time interpolation uses lower sample; future sample only brackets coverage; violating source timestamp rejects point,deskew call has no NDT input; cloud is published before NDT consumes it; NDT correction can affect only later deskew,NO; structural/code-path evidence is recorded separately
1289,1660857522.3922229,1660857522.4930592,1660857522.3922229,PUBLISHED,covered_and_deskewed,22225,22225,1660857520.4937761,1660857522.493664,0.0050082206726074219,0.02,0.13058580899992214,2.8774962463001219,0.15820596997152936,YES,YES,YES,True,0,0,point-time interpolation uses lower sample; future sample only brackets coverage; violating source timestamp rejects point,deskew call has no NDT input; cloud is published before NDT consumes it; NDT correction can affect only later deskew,NO; structural/code-path evidence is recorded separately
1290,1660857522.493083,1660857522.593919,1660857522.493083,PUBLISHED,covered_and_deskewed,22279,22279,1660857520.598784,1660857522.5986719,0.0050079822540283203,0.02,0.20944231613237124,11.274839863674293,0.40517990016287836,YES,YES,YES,True,0,0,point-time interpolation uses lower sample; future sample only brackets coverage; violating source timestamp rejects point,deskew call has no NDT input; cloud is published before NDT consumes it; NDT correction can affect only later deskew,NO; structural/code-path evidence is recorded separately
1291,1660857522.5939431,1660857522.6947792,1660857522.5939431,PUBLISHED,covered_and_deskewed,22239,22239,1660857520.6987841,1660857522.6986721,0.0050082206726074219,0.02,0.13528395571239099,3.6051759297264514,0.25093153213298441,YES,YES,YES,True,0,0,point-time interpolation uses lower sample; future sample only brackets coverage; violating source timestamp rejects point,deskew call has no NDT input; cloud is published before NDT consumes it; NDT correction can affect only later deskew,NO; structural/code-path evidence is recorded separately
1292,1660857522.694802,1660857522.795639,1660857522.694802,PUBLISHED,covered_and_deskewed,22294,22294,1660857520.798784,1660857522.798672,0.0050079822540283203,0.02,0.214133284807378,2.9028463885826183,0.18147773095442049,YES,YES,YES,True,0,0,point-time interpolation uses lower sample; future sample only brackets coverage; violating source timestamp rejects point,deskew call has no NDT input; cloud is published before NDT consumes it; NDT correction can affect only later deskew,NO; structural/code-path evidence is recorded separately
1293,1660857522.7956619,1660857522.8964992,1660857522.7956619,PUBLISHED,covered_and_deskewed,22280,22280,1660857520.8987839,1660857522.8986721,0.0050082206726074219,0.02,0.24438020205090868,11.901010167637882,0.18850007946998443,YES,YES,YES,True,0,0,point-time interpolation uses lower sample; future sample only brackets coverage; violating source timestamp rejects point,deskew call has no NDT input; cloud is published before NDT consumes it; NDT correction can affect only later deskew,NO; structural/code-path evidence is recorded separately
1294,1660857522.896522,1660857522.997359,1660857522.896522,PUBLISHED,covered_and_deskewed,22247,22247,1660857520.9987841,1660857522.998672,0.0050082206726074219,0.02,0.26192206753640046,11.902053370966483,0.22254870737609977,YES,YES,YES,True,0,0,point-time interpolation uses lower sample; future sample only brackets coverage; violating source timestamp rejects point,deskew call has no NDT input; cloud is published before NDT consumes it; NDT correction can affect only later deskew,NO; structural/code-path evidence is recorded separately
1295,1660857522.9973819,1660857523.0981631,1660857522.9973819,PUBLISHED,covered_and_deskewed,22234,22234,1660857521.098736,1660857523.098624,0.0050079822540283203,0.02,0.12317635059162432,1.3931538703250537,0.059783205823169733,YES,YES,YES,True,0,0,point-time interpolation uses lower sample; future sample only brackets coverage; violating source timestamp rejects point,deskew call has no NDT input; cloud is published before NDT consumes it; NDT correction can affect only later deskew,NO; structural/code-path evidence is recorded separately
1296,1660857523.098186,1660857523.1990232,1660857523.098186,PUBLISHED,covered_and_deskewed,22324,22324,1660857521.203728,1660857523.2036159,0.0050079822540283203,0.02,0.11084325921807657,0.57520540415664501,0.027625212875960758,YES,YES,YES,True,0,0,point-time interpolation uses lower sample; future sample only brackets coverage; violating source timestamp rejects point,deskew call has no NDT input; cloud is published before NDT consumes it; NDT correction can affect only later deskew,NO; structural/code-path evidence is recorded separately
1297,1660857523.1990459,1660857523.2998831,1660857523.1990459,PUBLISHED,covered_and_deskewed,22302,22302,1660857521.3037281,1660857523.303616,0.0050082206726074219,0.02,0.086010727253189964,0.65855487355789055,0.034462262826146027,YES,YES,YES,True,0,0,point-time interpolation uses lower sample; future sample only brackets coverage; violating source timestamp rejects point,deskew call has no NDT input; cloud is published before NDT consumes it; NDT correction can affect only later deskew,NO; structural/code-path evidence is recorded separately
1298,1660857523.299906,1660857523.4007432,1660857523.299906,PUBLISHED,covered_and_deskewed,22257,22257,1660857521.403728,1660857523.403616,0.0050079822540283203,0.02,0.034171694841306166,0.47576112406952015,0.026621979773371697,YES,YES,YES,True,0,0,point-time interpolation uses lower sample; future sample only brackets coverage; violating source timestamp rejects point,deskew call has no NDT input; cloud is published before NDT consumes it; NDT correction can affect only later deskew,NO; structural/code-path evidence is recorded separately
1299,1660857523.4007659,1660857523.5016031,1660857523.4007659,PUBLISHED,covered_and_deskewed,22233,22233,1660857521.5037279,1660857523.5036161,0.0050082206726074219,0.02,0.086337273580046683,0.51496369909603312,0.035431058975957226,YES,YES,YES,True,0,0,point-time interpolation uses lower sample; future sample only brackets coverage; violating source timestamp rejects point,deskew call has no NDT input; cloud is published before NDT consumes it; NDT correction can affect only later deskew,NO; structural/code-path evidence is recorded separately
1300,1660857523.501626,1660857523.6024632,1660857523.501626,PUBLISHED,covered_and_deskewed,22253,22253,1660857521.6037281,1660857523.603616,0.0050079822540283203,0.02,0.056718601657609738,0.51932443002514261,0.040723774178403734,YES,YES,YES,True,0,0,point-time interpolation uses lower sample; future sample only brackets coverage; violating source timestamp rejects point,deskew call has no NDT input; cloud is published before NDT consumes it; NDT correction can affect only later deskew,NO; structural/code-path evidence is recorded separately
1301,1660857523.6024859,1660857523.7033184,1660857523.6024859,PUBLISHED,covered_and_deskewed,22261,22261,1660857521.703728,1660857523.7036159,0.0050079822540283203,0.02,0.072596301144556744,0.68984051784187184,0.030866496476127755,YES,YES,YES,True,0,0,point-time interpolation uses lower sample; future sample only brackets coverage; violating source timestamp rejects point,deskew call has no NDT input; cloud is published before NDT consumes it; NDT correction can affect only later deskew,NO; structural/code-path evidence is recorded separately
1302,1660857523.703346,1660857523.8041832,1660857523.703346,PUBLISHED,covered_and_deskewed,22244,22244,1660857521.8087361,1660857523.808624,0.0050082206726074219,0.02,0.088801851885958974,0.61175631480189929,0.036872422660402603,YES,YES,YES,True,0,0,point-time interpolation uses lower sample; future sample only brackets coverage; violating source timestamp rejects point,deskew call has no NDT input; cloud is published before NDT consumes it; NDT correction can affect only later deskew,NO; structural/code-path evidence is recorded separately
1303,1660857523.8042059,1660857523.9050431,1660857523.8042059,PUBLISHED,covered_and_deskewed,22290,22290,1660857521.908736,1660857523.9086239,0.0050079822540283203,0.02,0.12708135530397288,0.54170739552093705,0.02742533769161418,YES,YES,YES,True,0,0,point-time interpolation uses lower sample; future sample only brackets coverage; violating source timestamp rejects point,deskew call has no NDT input; cloud is published before NDT consumes it; NDT correction can affect only later deskew,NO; structural/code-path evidence is recorded separately
1304,1660857523.905066,1660857524.0058482,1660857523.905066,PUBLISHED,covered_and_deskewed,22295,22295,1660857522.008672,1660857524.0085599,0.0050082206726074219,0.02,0.17373156416429547,0.76224333780326392,0.034052958606088833,YES,YES,YES,True,0,0,point-time interpolation uses lower sample; future sample only brackets coverage; violating source timestamp rejects point,deskew call has no NDT input; cloud is published before NDT consumes it; NDT correction can affect only later deskew,NO; structural/code-path evidence is recorded separately
1305,1660857524.0058711,1660857524.106708,1660857524.0058711,PUBLISHED,covered_and_deskewed,22244,22244,1660857522.1086719,1660857524.1085601,0.0050082206726074219,0.02,0.10427931351889071,0.72830379400329737,0.057823890463034607,YES,YES,YES,True,0,0,point-time interpolation uses lower sample; future sample only brackets coverage; violating source timestamp rejects point,deskew call has no NDT input; cloud is published before NDT consumes it; NDT correction can affect only later deskew,NO; structural/code-path evidence is recorded separately
1306,1660857524.1067309,1660857524.2075682,1660857524.1067309,PUBLISHED,covered_and_deskewed,22225,22225,1660857522.208672,1660857524.20856,0.0050079822540283203,0.02,0.047164834126695809,0.6340871560704161,0.020906502047883604,YES,YES,YES,True,0,0,point-time interpolation uses lower sample; future sample only brackets coverage; violating source timestamp rejects point,deskew call has no NDT input; cloud is published before NDT consumes it; NDT correction can affect only later deskew,NO; structural/code-path evidence is recorded separately
1307,1660857524.2075911,1660857524.308428,1660857524.2075911,PUBLISHED,covered_and_deskewed,22281,22281,1660857522.308672,1660857524.3085599,0.0050079822540283203,0.02,0.072726619823119371,0.61631719873807911,0.036096645828537943,YES,YES,YES,True,0,0,point-time interpolation uses lower sample; future sample only brackets coverage; violating source timestamp rejects point,deskew call has no NDT input; cloud is published before NDT consumes it; NDT correction can affect only later deskew,NO; structural/code-path evidence is recorded separately
1308,1660857524.3084509,1660857524.4092894,1660857524.3084509,PUBLISHED,covered_and_deskewed,22312,22312,1660857522.4136641,1660857524.413552,0.0050082206726074219,0.02,0.091683584948151486,0.66300494565414125,0.041355828034494439,YES,YES,YES,True,0,0,point-time interpolation uses lower sample; future sample only brackets coverage; violating source timestamp rejects point,deskew call has no NDT input; cloud is published before NDT consumes it; NDT correction can affect only later deskew,NO; structural/code-path evidence is recorded separately
1309,1660857524.4093111,1660857524.5101492,1660857524.4093111,PUBLISHED,covered_and_deskewed,22268,22268,1660857522.513664,1660857524.513552,0.0050079822540283203,0.02,0.10341932930077088,0.4868551305143855,0.023666426031139297,YES,YES,YES,True,0,0,point-time interpolation uses lower sample; future sample only brackets coverage; violating source timestamp rejects point,deskew call has no NDT input; cloud is published before NDT consumes it; NDT correction can affect only later deskew,NO; structural/code-path evidence is recorded separately
1310,1660857524.5101709,1660857524.6110094,1660857524.5101709,PUBLISHED,covered_and_deskewed,22307,22307,1660857522.6136639,1660857524.6135521,0.0050082206726074219,0.02,0.074361484461988175,0.47816648765298059,0.018588089769197347,YES,YES,YES,True,0,0,point-time interpolation uses lower sample; future sample only brackets coverage; violating source timestamp rejects point,deskew call has no NDT input; cloud is published before NDT consumes it; NDT correction can affect only later deskew,NO; structural/code-path evidence is recorded separately
1311,1660857524.6110301,1660857524.7118692,1660857524.6110301,PUBLISHED,covered_and_deskewed,22365,22365,1660857522.7136641,1660857524.713552,0.0050079822540283203,0.02,0.046332808190960084,0.41565341023953623,0.019514585878693216,YES,YES,YES,True,0,0,point-time interpolation uses lower sample; future sample only brackets coverage; violating source timestamp rejects point,deskew call has no NDT input; cloud is published before NDT consumes it; NDT correction can affect only later deskew,NO; structural/code-path evidence is recorded separately
1312,1660857524.71189,1660857524.8127294,1660857524.71189,PUBLISHED,covered_and_deskewed,22335,22335,1660857522.813664,1660857524.8135519,0.0050079822540283203,0.02,0.083486133060970136,0.34424320949218323,0.0058886435114118658,YES,YES,YES,True,0,0,point-time interpolation uses lower sample; future sample only brackets coverage; violating source timestamp rejects point,deskew call has no NDT input; cloud is published before NDT consumes it; NDT correction can affect only later deskew,NO; structural/code-path evidence is recorded separately
1313,1660857524.8127501,1660857524.9135892,1660857524.8127501,PUBLISHED,covered_and_deskewed,22270,22270,1660857522.9186721,1660857524.91856,0.0050082206726074219,0.02,0.10813570539571962,0.32531168682031025,0.0036016785741701178,YES,YES,YES,True,0,0,point-time interpolation uses lower sample; future sample only brackets coverage; violating source timestamp rejects point,deskew call has no NDT input; cloud is published before NDT consumes it; NDT correction can affect only later deskew,NO; structural/code-path evidence is recorded separately
1314,1660857524.91361,1660857525.0143912,1660857524.91361,PUBLISHED,covered_and_deskewed,22299,22299,1660857523.0186241,1660857525.018512,0.0050079822540283203,0.02,0.15762444200345732,0.30132826404950724,0.0057749717576586279,YES,YES,YES,True,0,0,point-time interpolation uses lower sample; future sample only brackets coverage; violating source timestamp rejects point,deskew call has no NDT input; cloud is published before NDT consumes it; NDT correction can affect only later deskew,NO; structural/code-path evidence is recorded separately
1315,1660857525.0144141,1660857525.1152463,1660857525.0144141,PUBLISHED,covered_and_deskewed,22320,22320,1660857523.118624,1660857525.1185119,0.0099999904632568359,0.02,0.12784342761997022,0.34915609838805789,0.0054054247902737655,YES,YES,YES,True,0,0,point-time interpolation uses lower sample; future sample only brackets coverage; violating source timestamp rejects point,deskew call has no NDT input; cloud is published before NDT consumes it; NDT correction can affect only later deskew,NO; structural/code-path evidence is recorded separately
1316,1660857525.115274,1660857525.2161112,1660857525.115274,PUBLISHED,covered_and_deskewed,22250,22250,1660857523.2186241,1660857525.2185121,0.0099999904632568359,0.02,0.090037538390860761,0.36020872543825122,0.0034811226826186536,YES,YES,YES,True,0,0,point-time interpolation uses lower sample; future sample only brackets coverage; violating source timestamp rejects point,deskew call has no NDT input; cloud is published before NDT consumes it; NDT correction can affect only later deskew,NO; structural/code-path evidence is recorded separately
1317,1660857525.2161341,1660857525.3169663,1660857525.2161341,PUBLISHED,covered_and_deskewed,22240,22240,1660857523.318624,1660857525.318512,0.0050079822540283203,0.02,0.13026937177527359,0.35607776669940383,0.0087984502276639859,YES,YES,YES,True,0,0,point-time interpolation uses lower sample; future sample only brackets coverage; violating source timestamp rejects point,deskew call has no NDT input; cloud is published before NDT consumes it; NDT correction can affect only later deskew,NO; structural/code-path evidence is recorded separately
1318,1660857525.316994,1660857525.4178312,1660857525.316994,PUBLISHED,covered_and_deskewed,22221,22221,1660857523.4186239,1660857525.4185121,0.0050082206726074219,0.02,0.06030890287012973,0.39537140819413585,0.026380379094286845,YES,YES,YES,True,0,0,point-time interpolation uses lower sample; future sample only brackets coverage; violating source timestamp rejects point,deskew call has no NDT input; cloud is published before NDT consumes it; NDT correction can affect only later deskew,NO; structural/code-path evidence is recorded separately
1319,1660857525.4178541,1660857525.5186911,1660857525.4178541,PUBLISHED,covered_and_deskewed,22265,22265,1660857523.5236161,1660857525.523504,0.0050082206726074219,0.02,0.039654582414574306,0.48199958931978759,0.020001105310297747,YES,YES,YES,True,0,0,point-time interpolation uses lower sample; future sample only brackets coverage; violating source timestamp rejects point,deskew call has no NDT input; cloud is published before NDT consumes it; NDT correction can affect only later deskew,NO; structural/code-path evidence is recorded separately
1320,1660857525.518714,1660857525.6195512,1660857525.518714,PUBLISHED,covered_and_deskewed,22238,22238,1660857523.623616,1660857525.6235039,0.0050079822540283203,0.02,0.039841476114205618,0.44149997363514343,0.006095251040783678,YES,YES,YES,True,0,0,point-time interpolation uses lower sample; future sample only brackets coverage; violating source timestamp rejects point,deskew call has no NDT input; cloud is published before NDT consumes it; NDT correction can affect only later deskew,NO; structural/code-path evidence is recorded separately
1321,1660857525.6195741,1660857525.7204111,1660857525.6195741,PUBLISHED,covered_and_deskewed,22208,22208,1660857523.7236159,1660857525.7235041,0.0050082206726074219,0.02,0.070349478153081069,0.36139722313682882,0.0064190747782151359,YES,YES,YES,True,0,0,point-time interpolation uses lower sample; future sample only brackets coverage; violating source timestamp rejects point,deskew call has no NDT input; cloud is published before NDT consumes it; NDT correction can affect only later deskew,NO; structural/code-path evidence is recorded separately
1322,1660857525.720434,1660857525.8212712,1660857525.720434,PUBLISHED,covered_and_deskewed,22232,22232,1660857523.823616,1660857525.823504,0.0050079822540283203,0.02,0.082581345792761204,0.51569994391498108,0.034003393749169705,YES,YES,YES,True,0,0,point-time interpolation uses lower sample; future sample only brackets coverage; violating source timestamp rejects point,deskew call has no NDT input; cloud is published before NDT consumes it; NDT correction can affect only later deskew,NO; structural/code-path evidence is recorded separately
1323,1660857525.8212941,1660857525.9221311,1660857525.8212941,PUBLISHED,covered_and_deskewed,22325,22325,1660857523.9236159,1660857525.9235041,0.0050082206726074219,0.02,0.11668150355753851,0.57250623268669398,0.031884075093827756,YES,YES,YES,True,0,0,point-time interpolation uses lower sample; future sample only brackets coverage; violating source timestamp rejects point,deskew call has no NDT input; cloud is published before NDT consumes it; NDT correction can affect only later deskew,NO; structural/code-path evidence is recorded separately
1324,1660857525.9221539,1660857526.0229304,1660857525.9221539,PUBLISHED,covered_and_deskewed,22226,22226,1660857524.0235519,1660857526.0234399,0.0050082206726074219,0.02,0.094066186184120229,0.53432524381151036,0.016140230381515561,YES,YES,YES,True,0,0,point-time interpolation uses lower sample; future sample only brackets coverage; violating source timestamp rejects point,deskew call has no NDT input; cloud is published before NDT consumes it; NDT correction can affect only later deskew,NO; structural/code-path evidence is recorded separately
1325,1660857526.022958,1660857526.123795,1660857526.022958,PUBLISHED,covered_and_deskewed,22330,22330,1660857524.1285601,1660857526.128448,0.0050082206726074219,0.02,0.11679352231348279,0.46293315399277835,0.00720692625921362,YES,YES,YES,True,0,0,point-time interpolation uses lower sample; future sample only brackets coverage; violating source timestamp rejects point,deskew call has no NDT input; cloud is published before NDT consumes it; NDT correction can affect only later deskew,NO; structural/code-path evidence is recorded separately
1326,1660857526.1238179,1660857526.2246552,1660857526.1238179,PUBLISHED,covered_and_deskewed,22219,22219,1660857524.22856,1660857526.2284479,0.0050079822540283203,0.02,0.14513870248135685,0.27672835023138076,0.0037081818454710773,YES,YES,YES,True,0,0,point-time interpolation uses lower sample; future sample only brackets coverage; violating source timestamp rejects point,deskew call has no NDT input; cloud is published before NDT consumes it; NDT correction can affect only later deskew,NO; structural/code-path evidence is recorded separately
1327,1660857526.224678,1660857526.325515,1660857526.224678,PUBLISHED,covered_and_deskewed,22275,22275,1660857524.3285601,1660857526.3284481,0.0050082206726074219,0.02,0.069831820137460685,0.36240899681414795,0.0054817901425485201,YES,YES,YES,True,0,0,point-time interpolation uses lower sample; future sample only brackets coverage; violating source timestamp rejects point,deskew call has no NDT input; cloud is published before NDT consumes it; NDT correction can affect only later deskew,NO; structural/code-path evidence is recorded separately
1328,1660857526.3255379,1660857526.4263742,1660857526.3255379,PUBLISHED,covered_and_deskewed,22204,22204,1660857524.42856,1660857526.428448,0.0050079822540283203,0.02,0.056400826138063055,0.40587799708530864,0.0050396213195650725,YES,YES,YES,True,0,0,point-time interpolation uses lower sample; future sample only brackets coverage; violating source timestamp rejects point,deskew call has no NDT input; cloud is published before NDT consumes it; NDT correction can affect only later deskew,NO; structural/code-path evidence is recorded separately
1329,1660857526.426398,1660857526.5272341,1660857526.426398,PUBLISHED,covered_and_deskewed,22253,22253,1660857524.5285599,1660857526.5284481,0.0050082206726074219,0.02,0.12530017017136899,0.35849457614063956,0.0036015870438494682,YES,YES,YES,True,0,0,point-time interpolation uses lower sample; future sample only brackets coverage; violating source timestamp rejects point,deskew call has no NDT input; cloud is published before NDT consumes it; NDT correction can affect only later deskew,NO; structural/code-path evidence is recorded separately
1330,1660857526.5272579,1660857526.6280942,1660857526.5272579,PUBLISHED,covered_and_deskewed,22225,22225,1660857524.6285601,1660857526.628448,0.0050082206726074219,0.02,0.12196027464021891,0.30151115233582965,0.0035052586239615077,YES,YES,YES,True,0,0,point-time interpolation uses lower sample; future sample only brackets coverage; violating source timestamp rejects point,deskew call has no NDT input; cloud is published before NDT consumes it; NDT correction can affect only later deskew,NO; structural/code-path evidence is recorded separately
1331,1660857526.628118,1660857526.7289541,1660857526.628118,PUBLISHED,covered_and_deskewed,22224,22224,1660857524.733552,1660857526.7334399,0.0050079822540283203,0.02,0.14980561969420633,0.35861541735293817,0.0051962827232866571,YES,YES,YES,True,0,0,point-time interpolation uses lower sample; future sample only brackets coverage; violating source timestamp rejects point,deskew call has no NDT input; cloud is published before NDT consumes it; NDT correction can affect only later deskew,NO; structural/code-path evidence is recorded separately
1332,1660857526.728977,1660857526.8298142,1660857526.728977,PUBLISHED,covered_and_deskewed,22166,22166,1660857524.8335519,1660857526.8334401,0.0050082206726074219,0.02,0.15415697704832393,0.36102914183438239,0.0044207173502692739,YES,YES,YES,True,0,0,point-time interpolation uses lower sample; future sample only brackets coverage; violating source timestamp rejects point,deskew call has no NDT input; cloud is published before NDT consumes it; NDT correction can affect only later deskew,NO; structural/code-path evidence is recorded separately
1333,1660857526.8298371,1660857526.9306741,1660857526.8298371,PUBLISHED,covered_and_deskewed,22223,22223,1660857524.933552,1660857526.93344,0.0050079822540283203,0.02,0.084293743354065434,0.32637087013366844,0.0023481781994037915,YES,YES,YES,True,0,0,point-time interpolation uses lower sample; future sample only brackets coverage; violating source timestamp rejects point,deskew call has no NDT input; cloud is published before NDT consumes it; NDT correction can affect only later deskew,NO; structural/code-path evidence is recorded separately
1334,1660857526.930697,1660857527.0314734,1660857526.930697,PUBLISHED,covered_and_deskewed,22238,22238,1660857525.033504,1660857527.033392,0.0050079822540283203,0.02,0.066085378352582866,0.32120215784917,0.0027485844754491745,YES,YES,YES,True,0,0,point-time interpolation uses lower sample; future sample only brackets coverage; violating source timestamp rejects point,deskew call has no NDT input; cloud is published before NDT consumes it; NDT correction can affect only later deskew,NO; structural/code-path evidence is recorded separately
1335,1660857527.0315011,1660857527.132338,1660857527.0315011,PUBLISHED,covered_and_deskewed,22203,22203,1660857525.1335039,1660857527.1333921,0.0050082206726074219,0.02,0.095540626675245752,0.34668048709934723,0.0040569316340504256,YES,YES,YES,True,0,0,point-time interpolation uses lower sample; future sample only brackets coverage; violating source timestamp rejects point,deskew call has no NDT input; cloud is published before NDT consumes it; NDT correction can affect only later deskew,NO; structural/code-path evidence is recorded separately
1336,1660857527.1323609,1660857527.2331982,1660857527.1323609,PUBLISHED,covered_and_deskewed,22202,22202,1660857525.2335041,1660857527.233392,0.0050079822540283203,0.02,0.10554485229952611,0.33827430293482547,0.0035541641671319488,YES,YES,YES,True,0,0,point-time interpolation uses lower sample; future sample only brackets coverage; violating source timestamp rejects point,deskew call has no NDT input; cloud is published before NDT consumes it; NDT correction can affect only later deskew,NO; structural/code-path evidence is recorded separately
1337,1660857527.2332211,1660857527.334058,1660857527.2332211,PUBLISHED,covered_and_deskewed,22204,22204,1660857525.3385119,1660857527.3383999,0.0050079822540283203,0.02,0.15855842044241791,0.33028083315633272,0.0027534429239106095,YES,YES,YES,True,0,0,point-time interpolation uses lower sample; future sample only brackets coverage; violating source timestamp rejects point,deskew call has no NDT input; cloud is published before NDT consumes it; NDT correction can affect only later deskew,NO; structural/code-path evidence is recorded separately
1338,1660857527.3340809,1660857527.4349182,1660857527.3340809,PUBLISHED,covered_and_deskewed,22216,22216,1660857525.4385121,1660857527.4384,0.0050082206726074219,0.02,0.11469334739373546,0.32323370230814874,0.0031544880608095471,YES,YES,YES,True,0,0,point-time interpolation uses lower sample; future sample only brackets coverage; violating source timestamp rejects point,deskew call has no NDT input; cloud is published before NDT consumes it; NDT correction can affect only later deskew,NO; structural/code-path evidence is recorded separately
1339,1660857527.4349411,1660857527.535778,1660857527.4349411,PUBLISHED,covered_and_deskewed,22225,22225,1660857525.538512,1660857527.5383999,0.0050079822540283203,0.02,0.08220177053733102,0.33783848667995681,0.0030559981657134858,YES,YES,YES,True,0,0,point-time interpolation uses lower sample; future sample only brackets coverage; violating source timestamp rejects point,deskew call has no NDT input; cloud is published before NDT consumes it; NDT correction can affect only later deskew,NO; structural/code-path evidence is recorded separately
1340,1660857527.5358009,1660857527.6366382,1660857527.5358009,PUBLISHED,covered_and_deskewed,22199,22199,1660857525.6385119,1660857527.6384001,0.0050082206726074219,0.02,0.041373177829564636,0.33974326663770776,0.0031828982730149769,YES,YES,YES,True,0,0,point-time interpolation uses lower sample; future sample only brackets coverage; violating source timestamp rejects point,deskew call has no NDT input; cloud is published before NDT consumes it; NDT correction can affect only later deskew,NO; structural/code-path evidence is recorded separately
1341,1660857527.6366611,1660857527.737498,1660857527.6366611,PUBLISHED,covered_and_deskewed,22203,22203,1660857525.738512,1660857527.7384,0.0050079822540283203,0.02,0.052870930599212447,0.31380409190450115,0.0027217397706597382,YES,YES,YES,True,0,0,point-time interpolation uses lower sample; future sample only brackets coverage; violating source timestamp rejects point,deskew call has no NDT input; cloud is published before NDT consumes it; NDT correction can affect only later deskew,NO; structural/code-path evidence is recorded separately
1342,1660857527.7375209,1660857527.8383582,1660857527.7375209,PUBLISHED,covered_and_deskewed,22176,22176,1660857525.8385119,1660857527.8383999,0.0050079822540283203,0.02,0.10108199141822446,0.31700673724531991,0.0029768527690797035,YES,YES,YES,True,0,0,point-time interpolation uses lower sample; future sample only brackets coverage; violating source timestamp rejects point,deskew call has no NDT input; cloud is published before NDT consumes it; NDT correction can affect only later deskew,NO; structural/code-path evidence is recorded separately
1343,1660857527.8383811,1660857527.939218,1660857527.8383811,PUBLISHED,covered_and_deskewed,22244,22244,1660857525.9435041,1660857527.943392,0.0050082206726074219,0.02,0.15669956305816057,3.5359283943492055,0.079578992416593705,YES,YES,YES,True,0,0,point-time interpolation uses lower sample; future sample only brackets coverage; violating source timestamp rejects point,deskew call has no NDT input; cloud is published before NDT consumes it; NDT correction can affect only later deskew,NO; structural/code-path evidence is recorded separately
1344,1660857527.9392409,1660857528.0400221,1660857527.9392409,PUBLISHED,covered_and_deskewed,22187,22187,1660857526.0434401,1660857528.043328,0.0050079822540283203,0.02,0.18961983158344109,1.3740222263878656,0.044571409712398737,YES,YES,YES,True,0,0,point-time interpolation uses lower sample; future sample only brackets coverage; violating source timestamp rejects point,deskew call has no NDT input; cloud is published before NDT consumes it; NDT correction can affect only later deskew,NO; structural/code-path evidence is recorded separately
1345,1660857528.040045,1660857528.1408823,1660857528.040045,PUBLISHED,covered_and_deskewed,22280,22280,1660857526.14344,1660857528.143328,0.0050079822540283203,0.02,0.32347951450629209,3.7183450164548391,0.22557873327571612,YES,YES,YES,True,0,0,point-time interpolation uses lower sample; future sample only brackets coverage; violating source timestamp rejects point,deskew call has no NDT input; cloud is published before NDT consumes it; NDT correction can affect only later deskew,NO; structural/code-path evidence is recorded separately
1346,1660857528.1409049,1660857528.2417421,1660857528.1409049,PUBLISHED,covered_and_deskewed,22167,22167,1660857526.2434399,1660857528.2433281,0.0050082206726074219,0.02,0.43559358480337085,4.8633326712185694,0.27078649006339173,YES,YES,YES,True,0,0,point-time interpolation uses lower sample; future sample only brackets coverage; violating source timestamp rejects point,deskew call has no NDT input; cloud is published before NDT consumes it; NDT correction can affect only later deskew,NO; structural/code-path evidence is recorded separately
1347,1660857528.241765,1660857528.3426023,1660857528.241765,PUBLISHED,covered_and_deskewed,22185,22185,1660857526.3434401,1660857528.343328,0.0050079822540283203,0.02,0.68714336628989325,4.1325392434678365,0.12837754120829339,YES,YES,YES,True,0,0,point-time interpolation uses lower sample; future sample only brackets coverage; violating source timestamp rejects point,deskew call has no NDT input; cloud is published before NDT consumes it; NDT correction can affect only later deskew,NO; structural/code-path evidence is recorded separately
1348,1660857528.3426249,1660857528.4434621,1660857528.3426249,PUBLISHED,covered_and_deskewed,22153,22153,1660857526.4484479,1660857528.4483359,0.0050079822540283203,0.02,1.0224370254417017,11.842957921143016,0.47800850479433593,YES,YES,YES,True,0,0,point-time interpolation uses lower sample; future sample only brackets coverage; violating source timestamp rejects point,deskew call has no NDT input; cloud is published before NDT consumes it; NDT correction can affect only later deskew,NO; structural/code-path evidence is recorded separately
1349,1660857528.443485,1660857528.5443223,1660857528.443485,PUBLISHED,covered_and_deskewed,22261,22261,1660857526.5484481,1660857528.548336,0.0050082206726074219,0.02,1.0246130277719434,7.0160857669977412,0.46482580392056522,YES,YES,YES,True,0,0,point-time interpolation uses lower sample; future sample only brackets coverage; violating source timestamp rejects point,deskew call has no NDT input; cloud is published before NDT consumes it; NDT correction can affect only later deskew,NO; structural/code-path evidence is recorded separately
1350,1660857528.5443449,1660857528.6451821,1660857528.5443449,PUBLISHED,covered_and_deskewed,22070,22070,1660857526.648448,1660857528.6483359,0.0050079822540283203,0.02,1.0223353505920014,5.8744607059460066,0.33244519919290116,YES,YES,YES,True,0,0,point-time interpolation uses lower sample; future sample only brackets coverage; violating source timestamp rejects point,deskew call has no NDT input; cloud is published before NDT consumes it; NDT correction can affect only later deskew,NO; structural/code-path evidence is recorded separately
1351,1660857528.645205,1660857528.7460432,1660857528.645205,PUBLISHED,covered_and_deskewed,22186,22186,1660857526.7484479,1660857528.7483361,0.0050082206726074219,0.02,1.5778976196083219,12.232896428466173,0.69313572967743209,YES,YES,YES,True,0,0,point-time interpolation uses lower sample; future sample only brackets coverage; violating source timestamp rejects point,deskew call has no NDT input; cloud is published before NDT consumes it; NDT correction can affect only later deskew,NO; structural/code-path evidence is recorded separately
1352,1660857528.7460649,1660857528.8469033,1660857528.7460649,PUBLISHED,covered_and_deskewed,22230,22230,1660857526.848448,1660857528.848336,0.0099999904632568359,0.02,1.4811131169320189,10.719859668539288,0.72453124801044666,YES,YES,YES,True,0,0,point-time interpolation uses lower sample; future sample only brackets coverage; violating source timestamp rejects point,deskew call has no NDT input; cloud is published before NDT consumes it; NDT correction can affect only later deskew,NO; structural/code-path evidence is recorded separately
1353,1660857528.846925,1660857528.9477632,1660857528.846925,PUBLISHED,covered_and_deskewed,22051,22051,1660857526.9484479,1660857528.9483359,0.0050079822540283203,0.02,1.3539064560234195,6.0837176062027973,0.27790427188614253,YES,YES,YES,True,0,0,point-time interpolation uses lower sample; future sample only brackets coverage; violating source timestamp rejects point,deskew call has no NDT input; cloud is published before NDT consumes it; NDT correction can affect only later deskew,NO; structural/code-path evidence is recorded separately
1354,1660857528.9477849,1660857529.0485673,1660857528.9477849,PUBLISHED,covered_and_deskewed,22191,22191,1660857527.0533919,1660857529.0532801,0.0050082206726074219,0.02,1.794742318904351,12.364881492267218,0.57498812998823334,YES,YES,YES,True,0,0,point-time interpolation uses lower sample; future sample only brackets coverage; violating source timestamp rejects point,deskew call has no NDT input; cloud is published before NDT consumes it; NDT correction can affect only later deskew,NO; structural/code-path evidence is recorded separately
1355,1660857529.048588,1660857529.1494274,1660857529.048588,PUBLISHED,covered_and_deskewed,22232,22232,1660857527.1533921,1660857529.15328,0.0050079822540283203,0.02,1.6394176059903047,10.129811930990865,0.52738889916250165,YES,YES,YES,True,0,0,point-time interpolation uses lower sample; future sample only brackets coverage; violating source timestamp rejects point,deskew call has no NDT input; cloud is published before NDT consumes it; NDT correction can affect only later deskew,NO; structural/code-path evidence is recorded separately
1356,1660857529.1494479,1660857529.2502873,1660857529.1494479,PUBLISHED,covered_and_deskewed,22120,22120,1660857527.253392,1660857529.2532799,0.0050079822540283203,0.02,1.5043721426310421,5.3612565164649411,0.29791196108441187,YES,YES,YES,True,0,0,point-time interpolation uses lower sample; future sample only brackets coverage; violating source timestamp rejects point,deskew call has no NDT input; cloud is published before NDT consumes it; NDT correction can affect only later deskew,NO; structural/code-path evidence is recorded separately
1357,1660857529.250308,1660857529.3511474,1660857529.250308,PUBLISHED,covered_and_deskewed,22271,22271,1660857527.3533919,1660857529.3532801,0.0050082206726074219,0.02,1.8992331122920736,25.497861008504493,1.1596893700075277,YES,YES,YES,True,0,0,point-time interpolation uses lower sample; future sample only brackets coverage; violating source timestamp rejects point,deskew call has no NDT input; cloud is published before NDT consumes it; NDT correction can affect only later deskew,NO; structural/code-path evidence is recorded separately
1358,1660857529.3511679,1660857529.4520073,1660857529.3511679,PUBLISHED,covered_and_deskewed,22190,22190,1660857527.453392,1660857529.45328,0.0050079822540283203,0.02,1.5924234552523424,11.279598381224686,0.55674892959808775,YES,YES,YES,True,0,0,point-time interpolation uses lower sample; future sample only brackets coverage; violating source timestamp rejects point,deskew call has no NDT input; cloud is published before NDT consumes it; NDT correction can affect only later deskew,NO; structural/code-path evidence is recorded separately
1359,1660857529.452028,1660857529.5528674,1660857529.452028,PUBLISHED,covered_and_deskewed,22106,22106,1660857527.5533919,1660857529.5532801,0.0050082206726074219,0.02,1.468721685206372,7.2436541592410011,0.4302484083368901,YES,YES,YES,True,0,0,point-time interpolation uses lower sample; future sample only brackets coverage; violating source timestamp rejects point,deskew call has no NDT input; cloud is published before NDT consumes it; NDT correction can affect only later deskew,NO; structural/code-path evidence is recorded separately
1360,1660857529.5528879,1660857529.6537273,1660857529.5528879,PUBLISHED,covered_and_deskewed,21951,21951,1660857527.6584001,1660857529.658288,0.0050079822540283203,0.02,1.8479377239531587,18.420138786188502,1.1025998708470437,YES,YES,YES,True,0,0,point-time interpolation uses lower sample; future sample only brackets coverage; violating source timestamp rejects point,deskew call has no NDT input; cloud is published before NDT consumes it; NDT correction can affect only later deskew,NO; structural/code-path evidence is recorded separately
1361,1660857529.653748,1660857529.7545874,1660857529.653748,PUBLISHED,covered_and_deskewed,21853,21853,1660857527.7584,1660857529.7582879,0.0050079822540283203,0.02,1.592147324734984,13.977475843345006,0.72463820168612647,YES,YES,YES,True,0,0,point-time interpolation uses lower sample; future sample only brackets coverage; violating source timestamp rejects point,deskew call has no NDT input; cloud is published before NDT consumes it; NDT correction can affect only later deskew,NO; structural/code-path evidence is recorded separately
1362,1660857529.7546079,1660857529.8554473,1660857529.7546079,PUBLISHED,covered_and_deskewed,21908,21908,1660857527.8584001,1660857529.858288,0.0050082206726074219,0.02,1.6125244657628053,5.0605440409868008,0.29414293455620272,YES,YES,YES,True,0,0,point-time interpolation uses lower sample; future sample only brackets coverage; violating source timestamp rejects point,deskew call has no NDT input; cloud is published before NDT consumes it; NDT correction can affect only later deskew,NO; structural/code-path evidence is recorded separately
1363,1660857529.855468,1660857529.9563074,1660857529.855468,PUBLISHED,covered_and_deskewed,21744,21744,1660857527.9584,1660857529.958288,0.0050079822540283203,0.02,1.9699924433093614,11.82580657918624,0.49402944615115379,YES,YES,YES,True,0,0,point-time interpolation uses lower sample; future sample only brackets coverage; violating source timestamp rejects point,deskew call has no NDT input; cloud is published before NDT consumes it; NDT correction can affect only later deskew,NO; structural/code-path evidence is recorded separately
1364,1660857529.9563279,1660857530.0571113,1660857529.9563279,PUBLISHED,covered_and_deskewed,21886,21886,1660857528.058336,1660857530.058224,0.0050079822540283203,0.02,1.6210413950611584,8.2320869560337755,0.50422228617136833,YES,YES,YES,True,0,0,point-time interpolation uses lower sample; future sample only brackets coverage; violating source timestamp rejects point,deskew call has no NDT input; cloud is published before NDT consumes it; NDT correction can affect only later deskew,NO; structural/code-path evidence is recorded separately
1365,1660857530.057132,1660857530.1579714,1660857530.057132,PUBLISHED,covered_and_deskewed,21807,21807,1660857528.1583359,1660857530.1582241,0.0050082206726074219,0.02,1.4256455615895072,5.4496842813399002,0.3746512254603051,YES,YES,YES,True,0,0,point-time interpolation uses lower sample; future sample only brackets coverage; violating source timestamp rejects point,deskew call has no NDT input; cloud is published before NDT consumes it; NDT correction can affect only later deskew,NO; structural/code-path evidence is recorded separately
1366,1660857530.1579919,1660857530.2588313,1660857530.1579919,PUBLISHED,covered_and_deskewed,21685,21685,1660857528.2633281,1660857530.263216,0.0050082206726074219,0.02,1.8269933683512476,17.232490122631585,0.77150162602212047,YES,YES,YES,True,0,0,point-time interpolation uses lower sample; future sample only brackets coverage; violating source timestamp rejects point,deskew call has no NDT input; cloud is published before NDT consumes it; NDT correction can affect only later deskew,NO; structural/code-path evidence is recorded separately
1367,1660857530.258852,1660857530.3596914,1660857530.258852,PUBLISHED,covered_and_deskewed,21584,21584,1660857528.363328,1660857530.3632159,0.0050079822540283203,0.02,1.6804918127969235,12.036301803572334,0.71929470139308804,YES,YES,YES,True,0,0,point-time interpolation uses lower sample; future sample only brackets coverage; violating source timestamp rejects point,deskew call has no NDT input; cloud is published before NDT consumes it; NDT correction can affect only later deskew,NO; structural/code-path evidence is recorded separately
1368,1660857530.3597119,1660857530.4605513,1660857530.3597119,PUBLISHED,covered_and_deskewed,21438,21438,1660857528.4633279,1660857530.4632161,0.0099999904632568359,0.02,1.4376313901591555,5.7999845298025337,0.3208519606276985,YES,YES,YES,True,0,0,point-time interpolation uses lower sample; future sample only brackets coverage; violating source timestamp rejects point,deskew call has no NDT input; cloud is published before NDT consumes it; NDT correction can affect only later deskew,NO; structural/code-path evidence is recorded separately
1369,1660857530.460572,1660857530.5614114,1660857530.460572,PUBLISHED,covered_and_deskewed,21154,21154,1660857528.563328,1660857530.563216,0.0050079822540283203,0.02,1.8381787484187824,20.856742616708171,1.0903646295779785,YES,YES,YES,True,0,0,point-time interpolation uses lower sample; future sample only brackets coverage; violating source timestamp rejects point,deskew call has no NDT input; cloud is published before NDT consumes it; NDT correction can affect only later deskew,NO; structural/code-path evidence is recorded separately
1370,1660857530.5614319,1660857530.6622713,1660857530.5614319,PUBLISHED,covered_and_deskewed,21046,21046,1660857528.6633279,1660857530.6632161,0.0050082206726074219,0.02,1.494166795573002,10.877364631552958,0.61498055789963546,YES,YES,YES,True,0,0,point-time interpolation uses lower sample; future sample only brackets coverage; violating source timestamp rejects point,deskew call has no NDT input; cloud is published before NDT consumes it; NDT correction can affect only later deskew,NO; structural/code-path evidence is recorded separately
1371,1660857530.662292,1660857530.7631314,1660857530.662292,PUBLISHED,covered_and_deskewed,20643,20643,1660857528.7633281,1660857530.763216,0.0050079822540283203,0.02,1.4762563943803693,6.4005154708917269,0.44071587141561119,YES,YES,YES,True,0,0,point-time interpolation uses lower sample; future sample only brackets coverage; violating source timestamp rejects point,deskew call has no NDT input; cloud is published before NDT consumes it; NDT correction can affect only later deskew,NO; structural/code-path evidence is recorded separately
1372,1660857530.7631519,1660857530.8639913,1660857530.7631519,PUBLISHED,covered_and_deskewed,19920,19920,1660857528.868336,1660857530.8682239,0.0050079822540283203,0.02,1.9506071009709698,22.617388391168493,1.1320199349774371,YES,YES,YES,True,0,0,point-time interpolation uses lower sample; future sample only brackets coverage; violating source timestamp rejects point,deskew call has no NDT input; cloud is published before NDT consumes it; NDT correction can affect only later deskew,NO; structural/code-path evidence is recorded separately
1373,1660857530.864012,1660857530.9648502,1660857530.864012,PUBLISHED,covered_and_deskewed,20463,20463,1660857528.9683361,1660857530.968224,0.0050082206726074219,0.02,1.4027015370014742,9.7779138782017867,0.58373436606181006,YES,YES,YES,True,0,0,point-time interpolation uses lower sample; future sample only brackets coverage; violating source timestamp rejects point,deskew call has no NDT input; cloud is published before NDT consumes it; NDT correction can affect only later deskew,NO; structural/code-path evidence is recorded separately
1374,1660857530.9648719,1660857531.0656552,1660857530.9648719,PUBLISHED,covered_and_deskewed,20126,20126,1660857529.0682881,1660857531.068176,0.0050079822540283203,0.02,1.5504484780147376,7.2129200769498167,0.38685208599073173,YES,YES,YES,True,0,0,point-time interpolation uses lower sample; future sample only brackets coverage; violating source timestamp rejects point,deskew call has no NDT input; cloud is published before NDT consumes it; NDT correction can affect only later deskew,NO; structural/code-path evidence is recorded separately
1375,1660857531.0656769,1660857531.1665154,1660857531.0656769,PUBLISHED,covered_and_deskewed,20432,20432,1660857529.168288,1660857531.1681759,0.0050079822540283203,0.02,1.9231779597350662,32.882677278605534,1.4136034172300467,YES,YES,YES,True,0,0,point-time interpolation uses lower sample; future sample only brackets coverage; violating source timestamp rejects point,deskew call has no NDT input; cloud is published before NDT consumes it; NDT correction can affect only later deskew,NO; structural/code-path evidence is recorded separately
1376,1660857531.166537,1660857531.2673752,1660857531.166537,PUBLISHED,covered_and_deskewed,19843,19843,1660857529.2682879,1660857531.2681761,0.0050082206726074219,0.02,1.6009098999354052,21.609360467011271,1.3341428891799845,YES,YES,YES,True,0,0,point-time interpolation uses lower sample; future sample only brackets coverage; violating source timestamp rejects point,deskew call has no NDT input; cloud is published before NDT consumes it; NDT correction can affect only later deskew,NO; structural/code-path evidence is recorded separately
1377,1660857531.267396,1660857531.3682353,1660857531.267396,PUBLISHED,covered_and_deskewed,20157,20157,1660857529.37328,1660857531.373168,0.0050079822540283203,0.02,1.1964065076779997,10.189674755349184,0.61113625133879557,YES,YES,YES,True,0,0,point-time interpolation uses lower sample; future sample only brackets coverage; violating source timestamp rejects point,deskew call has no NDT input; cloud is published before NDT consumes it; NDT correction can affect only later deskew,NO; structural/code-path evidence is recorded separately
1378,1660857531.3682561,1660857531.4690952,1660857531.3682561,PUBLISHED,covered_and_deskewed,19526,19526,1660857529.47328,1660857531.4731679,0.0050079822540283203,0.02,1.4178574941495437,36.798945344405702,1.9650181508178417,YES,YES,YES,True,0,0,point-time interpolation uses lower sample; future sample only brackets coverage; violating source timestamp rejects point,deskew call has no NDT input; cloud is published before NDT consumes it; NDT correction can affect only later deskew,NO; structural/code-path evidence is recorded separately
1379,1660857531.469116,1660857531.5699553,1660857531.469116,PUBLISHED,covered_and_deskewed,20990,20990,1660857529.5732801,1660857531.573168,0.0050082206726074219,0.02,1.3727524044635351,27.346703396752087,1.4840008437745527,YES,YES,YES,True,0,0,point-time interpolation uses lower sample; future sample only brackets coverage; violating source timestamp rejects point,deskew call has no NDT input; cloud is published before NDT consumes it; NDT correction can affect only later deskew,NO; structural/code-path evidence is recorded separately
1380,1660857531.5699761,1660857531.6708152,1660857531.5699761,PUBLISHED,covered_and_deskewed,20981,20981,1660857529.67328,1660857531.6731679,0.0050079822540283203,0.02,0.80404385307055248,10.320812320144528,0.5708777899813815,YES,YES,YES,True,0,0,point-time interpolation uses lower sample; future sample only brackets coverage; violating source timestamp rejects point,deskew call has no NDT input; cloud is published before NDT consumes it; NDT correction can affect only later deskew,NO; structural/code-path evidence is recorded separately
1381,1660857531.670836,1660857531.7716753,1660857531.670836,PUBLISHED,covered_and_deskewed,20912,20912,1660857529.7732799,1660857531.7731681,0.0050082206726074219,0.02,0.78700422797331226,12.929592087363339,1.0295003602234303,YES,YES,YES,True,0,0,point-time interpolation uses lower sample; future sample only brackets coverage; violating source timestamp rejects point,deskew call has no NDT input; cloud is published before NDT consumes it; NDT correction can affect only later deskew,NO; structural/code-path evidence is recorded separately
1382,1660857531.7716961,1660857531.8725352,1660857531.7716961,PUBLISHED,covered_and_deskewed,21097,21097,1660857529.87328,1660857531.873168,0.0050079822540283203,0.02,0.90635468278951481,44.230297938819106,2.2681340611457301,YES,YES,YES,True,0,0,point-time interpolation uses lower sample; future sample only brackets coverage; violating source timestamp rejects point,deskew call has no NDT input; cloud is published before NDT consumes it; NDT correction can affect only later deskew,NO; structural/code-path evidence is recorded separately
1383,1660857531.872556,1660857531.9733953,1660857531.872556,PUBLISHED,covered_and_deskewed,21561,21561,1660857529.9782879,1660857531.9781761,0.0099999904632568359,0.02,0.61398401279561099,20.724116477284934,1.5518766033605647,YES,YES,YES,True,0,0,point-time interpolation uses lower sample; future sample only brackets coverage; violating source timestamp rejects point,deskew call has no NDT input; cloud is published before NDT consumes it; NDT correction can affect only later deskew,NO; structural/code-path evidence is recorded separately
1384,1660857531.9734161,1660857532.0741971,1660857531.9734161,PUBLISHED,covered_and_deskewed,22128,22128,1660857530.0782239,1660857532.0781119,0.0050082206726074219,0.02,0.90964833456402794,9.8509832289480528,1.6556930957368201,YES,YES,YES,True,0,0,point-time interpolation uses lower sample; future sample only brackets coverage; violating source timestamp rejects point,deskew call has no NDT input; cloud is published before NDT consumes it; NDT correction can affect only later deskew,NO; structural/code-path evidence is recorded separately
1385,1660857532.0742199,1660857532.1750572,1660857532.0742199,PUBLISHED,covered_and_deskewed,22176,22176,1660857530.1782241,1660857532.178112,0.0050082206726074219,0.02,1.0327777322720675,40.445354318219003,2.9961577755387259,YES,YES,YES,True,0,0,point-time interpolation uses lower sample; future sample only brackets coverage; violating source timestamp rejects point,deskew call has no NDT input; cloud is published before NDT consumes it; NDT correction can affect only later deskew,NO; structural/code-path evidence is recorded separately
1386,1660857532.1750801,1660857532.2759171,1660857532.1750801,PUBLISHED,covered_and_deskewed,22211,22211,1660857530.278224,1660857532.2781119,0.0050079822540283203,0.02,0.89872098826000046,7.2573188025515254,2.1949551701273395,YES,YES,YES,True,0,0,point-time interpolation uses lower sample; future sample only brackets coverage; violating source timestamp rejects point,deskew call has no NDT input; cloud is published before NDT consumes it; NDT correction can affect only later deskew,NO; structural/code-path evidence is recorded separately
1387,1660857532.2759399,1660857532.3767772,1660857532.2759399,PUBLISHED,covered_and_deskewed,21829,21829,1660857530.3782239,1660857532.3781121,0.0050082206726074219,0.02,1.3577998361192229,30.85366533948833,2.7536844769815652,YES,YES,YES,True,0,0,point-time interpolation uses lower sample; future sample only brackets coverage; violating source timestamp rejects point,deskew call has no NDT input; cloud is published before NDT consumes it; NDT correction can affect only later deskew,NO; structural/code-path evidence is recorded separately
1388,1660857532.3768001,1660857532.4776371,1660857532.3768001,PUBLISHED,covered_and_deskewed,22523,22523,1660857530.478224,1660857532.478112,0.0099999904632568359,0.02,1.3715197115262163,30.9462023358153,1.8000856471809692,YES,YES,YES,True,0,0,point-time interpolation uses lower sample; future sample only brackets coverage; violating source timestamp rejects point,deskew call has no NDT input; cloud is published before NDT consumes it; NDT correction can affect only later deskew,NO; structural/code-path evidence is recorded separately
1389,1660857532.4776599,1660857532.5784972,1660857532.4776599,PUBLISHED,covered_and_deskewed,22066,22066,1660857530.583216,1660857532.5831039,0.0050079822540283203,0.02,1.9755005671514778,12.809133931158543,1.9553927710422805,YES,YES,YES,True,0,0,point-time interpolation uses lower sample; future sample only brackets coverage; violating source timestamp rejects point,deskew call has no NDT input; cloud is published before NDT consumes it; NDT correction can affect only later deskew,NO; structural/code-path evidence is recorded separately
1390,1660857532.5785201,1660857532.6793571,1660857532.5785201,PUBLISHED,covered_and_deskewed,22013,22013,1660857530.6832161,1660857532.683104,0.0050082206726074219,0.02,2.1533131965453935,14.701517981679046,1.6425159515997134,YES,YES,YES,True,0,0,point-time interpolation uses lower sample; future sample only brackets coverage; violating source timestamp rejects point,deskew call has no NDT input; cloud is published before NDT consumes it; NDT correction can affect only later deskew,NO; structural/code-path evidence is recorded separately
1391,1660857532.6793799,1660857532.7802172,1660857532.6793799,PUBLISHED,covered_and_deskewed,21883,21883,1660857530.783216,1660857532.7831039,0.0050079822540283203,0.02,2.6725869904981328,12.934161976700654,1.4414583571331825,YES,YES,YES,True,0,0,point-time interpolation uses lower sample; future sample only brackets coverage; violating source timestamp rejects point,deskew call has no NDT input; cloud is published before NDT consumes it; NDT correction can affect only later deskew,NO; structural/code-path evidence is recorded separately
1392,1660857532.7802401,1660857532.8810771,1660857532.7802401,PUBLISHED,covered_and_deskewed,21795,21795,1660857530.8832159,1660857532.8831041,0.0050082206726074219,0.02,3.3612131074097604,16.111493957122288,2.0356793989339201,YES,YES,YES,True,0,0,point-time interpolation uses lower sample; future sample only brackets coverage; violating source timestamp rejects point,deskew call has no NDT input; cloud is published before NDT consumes it; NDT correction can affect only later deskew,NO; structural/code-path evidence is recorded separately
1393,1660857532.8810999,1660857532.9819372,1660857532.8810999,PUBLISHED,covered_and_deskewed,20830,20830,1660857530.983216,1660857532.983104,0.0050079822540283203,0.02,2.8316062765708234,36.98779886258275,2.3332622093538782,YES,YES,YES,True,0,0,point-time interpolation uses lower sample; future sample only brackets coverage; violating source timestamp rejects point,deskew call has no NDT input; cloud is published before NDT consumes it; NDT correction can affect only later deskew,NO; structural/code-path evidence is recorded separately
1394,1660857532.9819601,1660857533.0827413,1660857532.9819601,PUBLISHED,covered_and_deskewed,20639,20639,1660857531.083168,1660857533.083056,0.0050079822540283203,0.02,2.3366544606187345,67.658415561548125,2.3017601636827734,YES,YES,YES,True,0,0,point-time interpolation uses lower sample; future sample only brackets coverage; violating source timestamp rejects point,deskew call has no NDT input; cloud is published before NDT consumes it; NDT correction can affect only later deskew,NO; structural/code-path evidence is recorded separately
1395,1660857533.0827639,1660857533.1836033,1660857533.0827639,PUBLISHED,covered_and_deskewed,20900,20900,1660857531.1881759,1660857533.1880641,0.0050082206726074219,0.02,1.8955096045098065,10.644947085015795,1.448089558000675,YES,YES,YES,True,0,0,point-time interpolation uses lower sample; future sample only brackets coverage; violating source timestamp rejects point,deskew call has no NDT input; cloud is published before NDT consumes it; NDT correction can affect only later deskew,NO; structural/code-path evidence is recorded separately
1396,1660857533.183624,1660857533.2844601,1660857533.183624,PUBLISHED,covered_and_deskewed,20735,20735,1660857531.2881761,1660857533.288064,0.0050079822540283203,0.02,2.7231569878182995,6.4930414786807242,1.5416973297649281,YES,YES,YES,True,0,0,point-time interpolation uses lower sample; future sample only brackets coverage; violating source timestamp rejects point,deskew call has no NDT input; cloud is published before NDT consumes it; NDT correction can affect only later deskew,NO; structural/code-path evidence is recorded separately
1397,1660857533.2844839,1660857533.3853202,1660857533.2844839,PUBLISHED,covered_and_deskewed,20706,20706,1660857531.388176,1660857533.3880639,0.0050079822540283203,0.02,4.0651371675059389,19.734721722452154,1.5816569785542967,YES,YES,YES,True,0,0,point-time interpolation uses lower sample; future sample only brackets coverage; violating source timestamp rejects point,deskew call has no NDT input; cloud is published before NDT consumes it; NDT correction can affect only later deskew,NO; structural/code-path evidence is recorded separately
1398,1660857533.385344,1660857533.4861801,1660857533.385344,PUBLISHED,covered_and_deskewed,20486,20486,1660857531.4881761,1660857533.4880641,0.0050082206726074219,0.02,4.6032211551574909,19.859454049173358,1.4771685730034172,YES,YES,YES,True,0,0,point-time interpolation uses lower sample; future sample only brackets coverage; violating source timestamp rejects point,deskew call has no NDT input; cloud is published before NDT consumes it; NDT correction can affect only later deskew,NO; structural/code-path evidence is recorded separately
1399,1660857533.486203,1660857533.5870354,1660857533.486203,PUBLISHED,covered_and_deskewed,20608,20608,1660857531.588176,1660857533.588064,0.0050079822540283203,0.02,4.7412523912250846,8.9406005686674206,1.3666554960207917,YES,YES,YES,True,0,0,point-time interpolation uses lower sample; future sample only brackets coverage; violating source timestamp rejects point,deskew call has no NDT input; cloud is published before NDT consumes it; NDT correction can affect only later deskew,NO; structural/code-path evidence is recorded separately
1400,1660857533.5870631,1660857533.6879001,1660857533.5870631,PUBLISHED,covered_and_deskewed,20907,20907,1660857531.6881759,1660857533.6880641,0.0050082206726074219,0.02,4.6729528213563309,11.836268586227737,0.96591983468955189,YES,YES,YES,True,0,0,point-time interpolation uses lower sample; future sample only brackets coverage; violating source timestamp rejects point,deskew call has no NDT input; cloud is published before NDT consumes it; NDT correction can affect only later deskew,NO; structural/code-path evidence is recorded separately
1401,1660857533.687923,1660857533.7887602,1660857533.687923,PUBLISHED,covered_and_deskewed,20591,20591,1660857531.7931681,1660857533.793056,0.0050079822540283203,0.02,4.4839056629236813,16.593274562887313,1.217917501528341,YES,YES,YES,True,0,0,point-time interpolation uses lower sample; future sample only brackets coverage; violating source timestamp rejects point,deskew call has no NDT input; cloud is published before NDT consumes it; NDT correction can affect only later deskew,NO; structural/code-path evidence is recorded separately
1402,1660857533.7887831,1660857533.8896153,1660857533.7887831,PUBLISHED,covered_and_deskewed,21017,21017,1660857531.893168,1660857533.8930559,0.0050079822540283203,0.02,2.2508887625394087,6.0659150380830447,0.55674859873008853,YES,YES,YES,True,0,0,point-time interpolation uses lower sample; future sample only brackets coverage; violating source timestamp rejects point,deskew call has no NDT input; cloud is published before NDT consumes it; NDT correction can affect only later deskew,NO; structural/code-path evidence is recorded separately
1403,1660857533.889643,1660857533.9904802,1660857533.889643,PUBLISHED,covered_and_deskewed,21218,21218,1660857531.9931681,1660857533.9930561,0.0050082206726074219,0.02,1.5135049904299733,3.9682965151498615,0.53984096153917671,YES,YES,YES,True,0,0,point-time interpolation uses lower sample; future sample only brackets coverage; violating source timestamp rejects point,deskew call has no NDT input; cloud is published before NDT consumes it; NDT correction can affect only later deskew,NO; structural/code-path evidence is recorded separately
1404,1660857533.9905031,1660857534.0912793,1660857533.9905031,PUBLISHED,covered_and_deskewed,21137,21137,1660857532.0931039,1660857534.0929921,0.0050082206726074219,0.02,1.1850344930243721,2.947255517435821,0.51327537672965151,YES,YES,YES,True,0,0,point-time interpolation uses lower sample; future sample only brackets coverage; violating source timestamp rejects point,deskew call has no NDT input; cloud is published before NDT consumes it; NDT correction can affect only later deskew,NO; structural/code-path evidence is recorded separately
1405,1660857534.0913069,1660857534.1921442,1660857534.0913069,PUBLISHED,covered_and_deskewed,21108,21108,1660857532.193104,1660857534.192992,0.0050079822540283203,0.02,0.87901851471970327,10.311104222445321,0.444504393383998,YES,YES,YES,True,0,0,point-time interpolation uses lower sample; future sample only brackets coverage; violating source timestamp rejects point,deskew call has no NDT input; cloud is published before NDT consumes it; NDT correction can affect only later deskew,NO; structural/code-path evidence is recorded separately
1406,1660857534.192167,1660857534.293004,1660857534.192167,PUBLISHED,covered_and_deskewed,21090,21090,1660857532.2981119,1660857534.2980001,0.0050082206726074219,0.02,0.57049860828127297,6.5500166654818575,0.82943737563227216,YES,YES,YES,True,0,0,point-time interpolation uses lower sample; future sample only brackets coverage; violating source timestamp rejects point,deskew call has no NDT input; cloud is published before NDT consumes it; NDT correction can affect only later deskew,NO; structural/code-path evidence is recorded separately
1407,1660857534.2930269,1660857534.3938594,1660857534.2930269,PUBLISHED,covered_and_deskewed,21157,21157,1660857532.3981121,1660857534.398,0.0050079822540283203,0.02,0.76362667804339213,11.313542187709588,0.82067415205321437,YES,YES,YES,True,0,0,point-time interpolation uses lower sample; future sample only brackets coverage; violating source timestamp rejects point,deskew call has no NDT input; cloud is published before NDT consumes it; NDT correction can affect only later deskew,NO; structural/code-path evidence is recorded separately
1408,1660857534.393887,1660857534.494724,1660857534.393887,PUBLISHED,covered_and_deskewed,21375,21375,1660857532.498112,1660857534.4979999,0.0050079822540283203,0.02,0.76838051671339347,22.96316249213038,1.4496553364300067,YES,YES,YES,True,0,0,point-time interpolation uses lower sample; future sample only brackets coverage; violating source timestamp rejects point,deskew call has no NDT input; cloud is published before NDT consumes it; NDT correction can affect only later deskew,NO; structural/code-path evidence is recorded separately
1409,1660857534.4947469,1660857534.5955842,1660857534.4947469,PUBLISHED,covered_and_deskewed,21155,21155,1660857532.5981121,1660857534.598,0.0050082206726074219,0.02,1.6834911910487464,10.701280176405341,0.58258467245123635,YES,YES,YES,True,0,0,point-time interpolation uses lower sample; future sample only brackets coverage; violating source timestamp rejects point,deskew call has no NDT input; cloud is published before NDT consumes it; NDT correction can affect only later deskew,NO; structural/code-path evidence is recorded separately
1410,1660857534.595607,1660857534.696444,1660857534.595607,PUBLISHED,covered_and_deskewed,21195,21195,1660857532.698112,1660857534.698,0.0050079822540283203,0.02,2.2073035458315622,15.414055223682686,0.63053299723620515,YES,YES,YES,True,0,0,point-time interpolation uses lower sample; future sample only brackets coverage; violating source timestamp rejects point,deskew call has no NDT input; cloud is published before NDT consumes it; NDT correction can affect only later deskew,NO; structural/code-path evidence is recorded separately
1411,1660857534.6964669,1660857534.7973042,1660857534.6964669,PUBLISHED,covered_and_deskewed,20681,20681,1660857532.7981119,1660857534.7980001,0.0050082206726074219,0.02,2.3336510136589119,17.694946247151275,1.3706320127909111,YES,YES,YES,True,0,0,point-time interpolation uses lower sample; future sample only brackets coverage; violating source timestamp rejects point,deskew call has no NDT input; cloud is published before NDT consumes it; NDT correction can affect only later deskew,NO; structural/code-path evidence is recorded separately
1412,1660857534.797327,1660857534.898164,1660857534.797327,PUBLISHED,covered_and_deskewed,20604,20604,1660857532.9031041,1660857534.902992,0.0050079822540283203,0.02,2.0015843486632741,15.838265249749142,1.30701047369267,YES,YES,YES,True,0,0,point-time interpolation uses lower sample; future sample only brackets coverage; violating source timestamp rejects point,deskew call has no NDT input; cloud is published before NDT consumes it; NDT correction can affect only later deskew,NO; structural/code-path evidence is recorded separately
1413,1660857534.8981869,1660857534.9990242,1660857534.8981869,PUBLISHED,covered_and_deskewed,20385,20385,1660857533.003056,1660857535.002944,0.0050079822540283203,0.02,2.1866896174475685,10.721019836916051,0.65764434951568707,YES,YES,YES,True,0,0,point-time interpolation uses lower sample; future sample only brackets coverage; violating source timestamp rejects point,deskew call has no NDT input; cloud is published before NDT consumes it; NDT correction can affect only later deskew,NO; structural/code-path evidence is recorded separately
1414,1660857534.999047,1660857535.0998282,1660857534.999047,PUBLISHED,covered_and_deskewed,21031,21031,1660857533.103056,1660857535.1029439,0.0050079822540283203,0.02,2.2969741904005678,23.710878678438583,1.7498211770989212,YES,YES,YES,True,0,0,point-time interpolation uses lower sample; future sample only brackets coverage; violating source timestamp rejects point,deskew call has no NDT input; cloud is published before NDT consumes it; NDT correction can affect only later deskew,NO; structural/code-path evidence is recorded separately
1415,1660857535.0998509,1660857535.2006881,1660857535.0998509,PUBLISHED,covered_and_deskewed,20933,20933,1660857533.2030561,1660857535.202944,0.0050082206726074219,0.02,2.2317059037809361,39.095213261681295,1.9964194335669816,YES,YES,YES,True,0,0,point-time interpolation uses lower sample; future sample only brackets coverage; violating source timestamp rejects point,deskew call has no NDT input; cloud is published before NDT consumes it; NDT correction can affect only later deskew,NO; structural/code-path evidence is recorded separately
1416,1660857535.200711,1660857535.3015482,1660857535.200711,PUBLISHED,covered_and_deskewed,20361,20361,1660857533.303056,1660857535.3029439,0.0050079822540283203,0.02,1.3350067932273137,21.604511933580305,1.5248344126505837,YES,YES,YES,True,0,0,point-time interpolation uses lower sample; future sample only brackets coverage; violating source timestamp rejects point,deskew call has no NDT input; cloud is published before NDT consumes it; NDT correction can affect only later deskew,NO; structural/code-path evidence is recorded separately
1417,1660857535.3015709,1660857535.4024081,1660857535.3015709,PUBLISHED,covered_and_deskewed,21056,21056,1660857533.4030559,1660857535.4029441,0.0050082206726074219,0.02,1.5114659386694598,11.407121049736196,1.3888881763703165,YES,YES,YES,True,0,0,point-time interpolation uses lower sample; future sample only brackets coverage; violating source timestamp rejects point,deskew call has no NDT input; cloud is published before NDT consumes it; NDT correction can affect only later deskew,NO; structural/code-path evidence is recorded separately
1418,1660857535.402431,1660857535.503267,1660857535.402431,PUBLISHED,covered_and_deskewed,21114,21114,1660857533.508064,1660857535.507952,0.0050079822540283203,0.02,2.222883264425219,26.307051116999023,1.1702871364315479,YES,YES,YES,True,0,0,point-time interpolation uses lower sample; future sample only brackets coverage; violating source timestamp rejects point,deskew call has no NDT input; cloud is published before NDT consumes it; NDT correction can affect only later deskew,NO; structural/code-path evidence is recorded separately
1419,1660857535.5032909,1660857535.6041179,1660857535.5032909,PUBLISHED,covered_and_deskewed,20764,20764,1660857533.6080639,1660857535.6079521,0.0050082206726074219,0.02,2.845265913438964,26.295274417294006,1.1239754324877753,YES,YES,YES,True,0,0,point-time interpolation uses lower sample; future sample only brackets coverage; violating source timestamp rejects point,deskew call has no NDT input; cloud is published before NDT consumes it; NDT correction can affect only later deskew,NO; structural/code-path evidence is recorded separately
1420,1660857535.604151,1660857535.7049823,1660857535.604151,PUBLISHED,covered_and_deskewed,20730,20730,1660857533.7080641,1660857535.707952,0.0099999904632568359,0.02,2.7098193985906565,29.943113777575029,1.6169493418465504,YES,YES,YES,True,0,0,point-time interpolation uses lower sample; future sample only brackets coverage; violating source timestamp rejects point,deskew call has no NDT input; cloud is published before NDT consumes it; NDT correction can affect only later deskew,NO; structural/code-path evidence is recorded separately
1421,1660857535.7050099,1660857535.8058379,1660857535.7050099,PUBLISHED,covered_and_deskewed,20101,20101,1660857533.808064,1660857535.8079519,0.0050079822540283203,0.02,2.2056457958089477,17.369841854601638,1.3380190618051075,YES,YES,YES,True,0,0,point-time interpolation uses lower sample; future sample only brackets coverage; violating source timestamp rejects point,deskew call has no NDT input; cloud is published before NDT consumes it; NDT correction can affect only later deskew,NO; structural/code-path evidence is recorded separately
1422,1660857535.8058701,1660857535.9066978,1660857535.8058701,PUBLISHED,covered_and_deskewed,20766,20766,1660857533.9080639,1660857535.9079521,0.0050082206726074219,0.02,1.8380051248108802,30.812250649427632,1.8704491620539685,YES,YES,YES,True,0,0,point-time interpolation uses lower sample; future sample only brackets coverage; violating source timestamp rejects point,deskew call has no NDT input; cloud is published before NDT consumes it; NDT correction can affect only later deskew,NO; structural/code-path evidence is recorded separately
1423,1660857535.9067299,1660857536.0075111,1660857535.9067299,PUBLISHED,covered_and_deskewed,21471,21471,1660857534.0079999,1660857536.0078881,0.0050079822540283203,0.02,1.4160694004108041,23.922571641014699,1.3601122572089792,YES,YES,YES,True,0,0,point-time interpolation uses lower sample; future sample only brackets coverage; violating source timestamp rejects point,deskew call has no NDT input; cloud is published before NDT consumes it; NDT correction can affect only later deskew,NO; structural/code-path evidence is recorded separately
1424,1660857536.007534,1660857536.1083713,1660857536.007534,PUBLISHED,covered_and_deskewed,21536,21536,1660857534.112992,1660857536.11288,0.0050079822540283203,0.02,1.0525166555855028,15.948296104299237,1.5626514872705406,YES,YES,YES,True,0,0,point-time interpolation uses lower sample; future sample only brackets coverage; violating source timestamp rejects point,deskew call has no NDT input; cloud is published before NDT consumes it; NDT correction can affect only later deskew,NO; structural/code-path evidence is recorded separately
1425,1660857536.1083939,1660857536.2092311,1660857536.1083939,PUBLISHED,covered_and_deskewed,21158,21158,1660857534.212992,1660857536.2128799,0.0050079822540283203,0.02,0.72724955563874527,17.600237316059999,0.88183088271751431,YES,YES,YES,True,0,0,point-time interpolation uses lower sample; future sample only brackets coverage; violating source timestamp rejects point,deskew call has no NDT input; cloud is published before NDT consumes it; NDT correction can affect only later deskew,NO; structural/code-path evidence is recorded separately
1426,1660857536.209254,1660857536.3100865,1660857536.209254,PUBLISHED,covered_and_deskewed,21393,21393,1660857534.3129921,1660857536.31288,0.0050082206726074219,0.02,0.72962976175664473,36.049456048596475,1.6210600166452835,YES,YES,YES,True,0,0,point-time interpolation uses lower sample; future sample only brackets coverage; violating source timestamp rejects point,deskew call has no NDT input; cloud is published before NDT consumes it; NDT correction can affect only later deskew,NO; structural/code-path evidence is recorded separately
1427,1660857536.3101139,1660857536.4109511,1660857536.3101139,PUBLISHED,covered_and_deskewed,21508,21508,1660857534.412992,1660857536.4128799,0.0050079822540283203,0.02,0.49455880142645936,12.019417757743588,1.0250534708340779,YES,YES,YES,True,0,0,point-time interpolation uses lower sample; future sample only brackets coverage; violating source timestamp rejects point,deskew call has no NDT input; cloud is published before NDT consumes it; NDT correction can affect only later deskew,NO; structural/code-path evidence is recorded separately
1428,1660857536.410974,1660857536.5118113,1660857536.410974,PUBLISHED,covered_and_deskewed,21725,21725,1660857534.5129919,1660857536.5128801,0.0050082206726074219,0.02,0.76788221727062922,13.905284119279942,0.76681078061378716,YES,YES,YES,True,0,0,point-time interpolation uses lower sample; future sample only brackets coverage; violating source timestamp rejects point,deskew call has no NDT input; cloud is published before NDT consumes it; NDT correction can affect only later deskew,NO; structural/code-path evidence is recorded separately
1429,1660857536.5118339,1660857536.6126733,1660857536.5118339,PUBLISHED,covered_and_deskewed,21856,21856,1660857534.612992,1660857536.61288,0.0050079822540283203,0.02,0.77881552000428733,24.06774285073821,1.127479935205022,YES,YES,YES,True,0,0,point-time interpolation uses lower sample; future sample only brackets coverage; violating source timestamp rejects point,deskew call has no NDT input; cloud is published before NDT consumes it; NDT correction can affect only later deskew,NO; structural/code-path evidence is recorded separately
1430,1660857536.612694,1660857536.7135313,1660857536.612694,PUBLISHED,covered_and_deskewed,21714,21714,1660857534.7179999,1660857536.7178881,0.0050082206726074219,0.02,0.72792117205950835,7.3426294152077975,0.90494610434360079,YES,YES,YES,True,0,0,point-time interpolation uses lower sample; future sample only brackets coverage; violating source timestamp rejects point,deskew call has no NDT input; cloud is published before NDT consumes it; NDT correction can affect only later deskew,NO; structural/code-path evidence is recorded separately
1431,1660857536.7135539,1660857536.8143933,1660857536.7135539,PUBLISHED,covered_and_deskewed,22067,22067,1660857534.8180001,1660857536.817888,0.0050082206726074219,0.02,1.8476018710807394,6.6242204147472643,1.1948783411336039,YES,YES,YES,True,0,0,point-time interpolation uses lower sample; future sample only brackets coverage; violating source timestamp rejects point,deskew call has no NDT input; cloud is published before NDT consumes it; NDT correction can affect only later deskew,NO; structural/code-path evidence is recorded separately
1432,1660857536.814414,1660857536.9152534,1660857536.814414,PUBLISHED,covered_and_deskewed,22266,22266,1660857534.918,1660857536.9178879,0.0050079822540283203,0.02,2.4482628073595318,9.9013646431602158,1.1680885510874364,YES,YES,YES,True,0,0,point-time interpolation uses lower sample; future sample only brackets coverage; violating source timestamp rejects point,deskew call has no NDT input; cloud is published before NDT consumes it; NDT correction can affect only later deskew,NO; structural/code-path evidence is recorded separately
1433,1660857536.9152739,1660857537.0160573,1660857536.9152739,PUBLISHED,covered_and_deskewed,22441,22441,1660857535.017952,1660857537.0178399,0.0050082206726074219,0.02,2.5502588222560414,4.3436611795023614,1.00945798064547,YES,YES,YES,True,0,0,point-time interpolation uses lower sample; future sample only brackets coverage; violating source timestamp rejects point,deskew call has no NDT input; cloud is published before NDT consumes it; NDT correction can affect only later deskew,NO; structural/code-path evidence is recorded separately
1434,1660857537.016078,1660857537.1169174,1660857537.016078,PUBLISHED,covered_and_deskewed,22557,22557,1660857535.1179521,1660857537.1178401,0.0050082206726074219,0.02,2.2118066385688615,3.5692523319444667,1.015737190972358,YES,YES,YES,True,0,0,point-time interpolation uses lower sample; future sample only brackets coverage; violating source timestamp rejects point,deskew call has no NDT input; cloud is published before NDT consumes it; NDT correction can affect only later deskew,NO; structural/code-path evidence is recorded separately
1435,1660857537.1169381,1660857537.2177773,1660857537.1169381,PUBLISHED,covered_and_deskewed,22581,22581,1660857535.217952,1660857537.21784,0.0050079822540283203,0.02,0.91970131705094238,15.859406397480504,1.0450928463617268,YES,YES,YES,True,0,0,point-time interpolation uses lower sample; future sample only brackets coverage; violating source timestamp rejects point,deskew call has no NDT input; cloud is published before NDT consumes it; NDT correction can affect only later deskew,NO; structural/code-path evidence is recorded separately
1436,1660857537.217798,1660857537.3186374,1660857537.217798,PUBLISHED,covered_and_deskewed,22547,22547,1660857535.3229439,1660857537.3228321,0.0050082206726074219,0.02,0.80728358256310928,6.9232655928837268,1.0595113847321693,YES,YES,YES,True,0,0,point-time interpolation uses lower sample; future sample only brackets coverage; violating source timestamp rejects point,deskew call has no NDT input; cloud is published before NDT consumes it; NDT correction can affect only later deskew,NO; structural/code-path evidence is recorded separately
1437,1660857537.3186581,1660857537.4194973,1660857537.3186581,PUBLISHED,covered_and_deskewed,22690,22690,1660857535.4229441,1660857537.422832,0.0050079822540283203,0.02,1.1154340897689943,2.0385077580268507,1.0595113847321693,YES,YES,YES,True,0,0,point-time interpolation uses lower sample; future sample only brackets coverage; violating source timestamp rejects point,deskew call has no NDT input; cloud is published before NDT consumes it; NDT correction can affect only later deskew,NO; structural/code-path evidence is recorded separately
1438,1660857537.419518,1660857537.5203574,1660857537.419518,PUBLISHED,covered_and_deskewed,22575,22575,1660857535.522944,1660857537.5228319,0.0099999904632568359,0.02,1.2984023280308299,2.6452699207357471,1.0325345976046323,YES,YES,YES,True,0,0,point-time interpolation uses lower sample; future sample only brackets coverage; violating source timestamp rejects point,deskew call has no NDT input; cloud is published before NDT consumes it; NDT correction can affect only later deskew,NO; structural/code-path evidence is recorded separately
1439,1660857537.5203781,1660857537.6212173,1660857537.5203781,PUBLISHED,covered_and_deskewed,22516,22516,1660857535.6229441,1660857537.6228321,0.0050082206726074219,0.02,1.4554536173424901,14.429811455573759,1.1515090813260558,YES,YES,YES,True,0,0,point-time interpolation uses lower sample; future sample only brackets coverage; violating source timestamp rejects point,deskew call has no NDT input; cloud is published before NDT consumes it; NDT correction can affect only later deskew,NO; structural/code-path evidence is recorded separately
1440,1660857537.621238,1660857537.7220762,1660857537.621238,PUBLISHED,covered_and_deskewed,22599,22599,1660857535.722944,1660857537.722832,0.0050079822540283203,0.02,1.4578952204792888,6.4147722716213122,1.0629959038977723,YES,YES,YES,True,0,0,point-time interpolation uses lower sample; future sample only brackets coverage; violating source timestamp rejects point,deskew call has no NDT input; cloud is published before NDT consumes it; NDT correction can affect only later deskew,NO; structural/code-path evidence is recorded separately
1441,1660857537.7220981,1660857537.8229363,1660857537.7220981,PUBLISHED,covered_and_deskewed,22627,22627,1660857535.8279519,1660857537.8278401,0.0050082206726074219,0.02,1.3095589645329775,2.1670369820672555,1.0428477477673259,YES,YES,YES,True,0,0,point-time interpolation uses lower sample; future sample only brackets coverage; violating source timestamp rejects point,deskew call has no NDT input; cloud is published before NDT consumes it; NDT correction can affect only later deskew,NO; structural/code-path evidence is recorded separately
1442,1660857537.822958,1660857537.9237962,1660857537.822958,PUBLISHED,covered_and_deskewed,22471,22471,1660857535.9279521,1660857537.92784,0.0050079822540283203,0.02,1.2371207642285844,10.789240948042059,1.0070544752578885,YES,YES,YES,True,0,0,point-time interpolation uses lower sample; future sample only brackets coverage; violating source timestamp rejects point,deskew call has no NDT input; cloud is published before NDT consumes it; NDT correction can affect only later deskew,NO; structural/code-path evidence is recorded separately
1443,1660857537.9238169,1660857538.0246072,1660857537.9238169,PUBLISHED,covered_and_deskewed,22326,22326,1660857536.0278881,1660857538.027792,0.0050079822540283203,0.02,1.259609650742884,14.316060394064184,1.0377607492157457,YES,YES,YES,True,0,0,point-time interpolation uses lower sample; future sample only brackets coverage; violating source timestamp rejects point,deskew call has no NDT input; cloud is published before NDT consumes it; NDT correction can affect only later deskew,NO; structural/code-path evidence is recorded separately
1444,1660857538.0246279,1660857538.1254673,1660857538.0246279,PUBLISHED,covered_and_deskewed,22304,22304,1660857536.127888,1660857538.1277919,0.0050079822540283203,0.02,1.3637258022435879,2.4371280203299008,1.0998691263158296,YES,YES,YES,True,0,0,point-time interpolation uses lower sample; future sample only brackets coverage; violating source timestamp rejects point,deskew call has no NDT input; cloud is published before NDT consumes it; NDT correction can affect only later deskew,NO; structural/code-path evidence is recorded separately
1445,1660857538.125488,1660857538.2263272,1660857538.125488,PUBLISHED,covered_and_deskewed,22316,22316,1660857536.2278881,1660857538.227792,0.0050082206726074219,0.02,1.1167890138983867,1.8052578684461893,1.0636125938911039,YES,YES,YES,True,0,0,point-time interpolation uses lower sample; future sample only brackets coverage; violating source timestamp rejects point,deskew call has no NDT input; cloud is published before NDT consumes it; NDT correction can affect only later deskew,NO; structural/code-path evidence is recorded separately
1446,1660857538.2263479,1660857538.3271852,1660857538.2263479,PUBLISHED,covered_and_deskewed,22050,22050,1660857536.327888,1660857538.3277919,0.0050079822540283203,0.02,0.73879717431980219,12.231298100172376,1.0854443512097725,YES,YES,YES,True,0,0,point-time interpolation uses lower sample; future sample only brackets coverage; violating source timestamp rejects point,deskew call has no NDT input; cloud is published before NDT consumes it; NDT correction can affect only later deskew,NO; structural/code-path evidence is recorded separately
1447,1660857538.327208,1660857538.428045,1660857538.327208,PUBLISHED,covered_and_deskewed,21812,21812,1660857536.4328799,1660857538.4327841,0.0050082206726074219,0.02,0.46781518497044289,7.7773482521220805,1.057404371306482,YES,YES,YES,True,0,0,point-time interpolation uses lower sample; future sample only brackets coverage; violating source timestamp rejects point,deskew call has no NDT input; cloud is published before NDT consumes it; NDT correction can affect only later deskew,NO; structural/code-path evidence is recorded separately
1448,1660857538.4280679,1660857538.5289052,1660857538.4280679,PUBLISHED,covered_and_deskewed,21946,21946,1660857536.5328801,1660857538.532784,0.0050079822540283203,0.02,0.34844101383650589,3.1835248816282484,1.0460058387915396,YES,YES,YES,True,0,0,point-time interpolation uses lower sample; future sample only brackets coverage; violating source timestamp rejects point,deskew call has no NDT input; cloud is published before NDT consumes it; NDT correction can affect only later deskew,NO; structural/code-path evidence is recorded separately
1449,1660857538.528928,1660857538.629765,1660857538.528928,PUBLISHED,covered_and_deskewed,21751,21751,1660857536.63288,1660857538.6327839,0.0050079822540283203,0.02,0.23771245022276052,4.5107095370206576,1.0654276645499283,YES,YES,YES,True,0,0,point-time interpolation uses lower sample; future sample only brackets coverage; violating source timestamp rejects point,deskew call has no NDT input; cloud is published before NDT consumes it; NDT correction can affect only later deskew,NO; structural/code-path evidence is recorded separately
1450,1660857538.6297879,1660857538.7306252,1660857538.6297879,PUBLISHED,covered_and_deskewed,21590,21590,1660857536.7328801,1660857538.732784,0.0050082206726074219,0.02,0.24886738018786392,9.157163091274473,1.0613470962547109,YES,YES,YES,True,0,0,point-time interpolation uses lower sample; future sample only brackets coverage; violating source timestamp rejects point,deskew call has no NDT input; cloud is published before NDT consumes it; NDT correction can affect only later deskew,NO; structural/code-path evidence is recorded separately
1451,1660857538.730648,1660857538.8314803,1660857538.730648,PUBLISHED,covered_and_deskewed,21579,21579,1660857536.83288,1660857538.8327839,0.0050079822540283203,0.02,0.42062620299544956,3.3061161093497806,0.74114765088203149,YES,YES,YES,True,0,0,point-time interpolation uses lower sample; future sample only brackets coverage; violating source timestamp rejects point,deskew call has no NDT input; cloud is published before NDT consumes it; NDT correction can affect only later deskew,NO; structural/code-path evidence is recorded separately
1452,1660857538.8315079,1660857538.9323404,1660857538.8315079,PUBLISHED,covered_and_deskewed,21608,21608,1660857536.9328799,1660857538.9327841,0.0050082206726074219,0.02,0.58128701188840837,1.8176615345754124,0.58980983898687311,YES,YES,YES,True,0,0,point-time interpolation uses lower sample; future sample only brackets coverage; violating source timestamp rejects point,deskew call has no NDT input; cloud is published before NDT consumes it; NDT correction can affect only later deskew,NO; structural/code-path evidence is recorded separately
1453,1660857538.932368,1660857539.0331421,1660857538.932368,PUBLISHED,covered_and_deskewed,21782,21782,1660857537.0378399,1660857539.0377281,0.0050079822540283203,0.02,0.7903777399467643,14.25046756759262,0.31584298359128515,YES,YES,YES,True,0,0,point-time interpolation uses lower sample; future sample only brackets coverage; violating source timestamp rejects point,deskew call has no NDT input; cloud is published before NDT consumes it; NDT correction can affect only later deskew,NO; structural/code-path evidence is recorded separately
1454,1660857539.033165,1660857539.1340022,1660857539.033165,PUBLISHED,covered_and_deskewed,21782,21782,1660857537.13784,1660857539.137728,0.0050079822540283203,0.02,0.75894899899777724,9.8747320915771404,0.3308113876460867,YES,YES,YES,True,0,0,point-time interpolation uses lower sample; future sample only brackets coverage; violating source timestamp rejects point,deskew call has no NDT input; cloud is published before NDT consumes it; NDT correction can affect only later deskew,NO; structural/code-path evidence is recorded separately
1455,1660857539.1340251,1660857539.2348621,1660857539.1340251,PUBLISHED,covered_and_deskewed,21595,21595,1660857537.2378399,1660857539.2377281,0.0099999904632568359,0.02,0.69110318419096894,3.2719266682264774,0.16967801538894334,YES,YES,YES,True,0,0,point-time interpolation uses lower sample; future sample only brackets coverage; violating source timestamp rejects point,deskew call has no NDT input; cloud is published before NDT consumes it; NDT correction can affect only later deskew,NO; structural/code-path evidence is recorded separately
1456,1660857539.234885,1660857539.3357222,1660857539.234885,PUBLISHED,covered_and_deskewed,21784,21784,1660857537.3378401,1660857539.337728,0.0050082206726074219,0.02,0.65534318407960002,2.5838406149060007,0.15965437749689654,YES,YES,YES,True,0,0,point-time interpolation uses lower sample; future sample only brackets coverage; violating source timestamp rejects point,deskew call has no NDT input; cloud is published before NDT consumes it; NDT correction can affect only later deskew,NO; structural/code-path evidence is recorded separately
1457,1660857539.3357451,1660857539.4365821,1660857539.3357451,PUBLISHED,covered_and_deskewed,21704,21704,1660857537.43784,1660857539.4377279,0.0050079822540283203,0.02,0.80210232717558605,11.831784869130569,0.22637405876638617,YES,YES,YES,True,0,0,point-time interpolation uses lower sample; future sample only brackets coverage; violating source timestamp rejects point,deskew call has no NDT input; cloud is published before NDT consumes it; NDT correction can affect only later deskew,NO; structural/code-path evidence is recorded separately
1458,1660857539.436605,1660857539.5374422,1660857539.436605,PUBLISHED,covered_and_deskewed,21850,21850,1660857537.5378399,1660857539.5377281,0.0050082206726074219,0.02,0.80323995417296989,6.1225594364693574,0.34259940768674019,YES,YES,YES,True,0,0,point-time interpolation uses lower sample; future sample only brackets coverage; violating source timestamp rejects point,deskew call has no NDT input; cloud is published before NDT consumes it; NDT correction can affect only later deskew,NO; structural/code-path evidence is recorded separately
1459,1660857539.5374651,1660857539.6383021,1660857539.5374651,PUBLISHED,covered_and_deskewed,21853,21853,1660857537.642832,1660857539.64272,0.0050079822540283203,0.02,0.57247327172484752,2.9492810211020424,0.468829569113353,YES,YES,YES,True,0,0,point-time interpolation uses lower sample; future sample only brackets coverage; violating source timestamp rejects point,deskew call has no NDT input; cloud is published before NDT consumes it; NDT correction can affect only later deskew,NO; structural/code-path evidence is recorded separately
1460,1660857539.638325,1660857539.7391622,1660857539.638325,PUBLISHED,covered_and_deskewed,21798,21798,1660857537.7428319,1660857539.7427199,0.0050082206726074219,0.02,0.4862649474731805,1.7079394939681716,0.68093413097001698,YES,YES,YES,True,0,0,point-time interpolation uses lower sample; future sample only brackets coverage; violating source timestamp rejects point,deskew call has no NDT input; cloud is published before NDT consumes it; NDT correction can affect only later deskew,NO; structural/code-path evidence is recorded separately
1461,1660857539.7391851,1660857539.8400221,1660857539.7391851,PUBLISHED,covered_and_deskewed,21832,21832,1660857537.8428321,1660857539.84272,0.0050082206726074219,0.02,0.67987871030219504,16.632056111740738,0.88368247313053305,YES,YES,YES,True,0,0,point-time interpolation uses lower sample; future sample only brackets coverage; violating source timestamp rejects point,deskew call has no NDT input; cloud is published before NDT consumes it; NDT correction can affect only later deskew,NO; structural/code-path evidence is recorded separately
1462,1660857539.840045,1660857539.9408765,1660857539.840045,PUBLISHED,covered_and_deskewed,21982,21982,1660857537.942832,1660857539.9427199,0.0050079822540283203,0.02,0.62465698021169758,3.2256837187797025,1.0814137268449922,YES,YES,YES,True,0,0,point-time interpolation uses lower sample; future sample only brackets coverage; violating source timestamp rejects point,deskew call has no NDT input; cloud is published before NDT consumes it; NDT correction can affect only later deskew,NO; structural/code-path evidence is recorded separately
1463,1660857539.9409051,1660857540.0416851,1660857539.9409051,PUBLISHED,covered_and_deskewed,22208,22208,1660857538.042784,1660857540.0426559,0.0050082206726074219,0.02,0.63128726321187001,1.9474940360159467,1.0814137268449922,YES,YES,YES,True,0,0,point-time interpolation uses lower sample; future sample only brackets coverage; violating source timestamp rejects point,deskew call has no NDT input; cloud is published before NDT consumes it; NDT correction can affect only later deskew,NO; structural/code-path evidence is recorded separately
1464,1660857540.0417089,1660857540.1425452,1660857540.0417089,PUBLISHED,covered_and_deskewed,22255,22255,1660857538.1427841,1660857540.1426561,0.0050082206726074219,0.02,0.6669709962293503,11.577046677273723,1.0619747259906358,YES,YES,YES,True,0,0,point-time interpolation uses lower sample; future sample only brackets coverage; violating source timestamp rejects point,deskew call has no NDT input; cloud is published before NDT consumes it; NDT correction can affect only later deskew,NO; structural/code-path evidence is recorded separately
1465,1660857540.1425681,1660857540.2434051,1660857540.1425681,PUBLISHED,covered_and_deskewed,22282,22282,1660857538.247792,1660857540.247664,0.0050079822540283203,0.02,0.54014536740847907,11.371112193966397,1.0490466116556993,YES,YES,YES,True,0,0,point-time interpolation uses lower sample; future sample only brackets coverage; violating source timestamp rejects point,deskew call has no NDT input; cloud is published before NDT consumes it; NDT correction can affect only later deskew,NO; structural/code-path evidence is recorded separately
1466,1660857540.243428,1660857540.3442605,1660857540.243428,PUBLISHED,covered_and_deskewed,22211,22211,1660857538.3477919,1660857540.3476641,0.0050082206726074219,0.02,0.37058084317634893,2.7841639476584397,1.0518968134364912,YES,YES,YES,True,0,0,point-time interpolation uses lower sample; future sample only brackets coverage; violating source timestamp rejects point,deskew call has no NDT input; cloud is published before NDT consumes it; NDT correction can affect only later deskew,NO; structural/code-path evidence is recorded separately
1467,1660857540.3442881,1660857540.4451089,1660857540.3442881,PUBLISHED,covered_and_deskewed,22313,22313,1660857538.4477921,1660857540.447664,0.0050082206726074219,0.02,0.2452472789558183,2.7224790259220923,1.0028936762584943,YES,YES,YES,True,0,0,point-time interpolation uses lower sample; future sample only brackets coverage; violating source timestamp rejects point,deskew call has no NDT input; cloud is published before NDT consumes it; NDT correction can affect only later deskew,NO; structural/code-path evidence is recorded separately
1468,1660857540.445148,1660857540.5459852,1660857540.445148,PUBLISHED,covered_and_deskewed,22486,22486,1660857538.547792,1660857540.5476639,0.0050079822540283203,0.02,0.34835979954472912,11.15058617733739,0.83975758073891127,YES,YES,YES,True,0,0,point-time interpolation uses lower sample; future sample only brackets coverage; violating source timestamp rejects point,deskew call has no NDT input; cloud is published before NDT consumes it; NDT correction can affect only later deskew,NO; structural/code-path evidence is recorded separately
1469,1660857540.646868,1660857540.7477052,1660857540.646868,PUBLISHED,covered_and_deskewed,22353,22353,1660857538.752784,1660857540.752656,0.0050079822540283203,0.02,0.35850463257147913,2.0533843631340498,0.54100899633833566,YES,YES,YES,True,0,0,point-time interpolation uses lower sample; future sample only brackets coverage; violating source timestamp rejects point,deskew call has no NDT input; cloud is published before NDT consumes it; NDT correction can affect only later deskew,NO; structural/code-path evidence is recorded separately
1470,1660857540.7477281,1660857540.8485603,1660857540.7477281,PUBLISHED,covered_and_deskewed,22283,22283,1660857538.8527839,1660857540.8526559,0.0099999904632568359,0.02,0.34613828175864125,2.589204330529173,0.25538826239657864,YES,YES,YES,True,0,0,point-time interpolation uses lower sample; future sample only brackets coverage; violating source timestamp rejects point,deskew call has no NDT input; cloud is published before NDT consumes it; NDT correction can affect only later deskew,NO; structural/code-path evidence is recorded separately
1471,1660857540.848588,1660857540.9494252,1660857540.848588,PUBLISHED,covered_and_deskewed,22314,22314,1660857538.9527841,1660857540.952656,0.0050082206726074219,0.02,0.44665980176682551,12.672976140346478,0.25895759267215351,YES,YES,YES,True,0,0,point-time interpolation uses lower sample; future sample only brackets coverage; violating source timestamp rejects point,deskew call has no NDT input; cloud is published before NDT consumes it; NDT correction can affect only later deskew,NO; structural/code-path evidence is recorded separately
1472,1660857540.9494481,1660857541.0502291,1660857540.9494481,PUBLISHED,covered_and_deskewed,22266,22266,1660857539.0527201,1660857541.052608,0.0050079822540283203,0.02,0.40563485970660673,2.9744382901695543,0.13527714594650145,YES,YES,YES,True,0,0,point-time interpolation uses lower sample; future sample only brackets coverage; violating source timestamp rejects point,deskew call has no NDT input; cloud is published before NDT consumes it; NDT correction can affect only later deskew,NO; structural/code-path evidence is recorded separately
1473,1660857541.050252,1660857541.1510892,1660857541.050252,PUBLISHED,covered_and_deskewed,22136,22136,1660857539.15272,1660857541.1526079,0.0050079822540283203,0.02,0.68828079943879794,2.6258798093943434,0.14061926618950255,YES,YES,YES,True,0,0,point-time interpolation uses lower sample; future sample only brackets coverage; violating source timestamp rejects point,deskew call has no NDT input; cloud is published before NDT consumes it; NDT correction can affect only later deskew,NO; structural/code-path evidence is recorded separately
1474,1660857541.1511121,1660857541.2519491,1660857541.1511121,PUBLISHED,covered_and_deskewed,22378,22378,1660857539.2527201,1660857541.2526081,0.0099999904632568359,0.02,1.1408395809599148,14.953507452225358,0.62716531679715981,YES,YES,YES,True,0,0,point-time interpolation uses lower sample; future sample only brackets coverage; violating source timestamp rejects point,deskew call has no NDT input; cloud is published before NDT consumes it; NDT correction can affect only later deskew,NO; structural/code-path evidence is recorded separately
1475,1660857541.251972,1660857541.3528113,1660857541.251972,PUBLISHED,covered_and_deskewed,22456,22456,1660857539.357728,1660857541.3576159,0.0050079822540283203,0.02,1.1745751681089331,12.598691663956826,1.0466130844145989,YES,YES,YES,True,0,0,point-time interpolation uses lower sample; future sample only brackets coverage; violating source timestamp rejects point,deskew call has no NDT input; cloud is published before NDT consumes it; NDT correction can affect only later deskew,NO; structural/code-path evidence is recorded separately
1476,1660857541.3528321,1660857541.4536712,1660857541.3528321,PUBLISHED,covered_and_deskewed,22317,22317,1660857539.4577279,1660857541.4576161,0.0050082206726074219,0.02,1.2634762016450922,4.2832301689414143,0.15469148581698483,YES,YES,YES,True,0,0,point-time interpolation uses lower sample; future sample only brackets coverage; violating source timestamp rejects point,deskew call has no NDT input; cloud is published before NDT consumes it; NDT correction can affect only later deskew,NO; structural/code-path evidence is recorded separately
1477,1660857541.453692,1660857541.5545313,1660857541.453692,PUBLISHED,covered_and_deskewed,22535,22535,1660857539.5577281,1660857541.557616,0.0099999904632568359,0.02,1.0688636526548476,7.1830889388750068,0.23833821893450138,YES,YES,YES,True,0,0,point-time interpolation uses lower sample; future sample only brackets coverage; violating source timestamp rejects point,deskew call has no NDT input; cloud is published before NDT consumes it; NDT correction can affect only later deskew,NO; structural/code-path evidence is recorded separately
1478,1660857541.5545521,1660857541.6553912,1660857541.5545521,PUBLISHED,covered_and_deskewed,22233,22233,1660857539.657728,1660857541.6576159,0.0050079822540283203,0.02,1.0004489859989567,16.819229472214914,0.60208731043552433,YES,YES,YES,True,0,0,point-time interpolation uses lower sample; future sample only brackets coverage; violating source timestamp rejects point,deskew call has no NDT input; cloud is published before NDT consumes it; NDT correction can affect only later deskew,NO; structural/code-path evidence is recorded separately
1479,1660857541.655412,1660857541.7562513,1660857541.655412,PUBLISHED,covered_and_deskewed,22152,22152,1660857539.7577281,1660857541.757616,0.0050082206726074219,0.02,0.96032582792077281,5.0636086426216567,0.37867436214338451,YES,YES,YES,True,0,0,point-time interpolation uses lower sample; future sample only brackets coverage; violating source timestamp rejects point,deskew call has no NDT input; cloud is published before NDT consumes it; NDT correction can affect only later deskew,NO; structural/code-path evidence is recorded separately
1480,1660857541.7562721,1660857541.8571112,1660857541.7562721,PUBLISHED,covered_and_deskewed,22667,22667,1660857539.857728,1660857541.8576159,0.0050079822540283203,0.02,0.94447856523092355,6.1079865652102896,0.27082376522779733,YES,YES,YES,True,0,0,point-time interpolation uses lower sample; future sample only brackets coverage; violating source timestamp rejects point,deskew call has no NDT input; cloud is published before NDT consumes it; NDT correction can affect only later deskew,NO; structural/code-path evidence is recorded separately
1481,1660857541.857132,1660857541.9579713,1660857541.857132,PUBLISHED,covered_and_deskewed,22307,22307,1660857539.9627199,1660857541.9626081,0.0050082206726074219,0.02,0.79901672823808445,24.291744491407187,0.85569866176289633,YES,YES,YES,True,0,0,point-time interpolation uses lower sample; future sample only brackets coverage; violating source timestamp rejects point,deskew call has no NDT input; cloud is published before NDT consumes it; NDT correction can affect only later deskew,NO; structural/code-path evidence is recorded separately
1482,1660857541.9579921,1660857542.0587523,1660857541.9579921,PUBLISHED,covered_and_deskewed,22644,22644,1660857540.0626559,1660857542.0625279,0.0050079822540283203,0.02,0.72960668843769316,5.8209989884187499,0.32183846486937273,YES,YES,YES,True,0,0,point-time interpolation uses lower sample; future sample only brackets coverage; violating source timestamp rejects point,deskew call has no NDT input; cloud is published before NDT consumes it; NDT correction can affect only later deskew,NO; structural/code-path evidence is recorded separately
1483,1660857542.058773,1660857542.1596091,1660857542.058773,PUBLISHED,covered_and_deskewed,22366,22366,1660857540.1626561,1660857542.162528,0.0050082206726074219,0.02,0.59317915616117289,6.9199784039857963,0.25507289432957825,YES,YES,YES,True,0,0,point-time interpolation uses lower sample; future sample only brackets coverage; violating source timestamp rejects point,deskew call has no NDT input; cloud is published before NDT consumes it; NDT correction can affect only later deskew,NO; structural/code-path evidence is recorded separately
1484,1660857542.1596329,1660857542.2604692,1660857542.1596329,PUBLISHED,covered_and_deskewed,22358,22358,1660857540.262656,1660857542.2625279,0.0050079822540283203,0.02,1.5459994552711755,15.102886763136107,0.77368770098160722,YES,YES,YES,True,0,0,point-time interpolation uses lower sample; future sample only brackets coverage; violating source timestamp rejects point,deskew call has no NDT input; cloud is published before NDT consumes it; NDT correction can affect only later deskew,NO; structural/code-path evidence is recorded separately
1485,1660857542.260493,1660857542.3613291,1660857542.260493,PUBLISHED,covered_and_deskewed,22016,22016,1660857540.3626561,1660857542.3625281,0.0050082206726074219,0.02,2.1795258024837603,10.174872326425511,0.36506278040855966,YES,YES,YES,True,0,0,point-time interpolation uses lower sample; future sample only brackets coverage; violating source timestamp rejects point,deskew call has no NDT input; cloud is published before NDT consumes it; NDT correction can affect only later deskew,NO; structural/code-path evidence is recorded separately
1486,1660857542.361352,1660857542.4621892,1660857542.361352,PUBLISHED,covered_and_deskewed,22442,22442,1660857540.462656,1660857542.462528,0.0050079822540283203,0.02,2.8755986449776039,6.1880991707058399,0.31764340479113234,YES,YES,YES,True,0,0,point-time interpolation uses lower sample; future sample only brackets coverage; violating source timestamp rejects point,deskew call has no NDT input; cloud is published before NDT consumes it; NDT correction can affect only later deskew,NO; structural/code-path evidence is recorded separately
1487,1660857542.4622121,1660857542.5630491,1660857542.4622121,PUBLISHED,covered_and_deskewed,22174,22174,1660857540.5676639,1660857542.5675361,0.0050082206726074219,0.02,3.2992444947592001,10.919472687203866,0.61112664742176703,YES,YES,YES,True,0,0,point-time interpolation uses lower sample; future sample only brackets coverage; violating source timestamp rejects point,deskew call has no NDT input; cloud is published before NDT consumes it; NDT correction can affect only later deskew,NO; structural/code-path evidence is recorded separately
1488,1660857542.563072,1660857542.6639092,1660857542.563072,PUBLISHED,covered_and_deskewed,21984,21984,1660857540.6676641,1660857542.667536,0.0050082206726074219,0.02,3.1326470856555342,7.7126110919207234,0.54001374161269911,YES,YES,YES,True,0,0,point-time interpolation uses lower sample; future sample only brackets coverage; violating source timestamp rejects point,deskew call has no NDT input; cloud is published before NDT consumes it; NDT correction can affect only later deskew,NO; structural/code-path evidence is recorded separately
1489,1660857542.6639321,1660857542.7647691,1660857542.6639321,PUBLISHED,covered_and_deskewed,22068,22068,1660857540.767664,1660857542.7675359,0.0050079822540283203,0.02,3.5338314316728554,8.7624510244017486,0.45621622813953405,YES,YES,YES,True,0,0,point-time interpolation uses lower sample; future sample only brackets coverage; violating source timestamp rejects point,deskew call has no NDT input; cloud is published before NDT consumes it; NDT correction can affect only later deskew,NO; structural/code-path evidence is recorded separately
1490,1660857542.764792,1660857542.8656292,1660857542.764792,PUBLISHED,covered_and_deskewed,22011,22011,1660857540.8676641,1660857542.8675361,0.0050082206726074219,0.02,3.6765145705010718,20.357000653309886,1.067339767550832,YES,YES,YES,True,0,0,point-time interpolation uses lower sample; future sample only brackets coverage; violating source timestamp rejects point,deskew call has no NDT input; cloud is published before NDT consumes it; NDT correction can affect only later deskew,NO; structural/code-path evidence is recorded separately
1491,1660857542.8656521,1660857542.9664843,1660857542.8656521,PUBLISHED,covered_and_deskewed,22060,22060,1660857540.967664,1660857542.967536,0.0050079822540283203,0.02,3.2192042480933183,5.406708072051468,0.38421283709637649,YES,YES,YES,True,0,0,point-time interpolation uses lower sample; future sample only brackets coverage; violating source timestamp rejects point,deskew call has no NDT input; cloud is published before NDT consumes it; NDT correction can affect only later deskew,NO; structural/code-path evidence is recorded separately
1492,1660857542.966512,1660857543.0673161,1660857542.966512,PUBLISHED,covered_and_deskewed,22202,22202,1660857541.067616,1660857543.0675039,0.0050079822540283203,0.02,3.3393275488346013,7.1574121629423297,0.2903697905955912,YES,YES,YES,True,0,0,point-time interpolation uses lower sample; future sample only brackets coverage; violating source timestamp rejects point,deskew call has no NDT input; cloud is published before NDT consumes it; NDT correction can affect only later deskew,NO; structural/code-path evidence is recorded separately
1493,1660857543.0673389,1660857543.1681762,1660857543.0673389,PUBLISHED,covered_and_deskewed,22003,22003,1660857541.1726079,1660857543.1724961,0.0050082206726074219,0.02,3.2163266944051498,13.108233665060787,0.81754654266375526,YES,YES,YES,True,0,0,point-time interpolation uses lower sample; future sample only brackets coverage; violating source timestamp rejects point,deskew call has no NDT input; cloud is published before NDT consumes it; NDT correction can affect only later deskew,NO; structural/code-path evidence is recorded separately
1494,1660857543.1681991,1660857543.2690361,1660857543.1681991,PUBLISHED,covered_and_deskewed,22220,22220,1660857541.272608,1660857543.272496,0.0050079822540283203,0.02,2.8565362180121308,5.7342669684294334,0.32933456005709871,YES,YES,YES,True,0,0,point-time interpolation uses lower sample; future sample only brackets coverage; violating source timestamp rejects point,deskew call has no NDT input; cloud is published before NDT consumes it; NDT correction can affect only later deskew,NO; structural/code-path evidence is recorded separately
1495,1660857543.2690589,1660857543.3698962,1660857543.2690589,PUBLISHED,covered_and_deskewed,22119,22119,1660857541.3726079,1660857543.3724959,0.0050079822540283203,0.02,2.7083146355451957,6.4201397048165285,0.38093612381445718,YES,YES,YES,True,0,0,point-time interpolation uses lower sample; future sample only brackets coverage; violating source timestamp rejects point,deskew call has no NDT input; cloud is published before NDT consumes it; NDT correction can affect only later deskew,NO; structural/code-path evidence is recorded separately
1496,1660857543.3699191,1660857543.4707561,1660857543.3699191,PUBLISHED,covered_and_deskewed,22040,22040,1660857541.4726081,1660857543.472496,0.0050082206726074219,0.02,2.5328392241355053,16.588173950541059,1.0069933746668818,YES,YES,YES,True,0,0,point-time interpolation uses lower sample; future sample only brackets coverage; violating source timestamp rejects point,deskew call has no NDT input; cloud is published before NDT consumes it; NDT correction can affect only later deskew,NO; structural/code-path evidence is recorded separately
1497,1660857543.4707789,1660857543.5716162,1660857543.4707789,PUBLISHED,covered_and_deskewed,22059,22059,1660857541.572608,1660857543.5724959,0.0050079822540283203,0.02,2.2001296803587254,4.9950524195733017,0.32669464202333787,YES,YES,YES,True,0,0,point-time interpolation uses lower sample; future sample only brackets coverage; violating source timestamp rejects point,deskew call has no NDT input; cloud is published before NDT consumes it; NDT correction can affect only later deskew,NO; structural/code-path evidence is recorded separately
1498,1660857543.5716391,1660857543.6724713,1660857543.5716391,PUBLISHED,covered_and_deskewed,22213,22213,1660857541.6726079,1660857543.6724961,0.0050082206726074219,0.02,1.9249616824194176,6.9896637512273774,0.28719637984908908,YES,YES,YES,True,0,0,point-time interpolation uses lower sample; future sample only brackets coverage; violating source timestamp rejects point,deskew call has no NDT input; cloud is published before NDT consumes it; NDT correction can affect only later deskew,NO; structural/code-path evidence is recorded separately
1499,1660857543.6724989,1660857543.7733362,1660857543.6724989,PUBLISHED,covered_and_deskewed,21887,21887,1660857541.777616,1660857543.777504,0.0099999904632568359,0.02,2.0416937736752088,21.942609294096599,0.8820971900424821,YES,YES,YES,True,0,0,point-time interpolation uses lower sample; future sample only brackets coverage; violating source timestamp rejects point,deskew call has no NDT input; cloud is published before NDT consumes it; NDT correction can affect only later deskew,NO; structural/code-path evidence is recorded separately
1500,1660857543.7733591,1660857543.8741961,1660857543.7733591,PUBLISHED,covered_and_deskewed,21844,21844,1660857541.8776159,1660857543.8775041,0.0050082206726074219,0.02,1.8391893496848351,8.4224080910956243,0.37531290286291663,YES,YES,YES,True,0,0,point-time interpolation uses lower sample; future sample only brackets coverage; violating source timestamp rejects point,deskew call has no NDT input; cloud is published before NDT consumes it; NDT correction can affect only later deskew,NO; structural/code-path evidence is recorded separately
1501,1660857543.8742189,1660857543.9750562,1660857543.8742189,PUBLISHED,covered_and_deskewed,22259,22259,1660857541.9776161,1660857543.977504,0.0050082206726074219,0.02,1.752370216119858,5.8530609239042439,0.49128127937993132,YES,YES,YES,True,0,0,point-time interpolation uses lower sample; future sample only brackets coverage; violating source timestamp rejects point,deskew call has no NDT input; cloud is published before NDT consumes it; NDT correction can affect only later deskew,NO; structural/code-path evidence is recorded separately
1502,1660857543.9750791,1660857544.0758564,1660857543.9750791,PUBLISHED,covered_and_deskewed,22319,22319,1660857542.0775361,1660857544.07744,0.0050079822540283203,0.02,1.4548625614307946,13.207181503384991,1.3860862418174589,YES,YES,YES,True,0,0,point-time interpolation uses lower sample; future sample only brackets coverage; violating source timestamp rejects point,deskew call has no NDT input; cloud is published before NDT consumes it; NDT correction can affect only later deskew,NO; structural/code-path evidence is recorded separately
1503,1660857544.0758841,1660857544.1767118,1660857544.0758841,PUBLISHED,covered_and_deskewed,22364,22364,1660857542.177536,1660857544.1774399,0.0050079822540283203,0.02,1.370310311365718,8.2041159370330821,0.82158111290195279,YES,YES,YES,True,0,0,point-time interpolation uses lower sample; future sample only brackets coverage; violating source timestamp rejects point,deskew call has no NDT input; cloud is published before NDT consumes it; NDT correction can affect only later deskew,NO; structural/code-path evidence is recorded separately
1504,1660857544.176744,1660857544.2775719,1660857544.176744,PUBLISHED,covered_and_deskewed,22619,22619,1660857542.2825279,1660857544.2824321,0.0050082206726074219,0.02,1.3516140631970675,7.4302394298065524,1.1373873050787464,YES,YES,YES,True,0,0,point-time interpolation uses lower sample; future sample only brackets coverage; violating source timestamp rejects point,deskew call has no NDT input; cloud is published before NDT consumes it; NDT correction can affect only later deskew,NO; structural/code-path evidence is recorded separately
1505,1660857544.2776041,1660857544.3784308,1660857544.2776041,PUBLISHED,covered_and_deskewed,22338,22338,1660857542.3825281,1660857544.382432,0.0050079822540283203,0.02,1.4492249572191245,19.677884656365595,1.1641968800830067,YES,YES,YES,True,0,0,point-time interpolation uses lower sample; future sample only brackets coverage; violating source timestamp rejects point,deskew call has no NDT input; cloud is published before NDT consumes it; NDT correction can affect only later deskew,NO; structural/code-path evidence is recorded separately
1506,1660857544.378464,1660857544.4793003,1660857544.378464,PUBLISHED,covered_and_deskewed,22653,22653,1660857542.482528,1660857544.4824319,0.0050082206726074219,0.02,1.2661351492272086,11.195651853525437,0.76602069549078777,YES,YES,YES,True,0,0,point-time interpolation uses lower sample; future sample only brackets coverage; violating source timestamp rejects point,deskew call has no NDT input; cloud is published before NDT consumes it; NDT correction can affect only later deskew,NO; structural/code-path evidence is recorded separately
1507,1660857544.4793241,1660857544.5801554,1660857544.4793241,PUBLISHED,covered_and_deskewed,22746,22746,1660857542.5825281,1660857544.582432,0.0050082206726074219,0.02,1.4112961086372784,5.6565478465291461,0.71049365667931874,YES,YES,YES,True,0,0,point-time interpolation uses lower sample; future sample only brackets coverage; violating source timestamp rejects point,deskew call has no NDT input; cloud is published before NDT consumes it; NDT correction can affect only later deskew,NO; structural/code-path evidence is recorded separately
1508,1660857544.580184,1660857544.6810203,1660857544.580184,PUBLISHED,covered_and_deskewed,22414,22414,1660857542.682528,1660857544.6824319,0.0050079822540283203,0.02,1.2232237622864588,15.760179401000663,0.79950516301210461,YES,YES,YES,True,0,0,point-time interpolation uses lower sample; future sample only brackets coverage; violating source timestamp rejects point,deskew call has no NDT input; cloud is published before NDT consumes it; NDT correction can affect only later deskew,NO; structural/code-path evidence is recorded separately
1509,1660857544.6810429,1660857544.7818801,1660857544.6810429,PUBLISHED,covered_and_deskewed,21987,21987,1660857542.7825279,1660857544.7824321,0.0050082206726074219,0.02,1.3081555563776832,10.751260694442264,0.64576355387411266,YES,YES,YES,True,0,0,point-time interpolation uses lower sample; future sample only brackets coverage; violating source timestamp rejects point,deskew call has no NDT input; cloud is published before NDT consumes it; NDT correction can affect only later deskew,NO; structural/code-path evidence is recorded separately
1510,1660857544.781903,1660857544.8827424,1660857544.781903,PUBLISHED,covered_and_deskewed,22350,22350,1660857542.887536,1660857544.88744,0.0050079822540283203,0.02,1.2931602670963287,6.096721936808513,0.34971442397105695,YES,YES,YES,True,0,0,point-time interpolation uses lower sample; future sample only brackets coverage; violating source timestamp rejects point,deskew call has no NDT input; cloud is published before NDT consumes it; NDT correction can affect only later deskew,NO; structural/code-path evidence is recorded separately
1511,1660857544.8827629,1660857544.9836023,1660857544.8827629,PUBLISHED,covered_and_deskewed,22125,22125,1660857542.987536,1660857544.9874401,0.0050082206726074219,0.02,0.89139720077337692,13.692729925583318,0.78089222066195074,YES,YES,YES,True,0,0,point-time interpolation uses lower sample; future sample only brackets coverage; violating source timestamp rejects point,deskew call has no NDT input; cloud is published before NDT consumes it; NDT correction can affect only later deskew,NO; structural/code-path evidence is recorded separately
1512,1660857544.983623,1660857545.0844064,1660857544.983623,PUBLISHED,covered_and_deskewed,22025,22025,1660857543.0875039,1660857545.0873921,0.0050082206726074219,0.02,1.128343053902306,13.720573288610822,0.4743844342446823,YES,YES,YES,True,0,0,point-time interpolation uses lower sample; future sample only brackets coverage; violating source timestamp rejects point,deskew call has no NDT input; cloud is published before NDT consumes it; NDT correction can affect only later deskew,NO; structural/code-path evidence is recorded separately
1513,1660857545.0844271,1660857545.1852663,1660857545.0844271,PUBLISHED,covered_and_deskewed,22299,22299,1660857543.1875041,1660857545.187392,0.0050079822540283203,0.02,1.3667143770858021,10.73694129457718,0.4743844342446823,YES,YES,YES,True,0,0,point-time interpolation uses lower sample; future sample only brackets coverage; violating source timestamp rejects point,deskew call has no NDT input; cloud is published before NDT consumes it; NDT correction can affect only later deskew,NO; structural/code-path evidence is recorded separately
1514,1660857545.185287,1660857545.2861242,1660857545.185287,PUBLISHED,covered_and_deskewed,22676,22676,1660857543.287504,1660857545.2873919,0.0050079822540283203,0.02,1.3659512513382381,19.981019617607387,1.2225613853335333,YES,YES,YES,True,0,0,point-time interpolation uses lower sample; future sample only brackets coverage; violating source timestamp rejects point,deskew call has no NDT input; cloud is published before NDT consumes it; NDT correction can affect only later deskew,NO; structural/code-path evidence is recorded separately
1515,1660857545.2861471,1660857545.3869863,1660857545.2861471,PUBLISHED,covered_and_deskewed,22780,22780,1660857543.3875041,1660857545.387392,0.0050082206726074219,0.02,1.5107029606338471,11.931378170044402,0.75922063472342938,YES,YES,YES,True,0,0,point-time interpolation uses lower sample; future sample only brackets coverage; violating source timestamp rejects point,deskew call has no NDT input; cloud is published before NDT consumes it; NDT correction can affect only later deskew,NO; structural/code-path evidence is recorded separately
1516,1660857545.387007,1660857545.4878464,1660857545.387007,PUBLISHED,covered_and_deskewed,23188,23188,1660857543.492496,1660857545.492384,0.0099999904632568359,0.02,1.4178807357882497,7.9221494815519993,0.48390498337321664,YES,YES,YES,True,0,0,point-time interpolation uses lower sample; future sample only brackets coverage; violating source timestamp rejects point,deskew call has no NDT input; cloud is published before NDT consumes it; NDT correction can affect only later deskew,NO; structural/code-path evidence is recorded separately
1517,1660857545.4878671,1660857545.5887063,1660857545.4878671,PUBLISHED,covered_and_deskewed,22788,22788,1660857543.5924959,1660857545.5923841,0.0050082206726074219,0.02,1.2030429257866919,24.227003783071279,1.8241811761154154,YES,YES,YES,True,0,0,point-time interpolation uses lower sample; future sample only brackets coverage; violating source timestamp rejects point,deskew call has no NDT input; cloud is published before NDT consumes it; NDT correction can affect only later deskew,NO; structural/code-path evidence is recorded separately
1518,1660857545.588727,1660857545.6895664,1660857545.588727,PUBLISHED,covered_and_deskewed,23509,23509,1660857543.6924961,1660857545.692384,0.0050079822540283203,0.02,0.67507979507212867,17.400924947451994,1.3275304274960951,YES,YES,YES,True,0,0,point-time interpolation uses lower sample; future sample only brackets coverage; violating source timestamp rejects point,deskew call has no NDT input; cloud is published before NDT consumes it; NDT correction can affect only later deskew,NO; structural/code-path evidence is recorded separately
1519,1660857545.6895871,1660857545.7904263,1660857545.6895871,PUBLISHED,covered_and_deskewed,23338,23338,1660857543.792496,1660857545.7923839,0.0050079822540283203,0.02,0.35859702625033241,4.0709362893408558,0.39550493877585646,YES,YES,YES,True,0,0,point-time interpolation uses lower sample; future sample only brackets coverage; violating source timestamp rejects point,deskew call has no NDT input; cloud is published before NDT consumes it; NDT correction can affect only later deskew,NO; structural/code-path evidence is recorded separately
1520,1660857545.790447,1660857545.8912864,1660857545.790447,PUBLISHED,covered_and_deskewed,23322,23322,1660857543.8924961,1660857545.8923841,0.0050082206726074219,0.02,0.35474367232696608,15.852720171725224,1.0564355417093672,YES,YES,YES,True,0,0,point-time interpolation uses lower sample; future sample only brackets coverage; violating source timestamp rejects point,deskew call has no NDT input; cloud is published before NDT consumes it; NDT correction can affect only later deskew,NO; structural/code-path evidence is recorded separately
1521,1660857545.8913071,1660857545.9921463,1660857545.8913071,PUBLISHED,covered_and_deskewed,23589,23589,1660857543.992496,1660857545.992384,0.0050079822540283203,0.02,0.4170915707921749,10.154703825717041,1.0564355417093672,YES,YES,YES,True,0,0,point-time interpolation uses lower sample; future sample only brackets coverage; violating source timestamp rejects point,deskew call has no NDT input; cloud is published before NDT consumes it; NDT correction can affect only later deskew,NO; structural/code-path evidence is recorded separately
1522,1660857545.992167,1660857546.0929503,1660857545.992167,PUBLISHED,covered_and_deskewed,23863,23863,1660857544.09744,1660857546.0973279,0.0050079822540283203,0.02,0.66369355656989548,6.2607763010133191,1.0876255878311776,YES,YES,YES,True,0,0,point-time interpolation uses lower sample; future sample only brackets coverage; violating source timestamp rejects point,deskew call has no NDT input; cloud is published before NDT consumes it; NDT correction can affect only later deskew,NO; structural/code-path evidence is recorded separately
1523,1660857546.0929711,1660857546.1938102,1660857546.0929711,PUBLISHED,covered_and_deskewed,24043,24043,1660857544.1974399,1660857546.1973281,0.0050082206726074219,0.02,1.0382485860604889,31.688238877843641,1.5668788364720518,YES,YES,YES,True,0,0,point-time interpolation uses lower sample; future sample only brackets coverage; violating source timestamp rejects point,deskew call has no NDT input; cloud is published before NDT consumes it; NDT correction can affect only later deskew,NO; structural/code-path evidence is recorded separately
1524,1660857546.193831,1660857546.2946703,1660857546.193831,PUBLISHED,covered_and_deskewed,24088,24088,1660857544.2974401,1660857546.297328,0.0050079822540283203,0.02,0.86738948189411369,23.06234980227643,1.7416029414401464,YES,YES,YES,True,0,0,point-time interpolation uses lower sample; future sample only brackets coverage; violating source timestamp rejects point,deskew call has no NDT input; cloud is published before NDT consumes it; NDT correction can affect only later deskew,NO; structural/code-path evidence is recorded separately
1525,1660857546.2946911,1660857546.3955302,1660857546.2946911,PUBLISHED,covered_and_deskewed,23810,23810,1660857544.39744,1660857546.3973279,0.0050079822540283203,0.02,0.69595718943824281,8.406148230636985,1.7488755765219477,YES,YES,YES,True,0,0,point-time interpolation uses lower sample; future sample only brackets coverage; violating source timestamp rejects point,deskew call has no NDT input; cloud is published before NDT consumes it; NDT correction can affect only later deskew,NO; structural/code-path evidence is recorded separately
1526,1660857546.395551,1660857546.4963894,1660857546.395551,PUBLISHED,covered_and_deskewed,22878,22878,1660857544.4974401,1660857546.497328,0.0050082206726074219,0.02,0.98668477293250567,19.494237554711699,1.3415758063362095,YES,YES,YES,True,0,0,point-time interpolation uses lower sample; future sample only brackets coverage; violating source timestamp rejects point,deskew call has no NDT input; cloud is published before NDT consumes it; NDT correction can affect only later deskew,NO; structural/code-path evidence is recorded separately
1527,1660857546.4964111,1660857546.5972493,1660857546.4964111,PUBLISHED,covered_and_deskewed,22134,22134,1660857544.59744,1660857546.5973279,0.0050079822540283203,0.02,1.0887030187230815,12.038772810188551,1.3166875631746122,YES,YES,YES,True,0,0,point-time interpolation uses lower sample; future sample only brackets coverage; violating source timestamp rejects point,deskew call has no NDT input; cloud is published before NDT consumes it; NDT correction can affect only later deskew,NO; structural/code-path evidence is recorded separately
1528,1660857546.597271,1660857546.6981094,1660857546.597271,PUBLISHED,covered_and_deskewed,21849,21849,1660857544.7024319,1660857546.7023201,0.0050082206726074219,0.02,0.7412996921444488,5.0612992414283093,1.1684554349368852,YES,YES,YES,True,0,0,point-time interpolation uses lower sample; future sample only brackets coverage; violating source timestamp rejects point,deskew call has no NDT input; cloud is published before NDT consumes it; NDT correction can affect only later deskew,NO; structural/code-path evidence is recorded separately
1529,1660857546.6981299,1660857546.7989693,1660857546.6981299,PUBLISHED,covered_and_deskewed,21611,21611,1660857544.8024321,1660857546.80232,0.0050079822540283203,0.02,0.7329480003612262,9.6770355190913993,1.1845077082745432,YES,YES,YES,True,0,0,point-time interpolation uses lower sample; future sample only brackets coverage; violating source timestamp rejects point,deskew call has no NDT input; cloud is published before NDT consumes it; NDT correction can affect only later deskew,NO; structural/code-path evidence is recorded separately
1530,1660857546.79899,1660857546.8998294,1660857546.79899,PUBLISHED,covered_and_deskewed,21837,21837,1660857544.902432,1660857546.9023199,0.0050079822540283203,0.02,0.84141508290658806,8.2819160147526691,1.1292014791719271,YES,YES,YES,True,0,0,point-time interpolation uses lower sample; future sample only brackets coverage; violating source timestamp rejects point,deskew call has no NDT input; cloud is published before NDT consumes it; NDT correction can affect only later deskew,NO; structural/code-path evidence is recorded separately
1531,1660857546.8998499,1660857547.0006893,1660857546.8998499,PUBLISHED,covered_and_deskewed,22082,22082,1660857545.0023839,1660857547.0022719,0.0099999904632568359,0.02,0.86563836413605544,4.5842460155591658,0.6335839436210875,YES,YES,YES,True,0,0,point-time interpolation uses lower sample; future sample only brackets coverage; violating source timestamp rejects point,deskew call has no NDT input; cloud is published before NDT consumes it; NDT correction can affect only later deskew,NO; structural/code-path evidence is recorded separately
1532,1660857547.000654,1660857547.1014934,1660857547.000654,PUBLISHED,covered_and_deskewed,21935,21935,1660857545.1023841,1660857547.102272,0.0050082206726074219,0.02,0.8868656219067842,2.1776234662449641,0.43304922087708492,YES,YES,YES,True,0,0,point-time interpolation uses lower sample; future sample only brackets coverage; violating source timestamp rejects point,deskew call has no NDT input; cloud is published before NDT consumes it; NDT correction can affect only later deskew,NO; structural/code-path evidence is recorded separately
1533,1660857547.1015141,1660857547.2023532,1660857547.1015141,PUBLISHED,covered_and_deskewed,21909,21909,1660857545.207392,1660857547.2072799,0.0050079822540283203,0.02,0.99088700413263853,9.4268325969688771,0.48023949944730776,YES,YES,YES,True,0,0,point-time interpolation uses lower sample; future sample only brackets coverage; violating source timestamp rejects point,deskew call has no NDT input; cloud is published before NDT consumes it; NDT correction can affect only later deskew,NO; structural/code-path evidence is recorded separately
1534,1660857547.202374,1660857547.3032134,1660857547.202374,PUBLISHED,covered_and_deskewed,21882,21882,1660857545.3073919,1660857547.3072801,0.0050082206726074219,0.02,0.84920105552982106,6.2854884423268569,0.41008029129784118,YES,YES,YES,True,0,0,point-time interpolation uses lower sample; future sample only brackets coverage; violating source timestamp rejects point,deskew call has no NDT input; cloud is published before NDT consumes it; NDT correction can affect only later deskew,NO; structural/code-path evidence is recorded separately
1535,1660857547.3032341,1660857547.4040732,1660857547.3032341,PUBLISHED,covered_and_deskewed,21760,21760,1660857545.407392,1660857547.40728,0.0050079822540283203,0.02,0.65061912138345945,2.0921599416693568,0.21714271015926034,YES,YES,YES,True,0,0,point-time interpolation uses lower sample; future sample only brackets coverage; violating source timestamp rejects point,deskew call has no NDT input; cloud is published before NDT consumes it; NDT correction can affect only later deskew,NO; structural/code-path evidence is recorded separately
1536,1660857547.404094,1660857547.5049334,1660857547.404094,PUBLISHED,covered_and_deskewed,22121,22121,1660857545.5073919,1660857547.5072801,0.0050082206726074219,0.02,1.0087365118181328,8.1504918063718499,0.45069586080975632,YES,YES,YES,True,0,0,point-time interpolation uses lower sample; future sample only brackets coverage; violating source timestamp rejects point,deskew call has no NDT input; cloud is published before NDT consumes it; NDT correction can affect only later deskew,NO; structural/code-path evidence is recorded separately
1537,1660857547.5049541,1660857547.6057932,1660857547.5049541,PUBLISHED,covered_and_deskewed,21822,21822,1660857545.6073921,1660857547.60728,0.0050082206726074219,0.02,1.1576278727647651,16.871475088028049,1.3596221113384062,YES,YES,YES,True,0,0,point-time interpolation uses lower sample; future sample only brackets coverage; violating source timestamp rejects point,deskew call has no NDT input; cloud is published before NDT consumes it; NDT correction can affect only later deskew,NO; structural/code-path evidence is recorded separately
1538,1660857547.605814,1660857547.7066534,1660857547.605814,PUBLISHED,covered_and_deskewed,22082,22082,1660857545.707392,1660857547.7072799,0.0050079822540283203,0.02,0.95167011360341114,18.944963074678334,1.3596221113384062,YES,YES,YES,True,0,0,point-time interpolation uses lower sample; future sample only brackets coverage; violating source timestamp rejects point,deskew call has no NDT input; cloud is published before NDT consumes it; NDT correction can affect only later deskew,NO; structural/code-path evidence is recorded separately
1539,1660857547.7066741,1660857547.8075132,1660857547.7066741,PUBLISHED,covered_and_deskewed,21903,21903,1660857545.8123839,1660857547.8122721,0.0050082206726074219,0.02,1.0695660814024515,8.3796705768411375,0.55010540706937938,YES,YES,YES,True,0,0,point-time interpolation uses lower sample; future sample only brackets coverage; violating source timestamp rejects point,deskew call has no NDT input; cloud is published before NDT consumes it; NDT correction can affect only later deskew,NO; structural/code-path evidence is recorded separately
1540,1660857547.807534,1660857547.9083734,1660857547.807534,PUBLISHED,covered_and_deskewed,22302,22302,1660857545.912384,1660857547.912272,0.0050079822540283203,0.02,1.1265934688148247,12.933630224908523,0.45062132643535802,YES,YES,YES,True,0,0,point-time interpolation uses lower sample; future sample only brackets coverage; violating source timestamp rejects point,deskew call has no NDT input; cloud is published before NDT consumes it; NDT correction can affect only later deskew,NO; structural/code-path evidence is recorded separately
1541,1660857547.9083941,1660857548.0091772,1660857547.9083941,PUBLISHED,covered_and_deskewed,22037,22037,1660857546.01232,1660857548.012208,0.0050079822540283203,0.02,0.68385571121199762,4.6992978865034125,0.30658235656268001,YES,YES,YES,True,0,0,point-time interpolation uses lower sample; future sample only brackets coverage; violating source timestamp rejects point,deskew call has no NDT input; cloud is published before NDT consumes it; NDT correction can affect only later deskew,NO; structural/code-path evidence is recorded separately
1542,1660857548.009198,1660857548.1100373,1660857548.009198,PUBLISHED,covered_and_deskewed,22230,22230,1660857546.1123199,1660857548.1122079,0.0050079822540283203,0.02,0.881985876678122,5.8642805204493671,0.35555796275771107,YES,YES,YES,True,0,0,point-time interpolation uses lower sample; future sample only brackets coverage; violating source timestamp rejects point,deskew call has no NDT input; cloud is published before NDT consumes it; NDT correction can affect only later deskew,NO; structural/code-path evidence is recorded separately
1543,1660857548.1100581,1660857548.2108972,1660857548.1100581,PUBLISHED,covered_and_deskewed,21952,21952,1660857546.2123201,1660857548.212208,0.0099999904632568359,0.02,1.0827485905062451,12.576842505877176,0.96358564033534544,YES,YES,YES,True,0,0,point-time interpolation uses lower sample; future sample only brackets coverage; violating source timestamp rejects point,deskew call has no NDT input; cloud is published before NDT consumes it; NDT correction can affect only later deskew,NO; structural/code-path evidence is recorded separately
1544,1660857548.2109179,1660857548.3117573,1660857548.2109179,PUBLISHED,covered_and_deskewed,21612,21612,1660857546.31232,1660857548.3122079,0.0050079822540283203,0.02,0.70047133939906503,10.331219382303274,0.48639020070757194,YES,YES,YES,True,0,0,point-time interpolation uses lower sample; future sample only brackets coverage; violating source timestamp rejects point,deskew call has no NDT input; cloud is published before NDT consumes it; NDT correction can affect only later deskew,NO; structural/code-path evidence is recorded separately
1545,1660857548.3117781,1660857548.4126172,1660857548.3117781,PUBLISHED,covered_and_deskewed,21773,21773,1660857546.4173279,1660857548.4172161,0.0050082206726074219,0.02,1.0356302833235487,5.6343873448555861,0.35726515900396416,YES,YES,YES,True,0,0,point-time interpolation uses lower sample; future sample only brackets coverage; violating source timestamp rejects point,deskew call has no NDT input; cloud is published before NDT consumes it; NDT correction can affect only later deskew,NO; structural/code-path evidence is recorded separately
1546,1660857548.4126379,1660857548.5134764,1660857548.4126379,PUBLISHED,covered_and_deskewed,21707,21707,1660857546.517328,1660857548.517216,0.0050079822540283203,0.02,1.5631916698695678,14.655910460972034,1.1755882120203198,YES,YES,YES,True,0,0,point-time interpolation uses lower sample; future sample only brackets coverage; violating source timestamp rejects point,deskew call has no NDT input; cloud is published before NDT consumes it; NDT correction can affect only later deskew,NO; structural/code-path evidence is recorded separately
1547,1660857548.5134981,1660857548.6143363,1660857548.5134981,PUBLISHED,covered_and_deskewed,21889,21889,1660857546.6173279,1660857548.6172161,0.0050082206726074219,0.02,1.391815265722568,7.4658496468148954,0.83932280025625583,YES,YES,YES,True,0,0,point-time interpolation uses lower sample; future sample only brackets coverage; violating source timestamp rejects point,deskew call has no NDT input; cloud is published before NDT consumes it; NDT correction can affect only later deskew,NO; structural/code-path evidence is recorded separately
1548,1660857548.6143579,1660857548.7151942,1660857548.6143579,PUBLISHED,covered_and_deskewed,22149,22149,1660857546.7173281,1660857548.717216,0.0050082206726074219,0.02,1.2337867302316072,7.1503072843220989,0.48461059580722987,YES,YES,YES,True,0,0,point-time interpolation uses lower sample; future sample only brackets coverage; violating source timestamp rejects point,deskew call has no NDT input; cloud is published before NDT consumes it; NDT correction can affect only later deskew,NO; structural/code-path evidence is recorded separately
1549,1660857548.7152181,1660857548.8160541,1660857548.7152181,PUBLISHED,covered_and_deskewed,22413,22413,1660857546.817328,1660857548.8172159,0.0050079822540283203,0.02,1.7623515389322595,15.842487675582143,1.1105742047871421,YES,YES,YES,True,0,0,point-time interpolation uses lower sample; future sample only brackets coverage; violating source timestamp rejects point,deskew call has no NDT input; cloud is published before NDT consumes it; NDT correction can affect only later deskew,NO; structural/code-path evidence is recorded separately
1550,1660857548.816077,1660857548.9169142,1660857548.816077,PUBLISHED,covered_and_deskewed,21813,21813,1660857546.9173279,1660857548.9172161,0.0050082206726074219,0.02,1.6007290032928005,17.208538189491218,1.0231627961992609,YES,YES,YES,True,0,0,point-time interpolation uses lower sample; future sample only brackets coverage; violating source timestamp rejects point,deskew call has no NDT input; cloud is published before NDT consumes it; NDT correction can affect only later deskew,NO; structural/code-path evidence is recorded separately
1551,1660857548.9169371,1660857549.0177181,1660857548.9169371,PUBLISHED,covered_and_deskewed,21829,21829,1660857547.0222721,1660857549.0221601,0.0050079822540283203,0.02,1.055713327716862,8.3314362070204204,0.76875917817805484,YES,YES,YES,True,0,0,point-time interpolation uses lower sample; future sample only brackets coverage; violating source timestamp rejects point,deskew call has no NDT input; cloud is published before NDT consumes it; NDT correction can affect only later deskew,NO; structural/code-path evidence is recorded separately
1552,1660857549.017741,1660857549.1185782,1660857549.017741,PUBLISHED,covered_and_deskewed,22211,22211,1660857547.122272,1660857549.12216,0.0099999904632568359,0.02,1.843490978256682,16.446597410934586,1.3044544189297349,YES,YES,YES,True,0,0,point-time interpolation uses lower sample; future sample only brackets coverage; violating source timestamp rejects point,deskew call has no NDT input; cloud is published before NDT consumes it; NDT correction can affect only later deskew,NO; structural/code-path evidence is recorded separately
1553,1660857549.1186011,1660857549.2194381,1660857549.1186011,PUBLISHED,covered_and_deskewed,22412,22412,1660857547.2222719,1660857549.2221601,0.0050082206726074219,0.02,1.8383623684907762,23.115938410147354,1.3044544189297349,YES,YES,YES,True,0,0,point-time interpolation uses lower sample; future sample only brackets coverage; violating source timestamp rejects point,deskew call has no NDT input; cloud is published before NDT consumes it; NDT correction can affect only later deskew,NO; structural/code-path evidence is recorded separately
1554,1660857549.219461,1660857549.3202982,1660857549.219461,PUBLISHED,covered_and_deskewed,22019,22019,1660857547.3222721,1660857549.32216,0.0050079822540283203,0.02,1.2266865875553159,12.055273471190747,0.89835617018815517,YES,YES,YES,True,0,0,point-time interpolation uses lower sample; future sample only brackets coverage; violating source timestamp rejects point,deskew call has no NDT input; cloud is published before NDT consumes it; NDT correction can affect only later deskew,NO; structural/code-path evidence is recorded separately
1555,1660857549.3203211,1660857549.4211533,1660857549.3203211,PUBLISHED,covered_and_deskewed,22405,22405,1660857547.422272,1660857549.4221599,0.0050079822540283203,0.02,2.0555867735399063,18.881175881668376,1.1148785623288953,YES,YES,YES,True,0,0,point-time interpolation uses lower sample; future sample only brackets coverage; violating source timestamp rejects point,deskew call has no NDT input; cloud is published before NDT consumes it; NDT correction can affect only later deskew,NO; structural/code-path evidence is recorded separately
1556,1660857549.421181,1660857549.5220182,1660857549.421181,PUBLISHED,covered_and_deskewed,22341,22341,1660857547.5222721,1660857549.5221601,0.0050082206726074219,0.02,2.2595586871309377,36.646969305197359,1.5034668239474627,YES,YES,YES,True,0,0,point-time interpolation uses lower sample; future sample only brackets coverage; violating source timestamp rejects point,deskew call has no NDT input; cloud is published before NDT consumes it; NDT correction can affect only later deskew,NO; structural/code-path evidence is recorded separately
1557,1660857549.5220411,1660857549.6228781,1660857549.5220411,PUBLISHED,covered_and_deskewed,22373,22373,1660857547.62728,1660857549.6271679,0.0050079822540283203,0.02,1.4389176564793873,9.4056864375777565,0.48525393112970505,YES,YES,YES,True,0,0,point-time interpolation uses lower sample; future sample only brackets coverage; violating source timestamp rejects point,deskew call has no NDT input; cloud is published before NDT consumes it; NDT correction can affect only later deskew,NO; structural/code-path evidence is recorded separately
1558,1660857549.622901,1660857549.7237382,1660857549.622901,PUBLISHED,covered_and_deskewed,22626,22626,1660857547.7272799,1660857549.7271681,0.0050082206726074219,0.02,1.5591817591265023,17.650182715516014,0.70464250410537443,YES,YES,YES,True,0,0,point-time interpolation uses lower sample; future sample only brackets coverage; violating source timestamp rejects point,deskew call has no NDT input; cloud is published before NDT consumes it; NDT correction can affect only later deskew,NO; structural/code-path evidence is recorded separately
1559,1660857549.7237611,1660857549.8245981,1660857549.7237611,PUBLISHED,covered_and_deskewed,22411,22411,1660857547.82728,1660857549.827168,0.0050079822540283203,0.02,1.7581658496772392,28.55486980571542,1.4249690569537528,YES,YES,YES,True,0,0,point-time interpolation uses lower sample; future sample only brackets coverage; violating source timestamp rejects point,deskew call has no NDT input; cloud is published before NDT consumes it; NDT correction can affect only later deskew,NO; structural/code-path evidence is recorded separately
1560,1660857549.824621,1660857549.9254582,1660857549.824621,PUBLISHED,covered_and_deskewed,22527,22527,1660857547.9272799,1660857549.9271679,0.0050079822540283203,0.02,1.307553639015306,8.0848883092705428,0.41816530087928516,YES,YES,YES,True,0,0,point-time interpolation uses lower sample; future sample only brackets coverage; violating source timestamp rejects point,deskew call has no NDT input; cloud is published before NDT consumes it; NDT correction can affect only later deskew,NO; structural/code-path evidence is recorded separately
1561,1660857549.9254811,1660857550.026262,1660857549.9254811,PUBLISHED,covered_and_deskewed,22356,22356,1660857548.027216,1660857550.0271039,0.0099999904632568359,0.02,1.9423990007360175,26.851680488708368,1.0495543664906544,YES,YES,YES,True,0,0,point-time interpolation uses lower sample; future sample only brackets coverage; violating source timestamp rejects point,deskew call has no NDT input; cloud is published before NDT consumes it; NDT correction can affect only later deskew,NO; structural/code-path evidence is recorded separately
1562,1660857550.0262849,1660857550.1271222,1660857550.0262849,PUBLISHED,covered_and_deskewed,21957,21957,1660857548.1322081,1660857550.1320961,0.0050082206726074219,0.02,1.9959710593816786,30.974115229128611,1.7800488005874469,YES,YES,YES,True,0,0,point-time interpolation uses lower sample; future sample only brackets coverage; violating source timestamp rejects point,deskew call has no NDT input; cloud is published before NDT consumes it; NDT correction can affect only later deskew,NO; structural/code-path evidence is recorded separately
1563,1660857550.1271451,1660857550.227982,1660857550.1271451,PUBLISHED,covered_and_deskewed,21588,21588,1660857548.232208,1660857550.232096,0.0050079822540283203,0.02,1.8383417845231342,20.297570381498044,1.0817108820408572,YES,YES,YES,True,0,0,point-time interpolation uses lower sample; future sample only brackets coverage; violating source timestamp rejects point,deskew call has no NDT input; cloud is published before NDT consumes it; NDT correction can affect only later deskew,NO; structural/code-path evidence is recorded separately
1564,1660857550.2280049,1660857550.3288422,1660857550.2280049,PUBLISHED,covered_and_deskewed,20847,20847,1660857548.3322079,1660857550.3320961,0.0050082206726074219,0.02,2.1250242629998146,32.724258871096758,1.3982190695196961,YES,YES,YES,True,0,0,point-time interpolation uses lower sample; future sample only brackets coverage; violating source timestamp rejects point,deskew call has no NDT input; cloud is published before NDT consumes it; NDT correction can affect only later deskew,NO; structural/code-path evidence is recorded separately
1565,1660857550.3288651,1660857550.429702,1660857550.3288651,PUBLISHED,covered_and_deskewed,20050,20050,1660857548.4322081,1660857550.432096,0.0050079822540283203,0.02,1.8675539538390877,13.752173338552055,0.91960852985583008,YES,YES,YES,True,0,0,point-time interpolation uses lower sample; future sample only brackets coverage; violating source timestamp rejects point,deskew call has no NDT input; cloud is published before NDT consumes it; NDT correction can affect only later deskew,NO; structural/code-path evidence is recorded separately
1566,1660857550.4297249,1660857550.5305574,1660857550.4297249,PUBLISHED,covered_and_deskewed,20328,20328,1660857548.532208,1660857550.5320959,0.0050079822540283203,0.02,1.7353384513025372,9.5253245040555452,1.2176738006780945,YES,YES,YES,True,0,0,point-time interpolation uses lower sample; future sample only brackets coverage; violating source timestamp rejects point,deskew call has no NDT input; cloud is published before NDT consumes it; NDT correction can affect only later deskew,NO; structural/code-path evidence is recorded separately
1567,1660857550.5305851,1660857550.6314211,1660857550.5305851,PUBLISHED,covered_and_deskewed,21315,21315,1660857548.6322081,1660857550.6320961,0.0050082206726074219,0.02,2.3264790794723238,17.605787492787911,0.84247020515082727,YES,YES,YES,True,0,0,point-time interpolation uses lower sample; future sample only brackets coverage; violating source timestamp rejects point,deskew call has no NDT input; cloud is published before NDT consumes it; NDT correction can affect only later deskew,NO; structural/code-path evidence is recorded separately
1568,1660857550.6314449,1660857550.7322812,1660857550.6314449,PUBLISHED,covered_and_deskewed,21485,21485,1660857548.737216,1660857550.7371039,0.0050079822540283203,0.02,2.215109824666484,17.603126982670105,0.84247020515082727,YES,YES,YES,True,0,0,point-time interpolation uses lower sample; future sample only brackets coverage; violating source timestamp rejects point,deskew call has no NDT input; cloud is published before NDT consumes it; NDT correction can affect only later deskew,NO; structural/code-path evidence is recorded separately
1569,1660857550.732305,1660857550.8331411,1660857550.732305,PUBLISHED,covered_and_deskewed,21913,21913,1660857548.8372159,1660857550.8371041,0.0050082206726074219,0.02,1.9098945501305746,9.0403448596051756,0.61302413265962519,YES,YES,YES,True,0,0,point-time interpolation uses lower sample; future sample only brackets coverage; violating source timestamp rejects point,deskew call has no NDT input; cloud is published before NDT consumes it; NDT correction can affect only later deskew,NO; structural/code-path evidence is recorded separately
1570,1660857550.833164,1660857550.9340012,1660857550.833164,PUBLISHED,covered_and_deskewed,21945,21945,1660857548.937216,1660857550.937104,0.0050079822540283203,0.02,2.041226020654487,17.102302580150134,1.0329956165199172,YES,YES,YES,True,0,0,point-time interpolation uses lower sample; future sample only brackets coverage; violating source timestamp rejects point,deskew call has no NDT input; cloud is published before NDT consumes it; NDT correction can affect only later deskew,NO; structural/code-path evidence is recorded separately
1571,1660857550.9340241,1660857551.0347912,1660857550.9340241,PUBLISHED,covered_and_deskewed,21905,21905,1660857549.037168,1660857551.037056,0.0050079822540283203,0.02,1.6974944297828447,13.348354577596439,0.45437008229432374,YES,YES,YES,True,0,0,point-time interpolation uses lower sample; future sample only brackets coverage; violating source timestamp rejects point,deskew call has no NDT input; cloud is published before NDT consumes it; NDT correction can affect only later deskew,NO; structural/code-path evidence is recorded separately
1572,1660857551.0348279,1660857551.1356652,1660857551.0348279,PUBLISHED,covered_and_deskewed,22113,22113,1660857549.1371679,1660857551.1370561,0.0050082206726074219,0.02,0.94230928263272495,5.7390277616844045,0.49263867353238666,YES,YES,YES,True,0,0,point-time interpolation uses lower sample; future sample only brackets coverage; violating source timestamp rejects point,deskew call has no NDT input; cloud is published before NDT consumes it; NDT correction can affect only later deskew,NO; structural/code-path evidence is recorded separately
1573,1660857551.1356881,1660857551.2365251,1660857551.1356881,PUBLISHED,covered_and_deskewed,22471,22471,1660857549.2371681,1660857551.237056,0.0050082206726074219,0.02,0.76709218438374549,12.712198755999481,0.6648290086282399,YES,YES,YES,True,0,0,point-time interpolation uses lower sample; future sample only brackets coverage; violating source timestamp rejects point,deskew call has no NDT input; cloud is published before NDT consumes it; NDT correction can affect only later deskew,NO; structural/code-path evidence is recorded separately
1574,1660857551.2365479,1660857551.3373852,1660857551.2365479,PUBLISHED,covered_and_deskewed,22546,22546,1660857549.34216,1660857551.3420479,0.0050079822540283203,0.02,0.90953315321728734,5.7455289430167014,0.64859084156172986,YES,YES,YES,True,0,0,point-time interpolation uses lower sample; future sample only brackets coverage; violating source timestamp rejects point,deskew call has no NDT input; cloud is published before NDT consumes it; NDT correction can affect only later deskew,NO; structural/code-path evidence is recorded separately
1575,1660857551.3374081,1660857551.4382451,1660857551.3374081,PUBLISHED,covered_and_deskewed,22422,22422,1660857549.4421599,1660857551.4420481,0.0050082206726074219,0.02,0.92949756177364762,4.5590660608117179,0.7681140689341317,YES,YES,YES,True,0,0,point-time interpolation uses lower sample; future sample only brackets coverage; violating source timestamp rejects point,deskew call has no NDT input; cloud is published before NDT consumes it; NDT correction can affect only later deskew,NO; structural/code-path evidence is recorded separately
1576,1660857551.4382679,1660857551.5391052,1660857551.4382679,PUBLISHED,covered_and_deskewed,22670,22670,1660857549.54216,1660857551.542048,0.0050079822540283203,0.02,0.98182460706934138,10.585318430192379,0.71699199274284986,YES,YES,YES,True,0,0,point-time interpolation uses lower sample; future sample only brackets coverage; violating source timestamp rejects point,deskew call has no NDT input; cloud is published before NDT consumes it; NDT correction can affect only later deskew,NO; structural/code-path evidence is recorded separately
1577,1660857551.5391281,1660857551.6399651,1660857551.5391281,PUBLISHED,covered_and_deskewed,22742,22742,1660857549.6421599,1660857551.6420479,0.0050082206726074219,0.02,0.91330282432480914,9.973571917354807,0.72228886600837461,YES,YES,YES,True,0,0,point-time interpolation uses lower sample; future sample only brackets coverage; violating source timestamp rejects point,deskew call has no NDT input; cloud is published before NDT consumes it; NDT correction can affect only later deskew,NO; structural/code-path evidence is recorded separately
1578,1660857551.6399879,1660857551.7408252,1660857551.6399879,PUBLISHED,covered_and_deskewed,22813,22813,1660857549.7421601,1660857551.742048,0.0050082206726074219,0.02,0.71842993664346189,2.7082558494217364,0.24943496340769097,YES,YES,YES,True,0,0,point-time interpolation uses lower sample; future sample only brackets coverage; violating source timestamp rejects point,deskew call has no NDT input; cloud is published before NDT consumes it; NDT correction can affect only later deskew,NO; structural/code-path evidence is recorded separately
1579,1660857551.7408481,1660857551.8416851,1660857551.7408481,PUBLISHED,covered_and_deskewed,22848,22848,1660857549.84216,1660857551.8420479,0.0050079822540283203,0.02,0.83349593429684454,2.2923268061835356,0.14980050535048098,YES,YES,YES,True,0,0,point-time interpolation uses lower sample; future sample only brackets coverage; violating source timestamp rejects point,deskew call has no NDT input; cloud is published before NDT consumes it; NDT correction can affect only later deskew,NO; structural/code-path evidence is recorded separately
1580,1660857551.8417079,1660857551.9425452,1660857551.8417079,PUBLISHED,covered_and_deskewed,22846,22846,1660857549.9471681,1660857551.9470561,0.0050082206726074219,0.02,1.0111022670558989,13.56596817860656,0.38225738402213794,YES,YES,YES,True,0,0,point-time interpolation uses lower sample; future sample only brackets coverage; violating source timestamp rejects point,deskew call has no NDT input; cloud is published before NDT consumes it; NDT correction can affect only later deskew,NO; structural/code-path evidence is recorded separately
1581,1660857551.9425681,1660857552.0433493,1660857551.9425681,PUBLISHED,covered_and_deskewed,22806,22806,1660857550.0471039,1660857552.0469921,0.0050082206726074219,0.02,1.1089661452823489,7.4881401429260288,0.34841888896870765,YES,YES,YES,True,0,0,point-time interpolation uses lower sample; future sample only brackets coverage; violating source timestamp rejects point,deskew call has no NDT input; cloud is published before NDT consumes it; NDT correction can affect only later deskew,NO; structural/code-path evidence is recorded separately
1582,1660857552.0433719,1660857552.1442091,1660857552.0433719,PUBLISHED,covered_and_deskewed,22850,22850,1660857550.147104,1660857552.146992,0.0050079822540283203,0.02,1.2230519940858036,1.8052212957759115,0.10752592618357089,YES,YES,YES,True,0,0,point-time interpolation uses lower sample; future sample only brackets coverage; violating source timestamp rejects point,deskew call has no NDT input; cloud is published before NDT consumes it; NDT correction can affect only later deskew,NO; structural/code-path evidence is recorded separately
1583,1660857552.144232,1660857552.2450714,1660857552.144232,PUBLISHED,covered_and_deskewed,22888,22888,1660857550.2471039,1660857552.2469921,0.0050082206726074219,0.02,1.2441528291257002,3.3022639152214714,0.17140540258237427,YES,YES,YES,True,0,0,point-time interpolation uses lower sample; future sample only brackets coverage; violating source timestamp rejects point,deskew call has no NDT input; cloud is published before NDT consumes it; NDT correction can affect only later deskew,NO; structural/code-path evidence is recorded separately
1584,1660857552.2450919,1660857552.3459313,1660857552.2450919,PUBLISHED,covered_and_deskewed,22974,22974,1660857550.3471041,1660857552.346992,0.0050082206726074219,0.02,1.3104055118403339,12.638081252599736,0.37075077131560619,YES,YES,YES,True,0,0,point-time interpolation uses lower sample; future sample only brackets coverage; violating source timestamp rejects point,deskew call has no NDT input; cloud is published before NDT consumes it; NDT correction can affect only later deskew,NO; structural/code-path evidence is recorded separately
1585,1660857552.345952,1660857552.4467914,1660857552.345952,PUBLISHED,covered_and_deskewed,22894,22894,1660857550.447104,1660857552.4469919,0.0050079822540283203,0.02,1.4163140266792933,3.499587127721898,0.24244724564394329,YES,YES,YES,True,0,0,point-time interpolation uses lower sample; future sample only brackets coverage; violating source timestamp rejects point,deskew call has no NDT input; cloud is published before NDT consumes it; NDT correction can affect only later deskew,NO; structural/code-path evidence is recorded separately
1586,1660857552.4468119,1660857552.5476503,1660857552.4468119,PUBLISHED,covered_and_deskewed,22841,22841,1660857550.5520959,1660857552.5519841,0.0050082206726074219,0.02,1.4730436152362321,3.3361072692447564,0.22134198235379601,YES,YES,YES,True,0,0,point-time interpolation uses lower sample; future sample only brackets coverage; violating source timestamp rejects point,deskew call has no NDT input; cloud is published before NDT consumes it; NDT correction can affect only later deskew,NO; structural/code-path evidence is recorded separately
1587,1660857552.547672,1660857552.6485081,1660857552.547672,PUBLISHED,covered_and_deskewed,22918,22918,1660857550.652096,1660857552.651984,0.0050079822540283203,0.02,1.5389772555181485,12.848463220360294,0.22711721670786669,YES,YES,YES,True,0,0,point-time interpolation uses lower sample; future sample only brackets coverage; violating source timestamp rejects point,deskew call has no NDT input; cloud is published before NDT consumes it; NDT correction can affect only later deskew,NO; structural/code-path evidence is recorded separately
1588,1660857552.6485319,1660857552.7493682,1660857552.6485319,PUBLISHED,covered_and_deskewed,22802,22802,1660857550.7520959,1660857552.7519839,0.0050082206726074219,0.02,1.6455295994115526,7.2918553233745742,0.24903992309717857,YES,YES,YES,True,0,0,point-time interpolation uses lower sample; future sample only brackets coverage; violating source timestamp rejects point,deskew call has no NDT input; cloud is published before NDT consumes it; NDT correction can affect only later deskew,NO; structural/code-path evidence is recorded separately
1589,1660857552.7493911,1660857552.8502281,1660857552.7493911,PUBLISHED,covered_and_deskewed,22910,22910,1660857550.8520961,1660857552.851984,0.0050082206726074219,0.02,1.5622258730075065,2.2993389384609602,0.071873878882027523,YES,YES,YES,True,0,0,point-time interpolation uses lower sample; future sample only brackets coverage; violating source timestamp rejects point,deskew call has no NDT input; cloud is published before NDT consumes it; NDT correction can affect only later deskew,NO; structural/code-path evidence is recorded separately
1590,1660857552.850251,1660857552.9510882,1660857552.850251,PUBLISHED,covered_and_deskewed,22801,22801,1660857550.952096,1660857552.9519839,0.0050079822540283203,0.02,1.5978078712627208,2.5127182701180719,0.033719737492971205,YES,YES,YES,True,0,0,point-time interpolation uses lower sample; future sample only brackets coverage; violating source timestamp rejects point,deskew call has no NDT input; cloud is published before NDT consumes it; NDT correction can affect only later deskew,NO; structural/code-path evidence is recorded separately
1591,1660857552.9511111,1660857553.051892,1660857552.9511111,PUBLISHED,covered_and_deskewed,22785,22785,1660857551.052048,1660857553.0519359,0.0050082206726074219,0.02,2.7817041844288553,3.6721549538760794,0.24565522835555559,YES,YES,YES,True,0,0,point-time interpolation uses lower sample; future sample only brackets coverage; violating source timestamp rejects point,deskew call has no NDT input; cloud is published before NDT consumes it; NDT correction can affect only later deskew,NO; structural/code-path evidence is recorded separately
1592,1660857553.0519149,1660857553.1527522,1660857553.0519149,PUBLISHED,covered_and_deskewed,22912,22912,1660857551.1570561,1660857553.156944,0.0050082206726074219,0.02,3.2767267044150925,7.1510190459028617,0.33702697899763984,YES,YES,YES,True,0,0,point-time interpolation uses lower sample; future sample only brackets coverage; violating source timestamp rejects point,deskew call has no NDT input; cloud is published before NDT consumes it; NDT correction can affect only later deskew,NO; structural/code-path evidence is recorded separately
1593,1660857553.152775,1660857553.253612,1660857553.152775,PUBLISHED,covered_and_deskewed,22983,22983,1660857551.257056,1660857553.2569439,0.0050079822540283203,0.02,3.3809043892923016,4.2646703551833713,0.12904165164574188,YES,YES,YES,True,0,0,point-time interpolation uses lower sample; future sample only brackets coverage; violating source timestamp rejects point,deskew call has no NDT input; cloud is published before NDT consumes it; NDT correction can affect only later deskew,NO; structural/code-path evidence is recorded separately
1594,1660857553.2536349,1660857553.3544674,1660857553.2536349,PUBLISHED,covered_and_deskewed,23102,23102,1660857551.3570559,1660857553.3569441,0.0050082206726074219,0.02,3.3940279414231376,9.7740167003892946,0.36279366928907142,YES,YES,YES,True,0,0,point-time interpolation uses lower sample; future sample only brackets coverage; violating source timestamp rejects point,deskew call has no NDT input; cloud is published before NDT consumes it; NDT correction can affect only later deskew,NO; structural/code-path evidence is recorded separately
1595,1660857553.354495,1660857553.455332,1660857553.354495,PUBLISHED,covered_and_deskewed,23142,23142,1660857551.457056,1660857553.456944,0.0099999904632568359,0.02,3.675238842309283,6.8997744433559438,0.47755404530614376,YES,YES,YES,True,0,0,point-time interpolation uses lower sample; future sample only brackets coverage; violating source timestamp rejects point,deskew call has no NDT input; cloud is published before NDT consumes it; NDT correction can affect only later deskew,NO; structural/code-path evidence is recorded separately
1596,1660857553.4553549,1660857553.5561922,1660857553.4553549,PUBLISHED,covered_and_deskewed,22873,22873,1660857551.557056,1660857553.5569439,0.0050079822540283203,0.02,3.8101614176930121,6.1882542464985164,0.29130220457722072,YES,YES,YES,True,0,0,point-time interpolation uses lower sample; future sample only brackets coverage; violating source timestamp rejects point,deskew call has no NDT input; cloud is published before NDT consumes it; NDT correction can affect only later deskew,NO; structural/code-path evidence is recorded separately
1597,1660857553.556215,1660857553.657052,1660857553.556215,PUBLISHED,covered_and_deskewed,23003,23003,1660857551.6620481,1660857553.661936,0.014991998672485352,0.02,3.7097900099281427,11.089781983969614,0.67030694853174866,YES,YES,YES,True,0,0,point-time interpolation uses lower sample; future sample only brackets coverage; violating source timestamp rejects point,deskew call has no NDT input; cloud is published before NDT consumes it; NDT correction can affect only later deskew,NO; structural/code-path evidence is recorded separately
1598,1660857553.6570749,1660857553.7579122,1660857553.6570749,PUBLISHED,covered_and_deskewed,23003,23003,1660857551.762048,1660857553.7619359,0.0050079822540283203,0.02,3.7163163682227136,12.098749804381265,0.69787696615270889,YES,YES,YES,True,0,0,point-time interpolation uses lower sample; future sample only brackets coverage; violating source timestamp rejects point,deskew call has no NDT input; cloud is published before NDT consumes it; NDT correction can affect only later deskew,NO; structural/code-path evidence is recorded separately
1599,1660857553.757935,1660857553.858772,1660857553.757935,PUBLISHED,covered_and_deskewed,23030,23030,1660857551.8620479,1660857553.8619361,0.0050082206726074219,0.02,2.9083747000733604,6.9474957913851858,0.34370620365450588,YES,YES,YES,True,0,0,point-time interpolation uses lower sample; future sample only brackets coverage; violating source timestamp rejects point,deskew call has no NDT input; cloud is published before NDT consumes it; NDT correction can affect only later deskew,NO; structural/code-path evidence is recorded separately
1600,1660857553.8587949,1660857553.9596322,1660857553.8587949,PUBLISHED,covered_and_deskewed,22950,22950,1660857551.9620481,1660857553.961936,0.0050079822540283203,0.02,2.6854557695107304,13.031390704510953,0.56929714540120901,YES,YES,YES,True,0,0,point-time interpolation uses lower sample; future sample only brackets coverage; violating source timestamp rejects point,deskew call has no NDT input; cloud is published before NDT consumes it; NDT correction can affect only later deskew,NO; structural/code-path evidence is recorded separately
1601,1660857553.959655,1660857554.0604362,1660857553.959655,PUBLISHED,covered_and_deskewed,22915,22915,1660857552.0619841,1660857554.061872,0.0050079822540283203,0.02,2.4537730848331019,13.020205935029832,0.70162195817979522,YES,YES,YES,True,0,0,point-time interpolation uses lower sample; future sample only brackets coverage; violating source timestamp rejects point,deskew call has no NDT input; cloud is published before NDT consumes it; NDT correction can affect only later deskew,NO; structural/code-path evidence is recorded separately
1602,1660857554.0604589,1660857554.1612961,1660857554.0604589,PUBLISHED,covered_and_deskewed,22866,22866,1660857552.161984,1660857554.1618719,0.0050079822540283203,0.02,2.2042062560523612,6.2265486249149307,0.31351480638165585,YES,YES,YES,True,0,0,point-time interpolation uses lower sample; future sample only brackets coverage; violating source timestamp rejects point,deskew call has no NDT input; cloud is published before NDT consumes it; NDT correction can affect only later deskew,NO; structural/code-path evidence is recorded separately
1603,1660857554.161319,1660857554.2621562,1660857554.161319,PUBLISHED,covered_and_deskewed,22862,22862,1660857552.2669921,1660857554.26688,0.0050082206726074219,0.02,3.2227494533690133,16.430872599437429,0.73915977534013089,YES,YES,YES,True,0,0,point-time interpolation uses lower sample; future sample only brackets coverage; violating source timestamp rejects point,deskew call has no NDT input; cloud is published before NDT consumes it; NDT correction can affect only later deskew,NO; structural/code-path evidence is recorded separately
1604,1660857554.2621789,1660857554.3630161,1660857554.2621789,PUBLISHED,covered_and_deskewed,22981,22981,1660857552.366992,1660857554.3668799,0.0099999904632568359,0.02,3.4371679670569364,11.730519582750308,0.62321797364717235,YES,YES,YES,True,0,0,point-time interpolation uses lower sample; future sample only brackets coverage; violating source timestamp rejects point,deskew call has no NDT input; cloud is published before NDT consumes it; NDT correction can affect only later deskew,NO; structural/code-path evidence is recorded separately
1605,1660857554.363039,1660857554.4638762,1660857554.363039,PUBLISHED,covered_and_deskewed,23002,23002,1660857552.4669919,1660857554.4668801,0.0050082206726074219,0.02,3.4315991184056092,5.6282079883308249,0.29882744398116567,YES,YES,YES,True,0,0,point-time interpolation uses lower sample; future sample only brackets coverage; violating source timestamp rejects point,deskew call has no NDT input; cloud is published before NDT consumes it; NDT correction can affect only later deskew,NO; structural/code-path evidence is recorded separately
1606,1660857554.4638989,1660857554.5647361,1660857554.4638989,PUBLISHED,covered_and_deskewed,22963,22963,1660857552.566992,1660857554.56688,0.0050079822540283203,0.02,4.2822252839448547,11.786151513897018,0.81629364593137088,YES,YES,YES,True,0,0,point-time interpolation uses lower sample; future sample only brackets coverage; violating source timestamp rejects point,deskew call has no NDT input; cloud is published before NDT consumes it; NDT correction can affect only later deskew,NO; structural/code-path evidence is recorded separately
1607,1660857554.564759,1660857554.6655951,1660857554.564759,PUBLISHED,covered_and_deskewed,23237,23237,1660857552.6669919,1660857554.6668799,0.0050079822540283203,0.02,4.3217306605230066,13.196295934341745,0.85730123928349922,YES,YES,YES,True,0,0,point-time interpolation uses lower sample; future sample only brackets coverage; violating source timestamp rejects point,deskew call has no NDT input; cloud is published before NDT consumes it; NDT correction can affect only later deskew,NO; structural/code-path evidence is recorded separately
1608,1660857554.6656189,1660857554.7664504,1660857554.6656189,PUBLISHED,covered_and_deskewed,23030,23030,1660857552.7669921,1660857554.76688,0.0050082206726074219,0.02,3.9838968279211651,5.4508189546719228,0.20991048155638142,YES,YES,YES,True,0,0,point-time interpolation uses lower sample; future sample only brackets coverage; violating source timestamp rejects point,deskew call has no NDT input; cloud is published before NDT consumes it; NDT correction can affect only later deskew,NO; structural/code-path evidence is recorded separately
1609,1660857554.766479,1660857554.8673172,1660857554.766479,PUBLISHED,covered_and_deskewed,23059,23059,1660857552.871984,1660857554.8718719,0.0050079822540283203,0.02,4.2836341783502787,17.318507454430591,0.87799816229388983,YES,YES,YES,True,0,0,point-time interpolation uses lower sample; future sample only brackets coverage; violating source timestamp rejects point,deskew call has no NDT input; cloud is published before NDT consumes it; NDT correction can affect only later deskew,NO; structural/code-path evidence is recorded separately
1610,1660857554.8673379,1660857554.9681752,1660857554.8673379,PUBLISHED,covered_and_deskewed,22817,22817,1660857552.9719839,1660857554.9718721,0.0050082206726074219,0.02,4.2232999381486209,8.7836125248930017,0.54657375891570015,YES,YES,YES,True,0,0,point-time interpolation uses lower sample; future sample only brackets coverage; violating source timestamp rejects point,deskew call has no NDT input; cloud is published before NDT consumes it; NDT correction can affect only later deskew,NO; structural/code-path evidence is recorded separately
1611,1660857554.9681981,1660857555.0689793,1660857554.9681981,PUBLISHED,covered_and_deskewed,23031,23031,1660857553.0719359,1660857555.0718241,0.0099999904632568359,0.02,4.0929860953931314,5.8609507395373237,0.28095713939111888,YES,YES,YES,True,0,0,point-time interpolation uses lower sample; future sample only brackets coverage; violating source timestamp rejects point,deskew call has no NDT input; cloud is published before NDT consumes it; NDT correction can affect only later deskew,NO; structural/code-path evidence is recorded separately
1612,1660857555.0690019,1660857555.1698391,1660857555.0690019,PUBLISHED,covered_and_deskewed,22866,22866,1660857553.171936,1660857555.171824,0.0050079822540283203,0.02,4.5036536006416013,11.669046423706018,0.65663149155301892,YES,YES,YES,True,0,0,point-time interpolation uses lower sample; future sample only brackets coverage; violating source timestamp rejects point,deskew call has no NDT input; cloud is published before NDT consumes it; NDT correction can affect only later deskew,NO; structural/code-path evidence is recorded separately
1613,1660857555.169862,1660857555.2706993,1660857555.169862,PUBLISHED,covered_and_deskewed,22769,22769,1660857553.2719359,1660857555.2718239,0.0050082206726074219,0.02,4.361887170887897,10.863775813506225,0.55069430289643817,YES,YES,YES,True,0,0,point-time interpolation uses lower sample; future sample only brackets coverage; violating source timestamp rejects point,deskew call has no NDT input; cloud is published before NDT consumes it; NDT correction can affect only later deskew,NO; structural/code-path evidence is recorded separately
1614,1660857555.2707219,1660857555.3715591,1660857555.2707219,PUBLISHED,covered_and_deskewed,22886,22886,1660857553.3719361,1660857555.371824,0.0050082206726074219,0.02,3.655466889497891,5.3406785977720475,0.26159376429887204,YES,YES,YES,True,0,0,point-time interpolation uses lower sample; future sample only brackets coverage; violating source timestamp rejects point,deskew call has no NDT input; cloud is published before NDT consumes it; NDT correction can affect only later deskew,NO; structural/code-path evidence is recorded separately
1615,1660857555.371582,1660857555.4724193,1660857555.371582,PUBLISHED,covered_and_deskewed,22862,22862,1660857553.476944,1660857555.4768319,0.0050079822540283203,0.02,3.4437356291556052,17.009260225155913,0.77273988039826824,YES,YES,YES,True,0,0,point-time interpolation uses lower sample; future sample only brackets coverage; violating source timestamp rejects point,deskew call has no NDT input; cloud is published before NDT consumes it; NDT correction can affect only later deskew,NO; structural/code-path evidence is recorded separately
1616,1660857555.4724419,1660857555.5732791,1660857555.4724419,PUBLISHED,covered_and_deskewed,22717,22717,1660857553.5769441,1660857555.5768321,0.0050082206726074219,0.02,2.9777422202917925,9.2575059052619295,0.62636918697025834,YES,YES,YES,True,0,0,point-time interpolation uses lower sample; future sample only brackets coverage; violating source timestamp rejects point,deskew call has no NDT input; cloud is published before NDT consumes it; NDT correction can affect only later deskew,NO; structural/code-path evidence is recorded separately
1617,1660857555.573302,1660857555.6741393,1660857555.573302,PUBLISHED,covered_and_deskewed,22967,22967,1660857553.676944,1660857555.676832,0.0050079822540283203,0.02,2.6507873671056883,5.9586792457942241,0.35616310176744664,YES,YES,YES,True,0,0,point-time interpolation uses lower sample; future sample only brackets coverage; violating source timestamp rejects point,deskew call has no NDT input; cloud is published before NDT consumes it; NDT correction can affect only later deskew,NO; structural/code-path evidence is recorded separately
1618,1660857555.6741619,1660857555.7750013,1660857555.6741619,PUBLISHED,covered_and_deskewed,22882,22882,1660857553.7769439,1660857555.7768321,0.0050082206726074219,0.02,2.9588970874744578,17.129649019702661,0.98276598973843965,YES,YES,YES,True,0,0,point-time interpolation uses lower sample; future sample only brackets coverage; violating source timestamp rejects point,deskew call has no NDT input; cloud is published before NDT consumes it; NDT correction can affect only later deskew,NO; structural/code-path evidence is recorded separately
1619,1660857555.775022,1660857555.8758614,1660857555.775022,PUBLISHED,covered_and_deskewed,22946,22946,1660857553.8769441,1660857555.876832,0.0050082206726074219,0.02,2.7257173684511193,12.569294102992671,0.75470220060443938,YES,YES,YES,True,0,0,point-time interpolation uses lower sample; future sample only brackets coverage; violating source timestamp rejects point,deskew call has no NDT input; cloud is published before NDT consumes it; NDT correction can affect only later deskew,NO; structural/code-path evidence is recorded separately
1620,1660857555.8758819,1660857555.9767213,1660857555.8758819,PUBLISHED,covered_and_deskewed,23183,23183,1660857553.976944,1660857555.9768319,0.0050079822540283203,0.02,2.792165443836871,5.9393601148526063,0.2728630217149563,YES,YES,YES,True,0,0,point-time interpolation uses lower sample; future sample only brackets coverage; violating source timestamp rejects point,deskew call has no NDT input; cloud is published before NDT consumes it; NDT correction can affect only later deskew,NO; structural/code-path evidence is recorded separately
1621,1660857555.976742,1660857556.0775254,1660857555.976742,PUBLISHED,covered_and_deskewed,23015,23015,1660857554.081872,1660857556.0817599,0.0050079822540283203,0.02,3.2439960342137426,18.36093399106457,0.93566664928974508,YES,YES,YES,True,0,0,point-time interpolation uses lower sample; future sample only brackets coverage; violating source timestamp rejects point,deskew call has no NDT input; cloud is published before NDT consumes it; NDT correction can affect only later deskew,NO; structural/code-path evidence is recorded separately
1622,1660857556.0775459,1660857556.1783853,1660857556.0775459,PUBLISHED,covered_and_deskewed,22977,22977,1660857554.1818719,1660857556.1817601,0.0050082206726074219,0.02,3.1290223514725342,10.063992806994278,0.67691390089441594,YES,YES,YES,True,0,0,point-time interpolation uses lower sample; future sample only brackets coverage; violating source timestamp rejects point,deskew call has no NDT input; cloud is published before NDT consumes it; NDT correction can affect only later deskew,NO; structural/code-path evidence is recorded separately
1623,1660857556.178406,1660857556.2792454,1660857556.178406,PUBLISHED,covered_and_deskewed,23330,23330,1660857554.281872,1660857556.28176,0.0050079822540283203,0.02,3.0385782896620537,6.3526290323879664,0.39511463739425307,YES,YES,YES,True,0,0,point-time interpolation uses lower sample; future sample only brackets coverage; violating source timestamp rejects point,deskew call has no NDT input; cloud is published before NDT consumes it; NDT correction can affect only later deskew,NO; structural/code-path evidence is recorded separately
1624,1660857556.2792661,1660857556.3801053,1660857556.2792661,PUBLISHED,covered_and_deskewed,23199,23199,1660857554.3818719,1660857556.3817599,0.0050082206726074219,0.02,3.3168101361711844,18.493753671630227,0.90125996475843617,YES,YES,YES,True,0,0,point-time interpolation uses lower sample; future sample only brackets coverage; violating source timestamp rejects point,deskew call has no NDT input; cloud is published before NDT consumes it; NDT correction can affect only later deskew,NO; structural/code-path evidence is recorded separately
1625,1660857556.380126,1660857556.4809654,1660857556.380126,PUBLISHED,covered_and_deskewed,23123,23123,1660857554.4818721,1660857556.48176,0.0050082206726074219,0.02,2.9087353386170909,11.748723624136725,0.76039238770502793,YES,YES,YES,True,0,0,point-time interpolation uses lower sample; future sample only brackets coverage; violating source timestamp rejects point,deskew call has no NDT input; cloud is published before NDT consumes it; NDT correction can affect only later deskew,NO; structural/code-path evidence is recorded separately
1626,1660857556.4809861,1660857556.5818253,1660857556.4809861,PUBLISHED,covered_and_deskewed,23371,23371,1660857554.58688,1660857556.5867679,0.0099999904632568359,0.02,2.9465851805587873,5.6958983023526422,0.2715196887933502,YES,YES,YES,True,0,0,point-time interpolation uses lower sample; future sample only brackets coverage; violating source timestamp rejects point,deskew call has no NDT input; cloud is published before NDT consumes it; NDT correction can affect only later deskew,NO; structural/code-path evidence is recorded separately
1627,1660857556.581846,1660857556.6826854,1660857556.581846,PUBLISHED,covered_and_deskewed,23335,23335,1660857554.6868801,1660857556.6867681,0.0050082206726074219,0.02,3.1070019034537419,11.725514801785382,0.54386493573976491,YES,YES,YES,True,0,0,point-time interpolation uses lower sample; future sample only brackets coverage; violating source timestamp rejects point,deskew call has no NDT input; cloud is published before NDT consumes it; NDT correction can affect only later deskew,NO; structural/code-path evidence is recorded separately
1628,1660857556.6827061,1660857556.7835443,1660857556.6827061,PUBLISHED,covered_and_deskewed,23102,23102,1660857554.78688,1660857556.786768,0.0050079822540283203,0.02,2.8680190530220346,8.2159605579670281,0.53722519203179087,YES,YES,YES,True,0,0,point-time interpolation uses lower sample; future sample only brackets coverage; violating source timestamp rejects point,deskew call has no NDT input; cloud is published before NDT consumes it; NDT correction can affect only later deskew,NO; structural/code-path evidence is recorded separately
1629,1660857556.783566,1660857556.8844042,1660857556.783566,PUBLISHED,covered_and_deskewed,23455,23455,1660857554.8868799,1660857556.8867681,0.0099999904632568359,0.02,2.6610838067206553,5.5622781797269072,0.29860686435511957,YES,YES,YES,True,0,0,point-time interpolation uses lower sample; future sample only brackets coverage; violating source timestamp rejects point,deskew call has no NDT input; cloud is published before NDT consumes it; NDT correction can affect only later deskew,NO; structural/code-path evidence is recorded separately
1630,1660857556.8844261,1660857556.9852643,1660857556.8844261,PUBLISHED,covered_and_deskewed,23369,23369,1660857554.9868801,1660857556.986768,0.0050082206726074219,0.02,2.8016473814576477,16.80167400008138,0.83561557142439913,YES,YES,YES,True,0,0,point-time interpolation uses lower sample; future sample only brackets coverage; violating source timestamp rejects point,deskew call has no NDT input; cloud is published before NDT consumes it; NDT correction can affect only later deskew,NO; structural/code-path evidence is recorded separately
1631,1660857556.985286,1660857557.0860684,1660857556.985286,PUBLISHED,covered_and_deskewed,23433,23433,1660857555.086832,1660857557.08672,0.0050079822540283203,0.02,2.1165021342092856,9.9417885225536509,0.69668603170198495,YES,YES,YES,True,0,0,point-time interpolation uses lower sample; future sample only brackets coverage; violating source timestamp rejects point,deskew call has no NDT input; cloud is published before NDT consumes it; NDT correction can affect only later deskew,NO; structural/code-path evidence is recorded separately
1632,1660857557.0860889,1660857557.1869283,1660857557.0860889,PUBLISHED,covered_and_deskewed,23578,23578,1660857555.191824,1660857557.1917119,0.0050079822540283203,0.02,2.0347024097959805,5.6606392045914262,0.24735229345877024,YES,YES,YES,True,0,0,point-time interpolation uses lower sample; future sample only brackets coverage; violating source timestamp rejects point,deskew call has no NDT input; cloud is published before NDT consumes it; NDT correction can affect only later deskew,NO; structural/code-path evidence is recorded separately
1633,1660857557.186949,1660857557.2877884,1660857557.186949,PUBLISHED,covered_and_deskewed,23436,23436,1660857555.2918241,1660857557.291712,0.0050082206726074219,0.02,1.9619115626976344,16.271137483102329,0.94085124339272963,YES,YES,YES,True,0,0,point-time interpolation uses lower sample; future sample only brackets coverage; violating source timestamp rejects point,deskew call has no NDT input; cloud is published before NDT consumes it; NDT correction can affect only later deskew,NO; structural/code-path evidence is recorded separately
1634,1660857557.2878089,1660857557.3886483,1660857557.2878089,PUBLISHED,covered_and_deskewed,23410,23410,1660857555.391824,1660857557.391712,0.0050079822540283203,0.02,1.4846447757256671,8.6387874598830781,0.5685843052406685,YES,YES,YES,True,0,0,point-time interpolation uses lower sample; future sample only brackets coverage; violating source timestamp rejects point,deskew call has no NDT input; cloud is published before NDT consumes it; NDT correction can affect only later deskew,NO; structural/code-path evidence is recorded separately
1635,1660857557.388669,1660857557.4895084,1660857557.388669,PUBLISHED,covered_and_deskewed,23700,23700,1660857555.4918239,1660857557.4917121,0.0050082206726074219,0.02,1.2241384114278369,6.0555592775483946,0.31287295805060555,YES,YES,YES,True,0,0,point-time interpolation uses lower sample; future sample only brackets coverage; violating source timestamp rejects point,deskew call has no NDT input; cloud is published before NDT consumes it; NDT correction can affect only later deskew,NO; structural/code-path evidence is recorded separately
1636,1660857557.4895289,1660857557.5903683,1660857557.4895289,PUBLISHED,covered_and_deskewed,23505,23505,1660857555.5918241,1660857557.591712,0.015007972717285156,0.02,0.87809761826836841,14.894984947610464,0.72082929238900473,YES,YES,YES,True,0,0,point-time interpolation uses lower sample; future sample only brackets coverage; violating source timestamp rejects point,deskew call has no NDT input; cloud is published before NDT consumes it; NDT correction can affect only later deskew,NO; structural/code-path evidence is recorded separately
1637,1660857557.590389,1660857557.6912284,1660857557.590389,PUBLISHED,covered_and_deskewed,23495,23495,1660857555.691824,1660857557.6917119,0.0050079822540283203,0.02,1.2015454257020208,12.465940348222112,0.74672305233375846,YES,YES,YES,True,0,0,point-time interpolation uses lower sample; future sample only brackets coverage; violating source timestamp rejects point,deskew call has no NDT input; cloud is published before NDT consumes it; NDT correction can affect only later deskew,NO; structural/code-path evidence is recorded separately
1638,1660857557.6912489,1660857557.7920883,1660857557.6912489,PUBLISHED,covered_and_deskewed,23650,23650,1660857555.7968321,1660857557.79672,0.0050082206726074219,0.02,1.4911101815176435,5.6374678020945339,0.28834106216290667,YES,YES,YES,True,0,0,point-time interpolation uses lower sample; future sample only brackets coverage; violating source timestamp rejects point,deskew call has no NDT input; cloud is published before NDT consumes it; NDT correction can affect only later deskew,NO; structural/code-path evidence is recorded separately
1639,1660857557.792109,1660857557.8929484,1660857557.792109,PUBLISHED,covered_and_deskewed,23615,23615,1660857555.896832,1660857557.8967199,0.0050079822540283203,0.02,1.1005635686296567,12.811454022236807,0.8723876478597693,YES,YES,YES,True,0,0,point-time interpolation uses lower sample; future sample only brackets coverage; violating source timestamp rejects point,deskew call has no NDT input; cloud is published before NDT consumes it; NDT correction can affect only later deskew,NO; structural/code-path evidence is recorded separately
1640,1660857557.8929689,1660857557.9938083,1660857557.8929689,PUBLISHED,covered_and_deskewed,23661,23661,1660857555.9968319,1660857557.9967201,0.0050082206726074219,0.02,0.68676338124149416,10.73929226937531,0.63509604102665329,YES,YES,YES,True,0,0,point-time interpolation uses lower sample; future sample only brackets coverage; violating source timestamp rejects point,deskew call has no NDT input; cloud is published before NDT consumes it; NDT correction can affect only later deskew,NO; structural/code-path evidence is recorded separately
1641,1660857557.993829,1660857558.0946124,1660857557.993829,PUBLISHED,covered_and_deskewed,23750,23750,1660857556.0967679,1660857558.0966561,0.0050082206726074219,0.02,0.42838182087202886,6.2375125303833512,0.34192848890403399,YES,YES,YES,True,0,0,point-time interpolation uses lower sample; future sample only brackets coverage; violating source timestamp rejects point,deskew call has no NDT input; cloud is published before NDT consumes it; NDT correction can affect only later deskew,NO; structural/code-path evidence is recorded separately
1642,1660857558.0946331,1660857558.1954722,1660857558.0946331,PUBLISHED,covered_and_deskewed,23991,23991,1660857556.196768,1660857558.196656,0.0050079822540283203,0.02,0.68645442702788217,15.468786142583696,0.80693339934609354,YES,YES,YES,True,0,0,point-time interpolation uses lower sample; future sample only brackets coverage; violating source timestamp rejects point,deskew call has no NDT input; cloud is published before NDT consumes it; NDT correction can affect only later deskew,NO; structural/code-path evidence is recorded separately
1643,1660857558.195493,1660857558.2963324,1660857558.195493,PUBLISHED,covered_and_deskewed,23934,23934,1660857556.296768,1660857558.2966559,0.0050079822540283203,0.02,0.30534822158370517,11.032612046514661,0.69308324718236625,YES,YES,YES,True,0,0,point-time interpolation uses lower sample; future sample only brackets coverage; violating source timestamp rejects point,deskew call has no NDT input; cloud is published before NDT consumes it; NDT correction can affect only later deskew,NO; structural/code-path evidence is recorded separately
1644,1660857558.2963531,1660857558.3971922,1660857558.2963531,PUBLISHED,covered_and_deskewed,24041,24041,1660857556.4017601,1660857558.401648,0.0050082206726074219,0.02,0.28035651737358103,5.1587306445603529,0.2771284765972698,YES,YES,YES,True,0,0,point-time interpolation uses lower sample; future sample only brackets coverage; violating source timestamp rejects point,deskew call has no NDT input; cloud is published before NDT consumes it; NDT correction can affect only later deskew,NO; structural/code-path evidence is recorded separately
1645,1660857558.397213,1660857558.4980524,1660857558.397213,PUBLISHED,covered_and_deskewed,23973,23973,1660857556.50176,1660857558.5016479,0.0050079822540283203,0.02,0.4896968977751599,13.300354076021621,0.74415214843833333,YES,YES,YES,True,0,0,point-time interpolation uses lower sample; future sample only brackets coverage; violating source timestamp rejects point,deskew call has no NDT input; cloud is published before NDT consumes it; NDT correction can affect only later deskew,NO; structural/code-path evidence is recorded separately
1646,1660857558.4980731,1660857558.5989122,1660857558.4980731,PUBLISHED,covered_and_deskewed,23992,23992,1660857556.6017599,1660857558.6016481,0.0050082206726074219,0.02,0.35353904517809154,8.9602336328491283,0.54260659588083282,YES,YES,YES,True,0,0,point-time interpolation uses lower sample; future sample only brackets coverage; violating source timestamp rejects point,deskew call has no NDT input; cloud is published before NDT consumes it; NDT correction can affect only later deskew,NO; structural/code-path evidence is recorded separately
1647,1660857558.598933,1660857558.6997724,1660857558.598933,PUBLISHED,covered_and_deskewed,24258,24258,1660857556.7017601,1660857558.701648,0.0050079822540283203,0.02,0.48855220893701934,5.6086763186693895,0.33164163623885451,YES,YES,YES,True,0,0,point-time interpolation uses lower sample; future sample only brackets coverage; violating source timestamp rejects point,deskew call has no NDT input; cloud is published before NDT consumes it; NDT correction can affect only later deskew,NO; structural/code-path evidence is recorded separately
1648,1660857558.6997931,1660857558.8006322,1660857558.6997931,PUBLISHED,covered_and_deskewed,24240,24240,1660857556.80176,1660857558.8016479,0.0050079822540283203,0.02,0.83580413759230521,14.213984115397709,0.76149804838206936,YES,YES,YES,True,0,0,point-time interpolation uses lower sample; future sample only brackets coverage; violating source timestamp rejects point,deskew call has no NDT input; cloud is published before NDT consumes it; NDT correction can affect only later deskew,NO; structural/code-path evidence is recorded separately
1649,1660857558.800653,1660857558.9014914,1660857558.800653,PUBLISHED,covered_and_deskewed,24212,24212,1660857556.9017601,1660857558.901648,0.0050082206726074219,0.02,0.96956766525176274,11.076019146703487,0.76149804838206936,YES,YES,YES,True,0,0,point-time interpolation uses lower sample; future sample only brackets coverage; violating source timestamp rejects point,deskew call has no NDT input; cloud is published before NDT consumes it; NDT correction can affect only later deskew,NO; structural/code-path evidence is recorded separately
1650,1660857558.9015131,1660857559.0023034,1660857558.9015131,PUBLISHED,covered_and_deskewed,24372,24372,1660857557.0067201,1660857559.006608,0.0050079822540283203,0.02,0.92400422957045836,5.1851895562429222,0.24978755482632278,YES,YES,YES,True,0,0,point-time interpolation uses lower sample; future sample only brackets coverage; violating source timestamp rejects point,deskew call has no NDT input; cloud is published before NDT consumes it; NDT correction can affect only later deskew,NO; structural/code-path evidence is recorded separately
1651,1660857559.0023251,1660857559.1031632,1660857559.0023251,PUBLISHED,covered_and_deskewed,24307,24307,1660857557.10672,1660857559.1066079,0.0050079822540283203,0.02,1.3647701743187521,13.662907773020212,0.60299713444368541,YES,YES,YES,True,0,0,point-time interpolation uses lower sample; future sample only brackets coverage; violating source timestamp rejects point,deskew call has no NDT input; cloud is published before NDT consumes it; NDT correction can affect only later deskew,NO; structural/code-path evidence is recorded separately
1652,1660857559.103184,1660857559.2040234,1660857559.103184,PUBLISHED,covered_and_deskewed,24178,24178,1660857557.2067201,1660857559.2066081,0.0050082206726074219,0.02,1.1769718986960147,9.0404834788829103,0.58275623651691966,YES,YES,YES,True,0,0,point-time interpolation uses lower sample; future sample only brackets coverage; violating source timestamp rejects point,deskew call has no NDT input; cloud is published before NDT consumes it; NDT correction can affect only later deskew,NO; structural/code-path evidence is recorded separately
1653,1660857559.2040441,1660857559.3048832,1660857559.2040441,PUBLISHED,covered_and_deskewed,24126,24126,1660857557.30672,1660857559.306608,0.0050079822540283203,0.02,1.256498354172727,5.1076153723482918,0.69455806525759345,YES,YES,YES,True,0,0,point-time interpolation uses lower sample; future sample only brackets coverage; violating source timestamp rejects point,deskew call has no NDT input; cloud is published before NDT consumes it; NDT correction can affect only later deskew,NO; structural/code-path evidence is recorded separately
1654,1660857559.304904,1660857559.4057434,1660857559.304904,PUBLISHED,covered_and_deskewed,23849,23849,1660857557.4067199,1660857559.4066081,0.0050082206726074219,0.02,1.4845584059317651,12.106641871187314,1.1511146907152852,YES,YES,YES,True,0,0,point-time interpolation uses lower sample; future sample only brackets coverage; violating source timestamp rejects point,deskew call has no NDT input; cloud is published before NDT consumes it; NDT correction can affect only later deskew,NO; structural/code-path evidence is recorded separately
1655,1660857559.4057641,1660857559.5066032,1660857559.4057641,PUBLISHED,covered_and_deskewed,23682,23682,1660857557.5067201,1660857559.506608,0.0050082206726074219,0.02,1.3781003793762516,10.533255302090552,0.9643494668892616,YES,YES,YES,True,0,0,point-time interpolation uses lower sample; future sample only brackets coverage; violating source timestamp rejects point,deskew call has no NDT input; cloud is published before NDT consumes it; NDT correction can affect only later deskew,NO; structural/code-path evidence is recorded separately
1656,1660857559.506624,1660857559.6074634,1660857559.506624,PUBLISHED,covered_and_deskewed,23911,23911,1660857557.611712,1660857559.6115999,0.0099999904632568359,0.02,1.2421491248459298,6.137846245739869,1.1610647356975243,YES,YES,YES,True,0,0,point-time interpolation uses lower sample; future sample only brackets coverage; violating source timestamp rejects point,deskew call has no NDT input; cloud is published before NDT consumes it; NDT correction can affect only later deskew,NO; structural/code-path evidence is recorded separately
1657,1660857559.6074841,1660857559.7083232,1660857559.6074841,PUBLISHED,covered_and_deskewed,23774,23774,1660857557.7117119,1660857559.7116001,0.0050082206726074219,0.02,1.7440821112809126,23.414023088740986,1.5776602911201605,YES,YES,YES,True,0,0,point-time interpolation uses lower sample; future sample only brackets coverage; violating source timestamp rejects point,deskew call has no NDT input; cloud is published before NDT consumes it; NDT correction can affect only later deskew,NO; structural/code-path evidence is recorded separately
1658,1660857559.708344,1660857559.8091834,1660857559.708344,PUBLISHED,covered_and_deskewed,24136,24136,1660857557.811712,1660857559.8116,0.0050079822540283203,0.02,1.4059633634134105,11.507419665499604,1.0074754078073673,YES,YES,YES,True,0,0,point-time interpolation uses lower sample; future sample only brackets coverage; violating source timestamp rejects point,deskew call has no NDT input; cloud is published before NDT consumes it; NDT correction can affect only later deskew,NO; structural/code-path evidence is recorded separately
1659,1660857559.8092041,1660857559.9100432,1660857559.8092041,PUBLISHED,covered_and_deskewed,24638,24638,1660857557.9117119,1660857559.9116001,0.0050082206726074219,0.02,1.4100801832517209,7.5366612372883575,0.88508176911500758,YES,YES,YES,True,0,0,point-time interpolation uses lower sample; future sample only brackets coverage; violating source timestamp rejects point,deskew call has no NDT input; cloud is published before NDT consumes it; NDT correction can affect only later deskew,NO; structural/code-path evidence is recorded separately
1660,1660857559.910064,1660857560.0108392,1660857559.910064,PUBLISHED,covered_and_deskewed,24750,24750,1660857558.0116479,1660857560.0115359,0.0050082206726074219,0.02,1.7262537057097418,18.543485964406255,1.056924099376255,YES,YES,YES,True,0,0,point-time interpolation uses lower sample; future sample only brackets coverage; violating source timestamp rejects point,deskew call has no NDT input; cloud is published before NDT consumes it; NDT correction can affect only later deskew,NO; structural/code-path evidence is recorded separately
1661,1660857560.01086,1660857560.1116993,1660857560.01086,PUBLISHED,covered_and_deskewed,24803,24803,1660857558.1166561,1660857560.116544,0.0050082206726074219,0.02,1.690718160944616,14.321958641506217,0.7753771570108362,YES,YES,YES,True,0,0,point-time interpolation uses lower sample; future sample only brackets coverage; violating source timestamp rejects point,deskew call has no NDT input; cloud is published before NDT consumes it; NDT correction can affect only later deskew,NO; structural/code-path evidence is recorded separately
1662,1660857560.1117201,1660857560.2125592,1660857560.1117201,PUBLISHED,covered_and_deskewed,25343,25343,1660857558.216656,1660857560.2165439,0.0050079822540283203,0.02,1.6663093549978212,5.6120691285865441,0.36451794004879401,YES,YES,YES,True,0,0,point-time interpolation uses lower sample; future sample only brackets coverage; violating source timestamp rejects point,deskew call has no NDT input; cloud is published before NDT consumes it; NDT correction can affect only later deskew,NO; structural/code-path evidence is recorded separately
1663,1660857560.21258,1660857560.3134193,1660857560.21258,PUBLISHED,covered_and_deskewed,25282,25282,1660857558.3166561,1660857560.3165441,0.0050082206726074219,0.02,1.9145510237133876,17.828272963014292,0.83731651606553426,YES,YES,YES,True,0,0,point-time interpolation uses lower sample; future sample only brackets coverage; violating source timestamp rejects point,deskew call has no NDT input; cloud is published before NDT consumes it; NDT correction can affect only later deskew,NO; structural/code-path evidence is recorded separately
