transaction_id,stamp_ns,predicted_imu_x,predicted_imu_y,predicted_imu_z,predicted_imu_qx,predicted_imu_qy,predicted_imu_qz,predicted_imu_qw,propagated_velocity_x,propagated_velocity_y,propagated_velocity_z,propagated_speed_m_s,propagated_gyro_bias_x,propagated_gyro_bias_y,propagated_gyro_bias_z,propagated_accel_bias_x,propagated_accel_bias_y,propagated_accel_bias_z,propagated_gravity_x,propagated_gravity_y,propagated_gravity_z,corrected_imu_x,corrected_imu_y,corrected_imu_z,corrected_imu_qx,corrected_imu_qy,corrected_imu_qz,corrected_imu_qw,velocity_x,velocity_y,velocity_z,gyro_bias_x,gyro_bias_y,gyro_bias_z,accel_bias_x,accel_bias_y,accel_bias_z,gravity_x,gravity_y,gravity_z,lidar_update_applied,speed_m_s,p_v_x,p_v_y,p_v_z,p_bg_x,p_bg_y,p_bg_z,p_ba_x,p_ba_y,p_ba_z,frame_increment_translation_m,frame_increment_rotation_rad,ndt_delta_velocity_x,ndt_delta_velocity_y,ndt_delta_velocity_z,p_v_pre_update_x,p_v_pre_update_y,p_v_pre_update_z,p_pv_pre_frobenius,p_rv_pre_frobenius,p_pv_post_frobenius,p_rv_post_frobenius
666,1517157286256772352,1.9996659986004961,-6.6057424688581268,-0.91125462039978433,-0.01138343996146386,-0.0093754063216695792,0.65692344741898412,0.75381304265852633,0.37027242149566258,3.0402599859197239,-0.15635847029979427,3.0667132926537746,0,0,0,0,0,0,0.7620000204116083,0.062189083539576764,-9.7791599581345032,0.46982741250469967,-6.4775895788244124,-0.92371796106895876,0.044574258889881632,0.0054529660030525956,0.75053450643829678,0.6593036896996789,-16.084720285550283,4.3884511781981894,-0.28626133500780332,-2.3919770132377848e-05,1.2654023407987796e-05,-6.0850304129195008e-05,9.3266054375945239e-07,-1.794459251616764e-05,-2.9680741640731572e-07,0.76199995186878844,0.062189089476797743,-9.7791599634376585,1,16.675091482799797,122.16973933080953,122.16971017789365,122.16737993766765,0.002499947968184129,0.0024999479685082438,0.0024999479660599818,0.24999998838262674,0.24999998838263046,0.24999998838263748,1.5514792273668925,0.28722436865988576,-16.454992707045946,1.3481911922784655,-0.12990286470800905,10000.844021395809,10000.830858556148,10000.018441637671,1588.3390882927972,1.298851664572604,0.74629647574543312,0.0068774480861361568
667,1517157286357632471,-1.1444290191648165,-6.0330947985708985,-0.95343365018471204,0.045577224413582987,0.0072792689483093921,0.75202176693127243,0.65752033498584606,-15.947731601689844,4.4090437194484942,-0.3055953435834452,16.548812594067435,-2.3919770132377848e-05,1.2654023407987796e-05,-6.0850304129195008e-05,9.3266054375945239e-07,-1.794459251616764e-05,-2.9680741640731572e-07,0.76199995186878844,0.062189089476797743,-9.7791599634376585,-1.131832727155059,-6.0120315092026448,-0.89218355074883771,0.052995924730587833,0.0099750821211180563,0.75499929367240348,0.6535043965060976,-15.822332299180498,4.6018615099712727,0.26444342797882825,-0.00038613379208884247,0.00019927562672905633,-0.00031247922599328924,-4.0631744390457157e-05,-3.0152940443373924e-07,-0.0001088751078428787,0.76200006152782529,0.062189240918496716,-9.7791599539298666,1,16.480086743377498,6.8024017815818922,6.8024036135893198,6.8006804137314987,0.0024966999142521894,0.002496699958426594,0.0024966998270229651,0.24999583537584424,0.24999584361047053,0.2499957708457205,1.6682487638835828,0.024078360988989266,0.12539930250934539,0.19281779052277859,0.57003877156227345,122.19321452477188,122.19320771091814,122.17240627243881,22.09041864753938,0.02038174497440514,0.62677835821440975,0.0041440624116546509
668,1517157286458492352,-2.7199970958674204,-5.5450878398266532,-0.86532525919216452,0.056921183681721978,0.0078008127637077531,0.75482617972745203,0.6534038296234248,-15.685015319442821,4.6529767719289863,0.26966655280481633,16.362842615541112,-0.00038613379208884247,0.00019927562672905633,-0.00031247922599328924,-4.0631744390457157e-05,-3.0152940443373924e-07,-0.0001088751078428787,0.76200006152782529,0.062189240918496716,-9.7791599539298666,-2.5360628746150837,-5.1205251684681174,-0.9013393746434607,0.050659564903112964,0.0021277295220415121,0.75941719309060196,0.64862516763482092,-14.636872160543868,7.1104353738364434,0.061988527807976618,0.00088394737741622257,7.4490277626185523e-05,-0.0013529143458695624,-0.0062120087175919067,0.0037324616161252965,0.00054551061513833916,0.76201098716101501,0.062214720913315404,-9.7791589405197623,1,16.272681414788053,1.8404561377029616,1.8404614881660528,1.8367196604762173,0.0024871198563791081,0.0024871201128551265,0.0024871201604366256,0.24995985849408983,0.24995988405307806,0.24995968004090233,1.6633489386525786,0.021010972822995137,1.0481431588989523,2.4574586019074571,-0.20767802499683971,6.81878387251645,6.8188064731780793,6.8063590401661722,1.8164322603684888,0.011189717435805619,0.32857196720688359,0.0049997187909490513
669,1517157286559352471,-4.0054759082656828,-4.399827990667375,-0.89395347495083399,0.0517906480753869,0.0043020692711578682,0.76183640226538674,0.6456814362789518,-14.470874156081241,7.1535815988711002,0.098044105543004481,16.142786041432839,0.00088394737741622257,7.4490277626185523e-05,-0.0013529143458695624,-0.0062120087175919067,0.0037324616161252965,0.00054551061513833916,0.76201098716101501,0.062214720913315404,-9.7791589405197623,-3.3212430916357549,-4.5073762127543437,-0.94091078455738886,0.04368312957452633,-0.0066461475512730253,0.7704244517557669,0.63599825239549868,-11.645265070401264,6.6968350834716706,-0.095420847473834072,0.0052144367341365036,5.547821080853896e-05,-0.0053509186479026426,0.0038770321247851717,0.036962701150973443,-0.00032097482443321551,0.76214143623196184,0.062194241172427625,-9.7791489050705884,1,13.433871513203384,0.76425381430879646,0.76427916981896971,0.75806571791660815,0.0024682498768191451,0.002468251089697606,0.0024682518183058496,0.2498069454053537,0.24980699727944991,0.2498064842764682,0.99700828059555036,0.040311986038648003,2.8256090856799769,-0.45674651539942968,-0.19346495301683855,1.8592667994979,1.8593153707804837,1.844810990921242,0.65177584661204846,0.0099396539134606471,0.20075736352254098,0.0056093228075444731
670,1517157286660212351,-4.4960552919015333,-3.8314508295877148,-0.95108272258266779,0.039045182736095585,-0.0097061603298129982,0.76792692563351672,0.63927263436175175,-11.585621762908787,6.7472885212902849,-0.12044930909412838,13.407723224275722,0.0052144367341365036,5.547821080853896e-05,-0.0053509186479026426,0.0038770321247851717,0.036962701150973443,-0.00032097482443321551,0.76214143623196184,0.062194241172427625,-9.7791489050705884,-4.1141858164986491,-4.1369448363577419,-1.024359232335845,0.037778358749775295,-0.016154958596278302,0.75767431849193645,0.65133819174120866,-10.343994605602497,5.7304982716946018,-0.3600010529700699,0.0088280335482777434,0.0010725343037823807,0.0019032718054614534,0.044282876620672595,0.074491917546236963,0.0024067752723895912,0.76230321156175995,0.062063834991106924,-9.7791371242062493,1,11.830741126437005,0.39947018894933845,0.39947833511607561,0.39121208532822821,0.0024374832137889343,0.0024374865641099319,0.0024374903478090212,0.24937250390549692,0.24937265838237474,0.24937071956730783,0.87917075302167902,0.045746530066506294,1.24162715730629,-1.0167902495956831,-0.23955174387594153,0.78479183006630182,0.78480884511329041,0.76857117784954709,0.33633009671140196,0.0091837094730825072,0.13589891049552111,0.0058150621013188302
671,1517157286761072470,-5.1552774968669519,-3.5604306914330262,-1.0570788651346554,0.027836779963235886,-0.019929309746753731,0.75840593425640612,0.65088276607924178,-10.239782624791452,5.7373565703657645,-0.34077428582660402,11.742509771440719,0.0088280335482777434,0.0010725343037823807,0.0019032718054614534,0.044282876620672595,0.074491917546236963,0.0024067752723895912,0.76230321156175995,0.062063834991106924,-9.7791371242062493,-4.4745954241364938,-3.7381354762489218,-1.0373752505201677,0.026340768020836691,-0.023625441447457585,0.75125080215972539,0.65906770115888336,-8.3965769350619901,5.2460126807937524,-0.28607460979880756,0.014241070553547524,0.00083061484332840258,0.0088002604136613125,0.10252128211871117,0.20838674776498467,-0.013629294781014824,0.76284866824252129,0.061922471818395018,-9.779095485618523,1,9.9047964116298424,0.24611670549891421,0.24612935902347313,0.23544845044105472,0.0023927764147299328,0.002392783192953031,0.002392808152968886,0.24839066005123009,0.24839129528927145,0.24838325948145273,0.53769267032148227,0.033919927376273577,1.8432056897294622,-0.49134388957201214,0.054699676027796462,0.42291877620545038,0.42293953452042704,0.40420569674780193,0.20832832850421004,0.0089454329769863752,0.099251170511673315,0.0060933279166999321
672,1517157286861932350,-5.3128826389358448,-3.2062077095482988,-1.0719633532024431,0.024514053836378821,-0.015178906302627332,0.75199860937160978,0.65853379068285445,-8.3041750750087537,5.2320943474258641,-0.29035818321061813,9.8192893231292295,0.014241070553547524,0.00083061484332840258,0.0088002604136613125,0.10252128211871117,0.20838674776498467,-0.013629294781014824,0.76284866824252129,0.061922471818395018,-9.779095485618523,-6.3438818959498606,-4.0329496150202626,-2.1279723931953467,0.0032914659032678641,-0.0013188975568313535,0.76886948714721159,0.63939591685858244,-10.772248781634296,3.3896171028418225,-2.7793382383701517,0.0084595108577544542,-0.02606201221065705,-0.012116854326206952,0.36455378025708784,-0.16879672796168038,0.34875445959370099,0.76139652055894391,0.060782075327771017,-9.7792158109840113,1,11.62994277546394,0.17373628054587864,0.17375904703240075,0.16084873053646648,0.0023329059806364762,0.0023329064288049933,0.0023329898776229402,0.24648446307624058,0.24648659325478561,0.24645713005929246,2.1841587437123744,0.083102292915386525,-2.4680737066255425,-1.8424772445840416,-2.4889800551595336,0.2718370868812735,0.2718717857372327,0.25088999344513346,0.14539108018777447,0.008808575228883642,0.077230224709171597,0.0062934684144537187
673,1517157286962792469,-7.4234047934042602,-3.6908581170577164,-2.4143954304862167,0.012460752902613111,-0.0061096394474026948,0.77358671566690984,0.63353847182835499,-10.657237634216873,3.4369300480633798,-2.8878873210361733,11.564129683052283,0.0084595108577544542,-0.02606201221065705,-0.012116854326206952,0.36455378025708784,-0.16879672796168038,0.34875445959370099,0.76139652055894391,0.060782075327771017,-9.7792158109840113,-6.9660217144102763,-3.5409587413998831,-2.0955940965593616,0.0062940202355258757,-0.011846679296097257,0.76581550009161015,0.64292041600680894,-9.7222110839534253,3.7541995088939548,-2.2101796103301337,0.023024371215723975,-0.026198900295382591,-0.00013585126863870089,0.31392531243904498,0.07822289640213087,0.17702896636651291,0.76237802610441419,0.061087186956964634,-9.7791374415590901,1,10.653651778777336,0.1371727651289108,0.13718283525534733,0.12313953106359113,0.002257555758762784,0.0022575494187915212,0.0022577734803010036,0.24318113034034727,0.24318515752302214,0.24309296237259143,0.79382701360734187,0.023799169979175847,0.93502655026344783,0.31726946083057506,0.67770771070603963,0.20064063945368762,0.20065897670673935,0.17865947306397334,0.11125691898147994,0.0085445886536082583,0.063681508794584493,0.0062522477930202092
674,1517157287063591314,-7.947202789915397,-3.159751184646129,-2.3125936978685813,0.0033405343945757137,-0.010103295760514896,0.76651716315583451,0.64213565765519265,-9.7508887106996518,3.7947528600227747,-2.1244338097166358,10.676759757949416,0.023024371215723975,-0.026198900295382591,-0.00013585126863870089,0.31392531243904498,0.07822289640213087,0.17702896636651291,0.76237802610441419,0.061087186956964634,-9.7791374415590901,-7.6756997599427637,-3.3507000529568693,-2.1041178348486382,0.0058407519086624499,-0.0092481477883645507,0.76400285595304507,0.64512013879216135,-9.1980916285532999,3.4114233353640038,-1.7099872462260344,0.024056432410890938,-0.028290448697166244,0.0042628468811391658,0.47171495878603559,0.2442126277748253,0.0097522959382154162,0.76316950284718932,0.060559336495186238,-9.7790789891833505,1,9.9582506075406663,0.12078331632858755,0.12079503102614841,0.10418160586386221,0.0021674630437555462,0.0021674522463111727,0.0021679639073199529,0.23796907398160391,0.23797492894201452,0.23772393696114172,0.73478837154196386,0.0077671864235603896,0.55279708214635193,-0.3833295246587709,0.41444656349060138,0.16836579777794336,0.16838205987605229,0.14314423606637089,0.092301673610540771,0.0088284616142830594,0.055611123403510127,0.0065830878610027331
675,1517157287164451433,-8.5970052070707226,-3.0066518308342731,-2.280486231547429,0.0061287755883576572,-0.0090882230106790769,0.76255919143691198,0.64682557298500432,-9.1018046893527522,3.4148713491850677,-1.7409165228271002,9.8759802183915504,0.024056432410890938,-0.028290448697166244,0.0042628468811391658,0.47171495878603559,0.2442126277748253,0.0097522959382154162,0.76316950284718932,0.060559336495186238,-9.7790789891833505,-8.333991045532672,-3.2070952796691117,-1.9164386468752013,0.017560913718603955,-0.0073237321202459064,0.75523701314900105,0.65517557282531125,-8.5447677546751759,3.0005206446324348,-1.0426659409206689,0.016928153230840542,-0.022912762722562496,0.018722956105026455,0.66876736738395437,0.43762296382603577,-0.3579646293306295,0.764165542217766,0.059873037131360468,-9.7790054322263114,1,9.1161029165185532,0.11300416695606494,0.11301455275253629,0.095378720235789291,0.0020643033249676374,0.0020642904799481479,0.0020652941658360451,0.23037203876805493,0.23037971524832157,0.22977813186718463,0.69942349488204303,0.035722586890662975,0.55703693467757631,-0.4143507045526329,0.6982505819064313,0.15278244938248642,0.15279799105492287,0.12617466951692893,0.081874463168002648,0.0088341677369052005,0.051061872168011904,0.0066189830066782224
676,1517157287265311314,-9.1903161864952541,-2.9054514708665877,-2.0186897043986129,0.015601813518410026,-0.010129627353762015,0.75330450068063426,0.65740877946595089,-8.4112753625856858,2.9992837002335704,-1.0223006470631169,8.988345484721501,0.016928153230840542,-0.022912762722562496,0.018722956105026455,0.66876736738395437,0.43762296382603577,-0.3579646293306295,0.764165542217766,0.059873037131360468,-9.7790054322263114,-8.7872903496409975,-3.0428794700753086,-1.6166384664876474,0.031628386110838791,-0.0067180919490566855,0.74775063370175954,0.66319190452779597,-7.5672062217887923,2.6970217993217234,-0.25938004624123279,0.007004115889834411,-0.013242666526312534,0.029729771834342566,0.85709484791277968,0.83996722257293199,-0.85844700207777636,0.76598722237638461,0.05933849358116932,-9.7788661673189718,1,8.0376498180428158,0.11051166235345944,0.11052054604650802,0.092051125668921027,0.0019505314376166165,0.0019505200348395003,0.001952311283641806,0.2201124013267336,0.22012209344960201,0.21883736376855686,0.56773870696478868,0.035697422215467858,0.84406914079689344,-0.30226190091184701,0.76292060082188407,0.14697697703665996,0.1469907171709734,0.11898397354235599,0.076764472027432834,0.0089298771312742893,0.048932215875929268,0.0066853703968993523
677,1517157287366171433,-9.5396906911928738,-2.7736640263027788,-1.6365774740302146,0.03157724888237165,-0.0042251475968651626,0.74637213682113479,0.6647658676991911,-7.3667698653972513,2.6397680859602879,-0.13366781219595497,7.826591907171137,0.007004115889834411,-0.013242666526312534,0.029729771834342566,0.85709484791277968,0.83996722257293199,-0.85844700207777636,0.76598722237638461,0.05933849358116932,-9.7788661673189718,-9.5396906911928738,-2.7736640263027788,-1.6365774740302146,0.03157724888237165,-0.0042251475968651626,0.74637213682113479,0.6647658676991911,-7.3667698653972513,2.6397680859602879,-0.13366781219595497,0.007004115889834411,-0.013242666526312534,0.029729771834342566,0.85709484791277968,0.83996722257293199,-0.85844700207777636,0.76598722237638461,0.05933849358116932,-9.7788661673189718,0,7.826591907171137,0.14664841303323409,0.14670620039435311,0.11678065113230622,0.0019505314376186118,0.0019505200348414956,0.0019523112836438013,0.22011240132753143,0.22012209345039985,0.2188373637693547,0.79936274191058143,0.0065099952775943132,0,0,0,0.14664841303323409,0.14670620039435311,0.11678065113230622,0.074974956456627218,0.0092034899975836238,0.074974956456627218,0.0092034899975836238
678,1517157287467032267,-10.274937066718866,-2.5111255051295407,-1.647826507446426,0.029561367950470312,-0.0048586926100406677,0.74555065962511791,0.66577528683751019,-7.1965751946549164,2.5903761515419252,-0.095268022528380458,7.6491711403861311,0.007004115889834411,-0.013242666526312534,0.029729771834342566,0.85709484791277968,0.83996722257293199,-0.85844700207777636,0.76598722237638461,0.05933849358116932,-9.7788661673189718,-9.6434439795399776,-3.3421148574454782,-2.2050898691744378,0.041482692408988463,-0.0018989830278834949,0.73802756879454479,0.67349156475279903,-5.9615639633226065,0.98919430994249469,-1.1409999268320283,0.0046709329598874846,-0.025366027192767544,0.045003807120426911,2.1472572262012104,1.4968138263729494,-0.11341677031896757,0.76894899227558744,0.054924400513454166,-9.7786595071874061,1,6.1498480554108044,0.12433530939209936,0.12440715367866248,0.10109503242356149,0.0017867815928396043,0.0017867768845457447,0.0017922286697321021,0.19568008828789885,0.19569488681159114,0.19159311661782411,0.81062163535294596,0.031578704026497852,1.2350112313323098,-1.6011818415994306,-1.0457319043036479,0.18995140328324694,0.19006909144951747,0.14599716120919343,0.11031902194814365,0.012066383203687055,0.060396104826949668,0.008009139975398297
679,1517157287567892386,-10.224792548668727,-3.2554992608252213,-2.3163002859077193,0.049830393764464048,0.0042684537094237005,0.73688314912201391,0.67416758799294962,-5.6506482410008516,0.76108599761846429,-1.0825527087179272,5.8035332174847962,0.0046709329598874846,-0.025366027192767544,0.045003807120426911,2.1472572262012104,1.4968138263729494,-0.11341677031896757,0.76894899227558744,0.054924400513454166,-9.7786595071874061,-9.5513315591104817,-3.5186005607349649,-2.4145180421725154,0.05320013702112656,0.014740292458710984,0.72917325415175882,0.68209884520419639,-4.3490478619249826,0.28093522150612393,-1.274766783621585,0.0044295631927383393,-0.040379506251282359,0.060890928854550469,2.6972247832835508,2.3573583463334904,-0.0034410911582844483,0.7724692475708459,0.053340634138370258,-9.7783908204932732,1,4.5407237591183502,0.1143736417835869,0.1144711365298276,0.094155867678407792,0.0016329755044406224,0.0016329839115208347,0.0016401893334991075,0.17648828168977135,0.1765054052366575,0.16934243759050621,0.28894992837562294,0.0476098696092793,1.301600379075869,-0.48015077611234036,-0.19221407490365783,0.16252100991272969,0.1626816663788643,0.12771500021499216,0.090530801884149914,0.010725959296297591,0.053847791964714106,0.0075258581667991742
680,1517157287668752266,-9.9703369474674535,-3.5000622837656037,-2.5490955352668214,0.048048715907603519,0.01622493777333046,0.73068151340591014,0.68083228350360214,-3.8212401058144825,0.067506355927004491,-1.2980557360335947,4.0362583847203508,0.0044295631927383393,-0.040379506251282359,0.060890928854550469,2.6972247832835508,2.3573583463334904,-0.0034410911582844483,0.7724692475708459,0.053340634138370258,-9.7783908204932732,-9.5629501423188596,-3.6629351357656801,-2.4143485904814939,0.049336779489290238,0.021841160114059236,0.72653229030590349,0.6850107130967763,-3.0351462667619069,-0.23826747657476366,-1.0541911913700237,0.0049562271730003733,-0.049126860471334528,0.069315929414437635,3.0305479338198631,2.8964770250361611,-0.24432418756965946,0.77478052217002036,0.052327053663452937,-9.7782134371223925,1,3.2218322921893674,0.10792083001834066,0.10849613859014198,0.090614297263650639,0.0014881978728546726,0.0014882229446518856,0.0014971610762147642,0.15940184787354936,0.15941813877939107,0.14908151927995769,0.14480155295763494,0.017977993393719076,0.78609383905257557,-0.30577383250176815,0.24386454466357099,0.1484890335170935,0.14929365306354206,0.11960283241733244,0.081476650199020312,0.010058814703844015,0.050613965337376769,0.0072348581558684295
681,1517157287769612385,-9.854903656954118,-3.7018304074565345,-2.5247685008716512,0.053012000029240398,0.029898251278258244,0.72214110493473915,0.68906316618074681,-2.7518321312135794,-0.51663424655981582,-1.1354545616765062,3.0213818171045324,0.0049562271730003733,-0.049126860471334528,0.069315929414437635,3.0305479338198631,2.8964770250361611,-0.24432418756965946,0.77478052217002036,0.052327053663452937,-9.7782134371223925,-9.4922946736514344,-3.6538968734807376,-2.1417087962164145,0.054178224369773452,0.033363889619325494,0.71927524489190742,0.69180538662205737,-2.0429566199893094,-0.42999879644361277,-0.41810632987519358,0.0065535888402144769,-0.050908093020388762,0.0750230943734434,3.0121865258098706,3.423981990431562,-0.88021469918918738,0.77704897597955858,0.052568547094314612,-9.7780321351888357,1,2.1291743984894245,0.10244522761528002,0.10285018792564915,0.087424175204049853,0.0013524924751674014,0.0013525393021544957,0.0013637545087420667,0.14354986569386882,0.14356044334526538,0.12999911171393733,0.281791310821767,0.031940607451513468,0.70887551122426995,0.08663545011620305,0.71734823180131257,0.13902492883914661,0.13965675110895051,0.11426806154035989,0.0767477833055384,0.0094908431879777103,0.048846268035911987,0.0068746754325583271
682,1517157287870472265,-9.6721097858138236,-3.7060602807940999,-2.1802725163827019,0.042398650473477469,0.036676956083845497,0.71667685949119808,0.69514849809251911,-1.4985032626765091,-0.68994841985075483,-0.38837889257809149,1.6948094330947303,0.0065535888402144769,-0.050908093020388762,0.0750230943734434,3.0121865258098706,3.423981990431562,-0.88021469918918738,0.77704897597955858,0.052568547094314612,-9.7780321351888357,-9.6721097858138236,-3.7060602807940999,-2.1802725163827019,0.042398650473477469,0.036676956083845497,0.71667685949119808,0.69514849809251911,-1.4985032626765091,-0.68994841985075483,-0.38837889257809149,0.0065535888402144769,-0.050908093020388762,0.0750230943734434,3.0121865258098706,3.423981990431562,-0.88021469918918738,0.77704897597955858,0.052568547094314612,-9.7780321351888357,0,1.6948094330947303,0.13267772214439735,0.13395367632098132,0.1102876261437806,0.0013524924751694043,0.0013525393021564986,0.0013637545087440697,0.1435498656946696,0.14356044334606616,0.1299991117147381,0.19115871975292176,0.025897112903999705,0,0,0,0.13267772214439735,0.13395367632098132,0.1102876261437806,0.074119718716164379,0.0094453210727184263,0.074119718716164379,0.0094453210727184263
683,1517157287971332384,-9.8002836915065927,-3.7859067250831915,-2.2177784833089542,0.037078781680155909,0.032938629119757888,0.71220595208947668,0.70021631833966025,-1.0206448869578932,-0.90366700200305816,-0.33346971787724838,1.4034001883011196,0.0065535888402144769,-0.050908093020388762,0.0750230943734434,3.0121865258098706,3.423981990431562,-0.88021469918918738,0.77704897597955858,0.052568547094314612,-9.7780321351888357,-9.4881146235044724,-3.9724757116190292,-0.72496525478455276,0.056740753557729451,0.016786608600053959,0.71185638978135224,0.69982796241995726,-0.3937942912349337,-1.3609129170510514,2.3723428140288672,0.0060768617614478269,-0.015345187029854282,0.074044927029555008,3.0776589914675241,3.7496197140349077,-3.1779979255127406,0.77951231813782085,0.052171140871247454,-9.777838192460111,1,2.7631808371657529,0.10790631755444755,0.10924231873510022,0.09128781200475472,0.0011924501084430955,0.0011925528748361516,0.0012132666813257807,0.12068551979459848,0.12066565765000938,0.10132123553966171,1.4908892068813098,0.05085237406400589,0.62685059572295954,-0.45724591504799328,2.7058125319061155,0.16941371826956528,0.17180791158999478,0.1363127417927362,0.10762704903683039,0.012597028628584308,0.059027567750314522,0.0082083818995278262
684,1517157288072131468,-9.4940377840728729,-4.1271338573057532,-0.47200031656326125,0.058840012994167919,0.016679938641519499,0.71154227760742039,0.69997658510482108,0.26989739177494454,-1.7018111076941913,2.6085583082104549,3.1262728760765652,0.0060768617614478269,-0.015345187029854282,0.074044927029555008,3.0776589914675241,3.7496197140349077,-3.1779979255127406,0.77951231813782085,0.052171140871247454,-9.777838192460111,-9.4940377840728729,-4.1271338573057532,-0.47200031656326125,0.058840012994167919,0.016679938641519499,0.71154227760742039,0.69997658510482108,0.26989739177494454,-1.7018111076941913,2.6085583082104549,0.0060768617614478269,-0.015345187029854282,0.074044927029555008,3.0776589914675241,3.7496197140349077,-3.1779979255127406,0.77951231813782085,0.052171140871247454,-9.777838192460111,0,3.1262728760765652,0.14076341056784314,0.14374112831847538,0.11375203225207421,0.0011924501084450674,0.0011925528748381235,0.0012132666813277526,0.12068551979538678,0.12066565765079768,0.10132123554045001,0.29655604163071236,0.0042609977886376845,0,0,0,0.14076341056784314,0.14374112831847538,0.11375203225207421,0.08669682989895823,0.011646689013019967,0.08669682989895823,0.011646689013019967
685,1517157288172991348,-9.4402707394042054,-4.3120823148240008,-0.19544544095040672,0.057848447867728928,0.021010589795160527,0.71169353129301427,0.69978884651831563,0.8578983155338642,-2.0071914297521505,2.9378655970722889,3.6600356858816609,0.0060768617614478269,-0.015345187029854282,0.074044927029555008,3.0776589914675241,3.7496197140349077,-3.1779979255127406,0.77951231813782085,0.052171140871247454,-9.777838192460111,-9.5253375274975678,-4.3969857036960054,1.6089414010254874,0.061780884167925154,-0.013894443520632434,0.71572622618105064,0.6955041595470971,0.65370839366932276,-2.2983721314147534,6.0450869296337952,0.032959611360054861,0.022712209998397716,0.06499892291476618,2.9169064448779882,3.6879418172907266,-5.5224739314364371,0.78070014732597359,0.052569998497402931,-9.7777412869856217,1,6.5002250042015515,0.10740752978752011,0.11006605665173676,0.085921328103630443,0.0010238776634435216,0.0010243195983568069,0.0010589746510502726,0.099504173697539278,0.099399229670413911,0.073722427496422452,2.0985990862811055,0.062642789940776558,-0.20418992186454143,-0.2911807016626029,3.1072213325615063,0.18307207440276671,0.18810399899252414,0.1392578701016437,0.12363859840234107,0.015947165536113805,0.06184678448049797,0.010038236600663905
686,1517157288273851467,-9.435194906405016,-4.6499535601959723,2.2375665212043785,0.067063545823224449,-0.015993745297262989,0.71381603299265661,0.69693138254465992,1.1426846206613634,-2.7250352712218699,6.469066966570546,7.1119879632683229,0.032959611360054861,0.022712209998397716,0.06499892291476618,2.9169064448779882,3.6879418172907266,-5.5224739314364371,0.78070014732597359,0.052569998497402931,-9.7777412869856217,-9.435194906405016,-4.6499535601959723,2.2375665212043785,0.067063545823224449,-0.015993745297262989,0.71381603299265661,0.69693138254465992,1.1426846206613634,-2.7250352712218699,6.469066966570546,0.032959611360054861,0.022712209998397716,0.06499892291476618,2.9169064448779882,3.6879418172907266,-5.5224739314364371,0.78070014732597359,0.052569998497402931,-9.7777412869856217,0,7.1119879632683229,0.14280185298661047,0.14597713033198084,0.10498563842789808,0.0010238776634454987,0.0010243195983587841,0.0010589746510522497,0.099504173698329729,0.099399229671204362,0.073722427497212903,0.68358464748672376,0.01232874785946155,0,0,0,0.14280185298661047,0.14597713033198084,0.10498563842789808,0.089598365202196453,0.013958860300128759,0.089598365202196453,0.013958860300128759
687,1517157288374711348,-9.2969550431338348,-4.9422323685674314,2.9182177488819971,0.061890583319555985,-0.020351468594818768,0.7080202037392862,0.70318046369291365,1.658351154218888,-3.1308632535596548,7.0080212145404008,7.8526934619044937,0.032959611360054861,0.022712209998397716,0.06499892291476618,2.9169064448779882,3.6879418172907266,-5.5224739314364371,0.78070014732597359,0.052569998497402931,-9.7777412869856217,-9.2969550431338348,-4.9422323685674314,2.9182177488819971,0.061890583319555985,-0.020351468594818768,0.7080202037392862,0.70318046369291365,1.658351154218888,-3.1308632535596548,7.0080212145404008,0.032959611360054861,0.022712209998397716,0.06499892291476618,2.9169064448779882,3.6879418172907266,-5.5224739314364371,0.78070014732597359,0.052569998497402931,-9.7777412869856217,0,7.8526934619044937,0.19000611544665705,0.1940888712407598,0.12694284193000066,0.0010238776634474954,0.0010243195983607807,0.0010589746510542464,0.099504173699127868,0.099399229672002501,0.073722427498011042,0.75354048023933284,0.021761719914284126,0,0,0,0.19000611544665705,0.1940888712407598,0.12694284193000066,0.12733177359513934,0.018928022550825683,0.12733177359513934,0.018928022550825683
688,1517157288475571467,-9.1040033914404663,-5.2788885994142154,3.6495551569928715,0.051866136700904696,-0.027105410519575796,0.69870630120816624,0.71301101340462758,2.1966045025812084,-3.5841729202563983,7.5142814299771761,8.6102144149817299,0.032959611360054861,0.022712209998397716,0.06499892291476618,2.9169064448779882,3.6879418172907266,-5.5224739314364371,0.78070014732597359,0.052569998497402931,-9.7777412869856217,-9.1040033914404663,-5.2788885994142154,3.6495551569928715,0.051866136700904696,-0.027105410519575796,0.69870630120816624,0.71301101340462758,2.1966045025812084,-3.5841729202563983,7.5142814299771761,0.032959611360054861,0.022712209998397716,0.06499892291476618,2.9169064448779882,3.6879418172907266,-5.5224739314364371,0.78070014732597359,0.052569998497402931,-9.7777412869856217,0,8.6102144149817299,0.24889150588319492,0.25388222426955509,0.15265545751028856,0.0010238776634494985,0.0010243195983627839,0.0010589746510562496,0.099504173699928616,0.099399229672803249,0.073722427498811791,0.8279022660685823,0.036304423813189886,0,0,0,0.24889150588319492,0.25388222426955509,0.15265545751028856,0.17754236891593589,0.024743311119008862,0.17754236891593589,0.024743311119008862
689,1517157288576431347,-8.8528192741923348,-5.6633620980822661,4.4312965107097044,0.033713620492283526,-0.036487759204032889,0.66511754358652742,0.74508434987925865,2.8269953775025636,-4.0748706387779405,8.0256990192486306,9.4344219926163913,0.032959611360054861,0.022712209998397716,0.06499892291476618,2.9169064448779882,3.6879418172907266,-5.5224739314364371,0.78070014732597359,0.052569998497402931,-9.7777412869856217,-8.8528192741923348,-5.6633620980822661,4.4312965107097044,0.033713620492283526,-0.036487759204032889,0.66511754358652742,0.74508434987925865,2.8269953775025636,-4.0748706387779405,8.0256990192486306,0.032959611360054861,0.022712209998397716,0.06499892291476618,2.9169064448779882,3.6879418172907266,-5.5224739314364371,0.78070014732597359,0.052569998497402931,-9.7777412869856217,0,9.4344219926163913,0.32202910369316712,0.32883928527470846,0.18377137210692249,0.0010238776634514857,0.001024319598364771,0.0010589746510582367,0.099504173700722967,0.0993992296735976,0.073722427499606141,0.90666028701316859,0.10148888346372387,0,0,0,0.32202910369316712,0.32883928527470846,0.18377137210692249,0.24380988384769053,0.031643153967408258,0.24380988384769053,0.031643153967408258
690,1517157288677291466,-8.534146801083299,-6.0997095645944839,5.2635962456910246,0.023309245556359069,-0.042150318487621033,0.62450473290043418,0.77953439199816321,3.5678948441864078,-4.6063351263065275,8.4860513352746754,10.293748791375007,0.032959611360054861,0.022712209998397716,0.06499892291476618,2.9169064448779882,3.6879418172907266,-5.5224739314364371,0.78070014732597359,0.052569998497402931,-9.7777412869856217,-8.534146801083299,-6.0997095645944839,5.2635962456910246,0.023309245556359069,-0.042150318487621033,0.62450473290043418,0.77953439199816321,3.5678948441864078,-4.6063351263065275,8.4860513352746754,0.032959611360054861,0.022712209998397716,0.06499892291476618,2.9169064448779882,3.6879418172907266,-5.5224739314364371,0.78070014732597359,0.052569998497402931,-9.7777412869856217,0,10.293748791375007,0.40834456465301305,0.41841798801502744,0.22199846462934808,0.0010238776634534587,0.0010243195983667441,0.0010589746510602097,0.099504173701511683,0.099399229674386316,0.073722427500394858,0.99230746520372193,0.10912854785159654,0,0,0,0.40834456465301305,0.41841798801502744,0.22199846462934808,0.3294115827243656,0.039513552494308823,0.3294115827243656,0.039513552494308823
691,1517157288778151346,-8.1473634284179823,-6.5888288851290824,6.1451757163352392,0.034048066300416555,-0.033353428344061159,0.61964480005669209,0.78343385155455592,4.0901989639582856,-5.136335668114814,9.0316589564947325,11.166133402693406,0.032959611360054861,0.022712209998397716,0.06499892291476618,2.9169064448779882,3.6879418172907266,-5.5224739314364371,0.78070014732597359,0.052569998497402931,-9.7777412869856217,-8.1473634284179823,-6.5888288851290824,6.1451757163352392,0.034048066300416555,-0.033353428344061159,0.61964480005669209,0.78343385155455592,4.0901989639582856,-5.136335668114814,9.0316589564947325,0.032959611360054861,0.022712209998397716,0.06499892291476618,2.9169064448779882,3.6879418172907266,-5.5224739314364371,0.78070014732597359,0.052569998497402931,-9.7777412869856217,0,11.166133402693406,0.51618036071088658,0.52632268685330086,0.26229747863154595,0.0010238776634554296,0.0010243195983687149,0.0010589746510621806,0.099504173702299484,0.099399229675174117,0.073722427501182658,1.0798247312188762,0.030432663153444818,0,0,0,0.51618036071088658,0.52632268685330086,0.26229747863154595,0.43891997189954907,0.048500093890569113,0.43891997189954907,0.048500093890569113
692,1517157288879011465,-7.7194287871404903,-7.1337460693027186,7.0838727845177978,0.049854046102687836,-0.036348877445335763,0.63750373127356885,0.76797286788527608,4.4206245020793142,-5.6868246945672709,9.5818992169260735,11.987271945628523,0.032959611360054861,0.022712209998397716,0.06499892291476618,2.9169064448779882,3.6879418172907266,-5.5224739314364371,0.78070014732597359,0.052569998497402931,-9.7777412869856217,-7.7194287871404903,-7.1337460693027186,7.0838727845177978,0.049854046102687836,-0.036348877445335763,0.63750373127356885,0.76797286788527608,4.4206245020793142,-5.6868246945672709,9.5818992169260735,0.032959611360054861,0.022712209998397716,0.06499892291476618,2.9169064448779882,3.6879418172907266,-5.5224739314364371,0.78070014732597359,0.052569998497402931,-9.7777412869856217,0,11.987271945628523,0.64711649229860235,0.65161608624723399,0.30416541566309241,0.00102387766345741,0.0010243195983706953,0.001058974651064161,0.099504173703091114,0.099399229675965747,0.073722427501974289,1.1667111813244748,0.057160852126136912,0,0,0,0.64711649229860235,0.65161608624723399,0.30416541566309241,0.5766162032357639,0.058481823490307401,0.5766162032357639,0.058481823490307401
693,1517157288979871346,-7.2557704922838848,-7.724118957967149,8.0715250798692963,0.053254718021510432,-0.028666173521709252,0.63672941124736315,0.76871180708810627,4.7487050775651918,-6.0427933003752354,10.06393938864829,12.662875929390596,0.032959611360054861,0.022712209998397716,0.06499892291476618,2.9169064448779882,3.6879418172907266,-5.5224739314364371,0.78070014732597359,0.052569998497402931,-9.7777412869856217,-7.2557704922838848,-7.724118957967149,8.0715250798692963,0.053254718021510432,-0.028666173521709252,0.63672941124736315,0.76871180708810627,4.7487050775651918,-6.0427933003752354,10.06393938864829,0.032959611360054861,0.022712209998397716,0.06499892291476618,2.9169064448779882,3.6879418172907266,-5.5224739314364371,0.78070014732597359,0.052569998497402931,-9.7777412869856217,0,12.662875929390596,0.79157521049706658,0.79409894908931211,0.34457559015382161,0.0010238776634594116,0.001024319598372697,0.0010589746510661626,0.099504173703891308,0.099399229676765941,0.073722427502774482,1.2405548027283611,0.016939249162270544,0,0,0,0.79157521049706658,0.79409894908931211,0.34457559015382161,0.7439440353897081,0.069046985739469491,0.7439440353897081,0.069046985739469491
694,1517157289080669476,-6.7613338113880106,-8.3600415149278504,9.1152496933052181,0.021745304094957205,-0.02031028612755225,0.62589913255654916,0.77933619824322053,5.1242526532918662,-6.6808152569742072,10.613670459117099,13.547739972678951,0.032959611360054861,0.022712209998397716,0.06499892291476618,2.9169064448779882,3.6879418172907266,-5.5224739314364371,0.78070014732597359,0.052569998497402931,-9.7777412869856217,-6.7613338113880106,-8.3600415149278504,9.1152496933052181,0.021745304094957205,-0.02031028612755225,0.62589913255654916,0.77933619824322053,5.1242526532918662,-6.6808152569742072,10.613670459117099,0.032959611360054861,0.022712209998397716,0.06499892291476618,2.9169064448779882,3.6879418172907266,-5.5224739314364371,0.78070014732597359,0.052569998497402931,-9.7777412869856217,0,13.547739972678951,0.97590201246360442,0.96800878243153921,0.40016861190258141,0.0010238776634614128,0.0010243195983746982,0.0010589746510681639,0.099504173704691321,0.099399229677565953,0.073722427503574495,1.3184180666839822,0.071915949653468939,0,0,0,0.97590201246360442,0.96800878243153921,0.40016861190258141,0.95571213361496554,0.081793807214109379,0.95571213361496554,0.081793807214109379
695,1517157289181529356,-6.2216778037865881,-9.0707080063965133,10.205014510928017,0.0009344861635216424,-0.024760146777671285,0.59028238892138118,0.8068164371134412,5.5676952246177986,-7.4563600198184066,11.028024797470348,14.429617659279787,0.032959611360054861,0.022712209998397716,0.06499892291476618,2.9169064448779882,3.6879418172907266,-5.5224739314364371,0.78070014732597359,0.052569998497402931,-9.7777412869856217,-6.2216778037865881,-9.0707080063965133,10.205014510928017,0.0009344861635216424,-0.024760146777671285,0.59028238892138118,0.8068164371134412,5.5676952246177986,-7.4563600198184066,11.028024797470348,0.032959611360054861,0.022712209998397716,0.06499892291476618,2.9169064448779882,3.6879418172907266,-5.5224739314364371,0.78070014732597359,0.052569998497402931,-9.7777412869856217,0,14.429617659279787,1.1789717141283118,1.1550778474155459,0.47168192997549763,0.0010238776634633963,0.0010243195983766816,0.0010589746510701473,0.099504173705484145,0.099399229678358778,0.073722427504367319,1.4084966547227356,0.099541321252421266,0,0,0,1.1789717141283118,1.1550778474155459,0.47168192997549763,1.2111850624409219,0.095518717816583804,1.2111850624409219,0.095518717816583804
696,1517157289282389475,-5.6340247969751385,-9.8664218442787863,11.343838348030447,-0.00421850345427439,-0.014428789984810167,0.54840818351976239,0.8360756416118923,6.0491281754340873,-8.381778353875907,11.594963483460583,15.533490858114206,0.032959611360054861,0.022712209998397716,0.06499892291476618,2.9169064448779882,3.6879418172907266,-5.5224739314364371,0.78070014732597359,0.052569998497402931,-9.7777412869856217,-5.6340247969751385,-9.8664218442787863,11.343838348030447,-0.00421850345427439,-0.014428789984810167,0.54840818351976239,0.8360756416118923,6.0491281754340873,-8.381778353875907,11.594963483460583,0.032959611360054861,0.022712209998397716,0.06499892291476618,2.9169064448779882,3.6879418172907266,-5.5224739314364371,0.78070014732597359,0.052569998497402931,-9.7777412869856217,0,15.533490858114206,1.4379800899657493,1.3871155946586005,0.564220949846437,0.0010238776634653676,0.0010243195983786529,0.0010589746510721186,0.099504173706272209,0.099399229679146842,0.073722427505155383,1.5084483087479585,0.10475624127588544,0,0,0,1.4379800899657493,1.3871155946586005,0.564220949846437,1.5316375180911523,0.1119764602666431,1.5316375180911523,0.1119764602666431
697,1517157289383249355,-5.0101587165643577,-10.753110178225457,12.541241634265731,0.0092830292655794247,0.012334535354617837,0.53425789056291928,0.84518056708404143,6.2751850082785898,-9.2297896845463914,12.175156618113668,16.516700735458048,0.032959611360054861,0.022712209998397716,0.06499892291476618,2.9169064448779882,3.6879418172907266,-5.5224739314364371,0.78070014732597359,0.052569998497402931,-9.7777412869856217,-5.0101587165643577,-10.753110178225457,12.541241634265731,0.0092830292655794247,0.012334535354617837,0.53425789056291928,0.84518056708404143,6.2751850082785898,-9.2297896845463914,12.175156618113668,0.032959611360054861,0.022712209998397716,0.06499892291476618,2.9169064448779882,3.6879418172907266,-5.5224739314364371,0.78070014732597359,0.052569998497402931,-9.7777412869856217,0,16.516700735458048,1.7322934508299932,1.6397199299983101,0.65798455727123173,0.0010238776634673389,0.0010243195983806242,0.0010589746510740899,0.099504173707060259,0.099399229679934892,0.073722427505943433,1.6153017420071367,0.068755038022428189,0,0,0,1.7322934508299932,1.6397199299983101,0.65798455727123173,1.9123772786794351,0.1294164647919637,1.9123772786794351,0.1294164647919637
698,1517157289484109474,-4.3778795857662072,-11.726689147822082,13.792859926191154,0.0095052998119233064,0.025093966421489936,0.54388901945912072,0.83872801111952888,6.2424876931864466,-10.138327443964414,12.629907696204583,17.357099538093166,0.032959611360054861,0.022712209998397716,0.06499892291476618,2.9169064448779882,3.6879418172907266,-5.5224739314364371,0.78070014732597359,0.052569998497402931,-9.7777412869856217,-4.3778795857662072,-11.726689147822082,13.792859926191154,0.0095052998119233064,0.025093966421489936,0.54388901945912072,0.83872801111952888,6.2424876931864466,-10.138327443964414,12.629907696204583,0.032959611360054861,0.022712209998397716,0.06499892291476618,2.9169064448779882,3.6879418172907266,-5.5224739314364371,0.78070014732597359,0.052569998497402931,-9.7777412869856217,0,17.357099538093166,2.0524821438875471,1.8919140290797487,0.76159640566835896,0.0010238776634693221,0.0010243195983826075,0.0010589746510760731,0.099504173707853041,0.099399229680727674,0.073722427506736216,1.7070973194185515,0.034482109615881766,0,0,0,2.0524821438875471,1.8919140290797487,0.76159640566835896,2.3529042628329186,0.14737686298454233,2.3529042628329186,0.14737686298454233
699,1517157289584969355,-3.7392410002147303,-12.790906569474954,15.093970169018329,0.0038676607673423635,0.024124299506722929,0.54955701350751707,0.83509888532927534,6.4139133333794671,-11.03018662679294,13.205984049672388,18.363042122431299,0.032959611360054861,0.022712209998397716,0.06499892291476618,2.9169064448779882,3.6879418172907266,-5.5224739314364371,0.78070014732597359,0.052569998497402931,-9.7777412869856217,-3.7392410002147303,-12.790906569474954,15.093970169018329,0.0038676607673423635,0.024124299506722929,0.54955701350751707,0.83509888532927534,6.4139133333794671,-11.03018662679294,13.205984049672388,0.032959611360054861,0.022712209998397716,0.06499892291476618,2.9169064448779882,3.6879418172907266,-5.5224739314364371,0.78070014732597359,0.052569998497402931,-9.7777412869856217,0,18.363042122431299,2.4458347711481516,2.2159819367401208,0.88358030042024038,0.0010238776634713259,0.0010243195983846113,0.0010589746510780769,0.099504173708654095,0.099399229681528728,0.073722427507537269,1.7981395461683354,0.017665836603028593,0,0,0,2.4458347711481516,2.2159819367401208,0.88358030042024038,2.8921172125529417,0.16847376887871854,2.8921172125529417,0.16847376887871854
700,1517157289685830427,-3.0864551099208311,-13.950387889862069,16.447361830314343,0.0041882378872194533,0.019923793202999127,0.55044484640227742,0.83462325165129347,6.5529940528405231,-11.953924905105341,13.705508602372824,19.330779025770703,0.032959611360054861,0.022712209998397716,0.06499892291476618,2.9169064448779882,3.6879418172907266,-5.5224739314364371,0.78070014732597359,0.052569998497402931,-9.7777412869856217,-3.0864551099208311,-13.950387889862069,16.447361830314343,0.0041882378872194533,0.019923793202999127,0.55044484640227742,0.83462325165129347,6.5529940528405231,-11.953924905105341,13.705508602372824,0.032959611360054861,0.022712209998397716,0.06499892291476618,2.9169064448779882,3.6879418172907266,-5.5224739314364371,0.78070014732597359,0.052569998497402931,-9.7777412869856217,0,19.330779025770703,2.8819974319694217,2.565934901339137,1.0234603211886384,0.0010238776634733278,0.0010243195983866131,0.0010589746510800788,0.099504173709454385,0.099399229682329018,0.07372242750833756,1.8979450307527432,0.0086629156465823712,0,0,0,2.8819974319694217,2.565934901339137,1.0234603211886384,3.5222850130414511,0.19097744048674342,3.5222850130414511,0.19097744048674342
701,1517157289786690308,-2.4171573551877175,-15.193932059656612,17.856183154388965,0.0066124775541000075,0.010658621292846978,0.55004307693319621,0.83504208423922821,6.7490692447786742,-12.706442888885565,14.253697956133644,20.25269196882272,0.032959611360054861,0.022712209998397716,0.06499892291476618,2.9169064448779882,3.6879418172907266,-5.5224739314364371,0.78070014732597359,0.052569998497402931,-9.7777412869856217,-2.4171573551877175,-15.193932059656612,17.856183154388965,0.0066124775541000075,0.010658621292846978,0.55004307693319621,0.83504208423922821,6.7490692447786742,-12.706442888885565,14.253697956133644,0.032959611360054861,0.022712209998397716,0.06499892291476618,2.9169064448779882,3.6879418172907266,-5.5224739314364371,0.78070014732597359,0.052569998497402931,-9.7777412869856217,0,20.25269196882272,3.3721334900807238,2.9758019900131742,1.1598616499571308,0.0010238776634753082,0.0010243195983885935,0.0010589746510820592,0.099504173710246058,0.099399229683120691,0.073722427509129232,1.9947779600467213,0.019189361026288217,0,0,0,3.3721334900807238,2.9758019900131742,1.1598616499571308,4.2617303079532158,0.215277016930494,4.2617303079532158,0.215277016930494
702,1517157289887550427,-1.723796351368188,-16.505723048948418,19.318764525305284,0.015662557745676715,-0.006380714761295485,0.54854092682598776,0.83595264361139854,7.0124719284735244,-13.316112776918908,14.772854210237064,21.088642525116953,0.032959611360054861,0.022712209998397716,0.06499892291476618,2.9169064448779882,3.6879418172907266,-5.5224739314364371,0.78070014732597359,0.052569998497402931,-9.7777412869856217,-1.723796351368188,-16.505723048948418,19.318764525305284,0.015662557745676715,-0.006380714761295485,0.54854092682598776,0.83595264361139854,7.0124719284735244,-13.316112776918908,14.772854210237064,0.032959611360054861,0.022712209998397716,0.06499892291476618,2.9169064448779882,3.6879418172907266,-5.5224739314364371,0.78070014732597359,0.052569998497402931,-9.7777412869856217,0,21.088642525116953,3.8974016827385647,3.4321998801202831,1.2913832997873214,0.0010238776634772791,0.0010243195983905644,0.0010589746510840301,0.099504173711033872,0.099399229683908505,0.073722427509917046,2.083432107786634,0.038747399284722588,0,0,0,3.8974016827385647,3.4321998801202831,1.2913832997873214,5.1111114554883015,0.24072258644016872,5.1111114554883015,0.24072258644016872
703,1517157289988410307,-1.0034318410636971,-17.874777907630772,20.833778628305495,0.02296069046501914,-0.018548750156896051,0.5456402655442808,0.83749952309106035,7.2809472548381811,-13.858102793112783,15.292942719565856,21.884544842791186,0.032959611360054861,0.022712209998397716,0.06499892291476618,2.9169064448779882,3.6879418172907266,-5.5224739314364371,0.78070014732597359,0.052569998497402931,-9.7777412869856217,-1.0034318410636971,-17.874777907630772,20.833778628305495,0.02296069046501914,-0.018548750156896051,0.5456402655442808,0.83749952309106035,7.2809472548381811,-13.858102793112783,15.292942719565856,0.032959611360054861,0.022712209998397716,0.06499892291476618,2.9169064448779882,3.6879418172907266,-5.5224739314364371,0.78070014732597359,0.052569998497402931,-9.7777412869856217,0,21.884544842791186,4.4724592570179427,3.9426522891105229,1.4230747042101608,0.0010238776634792521,0.0010243195983925374,0.0010589746510860031,0.099504173711822561,0.099399229684697193,0.073722427510705735,2.1652953530817745,0.029129658331349298,0,0,0,4.4724592570179427,3.9426522891105229,1.4230747042101608,6.0866828058420275,0.26778177652232471,6.0866828058420275,0.26778177652232471
704,1517157290089209391,-0.25694628472475384,-19.297046427961607,22.400107367213185,0.028691857757894301,-0.028813749210600811,0.54237177321591712,0.83915398156324761,7.5447676955993925,-14.377884231598776,15.813725831046249,22.665414163816116,0.032959611360054861,0.022712209998397716,0.06499892291476618,2.9169064448779882,3.6879418172907266,-5.5224739314364371,0.78070014732597359,0.052569998497402931,-9.7777412869856217,-0.25694628472475384,-19.297046427961607,22.400107367213185,0.028691857757894301,-0.028813749210600811,0.54237177321591712,0.83915398156324761,7.5447676955993925,-14.377884231598776,15.813725831046249,0.032959611360054861,0.022712209998397716,0.06499892291476618,2.9169064448779882,3.6879418172907266,-5.5224739314364371,0.78070014732597359,0.052569998497402931,-9.7777412869856217,0,22.665414163816116,5.1053204067525915,4.5098036235899475,1.5604527431618391,0.0010238776634812364,0.0010243195983945217,0.0010589746510879874,0.09950417371261587,0.099399229685490503,0.073722427511499045,2.2435405385405622,0.02462833126537102,0,0,0,5.1053204067525915,4.5098036235899475,1.5604527431618391,7.2031247778044749,0.29667670195109302,7.2031247778044749,0.29667670195109302
705,1517157290190069271,0.51711106776221061,-20.770893738896802,24.020577346022453,0.032476849870650915,-0.036639379201787947,0.53891203426343814,0.84093794624825235,7.8156648097735948,-14.871165995630387,16.346524287856319,23.440244256018392,0.032959611360054861,0.022712209998397716,0.06499892291476618,2.9169064448779882,3.6879418172907266,-5.5224739314364371,0.78070014732597359,0.052569998497402931,-9.7777412869856217,0.51711106776221061,-20.770893738896802,24.020577346022453,0.032476849870650915,-0.036639379201787947,0.53891203426343814,0.84093794624825235,7.8156648097735948,-14.871165995630387,16.346524287856319,0.032959611360054861,0.022712209998397716,0.06499892291476618,2.9169064448779882,3.6879418172907266,-5.5224739314364371,0.78070014732597359,0.052569998497402931,-9.7777412869856217,0,23.440244256018392,5.8032413865625925,5.1434202929765842,1.7029460125055986,0.0010238776634832396,0.0010243195983965249,0.0010589746510899906,0.099504173713416633,0.099399229686291266,0.073722427512299807,2.3232119216963709,0.019049373691039775,0,0,0,5.8032413865625925,5.1434202929765842,1.7029460125055986,8.4785331392603585,0.32761523698130052,8.4785331392603585,0.32761523698130052
706,1517157290290929390,1.3182510455890175,-22.29430064353479,25.694859811686303,0.0339989419709762,-0.041729935625051458,0.53572463692258232,0.84267538104049877,8.0820476114819453,-15.360784362170326,16.87985657110853,24.211624226320573,0.032959611360054861,0.022712209998397716,0.06499892291476618,2.9169064448779882,3.6879418172907266,-5.5224739314364371,0.78070014732597359,0.052569998497402931,-9.7777412869856217,1.3182510455890175,-22.29430064353479,25.694859811686303,0.0339989419709762,-0.041729935625051458,0.53572463692258232,0.84267538104049877,8.0820476114819453,-15.360784362170326,16.87985657110853,0.032959611360054861,0.022712209998397716,0.06499892291476618,2.9169064448779882,3.6879418172907266,-5.5224739314364371,0.78070014732597359,0.052569998497402931,-9.7777412869856217,0,24.211624226320573,6.5710106482356041,5.8428084915518639,1.8542260664260386,0.0010238776634852362,0.0010243195983985216,0.0010589746510919873,0.0995041737142148,0.099399229687089433,0.073722427513097974,2.401211285164313,0.012869942255815014,0,0,0,6.5710106482356041,5.8428084915518639,1.8542260664260386,9.9280288127857208,0.36064320953290818,9.9280288127857208,0.36064320953290818
707,1517157290391789271,2.1455719584034338,-23.867860825467737,27.422753551630272,0.033343831648198687,-0.04364529369922826,0.53293234849116911,0.84437337070789387,8.3281046608034295,-15.879924339187754,17.404816005901395,24.989136528878003,0.032959611360054861,0.022712209998397716,0.06499892291476618,2.9169064448779882,3.6879418172907266,-5.5224739314364371,0.78070014732597359,0.052569998497402931,-9.7777412869856217,2.1455719584034338,-23.867860825467737,27.422753551630272,0.033343831648198687,-0.04364529369922826,0.53293234849116911,0.84437337070789387,8.3281046608034295,-15.879924339187754,17.404816005901395,0.032959611360054861,0.022712209998397716,0.06499892291476618,2.9169064448779882,3.6879418172907266,-5.5224739314364371,0.78070014732597359,0.052569998497402931,-9.7777412869856217,0,24.989136528878003,7.4178218550353607,6.6067045519139525,2.0213371364146333,0.0010238776634872136,0.001024319598400499,0.0010589746510939646,0.099504173715005265,0.099399229687879898,0.073722427513888439,2.4791466909972244,0.0076883880965472927,0,0,0,7.4178218550353607,6.6067045519139525,2.0213371364146333,11.570886070162675,0.39591209575485542,11.570886070162675,0.39591209575485542
708,1517157290492649389,2.9962529874095001,-25.496355261897527,29.202998414645666,0.032621827623741828,-0.045336966420612544,0.53018852441585407,0.84603812231837372,8.5474927847538016,-16.441331976895977,17.921851435570225,25.779251132617702,0.032959611360054861,0.022712209998397716,0.06499892291476618,2.9169064448779882,3.6879418172907266,-5.5224739314364371,0.78070014732597359,0.052569998497402931,-9.7777412869856217,2.9962529874095001,-25.496355261897527,29.202998414645666,0.032621827623741828,-0.045336966420612544,0.53018852441585407,0.84603812231837372,8.5474927847538016,-16.441331976895977,17.921851435570225,0.032959611360054861,0.022712209998397716,0.06499892291476618,2.9169064448779882,3.6879418172907266,-5.5224739314364371,0.78070014732597359,0.052569998497402931,-9.7777412869856217,0,25.779251132617702,8.3531480304793089,7.4380643511900866,2.2087761146907967,0.0010238776634891836,0.001024319598402469,0.0010589746510959346,0.09950417371579276,0.099399229688667393,0.073722427514675934,2.5583049300046894,0.0073981161090062066,0,0,0,8.3531480304793089,7.4380643511900866,2.2087761146907967,13.429001106381742,0.43358425357888392,13.429001106381742,0.43358425357888392
709,1517157290593509270,3.8683873082203646,-27.182035459959121,31.035329241552041,0.03196035880868877,-0.047143623750828048,0.52730784140315312,0.84776320667932092,8.755228969313249,-17.011341450721211,18.438102456015148,26.570724386750154,0.032959611360054861,0.022712209998397716,0.06499892291476618,2.9169064448779882,3.6879418172907266,-5.5224739314364371,0.78070014732597359,0.052569998497402931,-9.7777412869856217,3.8683873082203646,-27.182035459959121,31.035329241552041,0.03196035880868877,-0.047143623750828048,0.52730784140315312,0.84776320667932092,8.755228969313249,-17.011341450721211,18.438102456015148,0.032959611360054861,0.022712209998397716,0.06499892291476618,2.9169064448779882,3.6879418172907266,-5.5224739314364371,0.78070014732597359,0.052569998497402931,-9.7777412869856217,0,26.570724386750154,9.3778648888326863,8.3455009148536163,2.4111442205057991,0.0010238776634911581,0.0010243195984044435,0.0010589746510979092,0.099504173716582031,0.099399229689456664,0.073722427515465205,2.6381001237452306,0.0077397212000819499,0,0,0,9.3778648888326863,8.3455009148536163,2.4111442205057991,15.520805648025382,0.47363085608524652,15.520805648025382,0.47363085608524652
710,1517157290694369389,4.7611198143296587,-28.924876650687938,32.920110642482541,0.029287354802613824,-0.046084136171149905,0.52395387147969774,0.84999461398497078,8.9410706835392588,-17.600290226304548,18.96727329106519,27.376457351457137,0.032959611360054861,0.022712209998397716,0.06499892291476618,2.9169064448779882,3.6879418172907266,-5.5224739314364371,0.78070014732597359,0.052569998497402931,-9.7777412869856217,4.7611198143296587,-28.924876650687938,32.920110642482541,0.029287354802613824,-0.046084136171149905,0.52395387147969774,0.84999461398497078,8.9410706835392588,-17.600290226304548,18.96727329106519,0.032959611360054861,0.022712209998397716,0.06499892291476618,2.9169064448779882,3.6879418172907266,-5.5224739314364371,0.78070014732597359,0.052569998497402931,-9.7777412869856217,0,27.376457351457137,10.509701137084807,9.3415846748817515,2.631974719912606,0.0010238776634931487,0.0010243195984064341,0.0010589746510998998,0.099504173717377811,0.099399229690252444,0.073722427516260985,2.7178792601693629,0.009898647819335523,0,0,0,10.509701137084807,9.3415846748817515,2.631974719912606,17.87709526198919,0.51642173065664465,17.87709526198919,0.51642173065664465
711,1517157290795229269,5.6692750854442799,-30.733892750052632,34.857372863913575,0.021401903444517614,-0.036075228893081235,0.51982435474252675,0.85324274190043803,9.0599685603395574,-18.320823589309096,19.481911331907352,28.236155482806542,0.032959611360054861,0.022712209998397716,0.06499892291476618,2.9169064448779882,3.6879418172907266,-5.5224739314364371,0.78070014732597359,0.052569998497402931,-9.7777412869856217,5.6692750854442799,-30.733892750052632,34.857372863913575,0.021401903444517614,-0.036075228893081235,0.51982435474252675,0.85324274190043803,9.0599685603395574,-18.320823589309096,19.481911331907352,0.032959611360054861,0.022712209998397716,0.06499892291476618,2.9169064448779882,3.6879418172907266,-5.5224739314364371,0.78070014732597359,0.052569998497402931,-9.7777412869856217,0,28.236155482806542,11.775535487645575,10.40827494158472,2.9060272414376107,0.0010238776634951517,0.001024319598408437,0.0010589746511019027,0.099504173718178462,0.099399229691053095,0.073722427517061637,2.8018333567144618,0.027565545063358288,0,0,0,11.775535487645575,10.40827494158472,2.9060272414376107,20.537263305920739,0.56241809481241944,20.537263305920739,0.56241809481241944
712,1517157290896089388,6.5861834517947759,-32.620188676391237,36.846859171209147,0.0096601952853140188,-0.021864205178361313,0.51501257825469871,0.85684927577632575,9.1163899922516869,-19.140433207096315,19.986081190076511,29.136029090843387,0.032959611360054861,0.022712209998397716,0.06499892291476618,2.9169064448779882,3.6879418172907266,-5.5224739314364371,0.78070014732597359,0.052569998497402931,-9.7777412869856217,6.5861834517947759,-32.620188676391237,36.846859171209147,0.0096601952853140188,-0.021864205178361313,0.51501257825469871,0.85684927577632575,9.1163899922516869,-19.140433207096315,19.986081190076511,0.032959611360054861,0.022712209998397716,0.06499892291476618,2.9169064448779882,3.6879418172907266,-5.5224739314364371,0.78070014732597359,0.052569998497402931,-9.7777412869856217,0,29.136029090843387,13.174951828675466,11.549333771451616,3.2338108882273668,0.001023877663497144,0.0010243195984104294,0.001058974651103895,0.09950417371897495,0.099399229691849583,0.073722427517858125,2.8908284350548579,0.038781076097904287,0,0,0,13.174951828675466,11.549333771451616,3.2338108882273668,23.526344873010107,0.61153516917244921,23.526344873010107,0.61153516917244921
713,1517157290996949268,7.5057048255660819,-34.593515391799315,38.886272219782789,0.0027292540374754767,-0.012467617538777866,0.50840181062144718,0.86102538211259394,9.0922859930201803,-20.039888405889304,20.484431341369394,30.064575820700419,0.032959611360054861,0.022712209998397716,0.06499892291476618,2.9169064448779882,3.6879418172907266,-5.5224739314364371,0.78070014732597359,0.052569998497402931,-9.7777412869856217,7.5057048255660819,-34.593515391799315,38.886272219782789,0.0027292540374754767,-0.012467617538777866,0.50840181062144718,0.86102538211259394,9.0922859930201803,-20.039888405889304,20.484431341369394,0.032959611360054861,0.022712209998397716,0.06499892291476618,2.9169064448779882,3.6879418172907266,-5.5224739314364371,0.78070014732597359,0.052569998497402931,-9.7777412869856217,0,30.064575820700419,14.712209382027803,12.768420449707147,3.6178902984635277,0.0010238776634991194,0.0010243195984124048,0.0010589746511058705,0.099504173719764624,0.099399229692639257,0.073722427518647798,2.9830761749003227,0.028105456302703925,0,0,0,14.712209382027803,12.768420449707147,3.6178902984635277,26.87093260437927,0.6637835011770411,26.87093260437927,0.6637835011770411
714,1517157291097747399,8.4220720049141882,-36.654861575785006,40.973220322523275,0.0028210501865961455,-0.015347571847492473,0.50146340326257977,0.86503811991295487,9.0805230425735957,-20.865695430702129,20.969005465894117,30.944019369859358,0.032959611360054861,0.022712209998397716,0.06499892291476618,2.9169064448779882,3.6879418172907266,-5.5224739314364371,0.78070014732597359,0.052569998497402931,-9.7777412869856217,8.4220720049141882,-36.654861575785006,40.973220322523275,0.0028210501865961455,-0.015347571847492473,0.50146340326257977,0.86503811991295487,9.0805230425735957,-20.865695430702129,20.969005465894117,0.032959611360054861,0.022712209998397716,0.06499892291476618,2.9169064448779882,3.6879418172907266,-5.5224739314364371,0.78070014732597359,0.052569998497402931,-9.7777412869856217,0,30.944019369859358,16.337109768409249,14.072875455363889,4.0079770550672134,0.001023877663501087,0.0010243195984143724,0.0010589746511078381,0.099504173720551203,0.099399229693425836,0.073722427519434378,3.073146478961081,0.017034854066636615,0,0,0,16.337109768409249,14.072875455363889,4.0079770550672134,30.551977640262567,0.71795470915401205,30.551977640262567,0.71795470915401205
715,1517157291198607279,9.3373253523414359,-38.800093393834494,43.111793373163103,0.0010050398518754334,-0.017183025800405361,0.49253920687094682,0.87012002805025368,9.0614633420662969,-21.715818892814603,21.48507407207547,31.86369903146376,0.032959611360054861,0.022712209998397716,0.06499892291476618,2.9169064448779882,3.6879418172907266,-5.5224739314364371,0.78070014732597359,0.052569998497402931,-9.7777412869856217,9.3373253523414359,-38.800093393834494,43.111793373163103,0.0010050398518754334,-0.017183025800405361,0.49253920687094682,0.87012002805025368,9.0614633420662969,-21.715818892814603,21.48507407207547,0.032959611360054861,0.022712209998397716,0.06499892291476618,2.9169064448779882,3.6879418172907266,-5.5224739314364371,0.78070014732597359,0.052569998497402931,-9.7777412869856217,0,31.86369903146376,18.134244841721024,15.508102565991742,4.4434393379188384,0.001023877663503064,0.0010243195984163493,0.001058974651109815,0.099504173721341446,0.099399229694216079,0.07372242752022462,3.1643645390617743,0.02117875389635553,0,0,0,18.134244841721024,15.508102565991742,4.4434393379188384,34.669915177215842,0.77597271254112266,34.669915177215842,0.77597271254112266
716,1517157291299467398,10.25030800895731,-41.028540799347041,45.302648495468652,0.0014801597479183865,-0.016806947704547808,0.48541165905931805,0.87412290719626728,9.0230924131243722,-22.515264581285415,21.96430825001503,32.722838702697331,0.032959611360054861,0.022712209998397716,0.06499892291476618,2.9169064448779882,3.6879418172907266,-5.5224739314364371,0.78070014732597359,0.052569998497402931,-9.7777412869856217,10.25030800895731,-41.028540799347041,45.302648495468652,0.0014801597479183865,-0.016806947704547808,0.48541165905931805,0.87412290719626728,9.0230924131243722,-22.515264581285415,21.96430825001503,0.032959611360054861,0.022712209998397716,0.06499892291476618,2.9169064448779882,3.6879418172907266,-5.5224739314364371,0.78070014732597359,0.052569998497402931,-9.7777412869856217,0,32.722838702697331,20.011410411030504,17.010745201030574,4.8902199763858318,0.0010238776635050593,0.0010243195984183447,0.0010589746511118104,0.099504173722139086,0.099399229695013719,0.07372242752102226,3.2556660359056249,0.016394209849813886,0,0,0,20.011410411030504,17.010745201030574,4.8902199763858318,39.165445159145264,0.83559844748818002,39.165445159145264,0.83559844748818002
717,1517157291400327278,11.156061828709664,-43.338620393882657,47.544800265022168,-0.0010717701139428778,-0.017991023113774814,0.47846665841611691,0.87792074310854173,8.9480054907567599,-23.288072507491865,22.546318179171415,33.626441780438903,0.032959611360054861,0.022712209998397716,0.06499892291476618,2.9169064448779882,3.6879418172907266,-5.5224739314364371,0.78070014732597359,0.052569998497402931,-9.7777412869856217,11.156061828709664,-43.338620393882657,47.544800265022168,-0.0010717701139428778,-0.017991023113774814,0.47846665841611691,0.87792074310854173,8.9480054907567599,-23.288072507491865,22.546318179171415,0.032959611360054861,0.022712209998397716,0.06499892291476618,2.9169064448779882,3.6879418172907266,-5.5224739314364371,0.78070014732597359,0.052569998497402931,-9.7777412869856217,0,33.626441780438903,22.131917851705591,18.735172777279526,5.357301594422311,0.0010238776635070625,0.0010243195984203479,0.0010589746511138135,0.099504173722939793,0.099399229695814426,0.073722427521822967,3.3442640853852699,0.016801355560902717,0,0,0,22.131917851705591,18.735172777279526,5.357301594422311,44.215371667507561,0.90033445898347164,44.215371667507561,0.90033445898347164
718,1517157291501187397,12.057088891384836,-45.723629699957499,49.845865178611881,-0.0089938889769807483,-0.0084201492255454834,0.47095613881578113,0.88207059034967072,8.935840060595579,-24.064268549355777,23.101028371518364,34.533979936082588,0.032959611360054861,0.022712209998397716,0.06499892291476618,2.9169064448779882,3.6879418172907266,-5.5224739314364371,0.78070014732597359,0.052569998497402931,-9.7777412869856217,12.057088891384836,-45.723629699957499,49.845865178611881,-0.0089938889769807483,-0.0084201492255454834,0.47095613881578113,0.88207059034967072,8.935840060595579,-24.064268549355777,23.101028371518364,0.032959611360054861,0.022712209998397716,0.06499892291476618,2.9169064448779882,3.6879418172907266,-5.5224739314364371,0.78070014732597359,0.052569998497402931,-9.7777412869856217,0,34.533979936082588,24.379322738028151,20.560194100020972,5.8630765570834811,0.0010238776635090507,0.0010243195984223361,0.0010589746511158018,0.099504173723734532,0.099399229696609165,0.073722427522617706,3.434387702966903,0.030199010767619112,0,0,0,24.379322738028151,20.560194100020972,5.8630765570834811,49.752165800900393,0.96767920754928594,49.752165800900393,0.96767920754928594
719,1517157291602047278,12.947220029329451,-48.191268566743659,52.190909146016445,-0.011885096039976718,-0.025571180869275439,0.46513122980861288,0.884792517067021,8.7300419254541328,-24.900801745479168,23.502462805271644,35.335949364648776,0.032959611360054861,0.022712209998397716,0.06499892291476618,2.9169064448779882,3.6879418172907266,-5.5224739314364371,0.78070014732597359,0.052569998497402931,-9.7777412869856217,12.947220029329451,-48.191268566743659,52.190909146016445,-0.011885096039976718,-0.025571180869275439,0.46513122980861288,0.884792517067021,8.7300419254541328,-24.900801745479168,23.502462805271644,0.032959611360054861,0.022712209998397716,0.06499892291476618,2.9169064448779882,3.6879418172907266,-5.5224739314364371,0.78070014732597359,0.052569998497402931,-9.7777412869856217,0,35.335949364648776,26.623101704536275,22.30639320021444,6.4471877149656747,0.0010238776635110242,0.0010243195984243096,0.0010589746511177752,0.099504173724523332,0.099399229697397964,0.073722427523406506,3.5186369844973773,0.03708720901977073,0,0,0,26.623101704536275,22.30639320021444,6.4471877149656747,55.651225718041452,1.0348842828886848,55.651225718041452,1.0348842828886848
720,1517157291702907396,13.832819261474633,-50.736685530980985,54.589089327499885,0.0049711024333029749,-0.054036136574748456,0.45868879108957805,0.88693854184686871,8.8035097085145715,-25.518535760817869,24.033275475430749,36.14271407409786,0.032959611360054861,0.022712209998397716,0.06499892291476618,2.9169064448779882,3.6879418172907266,-5.5224739314364371,0.78070014732597359,0.052569998497402931,-9.7777412869856217,13.832819261474633,-50.736685530980985,54.589089327499885,0.0049711024333029749,-0.054036136574748456,0.45868879108957805,0.88693854184686871,8.8035097085145715,-25.518535760817869,24.033275475430749,0.032959611360054861,0.022712209998397716,0.06499892291476618,2.9169064448779882,3.6879418172907266,-5.5224739314364371,0.78070014732597359,0.052569998497402931,-9.7777412869856217,0,36.14271407409786,29.066204748850883,24.364789107628443,6.9181355838291605,0.0010238776635129946,0.00102431959842628,0.0010589746511197456,0.099504173725310938,0.099399229698185571,0.073722427524194112,3.6075894589965811,0.067545658038222198,0,0,0,29.066204748850883,24.364789107628443,6.9181355838291605,62.164895665605165,1.1060066299951949,62.164895665605165,1.1060066299951949
721,1517157291803767277,14.728370809497957,-53.338728678693549,57.038806181167139,0.021431465348309465,-0.070407199061833292,0.44438285494625512,0.89280871234722081,8.9546781437380218,-26.098643525727812,24.535860471728569,36.923351738826291,0.032959611360054861,0.022712209998397716,0.06499892291476618,2.9169064448779882,3.6879418172907266,-5.5224739314364371,0.78070014732597359,0.052569998497402931,-9.7777412869856217,14.728370809497957,-53.338728678693549,57.038806181167139,0.021431465348309465,-0.070407199061833292,0.44438285494625512,0.89280871234722081,8.9546781437380218,-26.098643525727812,24.535860471728569,0.032959611360054861,0.022712209998397716,0.06499892291476618,2.9169064448779882,3.6879418172907266,-5.5224739314364371,0.78070014732597359,0.052569998497402931,-9.7777412869856217,0,36.923351738826291,31.598127830066275,26.515950053862845,7.3837810399929094,0.0010238776635149737,0.0010243195984282591,0.0010589746511217247,0.099504173726102083,0.099399229698976715,0.073722427524985257,3.6842575616895017,0.055789762503393535,0,0,0,31.598127830066275,26.515950053862845,7.3837810399929094,69.189876893845081,1.1788161601377185,69.189876893845081,1.1788161601377185
722,1517157291904628349,15.641591793212102,-55.991489878910158,59.541849347524852,0.033893016734934923,-0.097498982066411499,0.45102685374888113,0.88652128519849982,9.3934311589069406,-26.511677194241244,25.243863167154643,37.793626502239796,0.032959611360054861,0.022712209998397716,0.06499892291476618,2.9169064448779882,3.6879418172907266,-5.5224739314364371,0.78070014732597359,0.052569998497402931,-9.7777412869856217,15.641591793212102,-55.991489878910158,59.541849347524852,0.033893016734934923,-0.097498982066411499,0.45102685374888113,0.88652128519849982,9.3934311589069406,-26.511677194241244,25.243863167154643,0.032959611360054861,0.022712209998397716,0.06499892291476618,2.9169064448779882,3.6879418172907266,-5.5224739314364371,0.78070014732597359,0.052569998497402931,-9.7777412869856217,0,37.793626502239796,34.429786660608116,29.130271216269207,7.7328091866205764,0.0010238776635169734,0.0010243195984302588,0.0010589746511237245,0.099504173726901526,0.099399229699776159,0.073722427525784701,3.7598323956156006,0.062386162646618185,0,0,0,34.429786660608116,29.130271216269207,7.7328091866205764,77.001691914086564,1.2577583639808771,77.001691914086564,1.2577583639808771
723,1517157292005427433,16.645150304047522,-58.685700677916735,62.106471983669969,0.01705934262665201,-0.13719834119594182,0.51177890403707127,0.84791977650296502,10.350700064646897,-26.947646800680147,25.674738312990783,38.632950280337703,0.032959611360054861,0.022712209998397716,0.06499892291476618,2.9169064448779882,3.6879418172907266,-5.5224739314364371,0.78070014732597359,0.052569998497402931,-9.7777412869856217,16.645150304047522,-58.685700677916735,62.106471983669969,0.01705934262665201,-0.13719834119594182,0.51177890403707127,0.84791977650296502,10.350700064646897,-26.947646800680147,25.674738312990783,0.032959611360054861,0.022712209998397716,0.06499892291476618,2.9169064448779882,3.6879418172907266,-5.5224739314364371,0.78070014732597359,0.052569998497402931,-9.7777412869856217,0,38.632950280337703,37.058551526350193,31.398190346534566,8.1496604576650888,0.0010238776635189744,0.0010243195984322598,0.0010589746511257255,0.099504173727701414,0.099399229700576047,0.073722427526584589,3.8526861771992009,0.16786225488616438,0,0,0,37.058551526350193,31.398190346534566,8.1496604576650888,85.000108338314504,1.3321469087561122,85.000108338314504,1.3321469087561122
724,1517157292106287314,17.693523290811587,-61.411630563922046,64.722834307304424,0.048656413929807067,-0.091063477050519162,0.5460963585475469,0.83133553016340289,10.273849267625453,-27.205485330845288,26.284712082307458,39.199190044062469,0.032959611360054861,0.022712209998397716,0.06499892291476618,2.9169064448779882,3.6879418172907266,-5.5224739314364371,0.78070014732597359,0.052569998497402931,-9.7777412869856217,17.693523290811587,-61.411630563922046,64.722834307304424,0.048656413929807067,-0.091063477050519162,0.5460963585475469,0.83133553016340289,10.273849267625453,-27.205485330845288,26.284712082307458,0.032959611360054861,0.022712209998397716,0.06499892291476618,2.9169064448779882,3.6879418172907266,-5.5224739314364371,0.78070014732597359,0.052569998497402931,-9.7777412869856217,0,39.199190044062469,39.97144206414152,34.234167429961722,8.3864718176399666,0.001023877663520959,0.0010243195984342443,0.00105897465112771,0.099504173728494766,0.099399229701369399,0.07372242752737794,3.9211135499150513,0.13537022204998125,0,0,0,39.97144206414152,34.234167429961722,8.3864718176399666,93.855967278992338,1.4128564869430265,93.855967278992338,1.4128564869430265
725,1517157292207147432,18.739408221341655,-64.168866494154386,67.399678172478886,0.057136299562066839,-0.10578817601384947,0.54615298152222913,0.82901219886223187,10.474201723876737,-27.40663525352667,26.826591387430771,39.755484692561453,0.032959611360054861,0.022712209998397716,0.06499892291476618,2.9169064448779882,3.6879418172907266,-5.5224739314364371,0.78070014732597359,0.052569998497402931,-9.7777412869856217,18.739408221341655,-64.168866494154386,67.399678172478886,0.057136299562066839,-0.10578817601384947,0.54615298152222913,0.82901219886223187,10.474201723876737,-27.40663525352667,26.826591387430771,0.032959611360054861,0.022712209998397716,0.06499892291476618,2.9169064448779882,3.6879418172907266,-5.5224739314364371,0.78070014732597359,0.052569998497402931,-9.7777412869856217,0,39.755484692561453,42.866825852073077,37.151427276747896,8.6360296486204859,0.0010238776635229309,0.0010243195984362163,0.0010589746511296819,0.099504173729283094,0.099399229702157726,0.073722427528166268,3.9826772831094708,0.034300641618818774,0,0,0,42.866825852073077,37.151427276747896,8.6360296486204859,103.25349129583969,1.4943449813957044,103.25349129583969,1.4943449813957044
726,1517157292308007313,19.80664521615622,-66.942133443580573,70.12562309898054,0.049363334651153647,-0.11665662169441113,0.54610409781896796,0.82808502471201106,10.75601992728844,-27.623735500956094,27.295649795872894,40.296590742666361,0.032959611360054861,0.022712209998397716,0.06499892291476618,2.9169064448779882,3.6879418172907266,-5.5224739314364371,0.78070014732597359,0.052569998497402931,-9.7777412869856217,19.80664521615622,-66.942133443580573,70.12562309898054,0.049363334651153647,-0.11665662169441113,0.54610409781896796,0.82808502471201106,10.75601992728844,-27.623735500956094,27.295649795872894,0.032959611360054861,0.022712209998397716,0.06499892291476618,2.9169064448779882,3.6879418172907266,-5.5224739314364371,0.78070014732597359,0.052569998497402931,-9.7777412869856217,0,40.296590742666361,45.819693955487402,40.094669875738361,8.9226074896571568,0.0010238776635249022,0.0010243195984381876,0.0010589746511316532,0.09950417373007113,0.099399229702945763,0.073722427528954304,4.0324657615658142,0.026788566124877539,0,0,0,45.819693955487402,40.094669875738361,8.9226074896571568,113.22287624490792,1.5770875446262289,113.22287624490792,1.5770875446262289
727,1517157292408867432,20.904750653231488,-69.732908815364851,72.907233981066653,0.043665942321846868,-0.12036134895577327,0.55456258214016052,0.82223279772137825,11.047205112816323,-27.787829663298805,27.843750979648103,40.859254604285169,0.032959611360054861,0.022712209998397716,0.06499892291476618,2.9169064448779882,3.6879418172907266,-5.5224739314364371,0.78070014732597359,0.052569998497402931,-9.7777412869856217,20.904750653231488,-69.732908815364851,72.907233981066653,0.043665942321846868,-0.12036134895577327,0.55456258214016052,0.82223279772137825,11.047205112816323,-27.787829663298805,27.843750979648103,0.032959611360054861,0.022712209998397716,0.06499892291476618,2.9169064448779882,3.6879418172907266,-5.5224739314364371,0.78070014732597359,0.052569998497402931,-9.7777412869856217,0,40.859254604285169,49.037286555187244,43.375166393333728,9.1771563372457603,0.0010238776635268848,0.0010243195984401701,0.0010589746511336358,0.099504173730863607,0.09939922970373824,0.073722427529746781,4.0904305184212371,0.024656173754866784,0,0,0,49.037286555187244,43.375166393333728,9.1771563372457603,124.06570715055081,1.6650238107517925,124.06570715055081,1.6650238107517925
728,1517157292509727312,22.033123269113016,-72.543508886930482,75.743530724617983,0.04580418902721356,-0.1226771553251723,0.55548005896508745,0.82115418523016792,11.332946654509733,-27.964948330287161,28.407526768700688,41.442268182425053,0.032959611360054861,0.022712209998397716,0.06499892291476618,2.9169064448779882,3.6879418172907266,-5.5224739314364371,0.78070014732597359,0.052569998497402931,-9.7777412869856217,22.033123269113016,-72.543508886930482,75.743530724617983,0.04580418902721356,-0.1226771553251723,0.55548005896508745,0.82115418523016792,11.332946654509733,-27.964948330287161,28.407526768700688,0.032959611360054861,0.022712209998397716,0.06499892291476618,2.9169064448779882,3.6879418172907266,-5.5224739314364371,0.78070014732597359,0.052569998497402931,-9.7777412869856217,0,41.442268182425053,52.498592356513591,46.886213321299138,9.4523103456202193,0.001023877663528889,0.0010243195984421744,0.0010589746511356401,0.099504173731664758,0.099399229704539391,0.073722427530547932,4.1493706438490072,0.0069109300748318239,0,0,0,52.498592356513591,46.886213321299138,9.4523103456202193,135.78504396465993,1.7573757865620352,135.78504396465993,1.7573757865620352
729,1517157292610587431,23.185425743668475,-75.383010672009434,78.635199379278163,0.044019014467504156,-0.11802664923524729,0.55208598828556088,0.82421665718084147,11.504958161565519,-28.377125342230457,28.957218172709641,42.144344689292971,0.032959611360054861,0.022712209998397716,0.06499892291476618,2.9169064448779882,3.6879418172907266,-5.5224739314364371,0.78070014732597359,0.052569998497402931,-9.7777412869856217,23.185425743668475,-75.383010672009434,78.635199379278163,0.044019014467504156,-0.11802664923524729,0.55208598828556088,0.82421665718084147,11.504958161565519,-28.377125342230457,28.957218172709641,0.032959611360054861,0.022712209998397716,0.06499892291476618,2.9169064448779882,3.6879418172907266,-5.5224739314364371,0.78070014732597359,0.052569998497402931,-9.7777412869856217,0,42.144344689292971,56.427896179429737,50.581349860971763,9.9230509844706987,0.0010238776635308924,0.0010243195984441778,0.0010589746511376434,0.099504173732465576,0.099399229705340209,0.07372242753134875,4.2133500909225905,0.01352223050602307,0,0,0,56.427896179429737,50.581349860971763,9.9230509844706987,148.69066346372708,1.8570164368238251,148.69066346372708,1.8570164368238251
730,1517157292711447312,24.352159986271538,-78.26975821049362,81.580062563471145,0.039901285866672652,-0.11173891037295479,0.54925261625737087,0.82719034498069344,11.635818828610564,-28.897698596257587,29.452572205382147,42.871007376613449,0.032959611360054861,0.022712209998397716,0.06499892291476618,2.9169064448779882,3.6879418172907266,-5.5224739314364371,0.78070014732597359,0.052569998497402931,-9.7777412869856217,24.352159986271538,-78.26975821049362,81.580062563471145,0.039901285866672652,-0.11173891037295479,0.54925261625737087,0.82719034498069344,11.635818828610564,-28.897698596257587,29.452572205382147,0.032959611360054861,0.022712209998397716,0.06499892291476618,2.9169064448779882,3.6879418172907266,-5.5224739314364371,0.78070014732597359,0.052569998497402931,-9.7777412869856217,0,42.871007376613449,60.601644522619644,54.354538113913101,10.509516198026754,0.0010238776635328737,0.001024319598446159,0.0010589746511396247,0.099504173733257525,0.099399229706132158,0.0737224275321407,4.2856503960801895,0.017130395619085845,0,0,0,60.601644522619644,54.354538113913101,10.509516198026754,162.58114377651017,1.9602983536699927,162.58114377651017,1.9602983536699927
731,1517157292812307430,25.530802984696916,-81.211202667689662,84.573201520920733,0.036151260596504392,-0.10772381130004655,0.54634130748357979,0.82981916257302912,11.737910402973531,-29.470224106505256,29.923725170590625,43.608508087309254,0.032959611360054861,0.022712209998397716,0.06499892291476618,2.9169064448779882,3.6879418172907266,-5.5224739314364371,0.78070014732597359,0.052569998497402931,-9.7777412869856217,25.530802984696916,-81.211202667689662,84.573201520920733,0.036151260596504392,-0.10772381130004655,0.54634130748357979,0.82981916257302912,11.737910402973531,-29.470224106505256,29.923725170590625,0.032959611360054861,0.022712209998397716,0.06499892291476618,2.9169064448779882,3.6879418172907266,-5.5224739314364371,0.78070014732597359,0.052569998497402931,-9.7777412869856217,0,43.608508087309254,65.021904856125289,58.272611513129725,11.171978526858913,0.0010238776635348446,0.0010243195984481299,0.0010589746511415956,0.099504173734045326,0.099399229706919959,0.0737224275329285,4.3589190897639849,0.013501153114643774,0,0,0,65.021904856125289,58.272611513129725,11.171978526858913,177.51059282348521,2.0673924584036247,177.51059282348521,2.0673924584036247
732,1517157292913167311,26.71909905693273,-84.212848162062301,87.614027687775078,0.033632927278614215,-0.10633513249484287,0.54351255381892183,0.83195899516815375,11.825013186272162,-30.082736518680363,30.397983473163382,44.371605476279193,0.032959611360054861,0.022712209998397716,0.06499892291476618,2.9169064448779882,3.6879418172907266,-5.5224739314364371,0.78070014732597359,0.052569998497402931,-9.7777412869856217,26.71909905693273,-84.212848162062301,87.614027687775078,0.033632927278614215,-0.10633513249484287,0.54351255381892183,0.83195899516815375,11.825013186272162,-30.082736518680363,30.397983473163382,0.032959611360054861,0.022712209998397716,0.06499892291476618,2.9169064448779882,3.6879418172907266,-5.5224739314364371,0.78070014732597359,0.052569998497402931,-9.7777412869856217,0,44.371605476279193,69.749260458914435,62.41049959056847,11.909383130413396,0.0010238776635368167,0.0010243195984501021,0.0010589746511435677,0.099504173734833709,0.099399229707708342,0.073722427533716883,4.434923562611278,0.0091326225336442121,0,0,0,69.749260458914435,62.41049959056847,11.909383130413396,193.61398400067444,2.1793019881498963,193.61398400067444,2.1793019881498963
733,1517157293013966395,27.914540921491341,-87.275221416893658,90.701096477687045,0.031611209386932605,-0.1058874474294268,0.54055634922582996,0.83401883265883969,11.895615394473369,-30.711303148263848,30.878933865448531,45.146410304082174,0.032959611360054861,0.022712209998397716,0.06499892291476618,2.9169064448779882,3.6879418172907266,-5.5224739314364371,0.78070014732597359,0.052569998497402931,-9.7777412869856217,27.914540921491341,-87.275221416893658,90.701096477687045,0.031611209386932605,-0.1058874474294268,0.54055634922582996,0.83401883265883969,11.895615394473369,-30.711303148263848,30.878933865448531,0.032959611360054861,0.022712209998397716,0.06499892291476618,2.9169064448779882,3.6879418172907266,-5.5224739314364371,0.78070014732597359,0.052569998497402931,-9.7777412869856217,0,45.146410304082174,74.773658076060769,66.785593648796933,12.701240374093116,0.0010238776635387999,0.0010243195984520853,0.001058974651145551,0.099504173735626436,0.099399229708501069,0.07372242753450961,4.5096790259501072,0.008311405678849644,0,0,0,74.773658076060769,66.785593648796933,12.701240374093116,210.92595052176071,2.2957858031197524,210.92595052176071,2.2957858031197524
734,1517157293114826275,29.117312471787347,-90.403088145584476,93.838831819212345,0.030616550051175712,-0.10714462053688062,0.53752159835755808,0.83585476516683455,11.960179528688821,-31.339711282681215,31.365986189388767,45.924377919283899,0.032959611360054861,0.022712209998397716,0.06499892291476618,2.9169064448779882,3.6879418172907266,-5.5224739314364371,0.78070014732597359,0.052569998497402931,-9.7777412869856217,29.117312471787347,-90.403088145584476,93.838831819212345,0.030616550051175712,-0.10714462053688062,0.53752159835755808,0.83585476516683455,11.960179528688821,-31.339711282681215,31.365986189388767,0.032959611360054861,0.022712209998397716,0.06499892291476618,2.9169064448779882,3.6879418172907266,-5.5224739314364371,0.78070014732597359,0.052569998497402931,-9.7777412869856217,0,45.924377919283899,80.087071247090165,71.409871262404792,13.53435944204861,0.0010238776635408033,0.0010243195984540887,0.0010589746511475543,0.099504173736427268,0.099399229709301901,0.073722427535310442,4.5908161309411373,0.0077846545331446268,0,0,0,80.087071247090165,71.409871262404792,13.53435944204861,229.50340888140337,2.4167160803758474,229.50340888140337,2.4167160803758474
735,1517157293215686394,30.32707622998187,-93.592826556807282,97.026082439102083,0.030364960172995639,-0.1089322491543785,0.53453834495908514,0.83754432244285415,12.030929586279047,-31.937091492322811,31.860050264115031,46.688155698538139,0.032959611360054861,0.022712209998397716,0.06499892291476618,2.9169064448779882,3.6879418172907266,-5.5224739314364371,0.78070014732597359,0.052569998497402931,-9.7777412869856217,30.32707622998187,-93.592826556807282,97.026082439102083,0.030364960172995639,-0.1089322491543785,0.53453834495908514,0.83754432244285415,12.030929586279047,-31.937091492322811,31.860050264115031,0.032959611360054861,0.022712209998397716,0.06499892291476618,2.9169064448779882,3.6879418172907266,-5.5224739314364371,0.78070014732597359,0.052569998497402931,-9.7777412869856217,0,46.688155698538139,85.655296807213546,76.294960936563044,14.372942691284189,0.0010238776635428017,0.0010243195984560871,0.0010589746511495527,0.099504173737226156,0.099399229710100789,0.073722427536109331,4.6686749722655403,0.0077494095136853543,0,0,0,85.655296807213546,76.294960936563044,14.372942691284189,249.34528382043203,2.5415427122245897,249.34528382043203,2.5415427122245897
736,1517157293316546274,31.543664826472785,-96.842048956784566,100.2632092503338,0.02994224742745729,-0.11073362214846395,0.53156147907188722,0.83921625384151188,12.096471971287539,-32.522010476907575,32.355044340635096,47.443173311833753,0.032959611360054861,0.022712209998397716,0.06499892291476618,2.9169064448779882,3.6879418172907266,-5.5224739314364371,0.78070014732597359,0.052569998497402931,-9.7777412869856217,31.543664826472785,-96.842048956784566,100.2632092503338,0.02994224742745729,-0.11073362214846395,0.53156147907188722,0.83921625384151188,12.096471971287539,-32.522010476907575,32.355044340635096,0.032959611360054861,0.022712209998397716,0.06499892291476618,2.9169064448779882,3.6879418172907266,-5.5224739314364371,0.78070014732597359,0.052569998497402931,-9.7777412869856217,0,47.443173311833753,91.493507414731965,81.430669190991523,15.235307499382486,0.0010238776635447802,0.0010243195984580655,0.0010589746511515312,0.099504173738017065,0.099399229710891698,0.07372242753690024,4.7451579541276718,0.0077667843522558986,0,0,0,91.493507414731965,81.430669190991523,15.235307499382486,270.52221024790509,2.6703832907835339,270.52221024790509,2.6703832907835339
737,1517157293417406393,32.766525066476902,-100.15070548518439,103.55016229445201,0.029480363793387549,-0.1124593327075628,0.52860030629834331,0.8408718825236553,12.151648586222139,-33.118298789914157,32.846815784900571,48.201634674648304,0.032959611360054861,0.022712209998397716,0.06499892291476618,2.9169064448779882,3.6879418172907266,-5.5224739314364371,0.78070014732597359,0.052569998497402931,-9.7777412869856217,32.766525066476902,-100.15070548518439,103.55016229445201,0.029480363793387549,-0.1124593327075628,0.52860030629834331,0.8408718825236553,12.151648586222139,-33.118298789914157,32.846815784900571,0.032959611360054861,0.022712209998397716,0.06499892291476618,2.9169064448779882,3.6879418172907266,-5.5224739314364371,0.78070014732597359,0.052569998497402931,-9.7777412869856217,0,48.201634674648304,97.633996934711504,86.81044748648111,16.153546429825848,0.0010238776635467506,0.001024319598460036,0.0010589746511535016,0.099504173738804727,0.09939922971167936,0.073722427537687901,4.8214785599174492,0.0076683979978252013,0,0,0,97.633996934711504,86.81044748648111,16.153546429825848,293.13454395103577,2.8036026643426908,293.13454395103577,2.8036026643426908
738,1517157293518266274,33.994240482681768,-103.52009863758536,106.88655862572979,0.029004672962383547,-0.11425843440914568,0.52561937505140255,0.84251291484658564,12.19416910925383,-33.726087625172283,33.335981693986746,48.963603036007257,0.032959611360054861,0.022712209998397716,0.06499892291476618,2.9169064448779882,3.6879418172907266,-5.5224739314364371,0.78070014732597359,0.052569998497402931,-9.7777412869856217,33.994240482681768,-103.52009863758536,106.88655862572979,0.029004672962383547,-0.11425843440914568,0.52561937505140255,0.84251291484658564,12.19416910925383,-33.726087625172283,33.335981693986746,0.032959611360054861,0.022712209998397716,0.06499892291476618,2.9169064448779882,3.6879418172907266,-5.5224739314364371,0.78070014732597359,0.052569998497402931,-9.7777412869856217,0,48.963603036007257,104.08969522792519,92.443619971495366,17.131008053092955,0.0010238776635487247,0.0010243195984620101,0.0010589746511554757,0.099504173739593874,0.099399229712468506,0.073722427538477048,4.8981257474668318,0.0077568049449194439,0,0,0,104.08969522792519,92.443619971495366,17.131008053092955,317.25890703765822,2.941310901834266,317.25890703765822,2.941310901834266
739,1517157293619126392,35.225894001194803,-106.95092188321304,110.27223973820441,0.028624967559849369,-0.11606692217924665,0.52261455863398276,0.8441463758802995,12.229410158309845,-34.333380559588434,33.824622910821006,49.723682572079618,0.032959611360054861,0.022712209998397716,0.06499892291476618,2.9169064448779882,3.6879418172907266,-5.5224739314364371,0.78070014732597359,0.052569998497402931,-9.7777412869856217,35.225894001194803,-106.95092188321304,110.27223973820441,0.028624967559849369,-0.11606692217924665,0.52261455863398276,0.8441463758802995,12.229410158309845,-34.333380559588434,33.824622910821006,0.032959611360054861,0.022712209998397716,0.06499892291476618,2.9169064448779882,3.6879418172907266,-5.5224739314364371,0.78070014732597359,0.052569998497402931,-9.7777412869856217,0,49.723682572079618,110.85770000382308,98.345547936376008,18.153765692763141,0.0010238776635507142,0.0010243195984639996,0.0010589746511574653,0.099504173740389251,0.099399229713263884,0.073722427539272425,4.9749728770890922,0.0077748157249571386,0,0,0,110.85770000382308,98.345547936376008,18.153765692763141,342.95098811363556,3.0834218785930196,342.95098811363556,3.0834218785930196
740,1517157293719986273,36.460774215191101,-110.4427669057651,113.70718014472664,0.028186642671409752,-0.11784684429824446,0.51961797928683195,0.84576284504920851,12.257812813547975,-34.938523929080027,34.312551502382021,50.480745041238222,0.032959611360054861,0.022712209998397716,0.06499892291476618,2.9169064448779882,3.6879418172907266,-5.5224739314364371,0.78070014732597359,0.052569998497402931,-9.7777412869856217,36.460774215191101,-110.4427669057651,113.70718014472664,0.028186642671409752,-0.11784684429824446,0.51961797928683195,0.84576284504920851,12.257812813547975,-34.938523929080027,34.312551502382021,0.032959611360054861,0.022712209998397716,0.06499892291476618,2.9169064448779882,3.6879418172907266,-5.5224739314364371,0.78070014732597359,0.052569998497402931,-9.7777412869856217,0,50.480745041238222,117.94362965586259,104.52360260924141,19.220776766940126,0.0010238776635527172,0.0010243195984660025,0.0010589746511594682,0.099504173741189902,0.099399229714064535,0.073722427540073077,5.0514083581512415,0.0077337521158440331,0,0,0,117.94362965586259,104.52360260924141,19.220776766940126,370.27916402898938,3.2299506106328382,370.27916402898938,3.2299506106328382
741,1517157293820846392,37.698047349652803,-113.99593587019061,117.19126224593199,0.027753963078399842,-0.11961076142009597,0.51661976195509729,0.8473647413265486,12.275942281157864,-35.549423001401159,34.798730277495345,51.238773048822509,0.032959611360054861,0.022712209998397716,0.06499892291476618,2.9169064448779882,3.6879418172907266,-5.5224739314364371,0.78070014732597359,0.052569998497402931,-9.7777412869856217,37.698047349652803,-113.99593587019061,117.19126224593199,0.027753963078399842,-0.11961076142009597,0.51661976195509729,0.8473647413265486,12.275942281157864,-35.549423001401159,34.798730277495345,0.032959611360054861,0.022712209998397716,0.06499892291476618,2.9169064448779882,3.6879418172907266,-5.5224739314364371,0.78070014732597359,0.052569998497402931,-9.7777412869856217,0,51.238773048822509,125.36816693581778,110.98189153941847,20.346423445298289,0.0010238776635547108,0.0010243195984679962,0.0010589746511614618,0.099504173741986834,0.099399229714861467,0.073722427540870009,5.1278341029090333,0.0077081807143933459,0,0,0,125.36816693581778,110.98189153941847,20.346423445298289,399.33767955045727,3.3811005753207417,399.33767955045727,3.3811005753207417
742,1517157293921706272,38.936757196691985,-117.61083004646025,120.72433900270006,0.027337255508324169,-0.12140182810262184,0.51360340856545839,0.84895571692789695,12.286523365026657,-36.161566562779583,35.284027824843854,51.995963037701685,0.032959611360054861,0.022712209998397716,0.06499892291476618,2.9169064448779882,3.6879418172907266,-5.5224739314364371,0.78070014732597359,0.052569998497402931,-9.7777412869856217,38.936757196691985,-117.61083004646025,120.72433900270006,0.027337255508324169,-0.12140182810262184,0.51360340856545839,0.84895571692789695,12.286523365026657,-36.161566562779583,35.284027824843854,0.032959611360054861,0.022712209998397716,0.06499892291476618,2.9169064448779882,3.6879418172907266,-5.5224739314364371,0.78070014732597359,0.052569998497402931,-9.7777412869856217,0,51.995963037701685,133.1362996564001,117.7320661541671,21.526029057664928,0.0010238776635566865,0.0010243195984699718,0.0010589746511634375,0.099504173742776661,0.099399229715651294,0.073722427541659835,5.2042764492285372,0.0077488515209475639,0,0,0,133.1362996564001,117.7320661541671,21.526029057664928,430.19935142601122,3.5368805503065164,430.19935142601122,3.5368805503065164
743,1517157294022505356,40.175370677683439,-121.28524864623682,124.30413517362044,0.026895512125110869,-0.12317020693066461,0.51058975579753341,0.85053150019667367,12.287940039620626,-36.774492736780971,35.767606625294654,52.751099231832981,0.032959611360054861,0.022712209998397716,0.06499892291476618,2.9169064448779882,3.6879418172907266,-5.5224739314364371,0.78070014732597359,0.052569998497402931,-9.7777412869856217,40.175370677683439,-121.28524864623682,124.30413517362044,0.026895512125110869,-0.12317020693066461,0.51058975579753341,0.85053150019667367,12.287940039620626,-36.774492736780971,35.767606625294654,0.032959611360054861,0.022712209998397716,0.06499892291476618,2.9169064448779882,3.6879418172907266,-5.5224739314364371,0.78070014732597359,0.052569998497402931,-9.7777412869856217,0,52.751099231832981,141.25044617380323,124.77583683441848,22.760589709598513,0.0010238776635586538,0.0010243195984719392,0.0010589746511654049,0.099504173743563129,0.099399229716437762,0.073722427542446303,5.2773531269959539,0.0077168686088838097,0,0,0,141.25044617380323,124.77583683441848,22.760589709598513,462.92196500929072,3.6972249994748378,462.92196500929072,3.6972249994748378
744,1517157294123365475,41.414466207822869,-125.02389805381829,127.93483214950068,0.026471195593068719,-0.12494859810652462,0.50756173591035747,0.85209636067451722,12.280858706223244,-37.390822143963547,36.250286480907171,53.506787804086834,0.032959611360054861,0.022712209998397716,0.06499892291476618,2.9169064448779882,3.6879418172907266,-5.5224739314364371,0.78070014732597359,0.052569998497402931,-9.7777412869856217,41.414466207822869,-125.02389805381829,127.93483214950068,0.026471195593068719,-0.12494859810652462,0.50756173591035747,0.85209636067451722,12.280858706223244,-37.390822143963547,36.250286480907171,0.032959611360054861,0.022712209998397716,0.06499892291476618,2.9169064448779882,3.6879418172907266,-5.5224739314364371,0.78070014732597359,0.052569998497402931,-9.7777412869856217,0,53.506787804086834,149.73580729922065,132.13112045806287,24.057691550541072,0.0010238776635606297,0.0010243195984739151,0.0010589746511673807,0.099504173744352983,0.099399229717227616,0.073722427543236158,5.3567543957406398,0.0077357432990474463,0,0,0,149.73580729922065,132.13112045806287,24.057691550541072,497.6381958952872,3.8624629499892911,497.6381958952872,3.8624629499892911
745,1517157294224225355,42.652433510931722,-128.82475182799843,131.61413861957865,0.026033826692636822,-0.12671788995951319,0.50452309191416167,0.8536517240405056,12.265269647909841,-38.008689502853912,36.731800482243251,54.26161151244608,0.032959611360054861,0.022712209998397716,0.06499892291476618,2.9169064448779882,3.6879418172907266,-5.5224739314364371,0.78070014732597359,0.052569998497402931,-9.7777412869856217,42.652433510931722,-128.82475182799843,131.61413861957865,0.026033826692636822,-0.12671788995951319,0.50452309191416167,0.8536517240405056,12.265269647909841,-38.008689502853912,36.731800482243251,0.032959611360054861,0.022712209998397716,0.06499892291476618,2.9169064448779882,3.6879418172907266,-5.5224739314364371,0.78070014732597359,0.052569998497402931,-9.7777412869856217,0,54.26161151244608,158.59480260522483,139.80242365667655,25.41626993616913,0.0010238776635626233,0.0010243195984759087,0.0010589746511693744,0.099504173745149957,0.09939922971802459,0.073722427544033131,5.4328950438070933,0.0077393065419529032,0,0,0,158.59480260522483,139.80242365667655,25.41626993616913,534.41126816335816,4.0325290662447735,534.41126816335816,4.0325290662447735
746,1517157294325085474,43.888429476977052,-132.68805061903063,135.34194044592905,0.025601364599414894,-0.12848242458495626,0.50148387952781326,0.85519047894440503,12.241168143330585,-38.628973610572963,37.211798743671437,55.016013718363325,0.032959611360054861,0.022712209998397716,0.06499892291476618,2.9169064448779882,3.6879418172907266,-5.5224739314364371,0.78070014732597359,0.052569998497402931,-9.7777412869856217,43.888429476977052,-132.68805061903063,135.34194044592905,0.025601364599414894,-0.12848242458495626,0.50148387952781326,0.85519047894440503,12.241168143330585,-38.628973610572963,37.211798743671437,0.032959611360054861,0.022712209998397716,0.06499892291476618,2.9169064448779882,3.6879418172907266,-5.5224739314364371,0.78070014732597359,0.052569998497402931,-9.7777412869856217,0,55.016013718363325,167.83829281683455,147.79657921905525,26.840768496492068,0.0010238776635646263,0.0010243195984779116,0.0010589746511713773,0.099504173745950622,0.099399229718825255,0.073722427544833796,5.5090171567542452,0.0077214514189540588,0,0,0,167.83829281683455,147.79657921905525,26.840768496492068,573.33202421146177,4.2074961927664498,573.33202421146177,4.2074961927664498
747,1517157294425945355,45.121546772581816,-136.61397290907166,139.11807865790982,0.025173162182939138,-0.13025354339880266,0.49843665360792411,0.85671537203315695,12.208284221146906,-39.250705693894773,37.690218156215273,55.769280484475921,0.032959611360054861,0.022712209998397716,0.06499892291476618,2.9169064448779882,3.6879418172907266,-5.5224739314364371,0.78070014732597359,0.052569998497402931,-9.7777412869856217,45.121546772581816,-136.61397290907166,139.11807865790982,0.025173162182939138,-0.13025354339880266,0.49843665360792411,0.85671537203315695,12.208284221146906,-39.250705693894773,37.690218156215273,0.032959611360054861,0.022712209998397716,0.06499892291476618,2.9169064448779882,3.6879418172907266,-5.5224739314364371,0.78070014732597359,0.052569998497402931,-9.7777412869856217,0,55.769280484475921,177.47402601429098,156.12191641304699,28.331813212249077,0.001023877663566616,0.0010243195984799014,0.001058974651173367,0.099504173746745958,0.099399229719620591,0.073722427545629132,5.5850392915486182,0.0077281621306481028,0,0,0,177.47402601429098,156.12191641304699,28.331813212249077,614.48836196129525,4.3874004050778481,614.48836196129525,4.3874004050778481
748,1517157294526805473,46.35094275153066,-140.60268403638281,142.94241982649189,0.024745946757185507,-0.13201688077146295,0.49538336552835294,0.85822753537058949,12.16698352821288,-39.873837808968155,38.167170337288482,56.521600484658038,0.032959611360054861,0.022712209998397716,0.06499892291476618,2.9169064448779882,3.6879418172907266,-5.5224739314364371,0.78070014732597359,0.052569998497402931,-9.7777412869856217,46.35094275153066,-140.60268403638281,142.94241982649189,0.024745946757185507,-0.13201688077146295,0.49538336552835294,0.85822753537058949,12.16698352821288,-39.873837808968155,38.167170337288482,0.032959611360054861,0.022712209998397716,0.06499892291476618,2.9169064448779882,3.6879418172907266,-5.5224739314364371,0.78070014732597359,0.052569998497402931,-9.7777412869856217,0,56.521600484658038,187.51298937613893,164.78775421455813,29.892017888058557,0.0010238776635685901,0.0010243195984818755,0.0010589746511753411,0.099504173747535091,0.099399229720409724,0.073722427546418265,5.6609907528543975,0.0077203876248011574,0,0,0,187.51298937613893,164.78775421455813,29.892017888058557,657.97578797780614,4.5723166876561523,657.97578797780614,4.5723166876561523
749,1517157294627665354,47.575750868353666,-144.65431434844234,146.81480004046085,0.024310665156166464,-0.13378704429140784,0.49231855676229269,0.85972812970551227,12.116761098804504,-40.498610399856481,38.643026039517302,57.27335161604983,0.032959611360054861,0.022712209998397716,0.06499892291476618,2.9169064448779882,3.6879418172907266,-5.5224739314364371,0.78070014732597359,0.052569998497402931,-9.7777412869856217,47.575750868353666,-144.65431434844234,146.81480004046085,0.024310665156166464,-0.13378704429140784,0.49231855676229269,0.85972812970551227,12.116761098804504,-40.498610399856481,38.643026039517302,0.032959611360054861,0.022712209998397716,0.06499892291476618,2.9169064448779882,3.6879418172907266,-5.5224739314364371,0.78070014732597359,0.052569998497402931,-9.7777412869856217,0,57.27335161604983,197.96866725113418,173.80539935570363,31.52477095949293,0.0010238776635705606,0.0010243195984838459,0.0010589746511773116,0.099504173748322752,0.099399229721197385,0.073722427547205927,5.7368276625826455,0.0077376491932982907,0,0,0,197.96866725113418,173.80539935570363,31.52477095949293,703.89660997205476,4.7623493054086001,703.89660997205476,4.7623493054086001
750,1517157294728525473,48.795084537557251,-148.76903911074911,150.735113077557,0.023875300213332715,-0.13554936408244964,0.4892411814595542,0.86121972010668646,12.058013774036677,-41.124917788798761,39.117290442152267,58.024279149731903,0.032959611360054861,0.022712209998397716,0.06499892291476618,2.9169064448779882,3.6879418172907266,-5.5224739314364371,0.78070014732597359,0.052569998497402931,-9.7777412869856217,48.795084537557251,-148.76903911074911,150.735113077557,0.023875300213332715,-0.13554936408244964,0.4892411814595542,0.86121972010668646,12.058013774036677,-41.124917788798761,39.117290442152267,0.032959611360054861,0.022712209998397716,0.06499892291476618,2.9169064448779882,3.6879418172907266,-5.5224739314364371,0.78070014732597359,0.052569998497402931,-9.7777412869856217,0,58.024279149731903,208.84869660871991,183.18080338946621,33.232772377057344,0.0010238776635725392,0.0010243195984858246,0.0010589746511792902,0.099504173749113675,0.099399229721988308,0.073722427547996849,5.8126232266696922,0.0077434909657485363,0,0,0,208.84869660871991,183.18080338946621,33.232772377057344,752.34559685401791,4.9575279668100993,752.34559685401791,4.9575279668100993
751,1517157294829385353,50.008071515706973,-152.94697278900549,154.70319392663677,0.023172884982521937,-0.13752815267728924,0.48618095842303155,0.86265700037131499,11.989160832332402,-41.7528392421994,39.591530034245267,58.775239792799013,0.032959611360054861,0.022712209998397716,0.06499892291476618,2.9169064448779882,3.6879418172907266,-5.5224739314364371,0.78070014732597359,0.052569998497402931,-9.7777412869856217,50.008071515706973,-152.94697278900549,154.70319392663677,0.023172884982521937,-0.13752815267728924,0.48618095842303155,0.86265700037131499,11.989160832332402,-41.7528392421994,39.591530034245267,0.032959611360054861,0.022712209998397716,0.06499892291476618,2.9169064448779882,3.6879418172907266,-5.5224739314364371,0.78070014732597359,0.052569998497402931,-9.7777412869856217,0,58.775239792799013,220.17436952978281,192.93425614106965,35.019399426858634,0.0010238776635745378,0.0010243195984878232,0.0010589746511812889,0.099504173749912606,0.099399229722787238,0.07372242754879578,5.8883047521254621,0.0079598371742217282,0,0,0,220.17436952978281,192.93425614106965,35.019399426858634,803.44485209772847,5.1580518352035201,803.44485209772847,5.1580518352035201
752,1517157294930245472,51.213807105181147,-157.18828060827991,158.71897812880246,0.022090781297660764,-0.13913125694627435,0.48161614960634552,0.86498576587165876,11.919151617792446,-42.382626201702443,40.061843140429296,59.52566215380994,0.032959611360054861,0.022712209998397716,0.06499892291476618,2.9169064448779882,3.6879418172907266,-5.5224739314364371,0.78070014732597359,0.052569998497402931,-9.7777412869856217,51.213807105181147,-157.18828060827991,158.71897812880246,0.022090781297660764,-0.13913125694627435,0.48161614960634552,0.86498576587165876,11.919151617792446,-42.382626201702443,40.061843140429296,0.032959611360054861,0.022712209998397716,0.06499892291476618,2.9169064448779882,3.6879418172907266,-5.5224739314364371,0.78070014732597359,0.052569998497402931,-9.7777412869856217,0,59.52566215380994,231.93125260917157,203.04242093206443,36.888240947558934,0.0010238776635765412,0.0010243195984898266,0.0010589746511832923,0.099504173750713451,0.099399229723588084,0.073722427549596625,5.9639762816368194,0.010954742348118355,0,0,0,231.93125260917157,203.04242093206443,36.888240947558934,857.24903402037774,5.3636507095225605,857.24903402037774,5.3636507095225605
753,1517157295031044317,52.410393152624088,-161.49014397521074,162.77968231118791,0.021295884154823197,-0.14120687475558061,0.47841451767085458,0.8664448355905886,11.83018895183465,-43.009144947819223,40.53336090924757,60.271828132038216,0.032959611360054861,0.022712209998397716,0.06499892291476618,2.9169064448779882,3.6879418172907266,-5.5224739314364371,0.78070014732597359,0.052569998497402931,-9.7777412869856217,52.410393152624088,-161.49014397521074,162.77968231118791,0.021295884154823197,-0.14120687475558061,0.47841451767085458,0.8664448355905886,11.83018895183465,-43.009144947819223,40.53336090924757,0.032959611360054861,0.022712209998397716,0.06499892291476618,2.9169064448779882,3.6879418172907266,-5.5224739314364371,0.78070014732597359,0.052569998497402931,-9.7777412869856217,0,60.271828132038216,244.14425218750623,213.55548952925335,38.829422662547046,0.0010238776635785247,0.00102431959849181,0.0010589746511852757,0.099504173751506317,0.09939922972438095,0.073722427550389491,6.035492113615863,0.008323318388686541,0,0,0,244.14425218750623,213.55548952925335,38.829422662547046,913.88007001944243,5.5745987509371595,913.88007001944243,5.5745987509371595
754,1517157295131904436,53.600414520030455,-165.85440713165653,166.8899414580595,0.025828111446401847,-0.15708696435037878,0.47434738852438829,0.86582397130733235,11.768285700408345,-43.475382354305218,41.018481963475566,60.91894025479629,0.032959611360054861,0.022712209998397716,0.06499892291476618,2.9169064448779882,3.6879418172907266,-5.5224739314364371,0.78070014732597359,0.052569998497402931,-9.7777412869856217,53.600414520030455,-165.85440713165653,166.8899414580595,0.025828111446401847,-0.15708696435037878,0.47434738852438829,0.86582397130733235,11.768285700408345,-43.475382354305218,41.018481963475566,0.032959611360054861,0.022712209998397716,0.06499892291476618,2.9169064448779882,3.6879418172907266,-5.5224739314364371,0.78070014732597359,0.052569998497402931,-9.7777412869856217,0,60.91894025479629,256.35229648691234,224.56534692799335,40.357023410768086,0.0010238776635804971,0.0010243195984937824,0.0010589746511872481,0.099504173752294742,0.099399229725169375,0.073722427551177916,6.1120515383981662,0.034038350911030274,0,0,0,256.35229648691234,224.56534692799335,40.357023410768086,972.60114922288915,5.7860299648704414,972.60114922288915,5.7860299648704414
755,1517157295232764317,54.795662100526677,-170.24923181835723,171.05298618317892,0.019869455774969534,-0.16478818301238612,0.46635203446112233,0.86888770242227953,11.939766181981094,-43.741326213779885,41.564413990742757,61.509854054570305,0.032959611360054861,0.022712209998397716,0.06499892291476618,2.9169064448779882,3.6879418172907266,-5.5224739314364371,0.78070014732597359,0.052569998497402931,-9.7777412869856217,54.795662100526677,-170.24923181835723,171.05298618317892,0.019869455774969534,-0.16478818301238612,0.46635203446112233,0.86888770242227953,11.939766181981094,-43.741326213779885,41.564413990742757,0.032959611360054861,0.022712209998397716,0.06499892291476618,2.9169064448779882,3.6879418172907266,-5.5224739314364371,0.78070014732597359,0.052569998497402931,-9.7777412869856217,0,61.509854054570305,268.69301070922728,236.26738089060845,41.253340602128908,0.0010238776635824677,0.0010243195984957531,0.0010589746511892187,0.099504173753082528,0.099399229725957161,0.073722427551965702,6.1704166949129631,0.025932900865736686,0,0,0,268.69301070922728,236.26738089060845,41.253340602128908,1033.4407904488191,5.9986807110572986,1033.4407904488191,5.9986807110572986
756,1517157295333624436,56.004401316729187,-174.68300794748504,175.27390008464971,0.022186903478209737,-0.16553264263862671,0.460546200839,0.87178201543040423,12.039933218519161,-44.198748531883233,42.124599663660241,62.233200628882138,0.032959611360054861,0.022712209998397716,0.06499892291476618,2.9169064448779882,3.6879418172907266,-5.5224739314364371,0.78070014732597359,0.052569998497402931,-9.7777412869856217,56.004401316729187,-174.68300794748504,175.27390008464971,0.022186903478209737,-0.16553264263862671,0.460546200839,0.87178201543040423,12.039933218519161,-44.198748531883233,42.124599663660241,0.032959611360054861,0.022712209998397716,0.06499892291476618,2.9169064448779882,3.6879418172907266,-5.5224739314364371,0.78070014732597359,0.052569998497402931,-9.7777412869856217,0,62.233200628882138,282.35860837820303,248.56984476488375,42.791246855034899,0.0010238776635844485,0.0010243195984977339,0.0010589746511911996,0.099504173753874381,0.099399229726749014,0.073722427552757555,6.2398345666883532,0.013857810491797736,0,0,0,282.35860837820303,248.56984476488375,42.791246855034899,1098.959542650726,6.2258582368939255,1098.959542650726,6.2258582368939255
757,1517157295434484316,57.222031033112806,-179.15878152616281,179.54570806519305,0.023606970106782095,-0.1617285497215806,0.45523000401549046,0.87524409773011402,12.076217259147834,-44.578527945220394,42.612248526447473,62.840145619919276,0.032959611360054861,0.022712209998397716,0.06499892291476618,2.9169064448779882,3.6879418172907266,-5.5224739314364371,0.78070014732597359,0.052569998497402931,-9.7777412869856217,57.222031033112806,-179.15878152616281,179.54570806519305,0.023606970106782095,-0.1617285497215806,0.45523000401549046,0.87524409773011402,12.076217259147834,-44.578527945220394,42.612248526447473,0.032959611360054861,0.022712209998397716,0.06499892291476618,2.9169064448779882,3.6879418172907266,-5.5224739314364371,0.78070014732597359,0.052569998497402931,-9.7777412869856217,0,62.840145619919276,295.62149298365654,260.78824711674986,44.145058550152072,0.0010238776635864515,0.0010243195984997368,0.0010589746511932025,0.099504173754675032,0.099399229727549665,0.073722427553558206,6.3058317989337693,0.015064653054633828,0,0,0,295.62149298365654,260.78824711674986,44.145058550152072,1166.063259896111,6.4493458512284052,1166.063259896111,6.4493458512284052
758,1517157295535344435,58.434928319583989,-183.68138588377477,183.86979351876178,0.02553925263382786,-0.16531159966293946,0.44213153391581633,0.88121480259301488,12.021429208338599,-45.070046753835548,43.157754866000047,63.548530114218771,0.032959611360054861,0.022712209998397716,0.06499892291476618,2.9169064448779882,3.6879418172907266,-5.5224739314364371,0.78070014732597359,0.052569998497402931,-9.7777412869856217,58.434928319583989,-183.68138588377477,183.86979351876178,0.02553925263382786,-0.16531159966293946,0.44213153391581633,0.88121480259301488,12.021429208338599,-45.070046753835548,43.157754866000047,0.032959611360054861,0.022712209998397716,0.06499892291476618,2.9169064448779882,3.6879418172907266,-5.5224739314364371,0.78070014732597359,0.052569998497402931,-9.7777412869856217,0,63.548530114218771,310.28597169770842,273.99863318078337,45.947319189466931,0.0010238776635884555,0.0010243195985017409,0.0010589746511952066,0.099504173755476155,0.099399229728350788,0.073722427554359329,6.3736006317296399,0.02991958367522899,0,0,0,310.28597169770842,273.99863318078337,45.947319189466931,1238.324190458359,6.688513561339823,1238.324190458359,6.688513561339823
759,1517157295636204315,59.642196395555821,-188.25088791808184,188.2417327570046,0.01703272508083763,-0.16643151042529253,0.42968733456945934,0.88734392043022592,11.923818872337291,-45.623877672477867,43.583122578249686,64.212181430350654,0.032959611360054861,0.022712209998397716,0.06499892291476618,2.9169064448779882,3.6879418172907266,-5.5224739314364371,0.78070014732597359,0.052569998497402931,-9.7777412869856217,59.642196395555821,-188.25088791808184,188.2417327570046,0.01703272508083763,-0.16643151042529253,0.42968733456945934,0.88734392043022592,11.923818872337291,-45.623877672477867,43.583122578249686,0.032959611360054861,0.022712209998397716,0.06499892291476618,2.9169064448779882,3.6879418172907266,-5.5224739314364371,0.78070014732597359,0.052569998497402931,-9.7777412869856217,0,64.212181430350654,324.69805853792104,286.60328178342388,48.059202054900489,0.0010238776635904383,0.0010243195985037237,0.0010589746511971893,0.09950417375626873,0.099399229729143362,0.073722427555151904,6.4382992903160723,0.032621789788352069,0,0,0,324.69805853792104,286.60328178342388,48.059202054900489,1312.5339044842776,6.9247253661203958,1312.5339044842776,6.9247253661203958
760,1517157295737064434,60.843881948657916,-192.88159124133114,192.66336618416284,0.015971578456924453,-0.1662279169500317,0.41689431062053306,0.89348325226625847,11.843256033325209,-46.233928930944309,44.078085936050634,64.967042087879975,0.032959611360054861,0.022712209998397716,0.06499892291476618,2.9169064448779882,3.6879418172907266,-5.5224739314364371,0.78070014732597359,0.052569998497402931,-9.7777412869856217,60.843881948657916,-192.88159124133114,192.66336618416284,0.015971578456924453,-0.1662279169500317,0.41689431062053306,0.89348325226625847,11.843256033325209,-46.233928930944309,44.078085936050634,0.032959611360054861,0.022712209998397716,0.06499892291476618,2.9169064448779882,3.6879418172907266,-5.5224739314364371,0.78070014732597359,0.052569998497402931,-9.7777412869856217,0,64.967042087879975,340.44727014366123,300.20911110906235,50.444990593593374,0.0010238776635924098,0.0010243195985056952,0.0010589746511991609,0.099504173757056794,0.099399229729931426,0.073722427555939968,6.51446878883071,0.028462168404928202,0,0,0,340.44727014366123,300.20911110906235,50.444990593593374,1391.8942215447967,7.1750166623147456,1391.8942215447967,7.1750166623147456
761,1517157295837924315,62.032022127609679,-197.57511354453919,197.13285682335371,0.01610860205647854,-0.16942107408356333,0.40323717662197139,0.89913113169665693,11.697387021247264,-46.912833816449329,44.54922939652792,65.744023908178164,0.032959611360054861,0.022712209998397716,0.06499892291476618,2.9169064448779882,3.6879418172907266,-5.5224739314364371,0.78070014732597359,0.052569998497402931,-9.7777412869856217,62.032022127609679,-197.57511354453919,197.13285682335371,0.01610860205647854,-0.16942107408356333,0.40323717662197139,0.89913113169665693,11.697387021247264,-46.912833816449329,44.54922939652792,0.032959611360054861,0.022712209998397716,0.06499892291476618,2.9169064448779882,3.6879418172907266,-5.5224739314364371,0.78070014732597359,0.052569998497402931,-9.7777412869856217,0,65.744023908178164,356.80291268260396,314.0565732944728,53.231763612001629,0.0010238776635943818,0.0010243195985076671,0.0010589746512011328,0.09950417375784508,0.099399229730719713,0.073722427556728254,6.589171060866895,0.03024137795806324,0,0,0,356.80291268260396,314.0565732944728,53.231763612001629,1475.2222445533791,7.4318682109286875,1475.2222445533791,7.4318682109286875
762,1517157295938784433,63.205802690331502,-202.33438034781531,201.64737269240464,0.018265583024234141,-0.1674866765853662,0.38809881279425962,0.90608713331051793,11.546982591399836,-47.477992012877486,44.984212233600275,66.415900828179261,0.032959611360054861,0.022712209998397716,0.06499892291476618,2.9169064448779882,3.6879418172907266,-5.5224739314364371,0.78070014732597359,0.052569998497402931,-9.7777412869856217,63.205802690331502,-202.33438034781531,201.64737269240464,0.018265583024234141,-0.1674866765853662,0.38809881279425962,0.90608713331051793,11.546982591399836,-47.477992012877486,44.984212233600275,0.032959611360054861,0.022712209998397716,0.06499892291476618,2.9169064448779882,3.6879418172907266,-5.5224739314364371,0.78070014732597359,0.052569998497402931,-9.7777412869856217,0,66.415900828179261,372.77227215277236,327.95046674369843,55.706676026904852,0.0010238776635963661,0.0010243195985096514,0.0010589746512031171,0.099504173758638334,0.099399229731512967,0.073722427557521508,6.6640254235786349,0.033820543617234237,0,0,0,372.77227215277236,327.95046674369843,55.706676026904852,1560.5435534878998,7.6853232572828629,1560.5435534878998,7.6853232572828629
763,1517157296039583279,64.356468794826213,-207.15304579537786,206.20398103262391,0.015022771589485173,-0.17268859171609802,0.37050831463868933,0.91251112618339703,11.277817754814393,-48.183569615528668,45.467712303013279,67.202369126950344,0.032959611360054861,0.022712209998397716,0.06499892291476618,2.9169064448779882,3.6879418172907266,-5.5224739314364371,0.78070014732597359,0.052569998497402931,-9.7777412869856217,64.356468794826213,-207.15304579537786,206.20398103262391,0.015022771589485173,-0.17268859171609802,0.37050831463868933,0.91251112618339703,11.277817754814393,-48.183569615528668,45.467712303013279,0.032959611360054861,0.022712209998397716,0.06499892291476618,2.9169064448779882,3.6879418172907266,-5.5224739314364371,0.78070014732597359,0.052569998497402931,-9.7777412869856217,0,67.202369126950344,390.3568202157366,342.7816513614714,58.972170452277524,0.0010238776635983671,0.0010243195985116524,0.0010589746512051181,0.09950417375943825,0.099399229732312883,0.073722427558321424,6.7309916613915117,0.039409725713806742,0,0,0,390.3568202157366,342.7816513614714,58.972170452277524,1652.1687065970821,7.9560867144431278,1652.1687065970821,7.9560867144431278
764,1517157296140443398,65.484187197525273,-212.04444358509522,210.81365036307872,0.011281689188496802,-0.17125357078791509,0.35739597970798981,0.91804850180696917,11.047402049476206,-48.855071361495227,45.916349500197043,67.949792061520014,0.032959611360054861,0.022712209998397716,0.06499892291476618,2.9169064448779882,3.6879418172907266,-5.5224739314364371,0.78070014732597359,0.052569998497402931,-9.7777412869856217,65.484187197525273,-212.04444358509522,210.81365036307872,0.011281689188496802,-0.17125357078791509,0.35739597970798981,0.91804850180696917,11.047402049476206,-48.855071361495227,45.916349500197043,0.032959611360054861,0.022712209998397716,0.06499892291476618,2.9169064448779882,3.6879418172907266,-5.5224739314364371,0.78070014732597359,0.052569998497402931,-9.7777412869856217,0,67.949792061520014,407.93534471651435,357.60909904002028,62.198951384208833,0.0010238776636003672,0.0010243195985136526,0.0010589746512071182,0.099504173760237832,0.099399229733112465,0.073722427559121007,6.8151722259363083,0.029573963066089375,0,0,0,407.93534471651435,357.60909904002028,62.198951384208833,1746.7064366510542,8.22661204987822,1746.7064366510542,8.22661204987822
765,1517157296241304470,66.583345624697799,-217.00587633610166,215.46135577815386,0.013452201677597905,-0.18194003369153935,0.33870216374426321,0.92303721847242604,10.769248575709055,-49.521728428255336,46.320667649278825,68.658448517878924,0.032959611360054861,0.022712209998397716,0.06499892291476618,2.9169064448779882,3.6879418172907266,-5.5224739314364371,0.78070014732597359,0.052569998497402931,-9.7777412869856217,66.583345624697799,-217.00587633610166,215.46135577815386,0.013452201677597905,-0.18194003369153935,0.33870216374426321,0.92303721847242604,10.769248575709055,-49.521728428255336,46.320667649278825,0.032959611360054861,0.022712209998397716,0.06499892291476618,2.9169064448779882,3.6879418172907266,-5.5224739314364371,0.78070014732597359,0.052569998497402931,-9.7777412869856217,0,68.658448517878924,425.52197525692645,372.39141612018437,65.613017239053875,0.0010238776636023465,0.0010243195985156319,0.0010589746512090976,0.099504173761029088,0.099399229733903721,0.073722427559912262,6.8865905799678897,0.044419722633240788,0,0,0,425.52197525692645,372.39141612018437,65.613017239053875,1844.3623069509813,8.4979812282727369,1844.3623069509813,8.4979812282727369
