frame_id,time_s,alpha,source_points,target_points,source_hash_expected,source_hash_actual,score,per_point_score,pose_matrix16,endpoint_translation_delta_m,endpoint_rotation_delta_deg,evaluation_runtime_ms,input_bag_sha256,input_map_sha256,score_correct_endpoint,score_wrong_endpoint,maximum_interior_score,minimum_interior_score,local_maxima_count_interior,local_minima_count_interior,endpoint_peak_count,endpoint_valley_count,detected_local_extrema_count,profile_description,two_peak_with_valley,profile_samples
P2F072,286.022800281,0,708,549606,2666373000411026441,2666373000411026441,1957.59164622479,2.7649599522949,0.999810516834259;0.0162724796682596;0.0106798447668552;10.3246355056763;-0.016232518479228;0.999860942363739;-0.00381765724159777;5.29212188720703;-0.0107404822483659;0.00364357302896678;0.999935686588287;7.76485776901245;0;0;0;1,2.98023223876953e-08,1.82499452229646e-07,225.917285,860d41e88038165be469420b2c9e4db1e164ded4d58952b7b507ee01a4b0a9db,2b571af236738a0664befacdc9c783246e991416a8915bcfebb9d2dc074e4570,2.7649599522949,1.83215828301552,2.70378057940106,0.883721552026664,4,4,1,1,10,UNCLEAR,0,51
P2F072,286.022800281,0.02,708,549606,2666373000411026441,2666373000411026441,1914.27665021595,2.70378057940106,0.999875962734222;0.0117457788437605;0.0104903960600495;10.3920230865479;-0.0117147648707032;0.999926805496216;-0.00301272561773658;5.16984844207764;-0.0105250161141157;0.00288945948705077;0.999940454959869;7.73415851593018;0;0;0;1,2.98023223876953e-08,1.82499452229646e-07,202.953146,860d41e88038165be469420b2c9e4db1e164ded4d58952b7b507ee01a4b0a9db,2b571af236738a0664befacdc9c783246e991416a8915bcfebb9d2dc074e4570,2.7649599522949,1.83215828301552,2.70378057940106,0.883721552026664,4,4,1,1,10,UNCLEAR,0,51
P2F072,286.022800281,0.04,708,549606,2666373000411026441,2666373000411026441,1773.00551765854,2.50424508143862,0.999920845031738;0.00721898023039103;0.0102973049506545;10.4599704742432;-0.00719659868627787;0.999971628189087;-0.00220865709707141;5.04785823822021;-0.0103129576891661;0.00213437643833458;0.999944567680359;7.70356559753418;0;0;0;1,2.98023223876953e-08,1.82499452229646e-07,198.924179,860d41e88038165be469420b2c9e4db1e164ded4d58952b7b507ee01a4b0a9db,2b571af236738a0664befacdc9c783246e991416a8915bcfebb9d2dc074e4570,2.7649599522949,1.83215828301552,2.70378057940106,0.883721552026664,4,4,1,1,10,UNCLEAR,0,51
P2F072,286.022800281,0.06,708,549606,2666373000411026441,2666373000411026441,1549.92053483126,2.18915329778426,0.999945282936096;0.0026921818498522;0.0101005751639605;10.5284748077393;-0.00267811631783843;0.999995410442352;-0.00140546727925539;4.9261531829834;-0.0101043125614524;0.00137833971530199;0.999947965145111;7.67307901382446;0;0;0;1,2.98023223876953e-08,1.82499452229646e-07,187.176082,860d41e88038165be469420b2c9e4db1e164ded4d58952b7b507ee01a4b0a9db,2b571af236738a0664befacdc9c783246e991416a8915bcfebb9d2dc074e4570,2.7649599522949,1.83215828301552,2.70378057940106,0.883721552026664,4,4,1,1,10,UNCLEAR,0,51
P2F072,286.022800281,0.08,708,549606,2666373000411026441,2666373000411026441,1331.12659290299,1.88012230636016,0.999949336051941;-0.00183451944030821;0.00990021228790283;10.5975360870361;0.00184058398008347;0.999998092651367;-0.000603174092248082;4.80473709106445;-0.00989908631891012;0.000621365383267403;0.99995082616806;7.64269828796387;0;0;0;1,2.98023223876953e-08,1.82499452229646e-07,180.304831,860d41e88038165be469420b2c9e4db1e164ded4d58952b7b507ee01a4b0a9db,2b571af236738a0664befacdc9c783246e991416a8915bcfebb9d2dc074e4570,2.7649599522949,1.83215828301552,2.70378057940106,0.883721552026664,4,4,1,1,10,UNCLEAR,0,51
P2F072,286.022800281,0.1,708,549606,2666373000411026441,2666373000411026441,1175.14913069862,1.65981515635398,0.999932706356049;-0.00636103423312306;0.00969621818512678;10.6671524047852;0.00635941326618195;0.999979794025421;0.000198206165805459;4.68361139297485;-0.00969728175550699;-0.000136530492454767;0.999952971935272;7.61242389678955;0;0;0;1,2.98023223876953e-08,1.82499452229646e-07,166.633779,860d41e88038165be469420b2c9e4db1e164ded4d58952b7b507ee01a4b0a9db,2b571af236738a0664befacdc9c783246e991416a8915bcfebb9d2dc074e4570,2.7649599522949,1.83215828301552,2.70378057940106,0.883721552026664,4,4,1,1,10,UNCLEAR,0,51
P2F072,286.022800281,0.12,708,549606,2666373000411026441,2666373000411026441,1082.90287600315,1.52952383616264,0.999895632266998;-0.0108872577548027;0.00948859937489033;10.737322807312;0.0108782714232802;0.999940276145935;0.000998655334115028;4.56277942657471;-0.00949890539050102;-0.000895332079380751;0.999954521656036;7.58225536346436;0;0;0;1,2.98023223876953e-08,1.82499452229646e-07,143.044415,860d41e88038165be469420b2c9e4db1e164ded4d58952b7b507ee01a4b0a9db,2b571af236738a0664befacdc9c783246e991416a8915bcfebb9d2dc074e4570,2.7649599522949,1.83215828301552,2.70378057940106,0.883721552026664,4,4,1,1,10,UNCLEAR,0,51
P2F072,286.022800281,0.14,708,549606,2666373000411026441,2666373000411026441,1032.86683685597,1.45885146448584,0.99983811378479;-0.0154131064191461;0.00927735865116119;10.8080453872681;0.0153970643877983;0.999879837036133;0.00179815804585814;4.4422435760498;-0.00930395815521479;-0.00165502354502678;0.999955356121063;7.55219268798828;0;0;0;1,2.98023223876953e-08,1.82499452229646e-07,133.669963,860d41e88038165be469420b2c9e4db1e164ded4d58952b7b507ee01a4b0a9db,2b571af236738a0664befacdc9c783246e991416a8915bcfebb9d2dc074e4570,2.7649599522949,1.83215828301552,2.70378057940106,0.883721552026664,4,4,1,1,10,UNCLEAR,0,51
P2F072,286.022800281,0.16,708,549606,2666373000411026441,2666373000411026441,979.535958354374,1.38352536490731,0.999760091304779;-0.0199384726583958;0.00906250067055225;10.879319190979;0.0199156999588013;0.999798357486725;0.00259669683873653;4.32200622558594;-0.00911244656890631;-0.0024155885912478;0.999955594539642;7.52223539352417;0;0;0;1,2.98023223876953e-08,1.82499452229646e-07,124.068036,860d41e88038165be469420b2c9e4db1e164ded4d58952b7b507ee01a4b0a9db,2b571af236738a0664befacdc9c783246e991416a8915bcfebb9d2dc074e4570,2.7649599522949,1.83215828301552,2.70378057940106,0.883721552026664,4,4,1,1,10,UNCLEAR,0,51
P2F072,286.022800281,0.18,708,549606,2666373000411026441,2666373000411026441,892.682270860981,1.26085066505788,0.999661564826965;-0.0244632624089718;0.00884403008967638;10.9511423110962;0.0244340728968382;0.999695658683777;0.0033942551817745;4.20207023620605;-0.00892437435686588;-0.00317701091989875;0.999955117702484;7.49238395690918;0;0;0;1,2.98023223876953e-08,1.82499452229646e-07,116.064719,860d41e88038165be469420b2c9e4db1e164ded4d58952b7b507ee01a4b0a9db,2b571af236738a0664befacdc9c783246e991416a8915bcfebb9d2dc074e4570,2.7649599522949,1.83215828301552,2.70378057940106,0.883721552026664,4,4,1,1,10,UNCLEAR,0,51
P2F072,286.022800281,0.2,708,549606,2666373000411026441,2666373000411026441,799.056204166523,1.12861045786232,0.999542534351349;-0.0289873946458101;0.0086219534277916;11.0235137939453;0.0289520956575871;0.999571979045868;0.00419081468135118;4.08243799209595;-0.00873974338173866;-0.00393927516415715;0.999954044818878;7.46263790130615;0;0;0;1,2.98023223876953e-08,1.82499452229646e-07,106.531447,860d41e88038165be469420b2c9e4db1e164ded4d58952b7b507ee01a4b0a9db,2b571af236738a0664befacdc9c783246e991416a8915bcfebb9d2dc074e4570,2.7649599522949,1.83215828301552,2.70378057940106,0.883721552026664,4,4,1,1,10,UNCLEAR,0,51
P2F072,286.022800281,0.22,708,549606,2666373000411026441,2666373000411026441,703.765541069245,0.994019125804019,0.999403059482574;-0.0335107520222664;0.00839627254754305;11.0964326858521;0.0334696806967258;0.999427258968353;0.00498636066913605;3.96311235427856;-0.00855855923146009;-0.00470236456021667;0.99995231628418;7.43299722671509;0;0;0;1,2.98023223876953e-08,1.82499452229646e-07,101.480904,860d41e88038165be469420b2c9e4db1e164ded4d58952b7b507ee01a4b0a9db,2b571af236738a0664befacdc9c783246e991416a8915bcfebb9d2dc074e4570,2.7649599522949,1.83215828301552,2.70378057940106,0.883721552026664,4,4,1,1,10,UNCLEAR,0,51
P2F072,286.022800281,0.24,708,549606,2666373000411026441,2666373000411026441,638.021871621467,0.901160835623541,0.999243080615997;-0.0380332581698895;0.00816699303686619;11.1698970794678;0.0379867106676102;0.999261498451233;0.00578087521716952;3.84409523010254;-0.00838082656264305;-0.00546626280993223;0.999949932098389;7.40346145629883;0;0;0;1,2.98023223876953e-08,1.82499452229646e-07,99.760839,860d41e88038165be469420b2c9e4db1e164ded4d58952b7b507ee01a4b0a9db,2b571af236738a0664befacdc9c783246e991416a8915bcfebb9d2dc074e4570,2.7649599522949,1.83215828301552,2.70378057940106,0.883721552026664,4,4,1,1,10,UNCLEAR,0,51
P2F072,286.022800281,0.26,708,549606,2666373000411026441,2666373000411026441,625.674858834878,0.883721552026664,0.999062538146973;-0.0425548031926155;0.00793412141501904;11.2439050674438;0.0425031110644341;0.999074637889862;0.00657434156164527;3.72538995742798;-0.00820654910057783;-0.00623095454648137;0.99994695186615;7.37403106689453;0;0;0;1,2.98023223876953e-08,1.82499452229646e-07,103.551365,860d41e88038165be469420b2c9e4db1e164ded4d58952b7b507ee01a4b0a9db,2b571af236738a0664befacdc9c783246e991416a8915bcfebb9d2dc074e4570,2.7649599522949,1.83215828301552,2.70378057940106,0.883721552026664,4,4,1,1,10,UNCLEAR,0,51
P2F072,286.022800281,0.28,708,549606,2666373000411026441,2666373000411026441,681.286768960502,0.962269447684325,0.99886167049408;-0.0470753088593483;0.00769765954464674;11.318455696106;0.0470187813043594;0.998866856098175;0.0073667443357408;3.60699844360352;-0.00803572870790958;-0.00699642393738031;0.999943256378174;7.34470558166504;0;0;0;1,2.98023223876953e-08,1.82499452229646e-07,98.789757,860d41e88038165be469420b2c9e4db1e164ded4d58952b7b507ee01a4b0a9db,2b571af236738a0664befacdc9c783246e991416a8915bcfebb9d2dc074e4570,2.7649599522949,1.83215828301552,2.70378057940106,0.883721552026664,4,4,1,1,10,UNCLEAR,0,51
P2F072,286.022800281,0.3,708,549606,2666373000411026441,2666373000411026441,767.268830683241,1.08371303768819,0.998640239238739;-0.051594652235508;0.00745761441066861;11.3935480117798;0.0515336208045483;0.998637974262238;0.00815806351602077;3.48892307281494;-0.00786837004125118;-0.00776265421882272;0.999938905239105;7.31548500061035;0;0;0;1,2.98023223876953e-08,1.82499452229646e-07,98.267899,860d41e88038165be469420b2c9e4db1e164ded4d58952b7b507ee01a4b0a9db,2b571af236738a0664befacdc9c783246e991416a8915bcfebb9d2dc074e4570,2.7649599522949,1.83215828301552,2.70378057940106,0.883721552026664,4,4,1,1,10,UNCLEAR,0,51
P2F072,286.022800281,0.32,708,549606,2666373000411026441,2666373000411026441,847.987683144927,1.19772271630639,0.998398303985596;-0.0561127699911594;0.00721399206668139;11.4691801071167;0.0560475327074528;0.99838799238205;0.00894828699529171;3.37116718292236;-0.00770447542890906;-0.00852962769567966;0.999933958053589;7.28636932373047;0;0;0;1,2.98023223876953e-08,1.82499452229646e-07,105.666665,860d41e88038165be469420b2c9e4db1e164ded4d58952b7b507ee01a4b0a9db,2b571af236738a0664befacdc9c783246e991416a8915bcfebb9d2dc074e4570,2.7649599522949,1.83215828301552,2.70378057940106,0.883721552026664,4,4,1,1,10,UNCLEAR,0,51
P2F072,286.022800281,0.34,708,549606,2666373000411026441,2666373000411026441,886.625062033251,1.2522952853577,0.998135983943939;-0.0606295503675938;0.0069667948409915;11.5453500747681;0.0605604276061058;0.998117029666901;0.00973739288747311;3.25373268127441;-0.00754405092447996;-0.0092973317950964;0.999928295612335;7.25735759735107;0;0;0;1,2.98023223876953e-08,1.82499452229646e-07,105.923823,860d41e88038165be469420b2c9e4db1e164ded4d58952b7b507ee01a4b0a9db,2b571af236738a0664befacdc9c783246e991416a8915bcfebb9d2dc074e4570,2.7649599522949,1.83215828301552,2.70378057940106,0.883721552026664,4,4,1,1,10,UNCLEAR,0,51
P2F072,286.022800281,0.36,708,549606,2666373000411026441,2666373000411026441,876.561074509201,1.23808061371356,0.99785315990448;-0.0651448890566826;0.00671603018417954;11.6220569610596;0.0650722160935402;0.997825026512146;0.0105253690853715;3.13662266731262;-0.00738709792494774;-0.0100657474249601;0.999922037124634;7.22845077514648;0;0;0;1,2.98023223876953e-08,1.82499452229646e-07,108.888121,860d41e88038165be469420b2c9e4db1e164ded4d58952b7b507ee01a4b0a9db,2b571af236738a0664befacdc9c783246e991416a8915bcfebb9d2dc074e4570,2.7649599522949,1.83215828301552,2.70378057940106,0.883721552026664,4,4,1,1,10,UNCLEAR,0,51
P2F072,286.022800281,0.38,708,549606,2666373000411026441,2666373000411026441,827.376129927774,1.16861035300533,0.997549891471863;-0.0696587041020393;0.0064617027528584;11.6992988586426;0.0695827826857567;0.997511982917786;0.0113121960312128;3.01983857154846;-0.00723361875861883;-0.0108348578214645;0.99991512298584;7.19964838027954;0;0;0;1,2.98023223876953e-08,1.82499452229646e-07,109.445667,860d41e88038165be469420b2c9e4db1e164ded4d58952b7b507ee01a4b0a9db,2b571af236738a0664befacdc9c783246e991416a8915bcfebb9d2dc074e4570,2.7649599522949,1.83215828301552,2.70378057940106,0.883721552026664,4,4,1,1,10,UNCLEAR,0,51
P2F072,286.022800281,0.4,708,549606,2666373000411026441,2666373000411026441,782.290301282733,1.10492980407166,0.997226178646088;-0.0741709098219872;0.0062038186006248;11.7770738601685;0.0740920528769493;0.997178018093109;0.0120978578925133;2.90338397026062;-0.00708361994475126;-0.0116046508774161;0.999907553195953;7.17094993591309;0;0;0;1,2.98023223876953e-08,1.82499452229646e-07,105.929898,860d41e88038165be469420b2c9e4db1e164ded4d58952b7b507ee01a4b0a9db,2b571af236738a0664befacdc9c783246e991416a8915bcfebb9d2dc074e4570,2.7649599522949,1.83215828301552,2.70378057940106,0.883721552026664,4,4,1,1,10,UNCLEAR,0,51
P2F072,286.022800281,0.42,708,549606,2666373000411026441,2666373000411026441,724.151846549324,1.02281334258379,0.996882021427155;-0.0786813795566559;0.00594238145276904;11.8553819656372;0.0785999298095703;0.996822953224182;0.0128823406994343;2.78726100921631;-0.00693710241466761;-0.0123751033097506;0.999899327754974;7.14235544204712;0;0;0;1,2.98023223876953e-08,1.82499452229646e-07,99.105024,860d41e88038165be469420b2c9e4db1e164ded4d58952b7b507ee01a4b0a9db,2b571af236738a0664befacdc9c783246e991416a8915bcfebb9d2dc074e4570,2.7649599522949,1.83215828301552,2.70378057940106,0.883721552026664,4,4,1,1,10,UNCLEAR,0,51
P2F072,286.022800281,0.44,708,549606,2666373000411026441,2666373000411026441,710.694506127989,1.0038057996158,0.996517539024353;-0.0831900462508202;0.00567739782854915;11.9342212677002;0.0831063091754913;0.996447026729584;0.0136656239628792;2.67147183418274;-0.00679406896233559;-0.0131462076678872;0.999890506267548;7.11386489868164;0;0;0;1,2.98023223876953e-08,1.82499452229646e-07,95.20254,860d41e88038165be469420b2c9e4db1e164ded4d58952b7b507ee01a4b0a9db,2b571af236738a0664befacdc9c783246e991416a8915bcfebb9d2dc074e4570,2.7649599522949,1.83215828301552,2.70378057940106,0.883721552026664,4,4,1,1,10,UNCLEAR,0,51
P2F072,286.022800281,0.46,708,549606,2666373000411026441,2666373000411026441,708.34455702533,1.00048666246515,0.996132493019104;-0.0876968055963516;0.00540887424722314;12.0135889053345;0.0876110941171646;0.99604994058609;0.0144476927816868;2.55601930618286;-0.00665452471002936;-0.0139179416000843;0.999880969524384;7.08547830581665;0;0;0;1,2.98023223876953e-08,1.82499452229646e-07,92.158762,860d41e88038165be469420b2c9e4db1e164ded4d58952b7b507ee01a4b0a9db,2b571af236738a0664befacdc9c783246e991416a8915bcfebb9d2dc074e4570,2.7649599522949,1.83215828301552,2.70378057940106,0.883721552026664,4,4,1,1,10,UNCLEAR,0,51
P2F072,286.022800281,0.48,708,549606,2666373000411026441,2666373000411026441,736.768948820618,1.0406341085037,0.995727121829987;-0.0922015681862831;0.00513681443408132;12.09348487854;0.0921142026782036;0.995631992816925;0.0152285303920507;2.44090580940247;-0.0065184710547328;-0.0146902902051806;0.999870836734772;7.05719518661499;0;0;0;1,2.98023223876953e-08,1.82499452229646e-07,92.264573,860d41e88038165be469420b2c9e4db1e164ded4d58952b7b507ee01a4b0a9db,2b571af236738a0664befacdc9c783246e991416a8915bcfebb9d2dc074e4570,2.7649599522949,1.83215828301552,2.70378057940106,0.883721552026664,4,4,1,1,10,UNCLEAR,0,51
P2F072,286.022800281,0.5,708,549606,2666373000411026441,2666373000411026441,781.643242366025,1.10401587904806,0.995301187038422;-0.0967042148113251;0.0048612249083817;12.1739063262939;0.0966155230998993;0.995193004608154;0.0160081218928099;2.32613372802734;-0.00638590939342976;-0.0154632348567247;0.999860048294067;7.02901554107666;0;0;0;1,2.98023223876953e-08,1.82499452229646e-07,95.50286,860d41e88038165be469420b2c9e4db1e164ded4d58952b7b507ee01a4b0a9db,2b571af236738a0664befacdc9c783246e991416a8915bcfebb9d2dc074e4570,2.7649599522949,1.83215828301552,2.70378057940106,0.883721552026664,4,4,1,1,10,UNCLEAR,0,51
P2F072,286.022800281,0.52,708,549606,2666373000411026441,2666373000411026441,808.871400399434,1.14247372937773,0.994855105876923;-0.101204678416252;0.0045821126550436;12.2548522949219;0.101114965975285;0.994733095169067;0.0167864486575127;2.21170568466187;-0.00625684577971697;-0.0162367634475231;0.999848604202271;7.0009388923645;0;0;0;1,2.98023223876953e-08,1.82499452229646e-07,97.694358,860d41e88038165be469420b2c9e4db1e164ded4d58952b7b507ee01a4b0a9db,2b571af236738a0664befacdc9c783246e991416a8915bcfebb9d2dc074e4570,2.7649599522949,1.83215828301552,2.70378057940106,0.883721552026664,4,4,1,1,10,UNCLEAR,0,51
P2F072,286.022800281,0.54,708,549606,2666373000411026441,2666373000411026441,835.931582386015,1.18069432540398,0.994388401508331;-0.105702854692936;0.00429948233067989;12.3363218307495;0.105612449347973;0.994252264499664;0.0175634957849979;2.09762406349182;-0.00613128067925572;-0.017010860145092;0.999836504459381;6.97296571731567;0;0;0;1,2.98023223876953e-08,1.82499452229646e-07,101.209637,860d41e88038165be469420b2c9e4db1e164ded4d58952b7b507ee01a4b0a9db,2b571af236738a0664befacdc9c783246e991416a8915bcfebb9d2dc074e4570,2.7649599522949,1.83215828301552,2.70378057940106,0.883721552026664,4,4,1,1,10,UNCLEAR,0,51
P2F072,286.022800281,0.56,708,549606,2666373000411026441,2666373000411026441,839.559065668637,1.18581788936248,0.993901371955872;-0.11019866168499;0.00401333905756474;12.4183120727539;0.110107868909836;0.993750333786011;0.0183392465114594;1.98389077186584;-0.00600921688601375;-0.0177855044603348;0.999823749065399;6.94509553909302;0;0;0;1,2.98023223876953e-08,1.82499452229646e-07,102.583287,860d41e88038165be469420b2c9e4db1e164ded4d58952b7b507ee01a4b0a9db,2b571af236738a0664befacdc9c783246e991416a8915bcfebb9d2dc074e4570,2.7649599522949,1.83215828301552,2.70378057940106,0.883721552026664,4,4,1,1,10,UNCLEAR,0,51
P2F072,286.022800281,0.58,708,549606,2666373000411026441,2666373000411026441,871.448244682635,1.23085910265909,0.993394076824188;-0.114691972732544;0.00372369168326259;12.5008220672607;0.114601120352745;0.993227660655975;0.0191136840730906;1.87050938606262;-0.00589065905660391;-0.0185606814920902;0.999810397624969;6.91732788085938;0;0;0;1,2.98023223876953e-08,1.82499452229646e-07,110.290265,860d41e88038165be469420b2c9e4db1e164ded4d58952b7b507ee01a4b0a9db,2b571af236738a0664befacdc9c783246e991416a8915bcfebb9d2dc074e4570,2.7649599522949,1.83215828301552,2.70378057940106,0.883721552026664,4,4,1,1,10,UNCLEAR,0,51
P2F072,286.022800281,0.6,708,549606,2666373000411026441,2666373000411026441,901.413131983021,1.27318238980653,0.992866396903992;-0.119182705879211;0.00343054300174117;12.5838508605957;0.119092114269733;0.992684006690979;0.0198867898434401;1.75748133659363;-0.00577560672536492;-0.0193363782018423;0.999796330928802;6.8896632194519;0;0;0;1,2.98023223876953e-08,1.82499452229646e-07,114.139878,860d41e88038165be469420b2c9e4db1e164ded4d58952b7b507ee01a4b0a9db,2b571af236738a0664befacdc9c783246e991416a8915bcfebb9d2dc074e4570,2.7649599522949,1.83215828301552,2.70378057940106,0.883721552026664,4,4,1,1,10,UNCLEAR,0,51
P2F072,286.022800281,0.62,708,549606,2666373000411026441,2666373000411026441,967.157125173301,1.36604113725043,0.992318272590637;-0.123670794069767;0.00313390186056495;12.6673955917358;0.123580768704414;0.992119491100311;0.020658552646637;1.64480924606323;-0.00566406361758709;-0.0201125703752041;0.999781668186188;6.86210107803345;0;0;0;1,2.98023223876953e-08,1.82499452229646e-07,124.843769,860d41e88038165be469420b2c9e4db1e164ded4d58952b7b507ee01a4b0a9db,2b571af236738a0664befacdc9c783246e991416a8915bcfebb9d2dc074e4570,2.7649599522949,1.83215828301552,2.70378057940106,0.883721552026664,4,4,1,1,10,UNCLEAR,0,51
P2F072,286.022800281,0.64,708,549606,2666373000411026441,2666373000411026441,1061.54956768735,1.49936379616857,0.991749942302704;-0.128156110644341;0.00283377338200808;12.7514543533325;0.128066971898079;0.991533935070038;0.0214289519935846;1.53249549865723;-0.00555603252723813;-0.020889250561595;0.99976634979248;6.83464097976685;0;0;0;1,2.98023223876953e-08,1.82499452229646e-07,142.024375,860d41e88038165be469420b2c9e4db1e164ded4d58952b7b507ee01a4b0a9db,2b571af236738a0664befacdc9c783246e991416a8915bcfebb9d2dc074e4570,2.7649599522949,1.83215828301552,2.70378057940106,0.883721552026664,4,4,1,1,10,UNCLEAR,0,51
P2F072,286.022800281,0.66,708,549606,2666373000411026441,2666373000411026441,1161.45942079992,1.6404794079095,0.991161167621613;-0.132638558745384;0.002530163154006;12.8360271453857;0.132550641894341;0.990927696228027;0.022197974845767;1.42054319381714;-0.00545151578262448;-0.0216663964092731;0.999750375747681;6.80728340148926;0;0;0;1,2.98023223876953e-08,1.82499452229646e-07,144.998101,860d41e88038165be469420b2c9e4db1e164ded4d58952b7b507ee01a4b0a9db,2b571af236738a0664befacdc9c783246e991416a8915bcfebb9d2dc074e4570,2.7649599522949,1.83215828301552,2.70378057940106,0.883721552026664,4,4,1,1,10,UNCLEAR,0,51
P2F072,286.022800281,0.68,708,549606,2666373000411026441,2666373000411026441,1254.79356611307,1.77230729676988,0.990552246570587;-0.137118071317673;0.00222308002412319;12.9211111068726;0.137031674385071;0.990300357341766;0.0229656007140875;1.30895376205444;-0.00535051571205258;-0.0224439948797226;0.999733746051788;6.78002738952637;0;0;0;1,2.98023223876953e-08,1.82499452229646e-07,151.637687,860d41e88038165be469420b2c9e4db1e164ded4d58952b7b507ee01a4b0a9db,2b571af236738a0664befacdc9c783246e991416a8915bcfebb9d2dc074e4570,2.7649599522949,1.83215828301552,2.70378057940106,0.883721552026664,4,4,1,1,10,UNCLEAR,0,51
P2F072,286.022800281,0.7,708,549606,2666373000411026441,2666373000411026441,1325.49747921051,1.87217158080581,0.989922821521759;-0.141594544053078;0.00191252771764994;13.006706237793;0.141509994864464;0.989652276039124;0.02373181656003;1.19773054122925;-0.00525303324684501;-0.023222029209137;0.999716520309448;6.75287342071533;0;0;0;1,2.98023223876953e-08,1.82499452229646e-07,160.266717,860d41e88038165be469420b2c9e4db1e164ded4d58952b7b507ee01a4b0a9db,2b571af236738a0664befacdc9c783246e991416a8915bcfebb9d2dc074e4570,2.7649599522949,1.83215828301552,2.70378057940106,0.883721552026664,4,4,1,1,10,UNCLEAR,0,51
P2F072,286.022800281,0.72,708,549606,2666373000411026441,2666373000411026441,1339.3753714945,1.8917731235798,0.989273250102997;-0.14606785774231;0.00159851461648941;13.0928077697754;0.14598548412323;0.988983392715454;0.0244966093450785;1.08687496185303;-0.00515907071530819;-0.0240004789084196;0.999698638916016;6.72582149505615;0;0;0;1,2.98023223876953e-08,1.82499452229646e-07,159.667753,860d41e88038165be469420b2c9e4db1e164ded4d58952b7b507ee01a4b0a9db,2b571af236738a0664befacdc9c783246e991416a8915bcfebb9d2dc074e4570,2.7649599522949,1.83215828301552,2.70378057940106,0.883721552026664,4,4,1,1,10,UNCLEAR,0,51
P2F072,286.022800281,0.74,708,549606,2666373000411026441,2666373000411026441,1349.91316268369,1.90665700944025,0.988603353500366;-0.150537952780724;0.00128104537725449;13.1794166564941;0.150458052754402;0.988293707370758;0.0252599529922009;0.97638988494873;-0.00506863091140985;-0.0247793346643448;0.999680161476135;6.69887065887451;0;0;0;1,2.98023223876953e-08,1.82499452229646e-07,162.075411,860d41e88038165be469420b2c9e4db1e164ded4d58952b7b507ee01a4b0a9db,2b571af236738a0664befacdc9c783246e991416a8915bcfebb9d2dc074e4570,2.7649599522949,1.83215828301552,2.70378057940106,0.883721552026664,4,4,1,1,10,UNCLEAR,0,51
P2F072,286.022800281,0.76,708,549606,2666373000411026441,2666373000411026441,1369.00124736752,1.93361758102758,0.987913250923157;-0.15500470995903;0.00096012931317091;13.2665300369263;0.154927626252174;0.987582981586456;0.0260218400508165;0.866278171539307;-0.00498171569779515;-0.0255585722625256;0.999660968780518;6.67202091217041;0;0;0;1,2.98023223876953e-08,1.82499452229646e-07,165.63518,860d41e88038165be469420b2c9e4db1e164ded4d58952b7b507ee01a4b0a9db,2b571af236738a0664befacdc9c783246e991416a8915bcfebb9d2dc074e4570,2.7649599522949,1.83215828301552,2.70378057940106,0.883721552026664,4,4,1,1,10,UNCLEAR,0,51
P2F072,286.022800281,0.78,708,549606,2666373000411026441,2666373000411026441,1361.2245169421,1.92263349850578,0.987202763557434;-0.159468024969101;0.000635771080851555;13.3541469573975;0.159394085407257;0.986851632595062;0.0267822537571192;0.756540298461914;-0.00489832554012537;-0.0263381823897362;0.999641120433807;6.64527225494385;0;0;0;1,2.98023223876953e-08,1.82499452229646e-07,166.565054,860d41e88038165be469420b2c9e4db1e164ded4d58952b7b507ee01a4b0a9db,2b571af236738a0664befacdc9c783246e991416a8915bcfebb9d2dc074e4570,2.7649599522949,1.83215828301552,2.70378057940106,0.883721552026664,4,4,1,1,10,UNCLEAR,0,51
P2F072,286.022800281,0.8,708,549606,2666373000411026441,2666373000411026441,1351.45719817381,1.90883785052798,0.986472249031067;-0.163927868008614;0.000307979993522167;13.4422645568848;0.163857325911522;0.986099481582642;0.0275411736220121;0.647181510925293;-0.00481846369802952;-0.0271181426942348;0.999620676040649;6.61862516403198;0;0;0;1,2.98023223876953e-08,1.82499452229646e-07,164.306928,860d41e88038165be469420b2c9e4db1e164ded4d58952b7b507ee01a4b0a9db,2b571af236738a0664befacdc9c783246e991416a8915bcfebb9d2dc074e4570,2.7649599522949,1.83215828301552,2.70378057940106,0.883721552026664,4,4,1,1,10,UNCLEAR,0,51
P2F072,286.022800281,0.82,708,549606,2666373000411026441,2666373000411026441,1326.71005070677,1.87388425241069,0.985721528530121;-0.168384075164795;-2.323929220438e-05;13.5308828353882;0.168317288160324;0.985326588153839;0.0282985921949148;0.538201332092285;-0.00474213203415275;-0.0278984382748604;0.999599575996399;6.59207820892334;0;0;0;1,2.98023223876953e-08,1.82499452229646e-07,161.242477,860d41e88038165be469420b2c9e4db1e164ded4d58952b7b507ee01a4b0a9db,2b571af236738a0664befacdc9c783246e991416a8915bcfebb9d2dc074e4570,2.7649599522949,1.83215828301552,2.70378057940106,0.883721552026664,4,4,1,1,10,UNCLEAR,0,51
P2F072,286.022800281,0.84,708,549606,2666373000411026441,2666373000411026441,1317.13858975701,1.86036523976979,0.984950423240662;-0.172836557030678;-0.000357881188392639;13.6199979782104;0.172773838043213;0.98453289270401;0.0290544796735048;0.429604053497314;-0.00466933054849505;-0.0286790579557419;0.999577760696411;6.56563234329224;0;0;0;1,2.98023223876953e-08,1.82499452229646e-07,162.116827,860d41e88038165be469420b2c9e4db1e164ded4d58952b7b507ee01a4b0a9db,2b571af236738a0664befacdc9c783246e991416a8915bcfebb9d2dc074e4570,2.7649599522949,1.83215828301552,2.70378057940106,0.883721552026664,4,4,1,1,10,UNCLEAR,0,51
P2F072,286.022800281,0.86,708,549606,2666373000411026441,2666373000411026441,1317.8057632735,1.86130757524505,0.984159231185913;-0.177285268902779;-0.000695934519171715;13.7096099853516;0.177226945757866;0.983718514442444;0.0298088304698467;0.321391105651855;-0.00460006156936288;-0.0294599775224924;0.99955540895462;6.53928661346436;0;0;0;1,2.98023223876953e-08,1.82499452229646e-07,164.742601,860d41e88038165be469420b2c9e4db1e164ded4d58952b7b507ee01a4b0a9db,2b571af236738a0664befacdc9c783246e991416a8915bcfebb9d2dc074e4570,2.7649599522949,1.83215828301552,2.70378057940106,0.883721552026664,4,4,1,1,10,UNCLEAR,0,51
P2F072,286.022800281,0.88,708,549606,2666373000411026441,2666373000411026441,1300.92614177052,1.83746630193576,0.98334789276123;-0.181730061769485;-0.00103739649057388;13.7997150421143;0.181676462292671;0.982883274555206;0.0305616278201342;0.213564872741699;-0.00453432695940137;-0.0302411857992411;0.999532341957092;6.5130410194397;0;0;0;1,2.98023223876953e-08,1.82499452229646e-07,163.578757,860d41e88038165be469420b2c9e4db1e164ded4d58952b7b507ee01a4b0a9db,2b571af236738a0664befacdc9c783246e991416a8915bcfebb9d2dc074e4570,2.7649599522949,1.83215828301552,2.70378057940106,0.883721552026664,4,4,1,1,10,UNCLEAR,0,51
P2F072,286.022800281,0.9,708,549606,2666373000411026441,2666373000411026441,1299.79777914826,1.83587256941845,0.982516407966614;-0.186170905828476;-0.00138225499540567;13.8903141021729;0.186122298240662;0.982027471065521;0.0313128493726254;0.106128692626953;-0.00447212811559439;-0.0310226604342461;0.999508678913116;6.48689556121826;0;0;0;1,2.98023223876953e-08,1.82499452229646e-07,164.22647,860d41e88038165be469420b2c9e4db1e164ded4d58952b7b507ee01a4b0a9db,2b571af236738a0664befacdc9c783246e991416a8915bcfebb9d2dc074e4570,2.7649599522949,1.83215828301552,2.70378057940106,0.883721552026664,4,4,1,1,10,UNCLEAR,0,51
P2F072,286.022800281,0.92,708,549606,2666373000411026441,2666373000411026441,1288.48824896907,1.81989865673597,0.981664776802063;-0.190607652068138;-0.00173050723969936;13.9814033508301;0.190564393997192;0.981150925159454;0.0320624895393848;-0.000917434692382812;-0.00441346690058708;-0.0318043939769268;0.999484419822693;6.46084976196289;0;0;0;1,2.98023223876953e-08,1.82499452229646e-07,166.64209,860d41e88038165be469420b2c9e4db1e164ded4d58952b7b507ee01a4b0a9db,2b571af236738a0664befacdc9c783246e991416a8915bcfebb9d2dc074e4570,2.7649599522949,1.83215828301552,2.70378057940106,0.883721552026664,4,4,1,1,10,UNCLEAR,0,51
P2F072,286.022800281,0.94,708,549606,2666373000411026441,2666373000411026441,1285.45905590877,1.81562013546437,0.980792999267578;-0.195040196180344;-0.00208214204758406;14.0729808807373;0.195002630352974;0.980253756046295;0.032810527831316;-0.107568740844727;-0.00435834331437945;-0.032586358487606;0.999459445476532;6.43490362167358;0;0;0;1,2.98023223876953e-08,1.82499452229646e-07,158.350815,860d41e88038165be469420b2c9e4db1e164ded4d58952b7b507ee01a4b0a9db,2b571af236738a0664befacdc9c783246e991416a8915bcfebb9d2dc074e4570,2.7649599522949,1.83215828301552,2.70378057940106,0.883721552026664,4,4,1,1,10,UNCLEAR,0,51
P2F072,286.022800281,0.96,708,549606,2666373000411026441,2666373000411026441,1312.26379110706,1.85347993094218,0.979901194572449;-0.199468493461609;-0.00243715569376945;14.1650466918945;0.199436873197556;0.979335904121399;0.033556941896677;-0.21382474899292;-0.0043067573569715;-0.0333685502409935;0.999433875083923;6.40905666351318;0;0;0;1,2.98023223876953e-08,1.82499452229646e-07,161.528828,860d41e88038165be469420b2c9e4db1e164ded4d58952b7b507ee01a4b0a9db,2b571af236738a0664befacdc9c783246e991416a8915bcfebb9d2dc074e4570,2.7649599522949,1.83215828301552,2.70378057940106,0.883721552026664,4,4,1,1,10,UNCLEAR,0,51
P2F072,286.022800281,0.98,708,549606,2666373000411026441,2666373000411026441,1309.3296530149,1.84933566810014,0.978989243507385;-0.203892439603806;-0.00279553886502981;14.2575969696045;0.203867122530937;0.97839742898941;0.0343017280101776;-0.319682598114014;-0.00425871321931481;-0.0341509431600571;0.999407649040222;6.38330936431885;0;0;0;1,2.98023223876953e-08,1.82499452229646e-07,159.066764,860d41e88038165be469420b2c9e4db1e164ded4d58952b7b507ee01a4b0a9db,2b571af236738a0664befacdc9c783246e991416a8915bcfebb9d2dc074e4570,2.7649599522949,1.83215828301552,2.70378057940106,0.883721552026664,4,4,1,1,10,UNCLEAR,0,51
P2F072,286.022800281,1,708,549606,2666373000411026441,2666373000411026441,1297.16806437499,1.83215828301552,0.978057265281677;-0.208311915397644;-0.00315728411078453;14.3506317138672;0.208293199539185;0.977438390254974;0.0350448600947857;-0.4251389503479;-0.00421420997008681;-0.0349335260689259;0.999380767345428;6.35766077041626;0;0;0;1,2.98023223876953e-08,1.82499452229646e-07,156.773507,860d41e88038165be469420b2c9e4db1e164ded4d58952b7b507ee01a4b0a9db,2b571af236738a0664befacdc9c783246e991416a8915bcfebb9d2dc074e4570,2.7649599522949,1.83215828301552,2.70378057940106,0.883721552026664,4,4,1,1,10,UNCLEAR,0,51
P2F073,287.535642222,0,787,549606,18183968895344850044,18183968895344850044,2177.62387318452,2.76699348562201,0.824152290821075;0.566345274448395;0.00510872341692448;10.3097038269043;-0.566353380680084;0.824162423610687;0.00018539979646448;5.25595283508301;-0.00410541845485568;-0.00304614100605249;0.999986886978149;7.8746190071106;0;0;0;1,1.78813934326172e-07,5.30208017783584e-07,224.503686,860d41e88038165be469420b2c9e4db1e164ded4d58952b7b507ee01a4b0a9db,2b571af236738a0664befacdc9c783246e991416a8915bcfebb9d2dc074e4570,2.76699348562201,1.89292209947582,2.68558196270175,0.815085530763357,6,6,1,1,14,UNCLEAR,0,51
P2F073,287.535642222,0.02,787,549606,18183968895344850044,18183968895344850044,2113.55300464627,2.68558196270175,0.826693117618561;0.562621295452118;0.0059924297966063;10.3745746612549;-0.562634527683258;0.826705396175385;0.000666280509904027;5.13379526138306;-0.0045791114680469;-0.00392235768958926;0.999981820583344;7.84501838684082;0;0;0;1,1.78813934326172e-07,5.30208017783584e-07,221.847392,860d41e88038165be469420b2c9e4db1e164ded4d58952b7b507ee01a4b0a9db,2b571af236738a0664befacdc9c783246e991416a8915bcfebb9d2dc074e4570,2.76699348562201,1.89292209947582,2.68558196270175,0.815085530763357,6,6,1,1,14,UNCLEAR,0,51
P2F073,287.535642222,0.04,787,549606,18183968895344850044,18183968895344850044,1925.80324650872,2.44701810229825,0.829216659069061;0.558885097503662;0.00687395455315709;10.4399690628052;-0.558904409408569;0.829231142997742;0.00115113740321249;5.01191759109497;-0.00505674490705132;-0.00479642627760768;0.999975681304932;7.81541538238525;0;0;0;1,1.78813934326172e-07,5.30208017783584e-07,212.590134,860d41e88038165be469420b2c9e4db1e164ded4d58952b7b507ee01a4b0a9db,2b571af236738a0664befacdc9c783246e991416a8915bcfebb9d2dc074e4570,2.76699348562201,1.89292209947582,2.68558196270175,0.815085530763357,6,6,1,1,14,UNCLEAR,0,51
P2F073,287.535642222,0.06,787,549606,18183968895344850044,18183968895344850044,1698.05926813262,2.15763566471743,0.831722974777222;0.555136799812317;0.00775327859446406;10.5058860778809;-0.555163204669952;0.831739723682404;0.00163995975162834;4.89032220840454;-0.00553830852732062;-0.00566832814365625;0.999968588352203;7.7858099937439;0;0;0;1,1.78813934326172e-07,5.30208017783584e-07,202.953076,860d41e88038165be469420b2c9e4db1e164ded4d58952b7b507ee01a4b0a9db,2b571af236738a0664befacdc9c783246e991416a8915bcfebb9d2dc074e4570,2.76699348562201,1.89292209947582,2.68558196270175,0.815085530763357,6,6,1,1,14,UNCLEAR,0,51
P2F073,287.535642222,0.08,787,549606,18183968895344850044,18183968895344850044,1457.5019065078,1.85197192694765,0.834211945533752;0.551376402378082;0.00863038375973701;10.5723247528076;-0.551411032676697;0.834230959415436;0.00213273777626455;4.76901197433472;-0.00602379254996777;-0.00653804466128349;0.999960422515869;7.75620126724243;0;0;0;1,1.78813934326172e-07,5.30208017783584e-07,188.057277,860d41e88038165be469420b2c9e4db1e164ded4d58952b7b507ee01a4b0a9db,2b571af236738a0664befacdc9c783246e991416a8915bcfebb9d2dc074e4570,2.76699348562201,1.89292209947582,2.68558196270175,0.815085530763357,6,6,1,1,14,UNCLEAR,0,51
P2F073,287.535642222,0.1,787,549606,18183968895344850044,18183968895344850044,1305.00183826341,1.65819801558248,0.836683571338654;0.547604143619537;0.00950525142252445;10.6392831802368;-0.547647833824158;0.836704730987549;0.00262946053408086;4.64798879623413;-0.00651318579912186;-0.00740555673837662;0.999951362609863;7.72658920288086;0;0;0;1,1.78813934326172e-07,5.30208017783584e-07,172.177127,860d41e88038165be469420b2c9e4db1e164ded4d58952b7b507ee01a4b0a9db,2b571af236738a0664befacdc9c783246e991416a8915bcfebb9d2dc074e4570,2.76699348562201,1.89292209947582,2.68558196270175,0.815085530763357,6,6,1,1,14,UNCLEAR,0,51
P2F073,287.535642222,0.12,787,549606,18183968895344850044,18183968895344850044,1200.29889950857,1.52515743266655,0.83913779258728;0.543819963932037;0.010377861559391;10.7067604064941;-0.543873846530914;0.839161098003387;0.00313011789694428;4.52725505828857;-0.00700647849589586;-0.00827084667980671;0.999941170215607;7.69697189331055;0;0;0;1,1.78813934326172e-07,5.30208017783584e-07,152.688457,860d41e88038165be469420b2c9e4db1e164ded4d58952b7b507ee01a4b0a9db,2b571af236738a0664befacdc9c783246e991416a8915bcfebb9d2dc074e4570,2.76699348562201,1.89292209947582,2.68558196270175,0.815085530763357,6,6,1,1,14,UNCLEAR,0,51
P2F073,287.535642222,0.14,787,549606,18183968895344850044,18183968895344850044,1148.77632338387,1.45969037278764,0.841574490070343;0.540023982524872;0.0112481974065304;10.774754524231;-0.540088891983032;0.841600060462952;0.00363469799049199;4.40681314468384;-0.00750365946441889;-0.00913389679044485;0.999930083751678;7.66735029220581;0;0;0;1,1.78813934326172e-07,5.30208017783584e-07,144.427145,860d41e88038165be469420b2c9e4db1e164ded4d58952b7b507ee01a4b0a9db,2b571af236738a0664befacdc9c783246e991416a8915bcfebb9d2dc074e4570,2.76699348562201,1.89292209947582,2.68558196270175,0.815085530763357,6,6,1,1,14,UNCLEAR,0,51
P2F073,287.535642222,0.16,787,549606,18183968895344850044,18183968895344850044,1092.46345331873,1.38813653534781,0.843993723392487;0.536216259002686;0.0121162384748459;10.8432655334473;-0.53629332780838;0.844021439552307;0.00414319150149822;4.28666543960571;-0.00800471939146519;-0.00999468564987183;0.999917984008789;7.63772249221802;0;0;0;1,1.78813934326172e-07,5.30208017783584e-07,135.701314,860d41e88038165be469420b2c9e4db1e164ded4d58952b7b507ee01a4b0a9db,2b571af236738a0664befacdc9c783246e991416a8915bcfebb9d2dc074e4570,2.76699348562201,1.89292209947582,2.68558196270175,0.815085530763357,6,6,1,1,14,UNCLEAR,0,51
P2F073,287.535642222,0.18,787,549606,18183968895344850044,18183968895344850044,997.498571746054,1.26746959561125,0.846395313739777;0.532396852970123;0.0129819689318538;10.9122905731201;-0.532487094402313;0.846425235271454;0.00465558795258403;4.16681432723999;-0.00850964616984129;-0.0108531983569264;0.999904811382294;7.60808897018433;0;0;0;1,1.78813934326172e-07,5.30208017783584e-07,124.673355,860d41e88038165be469420b2c9e4db1e164ded4d58952b7b507ee01a4b0a9db,2b571af236738a0664befacdc9c783246e991416a8915bcfebb9d2dc074e4570,2.76699348562201,1.89292209947582,2.68558196270175,0.815085530763357,6,6,1,1,14,UNCLEAR,0,51
P2F073,287.535642222,0.2,787,549606,18183968895344850044,18183968895344850044,869.555195255204,1.1048985962582,0.848779320716858;0.528566002845764;0.0138453673571348;10.9818286895752;-0.528670370578766;0.848811388015747;0.00517187407240272;4.0472617149353;-0.00901843048632145;-0.0117094144225121;0.999890744686127;7.57844829559326;0;0;0;1,1.78813934326172e-07,5.30208017783584e-07,113.038263,860d41e88038165be469420b2c9e4db1e164ded4d58952b7b507ee01a4b0a9db,2b571af236738a0664befacdc9c783246e991416a8915bcfebb9d2dc074e4570,2.76699348562201,1.89292209947582,2.68558196270175,0.815085530763357,6,6,1,1,14,UNCLEAR,0,51
P2F073,287.535642222,0.22,787,549606,18183968895344850044,18183968895344850044,748.065630539778,0.950528120126783,0.851145565509796;0.524723649024963;0.0147064179182053;11.0518798828125;-0.524843096733093;0.851179957389832;0.00569204008206725;3.9280104637146;-0.00953105930238962;-0.0125633170828223;0.999875605106354;7.54880046844482;0;0;0;1,1.78813934326172e-07,5.30208017783584e-07,107.035565,860d41e88038165be469420b2c9e4db1e164ded4d58952b7b507ee01a4b0a9db,2b571af236738a0664befacdc9c783246e991416a8915bcfebb9d2dc074e4570,2.76699348562201,1.89292209947582,2.68558196270175,0.815085530763357,6,6,1,1,14,UNCLEAR,0,51
P2F073,287.535642222,0.24,787,549606,18183968895344850044,18183968895344850044,661.542663601739,0.840587882594332,0.853494226932526;0.52086991071701;0.0155650991946459;11.1224403381348;-0.52100545167923;0.853530585765839;0.0062160762026906;3.80906248092651;-0.0100475233048201;-0.0134148877114058;0.999859511852264;7.5191445350647;0;0;0;1,1.78813934326172e-07,5.30208017783584e-07,104.600739,860d41e88038165be469420b2c9e4db1e164ded4d58952b7b507ee01a4b0a9db,2b571af236738a0664befacdc9c783246e991416a8915bcfebb9d2dc074e4570,2.76699348562201,1.89292209947582,2.68558196270175,0.815085530763357,6,6,1,1,14,UNCLEAR,0,51
P2F073,287.535642222,0.26,787,549606,18183968895344850044,18183968895344850044,641.472312710762,0.815085530763357,0.855825066566467;0.517004787921906;0.0164213962852955;11.1935110092163;-0.51715749502182;0.855863571166992;0.00674396986141801;3.69042038917542;-0.0105678122490644;-0.0142641067504883;0.999842345714569;7.48948001861572;0;0;0;1,1.78813934326172e-07,5.30208017783584e-07,102.415038,860d41e88038165be469420b2c9e4db1e164ded4d58952b7b507ee01a4b0a9db,2b571af236738a0664befacdc9c783246e991416a8915bcfebb9d2dc074e4570,2.76699348562201,1.89292209947582,2.68558196270175,0.815085530763357,6,6,1,1,14,UNCLEAR,0,51
P2F073,287.535642222,0.28,787,549606,18183968895344850044,18183968895344850044,707.207742538471,0.898612125207714,0.858138024806976;0.513128519058228;0.0172752905637026;11.2650890350342;-0.513299345970154;0.858178794384003;0.00727570988237858;3.57208609580994;-0.0110919140279293;-0.0151109574362636;0.999824225902557;7.45980644226074;0;0;0;1,1.78813934326172e-07,5.30208017783584e-07,102.83346,860d41e88038165be469420b2c9e4db1e164ded4d58952b7b507ee01a4b0a9db,2b571af236738a0664befacdc9c783246e991416a8915bcfebb9d2dc074e4570,2.76699348562201,1.89292209947582,2.68558196270175,0.815085530763357,6,6,1,1,14,UNCLEAR,0,51
P2F073,287.535642222,0.3,787,549606,18183968895344850044,18183968895344850044,815.598281123484,1.03633834958511,0.860433101654053;0.509241104125977;0.0181267615407705;11.3371734619141;-0.509431004524231;0.860476016998291;0.0078112855553627;3.45406222343445;-0.0116198174655437;-0.0159554220736027;0.999805092811584;7.43012285232544;0;0;0;1,1.78813934326172e-07,5.30208017783584e-07,103.736865,860d41e88038165be469420b2c9e4db1e164ded4d58952b7b507ee01a4b0a9db,2b571af236738a0664befacdc9c783246e991416a8915bcfebb9d2dc074e4570,2.76699348562201,1.89292209947582,2.68558196270175,0.815085530763357,6,6,1,1,14,UNCLEAR,0,51
P2F073,287.535642222,0.32,787,549606,18183968895344850044,18183968895344850044,932.459385312599,1.18482768146455,0.862710177898407;0.505342543125153;0.018975792452693;11.4097633361816;-0.505552589893341;0.862755298614502;0.0083506852388382;3.33635091781616;-0.0121515095233917;-0.0167974829673767;0.999785006046295;7.40042924880981;0;0;0;1,1.78813934326172e-07,5.30208017783584e-07,111.349486,860d41e88038165be469420b2c9e4db1e164ded4d58952b7b507ee01a4b0a9db,2b571af236738a0664befacdc9c783246e991416a8915bcfebb9d2dc074e4570,2.76699348562201,1.89292209947582,2.68558196270175,0.815085530763357,6,6,1,1,14,UNCLEAR,0,51
P2F073,287.535642222,0.34,787,549606,18183968895344850044,18183968895344850044,997.502041594691,1.26747400456759,0.864969372749329;0.501433074474335;0.0198223646730185;11.4828567504883;-0.501664280891418;0.865016639232635;0.00889389403164387;3.21895432472229;-0.0126869827508926;-0.0176371205598116;0.999763906002045;7.37072467803955;0;0;0;1,1.78813934326172e-07,5.30208017783584e-07,116.946403,860d41e88038165be469420b2c9e4db1e164ded4d58952b7b507ee01a4b0a9db,2b571af236738a0664befacdc9c783246e991416a8915bcfebb9d2dc074e4570,2.76699348562201,1.89292209947582,2.68558196270175,0.815085530763357,6,6,1,1,14,UNCLEAR,0,51
P2F073,287.535642222,0.36,787,549606,18183968895344850044,18183968895344850044,991.677463547819,1.26007301594386,0.867210566997528;0.497512698173523;0.0206664614379406;11.5564517974854;-0.497765988111496;0.867259919643402;0.00944090913981199;3.10187482833862;-0.0132262222468853;-0.0184743162244558;0.999741792678833;7.34100866317749;0;0;0;1,1.78813934326172e-07,5.30208017783584e-07,119.370892,860d41e88038165be469420b2c9e4db1e164ded4d58952b7b507ee01a4b0a9db,2b571af236738a0664befacdc9c783246e991416a8915bcfebb9d2dc074e4570,2.76699348562201,1.89292209947582,2.68558196270175,0.815085530763357,6,6,1,1,14,UNCLEAR,0,51
P2F073,287.535642222,0.38,787,549606,18183968895344850044,18183968895344850044,942.571595174332,1.19767674100932,0.869433641433716;0.493581503629684;0.0215080603957176;11.6305484771729;-0.49385792016983;0.869485139846802;0.00999170821160078;2.98511457443237;-0.013769218698144;-0.0193090531975031;0.999718725681305;7.31128025054932;0;0;0;1,1.78813934326172e-07,5.30208017783584e-07,120.091172,860d41e88038165be469420b2c9e4db1e164ded4d58952b7b507ee01a4b0a9db,2b571af236738a0664befacdc9c783246e991416a8915bcfebb9d2dc074e4570,2.76699348562201,1.89292209947582,2.68558196270175,0.815085530763357,6,6,1,1,14,UNCLEAR,0,51
P2F073,287.535642222,0.4,787,549606,18183968895344850044,18183968895344850044,892.140779036496,1.13359692380749,0.871638596057892;0.489639550447464;0.0223471522331238;11.7051439285278;-0.489940106868744;0.87169224023819;0.0105462865903974;2.86867618560791;-0.0143159590661526;-0.0201413165777922;0.999694585800171;7.28153944015503;0;0;0;1,1.78813934326172e-07,5.30208017783584e-07,120.229039,860d41e88038165be469420b2c9e4db1e164ded4d58952b7b507ee01a4b0a9db,2b571af236738a0664befacdc9c783246e991416a8915bcfebb9d2dc074e4570,2.76699348562201,1.89292209947582,2.68558196270175,0.815085530763357,6,6,1,1,14,UNCLEAR,0,51
P2F073,287.535642222,0.42,787,549606,18183968895344850044,18183968895344850044,825.035957694619,1.04833031473268,0.873825371265411;0.485687017440796;0.0231837090104818;11.780237197876;-0.486012637615204;0.873881161212921;0.0111046321690083;2.75256133079529;-0.0148664321750402;-0.0209710858762264;0.99966949224472;7.25178527832031;0;0;0;1,1.78813934326172e-07,5.30208017783584e-07,113.261477,860d41e88038165be469420b2c9e4db1e164ded4d58952b7b507ee01a4b0a9db,2b571af236738a0664befacdc9c783246e991416a8915bcfebb9d2dc074e4570,2.76699348562201,1.89292209947582,2.68558196270175,0.815085530763357,6,6,1,1,14,UNCLEAR,0,51
P2F073,287.535642222,0.44,787,549606,18183968895344850044,18183968895344850044,784.903364992125,0.997335914856576,0.87599390745163;0.481723874807358;0.024017721414566;11.8558263778687;-0.4820756316185;0.876051902770996;0.0116667300462723;2.63677263259888;-0.0154206287115812;-0.0217983424663544;0.999643385410309;7.22201728820801;0;0;0;1,1.78813934326172e-07,5.30208017783584e-07,105.47034,860d41e88038165be469420b2c9e4db1e164ded4d58952b7b507ee01a4b0a9db,2b571af236738a0664befacdc9c783246e991416a8915bcfebb9d2dc074e4570,2.76699348562201,1.89292209947582,2.68558196270175,0.815085530763357,6,6,1,1,14,UNCLEAR,0,51
P2F073,287.535642222,0.46,787,549606,18183968895344850044,18183968895344850044,783.117608619991,0.995066847039379,0.878144204616547;0.477750241756439;0.0248491670936346;11.9319114685059;-0.478129118680954;0.878204345703125;0.012232568114996;2.52131199836731;-0.0159785319119692;-0.0226230714470148;0.999616265296936;7.19223499298096;0;0;0;1,1.78813934326172e-07,5.30208017783584e-07,103.236937,860d41e88038165be469420b2c9e4db1e164ded4d58952b7b507ee01a4b0a9db,2b571af236738a0664befacdc9c783246e991416a8915bcfebb9d2dc074e4570,2.76699348562201,1.89292209947582,2.68558196270175,0.815085530763357,6,6,1,1,14,UNCLEAR,0,51
P2F073,287.535642222,0.48,787,549606,18183968895344850044,18183968895344850044,812.512827184151,1.03241782361391,0.880276203155518;0.473766297101974;0.025678027421236;12.0084896087646;-0.474173188209534;0.880338430404663;0.0128021389245987;2.40618252754211;-0.0165401343256235;-0.023445250466466;0.999588251113892;7.16243743896484;0;0;0;1,1.78813934326172e-07,5.30208017783584e-07,101.837935,860d41e88038165be469420b2c9e4db1e164ded4d58952b7b507ee01a4b0a9db,2b571af236738a0664befacdc9c783246e991416a8915bcfebb9d2dc074e4570,2.76699348562201,1.89292209947582,2.68558196270175,0.815085530763357,6,6,1,1,14,UNCLEAR,0,51
P2F073,287.535642222,0.5,787,549606,18183968895344850044,18183968895344850044,865.176710612839,1.09933508337082,0.882389903068542;0.469771981239319;0.0265042893588543;12.0855588912964;-0.470208019018173;0.882454216480255;0.0133754247799516;2.29138517379761;-0.017105421051383;-0.0242648683488369;0.999559164047241;7.13262414932251;0;0;0;1,1.78813934326172e-07,5.30208017783584e-07,105.069098,860d41e88038165be469420b2c9e4db1e164ded4d58952b7b507ee01a4b0a9db,2b571af236738a0664befacdc9c783246e991416a8915bcfebb9d2dc074e4570,2.76699348562201,1.89292209947582,2.68558196270175,0.815085530763357,6,6,1,1,14,UNCLEAR,0,51
P2F073,287.535642222,0.52,787,549606,18183968895344850044,18183968895344850044,909.509152845893,1.15566601378131,0.884485125541687;0.465767443180084;0.0273279286921024;12.1631183624268;-0.466233491897583;0.884551584720612;0.0139524172991514;2.17692303657532;-0.017674382776022;-0.0250819027423859;0.999529123306274;7.1027946472168;0;0;0;1,1.78813934326172e-07,5.30208017783584e-07,110.582414,860d41e88038165be469420b2c9e4db1e164ded4d58952b7b507ee01a4b0a9db,2b571af236738a0664befacdc9c783246e991416a8915bcfebb9d2dc074e4570,2.76699348562201,1.89292209947582,2.68558196270175,0.815085530763357,6,6,1,1,14,UNCLEAR,0,51
P2F073,287.535642222,0.54,787,549606,18183968895344850044,18183968895344850044,923.189225328884,1.17304857093886,0.886561930179596;0.46175280213356;0.0281489342451096;12.2411670684814;-0.462249934673309;0.886630475521088;0.0145331006497145;2.06279802322388;-0.0182470045983791;-0.0258963368833065;0.999498009681702;7.07294845581055;0;0;0;1,1.78813934326172e-07,5.30208017783584e-07,112.152947,860d41e88038165be469420b2c9e4db1e164ded4d58952b7b507ee01a4b0a9db,2b571af236738a0664befacdc9c783246e991416a8915bcfebb9d2dc074e4570,2.76699348562201,1.89292209947582,2.68558196270175,0.815085530763357,6,6,1,1,14,UNCLEAR,0,51
P2F073,287.535642222,0.56,787,549606,18183968895344850044,18183968895344850044,907.567348363052,1.15319866373958,0.888620257377625;0.457728117704391;0.0289672873914242;12.3197031021118;-0.458257287740707;0.888691008090973;0.0151174673810601;1.94901204109192;-0.0188232772052288;-0.0267081595957279;0.999465942382812;7.0430850982666;0;0;0;1,1.78813934326172e-07,5.30208017783584e-07,110.37184,860d41e88038165be469420b2c9e4db1e164ded4d58952b7b507ee01a4b0a9db,2b571af236738a0664befacdc9c783246e991416a8915bcfebb9d2dc074e4570,2.76699348562201,1.89292209947582,2.68558196270175,0.815085530763357,6,6,1,1,14,UNCLEAR,0,51
P2F073,287.535642222,0.58,787,549606,18183968895344850044,18183968895344850044,920.120333111518,1.16914908908706,0.890660047531128;0.453693449497223;0.0297829657793045;12.3987255096436;-0.454255670309067;0.890732824802399;0.0157055016607046;1.83556795120239;-0.0194031856954098;-0.027517344802618;0.999432981014252;7.01320314407349;0;0;0;1,1.78813934326172e-07,5.30208017783584e-07,114.649095,860d41e88038165be469420b2c9e4db1e164ded4d58952b7b507ee01a4b0a9db,2b571af236738a0664befacdc9c783246e991416a8915bcfebb9d2dc074e4570,2.76699348562201,1.89292209947582,2.68558196270175,0.815085530763357,6,6,1,1,14,UNCLEAR,0,51
P2F073,287.535642222,0.6,787,549606,18183968895344850044,18183968895344850044,942.452718078421,1.19752569006153,0.892681300640106;0.449648886919022;0.0305959582328796;12.4782314300537;-0.450245171785355;0.892756223678589;0.0162971876561642;1.72246718406677;-0.0199867188930511;-0.0283238776028156;0.99939888715744;6.98330307006836;0;0;0;1,1.78813934326172e-07,5.30208017783584e-07,122.996942,860d41e88038165be469420b2c9e4db1e164ded4d58952b7b507ee01a4b0a9db,2b571af236738a0664befacdc9c783246e991416a8915bcfebb9d2dc074e4570,2.76699348562201,1.89292209947582,2.68558196270175,0.815085530763357,6,6,1,1,14,UNCLEAR,0,51
P2F073,287.535642222,0.62,787,549606,18183968895344850044,18183968895344850044,997.427506519957,1.26737929672167,0.894683837890625;0.4455945789814;0.0314062461256981;12.558219909668;-0.446225821971893;0.89476090669632;0.0168925207108259;1.60971236228943;-0.0205738637596369;-0.0291277449578047;0.999363899230957;6.9533839225769;0;0;0;1,1.78813934326172e-07,5.30208017783584e-07,128.607407,860d41e88038165be469420b2c9e4db1e164ded4d58952b7b507ee01a4b0a9db,2b571af236738a0664befacdc9c783246e991416a8915bcfebb9d2dc074e4570,2.76699348562201,1.89292209947582,2.68558196270175,0.815085530763357,6,6,1,1,14,UNCLEAR,0,51
P2F073,287.535642222,0.64,787,549606,18183968895344850044,18183968895344850044,1131.20221796419,1.4373598703484,0.896667838096619;0.441530466079712;0.0322138071060181;12.6386890411377;-0.44219782948494;0.896746814250946;0.0174914821982384;1.49730563163757;-0.0211646072566509;-0.0299289245158434;0.999327898025513;6.9234447479248;0;0;0;1,1.78813934326172e-07,5.30208017783584e-07,147.173117,860d41e88038165be469420b2c9e4db1e164ded4d58952b7b507ee01a4b0a9db,2b571af236738a0664befacdc9c783246e991416a8915bcfebb9d2dc074e4570,2.76699348562201,1.89292209947582,2.68558196270175,0.815085530763357,6,6,1,1,14,UNCLEAR,0,51
P2F073,287.535642222,0.66,787,549606,18183968895344850044,18183968895344850044,1254.54541859661,1.594085665307,0.898633122444153;0.437456786632538;0.0330186262726784;12.7196378707886;-0.438161164522171;0.898714244365692;0.0180940646678209;1.38524889945984;-0.0217589400708675;-0.0307274051010609;0.999290883541107;6.89348554611206;0;0;0;1,1.78813934326172e-07,5.30208017783584e-07,157.826372,860d41e88038165be469420b2c9e4db1e164ded4d58952b7b507ee01a4b0a9db,2b571af236738a0664befacdc9c783246e991416a8915bcfebb9d2dc074e4570,2.76699348562201,1.89292209947582,2.68558196270175,0.815085530763357,6,6,1,1,14,UNCLEAR,0,51
P2F073,287.535642222,0.68,787,549606,18183968895344850044,18183968895344850044,1397.87202201501,1.77620333165821,0.900579512119293;0.433373659849167;0.0338206924498081;12.801064491272;-0.434115946292877;0.900662779808044;0.0187002494931221;1.27354454994202;-0.0223568435758352;-0.0315231643617153;0.99925285577774;6.86350536346436;0;0;0;1,1.78813934326172e-07,5.30208017783584e-07,171.718266,860d41e88038165be469420b2c9e4db1e164ded4d58952b7b507ee01a4b0a9db,2b571af236738a0664befacdc9c783246e991416a8915bcfebb9d2dc074e4570,2.76699348562201,1.89292209947582,2.68558196270175,0.815085530763357,6,6,1,1,14,UNCLEAR,0,51
P2F073,287.535642222,0.7,787,549606,18183968895344850044,18183968895344850044,1472.66307618943,1.87123643734362,0.902507245540619;0.429281026124954;0.0346199795603752;12.8829669952393;-0.430062353610992;0.902592599391937;0.019310025498271;1.16219520568848;-0.0229583103209734;-0.0323161855340004;0.999213933944702;6.83350372314453;0;0;0;1,1.78813934326172e-07,5.30208017783584e-07,177.020379,860d41e88038165be469420b2c9e4db1e164ded4d58952b7b507ee01a4b0a9db,2b571af236738a0664befacdc9c783246e991416a8915bcfebb9d2dc074e4570,2.76699348562201,1.89292209947582,2.68558196270175,0.815085530763357,6,6,1,1,14,UNCLEAR,0,51
P2F073,287.535642222,0.72,787,549606,18183968895344850044,18183968895344850044,1511.59528812506,1.92070557576247,0.904416143894196;0.425179004669189;0.0354164801537991;12.9653434753418;-0.426000267267227;0.904503524303436;0.0199233796447515;1.05120182037354;-0.0235633291304111;-0.0331064537167549;0.999173998832703;6.80347967147827;0;0;0;1,1.78813934326172e-07,5.30208017783584e-07,180.221161,860d41e88038165be469420b2c9e4db1e164ded4d58952b7b507ee01a4b0a9db,2b571af236738a0664befacdc9c783246e991416a8915bcfebb9d2dc074e4570,2.76699348562201,1.89292209947582,2.68558196270175,0.815085530763357,6,6,1,1,14,UNCLEAR,0,51
P2F073,287.535642222,0.74,787,549606,18183968895344850044,18183968895344850044,1509.42298698392,1.91794534559583,0.906306147575378;0.421067744493484;0.0362101681530476;13.0481948852539;-0.421929985284805;0.906395673751831;0.0205403007566929;0.940567016601562;-0.024171881377697;-0.033893957734108;0.999133050441742;6.77343368530273;0;0;0;1,1.78813934326172e-07,5.30208017783584e-07,180.109624,860d41e88038165be469420b2c9e4db1e164ded4d58952b7b507ee01a4b0a9db,2b571af236738a0664befacdc9c783246e991416a8915bcfebb9d2dc074e4570,2.76699348562201,1.89292209947582,2.68558196270175,0.815085530763357,6,6,1,1,14,UNCLEAR,0,51
P2F073,287.535642222,0.76,787,549606,18183968895344850044,18183968895344850044,1535.76424690921,1.95141581564067,0.908177256584167;0.416947245597839;0.0370010323822498;13.1315155029297;-0.417851448059082;0.908268809318542;0.021160775795579;0.83029317855835;-0.02478395588696;-0.0346786677837372;0.99909108877182;6.74336385726929;0;0;0;1,1.78813934326172e-07,5.30208017783584e-07,185.501833,860d41e88038165be469420b2c9e4db1e164ded4d58952b7b507ee01a4b0a9db,2b571af236738a0664befacdc9c783246e991416a8915bcfebb9d2dc074e4570,2.76699348562201,1.89292209947582,2.68558196270175,0.815085530763357,6,6,1,1,14,UNCLEAR,0,51
P2F073,287.535642222,0.78,787,549606,18183968895344850044,18183968895344850044,1543.35175570827,1.96105686875257,0.910029411315918;0.412817716598511;0.0377890504896641;13.2153072357178;-0.413764834403992;0.91012305021286;0.0217847879976034;0.720382690429688;-0.0253995396196842;-0.035460576415062;0.999048173427582;6.71327018737793;0;0;0;1,1.78813934326172e-07,5.30208017783584e-07,187.482478,860d41e88038165be469420b2c9e4db1e164ded4d58952b7b507ee01a4b0a9db,2b571af236738a0664befacdc9c783246e991416a8915bcfebb9d2dc074e4570,2.76699348562201,1.89292209947582,2.68558196270175,0.815085530763357,6,6,1,1,14,UNCLEAR,0,51
P2F073,287.535642222,0.8,787,549606,18183968895344850044,18183968895344850044,1521.45788078415,1.93323745970032,0.91186261177063;0.408679187297821;0.0385742112994194;13.2995662689209;-0.409670144319534;0.911958277225494;0.0224123243242502;0.610836982727051;-0.0260186213999987;-0.0362396650016308;0.999004304409027;6.6831521987915;0;0;0;1,1.78813934326172e-07,5.30208017783584e-07,184.601083,860d41e88038165be469420b2c9e4db1e164ded4d58952b7b507ee01a4b0a9db,2b571af236738a0664befacdc9c783246e991416a8915bcfebb9d2dc074e4570,2.76699348562201,1.89292209947582,2.68558196270175,0.815085530763357,6,6,1,1,14,UNCLEAR,0,51
P2F073,287.535642222,0.82,787,549606,18183968895344850044,18183968895344850044,1516.5413270502,1.92699025038145,0.913676738739014;0.404531747102737;0.0393564961850643;13.3842916488647;-0.405567556619644;0.91377454996109;0.0230433754622936;0.501658916473389;-0.0266411863267422;-0.0370159186422825;0.998959422111511;6.65300941467285;0;0;0;1,1.78813934326172e-07,5.30208017783584e-07,184.65996,860d41e88038165be469420b2c9e4db1e164ded4d58952b7b507ee01a4b0a9db,2b571af236738a0664befacdc9c783246e991416a8915bcfebb9d2dc074e4570,2.76699348562201,1.89292209947582,2.68558196270175,0.815085530763357,6,6,1,1,14,UNCLEAR,0,51
P2F073,287.535642222,0.84,787,549606,18183968895344850044,18183968895344850044,1499.3685761419,1.90516972826163,0.915471792221069;0.40037539601326;0.0401358902454376;13.4694814682007;-0.401457130908966;0.915571630001068;0.0236779283732176;0.392849445343018;-0.0272672213613987;-0.0377893149852753;0.998913586139679;6.62284135818481;0;0;0;1,1.78813934326172e-07,5.30208017783584e-07,181.894432,860d41e88038165be469420b2c9e4db1e164ded4d58952b7b507ee01a4b0a9db,2b571af236738a0664befacdc9c783246e991416a8915bcfebb9d2dc074e4570,2.76699348562201,1.89292209947582,2.68558196270175,0.815085530763357,6,6,1,1,14,UNCLEAR,0,51
P2F073,287.535642222,0.86,787,549606,18183968895344850044,18183968895344850044,1487.54449831103,1.8901454870534,0.917247831821442;0.396210372447968;0.0409123748540878;13.5551357269287;-0.397338956594467;0.917349636554718;0.0243159644305706;0.284411430358887;-0.0278967153280973;-0.0385598391294479;0.99886679649353;6.59264659881592;0;0;0;1,1.78813934326172e-07,5.30208017783584e-07,180.151598,860d41e88038165be469420b2c9e4db1e164ded4d58952b7b507ee01a4b0a9db,2b571af236738a0664befacdc9c783246e991416a8915bcfebb9d2dc074e4570,2.76699348562201,1.89292209947582,2.68558196270175,0.815085530763357,6,6,1,1,14,UNCLEAR,0,51
P2F073,287.535642222,0.88,787,549606,18183968895344850044,18183968895344850044,1482.65082186431,1.8839273467145,0.919004738330841;0.392036646604538;0.0416859313845634;13.6412487030029;-0.39321306347847;0.919108510017395;0.0249574761837721;0.176346302032471;-0.0285296514630318;-0.0393274836242199;0.998818933963776;6.56242561340332;0;0;0;1,1.78813934326172e-07,5.30208017783584e-07,181.083219,860d41e88038165be469420b2c9e4db1e164ded4d58952b7b507ee01a4b0a9db,2b571af236738a0664befacdc9c783246e991416a8915bcfebb9d2dc074e4570,2.76699348562201,1.89292209947582,2.68558196270175,0.815085530763357,6,6,1,1,14,UNCLEAR,0,51
P2F073,287.535642222,0.9,787,549606,18183968895344850044,18183968895344850044,1476.60848403601,1.87624966205338,0.920742392539978;0.387854397296906;0.0424565449357033;13.7278232574463;-0.389079600572586;0.920848250389099;0.0256024375557899;0.068657398223877;-0.0291660167276859;-0.0400922186672688;0.998770117759705;6.53217697143555;0;0;0;1,1.78813934326172e-07,5.30208017783584e-07,181.543966,860d41e88038165be469420b2c9e4db1e164ded4d58952b7b507ee01a4b0a9db,2b571af236738a0664befacdc9c783246e991416a8915bcfebb9d2dc074e4570,2.76699348562201,1.89292209947582,2.68558196270175,0.815085530763357,6,6,1,1,14,UNCLEAR,0,51
P2F073,287.535642222,0.92,787,549606,18183968895344850044,18183968895344850044,1482.90246445508,1.88424709587685,0.922460794448853;0.383663684129715;0.0432241968810558;13.8148536682129;-0.384938657283783;0.922568738460541;0.0262508504092693;-0.0386543273925781;-0.0298057980835438;-0.0408540405333042;0.998720407485962;6.5019006729126;0;0;0;1,1.78813934326172e-07,5.30208017783584e-07,185.030611,860d41e88038165be469420b2c9e4db1e164ded4d58952b7b507ee01a4b0a9db,2b571af236738a0664befacdc9c783246e991416a8915bcfebb9d2dc074e4570,2.76699348562201,1.89292209947582,2.68558196270175,0.815085530763357,6,6,1,1,14,UNCLEAR,0,51
P2F073,287.535642222,0.94,787,549606,18183968895344850044,18183968895344850044,1475.03031748508,1.87424436783365,0.924160063266754;0.379464507102966;0.0439888797700405;13.9023418426514;-0.380790233612061;0.92426997423172;0.0269026905298233;-0.145586967468262;-0.0304489824920893;-0.0416129268705845;0.998669683933258;6.47159576416016;0;0;0;1,1.78813934326172e-07,5.30208017783584e-07,182.756769,860d41e88038165be469420b2c9e4db1e164ded4d58952b7b507ee01a4b0a9db,2b571af236738a0664befacdc9c783246e991416a8915bcfebb9d2dc074e4570,2.76699348562201,1.89292209947582,2.68558196270175,0.815085530763357,6,6,1,1,14,UNCLEAR,0,51
P2F073,287.535642222,0.96,787,549606,18183968895344850044,18183968895344850044,1509.615059291,1.91818940189453,0.925839900970459;0.375257104635239;0.0447505712509155;13.9902830123901;-0.376634508371353;0.925951838493347;0.0275579486042261;-0.252137184143066;-0.0310955569148064;-0.0423688590526581;0.998618006706238;6.44126176834106;0;0;0;1,1.78813934326172e-07,5.30208017783584e-07,187.776094,860d41e88038165be469420b2c9e4db1e164ded4d58952b7b507ee01a4b0a9db,2b571af236738a0664befacdc9c783246e991416a8915bcfebb9d2dc074e4570,2.76699348562201,1.89292209947582,2.68558196270175,0.815085530763357,6,6,1,1,14,UNCLEAR,0,51
P2F073,287.535642222,0.98,787,549606,18183968895344850044,18183968895344850044,1510.31676295317,1.91908102027086,0.927500486373901;0.371041506528854;0.0455092526972294;14.0786781311035;-0.372471570968628;0.927614450454712;0.0282166134566069;-0.358304023742676;-0.031745508313179;-0.0431218221783638;0.998565256595612;6.41089820861816;0;0;0;1,1.78813934326172e-07,5.30208017783584e-07,185.550862,860d41e88038165be469420b2c9e4db1e164ded4d58952b7b507ee01a4b0a9db,2b571af236738a0664befacdc9c783246e991416a8915bcfebb9d2dc074e4570,2.76699348562201,1.89292209947582,2.68558196270175,0.815085530763357,6,6,1,1,14,UNCLEAR,0,51
P2F073,287.535642222,1,787,549606,18183968895344850044,18183968895344850044,1489.72969228747,1.89292209947582,0.929141759872437;0.366817742586136;0.0462649092078209;14.1675233840942;-0.368301510810852;0.929257690906525;0.0288786627352238;-0.464085578918457;-0.0323988199234009;-0.043871808797121;0.998511612415314;6.3805046081543;0;0;0;1,1.78813934326172e-07,5.30208017783584e-07,179.103063,860d41e88038165be469420b2c9e4db1e164ded4d58952b7b507ee01a4b0a9db,2b571af236738a0664befacdc9c783246e991416a8915bcfebb9d2dc074e4570,2.76699348562201,1.89292209947582,2.68558196270175,0.815085530763357,6,6,1,1,14,UNCLEAR,0,51
P2F074,289.048429325,0,698,549606,10264786380457599383,10264786380457599383,1978.54616940775,2.83459336591368,0.813365876674652;0.581495463848114;0.0172903575003147;10.1504640579224;-0.581743955612183;0.812833249568939;0.0295986961573362;5.35419845581055;0.00315732974559069;-0.0341331288218498;0.999412298202515;7.78783178329468;0;0;0;1,3.57627868652344e-07,1.71233491288684e-06,203.78203,860d41e88038165be469420b2c9e4db1e164ded4d58952b7b507ee01a4b0a9db,2b571af236738a0664befacdc9c783246e991416a8915bcfebb9d2dc074e4570,2.83459336591368,1.89767232203006,2.75943784206528,0.82994416951273,4,4,1,1,10,UNCLEAR,0,51
P2F074,289.048429325,0.02,698,549606,10264786380457599383,10264786380457599383,1926.08761376157,2.75943784206528,0.816351532936096;0.577277660369873;0.0179083067923784;10.2155237197876;-0.577551007270813;0.815831005573273;0.0292338617146015;5.23242998123169;0.00226590456441045;-0.0342080630362034;0.999412178993225;7.76256799697876;0;0;0;1,3.57627868652344e-07,1.71233491288684e-06,201.527744,860d41e88038165be469420b2c9e4db1e164ded4d58952b7b507ee01a4b0a9db,2b571af236738a0664befacdc9c783246e991416a8915bcfebb9d2dc074e4570,2.83459336591368,1.89767232203006,2.75943784206528,0.82994416951273,4,4,1,1,10,UNCLEAR,0,51
P2F074,289.048429325,0.04,698,549606,10264786380457599383,10264786380457599383,1774.29370861585,2.54196806391955,0.819314777851105;0.57304447889328;0.018528126180172;10.2811899185181;-0.573342323303223;0.818806946277618;0.028872212395072;5.11101007461548;0.00137410371098667;-0.0342783890664577;0.999411404132843;7.73719882965088;0;0;0;1,3.57627868652344e-07,1.71233491288684e-06,201.437718,860d41e88038165be469420b2c9e4db1e164ded4d58952b7b507ee01a4b0a9db,2b571af236738a0664befacdc9c783246e991416a8915bcfebb9d2dc074e4570,2.83459336591368,1.89767232203006,2.75943784206528,0.82994416951273,4,4,1,1,10,UNCLEAR,0,51
P2F074,289.048429325,0.06,698,549606,10264786380457599383,10264786380457599383,1546.26335077723,2.21527700684417,0.822255611419678;0.56879597902298;0.0191497933119535;10.3474597930908;-0.569118142127991;0.821761190891266;0.0285137575119734;4.98994064331055;0.000481951981782913;-0.0343440920114517;0.999409914016724;7.71172380447388;0;0;0;1,3.57627868652344e-07,1.71233491288684e-06,186.330717,860d41e88038165be469420b2c9e4db1e164ded4d58952b7b507ee01a4b0a9db,2b571af236738a0664befacdc9c783246e991416a8915bcfebb9d2dc074e4570,2.83459336591368,1.89767232203006,2.75943784206528,0.82994416951273,4,4,1,1,10,UNCLEAR,0,51
P2F074,289.048429325,0.08,698,549606,10264786380457599383,10264786380457599383,1337.70929266719,1.91648895797591,0.82517409324646;0.564532279968262;0.0197733007371426;10.4143333435059;-0.564878344535828;0.82469367980957;0.0281585101038218;4.86922597885132;-0.000410527223721147;-0.0344051793217659;0.999407887458801;7.68614196777344;0;0;0;1,3.57627868652344e-07,1.71233491288684e-06,170.872201,860d41e88038165be469420b2c9e4db1e164ded4d58952b7b507ee01a4b0a9db,2b571af236738a0664befacdc9c783246e991416a8915bcfebb9d2dc074e4570,2.83459336591368,1.89767232203006,2.75943784206528,0.82994416951273,4,4,1,1,10,UNCLEAR,0,51
P2F074,289.048429325,0.1,698,549606,10264786380457599383,10264786380457599383,1161.32262847678,1.66378600068306,0.828069984912872;0.560253500938416;0.0203986242413521;10.4818067550659;-0.560623288154602;0.827603995800018;0.0278064776211977;4.74886846542358;-0.00130330817773938;-0.0344616509974003;0.999405145645142;7.66045379638672;0;0;0;1,3.57627868652344e-07,1.71233491288684e-06,152.878986,860d41e88038165be469420b2c9e4db1e164ded4d58952b7b507ee01a4b0a9db,2b571af236738a0664befacdc9c783246e991416a8915bcfebb9d2dc074e4570,2.83459336591368,1.89767232203006,2.75943784206528,0.82994416951273,4,4,1,1,10,UNCLEAR,0,51
P2F074,289.048429325,0.12,698,549606,10264786380457599383,10264786380457599383,1069.47578969144,1.53220027176424,0.830943286418915;0.555959701538086;0.0210257507860661;10.5498790740967;-0.556352913379669;0.830492377281189;0.0274576675146818;4.62887144088745;-0.00219636736437678;-0.034513495862484;0.999401748180389;7.6346583366394;0;0;0;1,3.57627868652344e-07,1.71233491288684e-06,136.499815,860d41e88038165be469420b2c9e4db1e164ded4d58952b7b507ee01a4b0a9db,2b571af236738a0664befacdc9c783246e991416a8915bcfebb9d2dc074e4570,2.83459336591368,1.89767232203006,2.75943784206528,0.82994416951273,4,4,1,1,10,UNCLEAR,0,51
P2F074,289.048429325,0.14,698,549606,10264786380457599383,10264786380457599383,1042.16310796697,1.49307035525354,0.833793759346008;0.551651120185852;0.021654661744833;10.6185483932495;-0.552067399024963;0.833358585834503;0.0271120928227901;4.50923824310303;-0.00308968033641577;-0.0345607288181782;0.999397814273834;7.60875606536865;0;0;0;1,3.57627868652344e-07,1.71233491288684e-06,133.461066,860d41e88038165be469420b2c9e4db1e164ded4d58952b7b507ee01a4b0a9db,2b571af236738a0664befacdc9c783246e991416a8915bcfebb9d2dc074e4570,2.83459336591368,1.89767232203006,2.75943784206528,0.82994416951273,4,4,1,1,10,UNCLEAR,0,51
P2F074,289.048429325,0.16,698,549606,10264786380457599383,10264786380457599383,981.130151066178,1.40563058892003,0.836621522903442;0.547327816486359;0.0222853384912014;10.6878128051758;-0.547766864299774;0.836202681064606;0.0267697647213936;4.38997220993042;-0.00398322241380811;-0.0346033275127411;0.999393165111542;7.58274602890015;0;0;0;1,3.57627868652344e-07,1.71233491288684e-06,123.091787,860d41e88038165be469420b2c9e4db1e164ded4d58952b7b507ee01a4b0a9db,2b571af236738a0664befacdc9c783246e991416a8915bcfebb9d2dc074e4570,2.83459336591368,1.89767232203006,2.75943784206528,0.82994416951273,4,4,1,1,10,UNCLEAR,0,51
P2F074,289.048429325,0.18,698,549606,10264786380457599383,10264786380457599383,895.463171690365,1.28289852677703,0.839426457881927;0.54298985004425;0.0229177642613649;10.7576694488525;-0.543451488018036;0.839024364948273;0.0264306832104921;4.27107572555542;-0.00487696984782815;-0.0346413068473339;0.999387860298157;7.55662822723389;0;0;0;1,3.57627868652344e-07,1.71233491288684e-06,112.597141,860d41e88038165be469420b2c9e4db1e164ded4d58952b7b507ee01a4b0a9db,2b571af236738a0664befacdc9c783246e991416a8915bcfebb9d2dc074e4570,2.83459336591368,1.89767232203006,2.75943784206528,0.82994416951273,4,4,1,1,10,UNCLEAR,0,51
P2F074,289.048429325,0.2,698,549606,10264786380457599383,10264786380457599383,786.074055025985,1.1261805945931,0.842208325862885;0.538637399673462;0.0235519241541624;10.8281173706055;-0.539121270179749;0.841823816299438;0.0260948687791824;4.15255212783813;-0.00577089795842767;-0.034674659371376;0.999381959438324;7.53040218353271;0;0;0;1,3.57627868652344e-07,1.71233491288684e-06,103.459244,860d41e88038165be469420b2c9e4db1e164ded4d58952b7b507ee01a4b0a9db,2b571af236738a0664befacdc9c783246e991416a8915bcfebb9d2dc074e4570,2.83459336591368,1.89767232203006,2.75943784206528,0.82994416951273,4,4,1,1,10,UNCLEAR,0,51
P2F074,289.048429325,0.22,698,549606,10264786380457599383,10264786380457599383,682.441188633807,0.977709439303449,0.844967305660248;0.534270644187927;0.0241877995431423;10.8991546630859;-0.534776329994202;0.844600796699524;0.0257623232901096;4.03440475463867;-0.00666498206555843;-0.0347033813595772;0.999375402927399;7.50406789779663;0;0;0;1,3.57627868652344e-07,1.71233491288684e-06,97.944321,860d41e88038165be469420b2c9e4db1e164ded4d58952b7b507ee01a4b0a9db,2b571af236738a0664befacdc9c783246e991416a8915bcfebb9d2dc074e4570,2.83459336591368,1.89767232203006,2.75943784206528,0.82994416951273,4,4,1,1,10,UNCLEAR,0,51
P2F074,289.048429325,0.24,698,549606,10264786380457599383,10264786380457599383,610.095597144647,0.874062460092617,0.847703218460083;0.529889523983002;0.0248253718018532;10.9707775115967;-0.530416965484619;0.847355246543884;0.0254330597817898;3.91663646697998;-0.00755919702351093;-0.0347274839878082;0.999368190765381;7.47762489318848;0;0;0;1,3.57627868652344e-07,1.71233491288684e-06,95.034082,860d41e88038165be469420b2c9e4db1e164ded4d58952b7b507ee01a4b0a9db,2b571af236738a0664befacdc9c783246e991416a8915bcfebb9d2dc074e4570,2.83459336591368,1.89767232203006,2.75943784206528,0.82994416951273,4,4,1,1,10,UNCLEAR,0,51
P2F074,289.048429325,0.26,698,549606,10264786380457599383,10264786380457599383,579.301030319886,0.82994416951273,0.850415945053101;0.525494337081909;0.0254646241664886;11.0429859161377;-0.526043176651001;0.850087285041809;0.0251070857048035;3.79925060272217;-0.00845352094620466;-0.0347469560801983;0.999360322952271;7.45107316970825;0;0;0;1,3.57627868652344e-07,1.71233491288684e-06,90.792517,860d41e88038165be469420b2c9e4db1e164ded4d58952b7b507ee01a4b0a9db,2b571af236738a0664befacdc9c783246e991416a8915bcfebb9d2dc074e4570,2.83459336591368,1.89767232203006,2.75943784206528,0.82994416951273,4,4,1,1,10,UNCLEAR,0,51
P2F074,289.048429325,0.28,698,549606,10264786380457599383,10264786380457599383,651.838278490832,0.933865728496893,0.853105366230011;0.521085143089294;0.0261055398732424;11.115777015686;-0.521654963493347;0.852796494960785;0.0247844085097313;3.68225002288818;-0.00934792682528496;-0.0347617939114571;0.999351859092712;7.4244122505188;0;0;0;1,3.57627868652344e-07,1.71233491288684e-06,94.747311,860d41e88038165be469420b2c9e4db1e164ded4d58952b7b507ee01a4b0a9db,2b571af236738a0664befacdc9c783246e991416a8915bcfebb9d2dc074e4570,2.83459336591368,1.89767232203006,2.75943784206528,0.82994416951273,4,4,1,1,10,UNCLEAR,0,51
P2F074,289.048429325,0.3,698,549606,10264786380457599383,10264786380457599383,757.579483443937,1.08535742613745,0.855771541595459;0.516662001609802;0.026748102158308;11.1891489028931;-0.517252564430237;0.855482995510101;0.0244650393724442;3.56563758850098;-0.0102423913776875;-0.0347720086574554;0.999342799186707;7.39764165878296;0;0;0;1,3.57627868652344e-07,1.71233491288684e-06,97.186608,860d41e88038165be469420b2c9e4db1e164ded4d58952b7b507ee01a4b0a9db,2b571af236738a0664befacdc9c783246e991416a8915bcfebb9d2dc074e4570,2.83459336591368,1.89767232203006,2.75943784206528,0.82994416951273,4,4,1,1,10,UNCLEAR,0,51
P2F074,289.048429325,0.32,698,549606,10264786380457599383,10264786380457599383,861.394498436441,1.23408953930722,0.85841429233551;0.512225091457367;0.027392290532589;11.2630996704102;-0.512836158275604;0.858146727085114;0.0241489857435226;3.44941663742065;-0.0111368903890252;-0.0347775891423225;0.999333024024963;7.37076091766357;0;0;0;1,3.57627868652344e-07,1.71233491288684e-06,103.801539,860d41e88038165be469420b2c9e4db1e164ded4d58952b7b507ee01a4b0a9db,2b571af236738a0664befacdc9c783246e991416a8915bcfebb9d2dc074e4570,2.83459336591368,1.89767232203006,2.75943784206528,0.82994416951273,4,4,1,1,10,UNCLEAR,0,51
P2F074,289.048429325,0.34,698,549606,10264786380457599383,10264786380457599383,917.631162308579,1.31465782565699,0.86103355884552;0.507774531841278;0.0280380882322788;11.33762550354;-0.508405804634094;0.860787689685822;0.0238362569361925;3.33358979225159;-0.0120313987135887;-0.0347785465419292;0.999322593212128;7.34377098083496;0;0;0;1,3.57627868652344e-07,1.71233491288684e-06,108.553926,860d41e88038165be469420b2c9e4db1e164ded4d58952b7b507ee01a4b0a9db,2b571af236738a0664befacdc9c783246e991416a8915bcfebb9d2dc074e4570,2.83459336591368,1.89767232203006,2.75943784206528,0.82994416951273,4,4,1,1,10,UNCLEAR,0,51
P2F074,289.048429325,0.36,698,549606,10264786380457599383,10264786380457599383,929.082663028699,1.33106398714713,0.863629341125488;0.503310441970825;0.0286854840815067;11.412727355957;-0.503961563110352;0.863405585289001;0.0235268604010344;3.21816062927246;-0.0129258912056684;-0.0347748659551144;0.999311566352844;7.31666994094849;0;0;0;1,3.57627868652344e-07,1.71233491288684e-06,113.363306,860d41e88038165be469420b2c9e4db1e164ded4d58952b7b507ee01a4b0a9db,2b571af236738a0664befacdc9c783246e991416a8915bcfebb9d2dc074e4570,2.83459336591368,1.89767232203006,2.75943784206528,0.82994416951273,4,4,1,1,10,UNCLEAR,0,51
P2F074,289.048429325,0.38,698,549606,10264786380457599383,10264786380457599383,883.53830982102,1.26581419745132,0.86620157957077;0.498833000659943;0.0293344520032406;11.4884004592896;-0.499503642320633;0.866000473499298;0.0232208073139191;3.10313200950623;-0.0138203464448452;-0.0347665622830391;0.999299883842468;7.28945922851562;0;0;0;1,3.57627868652344e-07,1.71233491288684e-06,113.182346,860d41e88038165be469420b2c9e4db1e164ded4d58952b7b507ee01a4b0a9db,2b571af236738a0664befacdc9c783246e991416a8915bcfebb9d2dc074e4570,2.83459336591368,1.89767232203006,2.75943784206528,0.82994416951273,4,4,1,1,10,UNCLEAR,0,51
P2F074,289.048429325,0.4,698,549606,10264786380457599383,10264786380457599383,839.413724196376,1.20259845873406,0.868750095367432;0.49434220790863;0.0299849770963192;11.564642906189;-0.495032161474228;0.868572294712067;0.0229181014001369;2.98850679397583;-0.0147147374227643;-0.0347536280751228;0.999287605285645;7.26213693618774;0;0;0;1,3.57627868652344e-07,1.71233491288684e-06,113.459688,860d41e88038165be469420b2c9e4db1e164ded4d58952b7b507ee01a4b0a9db,2b571af236738a0664befacdc9c783246e991416a8915bcfebb9d2dc074e4570,2.83459336591368,1.89767232203006,2.75943784206528,0.82994416951273,4,4,1,1,10,UNCLEAR,0,51
P2F074,289.048429325,0.42,698,549606,10264786380457599383,10264786380457599383,778.038295616216,1.11466804529544,0.871274828910828;0.489838242530823;0.0306370425969362;11.6414546966553;-0.490547209978104;0.871121048927307;0.022618755698204;2.87428760528564;-0.0156090408563614;-0.0347360633313656;0.999274611473083;7.23470401763916;0;0;0;1,3.57627868652344e-07,1.71233491288684e-06,106.804318,860d41e88038165be469420b2c9e4db1e164ded4d58952b7b507ee01a4b0a9db,2b571af236738a0664befacdc9c783246e991416a8915bcfebb9d2dc074e4570,2.83459336591368,1.89767232203006,2.75943784206528,0.82994416951273,4,4,1,1,10,UNCLEAR,0,51
P2F074,289.048429325,0.44,698,549606,10264786380457599383,10264786380457599383,755.521632460402,1.08240921555932,0.873775780200958;0.485321253538132;0.031290628015995;11.7188320159912;-0.486048847436905;0.87364649772644;0.0223227739334106;2.76047801971436;-0.0165032315999269;-0.0347138755023479;0.99926096200943;7.20715951919556;0;0;0;1,3.57627868652344e-07,1.71233491288684e-06,103.208441,860d41e88038165be469420b2c9e4db1e164ded4d58952b7b507ee01a4b0a9db,2b571af236738a0664befacdc9c783246e991416a8915bcfebb9d2dc074e4570,2.83459336591368,1.89767232203006,2.75943784206528,0.82994416951273,4,4,1,1,10,UNCLEAR,0,51
P2F074,289.048429325,0.46,698,549606,10264786380457599383,10264786380457599383,762.776437173339,1.09280291858645,0.876252949237823;0.480791360139847;0.0319457203149796;11.7967720031738;-0.481537401676178;0.876148581504822;0.022030171006918;2.64708042144775;-0.0173972845077515;-0.0346870571374893;0.999246776103973;7.17950391769409;0;0;0;1,3.57627868652344e-07,1.71233491288684e-06,101.747211,860d41e88038165be469420b2c9e4db1e164ded4d58952b7b507ee01a4b0a9db,2b571af236738a0664befacdc9c783246e991416a8915bcfebb9d2dc074e4570,2.83459336591368,1.89767232203006,2.75943784206528,0.82994416951273,4,4,1,1,10,UNCLEAR,0,51
P2F074,289.048429325,0.48,698,549606,10264786380457599383,10264786380457599383,795.492932120673,1.13967468785197,0.878706097602844;0.476248621940613;0.0326022990047932;11.8752737045288;-0.477012783288956;0.878627419471741;0.0217409431934357;2.53409838676453;-0.0182911772280931;-0.0346556082367897;0.99923187494278;7.15173625946045;0;0;0;1,3.57627868652344e-07,1.71233491288684e-06,101.411131,860d41e88038165be469420b2c9e4db1e164ded4d58952b7b507ee01a4b0a9db,2b571af236738a0664befacdc9c783246e991416a8915bcfebb9d2dc074e4570,2.83459336591368,1.89767232203006,2.75943784206528,0.82994416951273,4,4,1,1,10,UNCLEAR,0,51
P2F074,289.048429325,0.5,698,549606,10264786380457599383,10264786380457599383,841.167622333997,1.20511120678223,0.881135165691376;0.471693247556686;0.0332603417336941;11.9543342590332;-0.472475200891495;0.881082773208618;0.0214551091194153;2.42153429985046;-0.0191848855465651;-0.0346195362508297;0.999216437339783;7.12385654449463;0;0;0;1,3.57627868652344e-07,1.71233491288684e-06,104.688949,860d41e88038165be469420b2c9e4db1e164ded4d58952b7b507ee01a4b0a9db,2b571af236738a0664befacdc9c783246e991416a8915bcfebb9d2dc074e4570,2.83459336591368,1.89767232203006,2.75943784206528,0.82994416951273,4,4,1,1,10,UNCLEAR,0,51
P2F074,289.048429325,0.52,698,549606,10264786380457599383,10264786380457599383,867.764088649506,1.24321502671849,0.883540213108063;0.467125356197357;0.0339198410511017;12.0339517593384;-0.46792471408844;0.883514702320099;0.0211726743727922;2.30939149856567;-0.0200783833861351;-0.0345788411796093;0.999200224876404;7.09586429595947;0;0;0;1,3.57627868652344e-07,1.71233491288684e-06,106.916694,860d41e88038165be469420b2c9e4db1e164ded4d58952b7b507ee01a4b0a9db,2b571af236738a0664befacdc9c783246e991416a8915bcfebb9d2dc074e4570,2.83459336591368,1.89767232203006,2.75943784206528,0.82994416951273,4,4,1,1,10,UNCLEAR,0,51
P2F074,289.048429325,0.54,698,549606,10264786380457599383,10264786380457599383,904.574060019351,1.29595137538589,0.885921120643616;0.46254500746727;0.0345807671546936;12.1141233444214;-0.463361591100693;0.885922968387604;0.020893644541502;2.19767260551453;-0.0209716446697712;-0.0345335192978382;0.999183475971222;7.06775999069214;0;0;0;1,3.57627868652344e-07,1.71233491288684e-06,112.638279,860d41e88038165be469420b2c9e4db1e164ded4d58952b7b507ee01a4b0a9db,2b571af236738a0664befacdc9c783246e991416a8915bcfebb9d2dc074e4570,2.83459336591368,1.89767232203006,2.75943784206528,0.82994416951273,4,4,1,1,10,UNCLEAR,0,51
P2F074,289.048429325,0.56,698,549606,10264786380457599383,10264786380457599383,916.478485133296,1.3130064256924,0.888277888298035;0.457952320575714;0.0352431088685989;12.1948471069336;-0.458785772323608;0.888307690620422;0.0206180289387703;2.08638048171997;-0.0218646507710218;-0.0344835743308067;0.999166011810303;7.03954267501831;0;0;0;1,3.57627868652344e-07,1.71233491288684e-06,115.080228,860d41e88038165be469420b2c9e4db1e164ded4d58952b7b507ee01a4b0a9db,2b571af236738a0664befacdc9c783246e991416a8915bcfebb9d2dc074e4570,2.83459336591368,1.89767232203006,2.75943784206528,0.82994416951273,4,4,1,1,10,UNCLEAR,0,51
P2F074,289.048429325,0.58,698,549606,10264786380457599383,10264786380457599383,935.442043388636,1.34017484726166,0.890610337257385;0.453347504138947;0.0359068475663662;12.2761211395264;-0.454197615385056;0.890668630599976;0.0203458331525326;1.97551846504211;-0.0227573718875647;-0.0344290100038052;0.999148011207581;7.01121234893799;0;0;0;1,3.57627868652344e-07,1.71233491288684e-06,119.268504,860d41e88038165be469420b2c9e4db1e164ded4d58952b7b507ee01a4b0a9db,2b571af236738a0664befacdc9c783246e991416a8915bcfebb9d2dc074e4570,2.83459336591368,1.89767232203006,2.75943784206528,0.82994416951273,4,4,1,1,10,UNCLEAR,0,51
P2F074,289.048429325,0.6,698,549606,10264786380457599383,10264786380457599383,952.029726835834,1.36393943672756,0.892918407917023;0.448730647563934;0.0365719646215439;12.3579435348511;-0.449597030878067;0.893005907535553;0.0200770646333694;1.86508893966675;-0.0236497838050127;-0.0343698263168335;0.999129295349121;6.98276901245117;0;0;0;1,3.57627868652344e-07,1.71233491288684e-06,121.576359,860d41e88038165be469420b2c9e4db1e164ded4d58952b7b507ee01a4b0a9db,2b571af236738a0664befacdc9c783246e991416a8915bcfebb9d2dc074e4570,2.83459336591368,1.89767232203006,2.75943784206528,0.82994416951273,4,4,1,1,10,UNCLEAR,0,51
P2F074,289.048429325,0.62,698,549606,10264786380457599383,10264786380457599383,1003.06837506002,1.43706070925504,0.895202100276947;0.444101870059967;0.0372384414076805;12.4403104782104;-0.444984138011932;0.895319283008575;0.0198117345571518;1.7550950050354;-0.0245418660342693;-0.0343060195446014;0.999109983444214;6.9542121887207;0;0;0;1,3.57627868652344e-07,1.71233491288684e-06,129.800865,860d41e88038165be469420b2c9e4db1e164ded4d58952b7b507ee01a4b0a9db,2b571af236738a0664befacdc9c783246e991416a8915bcfebb9d2dc074e4570,2.83459336591368,1.89767232203006,2.75943784206528,0.82994416951273,4,4,1,1,10,UNCLEAR,0,51
P2F074,289.048429325,0.64,698,549606,10264786380457599383,10264786380457599383,1103.25370305016,1.58059269777959,0.897461414337158;0.439461290836334;0.0379062592983246;12.5232210159302;-0.440359264612198;0.897608816623688;0.0195498429238796;1.6455397605896;-0.0254335924983025;-0.0342376008629799;0.999090075492859;6.92554187774658;0;0;0;1,3.57627868652344e-07,1.71233491288684e-06,141.716163,860d41e88038165be469420b2c9e4db1e164ded4d58952b7b507ee01a4b0a9db,2b571af236738a0664befacdc9c783246e991416a8915bcfebb9d2dc074e4570,2.83459336591368,1.89767232203006,2.75943784206528,0.82994416951273,4,4,1,1,10,UNCLEAR,0,51
P2F074,289.048429325,0.66,698,549606,10264786380457599383,10264786380457599383,1197.77823794928,1.71601466754911,0.899696052074432;0.434809029102325;0.0385753996670246;12.606671333313;-0.435722410678864;0.899874329566956;0.019291402772069;1.5364248752594;-0.02632493712008;-0.0341645628213882;0.999069452285767;6.89675712585449;0;0;0;1,3.57627868652344e-07,1.71233491288684e-06,148.038247,860d41e88038165be469420b2c9e4db1e164ded4d58952b7b507ee01a4b0a9db,2b571af236738a0664befacdc9c783246e991416a8915bcfebb9d2dc074e4570,2.83459336591368,1.89767232203006,2.75943784206528,0.82994416951273,4,4,1,1,10,UNCLEAR,0,51
P2F074,289.048429325,0.68,698,549606,10264786380457599383,10264786380457599383,1323.86483364902,1.8966544894685,0.901906192302704;0.430145263671875;0.0392458476126194;12.6906604766846;-0.431073606014252;0.902115941047668;0.0190364196896553;1.42775511741638;-0.0272158775478601;-0.0340869128704071;0.999048233032227;6.86785888671875;0;0;0;1,3.57627868652344e-07,1.71233491288684e-06,160.860023,860d41e88038165be469420b2c9e4db1e164ded4d58952b7b507ee01a4b0a9db,2b571af236738a0664befacdc9c783246e991416a8915bcfebb9d2dc074e4570,2.83459336591368,1.89767232203006,2.75943784206528,0.82994416951273,4,4,1,1,10,UNCLEAR,0,51
P2F074,289.048429325,0.7,698,549606,10264786380457599383,10264786380457599383,1414.86560000355,2.02702808023432,0.904091656208038;0.425470024347305;0.0399175807833672;12.775185585022;-0.426413178443909;0.904333412647247;0.0187849048525095;1.31953144073486;-0.0281063877046108;-0.0340046584606171;0.999026358127594;6.83884620666504;0;0;0;1,3.57627868652344e-07,1.71233491288684e-06,167.784913,860d41e88038165be469420b2c9e4db1e164ded4d58952b7b507ee01a4b0a9db,2b571af236738a0664befacdc9c783246e991416a8915bcfebb9d2dc074e4570,2.83459336591368,1.89767232203006,2.75943784206528,0.82994416951273,4,4,1,1,10,UNCLEAR,0,51
P2F074,289.048429325,0.72,698,549606,10264786380457599383,10264786380457599383,1466.42375692029,2.10089363455629,0.906252503395081;0.420783519744873;0.0405905842781067;12.8602437973022;-0.421741157770157;0.906526744365692;0.0185368563979864;1.21175813674927;-0.0289964471012354;-0.0339177921414375;0.999003887176514;6.80971908569336;0;0;0;1,3.57627868652344e-07,1.71233491288684e-06,172.408443,860d41e88038165be469420b2c9e4db1e164ded4d58952b7b507ee01a4b0a9db,2b571af236738a0664befacdc9c783246e991416a8915bcfebb9d2dc074e4570,2.83459336591368,1.89767232203006,2.75943784206528,0.82994416951273,4,4,1,1,10,UNCLEAR,0,51
P2F074,289.048429325,0.74,698,549606,10264786380457599383,10264786380457599383,1506.40077870246,2.15816730473131,0.908388495445251;0.416085869073868;0.0412648357450962;12.9458332061768;-0.417057633399963;0.908695936203003;0.0182922873646021;1.10443639755249;-0.0298860277980566;-0.0338263176381588;0.998980760574341;6.78047752380371;0;0;0;1,3.57627868652344e-07,1.71233491288684e-06,177.587704,860d41e88038165be469420b2c9e4db1e164ded4d58952b7b507ee01a4b0a9db,2b571af236738a0664befacdc9c783246e991416a8915bcfebb9d2dc074e4570,2.83459336591368,1.89767232203006,2.75943784206528,0.82994416951273,4,4,1,1,10,UNCLEAR,0,51
P2F074,289.048429325,0.76,698,549606,10264786380457599383,10264786380457599383,1502.02016055964,2.15189134750664,0.910499751567841;0.411377191543579;0.0419403202831745;13.0319519042969;-0.412362813949585;0.91084086894989;0.018051203340292;0.997570037841797;-0.0307751074433327;-0.0337302424013615;0.998957097530365;6.75112056732178;0;0;0;1,3.57627868652344e-07,1.71233491288684e-06,179.547747,860d41e88038165be469420b2c9e4db1e164ded4d58952b7b507ee01a4b0a9db,2b571af236738a0664befacdc9c783246e991416a8915bcfebb9d2dc074e4570,2.83459336591368,1.89767232203006,2.75943784206528,0.82994416951273,4,4,1,1,10,UNCLEAR,0,51
P2F074,289.048429325,0.78,698,549606,10264786380457599383,10264786380457599383,1465.53469366778,2.09961990496816,0.912586092948914;0.406657606363297;0.0426170155405998;13.1185960769653;-0.407656759023666;0.912961423397064;0.0178136061877012;0.891162872314453;-0.0316636562347412;-0.0336295664310455;0.998932659626007;6.72164869308472;0;0;0;1,3.57627868652344e-07,1.71233491288684e-06,175.827131,860d41e88038165be469420b2c9e4db1e164ded4d58952b7b507ee01a4b0a9db,2b571af236738a0664befacdc9c783246e991416a8915bcfebb9d2dc074e4570,2.83459336591368,1.89767232203006,2.75943784206528,0.82994416951273,4,4,1,1,10,UNCLEAR,0,51
P2F074,289.048429325,0.8,698,549606,10264786380457599383,10264786380457599383,1443.31152163205,2.06778154961612,0.914647459983826;0.401927262544632;0.0432949140667915;13.2057647705078;-0.402939677238464;0.915057718753815;0.0175795089453459;0.785214900970459;-0.0325516574084759;-0.033524289727211;0.998907625675201;6.69206142425537;0;0;0;1,3.57627868652344e-07,1.71233491288684e-06,174.683261,860d41e88038165be469420b2c9e4db1e164ded4d58952b7b507ee01a4b0a9db,2b571af236738a0664befacdc9c783246e991416a8915bcfebb9d2dc074e4570,2.83459336591368,1.89767232203006,2.75943784206528,0.82994416951273,4,4,1,1,10,UNCLEAR,0,51
P2F074,289.048429325,0.82,698,549606,10264786380457599383,10264786380457599383,1407.89118256335,2.01703607817099,0.916683912277222;0.397186249494553;0.043973982334137;13.2934532165527;-0.398211658000946;0.917129516601562;0.0173489153385162;0.679731845855713;-0.0334390848875046;-0.0334144234657288;0.998881995677948;6.6623592376709;0;0;0;1,3.57627868652344e-07,1.71233491288684e-06,171.962153,860d41e88038165be469420b2c9e4db1e164ded4d58952b7b507ee01a4b0a9db,2b571af236738a0664befacdc9c783246e991416a8915bcfebb9d2dc074e4570,2.83459336591368,1.89767232203006,2.75943784206528,0.82994416951273,4,4,1,1,10,UNCLEAR,0,51
P2F074,289.048429325,0.84,698,549606,10264786380457599383,10264786380457599383,1391.72400547847,1.99387393335025,0.918695211410522;0.392434746026993;0.0446542054414749;13.3816623687744;-0.393472671508789;0.919176816940308;0.0171218309551477;0.574714183807373;-0.0343259125947952;-0.0332999564707279;0.998855710029602;6.63254070281982;0;0;0;1,3.57627868652344e-07,1.71233491288684e-06,169.493454,860d41e88038165be469420b2c9e4db1e164ded4d58952b7b507ee01a4b0a9db,2b571af236738a0664befacdc9c783246e991416a8915bcfebb9d2dc074e4570,2.83459336591368,1.89767232203006,2.75943784206528,0.82994416951273,4,4,1,1,10,UNCLEAR,0,51
P2F074,289.048429325,0.86,698,549606,10264786380457599383,10264786380457599383,1371.64990283196,1.96511447397129,0.920681536197662;0.387672811746597;0.0453355759382248;13.470386505127;-0.388723134994507;0.92119961977005;0.0168982651084661;0.470165729522705;-0.035212118178606;-0.0331809036433697;0.998828887939453;6.60260677337646;0;0;0;1,3.57627868652344e-07,1.71233491288684e-06,168.323812,860d41e88038165be469420b2c9e4db1e164ded4d58952b7b507ee01a4b0a9db,2b571af236738a0664befacdc9c783246e991416a8915bcfebb9d2dc074e4570,2.83459336591368,1.89767232203006,2.75943784206528,0.82994416951273,4,4,1,1,10,UNCLEAR,0,51
P2F074,289.048429325,0.88,698,549606,10264786380457599383,10264786380457599383,1348.05951111501,1.93131735116764,0.922642648220062;0.382900655269623;0.0460180640220642;13.5596256256104;-0.383962959051132;0.9231978058815;0.0166782215237617;0.366088390350342;-0.0360976718366146;-0.0330572687089443;0.998801410198212;6.5725564956665;0;0;0;1,3.57627868652344e-07,1.71233491288684e-06,165.689448,860d41e88038165be469420b2c9e4db1e164ded4d58952b7b507ee01a4b0a9db,2b571af236738a0664befacdc9c783246e991416a8915bcfebb9d2dc074e4570,2.83459336591368,1.89767232203006,2.75943784206528,0.82994416951273,4,4,1,1,10,UNCLEAR,0,51
P2F074,289.048429325,0.9,698,549606,10264786380457599383,10264786380457599383,1349.26890914542,1.93305001310232,0.924578487873077;0.378118395805359;0.0467016473412514;13.649374961853;-0.379192352294922;0.925171434879303;0.0164617039263248;0.262486457824707;-0.0369825586676598;-0.0329290479421616;0.998773217201233;6.54238986968994;0;0;0;1,3.57627868652344e-07,1.71233491288684e-06,167.242311,860d41e88038165be469420b2c9e4db1e164ded4d58952b7b507ee01a4b0a9db,2b571af236738a0664befacdc9c783246e991416a8915bcfebb9d2dc074e4570,2.83459336591368,1.89767232203006,2.75943784206528,0.82994416951273,4,4,1,1,10,UNCLEAR,0,51
P2F074,289.048429325,0.92,698,549606,10264786380457599383,10264786380457599383,1360.17373914055,1.9486729787114,0.926489114761353;0.37332609295845;0.0473863258957863;13.7396335601807;-0.374411523342133;0.927120268344879;0.0162487216293812;0.159360885620117;-0.0378667525947094;-0.0327962450683117;0.998744428157806;6.51210737228394;0;0;0;1,3.57627868652344e-07,1.71233491288684e-06,170.601704,860d41e88038165be469420b2c9e4db1e164ded4d58952b7b507ee01a4b0a9db,2b571af236738a0664befacdc9c783246e991416a8915bcfebb9d2dc074e4570,2.83459336591368,1.89767232203006,2.75943784206528,0.82994416951273,4,4,1,1,10,UNCLEAR,0,51
P2F074,289.048429325,0.94,698,549606,10264786380457599383,10264786380457599383,1345.84037031835,1.92813806635867,0.928374528884888;0.368523955345154;0.0480720587074757;13.8303985595703;-0.369620442390442;0.929044365882874;0.0160392783582211;0.0567150115966797;-0.0387502200901508;-0.0326588749885559;0.998715102672577;6.48170804977417;0;0;0;1,3.57627868652344e-07,1.71233491288684e-06,166.58461,860d41e88038165be469420b2c9e4db1e164ded4d58952b7b507ee01a4b0a9db,2b571af236738a0664befacdc9c783246e991416a8915bcfebb9d2dc074e4570,2.83459336591368,1.89767232203006,2.75943784206528,0.82994416951273,4,4,1,1,10,UNCLEAR,0,51
P2F074,289.048429325,0.96,698,549606,10264786380457599383,10264786380457599383,1353.07726588193,1.9385061115787,0.930234372615814;0.363712102174759;0.0487588420510292;13.921667098999;-0.364819347858429;0.930943608283997;0.0158333834260702;-0.0454483032226562;-0.0396329462528229;-0.0325169265270233;0.99868506193161;6.45119190216064;0;0;0;1,3.57627868652344e-07,1.71233491288684e-06,166.98662,860d41e88038165be469420b2c9e4db1e164ded4d58952b7b507ee01a4b0a9db,2b571af236738a0664befacdc9c783246e991416a8915bcfebb9d2dc074e4570,2.83459336591368,1.89767232203006,2.75943784206528,0.82994416951273,4,4,1,1,10,UNCLEAR,0,51
P2F074,289.048429325,0.98,698,549606,10264786380457599383,10264786380457599383,1344.59010231388,1.92634685145256,0.932068943977356;0.358890563249588;0.0494466572999954;14.0134363174438;-0.360008418560028;0.932818114757538;0.0156310368329287;-0.147126197814941;-0.0405149012804031;-0.0323704145848751;0.99865448474884;6.42055892944336;0;0;0;1,3.57627868652344e-07,1.71233491288684e-06,164.580358,860d41e88038165be469420b2c9e4db1e164ded4d58952b7b507ee01a4b0a9db,2b571af236738a0664befacdc9c783246e991416a8915bcfebb9d2dc074e4570,2.83459336591368,1.89767232203006,2.75943784206528,0.82994416951273,4,4,1,1,10,UNCLEAR,0,51
P2F074,289.048429325,1,698,549606,10264786380457599383,10264786380457599383,1324.57528077698,1.89767232203006,0.933878004550934;0.35405969619751;0.0501354709267616;14.1057043075562;-0.355187594890594;0.934667646884918;0.0154322506859899;-0.248317718505859;-0.0413960702717304;-0.032219335436821;0.998623192310333;6.38980913162231;0;0;0;1,3.57627868652344e-07,1.71233491288684e-06,160.017731,860d41e88038165be469420b2c9e4db1e164ded4d58952b7b507ee01a4b0a9db,2b571af236738a0664befacdc9c783246e991416a8915bcfebb9d2dc074e4570,2.83459336591368,1.89767232203006,2.75943784206528,0.82994416951273,4,4,1,1,10,UNCLEAR,0,51
P2F075,291.973208263,0,594,549606,11688386852751428354,11688386852751428354,1603.44486213733,2.69940212481032,0.93673437833786;0.159574404358864;-0.311552137136459;9.34421634674072;-0.149391368031502;0.987165629863739;0.0564475022256374;6.26687288284302;0.316561132669449;-0.0063331127166748;0.948550999164581;7.66711235046387;0;0;0;1,2.38418579101562e-07,5.79538751124713e-07,164.657674,860d41e88038165be469420b2c9e4db1e164ded4d58952b7b507ee01a4b0a9db,2b571af236738a0664befacdc9c783246e991416a8915bcfebb9d2dc074e4570,2.69940212481032,1.92549007195742,2.67349255454278,1.14983025785489,2,3,2,0,7,TWO_ENDPOINT_PEAKS_WITH_INTERIOR_VALLEY,1,51
P2F075,291.973208263,0.02,594,549606,11688386852751428354,11688386852751428354,1588.05457739841,2.67349255454278,0.937885463237762;0.15412899851799;-0.310829728841782;9.41473865509033;-0.145607694983482;0.988048374652863;0.050585824996233;6.20084238052368;0.314911544322968;-0.00218450743705034;0.949118554592133;7.65471410751343;0;0;0;1,2.38418579101562e-07,5.79538751124713e-07,165.288415,860d41e88038165be469420b2c9e4db1e164ded4d58952b7b507ee01a4b0a9db,2b571af236738a0664befacdc9c783246e991416a8915bcfebb9d2dc074e4570,2.69940212481032,1.92549007195742,2.67349255454278,1.14983025785489,2,3,2,0,7,TWO_ENDPOINT_PEAKS_WITH_INTERIOR_VALLEY,1,51
P2F075,291.973208263,0.04,594,549606,11688386852751428354,11688386852751428354,1515.73687385846,2.5517455788863,0.939013957977295;0.148683309555054;-0.31007444858551;9.48561096191406;-0.141810551285744;0.988882899284363;0.0447257906198502;6.13525676727295;0.313277304172516;0.00197368953377008;0.949659705162048;7.64195251464844;0;0;0;1,2.38418579101562e-07,5.79538751124713e-07,161.424904,860d41e88038165be469420b2c9e4db1e164ded4d58952b7b507ee01a4b0a9db,2b571af236738a0664befacdc9c783246e991416a8915bcfebb9d2dc074e4570,2.69940212481032,1.92549007195742,2.67349255454278,1.14983025785489,2,3,2,0,7,TWO_ENDPOINT_PEAKS_WITH_INTERIOR_VALLEY,1,51
P2F075,291.973208263,0.06,594,549606,11688386852751428354,11688386852751428354,1435.69484183436,2.41699468322283,0.940119683742523;0.143237635493279;-0.309286326169968;9.55682849884033;-0.138000160455704;0.989669322967529;0.0388677045702934;6.07011890411377;0.311658471822739;0.00614126678556204;0.950174391269684;7.62882900238037;0;0;0;1,2.38418579101562e-07,5.79538751124713e-07,161.234235,860d41e88038165be469420b2c9e4db1e164ded4d58952b7b507ee01a4b0a9db,2b571af236738a0664befacdc9c783246e991416a8915bcfebb9d2dc074e4570,2.69940212481032,1.92549007195742,2.67349255454278,1.14983025785489,2,3,2,0,7,TWO_ENDPOINT_PEAKS_WITH_INTERIOR_VALLEY,1,51
P2F075,291.973208263,0.08,594,549606,11688386852751428354,11688386852751428354,1316.5663733723,2.21644170601397,0.941202640533447;0.137792229652405;-0.308465391397476;9.62838935852051;-0.134176686406136;0.990407466888428;0.0330118611454964;6.00543212890625;0.310055196285248;0.0103180147707462;0.950662553310394;7.6153450012207;0;0;0;1,2.38418579101562e-07,5.79538751124713e-07,157.243542,860d41e88038165be469420b2c9e4db1e164ded4d58952b7b507ee01a4b0a9db,2b571af236738a0664befacdc9c783246e991416a8915bcfebb9d2dc074e4570,2.69940212481032,1.92549007195742,2.67349255454278,1.14983025785489,2,3,2,0,7,TWO_ENDPOINT_PEAKS_WITH_INTERIOR_VALLEY,1,51
P2F075,291.973208263,0.1,594,549606,11688386852751428354,11688386852751428354,1207.65557276582,2.03309018984145,0.942262887954712;0.132347375154495;-0.307611674070358;9.70029163360596;-0.130340322852135;0.991097331047058;0.0271585490554571;5.94120073318481;0.308467477560043;0.0145037202164531;0.951124370098114;7.60150289535522;0;0;0;1,2.38418579101562e-07,5.79538751124713e-07,156.884904,860d41e88038165be469420b2c9e4db1e164ded4d58952b7b507ee01a4b0a9db,2b571af236738a0664befacdc9c783246e991416a8915bcfebb9d2dc074e4570,2.69940212481032,1.92549007195742,2.67349255454278,1.14983025785489,2,3,2,0,7,TWO_ENDPOINT_PEAKS_WITH_INTERIOR_VALLEY,1,51
P2F075,291.973208263,0.12,594,549606,11688386852751428354,11688386852751428354,1114.94947056829,1.87701931072102,0.943300187587738;0.126903355121613;-0.306725263595581;9.7725305557251;-0.126491293311119;0.99173891544342;0.021308071911335;5.87742757797241;0.306895434856415;0.0186981707811356;0.951559603214264;7.58730316162109;0;0;0;1,2.38418579101562e-07,5.79538751124713e-07,156.040237,860d41e88038165be469420b2c9e4db1e164ded4d58952b7b507ee01a4b0a9db,2b571af236738a0664befacdc9c783246e991416a8915bcfebb9d2dc074e4570,2.69940212481032,1.92549007195742,2.67349255454278,1.14983025785489,2,3,2,0,7,TWO_ENDPOINT_PEAKS_WITH_INTERIOR_VALLEY,1,51
P2F075,291.973208263,0.14,594,549606,11688386852751428354,11688386852751428354,1037.06520903654,1.74590102531404,0.944314539432526;0.121460407972336;-0.305806189775467;9.8451042175293;-0.122629784047604;0.992332100868225;0.0154607258737087;5.81411600112915;0.305339127779007;0.0229011587798595;0.951968252658844;7.57274866104126;0;0;0;1,2.38418579101562e-07,5.79538751124713e-07,152.049125,860d41e88038165be469420b2c9e4db1e164ded4d58952b7b507ee01a4b0a9db,2b571af236738a0664befacdc9c783246e991416a8915bcfebb9d2dc074e4570,2.69940212481032,1.92549007195742,2.67349255454278,1.14983025785489,2,3,2,0,7,TWO_ENDPOINT_PEAKS_WITH_INTERIOR_VALLEY,1,51
P2F075,291.973208263,0.16,594,549606,11688386852751428354,11688386852751428354,979.98367575036,1.6498041679299,0.945306003093719;0.11601884663105;-0.304854452610016;9.91800975799561;-0.118755951523781;0.992876946926117;0.00961679965257645;5.75126981735229;0.303798705339432;0.0271124672144651;0.952350378036499;7.55783987045288;0;0;0;1,2.38418579101562e-07,5.79538751124713e-07,143.408152,860d41e88038165be469420b2c9e4db1e164ded4d58952b7b507ee01a4b0a9db,2b571af236738a0664befacdc9c783246e991416a8915bcfebb9d2dc074e4570,2.69940212481032,1.92549007195742,2.67349255454278,1.14983025785489,2,3,2,0,7,TWO_ENDPOINT_PEAKS_WITH_INTERIOR_VALLEY,1,51
P2F075,291.973208263,0.18,594,549606,11688386852751428354,11688386852751428354,958.919132817292,1.61434197443988,0.946274399757385;0.110578946769238;-0.303870141506195;9.99124431610107;-0.114870056509972;0.993373394012451;0.00377659499645233;5.68889188766479;0.302274137735367;0.0313318856060505;0.952705979347229;7.54257965087891;0;0;0;1,2.38418579101562e-07,5.79538751124713e-07,133.970074,860d41e88038165be469420b2c9e4db1e164ded4d58952b7b507ee01a4b0a9db,2b571af236738a0664befacdc9c783246e991416a8915bcfebb9d2dc074e4570,2.69940212481032,1.92549007195742,2.67349255454278,1.14983025785489,2,3,2,0,7,TWO_ENDPOINT_PEAKS_WITH_INTERIOR_VALLEY,1,51
P2F075,291.973208263,0.2,594,549606,11688386852751428354,11688386852751428354,970.666833329637,1.63411924802969,0.947219729423523;0.105140969157219;-0.302853316068649;10.0648050308228;-0.110972240567207;0.993821442127228;-0.00205958634614944;5.62698554992676;0.300765573978424;0.0355591997504234;0.953034996986389;7.52696895599365;0;0;0;1,2.38418579101562e-07,5.79538751124713e-07,126.695346,860d41e88038165be469420b2c9e4db1e164ded4d58952b7b507ee01a4b0a9db,2b571af236738a0664befacdc9c783246e991416a8915bcfebb9d2dc074e4570,2.69940212481032,1.92549007195742,2.67349255454278,1.14983025785489,2,3,2,0,7,TWO_ENDPOINT_PEAKS_WITH_INTERIOR_VALLEY,1,51
P2F075,291.973208263,0.22,594,549606,11688386852751428354,11688386852751428354,987.679836620874,1.66276066771191,0.948141992092133;0.0997051894664764;-0.301804006099701;10.1386871337891;-0.107062727212906;0.994220972061157;-0.0078914612531662;5.56555461883545;0.299273073673248;0.0397941954433918;0.95333731174469;7.51100921630859;0;0;0;1,2.38418579101562e-07,5.79538751124713e-07,121.968591,860d41e88038165be469420b2c9e4db1e164ded4d58952b7b507ee01a4b0a9db,2b571af236738a0664befacdc9c783246e991416a8915bcfebb9d2dc074e4570,2.69940212481032,1.92549007195742,2.67349255454278,1.14983025785489,2,3,2,0,7,TWO_ENDPOINT_PEAKS_WITH_INTERIOR_VALLEY,1,51
P2F075,291.973208263,0.24,594,549606,11688386852751428354,11688386852751428354,1001.40153340948,1.68586116735603,0.94904100894928;0.0942718833684921;-0.300722301006317;10.212890625;-0.103141702711582;0.994572043418884;-0.0137187354266644;5.50460195541382;0.297796696424484;0.0440366566181183;0.953613102436066;7.49470329284668;0;0;0;1,2.38418579101562e-07,5.79538751124713e-07,119.82682,860d41e88038165be469420b2c9e4db1e164ded4d58952b7b507ee01a4b0a9db,2b571af236738a0664befacdc9c783246e991416a8915bcfebb9d2dc074e4570,2.69940212481032,1.92549007195742,2.67349255454278,1.14983025785489,2,3,2,0,7,TWO_ENDPOINT_PEAKS_WITH_INTERIOR_VALLEY,1,51
P2F075,291.973208263,0.26,594,549606,11688386852751428354,11688386852751428354,1005.52002850248,1.69279466077859,0.949916958808899;0.0888413339853287;-0.299608200788498;10.2874097824097;-0.0992093905806541;0.994874715805054;-0.0195410922169685;5.44413137435913;0.296336591243744;0.0482863709330559;0.953862249851227;7.47805166244507;0;0;0;1,2.38418579101562e-07,5.79538751124713e-07,118.327316,860d41e88038165be469420b2c9e4db1e164ded4d58952b7b507ee01a4b0a9db,2b571af236738a0664befacdc9c783246e991416a8915bcfebb9d2dc074e4570,2.69940212481032,1.92549007195742,2.67349255454278,1.14983025785489,2,3,2,0,7,TWO_ENDPOINT_PEAKS_WITH_INTERIOR_VALLEY,1,51
P2F075,291.973208263,0.28,594,549606,11688386852751428354,11688386852751428354,1005.89813572313,1.6934312049211,0.950769543647766;0.0834138095378876;-0.29846179485321;10.3622436523438;-0.0952659472823143;0.995128870010376;-0.0253582708537579;5.38414573669434;0.29489266872406;0.0525431223213673;0.954084694385529;7.46105718612671;0;0;0;1,2.38418579101562e-07,5.79538751124713e-07,118.551229,860d41e88038165be469420b2c9e4db1e164ded4d58952b7b507ee01a4b0a9db,2b571af236738a0664befacdc9c783246e991416a8915bcfebb9d2dc074e4570,2.69940212481032,1.92549007195742,2.67349255454278,1.14983025785489,2,3,2,0,7,TWO_ENDPOINT_PEAKS_WITH_INTERIOR_VALLEY,1,51
P2F075,291.973208263,0.3,594,549606,11688386852751428354,11688386852751428354,988.082575362813,1.66343867906197,0.951598882675171;0.0779895782470703;-0.297283113002777;10.4373874664307;-0.0913116037845612;0.995334446430206;-0.0311699584126472;5.32464790344238;0.293465167284012;0.0568066835403442;0.954280495643616;7.44372081756592;0;0;0;1,2.38418579101562e-07,5.79538751124713e-07,117.970424,860d41e88038165be469420b2c9e4db1e164ded4d58952b7b507ee01a4b0a9db,2b571af236738a0664befacdc9c783246e991416a8915bcfebb9d2dc074e4570,2.69940212481032,1.92549007195742,2.67349255454278,1.14983025785489,2,3,2,0,7,TWO_ENDPOINT_PEAKS_WITH_INTERIOR_VALLEY,1,51
P2F075,291.973208263,0.32,594,549606,11688386852751428354,11688386852751428354,955.348572088289,1.60833092944156,0.952404856681824;0.0725689306855202;-0.296072214841843;10.5128393173218;-0.0873465463519096;0.995491564273834;-0.0369758419692516;5.26564121246338;0.292054086923599;0.0610768720507622;0.954449594020844;7.42604494094849;0;0;0;1,2.38418579101562e-07,5.79538751124713e-07,117.352533,860d41e88038165be469420b2c9e4db1e164ded4d58952b7b507ee01a4b0a9db,2b571af236738a0664befacdc9c783246e991416a8915bcfebb9d2dc074e4570,2.69940212481032,1.92549007195742,2.67349255454278,1.14983025785489,2,3,2,0,7,TWO_ENDPOINT_PEAKS_WITH_INTERIOR_VALLEY,1,51
P2F075,291.973208263,0.34,594,549606,11688386852751428354,11688386852751428354,894.213595392371,1.50541009325315,0.953187465667725;0.0671521350741386;-0.294829219579697;10.5885953903198;-0.0833709985017776;0.995600163936615;-0.0427756607532501;5.20712947845459;0.290659517049789;0.0653534382581711;0.954592108726501;7.40803146362305;0;0;0;1,2.38418579101562e-07,5.79538751124713e-07,111.602664,860d41e88038165be469420b2c9e4db1e164ded4d58952b7b507ee01a4b0a9db,2b571af236738a0664befacdc9c783246e991416a8915bcfebb9d2dc074e4570,2.69940212481032,1.92549007195742,2.67349255454278,1.14983025785489,2,3,2,0,7,TWO_ENDPOINT_PEAKS_WITH_INTERIOR_VALLEY,1,51
P2F075,291.973208263,0.36,594,549606,11688386852751428354,11688386852751428354,830.464180122288,1.39808784532372,0.953946650028229;0.0617394484579563;-0.293554127216339;10.6646537780762;-0.0793851315975189;0.995660126209259;-0.0485691092908382;5.14911508560181;0.289281517267227;0.0696361809968948;0.954707860946655;7.38968133926392;0;0;0;1,2.38418579101562e-07,5.79538751124713e-07,108.820374,860d41e88038165be469420b2c9e4db1e164ded4d58952b7b507ee01a4b0a9db,2b571af236738a0664befacdc9c783246e991416a8915bcfebb9d2dc074e4570,2.69940212481032,1.92549007195742,2.67349255454278,1.14983025785489,2,3,2,0,7,TWO_ENDPOINT_PEAKS_WITH_INTERIOR_VALLEY,1,51
P2F075,291.973208263,0.38,594,549606,11688386852751428354,11688386852751428354,782.241674772998,1.31690517638552,0.954682409763336;0.0563311688601971;-0.292247027158737;10.7410097122192;-0.0753891617059708;0.995671689510345;-0.0543558932840824;5.09160184860229;0.287920147180557;0.0739248692989349;0.95479691028595;7.37099742889404;0;0;0;1,2.38418579101562e-07,5.79538751124713e-07,109.604977,860d41e88038165be469420b2c9e4db1e164ded4d58952b7b507ee01a4b0a9db,2b571af236738a0664befacdc9c783246e991416a8915bcfebb9d2dc074e4570,2.69940212481032,1.92549007195742,2.67349255454278,1.14983025785489,2,3,2,0,7,TWO_ENDPOINT_PEAKS_WITH_INTERIOR_VALLEY,1,51
P2F075,291.973208263,0.4,594,549606,11688386852751428354,11688386852751428354,755.0491420466,1.27112650176195,0.955394625663757;0.050927571952343;-0.290908008813858;10.8176612854004;-0.0713832974433899;0.99563455581665;-0.0601357109844685;5.03459215164185;0.286575525999069;0.0782193094491959;0.954859256744385;7.3519811630249;0;0;0;1,2.38418579101562e-07,5.79538751124713e-07,111.5778,860d41e88038165be469420b2c9e4db1e164ded4d58952b7b507ee01a4b0a9db,2b571af236738a0664befacdc9c783246e991416a8915bcfebb9d2dc074e4570,2.69940212481032,1.92549007195742,2.67349255454278,1.14983025785489,2,3,2,0,7,TWO_ENDPOINT_PEAKS_WITH_INTERIOR_VALLEY,1,51
P2F075,291.973208263,0.42,594,549606,11688386852751428354,11688386852751428354,722.784621143694,1.21680912650454,0.956083416938782;0.0455289073288441;-0.289537072181702;10.8946046829224;-0.0673677176237106;0.995548963546753;-0.065908282995224;4.97808933258057;0.285247623920441;0.0825192630290985;0.954894959926605;7.33263444900513;0;0;0;1,2.38418579101562e-07,5.79538751124713e-07,110.112587,860d41e88038165be469420b2c9e4db1e164ded4d58952b7b507ee01a4b0a9db,2b571af236738a0664befacdc9c783246e991416a8915bcfebb9d2dc074e4570,2.69940212481032,1.92549007195742,2.67349255454278,1.14983025785489,2,3,2,0,7,TWO_ENDPOINT_PEAKS_WITH_INTERIOR_VALLEY,1,51
P2F075,291.973208263,0.44,594,549606,11688386852751428354,11688386852751428354,714.361140765766,1.20262818310735,0.95674854516983;0.0401354692876339;-0.288134396076202;10.9718370437622;-0.0633426606655121;0.995414912700653;-0.0716733038425446;4.92209672927856;0.283936589956284;0.0868245288729668;0.954904019832611;7.31295919418335;0;0;0;1,2.38418579101562e-07,5.79538751124713e-07,108.60973,860d41e88038165be469420b2c9e4db1e164ded4d58952b7b507ee01a4b0a9db,2b571af236738a0664befacdc9c783246e991416a8915bcfebb9d2dc074e4570,2.69940212481032,1.92549007195742,2.67349255454278,1.14983025785489,2,3,2,0,7,TWO_ENDPOINT_PEAKS_WITH_INTERIOR_VALLEY,1,51
P2F075,291.973208263,0.46,594,549606,11688386852751428354,11688386852751428354,682.999173165807,1.14983025785489,0.957390129566193;0.0347475074231625;-0.286699950695038;11.049355506897;-0.0593082904815674;0.995232164859772;-0.0774305164813995;4.86661720275879;0.282642513513565;0.0911348834633827;0.954886257648468;7.2929573059082;0;0;0;1,2.38418579101562e-07,5.79538751124713e-07,98.990902,860d41e88038165be469420b2c9e4db1e164ded4d58952b7b507ee01a4b0a9db,2b571af236738a0664befacdc9c783246e991416a8915bcfebb9d2dc074e4570,2.69940212481032,1.92549007195742,2.67349255454278,1.14983025785489,2,3,2,0,7,TWO_ENDPOINT_PEAKS_WITH_INTERIOR_VALLEY,1,51
P2F075,291.973208263,0.48,594,549606,11688386852751428354,11688386852751428354,686.687640165813,1.15603979825894,0.958008050918579;0.0293653197586536;-0.285233825445175;11.1271562576294;-0.055264838039875;0.995001018047333;-0.0831795781850815;4.81165313720703;0.281365364789963;0.0954501032829285;0.954841792583466;7.27263116836548;0;0;0;1,2.38418579101562e-07,5.79538751124713e-07,94.048055,860d41e88038165be469420b2c9e4db1e164ded4d58952b7b507ee01a4b0a9db,2b571af236738a0664befacdc9c783246e991416a8915bcfebb9d2dc074e4570,2.69940212481032,1.92549007195742,2.67349255454278,1.14983025785489,2,3,2,0,7,TWO_ENDPOINT_PEAKS_WITH_INTERIOR_VALLEY,1,51
P2F075,291.973208263,0.5,594,549606,11688386852751428354,11688386852751428354,706.330451177683,1.18910850366613,0.95860230922699;0.0239891782402992;-0.283736139535904;11.2052364349365;-0.0512125007808208;0.994721353054047;-0.0889202505350113;4.75720834732056;0.280105262994766;0.0997699797153473;0.954770684242249;7.25198173522949;0;0;0;1,2.38418579101562e-07,5.79538751124713e-07,93.555949,860d41e88038165be469420b2c9e4db1e164ded4d58952b7b507ee01a4b0a9db,2b571af236738a0664befacdc9c783246e991416a8915bcfebb9d2dc074e4570,2.69940212481032,1.92549007195742,2.67349255454278,1.14983025785489,2,3,2,0,7,TWO_ENDPOINT_PEAKS_WITH_INTERIOR_VALLEY,1,51
P2F075,291.973208263,0.52,594,549606,11688386852751428354,11688386852751428354,737.007190883712,1.24075284660558,0.959172904491425;0.0186193287372589;-0.282206922769547;11.2835931777954;-0.0471514910459518;0.994393229484558;-0.0946521908044815;4.70328569412231;0.278862297534943;0.104094281792641;0.954672873020172;7.23101234436035;0;0;0;1,2.38418579101562e-07,5.79538751124713e-07,96.061037,860d41e88038165be469420b2c9e4db1e164ded4d58952b7b507ee01a4b0a9db,2b571af236738a0664befacdc9c783246e991416a8915bcfebb9d2dc074e4570,2.69940212481032,1.92549007195742,2.67349255454278,1.14983025785489,2,3,2,0,7,TWO_ENDPOINT_PEAKS_WITH_INTERIOR_VALLEY,1,51
P2F075,291.973208263,0.54,594,549606,11688386852751428354,11688386852751428354,755.205872116271,1.2713903570981,0.959719717502594;0.0132560469210148;-0.280646324157715;11.3622226715088;-0.0430820062756538;0.994016528129578;-0.100375130772591;4.6498875617981;0.277636498212814;0.108422800898552;0.954548358917236;7.20972394943237;0;0;0;1,2.38418579101562e-07,5.79538751124713e-07,96.647149,860d41e88038165be469420b2c9e4db1e164ded4d58952b7b507ee01a4b0a9db,2b571af236738a0664befacdc9c783246e991416a8915bcfebb9d2dc074e4570,2.69940212481032,1.92549007195742,2.67349255454278,1.14983025785489,2,3,2,0,7,TWO_ENDPOINT_PEAKS_WITH_INTERIOR_VALLEY,1,51
P2F075,291.973208263,0.56,594,549606,11688386852751428354,11688386852751428354,781.015839802606,1.31484148114917,0.960242867469788;0.00789963826537132;-0.279054284095764;11.4411220550537;-0.0390042513608932;0.99359142780304;-0.106088802218437;4.59701681137085;0.276427894830704;0.112755313515663;0.954397082328796;7.18811845779419;0;0;0;1,2.38418579101562e-07,5.79538751124713e-07,100.084625,860d41e88038165be469420b2c9e4db1e164ded4d58952b7b507ee01a4b0a9db,2b571af236738a0664befacdc9c783246e991416a8915bcfebb9d2dc074e4570,2.69940212481032,1.92549007195742,2.67349255454278,1.14983025785489,2,3,2,0,7,TWO_ENDPOINT_PEAKS_WITH_INTERIOR_VALLEY,1,51
P2F075,291.973208263,0.58,594,549606,11688386852751428354,11688386852751428354,794.01479169009,1.3367252385355,0.960742175579071;0.00255034491419792;-0.277431041002274;11.5202875137329;-0.0349184311926365;0.993117928504944;-0.111792884767056;4.54467678070068;0.2752366065979;0.117091603577137;0.954219281673431;7.16619873046875;0;0;0;1,2.38418579101562e-07,5.79538751124713e-07,102.141817,860d41e88038165be469420b2c9e4db1e164ded4d58952b7b507ee01a4b0a9db,2b571af236738a0664befacdc9c783246e991416a8915bcfebb9d2dc074e4570,2.69940212481032,1.92549007195742,2.67349255454278,1.14983025785489,2,3,2,0,7,TWO_ENDPOINT_PEAKS_WITH_INTERIOR_VALLEY,1,51
P2F075,291.973208263,0.6,594,549606,11688386852751428354,11688386852751428354,814.536347495144,1.37127331228139,0.961217641830444;-0.00279155373573303;-0.275776594877243;11.5997161865234;-0.030824763700366;0.992595911026001;-0.117487117648125;4.49287033081055;0.274062663316727;0.121431432664394;0.954014718532562;7.14396667480469;0;0;0;1,2.38418579101562e-07,5.79538751124713e-07,104.934652,860d41e88038165be469420b2c9e4db1e164ded4d58952b7b507ee01a4b0a9db,2b571af236738a0664befacdc9c783246e991416a8915bcfebb9d2dc074e4570,2.69940212481032,1.92549007195742,2.67349255454278,1.14983025785489,2,3,2,0,7,TWO_ENDPOINT_PEAKS_WITH_INTERIOR_VALLEY,1,51
P2F075,291.973208263,0.62,594,549606,11688386852751428354,11688386852751428354,826.311137986132,1.39109619189585,0.961669445037842;-0.00812578573822975;-0.27409103512764;11.6794052124023;-0.0267234537750483;0.992025554180145;-0.123171180486679;4.44159984588623;0.27290615439415;0.12577460706234;0.953783571720123;7.12142324447632;0;0;0;1,2.38418579101562e-07,5.79538751124713e-07,106.414951,860d41e88038165be469420b2c9e4db1e164ded4d58952b7b507ee01a4b0a9db,2b571af236738a0664befacdc9c783246e991416a8915bcfebb9d2dc074e4570,2.69940212481032,1.92549007195742,2.67349255454278,1.14983025785489,2,3,2,0,7,TWO_ENDPOINT_PEAKS_WITH_INTERIOR_VALLEY,1,51
P2F075,291.973208263,0.64,594,549606,11688386852751428354,11688386852751428354,841.500637438375,1.41666773979524,0.962097346782684;-0.013452086597681;-0.272374421358109;11.7593507766724;-0.0226147025823593;0.991406917572021;-0.128844827413559;4.39086818695068;0.271767139434814;0.130120903253555;0.953525722026825;7.09857177734375;0;0;0;1,2.38418579101562e-07,5.79538751124713e-07,108.987435,860d41e88038165be469420b2c9e4db1e164ded4d58952b7b507ee01a4b0a9db,2b571af236738a0664befacdc9c783246e991416a8915bcfebb9d2dc074e4570,2.69940212481032,1.92549007195742,2.67349255454278,1.14983025785489,2,3,2,0,7,TWO_ENDPOINT_PEAKS_WITH_INTERIOR_VALLEY,1,51
P2F075,291.973208263,0.66,594,549606,11688386852751428354,11688386852751428354,849.849261174441,1.43072266190983,0.962501347064972;-0.0187701843678951;-0.270626872777939;11.8395500183105;-0.0184987112879753;0.990739822387695;-0.134507700800896;4.34067821502686;0.270645588636398;0.134470090270042;0.953241229057312;7.07541418075562;0;0;0;1,2.38418579101562e-07,5.79538751124713e-07,109.85941,860d41e88038165be469420b2c9e4db1e164ded4d58952b7b507ee01a4b0a9db,2b571af236738a0664befacdc9c783246e991416a8915bcfebb9d2dc074e4570,2.69940212481032,1.92549007195742,2.67349255454278,1.14983025785489,2,3,2,0,7,TWO_ENDPOINT_PEAKS_WITH_INTERIOR_VALLEY,1,51
P2F075,291.973208263,0.68,594,549606,11688386852751428354,11688386852751428354,857.458360638276,1.44353259366713,0.962881445884705;-0.0240798257291317;-0.268848538398743;11.9199981689453;-0.0143757043406367;0.990024626255035;-0.140159577131271;4.2910327911377;0.269541651010513;0.138821959495544;0.952930152416229;7.05195188522339;0;0;0;1,2.38418579101562e-07,5.79538751124713e-07,110.478699,860d41e88038165be469420b2c9e4db1e164ded4d58952b7b507ee01a4b0a9db,2b571af236738a0664befacdc9c783246e991416a8915bcfebb9d2dc074e4570,2.69940212481032,1.92549007195742,2.67349255454278,1.14983025785489,2,3,2,0,7,TWO_ENDPOINT_PEAKS_WITH_INTERIOR_VALLEY,1,51
P2F075,291.973208263,0.7,594,549606,11688386852751428354,11688386852751428354,856.39215419548,1.44173763332572,0.963237583637238;-0.0293806940317154;-0.267039388418198;12.0006942749023;-0.010245855897665;0.989261031150818;-0.145800188183784;4.24193477630615;0.268455386161804;0.143176272511482;0.952592432498932;7.02818727493286;0;0;0;1,2.38418579101562e-07,5.79538751124713e-07,109.71854,860d41e88038165be469420b2c9e4db1e164ded4d58952b7b507ee01a4b0a9db,2b571af236738a0664befacdc9c783246e991416a8915bcfebb9d2dc074e4570,2.69940212481032,1.92549007195742,2.67349255454278,1.14983025785489,2,3,2,0,7,TWO_ENDPOINT_PEAKS_WITH_INTERIOR_VALLEY,1,51
P2F075,291.973208263,0.72,594,549606,11688386852751428354,11688386852751428354,867.16453839994,1.45987296026926,0.963569939136505;-0.0346725732088089;-0.265199601650238;12.0816326141357;-0.00610943417996168;0.988449215888977;-0.151429176330566;4.19338607788086;0.267386794090271;0.14753283560276;0.952228128910065;7.00412273406982;0;0;0;1,2.38418579101562e-07,5.79538751124713e-07,110.573962,860d41e88038165be469420b2c9e4db1e164ded4d58952b7b507ee01a4b0a9db,2b571af236738a0664befacdc9c783246e991416a8915bcfebb9d2dc074e4570,2.69940212481032,1.92549007195742,2.67349255454278,1.14983025785489,2,3,2,0,7,TWO_ENDPOINT_PEAKS_WITH_INTERIOR_VALLEY,1,51
P2F075,291.973208263,0.74,594,549606,11688386852751428354,11688386852751428354,896.306966521905,1.50893428707391,0.963878273963928;-0.0399551913142204;-0.263329207897186;12.1628112792969;-0.00196659797802567;0.987589359283447;-0.15704633295536;4.14538955688477;0.266335964202881;0.1518914103508;0.951837301254272;6.97976064682007;0;0;0;1,2.38418579101562e-07,5.79538751124713e-07,114.049363,860d41e88038165be469420b2c9e4db1e164ded4d58952b7b507ee01a4b0a9db,2b571af236738a0664befacdc9c783246e991416a8915bcfebb9d2dc074e4570,2.69940212481032,1.92549007195742,2.67349255454278,1.14983025785489,2,3,2,0,7,TWO_ENDPOINT_PEAKS_WITH_INTERIOR_VALLEY,1,51
P2F075,291.973208263,0.76,594,549606,11688386852751428354,11688386852751428354,910.950999742906,1.53358754165472,0.964162707328796;-0.0452282428741455;-0.261428356170654;12.2442264556885;0.00218240101821721;0.986681222915649;-0.162651315331459;4.09794855117798;0.265302896499634;0.156251758337021;0.95141988992691;6.95510244369507;0;0;0;1,2.38418579101562e-07,5.79538751124713e-07,116.256365,860d41e88038165be469420b2c9e4db1e164ded4d58952b7b507ee01a4b0a9db,2b571af236738a0664befacdc9c783246e991416a8915bcfebb9d2dc074e4570,2.69940212481032,1.92549007195742,2.67349255454278,1.14983025785489,2,3,2,0,7,TWO_ENDPOINT_PEAKS_WITH_INTERIOR_VALLEY,1,51
P2F075,291.973208263,0.78,594,549606,11688386852751428354,11688386852751428354,925.103398345967,1.55741312852856,0.96442312002182;-0.050491489470005;-0.259497106075287;12.3258752822876;0.00633741542696953;0.985725104808807;-0.1682438403368;4.05106449127197;0.264287680387497;0.16061370074749;0.950975954532623;6.93015098571777;0;0;0;1,2.38418579101562e-07,5.79538751124713e-07,117.344362,860d41e88038165be469420b2c9e4db1e164ded4d58952b7b507ee01a4b0a9db,2b571af236738a0664befacdc9c783246e991416a8915bcfebb9d2dc074e4570,2.69940212481032,1.92549007195742,2.67349255454278,1.14983025785489,2,3,2,0,7,TWO_ENDPOINT_PEAKS_WITH_INTERIOR_VALLEY,1,51
P2F075,291.973208263,0.8,594,549606,11688386852751428354,11688386852751428354,946.006028401337,1.59260274141639,0.964659512042999;-0.0557446777820587;-0.257535636425018;12.407753944397;0.0104981660842896;0.984720885753632;-0.173823654651642;4.00474119186401;0.26329043507576;0.164976984262466;0.950505614280701;6.90490818023682;0;0;0;1,2.38418579101562e-07,5.79538751124713e-07,120.042492,860d41e88038165be469420b2c9e4db1e164ded4d58952b7b507ee01a4b0a9db,2b571af236738a0664befacdc9c783246e991416a8915bcfebb9d2dc074e4570,2.69940212481032,1.92549007195742,2.67349255454278,1.14983025785489,2,3,2,0,7,TWO_ENDPOINT_PEAKS_WITH_INTERIOR_VALLEY,1,51
P2F075,291.973208263,0.82,594,549606,11688386852751428354,11688386852751428354,961.484157738719,1.61866019821333,0.964871942996979;-0.0609874948859215;-0.255543887615204;12.4898586273193;0.0146644748747349;0.983668684959412;-0.179390490055084;3.95898056030273;0.262311100959778;0.169341415166855;0.950008630752563;6.87937545776367;0;0;0;1,2.38418579101562e-07,5.79538751124713e-07,122.054077,860d41e88038165be469420b2c9e4db1e164ded4d58952b7b507ee01a4b0a9db,2b571af236738a0664befacdc9c783246e991416a8915bcfebb9d2dc074e4570,2.69940212481032,1.92549007195742,2.67349255454278,1.14983025785489,2,3,2,0,7,TWO_ENDPOINT_PEAKS_WITH_INTERIOR_VALLEY,1,51
P2F075,291.973208263,0.84,594,549606,11688386852751428354,11688386852751428354,985.385998835435,1.65889898793844,0.965060412883759;-0.0662197098135948;-0.253522098064423;12.5721864700317;0.0188361350446939;0.982568562030792;-0.184944018721581;3.91378498077393;0.26134979724884;0.173706740140915;0.949485242366791;6.85355663299561;0;0;0;1,2.38418579101562e-07,5.79538751124713e-07,124.934844,860d41e88038165be469420b2c9e4db1e164ded4d58952b7b507ee01a4b0a9db,2b571af236738a0664befacdc9c783246e991416a8915bcfebb9d2dc074e4570,2.69940212481032,1.92549007195742,2.67349255454278,1.14983025785489,2,3,2,0,7,TWO_ENDPOINT_PEAKS_WITH_INTERIOR_VALLEY,1,51
P2F075,291.973208263,0.86,594,549606,11688386852751428354,11688386852751428354,1013.6019343938,1.70640056295252,0.965224802494049;-0.0714410543441772;-0.251470327377319;12.6547346115112;0.0230129417032003;0.981420576572418;-0.190483957529068;3.86915683746338;0.260406523942947;0.178072780370712;0.948935508728027;6.82745313644409;0;0;0;1,2.38418579101562e-07,5.79538751124713e-07,127.965979,860d41e88038165be469420b2c9e4db1e164ded4d58952b7b507ee01a4b0a9db,2b571af236738a0664befacdc9c783246e991416a8915bcfebb9d2dc074e4570,2.69940212481032,1.92549007195742,2.67349255454278,1.14983025785489,2,3,2,0,7,TWO_ENDPOINT_PEAKS_WITH_INTERIOR_VALLEY,1,51
P2F075,291.973208263,0.88,594,549606,11688386852751428354,11688386852751428354,1026.12505857519,1.7274832635946,0.96536511182785;-0.0766512677073479;-0.249388694763184;12.7374973297119;0.0271946582943201;0.980224788188934;-0.196010112762451;3.82509899139404;0.259481370449066;0.182439267635345;0.948359310626984;6.80106687545776;0;0;0;1,2.38418579101562e-07,5.79538751124713e-07,128.048463,860d41e88038165be469420b2c9e4db1e164ded4d58952b7b507ee01a4b0a9db,2b571af236738a0664befacdc9c783246e991416a8915bcfebb9d2dc074e4570,2.69940212481032,1.92549007195742,2.67349255454278,1.14983025785489,2,3,2,0,7,TWO_ENDPOINT_PEAKS_WITH_INTERIOR_VALLEY,1,51
P2F075,291.973208263,0.9,594,549606,11688386852751428354,11688386852751428354,1038.61599931212,1.74851178335374,0.965481579303741;-0.0818500816822052;-0.247277244925499;12.8204746246338;0.0313810780644417;0.978981196880341;-0.201522067189217;3.78161334991455;0.258574366569519;0.186806008219719;0.947756826877594;6.77440071105957;0;0;0;1,2.38418579101562e-07,5.79538751124713e-07,127.185986,860d41e88038165be469420b2c9e4db1e164ded4d58952b7b507ee01a4b0a9db,2b571af236738a0664befacdc9c783246e991416a8915bcfebb9d2dc074e4570,2.69940212481032,1.92549007195742,2.67349255454278,1.14983025785489,2,3,2,0,7,TWO_ENDPOINT_PEAKS_WITH_INTERIOR_VALLEY,1,51
P2F075,291.973208263,0.92,594,549606,11688386852751428354,11688386852751428354,1058.88104467993,1.78262802134669,0.965573787689209;-0.0870372205972672;-0.2451361566782;12.9036598205566;0.0355720221996307;0.977689921855927;-0.207019686698914;3.73870277404785;0.257685601711273;0.191172778606415;0.947127819061279;6.74745607376099;0;0;0;1,2.38418579101562e-07,5.79538751124713e-07,127.448731,860d41e88038165be469420b2c9e4db1e164ded4d58952b7b507ee01a4b0a9db,2b571af236738a0664befacdc9c783246e991416a8915bcfebb9d2dc074e4570,2.69940212481032,1.92549007195742,2.67349255454278,1.14983025785489,2,3,2,0,7,TWO_ENDPOINT_PEAKS_WITH_INTERIOR_VALLEY,1,51
P2F075,291.973208263,0.94,594,549606,11688386852751428354,11688386852751428354,1079.59497269028,1.81749995402404,0.965642035007477;-0.0922124534845352;-0.242965519428253;12.9870510101318;0.0397672541439533;0.976351022720337;-0.21250256896019;3.69636940956116;0.256814986467361;0.195539385080338;0.946472644805908;6.72023677825928;0;0;0;1,2.38418579101562e-07,5.79538751124713e-07,128.518428,860d41e88038165be469420b2c9e4db1e164ded4d58952b7b507ee01a4b0a9db,2b571af236738a0664befacdc9c783246e991416a8915bcfebb9d2dc074e4570,2.69940212481032,1.92549007195742,2.67349255454278,1.14983025785489,2,3,2,0,7,TWO_ENDPOINT_PEAKS_WITH_INTERIOR_VALLEY,1,51
P2F075,291.973208263,0.96,594,549606,11688386852751428354,11688386852751428354,1093.92068654253,1.84161731741166,0.965686321258545;-0.0973754748702049;-0.240765422582626;13.0706443786621;0.0439665243029594;0.974964618682861;-0.21797052025795;3.65461540222168;0.255962729454041;0.199905514717102;0.945791125297546;6.6927433013916;0;0;0;1,2.38418579101562e-07,5.79538751124713e-07,128.739199,860d41e88038165be469420b2c9e4db1e164ded4d58952b7b507ee01a4b0a9db,2b571af236738a0664befacdc9c783246e991416a8915bcfebb9d2dc074e4570,2.69940212481032,1.92549007195742,2.67349255454278,1.14983025785489,2,3,2,0,7,TWO_ENDPOINT_PEAKS_WITH_INTERIOR_VALLEY,1,51
P2F075,291.973208263,0.98,594,549606,11688386852751428354,11688386852751428354,1122.28205785254,1.88936373375848,0.965706467628479;-0.102526068687439;-0.23853600025177;13.1544380187988;0.0481696873903275;0.97353059053421;-0.223423212766647;3.61344361305237;0.255128800868988;0.20427106320858;0.945083439350128;6.66497898101807;0;0;0;1,2.38418579101562e-07,5.79538751124713e-07,133.518267,860d41e88038165be469420b2c9e4db1e164ded4d58952b7b507ee01a4b0a9db,2b571af236738a0664befacdc9c783246e991416a8915bcfebb9d2dc074e4570,2.69940212481032,1.92549007195742,2.67349255454278,1.14983025785489,2,3,2,0,7,TWO_ENDPOINT_PEAKS_WITH_INTERIOR_VALLEY,1,51
P2F075,291.973208263,1,594,549606,11688386852751428354,11688386852751428354,1143.74110274271,1.92549007195742,0.965702593326569;-0.107663929462433;-0.23627732694149;13.2384252548218;0.0523764863610268;0.972049295902252;-0.228860408067703;3.5728554725647;0.254313200712204;0.208635717630386;0.944349467754364;6.63694667816162;0;0;0;1,2.38418579101562e-07,5.79538751124713e-07,136.63929,860d41e88038165be469420b2c9e4db1e164ded4d58952b7b507ee01a4b0a9db,2b571af236738a0664befacdc9c783246e991416a8915bcfebb9d2dc074e4570,2.69940212481032,1.92549007195742,2.67349255454278,1.14983025785489,2,3,2,0,7,TWO_ENDPOINT_PEAKS_WITH_INTERIOR_VALLEY,1,51
P2F084,370.034402206,0,1400,549606,4175959977503664577,4175959977503664577,3676.31029078275,2.62593592198768,-0.999446272850037;0.0190768297761679;0.0272621996700764;10.6146631240845;-0.0194838717579842;-0.99970144033432;-0.014743871986866;1.75371563434601;0.0269727967679501;-0.015266883186996;0.999519526958466;0.101487889885902;0;0;0;1,1.92224979400635e-06,4.23546177221845e-07,386.706628,860d41e88038165be469420b2c9e4db1e164ded4d58952b7b507ee01a4b0a9db,2b571af236738a0664befacdc9c783246e991416a8915bcfebb9d2dc074e4570,2.62593592198768,0.927094754619833,2.19952133508845,0.372884509871528,7,8,2,0,17,TWO_ENDPOINT_PEAKS_WITH_INTERIOR_VALLEY,1,51
P2F084,370.034402206,0.02,1400,549606,4175959977503664577,4175959977503664577,3021.48216321105,2.15820154515075,-0.999460160732269;0.0206303745508194;0.0255696754902601;9.80439758300781;-0.0209506209939718;-0.999704599380493;-0.012320626527071;1.68298387527466;0.0253079459071159;-0.0128496792167425;0.999597072601318;0.130624949932098;0;0;0;1,1.92224979400635e-06,4.23546177221845e-07,335.66914,860d41e88038165be469420b2c9e4db1e164ded4d58952b7b507ee01a4b0a9db,2b571af236738a0664befacdc9c783246e991416a8915bcfebb9d2dc074e4570,2.62593592198768,0.927094754619833,2.19952133508845,0.372884509871528,7,8,2,0,17,TWO_ENDPOINT_PEAKS_WITH_INTERIOR_VALLEY,1,51
P2F084,370.034402206,0.04,1400,549606,4175959977503664577,4175959977503664577,2882.37056460842,2.05883611757744,-0.999468922615051;0.0221797712147236;0.0238733217120171;8.9941930770874;-0.0224213562905788;-0.999699592590332;-0.00989980064332485;1.6110805273056;0.0236465781927109;-0.0104298163205385;0.999665915966034;0.158543318510056;0;0;0;1,1.92224979400635e-06,4.23546177221845e-07,323.505553,860d41e88038165be469420b2c9e4db1e164ded4d58952b7b507ee01a4b0a9db,2b571af236738a0664befacdc9c783246e991416a8915bcfebb9d2dc074e4570,2.62593592198768,0.927094754619833,2.19952133508845,0.372884509871528,7,8,2,0,17,TWO_ENDPOINT_PEAKS_WITH_INTERIOR_VALLEY,1,51
P2F084,370.034402206,0.06,1400,549606,4175959977503664577,4175959977503664577,3079.32986912383,2.19952133508845,-0.999472558498383;0.0237250048667192;0.0221731550991535;8.18405151367188;-0.0238960534334183;-0.999686419963837;-0.00748141575604677;1.53800272941589;0.0219887085258961;-0.00800732336938381;0.999726057052612;0.185245856642723;0;0;0;1,1.92224979400635e-06,4.23546177221845e-07,338.621355,860d41e88038165be469420b2c9e4db1e164ded4d58952b7b507ee01a4b0a9db,2b571af236738a0664befacdc9c783246e991416a8915bcfebb9d2dc074e4570,2.62593592198768,0.927094754619833,2.19952133508845,0.372884509871528,7,8,2,0,17,TWO_ENDPOINT_PEAKS_WITH_INTERIOR_VALLEY,1,51
P2F084,370.034402206,0.08,1400,549606,4175959977503664577,4175959977503664577,2612.52533130598,1.86608952236141,-0.999471127986908;0.025266058743;0.0204691961407661;7.37397956848145;-0.0253747012466192;-0.999665141105652;-0.00506550446152687;1.46374785900116;0.020334355533123;-0.00558222737163305;0.999777674674988;0.210735499858856;0;0;0;1,1.92224979400635e-06,4.23546177221845e-07,285.486375,860d41e88038165be469420b2c9e4db1e164ded4d58952b7b507ee01a4b0a9db,2b571af236738a0664befacdc9c783246e991416a8915bcfebb9d2dc074e4570,2.62593592198768,0.927094754619833,2.19952133508845,0.372884509871528,7,8,2,0,17,TWO_ENDPOINT_PEAKS_WITH_INTERIOR_VALLEY,1,51
P2F084,370.034402206,0.1,1400,549606,4175959977503664577,4175959977503664577,2495.93222206945,1.7828087300496,-0.999464690685272;0.0268029142171144;0.0187614597380161;6.56397867202759;-0.0268572848290205;-0.999635815620422;-0.00265209004282951;1.38831305503845;0.0186835452914238;-0.00315455440431833;0.999820470809937;0.235015168786049;0;0;0;1,1.92224979400635e-06,4.23546177221845e-07,273.088051,860d41e88038165be469420b2c9e4db1e164ded4d58952b7b507ee01a4b0a9db,2b571af236738a0664befacdc9c783246e991416a8915bcfebb9d2dc074e4570,2.62593592198768,0.927094754619833,2.19952133508845,0.372884509871528,7,8,2,0,17,TWO_ENDPOINT_PEAKS_WITH_INTERIOR_VALLEY,1,51
P2F084,370.034402206,0.12,1400,549606,4175959977503664577,4175959977503664577,2525.31061517215,1.80379329655154,-0.999453067779541;0.0283355545252562;0.0170499682426453;5.75405311584473;-0.0283437818288803;-0.999598264694214;-0.00024119857698679;1.31169545650482;0.017036285251379;-0.000724328681826591;0.999854564666748;0.258087813854218;0;0;0;1,1.92224979400635e-06,4.23546177221845e-07,279.083065,860d41e88038165be469420b2c9e4db1e164ded4d58952b7b507ee01a4b0a9db,2b571af236738a0664befacdc9c783246e991416a8915bcfebb9d2dc074e4570,2.62593592198768,0.927094754619833,2.19952133508845,0.372884509871528,7,8,2,0,17,TWO_ENDPOINT_PEAKS_WITH_INTERIOR_VALLEY,1,51
P2F084,370.034402206,0.14,1400,549606,4175959977503664577,4175959977503664577,2642.82616307348,1.88773297362391,-0.999436318874359;0.0298639629036188;0.0153347393497825;4.9442081451416;-0.0298341810703278;-0.999552488327026;0.00216714292764664;1.2338924407959;0.0153925977647305;0.00170841999351978;0.999880075454712;0.27995640039444;0;0;0;1,1.92224979400635e-06,4.23546177221845e-07,292.05996,860d41e88038165be469420b2c9e4db1e164ded4d58952b7b507ee01a4b0a9db,2b571af236738a0664befacdc9c783246e991416a8915bcfebb9d2dc074e4570,2.62593592198768,0.927094754619833,2.19952133508845,0.372884509871528,7,8,2,0,17,TWO_ENDPOINT_PEAKS_WITH_INTERIOR_VALLEY,1,51
P2F084,370.034402206,0.16,1400,549606,4175959977503664577,4175959977503664577,2684.04140031268,1.91717242879477,-0.999414503574371;0.0313881263136864;0.0136157898232341;4.13444519042969;-0.0313284657895565;-0.999498665332794;0.0045729074627161;1.15490102767944;0.0137525014579296;0.00414366647601128;0.999896824359894;0.300623893737793;0;0;0;1,1.92224979400635e-06,4.23546177221845e-07,293.235957,860d41e88038165be469420b2c9e4db1e164ded4d58952b7b507ee01a4b0a9db,2b571af236738a0664befacdc9c783246e991416a8915bcfebb9d2dc074e4570,2.62593592198768,0.927094754619833,2.19952133508845,0.372884509871528,7,8,2,0,17,TWO_ENDPOINT_PEAKS_WITH_INTERIOR_VALLEY,1,51
P2F084,370.034402206,0.18,1400,549606,4175959977503664577,4175959977503664577,2383.82248239549,1.70273034456821,-0.999387621879578;0.032908022403717;0.0118931401520967;3.32477045059204;-0.0328266173601151;-0.999436676502228;0.00697606895118952;1.07471895217896;0.012116014957428;0.00658138189464808;0.999904870986938;0.320093214511871;0;0;0;1,1.92224979400635e-06,4.23546177221845e-07,259.812512,860d41e88038165be469420b2c9e4db1e164ded4d58952b7b507ee01a4b0a9db,2b571af236738a0664befacdc9c783246e991416a8915bcfebb9d2dc074e4570,2.62593592198768,0.927094754619833,2.19952133508845,0.372884509871528,7,8,2,0,17,TWO_ENDPOINT_PEAKS_WITH_INTERIOR_VALLEY,1,51
P2F084,370.034402206,0.2,1400,549606,4175959977503664577,4175959977503664577,2355.61781694847,1.68258415496319,-0.999355554580688;0.0344236381351948;0.0101668145507574;2.51518630981445;-0.0343286246061325;-0.999366581439972;0.00937659945338964;0.993342995643616;0.0104831494390965;0.00902154110372066;0.999904334545135;0.338367462158203;0;0;0;1,1.92224979400635e-06,4.23546177221845e-07,255.274818,860d41e88038165be469420b2c9e4db1e164ded4d58952b7b507ee01a4b0a9db,2b571af236738a0664befacdc9c783246e991416a8915bcfebb9d2dc074e4570,2.62593592198768,0.927094754619833,2.19952133508845,0.372884509871528,7,8,2,0,17,TWO_ENDPOINT_PEAKS_WITH_INTERIOR_VALLEY,1,51
P2F084,370.034402206,0.22,1400,549606,4175959977503664577,4175959977503664577,2302.3184127483,1.64451315196307,-0.999318480491638;0.0359349548816681;0.00843682140111923;1.70569896697998;-0.0358344614505768;-0.999288380146027;0.0117744756862521;0.91077071428299;0.00885393470525742;0.0114641189575195;0.999895036220551;0.355449616909027;0;0;0;1,1.92224979400635e-06,4.23546177221845e-07,252.870092,860d41e88038165be469420b2c9e4db1e164ded4d58952b7b507ee01a4b0a9db,2b571af236738a0664befacdc9c783246e991416a8915bcfebb9d2dc074e4570,2.62593592198768,0.927094754619833,2.19952133508845,0.372884509871528,7,8,2,0,17,TWO_ENDPOINT_PEAKS_WITH_INTERIOR_VALLEY,1,51
P2F084,370.034402206,0.24,1400,549606,4175959977503664577,4175959977503664577,2206.51956712091,1.57608540508636,-0.999276340007782;0.0374419577419758;0.00670318678021431;0.896308898925781;-0.0373441241681576;-0.999202013015747;0.0141696706414223;0.826999366283417;0.00722838379442692;0.0139090865850449;0.999877035617828;0.371342599391937;0;0;0;1,1.92224979400635e-06,4.23546177221845e-07,244.010585,860d41e88038165be469420b2c9e4db1e164ded4d58952b7b507ee01a4b0a9db,2b571af236738a0664befacdc9c783246e991416a8915bcfebb9d2dc074e4570,2.62593592198768,0.927094754619833,2.19952133508845,0.372884509871528,7,8,2,0,17,TWO_ENDPOINT_PEAKS_WITH_INTERIOR_VALLEY,1,51
P2F084,370.034402206,0.26,1400,549606,4175959977503664577,4175959977503664577,2149.95338400584,1.5356809885756,-0.99922901391983;0.0389446318149567;0.00496592745184898;0.0870227813720703;-0.0388575866818428;-0.999107420444489;0.0165621526539326;0.742026209831238;0.0056065060198307;0.0163564234972;0.999850511550903;0.386049568653107;0;0;0;1,1.92224979400635e-06,4.23546177221845e-07,245.872987,860d41e88038165be469420b2c9e4db1e164ded4d58952b7b507ee01a4b0a9db,2b571af236738a0664befacdc9c783246e991416a8915bcfebb9d2dc074e4570,2.62593592198768,0.927094754619833,2.19952133508845,0.372884509871528,7,8,2,0,17,TWO_ENDPOINT_PEAKS_WITH_INTERIOR_VALLEY,1,51
P2F084,370.034402206,0.28,1400,549606,4175959977503664577,4175959977503664577,2074.8186715439,1.48201333681707,-0.999176621437073;0.0404429621994495;0.0032250639051199;-0.72215747833252;-0.040374830365181;-0.999004900455475;0.0189519096165895;0.655848860740662;0.00398833118379116;0.0188060905784369;0.999815165996552;0.399573504924774;0;0;0;1,1.92224979400635e-06,4.23546177221845e-07,230.50373,860d41e88038165be469420b2c9e4db1e164ded4d58952b7b507ee01a4b0a9db,2b571af236738a0664befacdc9c783246e991416a8915bcfebb9d2dc074e4570,2.62593592198768,0.927094754619833,2.19952133508845,0.372884509871528,7,8,2,0,17,TWO_ENDPOINT_PEAKS_WITH_INTERIOR_VALLEY,1,51
P2F084,370.034402206,0.3,1400,549606,4175959977503664577,4175959977503664577,1994.48581837631,1.42463272741165,-0.999119222164154;0.041936919093132;0.00148061290383339;-1.53122615814209;-0.0418958477675915;-0.998894095420837;0.0213388986885548;0.568464517593384;0.00237387046217918;0.0212580692023039;0.999771177768707;0.411917567253113;0;0;0;1,1.92224979400635e-06,4.23546177221845e-07,222.705817,860d41e88038165be469420b2c9e4db1e164ded4d58952b7b507ee01a4b0a9db,2b571af236738a0664befacdc9c783246e991416a8915bcfebb9d2dc074e4570,2.62593592198768,0.927094754619833,2.19952133508845,0.372884509871528,7,8,2,0,17,TWO_ENDPOINT_PEAKS_WITH_INTERIOR_VALLEY,1,51
P2F084,370.034402206,0.32,1400,549606,4175959977503664577,4175959977503664577,1984.83612789215,1.41774009135153,-0.99905663728714;0.0434264987707138;-0.000267403200268745;-2.34018135070801;-0.0434206165373325;-0.99877518415451;0.0237231031060219;0.479870200157166;0.000763140618801117;0.0237123295664787;0.999718427658081;0.423084735870361;0;0;0;1,1.92224979400635e-06,4.23546177221845e-07,225.105094,860d41e88038165be469420b2c9e4db1e164ded4d58952b7b507ee01a4b0a9db,2b571af236738a0664befacdc9c783246e991416a8915bcfebb9d2dc074e4570,2.62593592198768,0.927094754619833,2.19952133508845,0.372884509871528,7,8,2,0,17,TWO_ENDPOINT_PEAKS_WITH_INTERIOR_VALLEY,1,51
P2F084,370.034402206,0.34,1400,549606,4175959977503664577,4175959977503664577,1894.63692828048,1.35331209162891,-0.998988926410675;0.0449116826057434;-0.00201896764338017;-3.14901733398438;-0.044949121773243;-0.998648107051849;0.0261044949293137;0.390063643455505;-0.00084383599460125;0.0261688511818647;0.999657094478607;0.433078050613403;0;0;0;1,1.92224979400635e-06,4.23546177221845e-07,217.540105,860d41e88038165be469420b2c9e4db1e164ded4d58952b7b507ee01a4b0a9db,2b571af236738a0664befacdc9c783246e991416a8915bcfebb9d2dc074e4570,2.62593592198768,0.927094754619833,2.19952133508845,0.372884509871528,7,8,2,0,17,TWO_ENDPOINT_PEAKS_WITH_INTERIOR_VALLEY,1,51
P2F084,370.034402206,0.36,1400,549606,4175959977503664577,4175959977503664577,1772.20092991047,1.26585780707891,-0.998916149139404;0.0463924556970596;-0.00377405993640423;-3.95773220062256;-0.0464813411235809;-0.998512983322144;0.028483048081398;0.299042224884033;-0.00244704447686672;0.0286275949329138;0.999587059020996;0.441900670528412;0;0;0;1,1.92224979400635e-06,4.23546177221845e-07,205.637099,860d41e88038165be469420b2c9e4db1e164ded4d58952b7b507ee01a4b0a9db,2b571af236738a0664befacdc9c783246e991416a8915bcfebb9d2dc074e4570,2.62593592198768,0.927094754619833,2.19952133508845,0.372884509871528,7,8,2,0,17,TWO_ENDPOINT_PEAKS_WITH_INTERIOR_VALLEY,1,51
P2F084,370.034402206,0.38,1400,549606,4175959977503664577,4175959977503664577,1679.76427073256,1.19983162195183,-0.998838305473328;0.0478687956929207;-0.00553265959024429;-4.76632022857666;-0.0480172671377659;-0.998369634151459;0.0308587346225977;0.206803321838379;-0.00404646620154381;0.0310885440558195;0.999508380889893;0.44955575466156;0;0;0;1,1.92224979400635e-06,4.23546177221845e-07,196.808321,860d41e88038165be469420b2c9e4db1e164ded4d58952b7b507ee01a4b0a9db,2b571af236738a0664befacdc9c783246e991416a8915bcfebb9d2dc074e4570,2.62593592198768,0.927094754619833,2.19952133508845,0.372884509871528,7,8,2,0,17,TWO_ENDPOINT_PEAKS_WITH_INTERIOR_VALLEY,1,51
P2F084,370.034402206,0.4,1400,549606,4175959977503664577,4175959977503664577,1630.79712693959,1.16485509067114,-0.9987553358078;0.0493406914174557;-0.00729475356638432;-5.57477855682373;-0.049556877464056;-0.998218297958374;0.0332315266132355;0.113344192504883;-0.00564208626747131;0.0335516706109047;0.999421000480652;0.456046342849731;0;0;0;1,1.92224979400635e-06,4.23546177221845e-07,190.624453,860d41e88038165be469420b2c9e4db1e164ded4d58952b7b507ee01a4b0a9db,2b571af236738a0664befacdc9c783246e991416a8915bcfebb9d2dc074e4570,2.62593592198768,0.927094754619833,2.19952133508845,0.372884509871528,7,8,2,0,17,TWO_ENDPOINT_PEAKS_WITH_INTERIOR_VALLEY,1,51
P2F084,370.034402206,0.42,1400,549606,4175959977503664577,4175959977503664577,1594.78362701789,1.13913116215563,-0.998667299747467;0.0508081279695034;-0.00906031578779221;-6.38310146331787;-0.0511001572012901;-0.998058795928955;0.0356014110147953;0.0186624526977539;-0.00723388232290745;0.0360169410705566;0.999324977397919;0.461375653743744;0;0;0;1,1.92224979400635e-06,4.23546177221845e-07,186.605055,860d41e88038165be469420b2c9e4db1e164ded4d58952b7b507ee01a4b0a9db,2b571af236738a0664befacdc9c783246e991416a8915bcfebb9d2dc074e4570,2.62593592198768,0.927094754619833,2.19952133508845,0.372884509871528,7,8,2,0,17,TWO_ENDPOINT_PEAKS_WITH_INTERIOR_VALLEY,1,51
P2F084,370.034402206,0.44,1400,549606,4175959977503664577,4175959977503664577,1566.42979204809,1.11887842289149,-0.998574256896973;0.0522710867226124;-0.0108293313533068;-7.19128894805908;-0.0526470839977264;-0.997891128063202;0.0379683449864388;-0.0772442817687988;-0.00882184132933617;0.0384843349456787;0.999220192432404;0.465546786785126;0;0;0;1,1.92224979400635e-06,4.23546177221845e-07,183.671767,860d41e88038165be469420b2c9e4db1e164ded4d58952b7b507ee01a4b0a9db,2b571af236738a0664befacdc9c783246e991416a8915bcfebb9d2dc074e4570,2.62593592198768,0.927094754619833,2.19952133508845,0.372884509871528,7,8,2,0,17,TWO_ENDPOINT_PEAKS_WITH_INTERIOR_VALLEY,1,51
P2F084,370.034402206,0.46,1400,549606,4175959977503664577,4175959977503664577,1589.41486543573,1.13529633245409,-0.998475968837738;0.0537295527756214;-0.0126017779111862;-7.99933528900146;-0.0541976578533649;-0.997715353965759;0.0403323136270046;-0.174378991127014;-0.0104059465229511;0.0409538298845291;0.999106824398041;0.46856290102005;0;0;0;1,1.92224979400635e-06,4.23546177221845e-07,186.597303,860d41e88038165be469420b2c9e4db1e164ded4d58952b7b507ee01a4b0a9db,2b571af236738a0664befacdc9c783246e991416a8915bcfebb9d2dc074e4570,2.62593592198768,0.927094754619833,2.19952133508845,0.372884509871528,7,8,2,0,17,TWO_ENDPOINT_PEAKS_WITH_INTERIOR_VALLEY,1,51
P2F084,370.034402206,0.48,1400,549606,4175959977503664577,4175959977503664577,1477.85960722162,1.0556140051583,-0.998372733592987;0.0551835037767887;-0.0143776368349791;-8.80723476409912;-0.0557518340647221;-0.997531414031982;0.0426932834088802;-0.272744297981262;-0.0119861718267202;0.0434253849089146;0.998984754085541;0.470427215099335;0;0;0;1,1.92224979400635e-06,4.23546177221845e-07,174.585413,860d41e88038165be469420b2c9e4db1e164ded4d58952b7b507ee01a4b0a9db,2b571af236738a0664befacdc9c783246e991416a8915bcfebb9d2dc074e4570,2.62593592198768,0.927094754619833,2.19952133508845,0.372884509871528,7,8,2,0,17,TWO_ENDPOINT_PEAKS_WITH_INTERIOR_VALLEY,1,51
P2F084,370.034402206,0.5,1400,549606,4175959977503664577,4175959977503664577,1387.21774882153,0.990869820586806,-0.998264312744141;0.0566329322755337;-0.0161568876355886;-9.61498546600342;-0.0573096163570881;-0.997339427471161;0.0450512357056141;-0.372341990470886;-0.0135625135153532;0.0458989813923836;0.998853981494904;0.471142888069153;0;0;0;1,1.92224979400635e-06,4.23546177221845e-07,162.666273,860d41e88038165be469420b2c9e4db1e164ded4d58952b7b507ee01a4b0a9db,2b571af236738a0664befacdc9c783246e991416a8915bcfebb9d2dc074e4570,2.62593592198768,0.927094754619833,2.19952133508845,0.372884509871528,7,8,2,0,17,TWO_ENDPOINT_PEAKS_WITH_INTERIOR_VALLEY,1,51
P2F084,370.034402206,0.52,1400,549606,4175959977503664577,4175959977503664577,1277.78006846933,0.912700048906665,-0.998150825500488;0.0580778196454048;-0.0179395116865635;-10.4225835800171;-0.0588709823787212;-0.99713933467865;0.0474061369895935;-0.473175168037415;-0.0151349417865276;0.0483745932579041;0.998714566230774;0.470713078975677;0;0;0;1,1.92224979400635e-06,4.23546177221845e-07,153.914392,860d41e88038165be469420b2c9e4db1e164ded4d58952b7b507ee01a4b0a9db,2b571af236738a0664befacdc9c783246e991416a8915bcfebb9d2dc074e4570,2.62593592198768,0.927094754619833,2.19952133508845,0.372884509871528,7,8,2,0,17,TWO_ENDPOINT_PEAKS_WITH_INTERIOR_VALLEY,1,51
P2F084,370.034402206,0.54,1400,549606,4175959977503664577,4175959977503664577,1221.80748765633,0.872719634040239,-0.998032331466675;0.0595181509852409;-0.019725488498807;-11.2300252914429;-0.06043591350317;-0.996931076049805;0.0497579723596573;-0.575245976448059;-0.0167034454643726;0.0508521907031536;0.998566448688507;0.469141125679016;0;0;0;1,1.92224979400635e-06,4.23546177221845e-07,146.03211,860d41e88038165be469420b2c9e4db1e164ded4d58952b7b507ee01a4b0a9db,2b571af236738a0664befacdc9c783246e991416a8915bcfebb9d2dc074e4570,2.62593592198768,0.927094754619833,2.19952133508845,0.372884509871528,7,8,2,0,17,TWO_ENDPOINT_PEAKS_WITH_INTERIOR_VALLEY,1,51
P2F084,370.034402206,0.56,1400,549606,4175959977503664577,4175959977503664577,1215.16573049464,0.867975521781885,-0.997908711433411;0.0609539076685905;-0.021514805033803;-12.0373029708862;-0.0620044022798538;-0.99671471118927;0.0521067008376122;-0.678557276725769;-0.018268009647727;0.0533317402005196;0.998409748077393;0.466430068016052;0;0;0;1,1.92224979400635e-06,4.23546177221845e-07,142.707359,860d41e88038165be469420b2c9e4db1e164ded4d58952b7b507ee01a4b0a9db,2b571af236738a0664befacdc9c783246e991416a8915bcfebb9d2dc074e4570,2.62593592198768,0.927094754619833,2.19952133508845,0.372884509871528,7,8,2,0,17,TWO_ENDPOINT_PEAKS_WITH_INTERIOR_VALLEY,1,51
P2F084,370.034402206,0.58,1400,549606,4175959977503664577,4175959977503664577,1246.32331236998,0.890230937407126,-0.997779965400696;0.0623850785195827;-0.0233074314892292;-12.8444204330444;-0.0635764077305794;-0.996490240097046;0.0544523112475872;-0.783111453056335;-0.0198286157101393;0.0558132231235504;0.998244285583496;0.462583363056183;0;0;0;1,1.92224979400635e-06,4.23546177221845e-07,141.498466,860d41e88038165be469420b2c9e4db1e164ded4d58952b7b507ee01a4b0a9db,2b571af236738a0664befacdc9c783246e991416a8915bcfebb9d2dc074e4570,2.62593592198768,0.927094754619833,2.19952133508845,0.372884509871528,7,8,2,0,17,TWO_ENDPOINT_PEAKS_WITH_INTERIOR_VALLEY,1,51
P2F084,370.034402206,0.6,1400,549606,4175959977503664577,4175959977503664577,1159.42827198676,0.828163051419112,-0.99764621257782;0.0638116449117661;-0.0251033585518599;-13.6513643264771;-0.0651519373059273;-0.996257841587067;0.0567947700619698;-0.888910412788391;-0.0213852412998676;0.0582966133952141;0.998070240020752;0.457604169845581;0;0;0;1,1.92224979400635e-06,4.23546177221845e-07,136.69195,860d41e88038165be469420b2c9e4db1e164ded4d58952b7b507ee01a4b0a9db,2b571af236738a0664befacdc9c783246e991416a8915bcfebb9d2dc074e4570,2.62593592198768,0.927094754619833,2.19952133508845,0.372884509871528,7,8,2,0,17,TWO_ENDPOINT_PEAKS_WITH_INTERIOR_VALLEY,1,51
P2F084,370.034402206,0.62,1400,549606,4175959977503664577,4175959977503664577,1076.99845245482,0.769284608896304,-0.997507333755493;0.065233588218689;-0.0269025564193726;-14.45814037323;-0.0667309686541557;-0.996017098426819;0.0591340586543083;-0.995957255363464;-0.0229378752410412;0.0607818737626076;0.997887432575226;0.45149552822113;0;0;0;1,1.92224979400635e-06,4.23546177221845e-07,126.932809,860d41e88038165be469420b2c9e4db1e164ded4d58952b7b507ee01a4b0a9db,2b571af236738a0664befacdc9c783246e991416a8915bcfebb9d2dc074e4570,2.62593592198768,0.927094754619833,2.19952133508845,0.372884509871528,7,8,2,0,17,TWO_ENDPOINT_PEAKS_WITH_INTERIOR_VALLEY,1,51
P2F084,370.034402206,0.64,1400,549606,4175959977503664577,4175959977503664577,1034.93507573814,0.739239339812956,-0.997363328933716;0.0666508972644806;-0.0287050139158964;-15.2647390365601;-0.0683134719729424;-0.995768368244171;0.0614701360464096;-1.10425436496735;-0.0244864970445633;0.0632690042257309;0.997695982456207;0.444261074066162;0;0;0;1,1.92224979400635e-06,4.23546177221845e-07,119.80503,860d41e88038165be469420b2c9e4db1e164ded4d58952b7b507ee01a4b0a9db,2b571af236738a0664befacdc9c783246e991416a8915bcfebb9d2dc074e4570,2.62593592198768,0.927094754619833,2.19952133508845,0.372884509871528,7,8,2,0,17,TWO_ENDPOINT_PEAKS_WITH_INTERIOR_VALLEY,1,51
P2F084,370.034402206,0.66,1400,549606,4175959977503664577,4175959977503664577,1046.65264378763,0.747609031276878,-0.997214376926422;0.0680635571479797;-0.0305107049643993;-16.071159362793;-0.0698994398117065;-0.995511531829834;0.063802994787693;-1.21380341053009;-0.0260310955345631;0.0657579377293587;0.997495889663696;0.435903966426849;0;0;0;1,1.92224979400635e-06,4.23546177221845e-07,120.604509,860d41e88038165be469420b2c9e4db1e164ded4d58952b7b507ee01a4b0a9db,2b571af236738a0664befacdc9c783246e991416a8915bcfebb9d2dc074e4570,2.62593592198768,0.927094754619833,2.19952133508845,0.372884509871528,7,8,2,0,17,TWO_ENDPOINT_PEAKS_WITH_INTERIOR_VALLEY,1,51
P2F084,370.034402206,0.68,1400,549606,4175959977503664577,4175959977503664577,942.59883181616,0.673284879868686,-0.997060179710388;0.069471538066864;-0.032319612801075;-16.8773918151855;-0.0714888572692871;-0.995246589183807;0.0661325976252556;-1.3246077299118;-0.0275716446340084;0.0682486742734909;0.997287273406982;0.426427364349365;0;0;0;1,1.92224979400635e-06,4.23546177221845e-07,109.911234,860d41e88038165be469420b2c9e4db1e164ded4d58952b7b507ee01a4b0a9db,2b571af236738a0664befacdc9c783246e991416a8915bcfebb9d2dc074e4570,2.62593592198768,0.927094754619833,2.19952133508845,0.372884509871528,7,8,2,0,17,TWO_ENDPOINT_PEAKS_WITH_INTERIOR_VALLEY,1,51
P2F084,370.034402206,0.7,1400,549606,4175959977503664577,4175959977503664577,871.972292001021,0.6228373514293,-0.996901094913483;0.0708748549222946;-0.0341317132115364;-17.6834411621094;-0.0730816945433617;-0.994973599910736;0.0684589222073555;-1.4366694688797;-0.0291081313043833;0.0707411766052246;0.997069835662842;0.415834784507751;0;0;0;1,1.92224979400635e-06,4.23546177221845e-07,100.669342,860d41e88038165be469420b2c9e4db1e164ded4d58952b7b507ee01a4b0a9db,2b571af236738a0664befacdc9c783246e991416a8915bcfebb9d2dc074e4570,2.62593592198768,0.927094754619833,2.19952133508845,0.372884509871528,7,8,2,0,17,TWO_ENDPOINT_PEAKS_WITH_INTERIOR_VALLEY,1,51
P2F084,370.034402206,0.72,1400,549606,4175959977503664577,4175959977503664577,849.705302323541,0.606932358802529,-0.996736884117126;0.0722734704613686;-0.0359469950199127;-18.4892921447754;-0.0746779516339302;-0.994692504405975;0.0707819536328316;-1.54999029636383;-0.0306405425071716;0.073235422372818;0.996843814849854;0.404129385948181;0;0;0;1,1.92224979400635e-06,4.23546177221845e-07,99.804489,860d41e88038165be469420b2c9e4db1e164ded4d58952b7b507ee01a4b0a9db,2b571af236738a0664befacdc9c783246e991416a8915bcfebb9d2dc074e4570,2.62593592198768,0.927094754619833,2.19952133508845,0.372884509871528,7,8,2,0,17,TWO_ENDPOINT_PEAKS_WITH_INTERIOR_VALLEY,1,51
P2F084,370.034402206,0.74,1400,549606,4175959977503664577,4175959977503664577,842.147112181696,0.601533651558354,-0.996567606925964;0.0736673697829247;-0.0377654358744621;-19.2949523925781;-0.0762775987386703;-0.99440324306488;0.0731016471982002;-1.66457331180573;-0.0321688577532768;0.0757313817739487;0.996609151363373;0.391314625740051;0;0;0;1,1.92224979400635e-06,4.23546177221845e-07,97.362189,860d41e88038165be469420b2c9e4db1e164ded4d58952b7b507ee01a4b0a9db,2b571af236738a0664befacdc9c783246e991416a8915bcfebb9d2dc074e4570,2.62593592198768,0.927094754619833,2.19952133508845,0.372884509871528,7,8,2,0,17,TWO_ENDPOINT_PEAKS_WITH_INTERIOR_VALLEY,1,51
P2F084,370.034402206,0.76,1400,549606,4175959977503664577,4175959977503664577,597.44777901501,0.42674841358215,-0.996393144130707;0.0750565305352211;-0.0395870059728622;-20.1004180908203;-0.0778806209564209;-0.994105994701385;0.0754179880023003;-1.78042089939117;-0.0336930602788925;0.0782290175557137;0.9963658452034;0.377393841743469;0;0;0;1,1.92224979400635e-06,4.23546177221845e-07,71.216684,860d41e88038165be469420b2c9e4db1e164ded4d58952b7b507ee01a4b0a9db,2b571af236738a0664befacdc9c783246e991416a8915bcfebb9d2dc074e4570,2.62593592198768,0.927094754619833,2.19952133508845,0.372884509871528,7,8,2,0,17,TWO_ENDPOINT_PEAKS_WITH_INTERIOR_VALLEY,1,51
P2F084,370.034402206,0.78,1400,549606,4175959977503664577,4175959977503664577,539.026707531117,0.385019076807941,-0.996213793754578;0.0764409601688385;-0.0414117015898228;-20.9056739807129;-0.0794870033860207;-0.993800580501556;0.0777309462428093;-1.89753472805023;-0.0352131351828575;0.0807283222675323;0.996113896369934;0.362370312213898;0;0;0;1,1.92224979400635e-06,4.23546177221845e-07,63.749195,860d41e88038165be469420b2c9e4db1e164ded4d58952b7b507ee01a4b0a9db,2b571af236738a0664befacdc9c783246e991416a8915bcfebb9d2dc074e4570,2.62593592198768,0.927094754619833,2.19952133508845,0.372884509871528,7,8,2,0,17,TWO_ENDPOINT_PEAKS_WITH_INTERIOR_VALLEY,1,51
P2F084,370.034402206,0.8,1400,549606,4175959977503664577,4175959977503664577,522.03831382014,0.372884509871528,-0.996029257774353;0.0778206288814545;-0.0432394780218601;-21.7107238769531;-0.0810967162251472;-0.993487179279327;0.0800404995679855;-2.01591730117798;-0.0367290675640106;0.0832292586565018;0.995853245258331;0.346247494220734;0;0;0;1,1.92224979400635e-06,4.23546177221845e-07,61.963897,860d41e88038165be469420b2c9e4db1e164ded4d58952b7b507ee01a4b0a9db,2b571af236738a0664befacdc9c783246e991416a8915bcfebb9d2dc074e4570,2.62593592198768,0.927094754619833,2.19952133508845,0.372884509871528,7,8,2,0,17,TWO_ENDPOINT_PEAKS_WITH_INTERIOR_VALLEY,1,51
P2F084,370.034402206,0.82,1400,549606,4175959977503664577,4175959977503664577,614.114372539138,0.438653123242242,-0.995839715003967;0.0791955217719078;-0.0450703427195549;-22.515567779541;-0.0827097669243813;-0.993165731430054;0.0823466330766678;-2.13557147979736;-0.03824083507061;0.0857317894697189;0.995584011077881;0.32902866601944;0;0;0;1,1.92224979400635e-06,4.23546177221845e-07,74.048981,860d41e88038165be469420b2c9e4db1e164ded4d58952b7b507ee01a4b0a9db,2b571af236738a0664befacdc9c783246e991416a8915bcfebb9d2dc074e4570,2.62593592198768,0.927094754619833,2.19952133508845,0.372884509871528,7,8,2,0,17,TWO_ENDPOINT_PEAKS_WITH_INTERIOR_VALLEY,1,51
P2F084,370.034402206,0.84,1400,549606,4175959977503664577,4175959977503664577,632.148050317246,0.451534321655175,-0.995645105838776;0.0805656239390373;-0.0469042658805847;-23.3201942443848;-0.0843261107802391;-0.992836117744446;0.0846493020653725;-2.25649929046631;-0.0397484228014946;0.0882358998060226;0.995306193828583;0.310717284679413;0;0;0;1,1.92224979400635e-06,4.23546177221845e-07,76.43848,860d41e88038165be469420b2c9e4db1e164ded4d58952b7b507ee01a4b0a9db,2b571af236738a0664befacdc9c783246e991416a8915bcfebb9d2dc074e4570,2.62593592198768,0.927094754619833,2.19952133508845,0.372884509871528,7,8,2,0,17,TWO_ENDPOINT_PEAKS_WITH_INTERIOR_VALLEY,1,51
P2F084,370.034402206,0.86,1400,549606,4175959977503664577,4175959977503664577,595.498239396833,0.425355885283452,-0.995445430278778;0.0819309279322624;-0.0487412288784981;-24.1245994567871;-0.0859457477927208;-0.992498457431793;0.0869484916329384;-2.37870264053345;-0.0412518233060837;0.0907415673136711;0.995019674301147;0.29131692647934;0;0;0;1,1.92224979400635e-06,4.23546177221845e-07,71.114018,860d41e88038165be469420b2c9e4db1e164ded4d58952b7b507ee01a4b0a9db,2b571af236738a0664befacdc9c783246e991416a8915bcfebb9d2dc074e4570,2.62593592198768,0.927094754619833,2.19952133508845,0.372884509871528,7,8,2,0,17,TWO_ENDPOINT_PEAKS_WITH_INTERIOR_VALLEY,1,51
P2F084,370.034402206,0.88,1400,549606,4175959977503664577,4175959977503664577,613.665813953549,0.438332724252535,-0.995240688323975;0.0832914188504219;-0.0505811907351017;-24.9287872314453;-0.0875686481595039;-0.992152810096741;0.0892441794276237;-2.50218391418457;-0.0427509993314743;0.0932487547397614;0.99472451210022;0.270830810070038;0;0;0;1,1.92224979400635e-06,4.23546177221845e-07,74.390927,860d41e88038165be469420b2c9e4db1e164ded4d58952b7b507ee01a4b0a9db,2b571af236738a0664befacdc9c783246e991416a8915bcfebb9d2dc074e4570,2.62593592198768,0.927094754619833,2.19952133508845,0.372884509871528,7,8,2,0,17,TWO_ENDPOINT_PEAKS_WITH_INTERIOR_VALLEY,1,51
P2F084,370.034402206,0.9,1400,549606,4175959977503664577,4175959977503664577,613.55566787904,0.438254048485028,-0.995030879974365;0.0846470668911934;-0.0524241700768471;-25.7327423095703;-0.0891948044300079;-0.991799056529999;0.0915363281965256;-2.62694597244263;-0.0442459508776665;0.095757432281971;0.994420826435089;0.249262288212776;0;0;0;1,1.92224979400635e-06,4.23546177221845e-07,74.074613,860d41e88038165be469420b2c9e4db1e164ded4d58952b7b507ee01a4b0a9db,2b571af236738a0664befacdc9c783246e991416a8915bcfebb9d2dc074e4570,2.62593592198768,0.927094754619833,2.19952133508845,0.372884509871528,7,8,2,0,17,TWO_ENDPOINT_PEAKS_WITH_INTERIOR_VALLEY,1,51
P2F084,370.034402206,0.92,1400,549606,4175959977503664577,4175959977503664577,600.842456419432,0.429173183156737,-0.994816064834595;0.0859978720545769;-0.0542701184749603;-26.5364761352539;-0.090824194252491;-0.991437315940857;0.0938249230384827;-2.75299024581909;-0.045736663043499;0.0982675701379776;0.994108378887177;0.226615145802498;0;0;0;1,1.92224979400635e-06,4.23546177221845e-07,73.350912,860d41e88038165be469420b2c9e4db1e164ded4d58952b7b507ee01a4b0a9db,2b571af236738a0664befacdc9c783246e991416a8915bcfebb9d2dc074e4570,2.62593592198768,0.927094754619833,2.19952133508845,0.372884509871528,7,8,2,0,17,TWO_ENDPOINT_PEAKS_WITH_INTERIOR_VALLEY,1,51
P2F084,370.034402206,0.94,1400,549606,4175959977503664577,4175959977503664577,597.721699177755,0.426944070841254,-0.994596183300018;0.08734380453825;-0.05611901730299;-27.3399658203125;-0.0924568027257919;-0.991067409515381;0.0961099341511726;-2.88031911849976;-0.0472231097519398;0.100779160857201;0.993787407875061;0.202892437577248;0;0;0;1,1.92224979400635e-06,4.23546177221845e-07,73.640686,860d41e88038165be469420b2c9e4db1e164ded4d58952b7b507ee01a4b0a9db,2b571af236738a0664befacdc9c783246e991416a8915bcfebb9d2dc074e4570,2.62593592198768,0.927094754619833,2.19952133508845,0.372884509871528,7,8,2,0,17,TWO_ENDPOINT_PEAKS_WITH_INTERIOR_VALLEY,1,51
P2F084,370.034402206,0.96,1400,549606,4175959977503664577,4175959977503664577,629.961160409073,0.449972257435052,-0.994371354579926;0.0886848643422127;-0.0579708516597748;-28.1432266235352;-0.0940926074981689;-0.990689516067505;0.0983913391828537;-3.00893497467041;-0.0487052872776985;0.103292152285576;0.993457853794098;0.178097918629646;0;0;0;1,1.92224979400635e-06,4.23546177221845e-07,77.16302,860d41e88038165be469420b2c9e4db1e164ded4d58952b7b507ee01a4b0a9db,2b571af236738a0664befacdc9c783246e991416a8915bcfebb9d2dc074e4570,2.62593592198768,0.927094754619833,2.19952133508845,0.372884509871528,7,8,2,0,17,TWO_ENDPOINT_PEAKS_WITH_INTERIOR_VALLEY,1,51
P2F084,370.034402206,0.98,1400,549606,4175959977503664577,4175959977503664577,764.577501330307,0.546126786664505,-0.994141399860382;0.0900210291147232;-0.059825599193573;-28.9462471008301;-0.0957315936684608;-0.990303635597229;0.100669115781784;-3.13884019851685;-0.0501831695437431;0.105806529521942;0.993119537830353;0.152234867215157;0;0;0;1,1.92224979400635e-06,4.23546177221845e-07,97.79528,860d41e88038165be469420b2c9e4db1e164ded4d58952b7b507ee01a4b0a9db,2b571af236738a0664befacdc9c783246e991416a8915bcfebb9d2dc074e4570,2.62593592198768,0.927094754619833,2.19952133508845,0.372884509871528,7,8,2,0,17,TWO_ENDPOINT_PEAKS_WITH_INTERIOR_VALLEY,1,51
P2F084,370.034402206,1,1400,549606,4175959977503664577,4175959977503664577,1297.93265646777,0.927094754619833,-0.993906378746033;0.0913522988557816;-0.061683252453804;-29.7490196228027;-0.0973737388849258;-0.989909648895264;0.102943241596222;-3.27003622055054;-0.0516567379236221;0.108322262763977;0.99277275800705;0.125306978821754;0;0;0;1,1.92224979400635e-06,4.23546177221845e-07,149.415319,860d41e88038165be469420b2c9e4db1e164ded4d58952b7b507ee01a4b0a9db,2b571af236738a0664befacdc9c783246e991416a8915bcfebb9d2dc074e4570,2.62593592198768,0.927094754619833,2.19952133508845,0.372884509871528,7,8,2,0,17,TWO_ENDPOINT_PEAKS_WITH_INTERIOR_VALLEY,1,51
P2F085,380.018973187,0,1400,549606,3291291595773378259,3291291595773378259,3163.93401617607,2.25995286869719,-0.672465324401855;0.738837420940399;0.0436978898942471;-0.286854684352875;-0.739233374595642;-0.673383414745331;0.009430225007236;0.513991177082062;0.0363928414881229;-0.0259614400565624;0.999000310897827;0.404204457998276;0;0;0;1,3.81888591757806e-06,1.65623223264374e-06,323.376975,860d41e88038165be469420b2c9e4db1e164ded4d58952b7b507ee01a4b0a9db,2b571af236738a0664befacdc9c783246e991416a8915bcfebb9d2dc074e4570,2.25995286869719,0.875843833056819,1.12534231564852,0.331091377953288,13,13,1,1,28,UNCLEAR,0,51
P2F085,380.018973187,0.02,1400,549606,3291291595773378259,3291291595773378259,1271.5018894955,0.908215635353927,-0.671453535556793;0.739796817302704;0.0430199652910233;-0.972409963607788;-0.740151464939117;-0.672364115715027;0.0101213818415999;1.25703310966492;0.0364128462970257;-0.0250452570617199;0.999022960662842;0.410882413387299;0;0;0;1,3.81888591757806e-06,1.65623223264374e-06,155.596393,860d41e88038165be469420b2c9e4db1e164ded4d58952b7b507ee01a4b0a9db,2b571af236738a0664befacdc9c783246e991416a8915bcfebb9d2dc074e4570,2.25995286869719,0.875843833056819,1.12534231564852,0.331091377953288,13,13,1,1,28,UNCLEAR,0,51
P2F085,380.018973187,0.04,1400,549606,3291291595773378259,3291291595773378259,1026.40200075693,0.733144286254947,-0.670440554618835;0.740754127502441;0.042341060936451;-1.65900945663452;-0.741068184375763;-0.671342790126801;0.0108116026967764;1.9991180896759;0.036434106528759;-0.0241290777921677;0.99904477596283;0.416635572910309;0;0;0;1,3.81888591757806e-06,1.65623223264374e-06,124.674683,860d41e88038165be469420b2c9e4db1e164ded4d58952b7b507ee01a4b0a9db,2b571af236738a0664befacdc9c783246e991416a8915bcfebb9d2dc074e4570,2.25995286869719,0.875843833056819,1.12534231564852,0.331091377953288,13,13,1,1,28,UNCLEAR,0,51
P2F085,380.018973187,0.06,1400,549606,3291291595773378259,3291291595773378259,1575.47924190793,1.12534231564852,-0.669426202774048;0.741709351539612;0.0416611731052399;-2.34665083885193;-0.741983473300934;-0.670319616794586;0.0115008847787976;2.74024367332458;0.0364566221833229;-0.0232129115611315;0.999065637588501;0.421463906764984;0;0;0;1,3.81888591757806e-06,1.65623223264374e-06,168.05946,860d41e88038165be469420b2c9e4db1e164ded4d58952b7b507ee01a4b0a9db,2b571af236738a0664befacdc9c783246e991416a8915bcfebb9d2dc074e4570,2.25995286869719,0.875843833056819,1.12534231564852,0.331091377953288,13,13,1,1,28,UNCLEAR,0,51
P2F085,380.018973187,0.08,1400,549606,3291291595773378259,3291291595773378259,498.033533251226,0.35573823803659,-0.66841059923172;0.74266254901886;0.0409803092479706;-3.03533267974854;-0.742897272109985;-0.669294476509094;0.0121892280876637;3.48040866851807;0.0364803820848465;-0.0222967527806759;0.999085605144501;0.425367295742035;0;0;0;1,3.81888591757806e-06,1.65623223264374e-06,67.109356,860d41e88038165be469420b2c9e4db1e164ded4d58952b7b507ee01a4b0a9db,2b571af236738a0664befacdc9c783246e991416a8915bcfebb9d2dc074e4570,2.25995286869719,0.875843833056819,1.12534231564852,0.331091377953288,13,13,1,1,28,UNCLEAR,0,51
P2F085,380.018973187,0.1,1400,549606,3291291595773378259,3291291595773378259,463.527929134604,0.331091377953288,-0.667393803596497;0.743613660335541;0.0402984656393528;-3.72505259513855;-0.743809700012207;-0.668267488479614;0.0128766279667616;4.21961116790771;0.0365053974092007;-0.0213806107640266;0.999104738235474;0.428345650434494;0;0;0;1,3.81888591757806e-06,1.65623223264374e-06,56.387864,860d41e88038165be469420b2c9e4db1e164ded4d58952b7b507ee01a4b0a9db,2b571af236738a0664befacdc9c783246e991416a8915bcfebb9d2dc074e4570,2.25995286869719,0.875843833056819,1.12534231564852,0.331091377953288,13,13,1,1,28,UNCLEAR,0,51
P2F085,380.018973187,0.12,1400,549606,3291291595773378259,3291291595773378259,763.987163584746,0.545705116846247,-0.666375696659088;0.744562923908234;0.0396156534552574;-4.41580867767334;-0.744720637798309;-0.667238533496857;0.013563085347414;4.95784759521484;0.0365316644310951;-0.0204644873738289;0.999122977256775;0.430398911237717;0;0;0;1,3.81888591757806e-06,1.65623223264374e-06,102.640487,860d41e88038165be469420b2c9e4db1e164ded4d58952b7b507ee01a4b0a9db,2b571af236738a0664befacdc9c783246e991416a8915bcfebb9d2dc074e4570,2.25995286869719,0.875843833056819,1.12534231564852,0.331091377953288,13,13,1,1,28,UNCLEAR,0,51
P2F085,380.018973187,0.14,1400,549606,3291291595773378259,3291291595773378259,1194.25844964114,0.85304174974367,-0.665356397628784;0.745509922504425;0.0389318652451038;-5.10759973526001;-0.745630204677582;-0.666207790374756;0.0142485965043306;5.69511747360229;0.0365591831505299;-0.0195483807474375;0.999140322208405;0.431526988744736;0;0;0;1,3.81888591757806e-06,1.65623223264374e-06,140.614548,860d41e88038165be469420b2c9e4db1e164ded4d58952b7b507ee01a4b0a9db,2b571af236738a0664befacdc9c783246e991416a8915bcfebb9d2dc074e4570,2.25995286869719,0.875843833056819,1.12534231564852,0.331091377953288,13,13,1,1,28,UNCLEAR,0,51
P2F085,380.018973187,0.16,1400,549606,3291291595773378259,3291291595773378259,580.096904156031,0.414354931540022,-0.664335787296295;0.746455013751984;0.0382471084594727;-5.80042219161987;-0.74653822183609;-0.665175020694733;0.0149331595748663;6.43141794204712;0.0365879572927952;-0.0186322964727879;0.999156832695007;0.431729793548584;0;0;0;1,3.81888591757806e-06,1.65623223264374e-06,71.891147,860d41e88038165be469420b2c9e4db1e164ded4d58952b7b507ee01a4b0a9db,2b571af236738a0664befacdc9c783246e991416a8915bcfebb9d2dc074e4570,2.25995286869719,0.875843833056819,1.12534231564852,0.331091377953288,13,13,1,1,28,UNCLEAR,0,51
P2F085,380.018973187,0.18,1400,549606,3291291595773378259,3291291595773378259,910.016929263778,0.65001209233127,-0.663313925266266;0.747397899627686;0.0375613793730736;-6.49427556991577;-0.747444808483124;-0.664140343666077;0.0156167736276984;7.16674661636353;0.0366179756820202;-0.0177162364125252;0.999172329902649;0.431007266044617;0;0;0;1,3.81888591757806e-06,1.65623223264374e-06,143.248912,860d41e88038165be469420b2c9e4db1e164ded4d58952b7b507ee01a4b0a9db,2b571af236738a0664befacdc9c783246e991416a8915bcfebb9d2dc074e4570,2.25995286869719,0.875843833056819,1.12534231564852,0.331091377953288,13,13,1,1,28,UNCLEAR,0,51
P2F085,380.018973187,0.2,1400,549606,3291291595773378259,3291291595773378259,1497.77791442797,1.06984136744855,-0.662290811538696;0.74833881855011;0.0368746854364872;-7.18915748596191;-0.748350024223328;-0.663103818893433;0.0162994340062141;7.9011025428772;0.0366492494940758;-0.0168002042919397;0.999186992645264;0.429359376430511;0;0;0;1,3.81888591757806e-06,1.65623223264374e-06,193.36407,860d41e88038165be469420b2c9e4db1e164ded4d58952b7b507ee01a4b0a9db,2b571af236738a0664befacdc9c783246e991416a8915bcfebb9d2dc074e4570,2.25995286869719,0.875843833056819,1.12534231564852,0.331091377953288,13,13,1,1,28,UNCLEAR,0,51
P2F085,380.018973187,0.22,1400,549606,3291291595773378259,3291291595773378259,721.52628101333,0.515375915009522,-0.661266505718231;0.749277651309967;0.0361870229244232;-7.88506555557251;-0.749253749847412;-0.662065386772156;0.0169811435043812;8.63448333740234;0.0366817787289619;-0.0158842019736767;0.999200761318207;0.426785975694656;0;0;0;1,3.81888591757806e-06,1.65623223264374e-06,92.365495,860d41e88038165be469420b2c9e4db1e164ded4d58952b7b507ee01a4b0a9db,2b571af236738a0664befacdc9c783246e991416a8915bcfebb9d2dc074e4570,2.25995286869719,0.875843833056819,1.12534231564852,0.331091377953288,13,13,1,1,28,UNCLEAR,0,51
P2F085,380.018973187,0.24,1400,549606,3291291595773378259,3291291595773378259,543.410974125137,0.388150695803669,-0.660240948200226;0.750214397907257;0.0354984030127525;-8.58199787139893;-0.750155985355377;-0.661025047302246;0.0176618974655867;9.36688709259033;0.0367155522108078;-0.0149682331830263;0.999213635921478;0.423287034034729;0;0;0;1,3.81888591757806e-06,1.65623223264374e-06,69.106413,860d41e88038165be469420b2c9e4db1e164ded4d58952b7b507ee01a4b0a9db,2b571af236738a0664befacdc9c783246e991416a8915bcfebb9d2dc074e4570,2.25995286869719,0.875843833056819,1.12534231564852,0.331091377953288,13,13,1,1,28,UNCLEAR,0,51
P2F085,380.018973187,0.26,1400,549606,3291291595773378259,3291291595773378259,556.963186157853,0.39783084725561,-0.659214019775391;0.751149117946625;0.0348088219761848;-9.27995204925537;-0.751056730747223;-0.659982919692993;0.0183416940271854;10.0983114242554;0.0367505773901939;-0.0140522988513112;0.999225676059723;0.418862521648407;0;0;0;1,3.81888591757806e-06,1.65623223264374e-06,73.764236,860d41e88038165be469420b2c9e4db1e164ded4d58952b7b507ee01a4b0a9db,2b571af236738a0664befacdc9c783246e991416a8915bcfebb9d2dc074e4570,2.25995286869719,0.875843833056819,1.12534231564852,0.331091377953288,13,13,1,1,28,UNCLEAR,0,51
P2F085,380.018973187,0.28,1400,549606,3291291595773378259,3291291595773378259,586.77958175616,0.419128272682972,-0.658185958862305;0.75208181142807;0.0341182798147202;-9.978928565979;-0.751956105232239;-0.658938884735107;0.0190205313265324;10.8287534713745;0.0367868542671204;-0.0131364027038217;0.999236822128296;0.413512349128723;0;0;0;1,3.81888591757806e-06,1.65623223264374e-06,81.086246,860d41e88038165be469420b2c9e4db1e164ded4d58952b7b507ee01a4b0a9db,2b571af236738a0664befacdc9c783246e991416a8915bcfebb9d2dc074e4570,2.25995286869719,0.875843833056819,1.12534231564852,0.331091377953288,13,13,1,1,28,UNCLEAR,0,51
P2F085,380.018973187,0.3,1400,549606,3291291595773378259,3291291595773378259,772.779903359798,0.551985645256998,-0.657156646251678;0.753012359142303;0.0334267765283585;-10.6789226531982;-0.75285392999649;-0.657892823219299;0.0196984075009823;11.5582122802734;0.0368243865668774;-0.0122205466032028;0.999247074127197;0.40723642706871;0;0;0;1,3.81888591757806e-06,1.65623223264374e-06,96.993634,860d41e88038165be469420b2c9e4db1e164ded4d58952b7b507ee01a4b0a9db,2b571af236738a0664befacdc9c783246e991416a8915bcfebb9d2dc074e4570,2.25995286869719,0.875843833056819,1.12534231564852,0.331091377953288,13,13,1,1,28,UNCLEAR,0,51
P2F085,380.018973187,0.32,1400,549606,3291291595773378259,3291291595773378259,704.430396204627,0.503164568717591,-0.656126141548157;0.753940880298615;0.0327343232929707;-11.3799324035645;-0.753750324249268;-0.656844973564148;0.0203753188252449;12.2866868972778;0.0368631668388844;-0.0113047296181321;0.999256372451782;0.400034725666046;0;0;0;1,3.81888591757806e-06,1.65623223264374e-06,98.661807,860d41e88038165be469420b2c9e4db1e164ded4d58952b7b507ee01a4b0a9db,2b571af236738a0664befacdc9c783246e991416a8915bcfebb9d2dc074e4570,2.25995286869719,0.875843833056819,1.12534231564852,0.331091377953288,13,13,1,1,28,UNCLEAR,0,51
P2F085,380.018973187,0.34,1400,549606,3291291595773378259,3291291595773378259,530.512545797127,0.378937532712234,-0.65509432554245;0.754867255687714;0.0320409163832664;-12.081955909729;-0.75464528799057;-0.655795276165009;0.0210512690246105;13.0141735076904;0.0369031988084316;-0.0103889591991901;0.999264895915985;0.391907185316086;0;0;0;1,3.81888591757806e-06,1.65623223264374e-06,73.745728,860d41e88038165be469420b2c9e4db1e164ded4d58952b7b507ee01a4b0a9db,2b571af236738a0664befacdc9c783246e991416a8915bcfebb9d2dc074e4570,2.25995286869719,0.875843833056819,1.12534231564852,0.331091377953288,13,13,1,1,28,UNCLEAR,0,51
P2F085,380.018973187,0.36,1400,549606,3291291595773378259,3291291595773378259,713.5494579803,0.509678184271642,-0.654061377048492;0.75579160451889;0.0313465595245361;-12.7849950790405;-0.755538761615753;-0.654743671417236;0.0217262487858534;13.7406721115112;0.0369444787502289;-0.00947323814034462;0.999272465705872;0.382853806018829;0;0;0;1,3.81888591757806e-06,1.65623223264374e-06,101.633997,860d41e88038165be469420b2c9e4db1e164ded4d58952b7b507ee01a4b0a9db,2b571af236738a0664befacdc9c783246e991416a8915bcfebb9d2dc074e4570,2.25995286869719,0.875843833056819,1.12534231564852,0.331091377953288,13,13,1,1,28,UNCLEAR,0,51
P2F085,380.018973187,0.38,1400,549606,3291291595773378259,3291291595773378259,887.321827953795,0.633801305681282,-0.653027236461639;0.756713807582855;0.0306512452661991;-13.4890422821045;-0.756430745124817;-0.653690159320831;0.0224002618342638;14.4661779403687;0.0369870141148567;-0.00855756737291813;0.999279141426086;0.37287449836731;0;0;0;1,3.81888591757806e-06,1.65623223264374e-06,115.730666,860d41e88038165be469420b2c9e4db1e164ded4d58952b7b507ee01a4b0a9db,2b571af236738a0664befacdc9c783246e991416a8915bcfebb9d2dc074e4570,2.25995286869719,0.875843833056819,1.12534231564852,0.331091377953288,13,13,1,1,28,UNCLEAR,0,51
P2F085,380.018973187,0.4,1400,549606,3291291595773378259,3291291595773378259,760.268685506771,0.543049061076265,-0.651991784572601;0.757634043693542;0.0299549922347069;-14.1940975189209;-0.757321298122406;-0.652634859085083;0.0230733044445515;15.1906909942627;0.0370308011770248;-0.00764194875955582;0.99928492307663;0.361969262361526;0;0;0;1,3.81888591757806e-06,1.65623223264374e-06,93.291108,860d41e88038165be469420b2c9e4db1e164ded4d58952b7b507ee01a4b0a9db,2b571af236738a0664befacdc9c783246e991416a8915bcfebb9d2dc074e4570,2.25995286869719,0.875843833056819,1.12534231564852,0.331091377953288,13,13,1,1,28,UNCLEAR,0,51
P2F085,380.018973187,0.42,1400,549606,3291291595773378259,3291291595773378259,1080.48772207561,0.771776944339725,-0.650955140590668;0.758552074432373;0.0292577929794788;-14.9001607894897;-0.758210361003876;-0.651577591896057;0.0237453728914261;15.9142074584961;0.0370758324861526;-0.00672638602554798;0.999289810657501;0.350137948989868;0;0;0;1,3.81888591757806e-06,1.65623223264374e-06,132.756921,860d41e88038165be469420b2c9e4db1e164ded4d58952b7b507ee01a4b0a9db,2b571af236738a0664befacdc9c783246e991416a8915bcfebb9d2dc074e4570,2.25995286869719,0.875843833056819,1.12534231564852,0.331091377953288,13,13,1,1,28,UNCLEAR,0,51
P2F085,380.018973187,0.44,1400,549606,3291291595773378259,3291291595773378259,1313.07628985783,0.937911635612737,-0.649917244911194;0.759468078613281;0.028559647500515;-15.6072282791138;-0.759097814559937;-0.650518536567688;0.0244164690375328;16.6367263793945;0.0371221117675304;-0.00581088289618492;0.999293863773346;0.337380558252335;0;0;0;1,3.81888591757806e-06,1.65623223264374e-06,172.883018,860d41e88038165be469420b2c9e4db1e164ded4d58952b7b507ee01a4b0a9db,2b571af236738a0664befacdc9c783246e991416a8915bcfebb9d2dc074e4570,2.25995286869719,0.875843833056819,1.12534231564852,0.331091377953288,13,13,1,1,28,UNCLEAR,0,51
P2F085,380.018973187,0.46,1400,549606,3291291595773378259,3291291595773378259,858.506170336147,0.613218693097248,-0.648878157138824;0.760381996631622;0.0278605595231056;-16.3152980804443;-0.759983897209167;-0.649457693099976;0.0250865891575813;17.358247756958;0.0371696464717388;-0.00489543750882149;0.999297022819519;0.323697179555893;0;0;0;1,3.81888591757806e-06,1.65623223264374e-06,96.493358,860d41e88038165be469420b2c9e4db1e164ded4d58952b7b507ee01a4b0a9db,2b571af236738a0664befacdc9c783246e991416a8915bcfebb9d2dc074e4570,2.25995286869719,0.875843833056819,1.12534231564852,0.331091377953288,13,13,1,1,28,UNCLEAR,0,51
P2F085,380.018973187,0.48,1400,549606,3291291595773378259,3291291595773378259,796.206707164659,0.568719076546185,-0.64783787727356;0.761293709278107;0.027160532772541;-17.0243663787842;-0.760868549346924;-0.648394882678986;0.0257557313889265;18.0787677764893;0.0372184328734875;-0.00398005545139313;0.999299287796021;0.309087604284286;0;0;0;1,3.81888591757806e-06,1.65623223264374e-06,90.564343,860d41e88038165be469420b2c9e4db1e164ded4d58952b7b507ee01a4b0a9db,2b571af236738a0664befacdc9c783246e991416a8915bcfebb9d2dc074e4570,2.25995286869719,0.875843833056819,1.12534231564852,0.331091377953288,13,13,1,1,28,UNCLEAR,0,51
P2F085,380.018973187,0.5,1400,549606,3291291595773378259,3291291595773378259,974.512653340181,0.696080466671558,-0.646796464920044;0.762203454971313;0.0264595691114664;-17.7344360351562;-0.761751592159271;-0.647330224514008;0.026423892006278;18.798282623291;0.0372684672474861;-0.00306473858654499;0.999300599098206;0.293551832437515;0;0;0;1,3.81888591757806e-06,1.65623223264374e-06,110.348444,860d41e88038165be469420b2c9e4db1e164ded4d58952b7b507ee01a4b0a9db,2b571af236738a0664befacdc9c783246e991416a8915bcfebb9d2dc074e4570,2.25995286869719,0.875843833056819,1.12534231564852,0.331091377953288,13,13,1,1,28,UNCLEAR,0,51
P2F085,380.018973187,0.52,1400,549606,3291291595773378259,3291291595773378259,1124.22265610488,0.803016182932057,-0.645753681659698;0.763111054897308;0.025757672265172;-18.4454975128174;-0.762633204460144;-0.646263718605042;0.0270910710096359;19.5167922973633;0.0373197495937347;-0.00214949436485767;0.999301075935364;0.277089983224869;0;0;0;1,3.81888591757806e-06,1.65623223264374e-06,129.230117,860d41e88038165be469420b2c9e4db1e164ded4d58952b7b507ee01a4b0a9db,2b571af236738a0664befacdc9c783246e991416a8915bcfebb9d2dc074e4570,2.25995286869719,0.875843833056819,1.12534231564852,0.331091377953288,13,13,1,1,28,UNCLEAR,0,51
P2F085,380.018973187,0.54,1400,549606,3291291595773378259,3291291595773378259,1260.03726703346,0.900026619309614,-0.644709825515747;0.764016568660736;0.0250548366457224;-19.1575584411621;-0.763513326644897;-0.645195364952087;0.027757266536355;20.2342987060547;0.0373722799122334;-0.00123431533575058;0.99930065870285;0.259701818227768;0;0;0;1,3.81888591757806e-06,1.65623223264374e-06,146.26587,860d41e88038165be469420b2c9e4db1e164ded4d58952b7b507ee01a4b0a9db,2b571af236738a0664befacdc9c783246e991416a8915bcfebb9d2dc074e4570,2.25995286869719,0.875843833056819,1.12534231564852,0.331091377953288,13,13,1,1,28,UNCLEAR,0,51
P2F085,380.018973187,0.56,1400,549606,3291291595773378259,3291291595773378259,1173.30515674036,0.8380751119574,-0.6436647772789;0.764919936656952;0.0243510715663433;-19.8706111907959;-0.764391839504242;-0.64412522315979;0.0284224785864353;20.9507923126221;0.0374260619282722;-0.000319212675094604;0.99929940700531;0.241387575864792;0;0;0;1,3.81888591757806e-06,1.65623223264374e-06,137.496738,860d41e88038165be469420b2c9e4db1e164ded4d58952b7b507ee01a4b0a9db,2b571af236738a0664befacdc9c783246e991416a8915bcfebb9d2dc074e4570,2.25995286869719,0.875843833056819,1.12534231564852,0.331091377953288,13,13,1,1,28,UNCLEAR,0,51
P2F085,380.018973187,0.58,1400,549606,3291291595773378259,3291291595773378259,1126.74662556433,0.804819018260234,-0.642618477344513;0.765821278095245;0.0236463751643896;-20.5846538543701;-0.765268981456757;-0.643053233623505;0.0290867015719414;21.6662750244141;0.0374810956418514;0.000595811754465103;0.999297201633453;0.222146898508072;0;0;0;1,3.81888591757806e-06,1.65623223264374e-06,130.50508,860d41e88038165be469420b2c9e4db1e164ded4d58952b7b507ee01a4b0a9db,2b571af236738a0664befacdc9c783246e991416a8915bcfebb9d2dc074e4570,2.25995286869719,0.875843833056819,1.12534231564852,0.331091377953288,13,13,1,1,28,UNCLEAR,0,51
P2F085,380.018973187,0.6,1400,549606,3291291595773378259,3291291595773378259,1180.93564477621,0.843525460554433,-0.641571044921875;0.766720414161682;0.0229407530277967;-21.2996826171875;-0.766144633293152;-0.641979336738586;0.029749933630228;22.380744934082;0.0375373736023903;0.00151076167821884;0.999294102191925;0.201980024576187;0;0;0;1,3.81888591757806e-06,1.65623223264374e-06,136.92159,860d41e88038165be469420b2c9e4db1e164ded4d58952b7b507ee01a4b0a9db,2b571af236738a0664befacdc9c783246e991416a8915bcfebb9d2dc074e4570,2.25995286869719,0.875843833056819,1.12534231564852,0.331091377953288,13,13,1,1,28,UNCLEAR,0,51
P2F085,380.018973187,0.62,1400,549606,3291291595773378259,3291291595773378259,1200.19739524391,0.857283853745648,-0.640522360801697;0.767617464065552;0.0222342051565647;-22.015697479248;-0.767018735408783;-0.640903651714325;0.0304121747612953;23.0942001342773;0.0375949032604694;0.00242562778294086;0.99929016828537;0.180886834859848;0;0;0;1,3.81888591757806e-06,1.65623223264374e-06,139.497916,860d41e88038165be469420b2c9e4db1e164ded4d58952b7b507ee01a4b0a9db,2b571af236738a0664befacdc9c783246e991416a8915bcfebb9d2dc074e4570,2.25995286869719,0.875843833056819,1.12534231564852,0.331091377953288,13,13,1,1,28,UNCLEAR,0,51
P2F085,380.018973187,0.64,1400,549606,3291291595773378259,3291291595773378259,1161.94525711402,0.829960897938586,-0.639472603797913;0.768512368202209;0.0215267296880484;-22.7326984405518;-0.76789128780365;-0.639826118946075;0.0310734249651432;23.8066387176514;0.0376536846160889;0.00334041006863117;0.999285280704498;0.158867388963699;0;0;0;1,3.81888591757806e-06,1.65623223264374e-06,135.650259,860d41e88038165be469420b2c9e4db1e164ded4d58952b7b507ee01a4b0a9db,2b571af236738a0664befacdc9c783246e991416a8915bcfebb9d2dc074e4570,2.25995286869719,0.875843833056819,1.12534231564852,0.331091377953288,13,13,1,1,28,UNCLEAR,0,51
P2F085,380.018973187,0.66,1400,549606,3291291595773378259,3291291595773378259,1209.05489447421,0.863610638910153,-0.638421535491943;0.769405245780945;0.0208183377981186;-23.4506797790527;-0.768762409687042;-0.638746798038483;0.0317336805164814;24.5180587768555;0.037713710218668;0.00425510853528976;0.9992795586586;0.135921567678452;0;0;0;1,3.81888591757806e-06,1.65623223264374e-06,140.10149,860d41e88038165be469420b2c9e4db1e164ded4d58952b7b507ee01a4b0a9db,2b571af236738a0664befacdc9c783246e991416a8915bcfebb9d2dc074e4570,2.25995286869719,0.875843833056819,1.12534231564852,0.331091377953288,13,13,1,1,28,UNCLEAR,0,51
P2F085,380.018973187,0.68,1400,549606,3291291595773378259,3291291595773378259,1209.01144845921,0.863579606042294,-0.637369334697723;0.770295917987823;0.0201090201735497;-24.1696434020996;-0.76963198184967;-0.637665629386902;0.0323929414153099;25.2284526824951;0.0377749875187874;0.00516971759498119;0.999272882938385;0.112049371004105;0;0;0;1,3.81888591757806e-06,1.65623223264374e-06,139.748439,860d41e88038165be469420b2c9e4db1e164ded4d58952b7b507ee01a4b0a9db,2b571af236738a0664befacdc9c783246e991416a8915bcfebb9d2dc074e4570,2.25995286869719,0.875843833056819,1.12534231564852,0.331091377953288,13,13,1,1,28,UNCLEAR,0,51
P2F085,380.018973187,0.7,1400,549606,3291291595773378259,3291291595773378259,1190.80289941771,0.850573499584079,-0.636315941810608;0.77118456363678;0.0193987879902124;-24.8895835876465;-0.770500123500824;-0.636582553386688;0.0330511964857578;25.9378280639648;0.0378375127911568;0.00608423724770546;0.999265432357788;0.0872508585453033;0;0;0;1,3.81888591757806e-06,1.65623223264374e-06,155.877087,860d41e88038165be469420b2c9e4db1e164ded4d58952b7b507ee01a4b0a9db,2b571af236738a0664befacdc9c783246e991416a8915bcfebb9d2dc074e4570,2.25995286869719,0.875843833056819,1.12534231564852,0.331091377953288,13,13,1,1,28,UNCLEAR,0,51
P2F085,380.018973187,0.72,1400,549606,3291291595773378259,3291291595773378259,1162.59668205036,0.830426201464544,-0.635261416435242;0.772070944309235;0.018687641248107;-25.6104984283447;-0.771366596221924;-0.635497748851776;0.0337084606289864;26.6461811065674;0.0379012785851955;0.00699865445494652;0.999257028102875;0.0615261495113373;0;0;0;1,3.81888591757806e-06,1.65623223264374e-06,140.82554,860d41e88038165be469420b2c9e4db1e164ded4d58952b7b507ee01a4b0a9db,2b571af236738a0664befacdc9c783246e991416a8915bcfebb9d2dc074e4570,2.25995286869719,0.875843833056819,1.12534231564852,0.331091377953288,13,13,1,1,28,UNCLEAR,0,51
P2F085,380.018973187,0.74,1400,549606,3291291595773378259,3291291595773378259,1220.43960702876,0.871742576449111,-0.63420569896698;0.772955298423767;0.0179755836725235;-26.3323917388916;-0.772231638431549;-0.634411156177521;0.0343647114932537;27.3535041809082;0.0379662960767746;0.00791298598051071;0.99924772977829;0.0348750054836273;0;0;0;1,3.81888591757806e-06,1.65623223264374e-06,158.266725,860d41e88038165be469420b2c9e4db1e164ded4d58952b7b507ee01a4b0a9db,2b571af236738a0664befacdc9c783246e991416a8915bcfebb9d2dc074e4570,2.25995286869719,0.875843833056819,1.12534231564852,0.331091377953288,13,13,1,1,28,UNCLEAR,0,51
P2F085,380.018973187,0.76,1400,549606,3291291595773378259,3291291595773378259,1275.42773555659,0.911019811111848,-0.633148849010468;0.773837447166443;0.0172626059502363;-27.0552539825439;-0.773095190525055;-0.633322656154633;0.0350199639797211;28.0597972869873;0.0380325652658939;0.00882721319794655;0.999237477779388;0.00729760527610779;0;0;0;1,3.81888591757806e-06,1.65623223264374e-06,157.073827,860d41e88038165be469420b2c9e4db1e164ded4d58952b7b507ee01a4b0a9db,2b571af236738a0664befacdc9c783246e991416a8915bcfebb9d2dc074e4570,2.25995286869719,0.875843833056819,1.12534231564852,0.331091377953288,13,13,1,1,28,UNCLEAR,0,51
P2F085,380.018973187,0.78,1400,549606,3291291595773378259,3291291595773378259,1271.72685324297,0.908376323744976,-0.63209080696106;0.774717509746552;0.0165487211197615;-27.7790832519531;-0.773957192897797;-0.632232427597046;0.0356742143630981;28.7650585174561;0.038100078701973;0.00974134355783463;0.99922651052475;-0.0212063491344452;0;0;0;1,3.81888591757806e-06,1.65623223264374e-06,155.418086,860d41e88038165be469420b2c9e4db1e164ded4d58952b7b507ee01a4b0a9db,2b571af236738a0664befacdc9c783246e991416a8915bcfebb9d2dc074e4570,2.25995286869719,0.875843833056819,1.12534231564852,0.331091377953288,13,13,1,1,28,UNCLEAR,0,51
P2F085,380.018973187,0.8,1400,549606,3291291595773378259,3291291595773378259,1281.28992242056,0.915207087443256,-0.631031572818756;0.775595486164093;0.0158339310437441;-28.5038833618164;-0.774817585945129;-0.631140291690826;0.036327451467514;29.4692897796631;0.0381688438355923;0.0106553640216589;0.99921452999115;-0.0506363213062286;0;0;0;1,3.81888591757806e-06,1.65623223264374e-06,156.215959,860d41e88038165be469420b2c9e4db1e164ded4d58952b7b507ee01a4b0a9db,2b571af236738a0664befacdc9c783246e991416a8915bcfebb9d2dc074e4570,2.25995286869719,0.875843833056819,1.12534231564852,0.331091377953288,13,13,1,1,28,UNCLEAR,0,51
P2F085,380.018973187,0.82,1400,549606,3291291595773378259,3291291595773378259,1314.57659988658,0.938983285633274,-0.629971265792847;0.776471257209778;0.015118233859539;-29.2296504974365;-0.775676608085632;-0.630046427249908;0.036979679018259;30.1724853515625;0.0382388532161713;0.0115692801773548;0.999201655387878;-0.0809929072856903;0;0;0;1,3.81888591757806e-06,1.65623223264374e-06,163.373561,860d41e88038165be469420b2c9e4db1e164ded4d58952b7b507ee01a4b0a9db,2b571af236738a0664befacdc9c783246e991416a8915bcfebb9d2dc074e4570,2.25995286869719,0.875843833056819,1.12534231564852,0.331091377953288,13,13,1,1,28,UNCLEAR,0,51
P2F085,380.018973187,0.84,1400,549606,3291291595773378259,3291291595773378259,1308.20370994519,0.934431221389422,-0.628909647464752;0.777344882488251;0.0144016295671463;-29.9563808441162;-0.776533901691437;-0.628950774669647;0.0376309007406235;30.8746433258057;0.0383101105690002;0.0124830845743418;0.999188005924225;-0.112275630235672;0;0;0;1,3.81888591757806e-06,1.65623223264374e-06,164.184426,860d41e88038165be469420b2c9e4db1e164ded4d58952b7b507ee01a4b0a9db,2b571af236738a0664befacdc9c783246e991416a8915bcfebb9d2dc074e4570,2.25995286869719,0.875843833056819,1.12534231564852,0.331091377953288,13,13,1,1,28,UNCLEAR,0,51
P2F085,380.018973187,0.86,1400,549606,3291291595773378259,3291291595773378259,1290.88473903458,0.92206052788184,-0.627847015857697;0.778216361999512;0.0136841274797916;-30.6840705871582;-0.777389824390411;-0.627853333950043;0.0382811054587364;31.5757675170898;0.0383826121687889;0.0133967809379101;0.999173402786255;-0.144484788179398;0;0;0;1,3.81888591757806e-06,1.65623223264374e-06,154.905377,860d41e88038165be469420b2c9e4db1e164ded4d58952b7b507ee01a4b0a9db,2b571af236738a0664befacdc9c783246e991416a8915bcfebb9d2dc074e4570,2.25995286869719,0.875843833056819,1.12534231564852,0.331091377953288,13,13,1,1,28,UNCLEAR,0,51
P2F085,380.018973187,0.88,1400,549606,3291291595773378259,3291291595773378259,1343.7995217051,0.959856801217927,-0.626783192157745;0.779085695743561;0.0129657257348299;-31.4127216339111;-0.778244137763977;-0.626753985881805;0.0389302931725979;32.2758445739746;0.0384563617408276;0.0143103580921888;0.999157845973969;-0.177619844675064;0;0;0;1,3.81888591757806e-06,1.65623223264374e-06,166.501569,860d41e88038165be469420b2c9e4db1e164ded4d58952b7b507ee01a4b0a9db,2b571af236738a0664befacdc9c783246e991416a8915bcfebb9d2dc074e4570,2.25995286869719,0.875843833056819,1.12534231564852,0.331091377953288,13,13,1,1,28,UNCLEAR,0,51
P2F085,380.018973187,0.9,1400,549606,3291291595773378259,3291291595773378259,1291.84847301277,0.922748909294837,-0.625718295574188;0.779952943325043;0.0122464187443256;-32.1423301696777;-0.779096961021423;-0.62565290927887;0.0395784676074982;32.9748878479004;0.0385313592851162;0.0152238197624683;0.999141454696655;-0.211681395769119;0;0;0;1,3.81888591757806e-06,1.65623223264374e-06,161.323075,860d41e88038165be469420b2c9e4db1e164ded4d58952b7b507ee01a4b0a9db,2b571af236738a0664befacdc9c783246e991416a8915bcfebb9d2dc074e4570,2.25995286869719,0.875843833056819,1.12534231564852,0.331091377953288,13,13,1,1,28,UNCLEAR,0,51
P2F085,380.018973187,0.92,1400,549606,3291291595773378259,3291291595773378259,1291.38966450787,0.922421188934194,-0.624652147293091;0.780817985534668;0.0115262232720852;-32.8728942871094;-0.779948234558105;-0.624550104141235;0.040225625038147;33.6728820800781;0.0386075973510742;0.0161371640861034;0.99912416934967;-0.246669203042984;0;0;0;1,3.81888591757806e-06,1.65623223264374e-06,166.28911,860d41e88038165be469420b2c9e4db1e164ded4d58952b7b507ee01a4b0a9db,2b571af236738a0664befacdc9c783246e991416a8915bcfebb9d2dc074e4570,2.25995286869719,0.875843833056819,1.12534231564852,0.331091377953288,13,13,1,1,28,UNCLEAR,0,51
P2F085,380.018973187,0.94,1400,549606,3291291595773378259,3291291595773378259,1252.37338645941,0.894552418899581,-0.623584926128387;0.781680881977081;0.0108051300048828;-33.6044082641602;-0.780797958374023;-0.623445451259613;0.0408717580139637;34.3698272705078;0.0386850871145725;0.0170503836125135;0.999105989933014;-0.282583385705948;0;0;0;1,3.81888591757806e-06,1.65623223264374e-06,158.336498,860d41e88038165be469420b2c9e4db1e164ded4d58952b7b507ee01a4b0a9db,2b571af236738a0664befacdc9c783246e991416a8915bcfebb9d2dc074e4570,2.25995286869719,0.875843833056819,1.12534231564852,0.331091377953288,13,13,1,1,28,UNCLEAR,0,51
P2F085,380.018973187,0.96,1400,549606,3291291595773378259,3291291595773378259,1304.27393148115,0.931624236772248,-0.622516512870789;0.782541573047638;0.0100831501185894;-34.3368797302246;-0.781646072864532;-0.622339010238647;0.0415168702602386;35.0657272338867;0.0387638211250305;0.0179634839296341;0.999086976051331;-0.319423347711563;0;0;0;1,3.81888591757806e-06,1.65623223264374e-06,164.938788,860d41e88038165be469420b2c9e4db1e164ded4d58952b7b507ee01a4b0a9db,2b571af236738a0664befacdc9c783246e991416a8915bcfebb9d2dc074e4570,2.25995286869719,0.875843833056819,1.12534231564852,0.331091377953288,13,13,1,1,28,UNCLEAR,0,51
P2F085,380.018973187,0.98,1400,549606,3291291595773378259,3291291595773378259,1229.95588486539,0.878539917760992,-0.621447026729584;0.783400237560272;0.00936027243733406;-35.0702896118164;-0.782492697238922;-0.621230781078339;0.0421609580516815;35.7605743408203;0.0388437993824482;0.0188764519989491;0.999067008495331;-0.357189685106277;0;0;0;1,3.81888591757806e-06,1.65623223264374e-06,147.456115,860d41e88038165be469420b2c9e4db1e164ded4d58952b7b507ee01a4b0a9db,2b571af236738a0664befacdc9c783246e991416a8915bcfebb9d2dc074e4570,2.25995286869719,0.875843833056819,1.12534231564852,0.331091377953288,13,13,1,1,28,UNCLEAR,0,51
P2F085,380.018973187,1,1400,549606,3291291595773378259,3291291595773378259,1226.18136627955,0.875843833056819,-0.620376348495483;0.784256637096405;0.00863651558756828;-35.8046531677246;-0.783337771892548;-0.620120823383331;0.042804017663002;36.4543724060059;0.0389250218868256;0.0197892934083939;0.999046206474304;-0.395882278680801;0;0;0;1,3.81888591757806e-06,1.65623223264374e-06,145.769155,860d41e88038165be469420b2c9e4db1e164ded4d58952b7b507ee01a4b0a9db,2b571af236738a0664befacdc9c783246e991416a8915bcfebb9d2dc074e4570,2.25995286869719,0.875843833056819,1.12534231564852,0.331091377953288,13,13,1,1,28,UNCLEAR,0,51
P2F086,390.003544405,0,1400,549606,8874563109212003645,8874563109212003645,3218.22064243166,2.29872903030833,0.992072641849518;0.122169621288776;0.0294334404170513;0.000772917468566447;-0.121968910098076;0.992497265338898;-0.00852761976420879;0.250129908323288;-0.0302544273436069;0.00487005338072777;0.99953031539917;0.400226831436157;0;0;0;1,4.76837158203125e-07,6.17073275803184e-07,340.892821,860d41e88038165be469420b2c9e4db1e164ded4d58952b7b507ee01a4b0a9db,2b571af236738a0664befacdc9c783246e991416a8915bcfebb9d2dc074e4570,2.29872903030833,1.00949712609054,1.14278043707732,0.447925299161525,9,10,2,0,21,TWO_ENDPOINT_PEAKS_WITH_INTERIOR_VALLEY,1,51
P2F086,390.003544405,0.02,1400,549606,8874563109212003645,8874563109212003645,1514.11465456405,1.08151046754575,0.992033541202545;0.122488424181938;0.0294260177761316;-0.067451111972332;-0.122286751866341;0.992457866668701;-0.00856497325003147;0.915550112724304;-0.0302531942725182;0.00489832786843181;0.99953019618988;0.372015565633774;0;0;0;1,4.76837158203125e-07,6.17073275803184e-07,205.143666,860d41e88038165be469420b2c9e4db1e164ded4d58952b7b507ee01a4b0a9db,2b571af236738a0664befacdc9c783246e991416a8915bcfebb9d2dc074e4570,2.29872903030833,1.00949712609054,1.14278043707732,0.447925299161525,9,10,2,0,21,TWO_ENDPOINT_PEAKS_WITH_INTERIOR_VALLEY,1,51
P2F086,390.003544405,0.04,1400,549606,8874563109212003645,8874563109212003645,1120.10337102758,0.800073836448272,0.991994380950928;0.122807212173939;0.0294185858219862;-0.13546122610569;-0.122604586184025;0.99241828918457;-0.00860232394188643;1.58099329471588;-0.0302519723773003;0.00492660328745842;0.999530136585236;0.343822538852692;0;0;0;1,4.76837158203125e-07,6.17073275803184e-07,137.01874,860d41e88038165be469420b2c9e4db1e164ded4d58952b7b507ee01a4b0a9db,2b571af236738a0664befacdc9c783246e991416a8915bcfebb9d2dc074e4570,2.29872903030833,1.00949712609054,1.14278043707732,0.447925299161525,9,10,2,0,21,TWO_ENDPOINT_PEAKS_WITH_INTERIOR_VALLEY,1,51
P2F086,390.003544405,0.06,1400,549606,8874563109212003645,8874563109212003645,1508.94650513755,1.07781893224111,0.991955041885376;0.123125985264778;0.0294111389666796;-0.203257456421852;-0.122922405600548;0.992378652095795;-0.00863967277109623;2.2464587688446;-0.0302507560700178;0.00495487870648503;0.999530017375946;0.315647780895233;0;0;0;1,4.76837158203125e-07,6.17073275803184e-07,187.808779,860d41e88038165be469420b2c9e4db1e164ded4d58952b7b507ee01a4b0a9db,2b571af236738a0664befacdc9c783246e991416a8915bcfebb9d2dc074e4570,2.29872903030833,1.00949712609054,1.14278043707732,0.447925299161525,9,10,2,0,21,TWO_ENDPOINT_PEAKS_WITH_INTERIOR_VALLEY,1,51
P2F086,390.003544405,0.08,1400,549606,8874563109212003645,8874563109212003645,1356.81253508954,0.969151810778242,0.991915643215179;0.123444743454456;0.0294036809355021;-0.270839780569077;-0.12324021011591;0.992338895797729;-0.00867701880633831;2.91194677352905;-0.0302495509386063;0.00498315459117293;0.999529898166656;0.287491291761398;0;0;0;1,4.76837158203125e-07,6.17073275803184e-07,164.062272,860d41e88038165be469420b2c9e4db1e164ded4d58952b7b507ee01a4b0a9db,2b571af236738a0664befacdc9c783246e991416a8915bcfebb9d2dc074e4570,2.29872903030833,1.00949712609054,1.14278043707732,0.447925299161525,9,10,2,0,21,TWO_ENDPOINT_PEAKS_WITH_INTERIOR_VALLEY,1,51
P2F086,390.003544405,0.1,1400,549606,8874563109212003645,8874563109212003645,661.106565126959,0.472218975090685,0.991876125335693;0.123763494193554;0.0293962117284536;-0.338208198547363;-0.12355799973011;0.99229907989502;-0.00871436297893524;3.57745766639709;-0.0302483551204205;0.00501143094152212;0.999529838562012;0.259353071451187;0;0;0;1,4.76837158203125e-07,6.17073275803184e-07,81.926652,860d41e88038165be469420b2c9e4db1e164ded4d58952b7b507ee01a4b0a9db,2b571af236738a0664befacdc9c783246e991416a8915bcfebb9d2dc074e4570,2.29872903030833,1.00949712609054,1.14278043707732,0.447925299161525,9,10,2,0,21,TWO_ENDPOINT_PEAKS_WITH_INTERIOR_VALLEY,1,51
P2F086,390.003544405,0.12,1400,549606,8874563109212003645,8874563109212003645,627.095418826134,0.447925299161525,0.991836547851562;0.124082237482071;0.0293887313455343;-0.405362635850906;-0.12387578189373;0.992259085178375;-0.00875170435756445;4.24299049377441;-0.0302471686154604;0.0050397077575326;0.999529719352722;0.231233090162277;0;0;0;1,4.76837158203125e-07,6.17073275803184e-07,86.931729,860d41e88038165be469420b2c9e4db1e164ded4d58952b7b507ee01a4b0a9db,2b571af236738a0664befacdc9c783246e991416a8915bcfebb9d2dc074e4570,2.29872903030833,1.00949712609054,1.14278043707732,0.447925299161525,9,10,2,0,21,TWO_ENDPOINT_PEAKS_WITH_INTERIOR_VALLEY,1,51
P2F086,390.003544405,0.14,1400,549606,8874563109212003645,8874563109212003645,814.704424092774,0.581931731494839,0.991796851158142;0.124400958418846;0.0293812360614538;-0.472303301095963;-0.124193549156189;0.992219030857086;-0.00878904201090336;4.90854549407959;-0.0302459895610809;0.00506798457354307;0.999529540538788;0.203131347894669;0;0;0;1,4.76837158203125e-07,6.17073275803184e-07,115.568633,860d41e88038165be469420b2c9e4db1e164ded4d58952b7b507ee01a4b0a9db,2b571af236738a0664befacdc9c783246e991416a8915bcfebb9d2dc074e4570,2.29872903030833,1.00949712609054,1.14278043707732,0.447925299161525,9,10,2,0,21,TWO_ENDPOINT_PEAKS_WITH_INTERIOR_VALLEY,1,51
P2F086,390.003544405,0.16,1400,549606,8874563109212003645,8874563109212003645,1547.13722877875,1.10509802055625,0.991757035255432;0.12471966445446;0.0293737296015024;-0.539029955863953;-0.124511301517487;0.992178916931152;-0.00882637873291969;5.5741229057312;-0.0302448216825724;0.00509626185521483;0.999529480934143;0.175047934055328;0;0;0;1,4.76837158203125e-07,6.17073275803184e-07,171.325754,860d41e88038165be469420b2c9e4db1e164ded4d58952b7b507ee01a4b0a9db,2b571af236738a0664befacdc9c783246e991416a8915bcfebb9d2dc074e4570,2.29872903030833,1.00949712609054,1.14278043707732,0.447925299161525,9,10,2,0,21,TWO_ENDPOINT_PEAKS_WITH_INTERIOR_VALLEY,1,51
P2F086,390.003544405,0.18,1400,549606,8874563109212003645,8874563109212003645,899.807108271764,0.64271936305126,0.991717159748077;0.125038370490074;0.0293662119656801;-0.605542480945587;-0.124829046428204;0.992138624191284;-0.0088637126609683;6.23972272872925;-0.0302436593919992;0.00512454006820917;0.999529361724854;0.146982729434967;0;0;0;1,4.76837158203125e-07,6.17073275803184e-07,116.771519,860d41e88038165be469420b2c9e4db1e164ded4d58952b7b507ee01a4b0a9db,2b571af236738a0664befacdc9c783246e991416a8915bcfebb9d2dc074e4570,2.29872903030833,1.00949712609054,1.14278043707732,0.447925299161525,9,10,2,0,21,TWO_ENDPOINT_PEAKS_WITH_INTERIOR_VALLEY,1,51
P2F086,390.003544405,0.2,1400,549606,8874563109212003645,8874563109212003645,861.379839183277,0.61527131370234,0.991677165031433;0.125357046723366;0.0293586831539869;-0.671841204166412;-0.125146776437759;0.992098331451416;-0.00890104472637177;6.90534448623657;-0.0302425120025873;0.00515281828120351;0.999529242515564;0.118935823440552;0;0;0;1,4.76837158203125e-07,6.17073275803184e-07,105.587534,860d41e88038165be469420b2c9e4db1e164ded4d58952b7b507ee01a4b0a9db,2b571af236738a0664befacdc9c783246e991416a8915bcfebb9d2dc074e4570,2.29872903030833,1.00949712609054,1.14278043707732,0.447925299161525,9,10,2,0,21,TWO_ENDPOINT_PEAKS_WITH_INTERIOR_VALLEY,1,51
P2F086,390.003544405,0.22,1400,549606,8874563109212003645,8874563109212003645,1500.24468107202,1.07160334362287,0.991637051105499;0.125675708055496;0.0293511413037777;-0.737925946712494;-0.125464498996735;0.992057800292969;-0.0089383739978075;7.57098817825317;-0.0302413683384657;0.00518109649419785;0.999529182910919;0.0909071862697601;0;0;0;1,4.76837158203125e-07,6.17073275803184e-07,176.683253,860d41e88038165be469420b2c9e4db1e164ded4d58952b7b507ee01a4b0a9db,2b571af236738a0664befacdc9c783246e991416a8915bcfebb9d2dc074e4570,2.29872903030833,1.00949712609054,1.14278043707732,0.447925299161525,9,10,2,0,21,TWO_ENDPOINT_PEAKS_WITH_INTERIOR_VALLEY,1,51
P2F086,390.003544405,0.24,1400,549606,8874563109212003645,8874563109212003645,1412.70042681413,1.00907173343867,0.991596817970276;0.125994369387627;0.0293435864150524;-0.803796827793121;-0.125782206654549;0.992017269134521;-0.00897570140659809;8.23665428161621;-0.0302402339875698;0.00520937517285347;0.999529004096985;0.0628967881202698;0;0;0;1,4.76837158203125e-07,6.17073275803184e-07,174.208756,860d41e88038165be469420b2c9e4db1e164ded4d58952b7b507ee01a4b0a9db,2b571af236738a0664befacdc9c783246e991416a8915bcfebb9d2dc074e4570,2.29872903030833,1.00949712609054,1.14278043707732,0.447925299161525,9,10,2,0,21,TWO_ENDPOINT_PEAKS_WITH_INTERIOR_VALLEY,1,51
P2F086,390.003544405,0.26,1400,549606,8874563109212003645,8874563109212003645,959.635169299309,0.685453692356649,0.991556465625763;0.126313030719757;0.0293360222131014;-0.869453549385071;-0.12609988451004;0.99197655916214;-0.00901302602142096;8.90234279632568;-0.03023911267519;0.00523765478283167;0.99952894449234;0.0349047183990479;0;0;0;1,4.76837158203125e-07,6.17073275803184e-07,112.804292,860d41e88038165be469420b2c9e4db1e164ded4d58952b7b507ee01a4b0a9db,2b571af236738a0664befacdc9c783246e991416a8915bcfebb9d2dc074e4570,2.29872903030833,1.00949712609054,1.14278043707732,0.447925299161525,9,10,2,0,21,TWO_ENDPOINT_PEAKS_WITH_INTERIOR_VALLEY,1,51
P2F086,390.003544405,0.28,1400,549606,8874563109212003645,8874563109212003645,881.634841645258,0.629739172603756,0.991516053676605;0.126631662249565;0.0293284449726343;-0.934896409511566;-0.126417562365532;0.991935789585114;-0.0090503478422761;9.56805229187012;-0.0302379950881004;0.00526593392714858;0.999528825283051;0.0069308876991272;0;0;0;1,4.76837158203125e-07,6.17073275803184e-07,104.612472,860d41e88038165be469420b2c9e4db1e164ded4d58952b7b507ee01a4b0a9db,2b571af236738a0664befacdc9c783246e991416a8915bcfebb9d2dc074e4570,2.29872903030833,1.00949712609054,1.14278043707732,0.447925299161525,9,10,2,0,21,TWO_ENDPOINT_PEAKS_WITH_INTERIOR_VALLEY,1,51
P2F086,390.003544405,0.3,1400,549606,8874563109212003645,8874563109212003645,839.673154976698,0.59976653926907,0.991475582122803;0.126950293779373;0.0293208528310061;-1.00012516975403;-0.126735225319862;0.991894900798798;-0.00908766686916351;10.2337827682495;-0.0302368905395269;0.00529421446844935;0.999528646469116;-0.0210246741771698;0;0;0;1,4.76837158203125e-07,6.17073275803184e-07,94.910741,860d41e88038165be469420b2c9e4db1e164ded4d58952b7b507ee01a4b0a9db,2b571af236738a0664befacdc9c783246e991416a8915bcfebb9d2dc074e4570,2.29872903030833,1.00949712609054,1.14278043707732,0.447925299161525,9,10,2,0,21,TWO_ENDPOINT_PEAKS_WITH_INTERIOR_VALLEY,1,51
P2F086,390.003544405,0.32,1400,549606,8874563109212003645,8874563109212003645,958.865264960176,0.68490376068584,0.991434931755066;0.127268895506859;0.0293132532387972;-1.0651398897171;-0.127052888274193;0.991854012012482;-0.00912498403340578;10.8995351791382;-0.030235793441534;0.00532249500975013;0.999528586864471;-0.048961877822876;0;0;0;1,4.76837158203125e-07,6.17073275803184e-07,109.37429,860d41e88038165be469420b2c9e4db1e164ded4d58952b7b507ee01a4b0a9db,2b571af236738a0664befacdc9c783246e991416a8915bcfebb9d2dc074e4570,2.29872903030833,1.00949712609054,1.14278043707732,0.447925299161525,9,10,2,0,21,TWO_ENDPOINT_PEAKS_WITH_INTERIOR_VALLEY,1,51
P2F086,390.003544405,0.34,1400,549606,8874563109212003645,8874563109212003645,1084.1948886834,0.774424920488141,0.991394221782684;0.127587482333183;0.029305636882782;-1.1299409866333;-0.12737050652504;0.991812884807587;-0.00916229840368032;11.5653114318848;-0.0302347056567669;0.0053507755510509;0.999528408050537;-0.076880931854248;0;0;0;1,4.76837158203125e-07,6.17073275803184e-07,130.843115,860d41e88038165be469420b2c9e4db1e164ded4d58952b7b507ee01a4b0a9db,2b571af236738a0664befacdc9c783246e991416a8915bcfebb9d2dc074e4570,2.29872903030833,1.00949712609054,1.14278043707732,0.447925299161525,9,10,2,0,21,TWO_ENDPOINT_PEAKS_WITH_INTERIOR_VALLEY,1,51
P2F086,390.003544405,0.36,1400,549606,8874563109212003645,8874563109212003645,1057.86727394273,0.755619481387661,0.991353392601013;0.127906054258347;0.0292980130761862;-1.19452798366547;-0.127688154578209;0.991771638393402;-0.00919961091130972;12.2311067581177;-0.0302336290478706;0.00537905655801296;0.999528348445892;-0.104781627655029;0;0;0;1,4.76837158203125e-07,6.17073275803184e-07,117.599494,860d41e88038165be469420b2c9e4db1e164ded4d58952b7b507ee01a4b0a9db,2b571af236738a0664befacdc9c783246e991416a8915bcfebb9d2dc074e4570,2.29872903030833,1.00949712609054,1.14278043707732,0.447925299161525,9,10,2,0,21,TWO_ENDPOINT_PEAKS_WITH_INTERIOR_VALLEY,1,51
P2F086,390.003544405,0.38,1400,549606,8874563109212003645,8874563109212003645,1060.37680644564,0.757412004604031,0.991312384605408;0.12822462618351;0.0292903762310743;-1.25890052318573;-0.128005757927895;0.991730391979218;-0.00923692155629396;12.8969249725342;-0.0302325580269098;0.00540733803063631;0.999528229236603;-0.132664084434509;0;0;0;1,4.76837158203125e-07,6.17073275803184e-07,122.83861,860d41e88038165be469420b2c9e4db1e164ded4d58952b7b507ee01a4b0a9db,2b571af236738a0664befacdc9c783246e991416a8915bcfebb9d2dc074e4570,2.29872903030833,1.00949712609054,1.14278043707732,0.447925299161525,9,10,2,0,21,TWO_ENDPOINT_PEAKS_WITH_INTERIOR_VALLEY,1,51
P2F086,390.003544405,0.4,1400,549606,8874563109212003645,8874563109212003645,1107.6107731498,0.791150552249856,0.991271436214447;0.128543183207512;0.0292827244848013;-1.32305920124054;-0.12832336127758;0.991688966751099;-0.00927422754466534;13.5627641677856;-0.0302314981818199;0.00543561903759837;0.999528110027313;-0.160528242588043;0;0;0;1,4.76837158203125e-07,6.17073275803184e-07,127.62571,860d41e88038165be469420b2c9e4db1e164ded4d58952b7b507ee01a4b0a9db,2b571af236738a0664befacdc9c783246e991416a8915bcfebb9d2dc074e4570,2.29872903030833,1.00949712609054,1.14278043707732,0.447925299161525,9,10,2,0,21,TWO_ENDPOINT_PEAKS_WITH_INTERIOR_VALLEY,1,51
P2F086,390.003544405,0.42,1400,549606,8874563109212003645,8874563109212003645,1072.68845191026,0.766206037078756,0.991230309009552;0.128861710429192;0.0292750652879477;-1.38700425624847;-0.128640949726105;0.991647481918335;-0.00931153260171413;14.2286252975464;-0.0302304476499557;0.00546390144154429;0.999527990818024;-0.188374042510986;0;0;0;1,4.76837158203125e-07,6.17073275803184e-07,121.366763,860d41e88038165be469420b2c9e4db1e164ded4d58952b7b507ee01a4b0a9db,2b571af236738a0664befacdc9c783246e991416a8915bcfebb9d2dc074e4570,2.29872903030833,1.00949712609054,1.14278043707732,0.447925299161525,9,10,2,0,21,TWO_ENDPOINT_PEAKS_WITH_INTERIOR_VALLEY,1,51
P2F086,390.003544405,0.44,1400,549606,8874563109212003645,8874563109212003645,1108.72148538056,0.791943918128973,0.991189062595367;0.129180237650871;0.0292673893272877;-1.45073485374451;-0.128958523273468;0.991605877876282;-0.00934883579611778;14.8945064544678;-0.0302294045686722;0.00549218384549022;0.999527812004089;-0.216201663017273;0;0;0;1,4.76837158203125e-07,6.17073275803184e-07,128.085758,860d41e88038165be469420b2c9e4db1e164ded4d58952b7b507ee01a4b0a9db,2b571af236738a0664befacdc9c783246e991416a8915bcfebb9d2dc074e4570,2.29872903030833,1.00949712609054,1.14278043707732,0.447925299161525,9,10,2,0,21,TWO_ENDPOINT_PEAKS_WITH_INTERIOR_VALLEY,1,51
P2F086,390.003544405,0.46,1400,549606,8874563109212003645,8874563109212003645,1116.24031979703,0.797314514140733,0.991147756576538;0.12949874997139;0.0292597059160471;-1.51425158977509;-0.12927608191967;0.991564214229584;-0.00938613526523113;15.5604095458984;-0.0302283708006144;0.00552046671509743;0.999527752399445;-0.244010925292969;0;0;0;1,4.76837158203125e-07,6.17073275803184e-07,129.960034,860d41e88038165be469420b2c9e4db1e164ded4d58952b7b507ee01a4b0a9db,2b571af236738a0664befacdc9c783246e991416a8915bcfebb9d2dc074e4570,2.29872903030833,1.00949712609054,1.14278043707732,0.447925299161525,9,10,2,0,21,TWO_ENDPOINT_PEAKS_WITH_INTERIOR_VALLEY,1,51
P2F086,390.003544405,0.48,1400,549606,8874563109212003645,8874563109212003645,1142.02478838013,0.815731991700095,0.99110621213913;0.129817247390747;0.0292520076036453;-1.57755434513092;-0.12959361076355;0.991522431373596;-0.00942343194037676;16.2263336181641;-0.0302273463457823;0.00554874911904335;0.99952757358551;-0.271801829338074;0;0;0;1,4.76837158203125e-07,6.17073275803184e-07,132.107741,860d41e88038165be469420b2c9e4db1e164ded4d58952b7b507ee01a4b0a9db,2b571af236738a0664befacdc9c783246e991416a8915bcfebb9d2dc074e4570,2.29872903030833,1.00949712609054,1.14278043707732,0.447925299161525,9,10,2,0,21,TWO_ENDPOINT_PEAKS_WITH_INTERIOR_VALLEY,1,51
P2F086,390.003544405,0.5,1400,549606,8874563109212003645,8874563109212003645,1186.59691230368,0.847569223074054,0.991064727306366;0.130135729908943;0.0292442962527275;-1.64064288139343;-0.129911154508591;0.991480469703674;-0.00946072768419981;16.8922786712646;-0.0302263312041759;0.00557703245431185;0.999527454376221;-0.299574613571167;0;0;0;1,4.76837158203125e-07,6.17073275803184e-07,137.441702,860d41e88038165be469420b2c9e4db1e164ded4d58952b7b507ee01a4b0a9db,2b571af236738a0664befacdc9c783246e991416a8915bcfebb9d2dc074e4570,2.29872903030833,1.00949712609054,1.14278043707732,0.447925299161525,9,10,2,0,21,TWO_ENDPOINT_PEAKS_WITH_INTERIOR_VALLEY,1,51
P2F086,390.003544405,0.52,1400,549606,8874563109212003645,8874563109212003645,1186.7311235401,0.847665088242929,0.991023123264313;0.130454197525978;0.0292365755885839;-1.70351707935333;-0.130228668451309;0.991438448429108;-0.00949802063405514;17.5582466125488;-0.0302253253757954;0.00560531578958035;0.999527335166931;-0.327328979969025;0;0;0;1,4.76837158203125e-07,6.17073275803184e-07,140.195566,860d41e88038165be469420b2c9e4db1e164ded4d58952b7b507ee01a4b0a9db,2b571af236738a0664befacdc9c783246e991416a8915bcfebb9d2dc074e4570,2.29872903030833,1.00949712609054,1.14278043707732,0.447925299161525,9,10,2,0,21,TWO_ENDPOINT_PEAKS_WITH_INTERIOR_VALLEY,1,51
P2F086,390.003544405,0.54,1400,549606,8874563109212003645,8874563109212003645,1196.09929176489,0.854356636974918,0.990981340408325;0.130772650241852;0.0292288437485695;-1.76617789268494;-0.130546182394028;0.991396367549896;-0.00953530985862017;18.2242317199707;-0.0302243288606405;0.0056336005218327;0.999527215957642;-0.355065047740936;0;0;0;1,4.76837158203125e-07,6.17073275803184e-07,137.002397,860d41e88038165be469420b2c9e4db1e164ded4d58952b7b507ee01a4b0a9db,2b571af236738a0664befacdc9c783246e991416a8915bcfebb9d2dc074e4570,2.29872903030833,1.00949712609054,1.14278043707732,0.447925299161525,9,10,2,0,21,TWO_ENDPOINT_PEAKS_WITH_INTERIOR_VALLEY,1,51
P2F086,390.003544405,0.56,1400,549606,8874563109212003645,8874563109212003645,1245.08927044666,0.88934947889047,0.990939497947693;0.131091102957726;0.0292210970073938;-1.82862460613251;-0.130863681435585;0.99135410785675;-0.00957259722054005;18.8902416229248;-0.0302233397960663;0.00566188432276249;0.999527037143707;-0.382782936096191;0;0;0;1,4.76837158203125e-07,6.17073275803184e-07,147.216,860d41e88038165be469420b2c9e4db1e164ded4d58952b7b507ee01a4b0a9db,2b571af236738a0664befacdc9c783246e991416a8915bcfebb9d2dc074e4570,2.29872903030833,1.00949712609054,1.14278043707732,0.447925299161525,9,10,2,0,21,TWO_ENDPOINT_PEAKS_WITH_INTERIOR_VALLEY,1,51
P2F086,390.003544405,0.58,1400,549606,8874563109212003645,8874563109212003645,1305.82675398646,0.932733395704615,0.990897655487061;0.131409525871277;0.0292133409529924;-1.8908566236496;-0.131181165575981;0.99131178855896;-0.00960988271981478;19.5562686920166;-0.0302223619073629;0.00569016858935356;0.999526977539062;-0.410482406616211;0;0;0;1,4.76837158203125e-07,6.17073275803184e-07,150.233796,860d41e88038165be469420b2c9e4db1e164ded4d58952b7b507ee01a4b0a9db,2b571af236738a0664befacdc9c783246e991416a8915bcfebb9d2dc074e4570,2.29872903030833,1.00949712609054,1.14278043707732,0.447925299161525,9,10,2,0,21,TWO_ENDPOINT_PEAKS_WITH_INTERIOR_VALLEY,1,51
P2F086,390.003544405,0.6,1400,549606,8874563109212003645,8874563109212003645,1327.89734118352,0.948498100845372,0.990855515003204;0.131727948784828;0.029205571860075;-1.95287489891052;-0.131498634815216;0.991269409656525;-0.00964716449379921;20.222318649292;-0.0302213933318853;0.00571845378726721;0.999526798725128;-0.438163697719574;0;0;0;1,4.76837158203125e-07,6.17073275803184e-07,155.18649,860d41e88038165be469420b2c9e4db1e164ded4d58952b7b507ee01a4b0a9db,2b571af236738a0664befacdc9c783246e991416a8915bcfebb9d2dc074e4570,2.29872903030833,1.00949712609054,1.14278043707732,0.447925299161525,9,10,2,0,21,TWO_ENDPOINT_PEAKS_WITH_INTERIOR_VALLEY,1,51
P2F086,390.003544405,0.62,1400,549606,8874563109212003645,8874563109212003645,1341.50664956996,0.958219035407112,0.990813374519348;0.132046341896057;0.0291977897286415;-2.01467871665955;-0.131816074252129;0.991226851940155;-0.00968444440513849;20.8883895874023;-0.0302204303443432;0.00574673898518085;0.999526679515839;-0.465826511383057;0;0;0;1,4.76837158203125e-07,6.17073275803184e-07,156.833361,860d41e88038165be469420b2c9e4db1e164ded4d58952b7b507ee01a4b0a9db,2b571af236738a0664befacdc9c783246e991416a8915bcfebb9d2dc074e4570,2.29872903030833,1.00949712609054,1.14278043707732,0.447925299161525,9,10,2,0,21,TWO_ENDPOINT_PEAKS_WITH_INTERIOR_VALLEY,1,51
P2F086,390.003544405,0.64,1400,549606,8874563109212003645,8874563109212003645,1463.76382630014,1.04554559021439,0.990771114826202;0.132364749908447;0.0291899982839823;-2.07626843452454;-0.132133513689041;0.991184234619141;-0.00972172245383263;21.5544776916504;-0.0302194785326719;0.00577502464875579;0.999526560306549;-0.493471205234528;0;0;0;1,4.76837158203125e-07,6.17073275803184e-07,168.194954,860d41e88038165be469420b2c9e4db1e164ded4d58952b7b507ee01a4b0a9db,2b571af236738a0664befacdc9c783246e991416a8915bcfebb9d2dc074e4570,2.29872903030833,1.00949712609054,1.14278043707732,0.447925299161525,9,10,2,0,21,TWO_ENDPOINT_PEAKS_WITH_INTERIOR_VALLEY,1,51
P2F086,390.003544405,0.66,1400,549606,8874563109212003645,8874563109212003645,1381.76121983307,0.986972299880766,0.990728676319122;0.132683128118515;0.0291821919381618;-2.13764452934265;-0.132450938224792;0.991141498088837;-0.00975899770855904;22.2205924987793;-0.0302185360342264;0.00580330984666944;0.99952644109726;-0.521097481250763;0;0;0;1,4.76837158203125e-07,6.17073275803184e-07,161.749249,860d41e88038165be469420b2c9e4db1e164ded4d58952b7b507ee01a4b0a9db,2b571af236738a0664befacdc9c783246e991416a8915bcfebb9d2dc074e4570,2.29872903030833,1.00949712609054,1.14278043707732,0.447925299161525,9,10,2,0,21,TWO_ENDPOINT_PEAKS_WITH_INTERIOR_VALLEY,1,51
P2F086,390.003544405,0.68,1400,549606,8874563109212003645,8874563109212003645,1400.54844659487,1.00039174756776,0.990686357021332;0.133001491427422;0.0291743744164705;-2.19880676269531;-0.132768347859383;0.991098701953888;-0.00979626923799515;22.8867225646973;-0.0302176047116518;0.00583159644156694;0.999526262283325;-0.548705399036407;0;0;0;1,4.76837158203125e-07,6.17073275803184e-07,162.392842,860d41e88038165be469420b2c9e4db1e164ded4d58952b7b507ee01a4b0a9db,2b571af236738a0664befacdc9c783246e991416a8915bcfebb9d2dc074e4570,2.29872903030833,1.00949712609054,1.14278043707732,0.447925299161525,9,10,2,0,21,TWO_ENDPOINT_PEAKS_WITH_INTERIOR_VALLEY,1,51
P2F086,390.003544405,0.7,1400,549606,8874563109212003645,8874563109212003645,1443.32732349778,1.0309480882127,0.990643739700317;0.133319824934006;0.0291665438562632;-2.25975441932678;-0.133085757493973;0.991055727005005;-0.00983353983610868;23.5528755187988;-0.0302166789770126;0.00585988257080317;0.999526143074036;-0.576295137405396;0;0;0;1,4.76837158203125e-07,6.17073275803184e-07,167.661851,860d41e88038165be469420b2c9e4db1e164ded4d58952b7b507ee01a4b0a9db,2b571af236738a0664befacdc9c783246e991416a8915bcfebb9d2dc074e4570,2.29872903030833,1.00949712609054,1.14278043707732,0.447925299161525,9,10,2,0,21,TWO_ENDPOINT_PEAKS_WITH_INTERIOR_VALLEY,1,51
P2F086,390.003544405,0.72,1400,549606,8874563109212003645,8874563109212003645,1599.89261190825,1.14278043707732,0.990601062774658;0.13363815844059;0.0291587021201849;-2.32048797607422;-0.133403137326241;0.991012573242188;-0.00987080670893192;24.2190456390381;-0.0302157644182444;0.00588816916570067;0.999525964260101;-0.603866577148438;0;0;0;1,4.76837158203125e-07,6.17073275803184e-07,201.284415,860d41e88038165be469420b2c9e4db1e164ded4d58952b7b507ee01a4b0a9db,2b571af236738a0664befacdc9c783246e991416a8915bcfebb9d2dc074e4570,2.29872903030833,1.00949712609054,1.14278043707732,0.447925299161525,9,10,2,0,21,TWO_ENDPOINT_PEAKS_WITH_INTERIOR_VALLEY,1,51
P2F086,390.003544405,0.74,1400,549606,8874563109212003645,8874563109212003645,1463.29191475159,1.04520851053685,0.990558266639709;0.133956477046013;0.0291508492082357;-2.38100743293762;-0.133720502257347;0.99096953868866;-0.00990807171911001;24.8852405548096;-0.0302148573100567;0.00591645669192076;0.999525845050812;-0.631419658660889;0;0;0;1,4.76837158203125e-07,6.17073275803184e-07,175.435179,860d41e88038165be469420b2c9e4db1e164ded4d58952b7b507ee01a4b0a9db,2b571af236738a0664befacdc9c783246e991416a8915bcfebb9d2dc074e4570,2.29872903030833,1.00949712609054,1.14278043707732,0.447925299161525,9,10,2,0,21,TWO_ENDPOINT_PEAKS_WITH_INTERIOR_VALLEY,1,51
P2F086,390.003544405,0.76,1400,549606,8874563109212003645,8874563109212003645,1378.19319424547,0.984423710175337,0.990515470504761;0.134274780750275;0.0291429832577705;-2.44131207466125;-0.134037867188454;0.990926206111908;-0.00994533393532038;25.5514526367188;-0.0302139613777399;0.00594474375247955;0.999525725841522;-0.658954381942749;0;0;0;1,4.76837158203125e-07,6.17073275803184e-07,159.626826,860d41e88038165be469420b2c9e4db1e164ded4d58952b7b507ee01a4b0a9db,2b571af236738a0664befacdc9c783246e991416a8915bcfebb9d2dc074e4570,2.29872903030833,1.00949712609054,1.14278043707732,0.447925299161525,9,10,2,0,21,TWO_ENDPOINT_PEAKS_WITH_INTERIOR_VALLEY,1,51
P2F086,390.003544405,0.78,1400,549606,8874563109212003645,8874563109212003645,1337.40260059488,0.955287571853488,0.990472435951233;0.134593069553375;0.0291351061314344;-2.50140357017517;-0.134355217218399;0.990882933139801;-0.00998259428888559;26.2176876068115;-0.0302130728960037;0.00597303081303835;0.999525547027588;-0.686470866203308;0;0;0;1,4.76837158203125e-07,6.17073275803184e-07,154.644169,860d41e88038165be469420b2c9e4db1e164ded4d58952b7b507ee01a4b0a9db,2b571af236738a0664befacdc9c783246e991416a8915bcfebb9d2dc074e4570,2.29872903030833,1.00949712609054,1.14278043707732,0.447925299161525,9,10,2,0,21,TWO_ENDPOINT_PEAKS_WITH_INTERIOR_VALLEY,1,51
P2F086,390.003544405,0.8,1400,549606,8874563109212003645,8874563109212003645,1408.36083795244,1.00597202710889,0.990429401397705;0.134911343455315;0.0291272196918726;-2.56128072738647;-0.134672537446022;0.99083948135376;-0.0100198518484831;26.883939743042;-0.0302121937274933;0.00600131880491972;0.999525487422943;-0.713968992233276;0;0;0;1,4.76837158203125e-07,6.17073275803184e-07,164.638257,860d41e88038165be469420b2c9e4db1e164ded4d58952b7b507ee01a4b0a9db,2b571af236738a0664befacdc9c783246e991416a8915bcfebb9d2dc074e4570,2.29872903030833,1.00949712609054,1.14278043707732,0.447925299161525,9,10,2,0,21,TWO_ENDPOINT_PEAKS_WITH_INTERIOR_VALLEY,1,51
P2F086,390.003544405,0.82,1400,549606,8874563109212003645,8874563109212003645,1419.04624970856,1.01360446407754,0.990386247634888;0.135229602456093;0.0291193183511496;-2.62094354629517;-0.134989857673645;0.990795910358429;-0.0100571066141129;27.5502128601074;-0.0302113220095634;0.00602960679680109;0.999525308609009;-0.741448879241943;0;0;0;1,4.76837158203125e-07,6.17073275803184e-07,174.698906,860d41e88038165be469420b2c9e4db1e164ded4d58952b7b507ee01a4b0a9db,2b571af236738a0664befacdc9c783246e991416a8915bcfebb9d2dc074e4570,2.29872903030833,1.00949712609054,1.14278043707732,0.447925299161525,9,10,2,0,21,TWO_ENDPOINT_PEAKS_WITH_INTERIOR_VALLEY,1,51
P2F086,390.003544405,0.84,1400,549606,8874563109212003645,8874563109212003645,1349.36621869862,0.963833013356155,0.990342915058136;0.135547861456871;0.0291114039719105;-2.68039202690125;-0.135307148098946;0.990752279758453;-0.0100943585857749;28.2165050506592;-0.0302104577422142;0.00605789525434375;0.999525189399719;-0.76891028881073;0;0;0;1,4.76837158203125e-07,6.17073275803184e-07,170.966628,860d41e88038165be469420b2c9e4db1e164ded4d58952b7b507ee01a4b0a9db,2b571af236738a0664befacdc9c783246e991416a8915bcfebb9d2dc074e4570,2.29872903030833,1.00949712609054,1.14278043707732,0.447925299161525,9,10,2,0,21,TWO_ENDPOINT_PEAKS_WITH_INTERIOR_VALLEY,1,51
P2F086,390.003544405,0.86,1400,549606,8874563109212003645,8874563109212003645,1327.00735991229,0.947862399937353,0.990299582481384;0.135866090655327;0.0291034802794456;-2.73962640762329;-0.135624438524246;0.990708470344543;-0.0101316077634692;28.8828201293945;-0.0302096083760262;0.00608618417754769;0.999525010585785;-0.796353340148926;0;0;0;1,4.76837158203125e-07,6.17073275803184e-07,166.742173,860d41e88038165be469420b2c9e4db1e164ded4d58952b7b507ee01a4b0a9db,2b571af236738a0664befacdc9c783246e991416a8915bcfebb9d2dc074e4570,2.29872903030833,1.00949712609054,1.14278043707732,0.447925299161525,9,10,2,0,21,TWO_ENDPOINT_PEAKS_WITH_INTERIOR_VALLEY,1,51
P2F086,390.003544405,0.88,1400,549606,8874563109212003645,8874563109212003645,1338.17779419168,0.955841281565485,0.990256130695343;0.136184319853783;0.0290955398231745;-2.7986466884613;-0.135941728949547;0.990664660930634;-0.0101688550785184;29.5491504669189;-0.0302087664604187;0.00611447216942906;0.999524831771851;-0.82377827167511;0;0;0;1,4.76837158203125e-07,6.17073275803184e-07,158.421356,860d41e88038165be469420b2c9e4db1e164ded4d58952b7b507ee01a4b0a9db,2b571af236738a0664befacdc9c783246e991416a8915bcfebb9d2dc074e4570,2.29872903030833,1.00949712609054,1.14278043707732,0.447925299161525,9,10,2,0,21,TWO_ENDPOINT_PEAKS_WITH_INTERIOR_VALLEY,1,51
P2F086,390.003544405,0.9,1400,549606,8874563109212003645,8874563109212003645,1348.00299497246,0.962859282123182,0.990212559700012;0.136502534151077;0.0290875919163227;-2.85745286941528;-0.136258974671364;0.990620672702789;-0.0102060986682773;30.2155017852783;-0.0302079301327467;0.0061427615582943;0.999524712562561;-0.851184725761414;0;0;0;1,4.76837158203125e-07,6.17073275803184e-07,162.343884,860d41e88038165be469420b2c9e4db1e164ded4d58952b7b507ee01a4b0a9db,2b571af236738a0664befacdc9c783246e991416a8915bcfebb9d2dc074e4570,2.29872903030833,1.00949712609054,1.14278043707732,0.447925299161525,9,10,2,0,21,TWO_ENDPOINT_PEAKS_WITH_INTERIOR_VALLEY,1,51
P2F086,390.003544405,0.92,1400,549606,8874563109212003645,8874563109212003645,1393.23374390641,0.995166959933148,0.990168809890747;0.136820718646049;0.0290796328336;-2.91604471206665;-0.136576220393181;0.990576565265656;-0.0102433413267136;30.8818740844727;-0.0302071068435907;0.00617105048149824;0.999524533748627;-0.878572940826416;0;0;0;1,4.76837158203125e-07,6.17073275803184e-07,171.051136,860d41e88038165be469420b2c9e4db1e164ded4d58952b7b507ee01a4b0a9db,2b571af236738a0664befacdc9c783246e991416a8915bcfebb9d2dc074e4570,2.29872903030833,1.00949712609054,1.14278043707732,0.447925299161525,9,10,2,0,21,TWO_ENDPOINT_PEAKS_WITH_INTERIOR_VALLEY,1,51
P2F086,390.003544405,0.94,1400,549606,8874563109212003645,8874563109212003645,1407.14763665835,1.00510545475597,0.990125060081482;0.137138903141022;0.0290716607123613;-2.97442293167114;-0.136893466114998;0.990532338619232;-0.0102805802598596;31.548267364502;-0.0302062910050154;0.00619934033602476;0.999524414539337;-0.905942797660828;0;0;0;1,4.76837158203125e-07,6.17073275803184e-07,175.644285,860d41e88038165be469420b2c9e4db1e164ded4d58952b7b507ee01a4b0a9db,2b571af236738a0664befacdc9c783246e991416a8915bcfebb9d2dc074e4570,2.29872903030833,1.00949712609054,1.14278043707732,0.447925299161525,9,10,2,0,21,TWO_ENDPOINT_PEAKS_WITH_INTERIOR_VALLEY,1,51
P2F086,390.003544405,0.96,1400,549606,8874563109212003645,8874563109212003645,1387.66979667628,0.991192711911631,0.990081191062927;0.137457057833672;0.0290636755526066;-3.03258609771729;-0.137210682034492;0.990488111972809;-0.010317818261683;32.2146759033203;-0.0302054826170206;0.00622763065621257;0.999524235725403;-0.933294534683228;0;0;0;1,4.76837158203125e-07,6.17073275803184e-07,168.445686,860d41e88038165be469420b2c9e4db1e164ded4d58952b7b507ee01a4b0a9db,2b571af236738a0664befacdc9c783246e991416a8915bcfebb9d2dc074e4570,2.29872903030833,1.00949712609054,1.14278043707732,0.447925299161525,9,10,2,0,21,TWO_ENDPOINT_PEAKS_WITH_INTERIOR_VALLEY,1,51
P2F086,390.003544405,0.98,1400,549606,8874563109212003645,8874563109212003645,1404.61868178338,1.0032990584167,0.990037083625793;0.13777519762516;0.0290556792169809;-3.09053587913513;-0.137527883052826;0.990443825721741;-0.0103550516068935;32.8811073303223;-0.0302046854048967;0.00625592097640038;0.999524116516113;-0.960627555847168;0;0;0;1,4.76837158203125e-07,6.17073275803184e-07,171.831409,860d41e88038165be469420b2c9e4db1e164ded4d58952b7b507ee01a4b0a9db,2b571af236738a0664befacdc9c783246e991416a8915bcfebb9d2dc074e4570,2.29872903030833,1.00949712609054,1.14278043707732,0.447925299161525,9,10,2,0,21,TWO_ENDPOINT_PEAKS_WITH_INTERIOR_VALLEY,1,51
P2F086,390.003544405,1,1400,549606,8874563109212003645,8874563109212003645,1413.29597652676,1.00949712609054,0.989993095397949;0.138093337416649;0.0290476698428392;-3.14827108383179;-0.137845054268837;0.990399241447449;-0.0103922840207815;33.5475578308105;-0.0302038975059986;0.0062842108309269;0.999523997306824;-0.987942457199097;0;0;0;1,4.76837158203125e-07,6.17073275803184e-07,172.029062,860d41e88038165be469420b2c9e4db1e164ded4d58952b7b507ee01a4b0a9db,2b571af236738a0664befacdc9c783246e991416a8915bcfebb9d2dc074e4570,2.29872903030833,1.00949712609054,1.14278043707732,0.447925299161525,9,10,2,0,21,TWO_ENDPOINT_PEAKS_WITH_INTERIOR_VALLEY,1,51
