transaction_id,stamp_ns,predicted_imu_x,predicted_imu_y,predicted_imu_z,predicted_imu_qx,predicted_imu_qy,predicted_imu_qz,predicted_imu_qw,propagated_velocity_x,propagated_velocity_y,propagated_velocity_z,propagated_speed_m_s,propagated_gyro_bias_x,propagated_gyro_bias_y,propagated_gyro_bias_z,propagated_accel_bias_x,propagated_accel_bias_y,propagated_accel_bias_z,propagated_gravity_x,propagated_gravity_y,propagated_gravity_z,corrected_imu_x,corrected_imu_y,corrected_imu_z,corrected_imu_qx,corrected_imu_qy,corrected_imu_qz,corrected_imu_qw,velocity_x,velocity_y,velocity_z,gyro_bias_x,gyro_bias_y,gyro_bias_z,accel_bias_x,accel_bias_y,accel_bias_z,gravity_x,gravity_y,gravity_z,lidar_update_applied,speed_m_s,p_v_x,p_v_y,p_v_z,p_bg_x,p_bg_y,p_bg_z,p_ba_x,p_ba_y,p_ba_z,frame_increment_translation_m,frame_increment_rotation_rad,ndt_delta_velocity_x,ndt_delta_velocity_y,ndt_delta_velocity_z,p_v_pre_update_x,p_v_pre_update_y,p_v_pre_update_z,p_pv_pre_frobenius,p_rv_pre_frobenius,p_pv_post_frobenius,p_rv_post_frobenius
666,1517157286256772352,1.9996659986004961,-6.6057424688581268,-0.91125462039978433,-0.01138343996146386,-0.0093754063216695792,0.65692344741898412,0.75381304265852633,0.37027242149566258,3.0402599859197239,-0.15635847029979427,3.0667132926537746,0,0,0,0,0,0,0.7620000204116083,0.062189083539576764,-9.7791599581345032,0.50170116975967838,-6.4803219256534543,-0.92344529155541855,0.044462195454568525,0.0053444094365950314,0.7505544173751264,0.65928947892547096,-7.0476759477311122,3.6137589644998975,-0.20895586176742115,-2.8920548397702596e-05,1.2382492443821746e-05,-6.0032338980060022e-05,4.2211815360142616e-05,-0.00081216598774275684,-1.343387973077511e-05,0.76199691818763093,0.062189352256419472,-9.7791601981529297,1,7.9229194537050525,55.299349961885689,55.299273136091053,55.294211833050923,0.0024999479476376413,0.0024999479475527639,0.0024999479654236214,0.24999947416960372,0.24999947416984816,0.24999947416595769,1.5199956880149323,0.28716462965409251,-7.4179483692267745,0.57349897858017362,-0.052597391467626875,100.84402139579248,100.83085855613534,100.01844163766283,15.925395585698347,1.298851664572604,0.33778430275487131,0.010174006367389628
667,1517157286357632471,-0.2010962857648422,-6.1139640037553935,-0.94536224388378365,0.045465033350005353,0.0071711987025832287,0.75204178637443264,0.65750639251524012,-6.9110691247968488,3.634323001673665,-0.22826433331741341,7.8117401860327762,-2.8920548397702596e-05,1.2382492443821746e-05,-6.0032338980060022e-05,4.2211815360142616e-05,-0.00081216598774275684,-1.343387973077511e-05,0.76199691818763093,0.062189352256419472,-9.7791601981529297,0.011346926468164004,-6.1150864987911717,-0.9769614006474705,0.042809753183278357,0.0010214160125357433,0.75162547482229836,0.65819862301578291,-5.0053228435511681,3.6208425982068073,-0.51256964801746552,0.00031041892650229505,0.00011910036667787301,-3.4183140326428199e-05,1.5455446516287076e-05,0.00019861218472140714,0.00012343124212959431,0.76200077360279406,0.062189336733019192,-9.7791598978350596,1,6.1989100278381937,6.3743046924689892,6.374306405042411,6.3720806251583966,0.0024966993934092347,0.0024966994262697662,0.0024966998030816275,0.24998601757494354,0.24998604270280878,0.24998581621469776,0.61376556997083165,0.0097480285810485935,1.9057462812456807,-0.013480403466857638,-0.2843053147000521,55.328391627886894,55.328321403019928,55.300399009338747,10.000369781357374,0.023639507677245215,0.58727947135240866,0.0047134301086382627
668,1517157286458492352,-0.48706050100970355,-5.7471124944739378,-1.0283844113937781,0.046697414991189984,-0.0011984315968902814,0.75149702665228624,0.65808064409130163,-4.8940838372372211,3.6717312469280641,-0.50611491290423805,6.1392034711873311,0.00031041892650229505,0.00011910036667787301,-3.4183140326428199e-05,1.5455446516287076e-05,0.00019861218472140714,0.00012343124212959431,0.76200077360279406,0.062189336733019192,-9.7791598978350596,-0.22354898207998361,-6.466164765393108,-0.93403124485446709,0.049850738167782634,-4.9483256441125402e-05,0.75854873614196316,0.64970663868623535,-3.3748389076932042,-0.46329123068976141,0.036085581999991345,-0.00014977309524036092,0.00014500618694096392,-0.0016775157675710129,0.013491555584861703,0.0035314164552850214,-0.0025015483076604042,0.7620198142996667,0.062138476238720049,-9.7791587374571947,1,3.4066814624414432,1.8081737505727391,1.8081725878636705,1.8041991663493011,0.002487118272095877,0.0024871183474500552,0.0024871199362070475,0.24993949990186573,0.24993955734827031,0.24993899186351393,0.42458807732824005,0.026135804570552462,1.5192449295440169,-4.1350224776178255,0.54220049490422939,6.3919150732508969,6.3919145492063674,6.3781614518569034,1.7022834981705073,0.01175731563135581,0.32275216784675936,0.0051492017569613122
669,1517157286559352471,-0.55723867611902211,-6.5095629394136481,-0.92923156536515628,0.051013617027033442,0.0021628442205663219,0.76098726016943707,0.64675445328386461,-3.2124332716157515,-0.42458143157562495,0.072714299851547412,3.2411856296771386,-0.00014977309524036092,0.00014500618694096392,-0.0016775157675710129,0.013491555584861703,0.0035314164552850214,-0.0025015483076604042,0.7620198142996667,0.062138476238720049,-9.7791587374571947,-0.25103330758569531,-6.4401699309621252,-0.90485852393395749,0.052547923976554022,0.0047399371042102494,0.76514893001614481,0.64168790200310888,-1.9278907260517026,-0.13187129725184005,0.17391955089856317,-0.0008480367165108805,-5.0058750768338436e-05,-0.0035895103032478918,0.011864632741914943,0.019712060266084092,-0.0046678353400718825,0.76208129394128388,0.06215237367277951,-9.7791538582779012,1,1.940206355215806,0.75897464624926858,0.75899249444679473,0.752639991454644,0.0024682455529713098,0.0024682455961452772,0.0024682506416892598,0.24977335831148886,0.24977344315960742,0.24977231966800886,0.047772033780278431,0.023501288869096443,1.2845425455640489,0.2927101343237849,0.10120525104701576,1.827371698646947,1.8274023667992083,1.8124393359562156,0.64036911516081951,0.01008608638794237,0.1993157900502858,0.0056665564471408978
670,1517157286660212351,-0.44447074314288559,-6.4526790211281604,-0.88775037020622083,0.048034242336636147,0.0019941707013014197,0.76264862840472858,0.64502387896786073,-1.8412641181361444,-0.076006664382458469,0.14912768054622388,1.8488563034674486,-0.0008480367165108805,-5.0058750768338436e-05,-0.0035895103032478918,0.011864632741914943,0.019712060266084092,-0.0046678353400718825,0.76208129394128388,0.06215237367277951,-9.7791538582779012,-0.23368786567474195,-6.1925934316631643,-0.88444158709451104,0.049079786325209943,0.0056161475721540326,0.76555320814387684,0.64147324103296555,-1.1406132263384547,0.78428540459855078,0.15927651623743164,-0.0020438799109618435,-0.00039506477728454471,-0.0057236583170387142,-0.013913400297533286,0.047555740004384152,-0.0050194645275775706,0.7621725923143976,0.06226603458167955,-9.7791460199989952,1,1.393366834896419,0.39824301693129727,0.39824636968908683,0.38990273323648433,0.0024374716314470523,0.0024374716804490093,0.0024374869331420085,0.24932289864581073,0.24932302174512236,0.24932014604218117,0.24902176344673285,0.0072125606504740113,0.70065089179768969,0.86029206898100929,0.010148835691207753,0.77969097837043433,0.77969735413629648,0.76325257881958286,0.33399678231357149,0.0092451603115773148,0.13543198514369392,0.0058451666494303911
671,1517157286761072470,-0.34437930826974994,-6.1138017779346958,-0.8646854851441601,0.039510492594891894,0.0021513683715801897,0.76678502568189044,0.64068324231172269,-0.99511357761483865,0.8157925304099275,0.17735247551900929,1.2989312474487464,-0.0020438799109618435,-0.00039506477728454471,-0.0057236583170387142,-0.013913400297533286,0.047555740004384152,-0.0050194645275775706,0.7621725923143976,0.06226603458167955,-9.7791460199989952,-0.18860922021071988,-6.0810567956531063,-0.86925163112075587,0.040570070099817758,0.0035165920990398469,0.76865981813990447,0.63836023291652011,-0.5652778397472733,0.90656265216829912,0.16451521454773993,-0.0025882776219376433,-0.00045931205646351195,-0.0077376917586930672,-0.015635988815496361,0.080734284212549107,-0.0061122215935300091,0.76229673815791887,0.062292279230287996,-9.7791361763165003,1,1.0809533450771376,0.24579129191006591,0.24580459276302746,0.23509926303386772,0.0023927565550557763,0.0023927566852017571,0.0023928011347334405,0.24832262377183414,0.24832282769093225,0.24831329559858031,0.12125691820179083,0.019612854894481405,0.42983573786756535,0.090770121758371625,-0.01283726097126936,0.42178384118657475,0.42180422477749174,0.40299256503595932,0.20766955050349589,0.0089784441152883209,0.099080505025341367,0.0061117192623804696
672,1517157286861932350,-0.23561029650764284,-5.9851156568428898,-0.85875658449381276,0.039032089040494621,0.012556566745138602,0.76987731782358937,0.63687341297738753,-0.43219792204200352,0.92592404797956718,0.15876789312211198,1.0340878252502193,-0.0025882776219376433,-0.00045931205646351195,-0.0077376917586930672,-0.015635988815496361,0.080734284212549107,-0.0061122215935300091,0.76229673815791887,0.062292279230287996,-9.7791361763165003,-0.1407004400284397,-5.9839269786017502,-0.86584320200520193,0.040121328942575564,0.012844808324068759,0.77109505138565249,0.63532488664584685,-0.20426421688716107,0.92680772149743673,0.14188702723803548,-0.0027282115163248569,-5.4661851963236678e-05,-0.0094991543603776818,-0.010853163914074815,0.11301405478505154,-0.0060946265898080693,0.76242051051415693,0.062294482694115312,-9.7791265132716827,1,0.95959801553892476,0.17365809741846833,0.1736834726210989,0.16078385611052548,0.0023328545360549128,0.0023328547340761676,0.0023329665433779803,0.24639642903512562,0.24639680383519502,0.24636493024951822,0.10835621794811645,0.020234776763325656,0.22793370515484246,0.00088367351786955428,-0.016880865884076501,0.27155938376524935,0.27159889654029767,0.25061722515733281,0.1451811026811618,0.0088275388778063044,0.077168884834616258,0.0063053980367904139
673,1517157286962792469,-0.15011816809381862,-5.8892682962204477,-0.85629709516771746,0.050775167983370319,0.0074273366935885517,0.77522577471219867,0.62959647013604847,-7.8633059205488647e-06,0.99296221195421752,0.06462970699046347,0.99506329118127812,-0.0027282115163248569,-5.4661851963236678e-05,-0.0094991543603776818,-0.010853163914074815,0.11301405478505154,-0.0060946265898080693,0.76242051051415693,0.062294482694115312,-9.7791265132716827,-0.13124707324486515,-5.75154991963349,-0.86507910377546282,0.050141917408653668,0.0084016418735849939,0.77637198908028004,0.62822108775807683,0.040042761049829317,1.2916660604316761,0.045633120400740051,-0.002666107028088502,0.00025017853035173788,-0.011375412080249584,-0.07878690378140929,0.1351180432383739,0.0015004664943783028,0.7624565224492672,0.062567774314078603,-9.7791219608404472,1,1.2930920369645342,0.13745033540619633,0.13751202267430468,0.12323426061977823,0.0022574670614045264,0.0022574674183614002,0.0022577288346625904,0.24307217637125081,0.2430727924500756,0.24297581057101672,0.23257052161524625,0.028175679853324562,0.040050624355749867,0.29870384847745857,-0.018996586589723419,0.20099081380356421,0.20108307269898082,0.17874163928862968,0.11125149262485037,0.0086502820600957708,0.063690795073077108,0.0063350513867319203
674,1517157287063591314,-0.12355495000913538,-5.6181623493928061,-0.85347864307739596,0.049036196578659631,0.010180324075091212,0.77749621787830703,0.62689029631328108,0.11087153623340591,1.340974682146147,0.15686308236207458,1.3546629183349805,-0.002666107028088502,0.00025017853035173788,-0.011375412080249584,-0.07878690378140929,0.1351180432383739,0.0015004664943783028,0.7624565224492672,0.062567774314078603,-9.7791219608404472,-0.14084348546906486,-5.4889595415447339,-0.86255806655714073,0.047662846204248807,0.011180662659901456,0.7782777034080508,0.62600883560225073,0.073509740117490341,1.6066087648562604,0.13859574745618544,-0.0024873691712853454,0.00024489879507133316,-0.012733915134971576,-0.17123066852836349,0.14016370732795494,0.013754007217540883,0.76240806555886165,0.062923210552040337,-9.779123458221834,1,1.6142503481238708,0.12128050112007177,0.12129839306666493,0.10429005476772736,0.0021673392017388447,0.0021673376306774786,0.0021678960841029662,0.23784052009127366,0.23784208065711013,0.23757983738775373,0.2627777643200217,0.0094645864274055611,-0.037361796115915571,0.26563408271011335,-0.018267334905889138,0.16907687002573196,0.16910843996138886,0.14329204217620189,0.092413040251068793,0.0089677998154304838,0.055669302197419945,0.0066895480164004236
675,1517157287164451433,-0.12420756966048074,-5.3247908835966635,-0.85271320177129339,0.049868163964022237,0.011542439461803364,0.77731925446435157,0.62702050600687176,0.23348438627005896,1.6516186415017597,0.10603381080465338,1.6714072707218255,-0.0024873691712853454,0.00024489879507133316,-0.012733915134971576,-0.17123066852836349,0.14016370732795494,0.013754007217540883,0.76240806555886165,0.062923210552040337,-9.779123458221834,-0.17272047319855086,-5.1928417899559767,-0.86391020522434048,0.048243596911587576,0.013169663229856011,0.77784817953824092,0.62645935615687776,0.13799020302299625,1.9175179257772279,0.084203598483452241,-0.0033073836517254328,-1.5157206559278759e-05,-0.01358677920637774,-0.29880106753401614,0.11827977262584533,0.034129918409204318,0.76222791175753735,0.063393318707860649,-9.7791344656713299,1,1.9243197597605479,0.1134131321874442,0.11344630947199254,0.095514845098430876,0.0020641479791864616,0.0020641419810607515,0.002065203869473706,0.23022990993100551,0.23023404795346533,0.22960764098281497,0.2978316528370718,0.0043270571995753931,-0.095494183247062714,0.26589928427546816,-0.021830212321201137,0.15340660375511389,0.15345821615394484,0.12637591137713156,0.082028608227114233,0.0089510961096580036,0.051138883241059759,0.0067047701549554665
676,1517157287265311314,-0.15221393544583425,-4.9963437354809237,-0.85427677392521728,0.047891224271911587,0.010375007363464056,0.77701383727285833,0.62757333160870865,0.29018023755598343,2.0029408239305662,0.06659357029666485,2.0249472136430025,-0.0033073836517254328,-1.5157206559278759e-05,-0.01358677920637774,-0.29880106753401614,0.11827977262584533,0.034129918409204318,0.76222791175753735,0.063393318707860649,-9.7791344656713299,-0.22904518135572161,-4.7836672046864956,-0.86131583362803077,0.044026909638030118,0.011763313021035733,0.77760283754254067,0.62710213102833867,0.1308012912209153,2.4276591055601404,0.052873966252283466,-0.0021877253125115342,-0.00025476913597674772,-0.01443801212026063,-0.55176714613301214,0.081381775564384029,0.061110195169105548,0.76189715962690985,0.064325759494279891,-9.7791541512964137,1,2.4317552029144234,0.1105097624220388,0.11053743101140724,0.092199745800369243,0.0019503622635412201,0.0019503481947774008,0.0019521991906106652,0.21996603193753425,0.21997562475241692,0.21864609464507989,0.41304121433995183,0.0089959232573526855,-0.15937894633506813,0.42471828162957426,-0.013719604044381384,0.14704692928936916,0.14709105174935522,0.11921171632512305,0.076867164536241442,0.0089468027614375296,0.048981411216669518,0.0066887168746220986
677,1517157287366171433,-0.20800129520075911,-4.5342967422637441,-0.85387608304112994,0.044651394172622767,0.014127670918947332,0.77765381439322878,0.62694593616396388,0.26900662918692508,2.5203924462886622,0.093886188219899025,2.5364457940578822,-0.0021877253125115342,-0.00025476913597674772,-0.01443801212026063,-0.55176714613301214,0.081381775564384029,0.061110195169105548,0.76189715962690985,0.064325759494279891,-9.7791541512964137,-0.28213407008779773,-4.4380929874026469,-0.86098555194044379,0.043012038855547011,0.014004192181899354,0.77795235336488011,0.62669289369584058,0.11817732215357299,2.7105281040837839,0.080357295505383036,-0.0018921172754355843,0.00077972813197549372,-0.014873744387484875,-0.69655635381699255,0.011751528892975552,0.08546307858199724,0.76151921183341975,0.064823375314283144,-9.7791803040961174,1,2.7142928687671786,0.11009343445698754,0.11009739127550608,0.091466569014195351,0.0018289693686399965,0.0018289408884513271,0.0018319247372524149,0.20708719944387777,0.20710675568280665,0.20458354651478677,0.34962848688878972,0.0050363248401769957,-0.15082930703335209,0.19013565779512165,-0.013528892714515989,0.1456112544662064,0.14562323714961317,0.11698912300131106,0.074898576844814491,0.0090243323671848792,0.048336985729149122,0.0067227055517297754
678,1517157287467032267,-0.26605587474300157,-4.1607753124130804,-0.85467710993431723,0.041877303227506602,0.013088302878881245,0.77859757088491066,0.62598786762545,0.21008449167025375,2.8209573717073622,0.034192962127695098,2.8289759888145967,-0.0018921172754355843,0.00077972813197549372,-0.014873744387484875,-0.69655635381699255,0.011751528892975552,0.08546307858199724,0.76151921183341975,0.064823375314283144,-9.7791803040961174,-0.3267969472258539,-4.1583374834536198,-0.8573963720779314,0.041972117754166385,0.01111732132624081,0.77874942793311253,0.62583070793275131,0.085354558355706572,2.8176876558432218,0.029938819612777043,-0.0011672259910666008,0.0032112905836050821,-0.015208294043266447,-0.7233875532200098,-0.071808179657844917,0.0984001953453668,0.76118113176925561,0.064862174155210894,-9.7792063677479639,1,2.8191391344598751,0.10900693474820396,0.10895035631760655,0.091434342624715115,0.0017031389779555495,0.0017030885545563992,0.0017075997443125675,0.19200781131933276,0.19204351838163503,0.1877257306391745,0.28332101368608137,0.0065708937295419064,-0.12472993331454718,-0.0032697158641403767,-0.0042541425149180551,0.14429964073056634,0.14422565158052753,0.11673127050825052,0.074478375827281007,0.0088472439748811353,0.048386653721736506,0.0065355367996606378
679,1517157287567892386,-0.30643931999503637,-3.8723726097033095,-0.85037341654679255,0.051231419489552385,0.017008016207551293,0.77937887209814061,0.62422323151962089,0.22048177331106153,2.8857549245606151,0.093419749111724348,2.8956727968664433,-0.0011672259910666008,0.0032112905836050821,-0.015208294043266447,-0.7233875532200098,-0.071808179657844917,0.0984001953453668,0.76118113176925561,0.064862174155210894,-9.7792063677479639,-0.3800363008743583,-3.8693694264281508,-0.85180180112153503,0.051390397362719359,0.016085738114061939,0.77945276989912171,0.6241423359978181,0.072348116308792787,2.8873175239869746,0.091109892606762985,-0.002001774695807982,0.004756922033518728,-0.015291681792403224,-0.75483497106195629,-0.18426290848956656,0.11168285966992515,0.76073189141908437,0.064894385790729855,-9.7792411110510411,1,2.8896604898822491,0.10802356487938017,0.10794758838438186,0.090907720061800146,0.0015759106102298305,0.0015758336142038744,0.0015823222930440514,0.17546953111259733,0.17552842696854865,0.16880385401228282,0.29388478351587266,0.021608848323726441,-0.14813365700226874,0.0015625994263595011,-0.0023098565049613634,0.14372557518957479,0.14362045635459472,0.11651872617834878,0.074855213346705432,0.0088551312358487681,0.048750732473883958,0.0065125421841782643
680,1517157287668752266,-0.36758389156760923,-3.5719430550172553,-0.84718701489916337,0.048151347399135604,0.015823142041676827,0.78313385459049645,0.61978418962878234,0.29768798545055869,3.0246101602325663,0.097203344381044943,3.0407783951190099,-0.002001774695807982,0.004756922033518728,-0.015291681792403224,-0.75483497106195629,-0.18426290848956656,0.11168285966992515,0.76073189141908437,0.064894385790729855,-9.7792411110510411,-0.43800195616703852,-3.5852532512033868,-0.85321719943385155,0.047637455872720565,0.013724402216358383,0.78319102294933229,0.61980169018271913,0.1496665187147862,2.9915810198420485,0.086626066274796812,-0.00053796554006722928,0.0062043085939088843,-0.015334314605031957,-0.76073611285652742,-0.29161647921683492,0.13200556571897945,0.76031673390515431,0.064833394705483938,-9.7792738020302288,1,2.9965749015270151,0.10532712561368721,0.10525757033237482,0.089348217489658405,0.0014500582240250181,0.0014499464718043505,0.0014588256225182108,0.15837019228753499,0.15846064972580085,0.14884651038241226,0.28997244967451852,0.014488125964354615,-0.14802146673577249,-0.033029140390517853,-0.010577278106248131,0.14101210675526663,0.14090620232277601,0.11531084689070377,0.075023175902088873,0.0087274554057458851,0.048905607389006352,0.0063961091451023421
681,1517157287769612385,-0.42626883978349384,-3.282947115660976,-0.84804489878677891,0.053141153189490475,0.020352678190687645,0.78177236353870228,0.62096196174585994,0.062786658759943659,3.0321311787937955,0.017657125577189042,3.0328325743461897,-0.00053796554006722928,0.0062043085939088843,-0.015334314605031957,-0.76073611285652742,-0.29161647921683492,0.13200556571897945,0.76031673390515431,0.064833394705483938,-9.7792738020302288,-0.51106631516250567,-3.2759802550128025,-0.85546257065872511,0.052258223489654781,0.019139263791746831,0.78171265712182714,0.62115061648101599,-0.1117041480018614,3.043504270396137,0.0032769456880127508,0.00022136888337885639,0.0067912780818617209,-0.014989747426609161,-0.80000730884324822,-0.41660040194493075,0.15775226014428989,0.75980684348707206,0.064882106461798275,-9.7793131084371829,1,3.0455552529831706,0.10068143866170562,0.10053580369790421,0.086251736705840673,0.001327797066823675,0.0013276517527139871,0.0013393560681132326,0.14159114001138479,0.14172030219554813,0.12895556314096543,0.31779431779070111,0.014788865550140712,-0.17449080676180506,0.011373091602341567,-0.014380179889176292,0.1355784014534244,0.13535374513818033,0.11213245736565818,0.074487198246862604,0.0083646407376182699,0.048603341056783871,0.0060959078673017315
682,1517157287870472265,-0.51857102514254028,-2.9611984776684439,-0.85359356782169793,0.042867752776547537,0.01955434891759748,0.78203751553627587,0.62144775122623575,-0.01982009212113766,3.1316991039948379,-0.015052935081941644,3.1317979987330506,0.00022136888337885639,0.0067912780818617209,-0.014989747426609161,-0.80000730884324822,-0.41660040194493075,0.15775226014428989,0.75980684348707206,0.064882106461798275,-9.7793131084371829,-0.59768852518526283,-2.9662645431390575,-0.8560546396763814,0.042261340106429797,0.01843495907350165,0.78190127710662582,0.62169488036768727,-0.17973737060853356,3.1190292809596567,-0.019526909243474697,0.00089788328063508162,0.0073229029422916484,-0.014522560516047892,-0.81934122295376643,-0.53522236161447123,0.17313792803860611,0.75934287488327579,0.064857230154617793,-9.7793493105656424,1,3.1242647900044558,0.095650065630445869,0.095526335282786423,0.082084950625557429,0.0012108910502247761,0.0012107102678858082,0.0012255833439299539,0.12581684843713711,0.12599127253809084,0.11008874015029482,0.32160158581140263,0.020076490663778798,-0.1599172784873959,-0.01266982303518116,-0.0044739741615330529,0.12935918738250021,0.12915618718912442,0.10739783998273449,0.07330714731581181,0.0081552766063619567,0.047915692636560252,0.0059448617251840023
683,1517157287971332384,-0.61547557707184308,-2.6460799653511908,-0.85892577292291972,0.040044889965832581,0.01241299741857352,0.78049758785603895,0.62375142455437682,-0.17298138627006707,3.2349557853756701,-0.019179632473144408,3.2396341385460854,0.00089788328063508162,0.0073229029422916484,-0.014522560516047892,-0.81934122295376643,-0.53522236161447123,0.17313792803860611,0.75934287488327579,0.064857230154617793,-9.7793493105656424,-0.67805730448866286,-2.7120283020792653,-0.86013312062690028,0.040375039578186472,0.0099834835647058511,0.78029268640545646,0.62403005518735088,-0.29805949103708368,3.0987490223635321,-0.020632677736158705,0.0024966531904522249,0.0093267622478465304,-0.014090759622749921,-0.75022907248539827,-0.64136463049661419,0.18126321281627061,0.75900323479594456,0.064507745940175429,-9.7793779884143461,1,3.1131191225500503,0.090339647689763075,0.090224788900506669,0.07707311258033768,0.001100576860512453,0.0011003681647923827,0.0011186631981181848,0.1114812795796883,0.11170127478897544,0.092915971308090858,0.26666803513318793,0.018223802884438957,-0.12507810476701661,-0.13620676301213797,-0.0014530452630142979,0.12244134260212722,0.12224676562790726,0.10128454268259003,0.071427663620206708,0.0080229911362797324,0.046833508537936559,0.0058758312085246036
684,1517157288072131468,-0.69969269708384874,-2.396827565294247,-0.8610471588505495,0.043596368474766806,0.0092769314208121113,0.78274862840504467,0.62073978439378741,-0.16541882116839171,3.1727969358814558,-0.049574385657803657,3.1774929429424139,0.0024966531904522249,0.0093267622478465304,-0.014090759622749921,-0.75022907248539827,-0.64136463049661419,0.18126321281627061,0.75900323479594456,0.064507745940175429,-9.7793779884143461,-0.735954864256956,-2.589789085488889,-0.86217492563709841,0.047030232606438488,0.0055775126459180879,0.78266995499294723,0.62063257256206383,-0.23074197781164435,2.7882412400766077,-0.049519264173427974,0.0029522979299416727,0.014875148043926183,-0.014302543145828414,-0.5129073479884203,-0.75011465023152724,0.18139641236220944,0.75880403171166688,0.063523292008376531,-9.779399891242333,1,2.7982107194978449,0.084580744935839475,0.084478847819843994,0.071504664773238802,0.00099750290042007177,0.00099726775530314059,0.0010192809703363657,0.098804320818750999,0.099066130824963045,0.077796912791030862,0.13527277060610413,0.017988775777440388,-0.065323156643252639,-0.38455569580484816,5.5121484375683649e-05,0.11468230294453506,0.1145125761550347,0.094162904937437786,0.068947136496267755,0.0078447810651256621,0.045413446154960062,0.0057664268694954113
685,1517157288172991348,-0.7590514707237469,-2.3050118315365218,-0.86656101112364803,0.046886694795047597,0.0087503587579103696,0.78549615042663756,0.61702582339618162,-0.18873180575854734,2.8403548967641985,0.012850603307770408,2.8466472862092727,0.0029522979299416727,0.014875148043926183,-0.014302543145828414,-0.5129073479884203,-0.75011465023152724,0.18139641236220944,0.75880403171166688,0.063523292008376531,-9.779399891242333,-0.816499099733067,-2.3203347982166127,-0.86589629391526879,0.046409054267855181,0.009208509038644213,0.78530421281025287,0.61729951918474391,-0.29420843917272738,2.8147864665331359,0.01376648023938995,0.002571135230184977,0.013968976870368924,-0.013765133464340268,-0.50462596320429665,-0.83463044740940506,0.18634083901205084,0.75849649314998635,0.063417134466214733,-9.7794244379173598,1,2.830153878119833,0.079722641901732783,0.07965539112529979,0.065762096433373024,0.00090205074358086978,0.00090178797877347831,0.00092769183618440483,0.087791979409165735,0.088089383079132527,0.064812546703904697,0.28125937385214983,0.011246090824434767,-0.10547663341418004,-0.025568430231062589,0.00091587693161954142,0.1079483887471578,0.10783092638068142,0.086593066513052014,0.066225812090035655,0.0078905410108607871,0.043862337735897636,0.0058545232112744506
686,1517157288273851467,-0.84580251615025082,-2.0376258231438986,-0.86963244535559281,0.052490789261718185,0.0089346304569761729,0.78606169932946812,0.61585054539924444,-0.30495691310818068,2.8031045581000571,-0.062772304724954278,2.820342930342739,0.002571135230184977,0.013968976870368924,-0.013765133464340268,-0.50462596320429665,-0.83463044740940506,0.18634083901205084,0.75849649314998635,0.063417134466214733,-9.7794244379173598,-0.91842110040476899,-1.9788732189513296,-0.86753668648368865,0.051204434057484614,0.011349891039013224,0.7858539257559114,0.61618413910151626,-0.4326113608481893,2.9190293712723334,-0.059327160247994795,0.00098795273691060638,0.010839704323016491,-0.013062689552396107,-0.58588458147561007,-0.92017460981846599,0.19318972612046642,0.75810410541596485,0.063643122478657568,-9.7794533956818182,1,2.9515088974672881,0.0740181028307932,0.074018522779026569,0.060091060681205559,0.00081422042770178972,0.00081394689605496868,0.00084387775787967355,0.078351917719769293,0.078674952616742927,0.05386470976278071,0.356352066393675,0.010793982018125458,-0.12765444774000861,0.11592481317227632,0.003445144476959483,0.099969581299534024,0.099951313972485314,0.078958821749604946,0.06310021455343269,0.0076693836366398833,0.042078236963940877,0.0057119661436281473
687,1517157288374711348,-0.9639821075848708,-1.6807098179481432,-0.86931238400126454,0.046934596583786389,0.0077394091743558102,0.78336835881534739,0.6197348300653247,-0.42516208237486552,2.9633703735675208,-0.02008017333782787,2.9937818859409777,0.00098795273691060638,0.010839704323016491,-0.013062689552396107,-0.58588458147561007,-0.92017460981846599,0.19318972612046642,0.75810410541596485,0.063643122478657568,-9.7794533956818182,-1.0245282283468857,-1.629329767048912,-0.86738882064181677,0.04566804465307342,0.0094001480770938527,0.78311397622727197,0.62012786355009408,-0.5301266718225125,3.0615148986047354,-0.016945193967617251,0.0003582250221746884,0.008256709032267294,-0.012379062155669907,-0.65271654239576804,-0.98473527252818238,0.19842281338864753,0.75780140185672706,0.063831872967624478,-9.7794756263992735,1,3.1071200334320808,0.069677805353608652,0.069706495383853706,0.054704259687741646,0.00073380389356247477,0.00073353607951284544,0.00076756997441535955,0.070325923896793402,0.070664179898426827,0.044753436036905993,0.36529353844858753,0.015167553112078026,-0.10496458944764697,0.098144525037214603,0.0031349793702106186,0.093794255773476901,0.093821183183608436,0.071622714055679423,0.060131403834848621,0.0077064224895020787,0.040377020908812643,0.0057857980112439493
688,1517157288475571467,-1.0762280000202942,-1.3188209765747407,-0.86878008240162885,0.036650007245172242,0.0028677265993320628,0.7776901723943882,0.62757194716961773,-0.48314525677986936,3.0829915342746594,-0.016490120787423065,3.1206630807637166,0.0003582250221746884,0.008256709032267294,-0.012379062155669907,-0.65271654239576804,-0.98473527252818238,0.19842281338864753,0.75780140185672706,0.063831872967624478,-9.7794756263992735,-1.1435371254532023,-1.2017484952213757,-0.86633566893559399,0.033856274787359461,0.0058991630089479802,0.77710569729672752,0.62843113207596735,-0.59843421477098668,3.2989611429804739,-0.012723233826006694,-0.00026164981316641699,0.0029500832335283469,-0.011048979631563267,-0.78039757636705054,-1.0375506127317433,0.20490848814130677,0.75748085280961863,0.064256449222744649,-9.7794976796541118,1,3.3528241846214653,0.065470598103685607,0.065505281280714478,0.049650475992151333,0.0006605022430367539,0.00066024907841604938,0.00069838634868795791,0.0635285515182753,0.063871968373555577,0.037232999284332616,0.44383552216629935,0.032051457640954184,-0.11528895799111732,0.2159696087058145,0.0037668869614163707,0.087786294137155413,0.087829370016474256,0.064698102573774674,0.057164562356129628,0.0076621432356034601,0.038667001705713376,0.0057886342071731432
689,1517157288576431347,-1.1966198236519403,-0.86619909082776225,-0.86886958276795845,0.015990533274572276,-0.0047092782348110585,0.75047548374587902,0.66068803064721038,-0.42230464743696711,3.3590214902651456,-0.028686638451542214,3.3855855491385225,-0.00026164981316641699,0.0029500832335283469,-0.011048979631563267,-0.78039757636705054,-1.0375506127317433,0.20490848814130677,0.75748085280961863,0.064256449222744649,-9.7794976796541118,-1.2342133133277999,-0.8538512129225776,-0.86423512385153811,0.015940863220552926,-0.0037952029165201542,0.74977964125904228,0.66148467470385597,-0.48110568580668311,3.3831104507551375,-0.021480095747662766,-0.00084818499637019911,0.0021070004304130454,-0.0098156223561135861,-0.79901796212828069,-1.0819411396766521,0.20383054979823392,0.75730051753329386,0.064281815433793424,-9.7795114793300595,1,3.4172152986660755,0.061584342486269386,0.061536851696509402,0.044974730958653328,0.00059394275788974692,0.00059370112383684711,0.00063586569334884199,0.057773385630224515,0.058114461291081616,0.031053687105464897,0.3595262193053646,0.094965600028349501,-0.058801038369716008,0.024088960489991873,0.0072065427038794476,0.082219450149846579,0.082153380090717307,0.058279269853898946,0.054283635439778169,0.0075739247165280601,0.03699475751812404,0.0057547281560698044
690,1517157288677291466,-1.2684759340607661,-0.50847167133353588,-0.8698202530852891,0.0051342994975633743,-0.0099408652368602954,0.71652506608143884,0.697471610779965,-0.13245279027400875,3.4858165848617335,-0.11178053039002515,3.4901226184652545,-0.00084818499637019911,0.0021070004304130454,-0.0098156223561135861,-0.79901796212828069,-1.0819411396766521,0.20383054979823392,0.75730051753329386,0.064281815433793424,-9.7795114793300595,-1.2970274613526689,-0.50761485462842248,-0.86920951047321415,0.0052726813168890267,-0.0094525887021160541,0.71592341733962384,0.69809491324841444,-0.17557311664248396,3.4888404729974543,-0.11146015123663454,-0.0011596192994558295,0.0017865513754736779,-0.0088496380645046412,-0.80459219200392229,-1.115800364888166,0.20582918897811434,0.75716935860739942,0.064270498367390738,-9.7795217094408926,1,3.4950332088016487,0.057490719006969435,0.057387356245473697,0.040838347451271982,0.00053371497255755784,0.00053347442509247406,0.00057950691525813082,0.052886478914209126,0.05322484621716414,0.025984109024112686,0.35192325515536854,0.10262450455240098,-0.043120326368475209,0.0030238881357207426,0.00032037915339061529,0.076406805039965567,0.076234828636893168,0.052582463095990073,0.051407111616178391,0.007361293325161839,0.035309721102514978,0.0056191307056794532
691,1517157288778151346,-1.3055325080378866,-0.15000769314179688,-0.88109922639992166,0.01509743748165541,0.0023779196691534167,0.71378476404249969,0.70019834582804141,-0.017917313992575172,3.5828089513282992,-0.10977997181392252,3.5845352075367263,-0.0011596192994558295,0.0017865513754736779,-0.0088496380645046412,-0.80459219200392229,-1.115800364888166,0.20582918897811434,0.75716935860739942,0.064270498367390738,-9.7795217094408926,-1.3268938061442594,-0.15052744016173475,-0.87771062581951476,0.015716636223351656,0.0031882088692991835,0.71352787287971364,0.70044328627932295,-0.045950188116082598,3.5837786662594113,-0.10566308086157203,-0.0020793353045886046,0.0016302604342878111,-0.0084620955608269155,-0.80793422196775144,-1.145160921180751,0.20465943057482558,0.75705770387640225,0.064258277944625006,-9.7795304338560669,1,3.585630437619185,0.05455276541629217,0.054497833458110968,0.037085928045961343,0.00047937905472489708,0.00047913919925307645,0.00052875458112906283,0.048714742394070677,0.049056102803335687,0.021823490995562148,0.35843505560121391,0.033473929296355689,-0.028032874123507426,0.00096971493111208673,0.0041168909523504882,0.072133685672480463,0.072023455178605936,0.047452030896889937,0.048889914436067279,0.0073315870302362428,0.033828360092818706,0.0056386948260377821
692,1517157288879011465,-1.3337468761738525,0.21152454063927412,-0.88574892182774467,0.033033671510966693,0.0046478108304397634,0.73175202576528853,0.68075410185277929,-0.090639490755142174,3.6035350632774512,-0.076657590710594636,3.6054898218921556,-0.0020793353045886046,0.0016302604342878111,-0.0084620955608269155,-0.80793422196775144,-1.145160921180751,0.20465943057482558,0.75705770387640225,0.064258277944625006,-9.7795304338560669,-1.3497091550814238,0.18121349341149348,-0.88512967461789815,0.033518005499788013,0.0037464332423868883,0.73165054009819297,0.68084505926039918,-0.11668274643660505,3.5535611382893042,-0.075511722746789592,-0.0015328329098258423,0.0029025141427415566,-0.0083626706853158726,-0.78826168769072902,-1.1646469169201195,0.20461154569894233,0.75699328403471555,0.064171047197491657,-9.7795359933193122,1,3.5562780609997517,0.05225854678588536,0.052159235620226965,0.033576354448075253,0.00043031458513426797,0.00043007488352546797,0.00048305660396271273,0.045147180049080915,0.045492013513767054,0.018404432480142421,0.3326073201843795,0.064181315184472024,-0.026043255681462874,-0.049973924988147012,0.0011458679638050445,0.068782326624553636,0.068633050043682906,0.042691715269045236,0.046704055681396114,0.0073172593804264633,0.032527425855887547,0.0056607023457301304
693,1517157288979871346,-1.3651675492051578,0.54963743956266753,-0.89644539130371992,0.036309802014468852,0.013586025265090505,0.73319069780587331,0.67891709276324819,-0.23413985648180963,3.7485919244635144,-0.11011502915058927,3.75751090593111,-0.0015328329098258423,0.0029025141427415566,-0.0083626706853158726,-0.78826168769072902,-1.1646469169201195,0.20461154569894233,0.75699328403471555,0.064171047197491657,-9.7795359933193122,-1.3583822702766246,0.4056508239756762,-0.89105028382252682,0.039639765835923664,0.009481338291246668,0.73283521039423571,0.67918432519833272,-0.23001859922866499,3.5107828566979533,-0.099158708676465576,-0.00061136454372982102,0.009699509487669641,-0.0080975842149805331,-0.68860572130430164,-1.1797568580844191,0.19714687447859727,0.75695388091181381,0.063772711350451497,-9.7795416489454965,1,3.5197069867222956,0.049911516125894492,0.04970478143620536,0.030546536454246553,0.00038610976384827119,0.00038584916193007196,0.00044190032750194126,0.042077552925711539,0.042424174661096895,0.015590485175648308,0.22468286959917388,0.017265807797275951,0.0041212572531446334,-0.2378090677655611,0.01095632047412369,0.065402995112065501,0.065114634380050149,0.03858601924649991,0.044637415735260207,0.0072051908104389809,0.031286676985661677,0.0056006363605291152
694,1517157289080669476,-1.3841126614905603,0.75844599776368504,-0.89644779875397651,0.0075408351756981193,0.01491408571266515,0.72620390649210098,0.68727621233956493,-0.21258347073020395,3.4179553824140751,-0.068796581346726601,3.4252508955996261,-0.00061136454372982102,0.009699509487669641,-0.0080975842149805331,-0.68860572130430164,-1.1797568580844191,0.19714687447859727,0.75695388091181381,0.063772711350451497,-9.7795416489454965,-1.4069270259855868,0.73802964598452792,-0.89531534180654448,0.0062547460205067389,0.013457099916216049,0.72612251564909736,0.68740517664728795,-0.25614905949612249,3.3882849703706994,-0.067555175081290872,0.0015508800958556649,0.0099692657540250279,-0.0079619124296653743,-0.67410867734218771,-1.1901885222153119,0.19609546721441545,0.75691005261251698,0.063722499265327984,-9.7795453685404805,1,3.3986248811542858,0.048114161950036531,0.048036084746387472,0.027757740569964068,0.00034623272992592762,0.000345937190118806,0.000404823250180866,0.039427693317594034,0.039773122990038393,0.013269472380965392,0.33593223326504673,0.070516315137188049,-0.043565588765918539,-0.029670412043375727,0.0012414062654357294,0.062809453736718104,0.062686757571031745,0.034834273616455497,0.042898150830729065,0.0071660549955726641,0.030230030287391442,0.0055972675566536905
695,1517157289181529356,-1.4241601085517785,1.0703220866469259,-0.90896414731299824,-0.01443549236394997,0.0069591863342895743,0.69764731086504539,0.71626211398380213,-0.09547028339274885,3.1819994276180541,-0.20070707990201542,3.1897520694084531,0.0015508800958556649,0.0099692657540250279,-0.0079619124296653743,-0.67410867734218771,-1.1901885222153119,0.19609546721441545,0.75691005261251698,0.063722499265327984,-9.7795453685404805,-1.4161350935264561,0.94853840365789965,-0.90740626464904917,-0.012124049947591149,0.0032467847996472472,0.69726487372410295,0.71670367773009469,-0.091995943552221238,2.9893288658605526,-0.1984373526022882,0.0024952910931086859,0.015477969729622829,-0.0073764797169762917,-0.59636592350853079,-1.1951649783483882,0.19205251090301603,0.75684053405243257,0.063405544958881871,-9.7795528089419168,1,2.9973200871453498,0.045342656475873724,0.045304573950660523,0.025326279925579051,0.00031037738576725324,0.00031006337329430775,0.00037144481081058265,0.037120076967398677,0.03745767432719016,0.011343447201432164,0.21105666532996997,0.092381289396354038,0.0034743398405276127,-0.19267056175750152,0.0022697272997272144,0.058948718579282904,0.058907616476373111,0.031569130537868292,0.040986102031141183,0.0068631017742401676,0.029058024885468482,0.0053714694413694421
696,1517157289282389475,-1.4089895115755697,1.2365227749863816,-0.9279092845603405,-0.019213244359427523,0.013268449181606268,0.66237483096709371,0.74880864231044608,0.20247039253898785,2.6824707619878483,-0.19318824292602466,2.6970289850091347,0.0024952910931086859,0.015477969729622829,-0.0073764797169762917,-0.59636592350853079,-1.1951649783483882,0.19205251090301603,0.75684053405243257,0.063405544958881871,-9.7795528089419168,-1.3987862038091632,1.1079275224465954,-0.92569770836650267,-0.017189186145477091,0.0095266915619461687,0.66207339511426744,0.74918128214031521,0.20597203416337659,2.4839499833392185,-0.19125499110680488,0.0033886685655016764,0.020922450689579805,-0.0069061870322891464,-0.5151709556630899,-1.197075265870017,0.18694506688623302,0.75673936265821851,0.063066596206785244,-9.7795628297714075,1,2.4998020862083399,0.044005403225974585,0.043783732684714222,0.023416754646837647,0.00027819316657230888,0.0002778815379898269,0.00034139768279737025,0.035094778928704634,0.035417303745718248,0.0097346600580496233,0.16137054277633364,0.097134780799501205,0.0035016416243887349,-0.19852077864862983,0.0019332518192197723,0.056922585742971911,0.056681493226212035,0.028982677706841171,0.039446518307043266,0.0068168677353701952,0.028114814101756026,0.0053754687171970201
697,1517157289383249355,-1.3729858762644414,1.3444538313795209,-0.94380312757096041,-0.0069562096578135117,0.038774292535025824,0.65122286968308662,0.7578634041747434,0.24699354008470137,2.187445716620843,-0.16444295643714271,2.2074795713501483,0.0033886685655016764,0.020922450689579805,-0.0069061870322891464,-0.5151709556630899,-1.197075265870017,0.18694506688623302,0.75673936265821851,0.063066596206785244,-9.7795628297714075,-1.3624507688664564,1.2502613333747643,-0.93495079402033088,-0.0054634439932172967,0.036824569013081676,0.65095038332289956,0.75820689811456077,0.25446207043919267,2.0475126980550677,-0.15442291678531916,0.003464340519209626,0.024409764743752976,-0.0065702076240217941,-0.45372095360201925,-1.1989985661320428,0.17810556997184893,0.75662194545496841,0.062800429889406054,-9.7795736276006267,1,2.0690349516664597,0.043093930376386612,0.04249890424858125,0.021824545266130983,0.0002492560816243935,0.00024894932768173124,0.00031430508317163827,0.033310119578067218,0.033611111435321445,0.0083823697487884017,0.14718966390317115,0.065968141094810431,0.0074685303544912984,-0.13993301856577522,0.010020039651823548,0.055506313041433705,0.054820571080016721,0.026840848673802778,0.038172793986674114,0.0068108863084228345,0.027327031589916773,0.0054048287357474313
698,1517157289484109474,-1.3462484531700272,1.4360206694257234,-0.95252185751828455,-0.0054826665035197395,0.050532630211765781,0.66187419871520214,0.74788965678567987,0.040951684718164287,1.5842081443929916,-0.23195876073168001,1.6016233489564637,0.003464340519209626,0.024409764743752976,-0.0065702076240217941,-0.45372095360201925,-1.1989985661320428,0.17810556997184893,0.75662194545496841,0.062800429889406054,-9.7795736276006267,-1.3362887133287078,1.3268148340419603,-0.94515646659325492,-0.0040457556458542059,0.047748652582544952,0.66176948868979557,0.74817433922652854,0.042136486367195712,1.4241334654668785,-0.22622343784711582,0.0040404347992846227,0.028576885878776909,-0.0063998625139487153,-0.38669179244468427,-1.1961265146709532,0.16980654110626767,0.75645189472181207,0.062496469179196566,-9.7795887297121009,1,1.442604815872123,0.042011641296501021,0.040610868332096116,0.020858099884988844,0.0002232714109763926,0.00022293699037834232,0.00028980072749717312,0.031726369978754332,0.032001744250307836,0.0072400404721950536,0.081541690974791289,0.036827180229484148,0.001184801649031425,-0.16007467892611316,0.0057353228845641868,0.053894347811568648,0.052219183198695285,0.025486855419859521,0.03693375613826886,0.006730181933236659,0.026551854629147838,0.005368757741981171
699,1517157289584969355,-1.3326933295185543,1.4522762248871472,-0.9668602669171884,-0.0078894283176317165,0.046770341824785497,0.66954123006854627,0.74125895157138699,0.020540134295796986,1.0164333467784732,-0.19514504792463938,1.0352005773229105,0.0040404347992846227,0.028576885878776909,-0.0063998625139487153,-0.38669179244468427,-1.1961265146709532,0.16980654110626767,0.75645189472181207,0.062496469179196566,-9.7795887297121009,-1.3280972300411318,1.3604108996892925,-0.95731098438618878,-0.0071475938817955453,0.0447523063039705,0.66960010313498908,0.74133787496915915,0.015536428787396975,0.88687032029623525,-0.18582133931413053,0.0046571947460141176,0.031619543446886028,-0.0064224497825975928,-0.32813080738276657,-1.1939810845927099,0.16077193756608582,0.75625125800003823,0.062228985721496925,-9.7796059525989829,1,0.906261505188381,0.04199673990720109,0.039777670328524597,0.020110388863755647,0.00020000256314305084,0.00019956883513998585,0.00026754843187876273,0.030304154946634708,0.030556187686928138,0.0062710603598344575,0.036654172043701076,0.022508362393866128,-0.0050037055084000102,-0.12956302648223794,0.0093237086105088518,0.053700153087034831,0.050971953924806516,0.024459618365366129,0.036135814757095375,0.0068049229152545229,0.026059094503058652,0.0054598825314571024
700,1517157289685830427,-1.3285992228102776,1.4244368178774127,-0.98077411296058781,-0.004653802434429464,0.041311057107831485,0.67307623730436994,0.738403763167365,-0.026081873543108432,0.41717816301627053,-0.23352804375648395,0.47880395888701566,0.0046571947460141176,0.031619543446886028,-0.0064224497825975928,-0.32813080738276657,-1.1939810845927099,0.16077193756608582,0.75625125800003823,0.062228985721496925,-9.7796059525989829,-1.3298084796687526,1.3602572162764375,-0.96814866879746297,-0.0049175563167454094,0.040010012085723447,0.67317147005422839,0.73838688265556351,-0.037809162534140073,0.33172453193587026,-0.21890664698059645,0.0055032656231278256,0.033296613922703659,-0.0064807477206283992,-0.28348117049821353,-1.1910779743974023,0.15117968241220892,0.75606833079466695,0.062031758240179258,-9.7796213495277531,1,0.39923779624666389,0.041710832262703335,0.038503967072753116,0.019716488116189198,0.00017919469482422626,0.00017855635269546771,0.00024725535558969966,0.029010286553035121,0.029250601893537509,0.0054466753258669738,0.010973030450964531,0.013989372934749807,-0.011727288991031641,-0.085453631080400272,0.014621396775887502,0.053224852990427368,0.049203809750341977,0.02390102637972116,0.035426527560344416,0.0068002147739323121,0.025614193495190094,0.00547506786827577
701,1517157289786690308,-1.3357016602436005,1.3777393392808683,-0.99020246934929679,0.00044128100617939312,0.031796854212540783,0.67555558750193623,0.73662297922897768,-0.070310413548580059,0.041781951539607828,-0.22357260318354988,0.23806300557226345,0.0055032656231278256,0.033296613922703659,-0.0064807477206283992,-0.28348117049821353,-1.1910779743974023,0.15117968241220892,0.75606833079466695,0.062031758240179258,-9.7796213495277531,-1.3364878964512201,1.3600948226429093,-0.97519762714574421,-0.0011104267229677337,0.032093488642382262,0.67546237220849992,0.73669488845092534,-0.078069774168532446,0.027455048097363467,-0.20172842265561858,0.0061785360603207693,0.032747097371654967,-0.0063184782699216265,-0.25865672758525171,-1.1857709537314807,0.14247760839429394,0.75599412555905832,0.061924673544394994,-9.7796277647427186,1,0.2180436328166408,0.041055765012936507,0.037566491713319279,0.018850621870102936,0.00016058836987189971,0.00015964772693135469,0.00022870791720051379,0.027819274885435293,0.028068838281139406,0.0047447839168391955,0.009712301171294218,0.018469137744644364,-0.0077593606199523879,-0.014326903442244361,0.021844180527931301,0.052376642054890878,0.047891588051665442,0.022816064977918667,0.034853208186959354,0.0067035197039201399,0.02525061804271099,0.0054000399810723238
702,1517157289887550427,-1.344378449465965,1.3560730984667122,-0.99713048676549254,0.011949986167662496,0.017249353560616569,0.67687549207934405,0.73579835950801231,-0.083425975593636917,-0.091421384331907593,-0.23434299651983378,0.26501774079258789,0.0061785360603207693,0.032747097371654967,-0.0063184782699216265,-0.25865672758525171,-1.1857709537314807,0.14247760839429394,0.75599412555905832,0.061924673544394994,-9.7796277647427186,-1.3462745446486346,1.3663591847652294,-0.97954111982933656,0.0098198885895577417,0.018970760109026909,0.67664480879489619,0.73599964862756273,-0.088021877991747599,-0.062532263259595045,-0.20700572729526212,0.0064660719397692003,0.030796742800511423,-0.0060057076087580048,-0.24284331749458907,-1.1845675648797456,0.13465322702137944,0.75597136570163692,0.061878204031312056,-9.7796298182551435,1,0.23347270951141558,0.039444896743151603,0.036444944149446136,0.017458740431139604,0.00014395985183211112,0.00014267098081506815,0.00021178727400240593,0.026713033947665634,0.026997065005521566,0.0041474206780157917,0.012405105579233746,0.034267564453153897,-0.0045959023981106822,0.028889121072312549,0.027337269224571664,0.050327615057987767,0.046357274665885566,0.021105870666280151,0.034114918841718481,0.0064238953818469237,0.024778119754170515,0.0051670772902846626
703,1517157289988410307,-1.355714585871419,1.3586225777679755,-1.0015002966455568,0.020243098938012859,0.0086876967203141885,0.67674929197626865,0.73588391522080709,-0.10242434149349348,-0.091076340506345443,-0.22928655654679725,0.26712912709678666,0.0064660719397692003,0.030796742800511423,-0.0060057076087580048,-0.24284331749458907,-1.1845675648797456,0.13465322702137944,0.75597136570163692,0.061878204031312056,-9.7796298182551435,-1.3489492141830535,1.3524411576919628,-0.97979191854966385,0.019205850452883377,0.01024290296379898,0.67663365034586298,0.73599804447219264,-0.093045550880334699,-0.088220980707853086,-0.20039937174523828,0.0061491955853186214,0.029801636836678243,-0.0058220923889539195,-0.22097848087416982,-1.1831345471147026,0.12494583320361802,0.75587991705316082,0.061787571556553754,-9.7796374598957865,1,0.23790822636379463,0.037572160186028457,0.035423706302835117,0.015896119295527589,0.00012909611013991795,0.00012747770533068914,0.00019641629964638348,0.02568153878253222,0.026022414725840451,0.0036390053296689118,0.014174915686826807,0.025633895244556493,0.0093787906131587856,0.0028553597984923573,0.028887184801558968,0.047885664348170466,0.044946515000587176,0.019176772917585079,0.033260352099179352,0.0060840717079036774,0.024233809589704919,0.0048906287380852571
704,1517157290089209391,-1.3591612425946817,1.3432807790891959,-1.0008302682595585,0.027742351872865011,0.0016220517577811501,0.67638929458016595,0.73601987271948477,-0.11080680817347281,-0.081434283243749378,-0.21382062237224086,0.25422224485018702,0.0061491955853186214,0.029801636836678243,-0.0058220923889539195,-0.22097848087416982,-1.1831345471147026,0.12494583320361802,0.75587991705316082,0.061787571556553754,-9.7796374598957865,-1.3449129747569519,1.3355992497212201,-0.97925566604855463,0.027443279284493548,0.0036316806231858983,0.67615581641144773,0.73623840517249339,-0.087830545399166945,-0.081646047729705476,-0.18624752370493339,0.005173496483233465,0.029001467902287303,-0.0055070754148355116,-0.19909771483224348,-1.183306247707766,0.11611958297388877,0.75576474985021813,0.061682165347754808,-9.7796470260108013,1,0.22151393161879504,0.03578801656016934,0.034473502155213269,0.014400156527108979,0.00011579588407822435,0.00011391211706942854,0.00018249923210841853,0.024720063048844172,0.02513289261652055,0.0032057664675739722,0.017327107650866858,0.021151892177407004,0.022976262774305867,-0.00021176448595609798,0.027573098667307477,0.04549687223556613,0.043625509387931048,0.017316710233391486,0.03234700371943916,0.0057462559454474291,0.023654879477326741,0.0046237488091211108
705,1517157290190069271,-1.3542084089967137,1.3296217544323381,-0.99792096433750599,0.033648872937724152,-0.0028570454370134492,0.67573496323131266,0.73637072871494014,-0.098012341678963638,-0.032428371767251517,-0.18180860059118084,0.20907507184213164,0.005173496483233465,0.029001467902287303,-0.0055070754148355116,-0.19909771483224348,-1.183306247707766,0.11611958297388877,0.75576474985021813,0.061682165347754808,-9.7796470260108013,-1.3416024018736796,1.3052115449073669,-0.98132486265464414,0.033628679332956747,-0.0017528496257164662,0.67570128216416336,0.73640601350492774,-0.079802033870798456,-0.057521516384431599,-0.16177768974963705,0.0045009038722204431,0.029033285059043117,-0.0054133129636538884,-0.17279977248819586,-1.181464424214471,0.10905715655919057,0.75558136969723566,0.06154048603728024,-9.7796620883517651,1,0.18933861296051135,0.034229174053388392,0.033630380493562075,0.012993809137115566,0.00010386555784383392,0.00010180508013786631,0.00016991347216705017,0.023826886927126017,0.024317528061670254,0.0028354953294681033,0.030637461893309448,0.016430144642210168,0.018210307808165183,-0.025093144617180083,0.020030910841543792,0.043364052424260398,0.042449300216460831,0.015561938188400737,0.031443652603163987,0.0054382416632715322,0.023081961705968847,0.004386551175550194
706,1517157290290929390,-1.3499681691663348,1.3021886068619741,-0.99723171143126066,0.037167911123720615,-0.005912305699504127,0.67553987245255753,0.73636232369045074,-0.08681965662122243,0.0014961140165263313,-0.15262103871480359,0.17559348675666472,0.0045009038722204431,0.029033285059043117,-0.0054133129636538884,-0.17279977248819586,-1.181464424214471,0.10905715655919057,0.75558136969723566,0.06154048603728024,-9.7796620883517651,-1.3378230340427228,1.2904904751176338,-0.9789260836507393,0.036767650367213606,-0.0044030371697176265,0.67541478144345402,0.73650772308092616,-0.068707533907690937,-0.0048922958386213326,-0.13146118117149691,0.0038599554298804212,0.028552645282645128,-0.0052050328274902222,-0.15040150016816983,-1.1799104497680832,0.10243685424778944,0.75543331783834944,0.061422027283656887,-9.7796742704889805,1,0.14841395463114049,0.03292993557551651,0.032799454270933691,0.011762332198848483,9.3140212697407138e-05,9.0997322898257716e-05,0.00015851750785115829,0.023001158284970954,0.023566691721914647,0.0025178463063351992,0.015386606437594933,0.0082387097700805448,0.018112122713531492,-0.0063884098551476639,0.021159857543306682,0.04155619773896551,0.041299724843263629,0.014020915402861036,0.030581567805460997,0.0051715981805310098,0.022533892851618113,0.0041857736195249377
707,1517157290391789271,-1.3450548315865272,1.2921049659171873,-0.99181378943057585,0.037623260054188659,-0.0057752089659007704,0.67562758566391101,0.73625980655897028,-0.076423653448834311,0.024235385457178783,-0.12731151314001055,0.15045314916187244,0.0038599554298804212,0.028552645282645128,-0.0052050328274902222,-0.15040150016816983,-1.1799104497680832,0.10243685424778944,0.75543331783834944,0.061422027283656887,-9.7796742704889805,-1.3331909142642493,1.2594632000164865,-0.97488185134841154,0.037825513549062807,-0.0050641858158011269,0.67565119686614905,0.73623300980064443,-0.060092531002840024,-0.012665116674494391,-0.1089275162659618,0.0032912516168076503,0.029021807969672242,-0.005183972003182628,-0.12253954031653551,-1.1778081898921635,0.0957123535223081,0.75518378090633476,0.061272109041115734,-9.7796944832499619,1,0.12504687626077357,0.031845982374013281,0.031923425469804596,0.010742609019506362,8.348431522968696e-05,8.1344961714480851e-05,0.00014816339817188648,0.022240997402893387,0.022871971339318353,0.0022441801411914046,0.031630746889057086,0.0025981161786961587,0.016331122445994287,-0.036900502131673174,0.01838399687404875,0.040042168096656595,0.040105386794929976,0.01274294873742984,0.029784866672367984,0.0049432220597067297,0.022025528387943513,0.0040155532967447718
708,1517157290492649389,-1.3396652036683485,1.2573496225603185,-0.9859549222659062,0.038616039607441636,-0.006225301420268759,0.67590890696671613,0.73594646312780498,-0.070256239662856282,-0.032934423027363026,-0.11017876226539508,0.13475895178445271,0.0032912516168076503,0.029021807969672242,-0.005183972003182628,-0.12253954031653551,-1.1778081898921635,0.0957123535223081,0.75518378090633476,0.061272109041115734,-9.7796944832499619,-1.3305723252012136,1.2403150903583535,-0.97002311557794496,0.038308739432389854,-0.0051670377892754247,0.67584657564998185,0.73602795353558559,-0.057389915750526245,-0.047487757776253761,-0.093359374497889336,0.0028649170792215189,0.028898945386802797,-0.0050667233382044622,-0.10001172379709947,-1.1764442489203129,0.090437811568267037,0.7549912602404264,0.061155092686953724,-9.7797100801403687,1,0.11943476200464336,0.030888969232775204,0.031007080044016318,0.0099038923868447638,7.47916079101292e-05,7.2723264539514739e-05,0.00013871061093403365,0.021542251894219634,0.022226268886367383,0.002007466792165593,0.019927730062607393,0.0011389587043280785,0.012866323912330037,-0.014553334748890735,0.016819387767505745,0.03871972921012843,0.038869274164962768,0.011693659409949136,0.029054350574375415,0.0047399556539782584,0.021557311261640878,0.0038631077894830368
709,1517157290593509270,-1.336817782431529,1.2340030366157022,-0.97953546288118931,0.039187485755201514,-0.0064116742201380406,0.67598622493997196,0.73584363494243066,-0.067397875802411703,-0.078129589340263705,-0.094656024228361127,0.14002310279334498,0.0028649170792215189,0.028898945386802797,-0.0050667233382044622,-0.10001172379709947,-1.1764442489203129,0.090437811568267037,0.7549912602404264,0.061155092686953724,-9.7797100801403687,-1.336817782431529,1.2340030366157022,-0.97953546288118931,0.039187485755201514,-0.0064116742201380406,0.67598622493997196,0.73584363494243066,-0.067397875802411703,-0.078129589340263705,-0.094656024228361127,0.0028649170792215189,0.028898945386802797,-0.0050667233382044622,-0.10001172379709947,-1.1764442489203129,0.090437811568267037,0.7549912602404264,0.061155092686953724,-9.7797100801403687,0,0.14002310279334498,0.037496664135787582,0.037627784453783099,0.010779104839169723,7.4791607912102204e-05,7.2723264541487743e-05,0.00013871061093600679,0.021542251895008843,0.022226268887156592,0.0020074667929548193,0.013012782549607058,0.0030820711755778865,0,0,0,0.037496664135787582,0.037627784453783099,0.010779104839169723,0.028367915252207679,0.0045498498237600904,0.028367915252207679,0.0045498498237600904
710,1517157290694369389,-1.3441636001186628,1.2249102638756633,-0.98881084178741951,0.037526892950991507,-0.005219012106469972,0.67577283071562377,0.7361355686860086,-0.082940842613031862,-0.13159508642655171,-0.082113297756610762,0.17589497950037447,0.0028649170792215189,0.028898945386802797,-0.0050667233382044622,-0.10001172379709947,-1.1764442489203129,0.090437811568267037,0.7549912602404264,0.061155092686953724,-9.7797100801403687,-1.3307591919193964,1.2195124326373188,-0.97189668688713282,0.036956925694486546,-0.003797350268145149,0.67561535599342049,0.73631763290039454,-0.064657111380970148,-0.12986361334297053,-0.065514887325568344,0.002372681801061136,0.028395034917560985,-0.0048418206329721254,-0.080833152926927179,-1.1732188659700551,0.085940899312353061,0.75483822931588385,0.061024780223657073,-9.7797227068952246,1,0.15917694740101548,0.033634682710062244,0.033678736218282046,0.0096103217084526661,6.415558794878399e-05,6.2239560324358362e-05,0.00012925466800462165,0.02082877839473958,0.021573992461218987,0.0017518546778259724,0.017465251825823151,0.0069777698721572188,0.018283731232061715,0.0017314730835811809,0.016598410431042418,0.045271348602536308,0.045384993724194217,0.011725803519505262,0.036817446738695796,0.0053220670434701266,0.025318120479761654,0.0040822431609163438
711,1517157290795229269,-1.3379683458289497,1.1974804479132684,-0.97895613609788557,0.028442983781981634,0.0052398433617734984,0.67482850348806156,0.73740764275615445,-0.084388444068524346,-0.33621774808926885,-0.065937985939245575,0.3528620149750461,0.002372681801061136,0.028395034917560985,-0.0048418206329721254,-0.080833152926927179,-1.1732188659700551,0.085940899312353061,0.75483822931588385,0.061024780223657073,-9.7797227068952246,-1.3294727660238324,1.1910674592496193,-0.96049298954067241,0.028010842426258613,0.0066594498026310974,0.67463769961873188,0.73758729563899483,-0.071254991473013535,-0.33601296384510043,-0.048032505897412481,0.0019393140595713541,0.027984981772701648,-0.0046451677526400349,-0.061565365694401741,-1.1745303085270726,0.081423357123351123,0.75465027644325788,0.060945242777258747,-9.7797377080189154,1,0.34682720092947289,0.030910365116887134,0.03090622958719437,0.0087958329570664538,5.5970963801295793e-05,5.4235905815954049e-05,0.00012069533280043312,0.020204049573173347,0.020985336063403744,0.0015478231393536476,0.030672719406361359,0.027709059842266164,0.013133452595510811,0.00020478424416842111,0.017905480041833094,0.040434052237331305,0.040454178481971206,0.010581563139688234,0.032830737646285267,0.0047529950787270634,0.023258058735913873,0.0037438453910538147
712,1517157290896089388,-1.3381392241216754,1.1421610428183804,-0.96563521054675971,0.014881602341372417,0.019103925877961513,0.67330625884276873,0.73896702208620901,-0.10185720245122967,-0.67220989072839354,-0.063146617301269317,0.68280928681503927,0.0019393140595713541,0.027984981772701648,-0.0046451677526400349,-0.061565365694401741,-1.1745303085270726,0.081423357123351123,0.75465027644325788,0.060945242777258747,-9.7797377080189154,-1.3287911741895619,1.1373050092164307,-0.95361930678484197,0.014227316313956222,0.020179085194349859,0.67310059883043272,0.73913866888787338,-0.090336640483178549,-0.67050516806019278,-0.051007061493191869,0.0016713004058640508,0.027589401382276228,-0.004432376238205981,-0.044612301693859741,-1.1712132034709679,0.078746807110321129,0.75449709412118093,0.06082150678736617,-9.7797502973887322,1,0.67848331544068541,0.028806316476359423,0.028798388897126506,0.0082658531072475963,4.9354309369463189e-05,4.7795913493069117e-05,0.0001129069294631849,0.019642814719133084,0.020445990102808329,0.0013813511697224445,0.054204364359592333,0.038861160526219428,0.011520561968051124,0.0017047226682007643,0.012139555808077448,0.036962965170439184,0.036960521461036275,0.0098357685883685882,0.03010718569703056,0.0043376790510201123,0.021774381315076714,0.0034764707291129681
713,1517157290996949268,-1.3400641078474114,1.0486818089962471,-0.96022786506586344,0.0066899489033903897,0.028869032342191615,0.67005999073323252,0.74171519626732618,-0.1534442414611405,-1.1254290793523287,-0.07478281637882439,1.1383005831128103,0.0016713004058640508,0.027589401382276228,-0.004432376238205981,-0.044612301693859741,-1.1712132034709679,0.078746807110321129,0.75449709412118093,0.06082150678736617,-9.7797502973887322,-1.3380217907594221,1.0356649062055618,-0.94352832075770743,0.0061564467596559791,0.029533967151693388,0.67002013254542259,0.74172964409641517,-0.15135807335302867,-1.1350708392058908,-0.058924757332626934,0.0016163587792464382,0.027521043628894026,-0.0043921555455698081,-0.02609661319509482,-1.170683453669521,0.07465200502110339,0.75429471592772945,0.060739967883370605,-9.7797664152997648,1,1.1466329854889989,0.027231185553023077,0.027137169666051061,0.0080335169246762358,4.3839728140885862e-05,4.2433560611050385e-05,0.00010579397493501206,0.019126655110131639,0.019946864835059631,0.001243415511102765,0.10255604721965274,0.025989040222533465,0.0020861681081118244,-0.0096417598535620819,0.015858059046197456,0.034439886721578127,0.03434316038647877,0.0094733686980054219,0.028139898658484423,0.0040375946531908194,0.020663515173962622,0.0032806247889278911
714,1517157291097747399,-1.3556415659889542,0.90133008082201516,-0.95259983934587267,0.0079258690391334728,0.027595632258230685,0.66664676682975244,0.74482061595775129,-0.2200091493234162,-1.5177371163254867,-0.10169272345838211,1.5369682462765457,0.0016163587792464382,0.027521043628894026,-0.0043921555455698081,-0.02609661319509482,-1.170683453669521,0.07465200502110339,0.75429471592772945,0.060739967883370605,-9.7797664152997648,-1.3482501123063619,0.87660094064955818,-0.94243034379872093,0.0078136553587260169,0.027877003248922609,0.66667051721573856,0.74479006502174672,-0.21208966448261085,-1.5431304907670522,-0.092200727182681588,0.0014454842887207402,0.02785112220757481,-0.0043956866129514164,-0.007218222100021196,-1.1668657443520369,0.071942428980237061,0.75407137080985698,0.060609257465548336,-9.7797844498554554,1,1.560363647169571,0.026002605847485313,0.025711342452607061,0.0078463358148389614,3.9152081636372454e-05,3.7865408113009178e-05,9.9271956340922583e-05,0.018642277693142105,0.019481410273056284,0.0011279055906998287,0.15939626486675146,0.010213329620624234,0.0079194848408053464,-0.02539337444156553,0.0094919962757005205,0.032526176422154968,0.03220326274309733,0.0091871001858731677,0.026631467603516892,0.0038062946031710947,0.01978439008906948,0.0031258845106299643
715,1517157291198607279,-1.3718854310311084,0.7018233867402649,-0.95347448877977747,0.0074264433261354316,0.026574451095609759,0.66166056684755559,0.74929562975334751,-0.25978620840776562,-1.9432702748305117,-0.10516393673403554,1.9633766038914022,0.0014454842887207402,0.02785112220757481,-0.0043956866129514164,-0.007218222100021196,-1.1668657443520369,0.071942428980237061,0.75407137080985698,0.060609257465548336,-9.7797844498554554,-1.3621772278423467,0.70766551983043235,-0.94248136026022855,0.0065024737617564287,0.027740706607686669,0.66143998364861134,0.74945668257932851,-0.24916270845460908,-1.9286667705283627,-0.091988392208350436,0.0012525035503540237,0.027244845468637029,-0.0041851019727598918,0.0065633208583926201,-1.1621553104029574,0.070340330278403973,0.75394876487023021,0.060476364248300774,-9.7797947253159716,1,1.9468691356446683,0.025226071594239414,0.024603990089964667,0.0077386310816394488,3.5105640093354748e-05,3.3908074404041191e-05,9.3265295817786549e-05,0.018181339343650228,0.019044856899665678,0.0010303308565831227,0.16950853535196139,0.014265173039034544,0.010623499953156534,0.014603504302149073,0.013175544525685104,0.031290503127354152,0.030575873336332653,0.0090106166712712737,0.025525375629912837,0.0036519178318987237,0.019131220792169105,0.003025973741046609
716,1517157291299467398,-1.3901960024584414,0.49665099124432477,-0.95324544228942054,0.0079706286095586037,0.029079575129232593,0.65785815258662628,0.75253803788591755,-0.32435073453077312,-2.2829772094866478,-0.13955933534523643,2.3101223227587102,0.0012525035503540237,0.027244845468637029,-0.0041851019727598918,0.0065633208583926201,-1.1621553104029574,0.070340330278403973,0.75394876487023021,0.060476364248300774,-9.7797947253159716,-1.3881020226804757,0.53235224799411118,-0.93739873265202234,0.0063462108875667672,0.031225965328216889,0.65749751477778606,0.75278262649833405,-0.32066974661496472,-2.2299440389678034,-0.11862020695501796,0.0011614372665504559,0.025776313104769234,-0.0038910358181704499,0.016993965661977226,-1.1645083111876116,0.069335241687899202,0.75386846221743897,0.060439390475846198,-9.7798011442847308,1,2.2560031597540364,0.024431753601853682,0.023518464104098441,0.0076366289017896329,3.1573616042265449e-05,3.0437588271346668e-05,8.7709651467809735e-05,0.01773789029785227,0.018633949403598138,0.00094736788116204541,0.1772926151106092,0.012454161631544397,0.003680987915808398,0.053033170518844486,0.02093912839021847,0.030128427861061825,0.02905526973269618,0.0088547320883606249,0.024613528009726438,0.0035069337872598583,0.018576736210417683,0.0029232138646784209
717,1517157291400327278,-1.4251218012167755,0.28925172547546313,-0.94755718834009206,0.0051405423441602737,0.030458770221580132,0.65422518359225779,0.75566874177424959,-0.41892303156425326,-2.5604464833581866,-0.061616027044084615,2.5952223864834756,0.0011614372665504559,0.025776313104769234,-0.0038910358181704499,0.016993965661977226,-1.1645083111876116,0.069335241687899202,0.75386846221743897,0.060439390475846198,-9.7798011442847308,-1.4158897511248503,0.30027962951133241,-0.93634459221493438,0.0042901509625378588,0.031795733444639838,0.65402820251055516,0.75578947879700742,-0.40779928412699734,-2.5400973911508689,-0.047293129305680144,0.00093480955313188772,0.025106833065460799,-0.0037279655737825438,0.029230988630313311,-1.1622211056381406,0.06837174692549973,0.75374167981743934,0.06033980554272509,-9.7798115313114895,1,2.5730588125313933,0.024071501328339077,0.022918140254223122,0.0075470698605834569,2.8467561149716158e-05,2.7369533432595589e-05,8.2548983315792462e-05,0.017307192312246564,0.018245772529901075,0.00087654354421632741,0.23373268773026334,0.0101250898690392,0.011123747437255915,0.020349092207317732,0.014322897738404471,0.029556147505663051,0.028175780367503171,0.008723933385643149,0.024012475579519445,0.003430201495875247,0.018219479938625723,0.0028742736428752904
718,1517157291501187397,-1.4595943017838926,0.029856491904239807,-0.93975548131809294,-0.0045064501903128969,0.040433052279268265,0.6503038247801648,0.75858407290580354,-0.43383137442110836,-2.8513620943396552,-0.031079891078406221,2.8843441913368415,0.00093480955313188772,0.025106833065460799,-0.0037279655737825438,0.029230988630313311,-1.1622211056381406,0.06837174692549973,0.75374167981743934,0.06033980554272509,-9.7798115313114895,-1.4575103219396968,0.060171698355711331,-0.92725221367781796,-0.0061054953114111918,0.042093057000675851,0.65005070122884756,0.75869953427640136,-0.4316742290419191,-2.8064346645153102,-0.013611389871008722,0.00095171767864014466,0.023928758298354984,-0.0035212570104169168,0.039585019752949084,-1.1607798520604737,0.068003879651993532,0.75364911755007669,0.060256081566626554,-9.7798191809588353,1,2.8394723869314733,0.02355228003746053,0.022138741925349082,0.0073964415397472696,2.5715458766357372e-05,2.4637426285865295e-05,7.7743656369790826e-05,0.016887292698996158,0.01787861209569002,0.00081583631121165065,0.24385807730368156,0.030880285575525482,0.0021571453791892625,0.044927429824344944,0.017468501207397499,0.02883631312686679,0.027123833507533546,0.0085295023350082256,0.023452368632740608,0.0033240051511930256,0.017870428228954113,0.0027931768045354965
719,1517157291602047278,-1.5109298647104545,-0.24599141609517625,-0.93831457725655665,-0.0041239682564659401,0.025773983479311324,0.6480633288870602,0.76113902568010194,-0.60551158048305287,-3.2611468691664078,-0.13256701595512244,3.3195326764609794,0.00095171767864014466,0.023928758298354984,-0.0035212570104169168,0.039585019752949084,-1.1607798520604737,0.068003879651993532,0.75364911755007669,0.060256081566626554,-9.7798191809588353,-1.5080684609423785,-0.21971072103114941,-0.9248071757679559,-0.0054466840257473862,0.02730301838454384,0.64786223089051143,0.76124858528984574,-0.60202180283026452,-3.2228982415899021,-0.11438536912998583,0.00092274390801294799,0.02293857681466388,-0.0033645667262146637,0.049548015763900971,-1.1601795071386451,0.067429617053491223,0.75354538880237798,0.060188932912560819,-9.7798275874050873,1,3.2806382518341284,0.022922321336874246,0.021096149943865272,0.0076163714789142739,2.3280278916041834e-05,2.2203294339823406e-05,7.3252635967550319e-05,0.016473094879334235,0.017529573608380155,0.00076379066595325855,0.28442270006389742,0.030362527195968249,0.0034897776527883506,0.038248627576505712,0.018181646825136608,0.027987259126100363,0.025767449181424477,0.0087610771648223163,0.022862923566152656,0.003242157947820179,0.017491915730211798,0.0027350664249594465
720,1517157291702907396,-1.5647776081856575,-0.55270496791494961,-0.93501270980375062,0.018165355578699367,0.0042501614016831942,0.64453623525759496,0.76434612409871605,-0.58817435083202196,-3.3166608240034061,-0.1276812502765477,3.3708293623569565,0.00092274390801294799,0.02293857681466388,-0.0033645667262146637,0.049548015763900971,-1.1601795071386451,0.067429617053491223,0.75354538880237798,0.060188932912560819,-9.7798275874050873,-1.5554579701367621,-0.53058763685871779,-0.92276027677823835,0.017300576089673399,0.0058431313936041732,0.64435840912547326,0.76450558433001414,-0.57615281171516641,-3.284580706362791,-0.1117042764330838,0.00068166601826061474,0.022111870813244557,-0.0032117611258028864,0.059094267464585015,-1.1600774737859083,0.067264075058532352,0.75342646268397173,0.060128667690754679,-9.7798371207627657,1,3.33660011455245,0.021788873427418469,0.020275993592640582,0.0070413813404832286,2.1118926604857293e-05,2.0027350506302269e-05,6.9055418149071204e-05,0.016063325310764275,0.017197457359159857,0.00071905664761044024,0.31447481961457535,0.063275046842591692,0.012021539116855551,0.032080117640615136,0.015976973843463901,0.026588406032374522,0.024698757629673277,0.0080984547870577035,0.022261641240570128,0.0030242848813605587,0.017093254999292418,0.0025448070182978889
721,1517157291803767277,-1.6090969005161266,-0.86170513052320408,-0.93425121430228364,0.037327018989526367,-0.0054885386751294205,0.6339558926731792,0.77244837739587791,-0.49469509310080584,-3.272808149556889,-0.14588702225109779,3.3131977668417703,0.00068166601826061474,0.022111870813244557,-0.0032117611258028864,0.059094267464585015,-1.1600774737859083,0.067264075058532352,0.75342646268397173,0.060128667690754679,-9.7798371207627657,-1.601062342244068,-0.84866919370650784,-0.91696271437039745,0.036720295984999846,-0.0039014064584202792,0.63378197943368719,0.77262979585021352,-0.48351592236997365,-3.2515859156767299,-0.12760217605360491,0.00041861138940743766,0.02151482351460322,-0.003061104593133948,0.072755382713959413,-1.1624931540582615,0.066345075359138667,0.75323317640856668,0.060102348767368675,-9.7798521711542339,1,3.2898147257172674,0.020423963943383184,0.019408962784415604,0.0062808816911159391,1.9189285720843546e-05,1.8080587015428978e-05,6.5162703935161596e-05,0.015662600780459002,0.01688061686932411,0.00068028780453023813,0.32138644540784278,0.050989427220252612,0.011179170730832189,0.021222233880159092,0.018284846197492877,0.024886034057600329,0.023577776961501106,0.0072204412361436612,0.021535412240254834,0.0027530500209796307,0.016600568587769527,0.0023099053969111629
722,1517157291904628349,-1.6459247340897207,-1.1663324462214366,-0.92684997546198367,0.056724057623042702,-0.026668620270227344,0.64151014170839626,0.76454947783968763,-0.1931068084184728,-2.9112453999047947,0.028070514103173266,2.9177779167864051,0.00041861138940743766,0.02151482351460322,-0.003061104593133948,0.072755382713959413,-1.1624931540582615,0.066345075359138667,0.75323317640856668,0.060102348767368675,-9.7798521711542339,-1.6253610663188889,-1.2288911608015862,-0.91150594449870748,0.058225226623842621,-0.026608637396102742,0.64195988796139358,0.76406106146637631,-0.16752426057772848,-2.9821834547122874,0.038659930205428843,-0.000224775522133542,0.022704157226196588,-0.0034621698168730338,0.095973917577286322,-1.1650939716494204,0.063464095200923568,0.75286782093823634,0.060100238026336829,-9.7798803165266275,1,2.9871352707310255,0.019321207880996144,0.01911629164564466,0.0051334204213216031,1.7452920355829266e-05,1.6336292617817222e-05,6.1585196097074316e-05,0.015277682800564856,0.016577556106152028,0.0006462861819412619,0.38103667617533582,0.066887548093661722,0.025582547840744319,-0.070938054807492712,0.010589416102255576,0.023443401550164885,0.023136860890244131,0.0058931309460703235,0.020811939353430443,0.0024982132908739712,0.016107425194159232,0.0020995399071186251
723,1517157292005427433,-1.5964642271688081,-1.5001679827127463,-0.9182949062581619,0.056374312932767269,-0.068733719800553469,0.69659870412363745,0.71193248136112719,0.57656506173675914,-2.4586585840705406,-0.14988415520643492,2.5298012893152726,-0.000224775522133542,0.022704157226196588,-0.0034621698168730338,0.095973917577286322,-1.1650939716494204,0.063464095200923568,0.75286782093823634,0.060100238026336829,-9.7798803165266275,-1.5727998835784565,-1.5248229869589927,-0.90089869691819868,0.057136486925532283,-0.067631551077918045,0.69702916420194894,0.71155585825186007,0.60601449470387425,-2.4833323917215591,-0.13845118263969566,-0.00090439933454144257,0.023014451696763086,-0.0037687648491778305,0.11224150900465051,-1.1696265025561841,0.061757627850798254,0.75259674356683459,0.060131403099562393,-9.7799009890659896,1,2.5599535280037879,0.017895684833910335,0.018298627592781454,0.0041239448573111154,1.5872942864608346e-05,1.4763036023806382e-05,5.8354098820806726e-05,0.014921280500032283,0.016288631979513406,0.00061539483200734378,0.30075045696584529,0.17295254159905663,0.029449432967115108,-0.024673807651018453,0.011432972566739252,0.02155001992972053,0.022020009954399174,0.0046941413260150611,0.01963194896976159,0.0023059799997144506,0.01527125538957882,0.0019664115085306485
724,1517157292106287314,-1.5207747289345244,-1.7590836245739403,-0.9121374485412751,0.080466384847460687,-0.014641663010474161,0.72590820429100844,0.68291145952961974,0.29940611894318842,-2.3122048524200052,-0.0010012133982363813,2.3315094479850407,-0.00090439933454144257,0.023014451696763086,-0.0037687648491778305,0.11224150900465051,-1.1696265025561841,0.061757627850798254,0.75259674356683459,0.060131403099562393,-9.7799009890659896,-1.5042980425034014,-1.7603778933068819,-0.89680155365150072,0.080751639681916801,-0.013060780852563575,0.72582309917893706,0.68300030555665958,0.32310839380935008,-2.3099797344235737,0.0092712252802133414,-0.001461368970504166,0.022853587543311852,-0.0037081953506281117,0.12478602777663347,-1.1775148668809818,0.061374963041451562,0.75236304238789475,0.060213167191043207,-9.7799184672954045,1,2.3324860906800406,0.018029658745121552,0.017763660073530071,0.0037221949592044241,1.4424543745644877e-05,1.3345539449732719e-05,5.5424163771653075e-05,0.014598618616682395,0.016011037968923475,0.00058675209075705157,0.24534751418790207,0.14397767044290311,0.023702274866161666,0.002225117996431436,0.010272438678449722,0.021569500391568141,0.021374421916181819,0.0042132333394185569,0.019205739597880672,0.0022718047358883,0.014997517123839975,0.0019498074423286572
725,1517157292207147432,-1.4758456589466087,-1.9812905387919082,-0.8936857328654918,0.093660768183542145,-0.024492715800755935,0.72757078909497752,0.67916751558926014,0.20094906890305608,-1.9885104080567508,0.061183485471719173,1.9995743522403708,-0.001461368970504166,0.022853587543311852,-0.0037081953506281117,0.12478602777663347,-1.1775148668809818,0.061374963041451562,0.75236304238789475,0.060213167191043207,-9.7799184672954045,-1.4686253174581352,-1.9656602426607173,-0.88341637542029683,0.093222124303049519,-0.023059359645849514,0.72739468420909636,0.67946661055382462,0.21289582239982485,-1.9663607004643708,0.066904205024748212,-0.0017223250335454091,0.022368910423963457,-0.003507016693663986,0.1342514866641491,-1.1829572076601258,0.061953082025341624,0.75217502606418085,0.060250589338258248,-9.779932698983659,1,1.9789833774380274,0.018358500461855325,0.017183879017595924,0.0034735373616362978,1.3086498143055834e-05,1.206967370589604e-05,5.2729392951609019e-05,0.014309667979143958,0.015742765289738791,0.00056012232829372687,0.20878828814056208,0.032890578563020717,0.011946753496768769,0.022149707592379997,0.0057207195530290383,0.021841486560670958,0.020648973085258895,0.0038964079077993012,0.018774587196308593,0.0023349914805573398,0.014701337069948087,0.0020248125790273525
726,1517157292308007313,-1.4524684474551826,-2.1473701843309452,-0.88015786517899885,0.089423984263602374,-0.034534126235268629,0.73028166933302041,0.67638704053209786,0.17292848730415009,-1.6145214938468657,0.032180579359941813,1.6240749691756098,-0.0017223250335454091,0.022368910423963457,-0.003507016693663986,0.1342514866641491,-1.1829572076601258,0.061953082025341624,0.75217502606418085,0.060250589338258248,-9.779932698983659,-1.4426366947885689,-2.1528727693213727,-0.87100096775624292,0.089637049318817649,-0.033540314301472501,0.72999765147723239,0.67671535784530734,0.18832902386489325,-1.61757692614996,0.037244219993730426,-0.0020543023338445501,0.022363350198283782,-0.0032977481868191154,0.14495078727404798,-1.1874250722179054,0.061931504432531821,0.75198300965088549,0.06029213557546996,-9.7799472090387169,1,1.6289291160653976,0.018825815893109801,0.01648857669479491,0.0033963664301011882,1.1849473993649212e-05,1.0925124536745223e-05,5.0223237708800909e-05,0.014054067787617983,0.015481445393688134,0.00053511284308647403,0.18941510233978806,0.023413634353436123,0.015400536560743167,-0.003055432303094241,0.0050636406337886131,0.022316361810706658,0.019779108621236101,0.0037728822686442318,0.018393020244235562,0.0024452285374942859,0.014434365032734934,0.0021360245505483402
727,1517157292408867432,-1.427681160108385,-2.2936505319974949,-0.86306403663127707,0.086781296299801608,-0.037684148348102929,0.73958318105756526,0.66638249517268933,0.14427113117259024,-1.2094169749595189,0.074949705785294224,1.2202954711902174,-0.0020543023338445501,0.022363350198283782,-0.0032977481868191154,0.14495078727404798,-1.1874250722179054,0.061931504432531821,0.75198300965088549,0.06029213557546996,-9.7799472090387169,-1.3977337147888631,-2.3792558521524714,-0.86222188560010848,0.089227486249276317,-0.038064402119142138,0.73927529148137261,0.66637947176821222,0.18292943181214996,-1.3044186613512079,0.079939607943514471,-0.0028131631138629955,0.023945760061026271,-0.0033150177037445886,0.16131174135196175,-1.1844691480417278,0.060761832112668952,0.75185545292577427,0.060295781394604057,-9.7799569935992992,1,1.31960659365682,0.01986784879588217,0.015988885256679446,0.0035092860650840899,1.070669174211562e-05,9.8972400443535845e-06,4.7862164829814325e-05,0.013829267330159599,0.015225832157630771,0.00051131095604014251,0.23096027816157091,0.029226293476709842,0.038658300639559717,-0.095001686391688933,0.0049899021582202469,0.023506289548773776,0.01914442307258224,0.0038616278747196538,0.01824065443726474,0.0026434474437256775,0.014330457866809343,0.0023201799030729028
728,1517157292509727312,-1.3808846998355195,-2.4916375518798746,-0.85073108171766842,0.093059837395872438,-0.038847250326938573,0.74216147233847296,0.66259120638768065,0.14446317080153864,-0.92061020954299122,0.13402928169711098,0.94146514220393107,-0.0028131631138629955,0.023945760061026271,-0.0033150177037445886,0.16131174135196175,-1.1844691480417278,0.060761832112668952,0.75185545292577427,0.060295781394604057,-9.7799569935992992,-1.3700371441699128,-2.4989078686179615,-0.84885070757966241,0.093293511999373913,-0.03802856798145194,0.74193850541839013,0.66285549165231339,0.1605821236638923,-0.92538960374824986,0.13371590884238557,-0.0031125151332405607,0.023984876133777519,-0.003163980329585976,0.1706641051546382,-1.1876551776258268,0.061684591758198466,0.75169180300218863,0.06033544235367632,-9.7799693285661853,1,0.94868987632592228,0.021023493796218141,0.015540039694203665,0.0037638203902606335,9.6563822731509463e-06,8.972989441220838e-06,4.5608722874988446e-05,0.013629980433946375,0.01497514083645474,0.00048840752669453537,0.12354146457753726,0.01200751466176191,0.016118952862353653,-0.0047793942052586358,-0.00031337285472540777,0.024887452107925222,0.018573299011348667,0.0041121731510316969,0.018244370134192903,0.0028404019830086179,0.014336000377336495,0.0024951300802944451
729,1517157292610587431,-1.3543630489823606,-2.5851730060697848,-0.83260979996376339,0.091224094523239568,-0.032874458372148141,0.74178851710875848,0.6635866412539837,0.13995366011221666,-0.80328824081760763,0.1915231483865405,0.83757993122002716,-0.0031125151332405607,0.023984876133777519,-0.003163980329585976,0.1706641051546382,-1.1876551776258268,0.061684591758198466,0.75169180300218863,0.06033544235367632,-9.7799693285661853,-1.3474421571665813,-2.5861888459379063,-0.8309326383564748,0.091312058600612908,-0.03199050733847611,0.74162239312185951,0.66380339063200988,0.15140281694951441,-0.80113137513948018,0.19054800094501217,-0.0033324687934943443,0.023916568967853699,-0.0030438588316679832,0.17906144580785552,-1.1930998830813329,0.062830136100351638,0.75152296736848134,0.060403946820298877,-9.7799818810019392,1,0.83728300703959291,0.021246269110516695,0.015107189368594561,0.0038938663713480293,8.698963519747651e-06,8.1407066428820857e-06,4.3439793544199767e-05,0.013448968046956685,0.014729327965075235,0.00046623512504479446,0.091921486303760222,0.01286591093881671,0.011449156837297747,0.0021568656781274509,-0.00097514744152832344,0.025265686739474127,0.018026239920798121,0.0042441112326464031,0.018282273539259576,0.0028817884741753545,0.014363063412356216,0.0025190532668811967
730,1517157292711447312,-1.3324666035567057,-2.6665833415255129,-0.81088476086026795,0.086627610728951074,-0.025828363975608448,0.74211782973681506,0.66414582695403412,0.14723123991094508,-0.8011697569222862,0.1973411836705706,0.83814888903173479,-0.0033324687934943443,0.023916568967853699,-0.0030438588316679832,0.17906144580785552,-1.1930998830813329,0.062830136100351638,0.75152296736848134,0.060403946820298877,-9.7799818810019392,-1.3409759457675661,-2.5901193415855963,-0.81446799065365416,0.084422098647720323,-0.023988861122551951,0.74219953992795407,0.66440747040704784,0.13584349963330755,-0.71293274628209058,0.1865063142984936,-0.0031753680247038115,0.022469796253772191,-0.0028546360967821398,0.18212176864139559,-1.1981548607174006,0.065936953150505989,0.75110577555739966,0.060409188486809817,-9.7800138979385238,1,0.74934048495137151,0.020670463388040263,0.014575589112276917,0.0039211732076600402,7.8354825047678894e-06,7.3907680309577985e-06,4.1354484812022197e-05,0.013278349495799693,0.014489073513364974,0.00044479563464068712,0.018120301042512006,0.021184612352999732,-0.011387740277637531,0.088237010640195623,-0.010834869372077005,0.024711055965409217,0.017367756115627409,0.0042725203324799552,0.018196148107039716,0.0028038088636243266,0.014296247786809423,0.0024349588413521508
731,1517157292812307430,-1.3276127744187967,-2.6642274271342812,-0.79653965663117343,0.080620782312495323,-0.019904297633537387,0.74255567707474013,0.66461656226662924,0.13419138483657317,-0.77254997349969656,0.16918473548930463,0.80216224296667393,-0.0031753680247038115,0.022469796253772191,-0.0028546360967821398,0.18212176864139559,-1.1981548607174006,0.065936953150505989,0.75110577555739966,0.060409188486809817,-9.7800138979385238,-1.3180747828665931,-2.674917245670914,-0.80081308493971515,0.080760964278110733,-0.019336883843154611,0.74229674924780231,0.664905472701385,0.14777925041552886,-0.78067206446275494,0.16488747642388812,-0.0033798606721769709,0.022574974675685908,-0.0027069724132242571,0.19207733274422686,-1.1993738846190112,0.067474204110282765,0.75098958709193042,0.060453316517433589,-9.7800225478575218,1,0.81146500785144993,0.019659116225676614,0.014014038530736003,0.003883645929864872,7.0651428673367931e-06,6.7156708982345443e-06,3.9364831165282357e-05,0.013111334286054438,0.014254907028255119,0.00042415198448116526,0.088890968323762865,0.011883157370324811,0.013587865578955693,-0.0081220909630583815,-0.0042972590654165033,0.023602743473696432,0.016674352857597132,0.0042342514744732112,0.017970071706604061,0.0026560028542906215,0.014129599299084422,0.002292430031909412
732,1517157292913167311,-1.3024308511690796,-2.7583675173790341,-0.78498094173350641,0.078861508272068406,-0.017486250681638969,0.74259034163742499,0.66485688539486909,0.16150540678655259,-0.88314043651431595,0.14919769305407515,0.91009943338112476,-0.0033798606721769709,0.022574974675685908,-0.0027069724132242571,0.19207733274422686,-1.1993738846190112,0.067474204110282765,0.75098958709193042,0.060453316517433589,-9.7800225478575218,-1.2965379406946911,-2.7627303833198571,-0.79150339647000345,0.078699154033996618,-0.016897962907901992,0.74240574487226807,0.66509744548039695,0.16984261623956579,-0.88428639381400331,0.14284291971984189,-0.0035020365812703253,0.022567038490354473,-0.0025855645455168598,0.20250858207373754,-1.2003132865470902,0.069375305403653498,0.75084585729531328,0.060490657127978131,-9.7800333526518557,1,0.91170885719607009,0.018462230537299465,0.013472960769402657,0.0037945309180478985,6.3833821774429175e-06,6.108489530650019e-06,3.7485875934387663e-05,0.012942974885513676,0.014027325162832205,0.00040438497737686671,0.090893635717209154,0.0064025429814124086,0.0083372094530131946,-0.0011459572996873613,-0.0063547733342332602,0.022224201849799452,0.016004718494056748,0.0041412227865148558,0.017628561903131459,0.0024694684974233588,0.013883855538142,0.0021205910744941567
733,1517157293013966395,-1.2786448554979839,-2.85766433374204,-0.7776132150957018,0.077522872797292794,-0.015825422119389514,0.74254867152373472,0.66510242115506935,0.1863277848738539,-1.0072485497280337,0.13375375795624525,1.0330332773500777,-0.0035020365812703253,0.022567038490354473,-0.0025855645455168598,0.20250858207373754,-1.2003132865470902,0.069375305403653498,0.75084585729531328,0.060490657127978131,-9.7800333526518557,-1.2786448554979839,-2.85766433374204,-0.7776132150957018,0.077522872797292794,-0.015825422119389514,0.74254867152373472,0.66510242115506935,0.1863277848738539,-1.0072485497280337,0.13375375795624525,-0.0035020365812703253,0.022567038490354473,-0.0025855645455168598,0.20250858207373754,-1.2003132865470902,0.069375305403653498,0.75084585729531328,0.060490657127978131,-9.7800333526518557,0,1.0330332773500777,0.020779097140929757,0.015372220217792679,0.0040233761457283248,6.3833821794246485e-06,6.10848953263175e-06,3.7485875936369402e-05,0.01294297488630637,0.014027325163624899,0.00040438497816955884,0.09759894763381978,0.0031965197447497034,0,0,0,0.020779097140929757,0.015372220217792679,0.0040233761457283248,0.01720432164303139,0.0022696112095388563,0.01720432164303139,0.0022696112095388563
734,1517157293114826275,-1.259009588278643,-2.9654042647503038,-0.76436944453390898,0.077791007642573323,-0.016132767356734492,0.74253576519703679,0.66507813853006637,0.20518668555063313,-1.1299779733803654,0.12925893154662652,1.1557074316783758,-0.0035020365812703253,0.022567038490354473,-0.0025855645455168598,0.20250858207373754,-1.2003132865470902,0.069375305403653498,0.75084585729531328,0.060490657127978131,-9.7800333526518557,-1.2396347504378358,-3.0433254423048006,-0.76989376496097273,0.079380927957400149,-0.0165463042359969,0.74226427608274093,0.66518315714103671,0.23100739757516081,-1.2078111997468826,0.12616896399156774,-0.0038200355538247958,0.023664787122374499,-0.0026219672213499629,0.21802208497809186,-1.2007294426519544,0.070410843448965435,0.75125700110321425,0.060610650747840736,-9.7800010361609537,1,1.2361597467330661,0.018367297977626835,0.014097605385673194,0.0038331180769356379,5.600121105909127e-06,5.4006428518707822e-06,3.5536526703052802e-05,0.012750779416152385,0.013795721423928185,0.00038201516787533731,0.18987212918156143,0.0040296106231687565,0.025820712024527681,-0.077833226366517128,-0.0030899675550587757,0.023332328619473083,0.017476067665512605,0.0042603980415720499,0.02103059903924059,0.0024277657256655577,0.015775175346533155,0.0019826455395101769
735,1517157293215686394,-1.215415718318863,-3.169716178579959,-0.75719221233821599,0.080564626074684745,-0.017198002564961585,0.74222418242959842,0.66506904359617869,0.24840984908428196,-1.3001340820175469,0.12621120612680667,1.3296561032453724,-0.0038200355538247958,0.023664787122374499,-0.0026219672213499629,0.21802208497809186,-1.2007294426519544,0.070410843448965435,0.75125700110321425,0.060610650747840736,-9.7800010361609537,-1.2044570783630861,-3.2025868176687888,-0.76630441088181334,0.080946592151234911,-0.016984026039878239,0.74205080856437833,0.66522160938106212,0.26235170854140633,-1.3303431741020433,0.11898405284733735,-0.0039888141871389955,0.024065060957451097,-0.0025907480198664188,0.23204800116602078,-1.2010159702267436,0.072321235836137532,0.75136003360584191,0.060710081355569004,-9.7799925043898472,1,1.3611754422874638,0.016589794877450523,0.013108275724372266,0.0036897878425393884,4.9867348846689612e-06,4.8270272724613945e-06,3.3797996766942729e-05,0.012553292581575951,0.013575295096621538,0.00036181682889716937,0.16313962657225053,0.0032802148128408645,0.013941859457124367,-0.030209092084496403,-0.0072271532794693227,0.02071470672424457,0.016016925434875064,0.0040906472997331699,0.0192325071130818,0.0021322427209539709,0.014686988917873751,0.0017639829138355522
736,1517157293316546274,-1.1773880377247921,-3.3407036918855351,-0.75427396141301262,0.081992768021054277,-0.01770465382630923,0.74203260138392235,0.66509499299614683,0.27627623202596036,-1.4119443483662895,0.12001278888959399,1.4437168935643254,-0.0039888141871389955,0.024065060957451097,-0.0025907480198664188,0.23204800116602078,-1.2010159702267436,0.072321235836137532,0.75136003360584191,0.060710081355569004,-9.7799925043898472,-1.1725037644220009,-3.355117653745197,-0.76405631356952053,0.081873146418236953,-0.017272343081882,0.74197171422480945,0.66518901776137063,0.28251862875061384,-1.4232517065093737,0.11181841656650092,-0.0040698459747267653,0.024192405402192075,-0.0025713580982429946,0.24535509183017828,-1.2019585588772408,0.074423464775055001,0.75132614597458702,0.060787508718071162,-9.7799946268471327,1,1.455323178526478,0.015198132385993435,0.012311398420975563,0.003570233309775404,4.4892143912641993e-06,4.3494235680879137e-06,3.2227426027295373e-05,0.01235053492444039,0.013364485723426052,0.00034349010610982503,0.15585802567564877,0.0019482789632670743,0.0062423967246534873,-0.011307358143084256,-0.0081943723230930715,0.018723421638124821,0.014876849611208717,0.0039499083073027486,0.017854011822281565,0.0018996854553919799,0.01382635250859332,0.0015878521473607036
737,1517157293417406393,-1.1431424434789812,-3.5029793575019008,-0.75284227638242696,0.082871040780095204,-0.017933735135949733,0.74197419844882617,0.66504515679788156,0.30036482278365711,-1.5165490190962194,0.11054431490776988,1.5499548379375419,-0.0040698459747267653,0.024192405402192075,-0.0025713580982429946,0.24535509183017828,-1.2019585588772408,0.074423464775055001,0.75132614597458702,0.060787508718071162,-9.7799946268471327,-1.0915092159225712,-3.746028590399296,-0.76031937731639543,0.087525036552252411,-0.020689360411497281,0.74169377840979267,0.66468162108673889,0.36276444607938385,-1.7551299718894686,0.10594318408288772,-0.0046679358066902682,0.027313194938265523,-0.0030581899268165838,0.27143078677194282,-1.1954469045402831,0.074483569567468266,0.75365990190344456,0.061114215838683948,-9.779813025047325,1,1.7953560147830374,0.014038760400040325,0.011644955871961245,0.003450224060568633,4.0744148382314307e-06,3.9434153565280984e-06,3.0794400779155628e-05,0.01214283995443698,0.013162165944640147,0.0003268048100681768,0.39923106338932524,0.013259672729273338,0.062399623295726736,-0.2385809527932492,-0.0046011308248821575,0.017109641160272929,0.013948660156255782,0.0038111243660599887,0.016749746094334772,0.0017030743236007213,0.013118239018886424,0.0014350623656001085
738,1517157293518266274,-1.0538102709256956,-3.928674663817032,-0.74982229841375603,0.088665675303833999,-0.021511346422358212,0.741683619129753,0.66451566506185855,0.38694003154839518,-1.8737195042355534,0.10214279183161214,1.9159803022188295,-0.0046679358066902682,0.027313194938265523,-0.0030581899268165838,0.27143078677194282,-1.1954469045402831,0.074483569567468266,0.75365990190344456,0.061114215838683948,-9.779813025047325,-1.0243829927425021,-4.0676301789771845,-0.75970590568306406,0.09092203322993006,-0.022781784512470923,0.74161680048583811,0.66424294908181858,0.42164337299390087,-2.0069474356182693,0.093800099596289238,-0.0049911650888999001,0.028991883703548733,-0.0033817755942539573,0.29320455226204023,-1.1919003488357598,0.075675542160325834,0.75505525489278247,0.061345316686622763,-9.7797039481867465,1,2.0529051614745129,0.013046112887525536,0.01107339489834107,0.0033272243035820806,3.7208606458364401e-06,3.5926672513930244e-06,2.9476691835544284e-05,0.011930896264077437,0.012967479599444293,0.0003115825146054755,0.32853293284187934,0.0080289987967351612,0.034703341445505687,-0.13322793138271583,-0.0083426922353228988,0.015758713055935871,0.013170752750829637,0.0036707198374416081,0.015836271735688474,0.0015309694257801384,0.012519023756984621,0.0012985300913370978
739,1517157293619126392,-0.98053748470444735,-4.2761254379604914,-0.75050504649230843,0.092229153545996312,-0.023632217586365422,0.74158391778997357,0.66406972104095596,0.44851913086222756,-2.1321959310770424,0.089101157306952908,2.1806806083157482,-0.0049911650888999001,0.028991883703548733,-0.0033817755942539573,0.29320455226204023,-1.1919003488357598,0.075675542160325834,0.75505525489278247,0.061345316686622763,-9.7797039481867465,-0.96444754614316397,-4.3576322478514617,-0.76123495606713754,0.093199610620274931,-0.024086187078295934,0.7416996870299386,0.6637885675664722,0.46715305639673443,-2.2081342087566043,0.079495064051319259,-0.0051685553931101426,0.02990180476590517,-0.0036471342276011413,0.31268373497439661,-1.1904070852817361,0.077366885596820464,0.75588189294882469,0.061510179952364581,-9.7796390557972206,1,2.2584083171983069,0.012207846142591607,0.010575624432804309,0.0032118937984602592,3.4140486537197913e-06,3.2857892030957773e-06,2.8257059944685741e-05,0.011715590017123597,0.012779749364679217,0.00029767662288523127,0.29613475936725192,0.0053299762726726346,0.018633925534506879,-0.07593827767956185,-0.0096060932556336492,0.014635320125729347,0.01250614958007318,0.0035397447023248984,0.015070176662802871,0.0013843036132365942,0.012007243642423143,0.0011810887183646302
740,1517157293719986273,-0.91601521353864757,-4.5864229087376192,-0.75348685715140884,0.094484365277624535,-0.024952778066761078,0.74168701188596087,0.66358905957264702,0.49509295550042864,-2.3355205318489975,0.074023299645958537,2.388567067964567,-0.0051685553931101426,0.02990180476590517,-0.0036471342276011413,0.31268373497439661,-1.1904070852817361,0.077366885596820464,0.75588189294882469,0.061510179952364581,-9.7796390557972206,-0.91284933206068253,-4.6022117093452604,-0.76651675188294299,0.094033815342132121,-0.024606942123145882,0.74183557930119481,0.66349989695131883,0.49807868240843706,-2.3476166154643376,0.06321267222067789,-0.0052059802367796946,0.030014166822949401,-0.0037461048921151098,0.32942140739437353,-1.1880926453307044,0.079394443700542938,0.75593527945923888,0.061592630085833246,-9.779634410405535,1,2.4007044776488495,0.011493561370411777,0.01013473935159747,0.0031048037689063593,3.1439058724986748e-06,3.0145731528488603e-06,2.7121397910129918e-05,0.011497829549918837,0.012598401788231652,0.00028496148052936871,0.25001877139154566,0.0020677338932798169,0.0029857269080084126,-0.012096083615340092,-0.010810627425280647,0.013690489046824739,0.01192726197966445,0.0034185853527282442,0.014417634230511615,0.001259804277592516,0.011564396375613278,0.0010808463163029009
741,1517157293820846392,-0.86121335488258055,-4.8454204771296547,-0.76046614513121935,0.09532616276463847,-0.025460724929823115,0.74182901123138179,0.66329057906327005,0.52751030616518813,-2.4825087387395204,0.056666841783234216,2.5385680790528862,-0.0052059802367796946,0.030014166822949401,-0.0037461048921151098,0.32942140739437353,-1.1880926453307044,0.079394443700542938,0.75593527945923888,0.061592630085833246,-9.779634410405535,-0.86882469078456537,-4.8133680596030395,-0.77179248863509264,0.094019030638595694,-0.024494570501372884,0.74202779455265733,0.66329118040650259,0.51864098924091406,-2.4492623231845956,0.047851169778867955,-0.0051544822973054252,0.029583449011228363,-0.0037385635336849251,0.34298457579644553,-1.1876588522150691,0.081385778449983029,0.7553367810929188,0.061575929436938168,-9.7796807592089721,1,2.5040295800851875,0.010871724584062162,0.0097375209819965409,0.0029991489511054497,2.9032374026215502e-06,2.7729312385188566e-06,2.605819594467874e-05,0.011278562607548703,0.012422951216913459,0.00027332823373817414,0.21576145784628609,0.00061108188825932945,-0.0088693169242740622,0.033246415554924802,-0.0088156720043662609,0.012877870528990672,0.011413398833235571,0.0032997616842722205,0.01385071655559794,0.0011521444782641821,0.011173995619302032,0.0009936732845905686
742,1517157293921706272,-0.81508027422360008,-5.066877595725872,-0.76729901755871988,0.095316996846048802,-0.025358132345365117,0.74201252243351479,0.66309053061256873,0.54871402363306565,-2.5840140104874227,0.041109716292200116,2.6419510773101966,-0.0051544822973054252,0.029583449011228363,-0.0037385635336849251,0.34298457579644553,-1.1876588522150691,0.081385778449983029,0.7553367810929188,0.061575929436938168,-9.7796807592089721,-0.83004956342643843,-5.0047072713184448,-0.77646543202577534,0.093540925049499554,-0.024017072037592537,0.7422644835250094,0.66311138739202491,0.53223864189247028,-2.5230434087937077,0.034700465627514415,-0.0050547022132048291,0.02883843397717633,-0.0036778890144682718,0.35401546902157893,-1.1888377117020117,0.083214380681726027,0.75426642040316183,0.061473093833574299,-9.7797640168762126,1,2.5788040128896341,0.010329976035477369,0.0093758884017914219,0.0028980673404435716,2.6867835018621724e-06,2.5562339345656374e-06,2.5057997194964021e-05,0.011058757642568293,0.012252981343175888,0.0002626812933397761,0.19528451254885576,0.0014763969109585189,-0.016475381740595374,0.060970601693715043,-0.0064092506646857006,0.012177143813850265,0.010951506093078416,0.0031864393228664169,0.013353457720782802,0.0010608533312773099,0.010827179569280459,0.00091963844664047381
743,1517157294022505356,-0.77502926782474513,-5.2654189012182249,-0.77330216297944165,0.094778646520409113,-0.024846909862628424,0.74226075949186443,0.66290919751697408,0.56109128445706513,-2.6570776020694629,0.027772488515363063,2.7158159223392189,-0.0050547022132048291,0.02883843397717633,-0.0036778890144682718,0.35401546902157893,-1.1888377117020117,0.083214380681726027,0.75426642040316183,0.061473093833574299,-9.7797640168762126,-0.79904202482844255,-5.1659143316217655,-0.78242945645473383,0.092328076535628301,-0.023130830789950197,0.74244818520357103,0.66310721850853205,0.53510973936303718,-2.5621496651336519,0.022779655718419344,-0.004882879959849244,0.027731254908922399,-0.0034776881838049214,0.3629667998914346,-1.1895061818331154,0.084946161228939429,0.75256236599054904,0.061265755577753475,-9.7798965941613236,1,2.6175317099168662,0.0098518004533470257,0.0090428620142060344,0.0028009970600835861,2.4906713217341143e-06,2.3609106902676528e-06,2.4112994907030999e-05,0.010839350868821823,0.012088130141959945,0.00025293563478459249,0.16427036655749533,0.0030266742077724967,-0.025981545094027947,0.094927936935810919,-0.0049928327969437185,0.011564410672918803,0.010530685910794967,0.0030778709757652897,0.012910608679104894,0.00098372158945822193,0.010514754421744698,0.00085705773806679577
744,1517157294123365475,-0.74368723073196608,-5.4306977357965405,-0.78045530409952102,0.093540004741321167,-0.023934073970178389,0.7424385196525467,0.66291965738867531,0.56391347675642267,-2.6950632248294903,0.01597289421432925,2.7534740471712151,-0.004882879959849244,0.027731254908922399,-0.0034776881838049214,0.3629667998914346,-1.1895061818331154,0.084946161228939429,0.75256236599054904,0.061265755577753475,-9.7798965941613236,-0.77126526013347807,-5.3115982876597272,-0.78800634023711724,0.090840183395467247,-0.022018431446036896,0.74261442790885668,0.66316443000128977,0.5345205413080234,-2.583187232462103,0.01311005919850438,-0.0046997953188796576,0.026464202047765506,-0.0032284639364981503,0.37015944501936959,-1.1902003333305837,0.086446319188157414,0.75046337881387004,0.061000623977510708,-9.780059541788777,1,2.6379424483274136,0.0094260761564337655,0.0087341371297899994,0.0027064555373968271,2.3119033994350628e-06,2.1840672053002163e-06,2.3216725240751733e-05,0.010621191992078357,0.011928071108198466,0.00024401309326321175,0.14841315755859516,0.0037321141993779832,-0.029392935448399271,0.11187599236738732,-0.0028628350158248703,0.011024024226779122,0.010144538520816759,0.0029724173178841194,0.012514246800864359,0.00091868464024383507,0.010231975455341423,0.00080423228598170738
745,1517157294224225355,-0.71603089685981758,-5.5783360846908332,-0.78698757196397329,0.091984739923469866,-0.022781641020986163,0.74260312705829123,0.66299351440029153,0.5622394413655093,-2.7128029789414754,0.0066701426943515229,2.7704616371255364,-0.0046997953188796576,0.026464202047765506,-0.0032284639364981503,0.37015944501936959,-1.1902003333305837,0.086446319188157414,0.75046337881387004,0.061000623977510708,-9.780059541788777,-0.74855221801911787,-5.4351606246300967,-0.7926635205321354,0.089013079678379209,-0.020592184810137949,0.74271459235733217,0.66334581318524732,0.52833167495679589,-2.5801920780795409,0.0063717295731169936,-0.004497312499754825,0.025007509065561942,-0.0028879788429600501,0.37528626845174867,-1.1918666458041764,0.087799103451275451,0.74786290829468283,0.060661103670704659,-9.780260850350496,1,2.6337361518354161,0.0090427306008776728,0.0084454451966270161,0.0026150056911588065,2.1482074231512216e-06,2.0234010716692523e-06,2.236394440526939e-05,0.010405088364407527,0.011772519106675599,0.00023584346845723081,0.12571882407964274,0.0046542121479239773,-0.033907766408713402,0.1326109008619345,-0.00029841312123452934,0.01054158450962832,0.0097864514577176258,0.0028705572164087955,0.012154566701575217,0.00086416474115708064,0.0099727981970899379,0.00075991298668872146
746,1517157294325085474,-0.69397193621529241,-5.7014278482657597,-0.79231808826325612,0.090101920309510836,-0.021308449153989953,0.74270536583022451,0.66318649980090993,0.55522343203605506,-2.7062155518992257,0.00011344779663040419,2.7625849644297871,-0.004497312499754825,0.025007509065561942,-0.0028879788429600501,0.37528626845174867,-1.1918666458041764,0.087799103451275451,0.74786290829468283,0.060661103670704659,-9.780260850350496,-0.7297349720343923,-5.5377727034436885,-0.79882518867331498,0.086796338184031707,-0.019012856519848766,0.74268635763851998,0.66371822420544313,0.51800569075178926,-2.5565424794423359,0.00051186822165283558,-0.004275497926794462,0.023415125073856732,-0.0024403480640264158,0.37940094703868271,-1.1909682507668913,0.088956467552410642,0.74480612862491102,0.06029758763680941,-9.7804963591674685,1,2.6084937429201323,0.0086933281825797119,0.0081733581771551572,0.0025258330825008472,1.9978008385857657e-06,1.8770194277188007e-06,2.1550410084439227e-05,0.010191771315951203,0.011621220500600733,0.00022836247603540453,0.10450499327390282,0.0054946201382474894,-0.037217741284265804,0.14967307245688977,0.00039842042502243139,0.010105434844003161,0.0094514328129567202,0.0027713542378222608,0.011824583120893602,0.00081825107853216307,0.0097327867866469787,0.00072249506705912754
747,1517157294425945355,-0.67630531236236024,-5.8014196694426019,-0.79905208000257699,0.087825879010178354,-0.0196890404224093,0.74267051821299934,0.66358078486388339,0.54310500125193117,-2.6774808441279543,-0.0054477332706038004,2.7320132486601874,-0.004275497926794462,0.023415125073856732,-0.0024403480640264158,0.37940094703868271,-1.1909682507668913,0.088956467552410642,0.74480612862491102,0.06029758763680941,-9.7804963591674685,-0.71512339163763072,-5.6229693719557474,-0.80222483206568029,0.084465066555562796,-0.017229575607639866,0.74261792389532044,0.66414412092974773,0.50366348943432282,-2.5161059919903352,-0.0019823052353031673,-0.0040546724616381076,0.021740273946351803,-0.0019495060788286347,0.38149330410383364,-1.1914834413185669,0.08988323596382293,0.74137479052958899,0.059853158195423375,-9.7807597874306982,1,2.5660222530315036,0.008371437391385704,0.0079156716652579104,0.0024391762743647314,1.8592586679565378e-06,1.7433442901380692e-06,2.0772710347457224e-05,0.0099818911254414798,0.011473945821419845,0.00022151116369530395,0.086507388022295087,0.0059332944876608279,-0.039441511817608355,0.16137485213761904,0.0034654280353006331,0.0097067194197015816,0.0091361541739615228,0.0026750156807891926,0.01151909235219507,0.00077943073623108262,0.0095086732586359378,0.00069072022212120091
748,1517157294526805473,-0.66322171444998579,-5.8822515438694163,-0.80267958603445588,0.085424718144371525,-0.017850055052876103,0.74259621151397925,0.66402926118481198,0.52718913790272304,-2.6310853884537511,-0.0074878273001813414,2.6833924006777541,-0.0040546724616381076,0.021740273946351803,-0.0019495060788286347,0.38149330410383364,-1.1914834413185669,0.08988323596382293,0.74137479052958899,0.059853158195423375,-9.7807597874306982,-0.70544477252483972,-5.6853255213947866,-0.8058651059087496,0.081825174322306293,-0.015285876505613786,0.74244549671356941,0.66471472620690353,0.48474185131677527,-2.4550319786124031,-0.0029587833915071284,-0.0038221609011703092,0.019963520821004919,-0.0013797064919168619,0.38248774864905599,-1.1904348151705588,0.090649666807989138,0.73749042078536842,0.059385209710561757,-9.7810562965416779,1,2.5024319037341862,0.0080719044278383702,0.0076705506557266682,0.0023549449543447711,1.7314208716778208e-06,1.6210411113036141e-06,2.0028120774467293e-05,0.0097760094861895942,0.011330488053211933,0.00021523517943964016,0.063207726066097411,0.0066640315093957356,-0.042447286585947763,0.17605340984134799,0.0045290439086742131,0.009338336262023102,0.0088378865727075009,0.0025814057854859512,0.011233766480714407,0.00074616735792345297,0.0092976953746297664,0.00066330311134678267
749,1517157294627665354,-0.65553719567927538,-5.9381419220591471,-0.80637951614251269,0.082706189998053389,-0.015864331591795077,0.74241216187965686,0.66462936363985881,0.50638871433782839,-2.5637399879244658,-0.0074701524424378319,2.6132830039758748,-0.0038221609011703092,0.019963520821004919,-0.0013797064919168619,0.38248774864905599,-1.1904348151705588,0.090649666807989138,0.73749042078536842,0.059385209710561757,-9.7810562965416779,-0.69812102469731008,-5.7381163041407346,-0.80832468365628818,0.079195152870070479,-0.013306220150779332,0.74220210217234428,0.66534736175785403,0.46435665003521787,-2.3867498330092807,-0.0017569288871413392,-0.0036017903388690445,0.018222776819851003,-0.00078744560061266345,0.38271832862140087,-1.1896431068304405,0.091305492333429453,0.73344780631733042,0.058908519067949916,-9.7813631515136823,1,2.4315026116788099,0.0077910855549657657,0.0074369448305519354,0.0022728369545563978,1.6133223435099707e-06,1.5089671244655027e-06,1.9314472224314236e-05,0.0095746033629305841,0.011190660212561732,0.00020948437654890622,0.053353102513980455,0.0067217650651884763,-0.042032064302610528,0.17699015491518511,0.0057132235552964927,0.0089951332036159286,0.0085549331652493687,0.0024901742751469126,0.01096522381809403,0.00071719089958592337,0.0090977005003650708,0.00063920672311107202
750,1517157294728525473,-0.650347062027401,-5.983731591509911,-0.80868699264064392,0.080001754433134967,-0.013826878498398613,0.74215432749062149,0.66529353739951003,0.48437404771053588,-2.4888323587467895,-0.0058350022026281605,2.5355352049007922,-0.0036017903388690445,0.018222776819851003,-0.00078744560061266345,0.38271832862140087,-1.1896431068304405,0.091305492333429453,0.73344780631733042,0.058908519067949916,-9.7813631515136823,-0.69415051062104383,-5.7698429905867341,-0.81011760866179705,0.076362154086982395,-0.011221252476100676,0.74186257925392463,0.66609520221870466,0.44151901928988779,-2.3016238811850331,0.00089593355675949508,-0.0033872866708135065,0.016430358554681623,-0.0001458378791431101,0.38183544391058771,-1.1871399621964465,0.091748070301424206,0.72903919861898625,0.058443300763132991,-9.7816955190535904,1,2.343589626520159,0.0075253521913099634,0.0072131588912828894,0.0021928698481248478,1.5041409846463443e-06,1.4061322488507335e-06,1.8630030453540961e-05,0.0093780701049730984,0.011054292991021475,0.00020421249517232369,0.03202439999356705,0.0072242723268002313,-0.042855028420648089,0.1872084775617564,0.0067309357593876556,0.0086722015502844387,0.0082849808640778622,0.0024013194391754988,0.01071037085714354,0.00069124895244978917,0.0089066451349532807,0.00061739136344341969
751,1517157294829385353,-0.64876706784672833,-6.0065228104785024,-0.81015812495255335,0.076919640126399264,-0.011982924640894734,0.74184896019670066,0.66603295619282221,0.45903522297763488,-2.3973365795285497,-0.0008785777325266271,2.4408885233411635,-0.0033872866708135065,0.016430358554681623,-0.0001458378791431101,0.38183544391058771,-1.1871399621964465,0.091748070301424206,0.72903919861898625,0.058443300763132991,-9.7816955190535904,-0.64660037502276346,-6.0165983522835278,-0.81510849875404612,0.076787012198106866,-0.011782793752695675,0.74204559799120295,0.66583275004384324,0.46129252734327297,-2.4051788477532465,-0.0047495199872907767,-0.0034132035803256574,0.016487448767932716,-0.00026183372659232743,0.38952070361661428,-1.1877144364953465,0.092377348533130177,0.7292210319126452,0.05849287916486922,-9.7816816687982389,1,2.449019935280742,0.0072739606653801176,0.0069997502297341812,0.0021149313470108749,1.4031629956763299e-06,1.3116702914068937e-06,1.797338910824068e-05,0.0091867288330008245,0.010921232175252791,0.00019937680932752671,0.25134464964554792,0.0015468807995626867,0.0022573043656380909,-0.0078422682246968023,-0.0038709422547641495,0.0083680530983367973,0.008028347099085141,0.0023147130451211767,0.010467722331185347,0.00066781398564164205,0.0087236992286996873,0.00059749647525445307
752,1517157294930245472,-0.59909533360252465,-6.2636987594331215,-0.81585573803909994,0.076675781871816506,-0.012294114191881112,0.74095190606757066,0.6670531853798588,0.48640844679988599,-2.4978582494770207,-0.011833485519344747,2.5448043231215678,-0.0034132035803256574,0.016487448767932716,-0.00026183372659232743,0.38952070361661428,-1.1877144364953465,0.092377348533130177,0.7292210319126452,0.05849287916486922,-9.7816816687982389,-0.59854028288233896,-6.2606305374197264,-0.81963671170518326,0.076384576780291952,-0.011947828348743658,0.74111614688118488,0.66691041576798804,0.48703629707309082,-2.4944150719136542,-0.014462225283936165,-0.0034338629929848634,0.016441635609081857,-0.00033387704257587772,0.39625846426260664,-1.1883198508162931,0.092910551685380746,0.7291368284362798,0.058508509923732112,-9.7816878522923965,1,2.5415585890584604,0.0070297996219589988,0.0067883457402549367,0.0020386101722641588,1.3097495431511388e-06,1.2248133317279722e-06,1.7343384344427171e-05,0.0090008241121254055,0.010791341613553478,0.00019493773092313447,0.24876089835708678,0.0029761947993759527,0.000627850273204833,0.0034431775633665396,-0.0026287397645914177,0.0080741449721417249,0.0077753208080603743,0.0022299069353635902,0.010232023903389072,0.00064412706525510794,0.008544880860766926,0.00057700685157920442
753,1517157295031044317,-0.54939067548810361,-6.516883502004271,-0.82116401624375512,0.076878095826805243,-0.012833595167929505,0.7410229169006165,0.66694084733596293,0.50290179040345584,-2.5909256696891543,-0.016949085282088376,2.6393357702530182,-0.0034338629929848634,0.016441635609081857,-0.00033387704257587772,0.39625846426260664,-1.1883198508162931,0.092910551685380746,0.7291368284362798,0.058508509923732112,-9.7816878522923965,-0.5296386669257771,-6.5944763174608712,-0.82575428215854663,0.077816465324193229,-0.013265322858984395,0.74148974808354795,0.66630442173295845,0.52136067431742894,-2.6558222140615864,-0.023035975893083049,-0.0035549858178758882,0.016994653993991627,-0.00073374209346272834,0.40555371490290915,-1.1906378377427174,0.093510521433581739,0.73079205412275772,0.058729920009953772,-9.7815630024105502,1,2.7066102862460744,0.0068012199870275281,0.0065890093739845194,0.0019662850551625407,1.2233302071102972e-06,1.1448945061854839e-06,1.6739002786983653e-05,0.0088205430692303577,0.010664488279013113,0.00019085939063627304,0.3409367422278769,0.00414386522528001,0.018458883913973101,-0.064896544372432086,-0.0060868906109946726,0.0077993033687390016,0.0075369507482838764,0.0021494706391924664,0.010006397671191639,0.00062382291682747028,0.0083731120817699591,0.00055951763528300572
754,1517157295131904436,-0.47764108792400717,-6.8633715487584013,-0.82904927229151537,0.087956860092193487,-0.025545534870379593,0.73998390780661105,0.66635938696634656,0.46457112025638453,-2.6032867411717246,-0.01924943031130168,2.6444845855296792,-0.0035549858178758882,0.016994653993991627,-0.00073374209346272834,0.40555371490290915,-1.1906378377427174,0.093510521433581739,0.73079205412275772,0.058729920009953772,-9.7815630024105502,-0.4743407770476632,-6.8578592988502525,-0.83230505324024406,0.087627320655775914,-0.025193765001872277,0.74020753764781766,0.66616779274374593,0.4672658312059117,-2.5979468434040269,-0.021623308671062512,-0.0035963968516962777,0.016931578870866746,-0.00083640532668578836,0.41207045046193769,-1.1899225392602442,0.093837099044257452,0.73067108753271703,0.058779290972811406,-9.7815717426595974,1,2.6397220925020464,0.0065345657726085761,0.0064188682345815611,0.0019733421397728278,1.1434536783957561e-06,1.0713070336880722e-06,1.6159478817077793e-05,0.0086456511135417531,0.010540522895295239,0.00018710702664296927,0.26920505959639018,0.030997300119004839,0.0026947109495271682,0.0053398977676977211,-0.0023738783597608316,0.0074847791102097385,0.0073324301175667524,0.0021536241168162262,0.0097974313504556911,0.00059886548109819174,0.0082151036271373486,0.00053733893887376752
755,1517157295232764317,-0.42858422521895001,-7.0993004711078784,-0.83432606491150274,0.084600238554634014,-0.033186908377563856,0.73706964276331177,0.66967885621811429,0.47930767065677859,-2.2123557935936975,-0.013116503982617159,2.2637195151508394,-0.0035963968516962777,0.016931578870866746,-0.00083640532668578836,0.41207045046193769,-1.1899225392602442,0.093837099044257452,0.73067108753271703,0.058779290972811406,-9.7815717426595974,-0.40163127029411377,-7.0776049141294175,-0.83724833183559666,0.08440031973020462,-0.032194618358809005,0.73785766798868169,0.66888426081682761,0.50105587701237908,-2.1938469312283639,-0.015042004980713319,-0.0038527106102568664,0.016738686869648901,-0.0012250233254832829,0.41912248440454147,-1.1906554573788308,0.094478146259551074,0.73017110269952346,0.059405929228829438,-9.7816052924024302,1,2.2503883245925786,0.0062912813029368962,0.0062361550961811917,0.0021087346961299017,1.0704330598233513e-06,1.0035913742566489e-06,1.5605575726611022e-05,0.0084732788790481649,0.010419193271795796,0.00018364075022763023,0.23151510492845714,0.017009056980078402,0.021748206355600486,0.018508862365333556,-0.0019255009980961597,0.0071902581587975287,0.0071151761757236023,0.0022940256275890969,0.009591151897783071,0.00058330286748834326,0.0080609164412974062,0.00052715418937812988
756,1517157295333624436,-0.3465046177373573,-7.2890129978384586,-0.83517517826777676,0.086966999077515872,-0.030761493966399912,0.73555302247662147,0.67115737549840992,0.59467631882041194,-1.9876724478515888,0.021146934819680142,2.0748322527294567,-0.0038527106102568664,0.016738686869648901,-0.0012250233254832829,0.41912248440454147,-1.1906554573788308,0.094478146259551074,0.73017110269952346,0.059405929228829438,-9.7816052924024302,-0.3465046177373573,-7.2890129978384586,-0.83517517826777676,0.086966999077515872,-0.030761493966399912,0.73555302247662147,0.67115737549840992,0.59467631882041194,-1.9876724478515888,0.021146934819680142,-0.0038527106102568664,0.016738686869648901,-0.0012250233254832829,0.41912248440454147,-1.1906554573788308,0.094478146259551074,0.73017110269952346,0.059405929228829438,-9.7816052924024302,0,2.0748322527294567,0.0070505614119347072,0.0068999055092899926,0.0023512437899543257,1.0704330618028645e-06,1.0035913762361622e-06,1.5605575728590511e-05,0.0084732788798399707,0.010419193272587602,0.00018364075101943544,0.21848712466723988,0.0087453210696784543,0,0,0,0.0070505614119347072,0.0068999055092899926,0.0023512437899543257,0.0094059614362571615,0.00060068744603128366,0.0094059614362571615,0.00060068744603128366
757,1517157295434484316,-0.28640480743573415,-7.4777922632524882,-0.83442513277064367,0.087160757749704817,-0.025337986405292032,0.73380512554752841,0.67326891096618902,0.57900741069889861,-1.7677679108458546,0.0055078901197072594,1.8601836751015022,-0.0038527106102568664,0.016738686869648901,-0.0012250233254832829,0.41912248440454147,-1.1906554573788308,0.094478146259551074,0.73017110269952346,0.059405929228829438,-9.7816052924024302,-0.20564791938924262,-7.6862149385357039,-0.84428058649566518,0.089997665235090007,-0.026613613497479708,0.7352005404114349,0.67132130996086592,0.6423930105108383,-1.9366890787600288,-0.0012204048978828597,-0.0043105124477607086,0.018056412190102827,-0.0023600048148388099,0.43333765579176647,-1.1936133506905882,0.095378415538517572,0.73466126257729603,0.060667018094970979,-9.7812613369740813,1,2.0404496703250641,0.0067676947038482838,0.0065015003683477155,0.0024234654431112331,9.9133138256893028e-07,9.2702594314653835e-07,1.5054531631255388e-05,0.0082685016603943652,0.010296656777878487,0.00018013268045666403,0.42153635622824548,0.010303596762198344,0.063385599811939697,-0.16892116791417422,-0.0067282950175901191,0.0079072487261849598,0.0076108047855962448,0.0026598728745081996,0.01091508601929236,0.0007068403510877778,0.008944207818269035,0.00063925102957865666
758,1517157295535344435,-0.14039546050338245,-7.8812297979521588,-0.84075433617564199,0.092364717956538958,-0.027955428033415646,0.72747000396710804,0.67931925208135657,0.65178940504849847,-1.8486190398547089,0.062193795799299761,1.9611450357591471,-0.0043105124477607086,0.018056412190102827,-0.0023600048148388099,0.43333765579176647,-1.1936133506905882,0.095378415538517572,0.73466126257729603,0.060667018094970979,-9.7812613369740813,-0.12712163161071888,-7.9844701820491766,-0.84958020684427515,0.093214268199081171,-0.028859080897068963,0.72782288135813233,0.67878723251504403,0.66166694980402774,-1.9309802285041564,0.055992543627306976,-0.0043392106868024123,0.018685369061260771,-0.0027145234616721978,0.44323597162695422,-1.1934267786942636,0.0958126504967792,0.73687615751259339,0.060742567351703414,-9.7810942572393795,1,2.0419654650063959,0.0065518893720507791,0.006204315259280513,0.0024263778722261845,9.2418979405139691e-07,8.6036528229090193e-07,1.4531265191754007e-05,0.0080672398651833645,0.01017852351254077,0.00017691011959260786,0.3084649966064153,0.022410696100684527,0.0098775447555292661,-0.082361188649447525,-0.0062012521719927854,0.0075952784200550641,0.0072115569644923576,0.0026569797443180988,0.010402323449614103,0.00072720395799770476,0.0085885961430149423,0.00066253705400182291
759,1517157295636204315,-0.062412374606281955,-8.1776376506435469,-0.84736832248269389,0.085153611461785989,-0.031589027771129853,0.72186885350831409,0.68604398846872938,0.67533403468733055,-1.9279398102262839,0.0068631754680231133,2.0428105818797624,-0.0043392106868024123,0.018685369061260771,-0.0027145234616721978,0.44323597162695422,-1.1934267786942636,0.0958126504967792,0.73687615751259339,0.060742567351703414,-9.7810942572393795,-0.06790713097419443,-8.2470617467609078,-0.85587019208493142,0.085319832839562681,-0.032434258409625029,0.72164245551569106,0.6862220569195735,0.67116353691849306,-1.9820992133675941,0.00049068813044896541,-0.0042358471621795069,0.019107356254865367,-0.0027227929880758606,0.45217016406760008,-1.1897267193928684,0.09580633027939757,0.73839025323958529,0.060453225721645895,-9.7809818648958124,1,2.0926485671741966,0.0062421497591767213,0.0058844841988392052,0.0023774162287575856,8.6649160883705811e-07,8.0160008647474712e-07,1.403198902627308e-05,0.0078684381409864276,0.010064378927148234,0.00017394052305317109,0.26925870618740622,0.025967722247820218,-0.0041704977688374889,-0.054159403141310181,-0.0063724873375741479,0.0071989336310013755,0.0068008968548735641,0.0026003840592170205,0.0099362101333920691,0.00070969772075952511,0.0082551596665231056,0.00064724903143312891
760,1517157295737064434,0.006408793884360736,-8.4448456559908127,-0.85403700823072481,0.083646211575912899,-0.031310416934485309,0.7145649307357318,0.69384431167447458,0.76292158333748894,-1.9857272557921415,0.0093389734813860443,2.1272633342263143,-0.0042358471621795069,0.019107356254865367,-0.0027227929880758606,0.45217016406760008,-1.1897267193928684,0.09580633027939757,0.73839025323958529,0.060453225721645895,-9.7809818648958124,-0.014172191249861589,-8.4243612769482699,-0.86159293397252834,0.08269452800243382,-0.031295371016373051,0.71399383329702815,0.69454662968386682,0.74761001647575953,-1.9688320159969728,0.0033705430879592104,-0.0040849124480025634,0.018998287506567214,-0.0024244707980135148,0.45937935219558745,-1.1830937280121918,0.095532467770193544,0.73802750507565584,0.060068926442928793,-9.7810116105558293,1,2.1059989564361845,0.005994876417949377,0.0056178603412710163,0.0023105788449435702,8.1621931339720592e-07,7.4909037114692047e-07,1.3554643712138307e-05,0.0076720415426545794,0.0099543533594326321,0.00017118517644884232,0.18535187327499303,0.023323015641311787,-0.015311566861729409,0.016895239795168715,-0.0059684303934268339,0.0068847907624187037,0.0064609373197839267,0.002524806251804445,0.0095496065699719676,0.0006903326135487385,0.0079754824051154732,0.00062987572526754796
761,1517157295837924315,0.06506805374560086,-8.6249661903112713,-0.86029061202770196,0.083289131983199663,-0.032980229848021687,0.7059982108752072,0.70252526728486075,0.84765649781812802,-2.054644256672391,0.0024868682264493052,2.2226314908872573,-0.0040849124480025634,0.018998287506567214,-0.0024244707980135148,0.45937935219558745,-1.1830937280121918,0.095532467770193544,0.73802750507565584,0.060068926442928793,-9.7810116105558293,0.043244040719012049,-8.5744208340837655,-0.8654470138804905,0.082098661017589544,-0.032623336118028687,0.7056871066876873,0.70299447739965326,0.83101353297863623,-2.0148286295885263,-0.0016657628707898624,-0.0039671233308888132,0.018708033793871461,-0.0022041053694044359,0.46445211328891356,-1.1763128340305185,0.095112447690710061,0.7370598430467411,0.059717635986504841,-9.781086728565505,1,2.1794771559640527,0.0056998617167193528,0.0053804709925084435,0.0022000081024379668,7.718194547910677e-07,7.0170331751982132e-07,1.3097653134067711e-05,0.0074785080015443714,0.0098483631958798182,0.0001686177202892428,0.16071511538477504,0.023873674091989854,-0.016642964839491792,0.039815627083864769,-0.0041526310972391676,0.0065268158272677075,0.0061615860745960274,0.0024030218782385578,0.0091959738696257391,0.00064441402964074933,0.0077144616473242104,0.00058677264323815312
762,1517157295938784433,0.12936892428951247,-8.7769459108204622,-0.86706038334140068,0.082448359673357674,-0.028778620848008581,0.69641476797285651,0.71230648594448021,0.85436468806034216,-2.008198996972093,-0.033930916556085891,2.1826482856251723,-0.0039671233308888132,0.018708033793871461,-0.0022041053694044359,0.46445211328891356,-1.1763128340305185,0.095112447690710061,0.7370598430467411,0.059717635986504841,-9.781086728565505,0.098506144052666361,-8.6685531462758476,-0.87009905232332341,0.080652576027554018,-0.02787440490979582,0.69592140951513037,0.71302985302827315,0.83187865267687955,-1.9244947270764474,-0.036827973462386178,-0.0038282200838050001,0.018112456958522104,-0.0018182339137163966,0.46779925395497296,-1.168150363157739,0.094445668510143743,0.73499329506953537,0.059285534511526898,-9.7812448635948499,1,2.096916390072312,0.0054805992876787064,0.0051602063149364429,0.00215275960868986,7.3212898607968574e-07,6.5858389095609335e-07,1.266007948096161e-05,0.0072883331314576227,0.0097463366916181338,0.00016621392528447284,0.10925398722774692,0.029713644988761771,-0.02248603538346261,0.083704269895645611,-0.0028970569063002868,0.0062556045853694982,0.0058882271310765717,0.0023490886319296571,0.0088886429568012897,0.00062859979008010711,0.0074863739932959725,0.00057279163652368252
763,1517157296039583279,0.18413357907088579,-8.8695887261681143,-0.87272262282445678,0.07836943337086924,-0.032753395600188175,0.68517368632117448,0.72341030305272924,0.89399811118834616,-2.072961694779174,0.0018785626684879114,2.2575221681808078,-0.0038282200838050001,0.018112456958522104,-0.0018182339137163966,0.46779925395497296,-1.168150363157739,0.094445668510143743,0.73499329506953537,0.059285534511526898,-9.7812448635948499,0.21649401823393322,-8.854182688530063,-0.87758046980358806,0.078091503725278233,-0.032217764950677803,0.68584574100487616,0.72282733222601803,0.91688834199480518,-2.0609373217438596,-0.0016846345000954492,-0.0040409572595707047,0.018003395136735129,-0.002119254049336662,0.47414782069925226,-1.1609931756552778,0.09405120280070782,0.73473209586089505,0.059930905696824591,-9.781260554440534,1,2.2556927348014701,0.0052028314395958395,0.0049896960079408494,0.0020173415637218784,6.9625540209157931e-07,6.1916434914036405e-07,1.2240953857418491e-05,0.0071021657442913704,0.0096479568290979405,0.00016396054083593728,0.22008052394257421,0.029862197111299879,0.022890230806459022,0.012024373035314451,-0.0035631971685833605,0.0059254980829817191,0.005674991414356817,0.0022013332887349897,0.0086003512036885218,0.00056823538247711882,0.007268716219419033,0.0005160549825153943
764,1517157296140443398,0.3135381601999972,-9.0644856972149537,-0.8761724057721848,0.073440075310213099,-0.031083284052077959,0.67875271985350805,0.7300240613037593,0.99659121808906881,-2.1457559474038526,-0.0095262205011203433,2.3659149161937956,-0.0040409572595707047,0.018003395136735129,-0.002119254049336662,0.47414782069925226,-1.1609931756552778,0.09405120280070782,0.73473209586089505,0.059930905696824591,-9.781260554440534,0.31584180946671997,-9.1071722517709368,-0.88131573410156272,0.0733996264969278,-0.031546383858321848,0.67894927515566317,0.72982546013493943,0.99694252463963362,-2.177224189620659,-0.013582195160106548,-0.0040307369319548189,0.018208439020760435,-0.0022815753754757096,0.47994367259532772,-1.1559838998178931,0.09368313444375842,0.73558354338934162,0.059802725512895304,-9.7811973441249069,1,2.3946573962321938,0.0049719280330138603,0.0048158246991199536,0.001920675018869275,6.6344919067333646e-07,5.8288299881161586e-07,1.1839986828101868e-05,0.0069206599172584281,0.0095532174708858348,0.00016183788643883533,0.27182283739784852,0.021817486567266443,0.00035130655056481164,-0.031468242216806441,-0.0040559746589862045,0.0056487599327565488,0.0054617744022768776,0.0020946097494311954,0.0083327345761027832,0.00052707513727333658,0.0070646099308895515,0.00047833166163628403
765,1517157296241304470,0.41837655750733738,-9.3351313059993704,-0.88710765714455597,0.078132373826689305,-0.039657999705425349,0.66648048671714011,0.74035554704807716,1.050295327254462,-2.2834798943662209,-0.055838097376480621,2.5140641589955397,-0.0040307369319548189,0.018208439020760435,-0.0022815753754757096,0.47994367259532772,-1.1559838998178931,0.09368313444375842,0.73558354338934162,0.059802725512895304,-9.7811973441249069,0.4161083665714978,-9.4428695981132726,-0.88859882993921047,0.078694511211769597,-0.041018436989762395,0.66600188613310163,0.74065251596090009,1.0468026131505841,-2.3629865128429133,-0.058670697590157639,-0.0039226015419357727,0.018762692585694882,-0.0022648597703674215,0.48438276397111457,-1.1529630844420276,0.093190448845887008,0.73759704851292873,0.059212823919078623,-9.781049301353546,1,2.5851389172599832,0.0047404451762920125,0.0046431396568259488,0.0018216282514844516,6.3312522075547147e-07,5.4938819128388386e-07,1.1456933155615222e-05,0.0067446462219975757,0.0094618947005286422,0.00015983204645723527,0.35042707415368496,0.040131240899394134,-0.0034927141038778586,-0.079506618476692381,-0.0028326002136770181,0.0053724903617809131,0.0052527895206931213,0.001985398535655181,0.0080707265774182628,0.00048068613964891068,0.006862687109580979,0.00043595702906172612
