frame,lag,transaction_ref,reference_available,scan_ref_ns,scan_cur_ns,timestamp_ref_ns,timestamp_cur_ns,image_index_ref,image_index_cur,sync_ref_eligible,sync_cur_eligible,mismatch_ref_ms,mismatch_cur_ms,reference_map_T_lidar,reference_map_T_imu,nominal_map_T_lidar,nominal_map_T_imu
120,1,119,1,1660857405602893427,1660857405703753308,1660857405600166646,1660857405722382350,313,316,1,1,-2.726781,18.629042,0.99998671118649551;0.00095023671260692185;-0.0050670011452958741;0.050191003829240799;-0.00089473120399855119;0.99993969757525858;0.010945349202874597;-0.00121089699678123;0.0050770962654855204;-0.010940670148134905;0.99992725976953978;0.013425122946500778;0;0;0;1,0.99991480411835276;-0.0080968097706334251;-0.010238506653684649;-0.029260217817268508;0.0082359434295842578;0.99987331242905986;0.013620888629497462;-0.031274725190475632;0.010126924322890474;-0.013704051384080852;0.99985481153170341;-0.016983257855143218;0;0;0;1,0.99998849528217937;0.0005840315200186379;-0.0047611144143171582;0.050192210823297501;-0.00051395693388300867;0.99989172786818858;0.014706066402617606;-0.0060496772639453411;0.0047691877246243382;-0.014703450205707146;0.99988052456305765;0.018426895141601562;0;0;0;1,0.99991484011972176;-0.0084638461631261312;-0.0099336125680693204;-0.029257516470507491;0.0086356284597874436;0.99981167283655792;0.017379443728122786;-0.036256449364832202;0.0097846453648732686;-0.01746374612018569;0.99979961894656733;-0.011843416418499932;0;0;0;1
120,2,118,1,1660857405502033309,1660857405703753308,1660857405518693806,1660857405722382350,311,316,1,1,16.660497,18.629042,0.99998931496013721;0.0014645033246456776;-0.0043846545550756807;0.028478022664785385;-0.0014144870316299821;0.99993414762832433;0.011388574680519421;-0.0012546584475785494;0.0044010444206568468;-0.011382250956138647;0.99992553481305735;0.018513370305299759;0;0;0;1,0.99992558854417568;-0.0075844444245282572;-0.009554811366504809;-0.051009431189442206;0.0077184480376700859;0.99987126746852617;0.014066781087087263;-0.031290404479792033;0.0094468931365829806;-0.014139482109116072;0.99985540505527659;-0.011827998316120813;0;0;0;1,0.99998849528217937;0.0005840315200186379;-0.0047611144143171582;0.050192210823297501;-0.00051395693388300867;0.99989172786818858;0.014706066402617606;-0.0060496772639453411;0.0047691877246243382;-0.014703450205707146;0.99988052456305765;0.018426895141601562;0;0;0;1,0.99991484011972176;-0.0084638461631261312;-0.0099336125680693204;-0.029257516470507491;0.0086356284597874436;0.99981167283655792;0.017379443728122786;-0.036256449364832202;0.0097846453648732686;-0.01746374612018569;0.99979961894656733;-0.011843416418499932;0;0;0;1
120,4,116,1,1660857405300313309,1660857405703753308,1660857405315010646,1660857405722382350,307,316,1,1,14.697337,18.629042,0.99999065687141053;0.0011722063267546711;-0.0041607814425254066;0.05225609615445137;-0.0011517356507105404;0.99998723887023877;0.0049189024860078895;0.00024147842486854643;0.0041664943148682987;-0.0049140644077472727;0.99997924593269472;0.017598263919353485;0;0;0;1,0.99992543073708351;-0.0078773490043571228;-0.0093317297931400922;-0.02722954328959476;0.0079483496261665773;0.99993956056414102;0.0075960008734151339;-0.029620516827787324;0.0092713299444572485;-0.0076696057340567263;0.99992760705885697;-0.01291885212168116;0;0;0;1,0.99998849528217937;0.0005840315200186379;-0.0047611144143171582;0.050192210823297501;-0.00051395693388300867;0.99989172786818858;0.014706066402617606;-0.0060496772639453411;0.0047691877246243382;-0.014703450205707146;0.99988052456305765;0.018426895141601562;0;0;0;1,0.99991484011972176;-0.0084638461631261312;-0.0099336125680693204;-0.029257516470507491;0.0086356284597874436;0.99981167283655792;0.017379443728122786;-0.036256449364832202;0.0097846453648732686;-0.01746374612018569;0.99979961894656733;-0.011843416418499932;0;0;0;1
120,8,112,1,1660857404896929339,1660857405703753308,1660857404907638806,1660857405722382350,297,316,1,1,10.709467,18.629042,0.99999204684855936;0.0016082728706503322;-0.003649616144530337;0.047850493341684341;-0.001561350984255454;0.99991655914918887;0.012823296079831105;-0.0060203312896192074;0.0036699349766516117;-0.012817495762455996;0.99991111773979535;0.014673040248453617;0;0;0;1,0.99993341023877591;-0.0074427039473143747;-0.0088194155079595899;-0.031663758597706829;0.0075788209437476495;0.99985111082885059;0.0155021910817051;-0.036087384911606839;0.0087027246776716048;-0.015567999002002517;0.99984093722472556;-0.015566933871443804;0;0;0;1,0.99998849528217937;0.0005840315200186379;-0.0047611144143171582;0.050192210823297501;-0.00051395693388300867;0.99989172786818858;0.014706066402617606;-0.0060496772639453411;0.0047691877246243382;-0.014703450205707146;0.99988052456305765;0.018426895141601562;0;0;0;1,0.99991484011972176;-0.0084638461631261312;-0.0099336125680693204;-0.029257516470507491;0.0086356284597874436;0.99981167283655792;0.017379443728122786;-0.036256449364832202;0.0097846453648732686;-0.01746374612018569;0.99979961894656733;-0.011843416418499932;0;0;0;1
244,1,243,1,1660857418108804301,1660857418209664419,1660857418106568542,1660857418228784094,613,616,1,1,-2.235759,19.119675,0.99952989162879813;-0.0066611543469832857;0.029926990548480758;4.2238874435424805;0.0058053251992368623;0.99957425961871016;0.028593665505469927;0.1403823047876358;-0.030104716239391736;-0.028406487471584037;0.99914302155881196;0.30891314148902893;0;0;0;1,0.99956914830361865;-0.01579883702511806;0.024736923440647769;4.1436379702487001;0.015023203477112074;0.99939921302558776;0.031233262118139583;0.1092608734681806;-0.025215510550538577;-0.030848176820513877;0.99920596861948541;0.28184880040228233;0;0;0;1,0.99961265226745355;-0.0096662495274859178;0.026098065960896335;4.3383550643920898;0.0093466116754474457;0.99988015197674185;0.012341901521069613;0.16051951050758362;-0.026214238059026378;-0.012093192425483405;0.99958319734774692;0.2711493968963623;0;0;0;1,0.99960491572152721;-0.018794140361440503;0.020899608169336739;4.2583047129597693;0.018483380348860871;0.99971717782323133;0.014964267467682049;0.12960011389877057;-0.021174937348159457;-0.014572059356446199;0.99966958383566751;0.24327589409048198;0;0;0;1
244,2,242,1,1660857418007944420,1660857418209664419,1660857418025103838,1660857418228784094,612,616,1,1,17.159418,19.119675,0.99921186765807457;-0.0072675057742269044;0.039023414651771914;4.1359090805053711;0.0060253568006062201;0.99947434971810667;0.031854659486379798;0.13692562282085419;-0.039234405904613072;-0.031594423802142634;0.99873042097350906;0.29944521188735962;0;0;0;1,0.99929248355580946;-0.016427004414932687;0.033833219119992979;4.0554270683753399;0.015259109785303347;0.99928845031674862;0.034492795439247027;0.1056907451156668;-0.034375757924486806;-0.033952125856306629;0.99883209806023843;0.27321492122934432;0;0;0;1,0.99961265226745355;-0.0096662495274859178;0.026098065960896335;4.3383550643920898;0.0093466116754474457;0.99988015197674185;0.012341901521069613;0.16051951050758362;-0.026214238059026378;-0.012093192425483405;0.99958319734774692;0.2711493968963623;0;0;0;1,0.99960491572152721;-0.018794140361440503;0.020899608169336739;4.2583047129597693;0.018483380348860871;0.99971717782323133;0.014964267467682049;0.12960011389877057;-0.021174937348159457;-0.014572059356446199;0.99966958383566751;0.24327589409048198;0;0;0;1
244,4,240,1,1660857417806280449,1660857418209664419,1660857417821412742,1660857418228784094,607,616,1,1,15.132293,19.119675,0.99949765065348528;-0.0045631282982231966;0.03136278365033273;3.9312710762023926;0.0037883624531408469;0.99968727239163047;0.02471853005552441;0.13791529834270477;-0.031465769465996794;-0.02458729912609731;0.99920236692753917;0.31727033853530884;0;0;0;1,0.99956334226022558;-0.013704515299439505;0.02617846338679106;3.8509180858636545;0.01298742006671697;0.99954102910484666;0.027368930419860608;0.10706854698073104;-0.026541525672776678;-0.027016988305352489;0.99928255737355498;0.29019867652877956;0;0;0;1,0.99961265226745355;-0.0096662495274859178;0.026098065960896335;4.3383550643920898;0.0093466116754474457;0.99988015197674185;0.012341901521069613;0.16051951050758362;-0.026214238059026378;-0.012093192425483405;0.99958319734774692;0.2711493968963623;0;0;0;1,0.99960491572152721;-0.018794140361440503;0.020899608169336739;4.2583047129597693;0.018483380348860871;0.99971717782323133;0.014964267467682049;0.12960011389877057;-0.021174937348159457;-0.014572059356446199;0.99966958383566751;0.24327589409048198;0;0;0;1
244,8,236,1,1660857417402840450,1660857418209664419,1660857417414040966,1660857418228784094,597,616,1,1,11.200516,19.119675,0.99943412864004844;-0.0070875410139193545;0.032881442667305825;3.5614502429962158;0.0059810243499840085;0.99941649322513393;0.033628862860657839;0.11284627765417099;-0.033100602067518463;-0.033413168541041489;0.99889334281034026;0.32070314884185791;0;0;0;1,0.99948473588084352;-0.016232367309135829;0.02769068197754166;3.481131482318387;0.015223391439285687;0.99922617570343375;0.036267043568635485;0.081562835936569489;-0.02825795374310669;-0.035826809811814089;0.99895842128241874;0.2940340099873765;0;0;0;1,0.99961265226745355;-0.0096662495274859178;0.026098065960896335;4.3383550643920898;0.0093466116754474457;0.99988015197674185;0.012341901521069613;0.16051951050758362;-0.026214238059026378;-0.012093192425483405;0.99958319734774692;0.2711493968963623;0;0;0;1,0.99960491572152721;-0.018794140361440503;0.020899608169336739;4.2583047129597693;0.018483380348860871;0.99971717782323133;0.014964267467682049;0.12960011389877057;-0.021174937348159457;-0.014572059356446199;0.99966958383566751;0.24327589409048198;0;0;0;1
368,1,367,1,1660857430614771441,1660857430715631322,1660857430602701175,1660857430725180582,914,917,1,1,-12.070266,9.54926,0.16917581869807635;-0.9848424031439249;0.038275100751468005;10.969399452209473;0.9855508513465483;0.16936964102090485;0.0018558314966851466;5.9886698722839355;-0.0083103416253406844;0.037408096318166807;0.99926551654298645;0.13303577899932861;0;0;0;1,0.16042646203506458;-0.98643525549577893;0.034768335826260134;10.984128907581256;0.98704375469919159;0.16042704378014158;-0.0027912059395720119;5.905137723816563;-0.0028244368810679981;0.03476565258415619;0.99939150074529293;0.10227178500251474;0;0;0;1,0.16981649655651443;-0.98529854369035308;0.018685216052832826;10.982542991638184;0.98545620777557585;0.16966335305299796;-0.0095083745926916267;6.0927138328552246;0.0061983912309980906;0.020028141014169817;0.99978020260138389;0.10844612866640091;0;0;0;1,0.16096208235597917;-0.98684393415969907;0.015174249796198381;10.997829271646451;0.98689325868660072;0.16075248888163027;-0.014153945072765539;6.0095251683349122;0.011528436929173422;0.017253613859965794;0.99978468069412463;0.077029958489304287;0;0;0;1
368,2,366,1,1660857430513911322,1660857430715631322,1660857430520132790,1660857430725180582,912,917,1,1,6.221468,9.54926,0.17958626833708052;-0.98339033275304655;0.02631018191907384;10.950618743896484;0.9836762520513721;0.17981973324285222;0.0067745617301083142;5.8489842414855957;-0.011393128408286039;0.024664082880214981;0.99963087169252152;0.092512249946594238;0;0;0;1,0.17078790571533892;-0.98504505665499897;0.02275363296950484;10.964839409093168;0.98528942032145039;0.17088028453559251;0.0021650553268599926;5.7651406079485419;-0.0060208238181768264;0.022049149127458433;0.99973875812172741;0.062362327783700267;0;0;0;1,0.16981649655651443;-0.98529854369035308;0.018685216052832826;10.982542991638184;0.98545620777557585;0.16966335305299796;-0.0095083745926916267;6.0927138328552246;0.0061983912309980906;0.020028141014169817;0.99978020260138389;0.10844612866640091;0;0;0;1,0.16096208235597917;-0.98684393415969907;0.015174249796198381;10.997829271646451;0.98689325868660072;0.16075248888163027;-0.014153945072765539;6.0095251683349122;0.011528436929173422;0.017253613859965794;0.99978468069412463;0.077029958489304287;0;0;0;1
368,4,364,1,1660857430312191323,1660857430715631322,1660857430313911969,1660857430725180582,907,917,1,1,1.720646,9.54926,0.1390300372267263;-0.98512671423437603;0.10097527247062596;10.906129837036133;0.99028221572468866;0.13865800011789559;-0.010728104338925189;5.5310096740722656;-0.0034324871647676627;0.10148554530122861;0.99483109225977451;0.096303358674049377;0;0;0;1,0.13060263260199784;-0.98661682921937754;0.09762266530168813;10.921364834516284;0.99143135500181201;0.12970811061808121;-0.015481448115029483;5.4483980739076472;0.002611806302051579;0.098808089758122053;0.99510307996323133;0.06337588716800277;0;0;0;1,0.16981649655651443;-0.98529854369035308;0.018685216052832826;10.982542991638184;0.98545620777557585;0.16966335305299796;-0.0095083745926916267;6.0927138328552246;0.0061983912309980906;0.020028141014169817;0.99978020260138389;0.10844612866640091;0;0;0;1,0.16096208235597917;-0.98684393415969907;0.015174249796198381;10.997829271646451;0.98689325868660072;0.16075248888163027;-0.014153945072765539;6.0095251683349122;0.011528436929173422;0.017253613859965794;0.99978468069412463;0.077029958489304287;0;0;0;1
368,8,360,1,1660857429908806399,1660857430715631322,1660857429909931136,1660857430725180582,897,917,1,1,1.124737,9.54926,-0.028876926915386514;-0.99835146018570264;0.049603276474435222;10.864143371582031;0.99957947116224366;-0.028709864380522976;0.0040773175326130964;4.9823832511901855;-0.0026464925719144328;0.049700157266630601;0.99876067726194528;0.098900020122528076;0;0;0;1,-0.037679756813756529;-0.99817996330948666;0.047084997550819421;10.894692421136583;0.99928551764276208;-0.037776748627104902;-0.0011714656096412728;4.9035710794572402;0.0029480521288546262;0.047007216161953747;0.99889019939261503;0.067334260701744586;0;0;0;1,0.16981649655651443;-0.98529854369035308;0.018685216052832826;10.982542991638184;0.98545620777557585;0.16966335305299796;-0.0095083745926916267;6.0927138328552246;0.0061983912309980906;0.020028141014169817;0.99978020260138389;0.10844612866640091;0;0;0;1,0.16096208235597917;-0.98684393415969907;0.015174249796198381;10.997829271646451;0.98689325868660072;0.16075248888163027;-0.014153945072765539;6.0095251683349122;0.011528436929173422;0.017253613859965794;0.99978468069412463;0.077029958489304287;0;0;0;1
616,1,615,1,1660857455626646355,1660857455727506474,1660857455613446781,1660857455736459230,1514,1517,1,1,-13.199574,8.952756,-0.081030296937024016;-0.99667904148807596;-0.0080609699607725217;5.7583723068237305;0.99445835920841152;-0.080300953514785833;-0.067855203670245792;5.0819587707519531;0.066982555779934658;-0.01351462626294039;0.9976626143632733;2.7524909973144531;0;0;0;1,-0.090112068109351059;-0.99587832794410502;-0.010303951883091455;5.7947708623393499;0.99332606980785909;-0.089123610164767247;-0.073214082637620873;5.0072736923412311;0.071993993336867998;-0.016832655854394595;0.99726301768779924;2.717301734336647;0;0;0;1,-0.075038588992401012;-0.99617172701214285;-0.044845294777425;5.7578768730163574;0.99287817602426243;-0.0704661181926729;-0.096059636484788963;5.0915699005126953;0.092531820131039583;-0.051734094062821652;0.99436484540370584;2.6136300563812256;0;0;0;1,-0.084305513128747137;-0.99532534421321006;-0.047117300168969853;5.7948992680539098;0.99168997571991724;-0.07919823552887921;-0.10138358971785341;5.0175729589769746;0.097178049827052804;-0.055272949230403587;0.99373101366987726;2.5776467975126467;0;0;0;1
616,2,614,1,1660857455525786474,1660857455727506474,1660857455531369773,1660857455736459230,1512,1517,1,1,5.583299,8.952756,-0.098864134892734323;-0.99503974967132991;0.011035370674717368;5.7590374946594238;0.99395771820391032;-0.099275907180554845;-0.04682252317372311;5.0715346336364746;0.047685818172567743;0.0063396236083112789;0.99884226578460211;2.8030810356140137;0;0;0;1,-0.10783171734646034;-0.99412942401504167;0.0088887197752748302;5.7962271237503185;0.99276157534116294;-0.10815034674674094;-0.052229855287583823;4.9968169633234645;0.052884554604401904;0.0031923450222404951;0.9985955300551107;2.7687998273383632;0;0;0;1,-0.075038588992401012;-0.99617172701214285;-0.044845294777425;5.7578768730163574;0.99287817602426243;-0.0704661181926729;-0.096059636484788963;5.0915699005126953;0.092531820131039583;-0.051734094062821652;0.99436484540370584;2.6136300563812256;0;0;0;1,-0.084305513128747137;-0.99532534421321006;-0.047117300168969853;5.7948992680539098;0.99168997571991724;-0.07919823552887921;-0.10138358971785341;5.0175729589769746;0.097178049827052804;-0.055272949230403587;0.99373101366987726;2.5776467975126467;0;0;0;1
616,4,612,1,1660857455324066475,1660857455727506474,1660857455325936520,1660857455736459230,1507,1517,1,1,1.870045,8.952756,-0.23065875501765598;-0.96463723378267929;-0.12755996995063112;5.7920980453491211;0.97166166487900252;-0.22138359334539714;-0.082842703975941359;5.0410871505737305;0.05167347228772784;-0.14305352773553257;0.98836508460393779;2.4537694454193115;0;0;0;1,-0.24005699920536633;-0.96215737981970273;-0.12894112662683016;5.8430734030991269;0.9691731366276326;-0.22995264178823571;-0.088460242147740453;4.9728757335198113;0.055462322592300148;-0.1462017758228536;0.98769882615705296;2.4239413463260786;0;0;0;1,-0.075038588992401012;-0.99617172701214285;-0.044845294777425;5.7578768730163574;0.99287817602426243;-0.0704661181926729;-0.096059636484788963;5.0915699005126953;0.092531820131039583;-0.051734094062821652;0.99436484540370584;2.6136300563812256;0;0;0;1,-0.084305513128747137;-0.99532534421321006;-0.047117300168969853;5.7948992680539098;0.99168997571991724;-0.07919823552887921;-0.10138358971785341;5.0175729589769746;0.097178049827052804;-0.055272949230403587;0.99373101366987726;2.5776467975126467;0;0;0;1
616,8,608,1,1660857454920696333,1660857455727506474,1660857454916632509,1660857455736459230,1497,1517,1,1,-4.063824,8.952756,-0.54295941540450499;-0.837967533366062;0.054822315237465606;5.7651448249816895;0.83934661060874671;-0.54358066685513728;0.0041624368983847124;5.082249641418457;0.026312363694792791;0.048274958785296113;0.99848745003183237;3.0550551414489746;0;0;0;1,-0.55025193008866879;-0.83315935013292652;0.055392339287256696;5.8316648303640202;0.83438946478862186;-0.55117289128777536;-0.00163262307039607;5.0315314767748243;0.031890991500932123;0.045320430891744652;0.99846333085339112;3.0212356697074378;0;0;0;1,-0.075038588992401012;-0.99617172701214285;-0.044845294777425;5.7578768730163574;0.99287817602426243;-0.0704661181926729;-0.096059636484788963;5.0915699005126953;0.092531820131039583;-0.051734094062821652;0.99436484540370584;2.6136300563812256;0;0;0;1,-0.084305513128747137;-0.99532534421321006;-0.047117300168969853;5.7948992680539098;0.99168997571991724;-0.07919823552887921;-0.10138358971785341;5.0175729589769746;0.097178049827052804;-0.055272949230403587;0.99373101366987726;2.5776467975126467;0;0;0;1
740,1,739,1,1660857468132556275,1660857468233416393,1660857468120283648,1660857468241929254,1814,1817,1,1,-12.272627,8.512861,0.88752601465803072;0.46072015903357677;0.0058743821214568628;10.219598770141602;-0.46033368403359343;0.88718414967090919;-0.031578219024600875;5.3512039184570312;-0.019760380798277931;0.025322314917511104;0.9994840207416652;4.3862690925598145;0;0;0;1,0.89168889856723565;0.45264179563767476;0.0025127485001443435;10.135061663727726;-0.45242022003112886;0.89140132052727472;-0.026825929300157779;5.362351675643235;-0.014382403637640756;0.022783565673356099;0.99963696179203521;4.3567698525925369;0;0;0;1,0.83518687369138411;0.54975687387196892;0.015174506388420625;10.224550247192383;-0.54925572220535623;0.83519237587029194;-0.027782132978044737;5.3284978866577148;-0.027947050618709147;0.014868588320929724;0.99949881812989561;4.3886470794677734;0;0;0;1,0.84020849125563823;0.54212348776104602;0.012321368104226071;10.141242345703734;-0.54178968391848825;0.84020726848696614;-0.022708690703734512;5.3481563113061839;-0.02266341714944281;0.012404445176239899;0.99966619379831756;4.3601104381156688;0;0;0;1
740,2,738,1,1660857468031696394,1660857468233416393,1660857468037848935,1660857468241929254,1812,1817,1,1,6.152541,8.512861,0.9304353742491307;0.36638192152626431;0.0073689839599914431;10.18805980682373;-0.36596270991645258;0.93003801941593645;-0.03317495126580941;5.3772077560424805;-0.01900813763856567;0.028170374857370711;0.99942239352733575;4.3985137939453125;0;0;0;1,0.93374751782418186;0.35791491956467364;0.0035333018187191398;10.102874473675859;-0.35767371538847864;0.93340252715117955;-0.028796454941962684;5.3796168736344336;-0.013604673198632698;0.025624849686677192;0.99957905126592483;4.3688716756223114;0;0;0;1,0.83518687369138411;0.54975687387196892;0.015174506388420625;10.224550247192383;-0.54925572220535623;0.83519237587029194;-0.027782132978044737;5.3284978866577148;-0.027947050618709147;0.014868588320929724;0.99949881812989561;4.3886470794677734;0;0;0;1,0.84020849125563823;0.54212348776104602;0.012321368104226071;10.141242345703734;-0.54178968391848825;0.84020726848696614;-0.022708690703734512;5.3481563113061839;-0.02266341714944281;0.012404445176239899;0.99966619379831756;4.3601104381156688;0;0;0;1
740,4,736,1,1660857467830033377,1660857468233416393,1660857467831710509,1660857468241929254,1807,1817,1,1,1.677132,8.512861,0.98108361455478321;0.19302254218972145;0.014739045380864606;10.146344184875488;-0.19233486862679219;0.98055827883722613;-0.038894216974914748;5.4317522048950195;-0.021959953607341025;0.035323646618014438;0.99913462577731216;4.3918991088867188;0;0;0;1,0.9828577521136046;0.18408434635932913;0.010178086857022886;10.062071776056269;-0.18362631715536873;0.98236284744122659;-0.035279056026824462;5.4190121593724578;-0.016492895852743553;0.032805329647548058;0.99932566990067884;4.3622874158981393;0;0;0;1,0.83518687369138411;0.54975687387196892;0.015174506388420625;10.224550247192383;-0.54925572220535623;0.83519237587029194;-0.027782132978044737;5.3284978866577148;-0.027947050618709147;0.014868588320929724;0.99949881812989561;4.3886470794677734;0;0;0;1,0.84020849125563823;0.54212348776104602;0.012321368104226071;10.141242345703734;-0.54178968391848825;0.84020726848696614;-0.022708690703734512;5.3481563113061839;-0.02266341714944281;0.012404445176239899;0.99966619379831756;4.3601104381156688;0;0;0;1
740,8,732,1,1660857467426593378,1660857468233416393,1660857467422430368,1660857468241929254,1798,1817,1,1,-4.16301,8.512861,0.9998824177375728;0.0046792446684832418;0.014603265682664849;9.9883041381835938;-0.0043547470208717774;0.99974463933961277;-0.022174135610927907;5.6695165634155273;-0.014703294788931971;0.022107934798168822;0.99964746402984983;4.4125456809997559;0;0;0;1,0.99994565359740351;-0.0044204887485288901;0.0094419274520253869;9.9081534222459489;0.0046037883359524587;0.99979963469462152;-0.019480652910873808;5.6407384905298334;-0.0093539211072083545;0.019523063396538622;0.99976564950832847;4.3827348563645829;0;0;0;1,0.83518687369138411;0.54975687387196892;0.015174506388420625;10.224550247192383;-0.54925572220535623;0.83519237587029194;-0.027782132978044737;5.3284978866577148;-0.027947050618709147;0.014868588320929724;0.99949881812989561;4.3886470794677734;0;0;0;1,0.84020849125563823;0.54212348776104602;0.012321368104226071;10.141242345703734;-0.54178968391848825;0.84020726848696614;-0.022708690703734512;5.3481563113061839;-0.02266341714944281;0.012404445176239899;0.99966619379831756;4.3601104381156688;0;0;0;1
838,1,837,1,1660857478016276434,1660857478117135361,1660857478019712140,1660857478101189044,2052,2054,1,1,3.435706,-15.946317,0.98407086145082778;0.17390617469310754;0.036894200723640296;16.563362121582031;-0.17357945985792267;0.98474789931759776;-0.011905708925143704;0.5354195237159729;-0.038401962955787898;0.0053119858046497114;0.99924825346254853;4.0758743286132812;0;0;0;1,0.98578545285353192;0.16488154792158036;0.032266345245647247;16.478749730106653;-0.16469492494550883;0.98630898310354287;-0.008376858203157209;0.52024346294770563;-0.033205775025003596;0.0029436822006707708;0.99944420103364751;4.0484620978004529;0;0;0;1,0.98482250220171441;0.16977141890554556;0.036087455991689048;16.695751190185547;-0.16995288545399731;0.98545016061526414;0.0019994172177840259;0.51134997606277466;-0.035222945405158877;-0.0081022383418449528;0.99934663548282243;4.0687723159790039;0;0;0;1,0.98649537603106774;0.16074235938826512;0.031444680059451925;16.611226691279018;-0.16099056696489927;0.9869405579194318;0.0055111434933175106;0.49544261093550357;-0.030148155384754925;-0.010499013888670881;0.99949029968379766;4.0415039308220422;0;0;0;1
838,2,836,1,1660857477915474251,1660857478117135361,1660857477897502460,1660857478101189044,2049,2054,1,1,-17.971791,-15.946317,0.98474396821572219;0.16683912510486626;0.04943706501195011;16.408201217651367;-0.16699710576392546;0.98595693137936857;-0.00094664219837040792;0.55164700746536255;-0.048900753871748137;-0.0073236465795549592;0.99877679211701387;4.0853180885314941;0;0;0;1,0.98645898364871587;0.15777462326971722;0.044786636188740521;16.323365435798987;-0.1580455208413393;0.98742853157571941;0.0025511939492221542;0.53557868589849711;-0.043821088258887649;-0.0095949748815414987;0.99899331749365772;4.0591322303389603;0;0;0;1,0.98482250220171441;0.16977141890554556;0.036087455991689048;16.695751190185547;-0.16995288545399731;0.98545016061526414;0.0019994172177840259;0.51134997606277466;-0.035222945405158877;-0.0081022383418449528;0.99934663548282243;4.0687723159790039;0;0;0;1,0.98649537603106774;0.16074235938826512;0.031444680059451925;16.611226691279018;-0.16099056696489927;0.9869405579194318;0.0055111434933175106;0.49544261093550357;-0.030148155384754925;-0.010499013888670881;0.99949029968379766;4.0415039308220422;0;0;0;1
838,4,834,1,1660857477713754252,1660857478117135361,1660857477693832396,1660857478101189044,2044,2054,1,1,-19.921856,-15.946317,0.98465147618379489;0.16933875070481677;0.04225941266517512;16.103986740112305;-0.1698742746816326;0.98542096421490288;0.009394364649097835;0.59871113300323486;-0.040052481202328627;-0.016428962094511463;0.99906250452813716;4.1134777069091797;0;0;0;1,0.98635221706005949;0.16029448441412619;0.037616261246958008;16.01930153486208;-0.16087414319316515;0.98689055059031017;0.012905480810173158;0.58257407406726391;-0.03505445489564965;-0.018780832852232029;0.99920891970774139;4.0868504398623138;0;0;0;1,0.98482250220171441;0.16977141890554556;0.036087455991689048;16.695751190185547;-0.16995288545399731;0.98545016061526414;0.0019994172177840259;0.51134997606277466;-0.035222945405158877;-0.0081022383418449528;0.99934663548282243;4.0687723159790039;0;0;0;1,0.98649537603106774;0.16074235938826512;0.031444680059451925;16.611226691279018;-0.16099056696489927;0.9869405579194318;0.0055111434933175106;0.49544261093550357;-0.030148155384754925;-0.010499013888670881;0.99949029968379766;4.0415039308220422;0;0;0;1
838,8,830,1,1660857477310314253,1660857478117135361,1660857477327228884,1660857478101189044,2035,2054,1,1,16.914631,-15.946317,0.98557429159938181;0.16521258871778713;0.03671670284140692;15.512228012084961;-0.16629564037289515;0.9856583762946437;0.028693644473565587;0.6957278847694397;-0.031449574422328472;-0.034385545936831984;0.99891368921407853;4.1460976600646973;0;0;0;1,0.98720899447091626;0.15617521096388617;0.032057848528141107;15.427760475953491;-0.15719416249926932;0.98704306970538136;0.032186551054508718;0.67871357221628992;-0.026615735333379402;-0.036814158792822252;0.99896762712693321;4.1193255006825513;0;0;0;1,0.98482250220171441;0.16977141890554556;0.036087455991689048;16.695751190185547;-0.16995288545399731;0.98545016061526414;0.0019994172177840259;0.51134997606277466;-0.035222945405158877;-0.0081022383418449528;0.99934663548282243;4.0687723159790039;0;0;0;1,0.98649537603106774;0.16074235938826512;0.031444680059451925;16.611226691279018;-0.16099056696489927;0.9869405579194318;0.0055111434933175106;0.49544261093550357;-0.030148155384754925;-0.010499013888670881;0.99949029968379766;4.0415039308220422;0;0;0;1
839,1,838,1,1660857478117135361,1660857478217995479,1660857478101189044,1660857478222851423,2054,2057,1,1,-15.946317,4.855944,0.98482250136346494;0.16977142394052641;0.036087455180634359;16.695751190185547;-0.16995289047777301;0.98545015974930383;0.0019994169955100463;0.51134997606277466;-0.035222944602323336;-0.0081022381647227193;0.9993466355125552;4.0687723159790039;0;0;0;1,0.98649537523437858;0.16074236443282044;0.031444679266197983;16.61122669122026;-0.16099057199740457;0.98694055709963424;0.0055111432947281096;0.49544261136783579;-0.030148154580202615;-0.010499013718911798;0.99949029970984904;4.0415039307519729;0;0;0;1,0.98213159399114269;0.18119120650131942;0.05086530026465489;16.844156265258789;-0.18174424769111558;0.98332482462246562;0.0064278855300640208;0.51146221160888672;-0.048852436127666148;-0.015557505191816784;0.99868483693135091;4.0516924858093262;0;0;0;1,0.98398434907971599;0.17214585090248344;0.046266702261234333;16.759057286588401;-0.17277776876373754;0.98491012047408866;0.0099948702554129073;0.49642219350857475;-0.043847967371963205;-0.017828652933853609;0.99887911911256844;4.0257509805607876;0;0;0;1
839,2,837,1,1660857478016276434,1660857478217995479,1660857478019712140,1660857478222851423,2052,2057,1,1,3.435706,4.855944,0.98407086145082778;0.17390617469310754;0.036894200723640296;16.563362121582031;-0.17357945985792267;0.98474789931759776;-0.011905708925143704;0.5354195237159729;-0.038401962955787898;0.0053119858046497114;0.99924825346254853;4.0758743286132812;0;0;0;1,0.98578545285353192;0.16488154792158036;0.032266345245647247;16.478749730106653;-0.16469492494550883;0.98630898310354287;-0.008376858203157209;0.52024346294770563;-0.033205775025003596;0.0029436822006707708;0.99944420103364751;4.0484620978004529;0;0;0;1,0.98213159399114269;0.18119120650131942;0.05086530026465489;16.844156265258789;-0.18174424769111558;0.98332482462246562;0.0064278855300640208;0.51146221160888672;-0.048852436127666148;-0.015557505191816784;0.99868483693135091;4.0516924858093262;0;0;0;1,0.98398434907971599;0.17214585090248344;0.046266702261234333;16.759057286588401;-0.17277776876373754;0.98491012047408866;0.0099948702554129073;0.49642219350857475;-0.043847967371963205;-0.017828652933853609;0.99887911911256844;4.0257509805607876;0;0;0;1
839,4,835,1,1660857477814614371,1660857478217995479,1660857477816019460,1660857478222851423,2047,2057,1,1,1.405089,4.855944,0.98387425307510212;0.1753977434136082;0.03502978363227368;16.243152618408203;-0.17546434234177649;0.98448507023779175;-0.0011878743444058784;0.58016812801361084;-0.034694649479101315;-0.0049777589640622177;0.99938556284009727;4.092069149017334;0;0;0;1,0.9855927895720703;0.16637989895810057;0.030406961417533972;16.158567969330125;-0.16652689563155915;0.98603411273387553;0.0023498453371623464;0.56482479503473826;-0.029591333702983849;-0.0073795669568714282;0.99953483915914454;4.0646644179805476;0;0;0;1,0.98213159399114269;0.18119120650131942;0.05086530026465489;16.844156265258789;-0.18174424769111558;0.98332482462246562;0.0064278855300640208;0.51146221160888672;-0.048852436127666148;-0.015557505191816784;0.99868483693135091;4.0516924858093262;0;0;0;1,0.98398434907971599;0.17214585090248344;0.046266702261234333;16.759057286588401;-0.17277776876373754;0.98491012047408866;0.0099948702554129073;0.49642219350857475;-0.043847967371963205;-0.017828652933853609;0.99887911911256844;4.0257509805607876;0;0;0;1
839,8,831,1,1660857477411174372,1660857478217995479,1660857477408640908,1660857478222851423,2037,2057,1,1,-2.533464,4.855944,0.98429043355157342;0.17250324790154489;0.037616112003685011;15.659164428710938;-0.17314145461216282;0.98479167535139744;0.014401140696915801;0.66565662622451782;-0.034559790416609677;-0.020687813369376522;0.99918848835660334;4.1317868232727051;0;0;0;1,0.98599599938361471;0.16347473218135711;0.032983360599208103;15.574554480709013;-0.1641210722302642;0.98627728471944875;0.017927396017447878;0.64964644886555145;-0.029600062583647276;-0.023089604702653737;0.99929510464340277;4.1048455736764717;0;0;0;1,0.98213159399114269;0.18119120650131942;0.05086530026465489;16.844156265258789;-0.18174424769111558;0.98332482462246562;0.0064278855300640208;0.51146221160888672;-0.048852436127666148;-0.015557505191816784;0.99868483693135091;4.0516924858093262;0;0;0;1,0.98398434907971599;0.17214585090248344;0.046266702261234333;16.759057286588401;-0.17277776876373754;0.98491012047408866;0.0099948702554129073;0.49642219350857475;-0.043847967371963205;-0.017828652933853609;0.99887911911256844;4.0257509805607876;0;0;0;1
864,1,863,1,1660857480638522461,1660857480739382342,1660857480626903748,1660857480749114844,2114,2117,1,1,-11.618713,9.732502,0.98895663922997279;0.13824718797005975;0.053408620477673967;20.09855842590332;-0.13900038537858395;0.99023519477550692;0.010637287836608784;0.9665910005569458;-0.051416520570361328;-0.017943635258349706;0.9985160826777667;3.9328892230987549;0;0;0;1,0.99043241159160023;0.12913499994856281;0.048659950724033542;20.014119119455763;-0.12995184560199927;0.99142144226764206;0.014001495338122278;0.94781588151920049;-0.046434434948016315;-0.020190984643962989;0.99871726083636092;3.9072279986241805;0;0;0;1,0.98963492015320198;0.14048697065219096;0.029768034707321089;20.222753524780273;-0.14056329237989024;0.99007158011250218;0.00047653841275982619;1.0137248039245605;-0.029405537721513164;-0.0046558920202013979;0.99955672026193942;3.9364471435546875;0;0;0;1,0.99100923776126937;0.131432793237932;0.025022239235668958;20.138910567578403;-0.13156847775121563;0.99129961384646192;0.0038485679162790099;0.99538713630562203;-0.024298707568855521;-0.0071061037278107352;0.99967948655420547;3.9086067325716765;0;0;0;1
864,2,862,1,1660857480537662342,1660857480739382342,1660857480545433908,1660857480749114844,2112,2117,1,1,7.771566,9.732502,0.9906251194310256;0.12927701764811192;0.044151166012646889;19.946788787841797;-0.12988112734150423;0.99146757645199768;0.011087723161330689;0.92029798030853271;-0.042341061781284092;-0.016718180296075844;0.99896333112623392;3.9426412582397461;0;0;0;1,0.99197172469795136;0.1201752754346304;0.03937005853792315;19.86276486512222;-0.12081958072981881;0.99256991583275256;0.014408030182440204;0.90074677830229521;-0.037346046209787251;-0.019049031960530555;0.99912081698142774;3.9162077393539416;0;0;0;1,0.98963492015320198;0.14048697065219096;0.029768034707321089;20.222753524780273;-0.14056329237989024;0.99007158011250218;0.00047653841275982619;1.0137248039245605;-0.029405537721513164;-0.0046558920202013979;0.99955672026193942;3.9364471435546875;0;0;0;1,0.99100923776126937;0.131432793237932;0.025022239235668958;20.138910567578403;-0.13156847775121563;0.99129961384646192;0.0038485679162790099;0.99538713630562203;-0.024298707568855521;-0.0071061037278107352;0.99967948655420547;3.9086067325716765;0;0;0;1
864,4,860,1,1660857480335943297,1660857480739382342,1660857480341739812,1660857480749114844,2107,2117,1,1,5.796515,9.732502,0.98794258853186412;0.14757510155661141;0.046808451859851802;19.687610626220703;-0.14870635578362046;0.98864404911632797;0.021664807786529218;0.84402835369110107;-0.043079711170289081;-0.028364300580620547;0.99866891657748968;3.9801673889160156;0;0;0;1,0.98946907580540633;0.1384896240590453;0.042090058156978596;19.603174199313848;-0.13961493786194973;0.9898883390793074;0.025074798584161121;0.82573854292923232;-0.038191857850334202;-0.030687138078590248;0.99879911956757306;3.9541486909612944;0;0;0;1,0.98963492015320198;0.14048697065219096;0.029768034707321089;20.222753524780273;-0.14056329237989024;0.99007158011250218;0.00047653841275982619;1.0137248039245605;-0.029405537721513164;-0.0046558920202013979;0.99955672026193942;3.9364471435546875;0;0;0;1,0.99100923776126937;0.131432793237932;0.025022239235668958;20.138910567578403;-0.13156847775121563;0.99129961384646192;0.0038485679162790099;0.99538713630562203;-0.024298707568855521;-0.0071061037278107352;0.99967948655420547;3.9086067325716765;0;0;0;1
864,8,856,1,1660857479932559327,1660857480739382342,1660857479934368172,1660857480749114844,2098,2117,1,1,1.808845,9.732502,0.98903496575898064;0.14343098081283587;0.035176558234142688;19.159244537353516;-0.14411120303656302;0.98940465381894083;0.017617949959529228;0.8030276894569397;-0.03227689057958702;-0.022494104660774443;0.99922580910924419;3.9837312698364258;0;0;0;1,0.99046388496854387;0.13436740707359524;0.030441639554727336;19.075197522564256;-0.13503397328163169;0.99061827316837892;0.021006264906370871;0.78447228945039615;-0.027333486573349382;-0.024916601732133344;0.9993157875189187;3.9566610565869582;0;0;0;1,0.98963492015320198;0.14048697065219096;0.029768034707321089;20.222753524780273;-0.14056329237989024;0.99007158011250218;0.00047653841275982619;1.0137248039245605;-0.029405537721513164;-0.0046558920202013979;0.99955672026193942;3.9364471435546875;0;0;0;1,0.99100923776126937;0.131432793237932;0.025022239235668958;20.138910567578403;-0.13156847775121563;0.99129961384646192;0.0038485679162790099;0.99538713630562203;-0.024298707568855521;-0.0071061037278107352;0.99967948655420547;3.9086067325716765;0;0;0;1
924,1,923,1,1660857486689786271,1660857486790645435,1660857486672728385,1660857486795002681,2259,2262,1,1,-17.057886,4.357246,0.99614422884434006;-0.076096150639397495;0.043658346257976384;28.517154693603516;0.077242983623132436;0.99669353136472061;-0.025209641344519178;2.2718183994293213;-0.041595634640088495;0.02848473966159636;0.99872840291307396;3.565455436706543;0;0;0;1,0.99562427385524532;-0.085237372049214402;0.038300085747332215;28.438827632912105;0.086153756678870777;0.99601756532632402;-0.022946460327547165;2.2367299833103744;-0.036191661688768438;0.026145749716264186;0.99900278435990175;3.5376224593690759;0;0;0;1,0.99632350224997202;-0.076285246351258287;0.038987691050866476;28.688055038452148;0.077224563916022684;0.99674420564655997;-0.023180924010666057;2.2820894718170166;-0.037092392647685941;0.026106506835193055;0.99897077269984924;3.55130934715271;0;0;0;1,0.99577776872487611;-0.085415388531363712;0.033628077008238264;28.609861020911321;0.086146245248307496;0.99606289005334736;-0.020917546717806032;2.2469394747871392;-0.031708998697313841;0.023726161115296334;0.9992154964994735;3.5231815434811673;0;0;0;1
924,2,922,1,1660857486588926390,1660857486790645435,1660857486591246937,1660857486795002681,2257,2262,1,1,2.320547,4.357246,0.99593576771919756;-0.07375005993070563;0.051699857231816589;28.4598388671875;0.074247740476915874;0.99720955556924429;-0.0077701554336522738;2.2456152439117432;-0.050982542224230439;0.011577173299553489;0.9986324396126669;3.5639035701751709;0;0;0;1,0.99547852627874345;-0.082911354824056274;0.046348806012987735;28.381214550194709;0.083253168633447269;0.99651330436660535;-0.0054903936741013907;2.2102208164046591;-0.045731985369682635;0.0093242545143735235;0.99891022796201601;3.5373244187849684;0;0;0;1,0.99632350224997202;-0.076285246351258287;0.038987691050866476;28.688055038452148;0.077224563916022684;0.99674420564655997;-0.023180924010666057;2.2820894718170166;-0.037092392647685941;0.026106506835193055;0.99897077269984924;3.55130934715271;0;0;0;1,0.99577776872487611;-0.085415388531363712;0.033628077008238264;28.609861020911321;0.086146245248307496;0.99606289005334736;-0.020917546717806032;2.2469394747871392;-0.031708998697313841;0.023726161115296334;0.9992154964994735;3.5231815434811673;0;0;0;1
924,4,920,1,1660857486387206391,1660857486790645435,1660857486379231636,1660857486795002681,2252,2262,1,1,-7.974755,4.357246,0.99599139448950658;-0.079474272025300358;0.041048534552364492;28.142665863037109;0.079992734434676999;0.99673315384611283;-0.011143718483729583;2.2196140289306641;-0.0400287963909901;0.014382632235788272;0.99909500816962293;3.5879583358764648;0;0;0;1,0.9954273521069209;-0.088606863826644719;0.03568208525543589;28.064530811361866;0.08897615354444488;0.99599403872763093;-0.0088948978583651191;2.183878956459758;-0.034750994709507536;0.012029079868753534;0.99932360592180858;3.5604098639593773;0;0;0;1,0.99632350224997202;-0.076285246351258287;0.038987691050866476;28.688055038452148;0.077224563916022684;0.99674420564655997;-0.023180924010666057;2.2820894718170166;-0.037092392647685941;0.026106506835193055;0.99897077269984924;3.55130934715271;0;0;0;1,0.99577776872487611;-0.085415388531363712;0.033628077008238264;28.609861020911321;0.086146245248307496;0.99606289005334736;-0.020917546717806032;2.2469394747871392;-0.031708998697313841;0.023726161115296334;0.9992154964994735;3.5231815434811673;0;0;0;1
924,8,916,1,1660857485983822420,1660857486790645435,1660857485971850052,1660857486795002681,2242,2262,1,1,-11.972368,4.357246,0.99602733909747043;-0.073051302370908774;0.050921969643039154;27.589445114135742;0.074489363521888605;0.99685793704572123;-0.026936742027437476;2.1729497909545898;-0.048794205521931359;0.030622876593534472;0.99833930351189748;3.6022303104400635;0;0;0;1,0.99557242782514876;-0.082211343899419947;0.045572324364924997;27.510816279151864;0.083392884266641848;0.99621160829131816;-0.024658844782049598;2.1381279889162719;-0.04337244129040866;0.028350074083436455;0.99865664990258074;3.5749182540977991;0;0;0;1,0.99632350224997202;-0.076285246351258287;0.038987691050866476;28.688055038452148;0.077224563916022684;0.99674420564655997;-0.023180924010666057;2.2820894718170166;-0.037092392647685941;0.026106506835193055;0.99897077269984924;3.55130934715271;0;0;0;1,0.99577776872487611;-0.085415388531363712;0.033628077008238264;28.609861020911321;0.086146245248307496;0.99606289005334736;-0.020917546717806032;2.2469394747871392;-0.031708998697313841;0.023726161115296334;0.9992154964994735;3.5231815434811673;0;0;0;1
925,1,924,1,1660857486790645435,1660857486891505316,1660857486795002681,1660857486876401033,2262,2264,1,1,4.357246,-15.104283,0.99632350192529195;-0.076285251218784933;0.038987689823966755;28.688055038452148;0.077224568765447921;0.99674420526337615;-0.023180924331690993;2.2820894718170166;-0.037092391272518059;0.026106507241832451;0.99897077274028334;3.55130934715271;0;0;0;1,0.99577776834972365;-0.085415393392395886;0.033628075770036889;28.60986102111945;0.086146250092338228;0.9960628896271132;-0.020917547064940995;2.2469394744223914;-0.03170899731832242;0.023726161509347379;0.99921549653387776;3.5231815433583882;0;0;0;1,0.99552895642181016;-0.081067343334634001;0.048478683669900748;28.821193695068359;0.0820610322434773;0.99644869083209098;-0.018867790706571387;2.2923586368560791;-0.04677695920896003;0.022761642815855201;0.99864599518722685;3.5541467666625977;0;0;0;1,0.99498874590882547;-0.090215869382343952;0.043110245644679149;28.742917548238403;0.091001980168740892;0.9957118423425747;-0.01663030078262186;2.2567017440381236;-0.041425064581863826;0.020470080385853441;0.99893189937301929;3.5268991825167664;0;0;0;1
925,2,923,1,1660857486689786271,1660857486891505316,1660857486672728385,1660857486876401033,2259,2264,1,1,-17.057886,-15.104283,0.99614422884434006;-0.076096150639397495;0.043658346257976384;28.517154693603516;0.077242983623132436;0.99669353136472061;-0.025209641344519178;2.2718183994293213;-0.041595634640088495;0.02848473966159636;0.99872840291307396;3.565455436706543;0;0;0;1,0.99562427385524532;-0.085237372049214402;0.038300085747332215;28.438827632912105;0.086153756678870777;0.99601756532632402;-0.022946460327547165;2.2367299833103744;-0.036191661688768438;0.026145749716264186;0.99900278435990175;3.5376224593690759;0;0;0;1,0.99552895642181016;-0.081067343334634001;0.048478683669900748;28.821193695068359;0.0820610322434773;0.99644869083209098;-0.018867790706571387;2.2923586368560791;-0.04677695920896003;0.022761642815855201;0.99864599518722685;3.5541467666625977;0;0;0;1,0.99498874590882547;-0.090215869382343952;0.043110245644679149;28.742917548238403;0.091001980168740892;0.9957118423425747;-0.01663030078262186;2.2567017440381236;-0.041425064581863826;0.020470080385853441;0.99893189937301929;3.5268991825167664;0;0;0;1
925,4,921,1,1660857486488066271,1660857486891505316,1660857486469073257,1660857486876401033,2254,2264,1,1,-18.993014,-15.104283,0.99622116178967846;-0.077896894893434404;0.038411854529360592;28.267057418823242;0.07798149908448504;0.99695455564322477;-0.00070695315048650625;2.2407443523406982;-0.038239803908492839;0.0036996956877232453;0.99926174231222242;3.5822443962097168;0;0;0;1,0.99565784301400651;-0.087024472503051842;0.033048474652708035;28.18893704684513;0.087020783732040738;0.99620528640299078;0.0015526884794919411;2.2048461556820635;-0.033058186562760418;0.0013299582552689481;0.9994525437709727;3.5548669060322058;0;0;0;1,0.99552895642181016;-0.081067343334634001;0.048478683669900748;28.821193695068359;0.0820610322434773;0.99644869083209098;-0.018867790706571387;2.2923586368560791;-0.04677695920896003;0.022761642815855201;0.99864599518722685;3.5541467666625977;0;0;0;1,0.99498874590882547;-0.090215869382343952;0.043110245644679149;28.742917548238403;0.091001980168740892;0.9957118423425747;-0.01663030078262186;2.2567017440381236;-0.041425064581863826;0.020470080385853441;0.99893189937301929;3.5268991825167664;0;0;0;1
925,8,917,1,1660857486084626272,1660857486891505316,1660857486102398385,1660857486876401033,2245,2264,1,1,17.772113,-15.104283,0.99613135690657295;-0.07658148517188515;0.043099836616146817;27.775903701782227;0.077969884922648863;0.99645766082733145;-0.031509160948399562;2.2050497531890869;-0.040534144034617414;0.034747752551662778;0.9985737713659365;3.5972235202789307;0;0;0;1,0.99560412210830818;-0.08572105016848082;0.037740355723509665;27.697609071796741;0.086846036892132591;0.99579224147175871;-0.029250264330256581;2.1701016031649432;-0.035074189549249922;0.032399284611290144;0.99885939318561068;3.5691240943935751;0;0;0;1,0.99552895642181016;-0.081067343334634001;0.048478683669900748;28.821193695068359;0.0820610322434773;0.99644869083209098;-0.018867790706571387;2.2923586368560791;-0.04677695920896003;0.022761642815855201;0.99864599518722685;3.5541467666625977;0;0;0;1,0.99498874590882547;-0.090215869382343952;0.043110245644679149;28.742917548238403;0.091001980168740892;0.9957118423425747;-0.01663030078262186;2.2567017440381236;-0.041425064581863826;0.020470080385853441;0.99893189937301929;3.5268991825167664;0;0;0;1
1111,1,1110,1,1660857505549538448,1660857505650398329,1660857505549974966,1660857505631443783,2713,2715,1,1,0.436518,-18.954546,0.17827045164494032;-0.98391876702362224;0.011113323941287556;38.891693115234375;0.98094838380087546;0.17859570889483384;0.076445020000012742;19.186868667602539;-0.077200481790980865;-0.0027262910825471623;0.9970118619897026;2.5203635692596436;0;0;0;1,0.16938910498874549;-0.98552023874717221;0.0075624293559901305;38.906495200878261;0.9829093791668907;0.16949166302410237;0.071845177236510266;19.101165303724393;-0.072086644479614798;-0.0047366069818557703;0.99738712641518645;2.496346248628031;0;0;0;1,0.17609991071072983;-0.98381215587969939;0.033203364152014976;38.894317626953125;0.98060556431698986;0.17827421547998912;0.081431144690177981;19.310022354125977;-0.086032253708892586;0.018219386332496285;0.9961257477263783;2.528712272644043;0;0;0;1,0.1673334081711228;-0.98545400750098044;0.029663610642454104;38.908619212197692;0.98258933821733674;0.16915973763316192;0.076832132415434448;19.224204610704763;-0.080732420915726147;0.016290565514971055;0.996602675794523;2.5048003596435313;0;0;0;1
1111,2,1109,1,1660857505448678330,1660857505650398329,1660857505468522004,1660857505631443783,2711,2715,1,1,19.843674,-18.954546,0.18139896196715771;-0.98287493431636808;0.032423449690508171;38.879318237304688;0.9806510936549826;0.18325955229701435;0.068843075215919008;19.049831390380859;-0.073606039905190476;0.019308029016269476;0.99710047182065997;2.5528383255004883;0;0;0;1,0.17263665969226652;-0.98456272217148499;0.028858794619983575;38.893193859633676;0.98261528046647773;0.17417865404257596;0.06425735789806282;18.964243266239365;-0.068291984738640107;0.017263917482770522;0.99751599571019167;2.5278755508012734;0;0;0;1,0.17609991071072983;-0.98381215587969939;0.033203364152014976;38.894317626953125;0.98060556431698986;0.17827421547998912;0.081431144690177981;19.310022354125977;-0.086032253708892586;0.018219386332496285;0.9961257477263783;2.528712272644043;0;0;0;1,0.1673334081711228;-0.98545400750098044;0.029663610642454104;38.908619212197692;0.98258933821733674;0.16915973763316192;0.076832132415434448;19.224204610704763;-0.080732420915726147;0.016290565514971055;0.996602675794523;2.5048003596435313;0;0;0;1
1111,4,1107,1,1660857505246958331,1660857505650398329,1660857505264869681,1660857505631443783,2706,2715,1,1,17.91135,-18.954546,0.18164698472711877;-0.98121364804352307;0.06499345992226721;38.865913391113281;0.9806283732915283;0.18567195955220189;0.062401257452527503;18.860683441162109;-0.073296428529342428;0.05239943061872876;0.99593269513339933;2.6138994693756104;0;0;0;1,0.1730674726533285;-0.98299228496030477;0.061431407055155887;38.878731827353207;0.9825812796325456;0.17660866850434406;0.057822211069116565;18.775220621072805;-0.067688105901403034;0.05035420715592398;0.99643503245467824;2.5879611948665606;0;0;0;1,0.17609991071072983;-0.98381215587969939;0.033203364152014976;38.894317626953125;0.98060556431698986;0.17827421547998912;0.081431144690177981;19.310022354125977;-0.086032253708892586;0.018219386332496285;0.9961257477263783;2.528712272644043;0;0;0;1,0.1673334081711228;-0.98545400750098044;0.029663610642454104;38.908619212197692;0.98258933821733674;0.16915973763316192;0.076832132415434448;19.224204610704763;-0.080732420915726147;0.016290565514971055;0.996602675794523;2.5048003596435313;0;0;0;1
1111,8,1103,1,1660857504843574360,1660857505650398329,1660857504857625830,1660857505631443783,2696,2715,1,1,14.05147,-18.954546,-0.084644604599656892;-0.99285079782964625;0.084158090289662257;38.738502502441406;0.99348914644064534;-0.077631144373948968;0.083382979844986535;18.489284515380859;-0.076253569206995581;0.090668068647271352;0.99295754919884072;2.7157819271087646;0;0;0;1,-0.093216532095112617;-0.99226816415127905;0.081942472230446178;38.772277327602488;0.99315997868285866;-0.086856213826878859;0.078033683395061476;18.41000953678536;-0.070313126386797778;0.088656013852247681;0.99357746314477935;2.68902862892365;0;0;0;1,0.17609991071072983;-0.98381215587969939;0.033203364152014976;38.894317626953125;0.98060556431698986;0.17827421547998912;0.081431144690177981;19.310022354125977;-0.086032253708892586;0.018219386332496285;0.9961257477263783;2.528712272644043;0;0;0;1,0.1673334081711228;-0.98545400750098044;0.029663610642454104;38.908619212197692;0.98258933821733674;0.16915973763316192;0.076832132415434448;19.224204610704763;-0.080732420915726147;0.016290565514971055;0.996602675794523;2.5048003596435313;0;0;0;1
1235,1,1234,1,1660857518055447415,1660857518156307295,1660857518056365222,1660857518137829638,3013,3015,1,1,0.917807,-18.477657,0.77324170021667449;-0.63287774924944151;0.039535143239749659;46.192890167236328;0.63203916790542247;0.77425171355820543;0.032569530018160597;34.109588623046875;-0.051222683251150883;-0.00019635973022745501;0.99868723740889409;1.867302417755127;0;0;0;1,0.76765996022542515;-0.63996315366635159;0.03384298806478566;46.149021012232673;0.63919867189702095;0.76840170207256364;0.031366906683257652;34.035228072734512;-0.046078673670626402;-0.0024467247627090417;0.99893481723915478;1.8410916221497209;0;0;0;1,0.77668765754106994;-0.62871681673435342;0.038359444453575114;46.272174835205078;0.62851334073664489;0.77757489423096704;0.018661842828682038;34.190963745117188;-0.041560355381393119;0.0096149995903095937;0.99908973002601242;1.8628010749816895;0;0;0;1,0.77113743505137022;-0.63583043516859483;0.032660594062747447;46.227943105198975;0.63563157258815906;0.77179448321055422;0.017486575685742078;34.117206582026455;-0.036325762854454949;0.0072755521940564994;0.99931351688792236;1.8355167394897804;0;0;0;1
1235,2,1233,1,1660857517954651430,1660857518156307295,1660857517974929998,1660857518137829638,3011,3015,0,1,20.278568,-18.477657,0.77395529002306163;-0.63235456599186846;0.033480022618788553;46.111572265625;0.63182592661004777;0.77467827734208261;0.0258759555892746;34.0179443359375;-0.042299024913977669;0.0011267136013205521;0.99910436041876405;1.8625032901763916;0;0;0;1,0.76834707653400447;-0.63943000136797989;0.027785675405138131;46.067814399279797;0.63895484286866444;0.76884837250066063;0.024675688552871847;33.9437910750489;-0.037141346391721543;-0.0012057007467660172;0.99930929466575824;1.8355302843694128;0;0;0;1,0.77668765754106994;-0.62871681673435342;0.038359444453575114;46.272174835205078;0.62851334073664489;0.77757489423096704;0.018661842828682038;34.190963745117188;-0.041560355381393119;0.0096149995903095937;0.99908973002601242;1.8628010749816895;0;0;0;1,0.77113743505137022;-0.63583043516859483;0.032660594062747447;46.227943105198975;0.63563157258815906;0.77179448321055422;0.017486575685742078;34.117206582026455;-0.036325762854454949;0.0072755521940564994;0.99931351688792236;1.8355167394897804;0;0;0;1
1235,4,1231,1,1660857517752932385,1660857518156307295,1660857517771192678,1660857518137829638,3006,3015,1,1,18.260293,-18.477657,0.77468098708138544;-0.6317373742185981;0.027879352036973119;45.907173156738281;0.63152936534234083;0.77516906876411473;0.016839701353516381;33.800090789794922;-0.032249480071943185;0.0045612330313675176;0.99946944234845081;1.8824417591094971;0;0;0;1,0.76904949285481883;-0.63880418968780361;0.022182993555325378;45.863509029004184;0.63861621701013216;0.76936639020375719;0.015642433016522562;33.726220594127703;-0.027059300931005385;0.002136614801193691;0.99963154654847763;1.8545555949582886;0;0;0;1,0.77668765754106994;-0.62871681673435342;0.038359444453575114;46.272174835205078;0.62851334073664489;0.77757489423096704;0.018661842828682038;34.190963745117188;-0.041560355381393119;0.0096149995903095937;0.99908973002601242;1.8628010749816895;0;0;0;1,0.77113743505137022;-0.63583043516859483;0.032660594062747447;46.227943105198975;0.63563157258815906;0.77179448321055422;0.017486575685742078;34.117206582026455;-0.036325762854454949;0.0072755521940564994;0.99931351688792236;1.8355167394897804;0;0;0;1
1235,8,1227,1,1660857517349492386,1660857518156307295,1660857517363819350,1660857518137829638,2996,3015,1,1,14.326964,-18.477657,0.77779815337771763;-0.62723483052204865;0.040081167425481609;45.441131591796875;0.62731739374050377;0.77867047679853707;0.012048903392462916;33.433990478515625;-0.038767513627189762;0.015771998678545725;0.99912377809000708;1.8831098079681396;0;0;0;1,0.77227018564107075;-0.63436325711126917;0.034380500683669289;45.396715096381307;0.63441157782235058;0.77291882751104179;0.010882863016098957;33.360496420401532;-0.03347702421546063;0.013406877593173196;0.99934956058126434;1.8554186836377367;0;0;0;1,0.77668765754106994;-0.62871681673435342;0.038359444453575114;46.272174835205078;0.62851334073664489;0.77757489423096704;0.018661842828682038;34.190963745117188;-0.041560355381393119;0.0096149995903095937;0.99908973002601242;1.8628010749816895;0;0;0;1,0.77113743505137022;-0.63583043516859483;0.032660594062747447;46.227943105198975;0.63563157258815906;0.77179448321055422;0.017486575685742078;34.117206582026455;-0.036325762854454949;0.0072755521940564994;0.99931351688792236;1.8355167394897804;0;0;0;1
1359,1,1358,1,1660857530561411455,1660857530662271336,1660857530562773838,1660857530644234254,3313,3315,1,1,1.362383,-18.037082,-0.35747636672825694;-0.9336979943393332;0.020462223668793779;46.713085174560547;0.93367266868941556;-0.35780150259738436;-0.015278497355413012;38.955104827880859;0.021586916712446107;0.013643317256482082;0.99967387928318363;1.8529280424118042;0;0;0;1,-0.36582466040292466;-0.93047277745943024;0.019817383533006702;46.768740336433112;0.93029618191125885;-0.3662038766173551;-0.021065025654607657;38.8919329965195;0.02685763611861746;0.010729930941755603;0.99958168039071704;1.8204808131132824;0;0;0;1,-0.36546636570676855;-0.93065254637050521;0.017893391829978574;46.684547424316406;0.93042310103742343;-0.36580575590011427;-0.022338352809694435;39.060043334960938;0.0273347506480471;0.0084845084972917564;0.99959032834585204;1.8650790452957153;0;0;0;1,-0.37379981645197724;-0.92734808694903248;0.017298072260365654;46.740825561986277;0.92693779751497796;-0.37415913862557049;-0.028129328920568533;38.997582806047497;0.032557911696087426;0.0055194995788203369;0.99945460993444135;1.8323307085742093;0;0;0;1
1359,2,1357,1,1660857530460551336,1660857530662271336,1660857530440618742,1660857530644234254,3310,3315,1,1,-19.932594,-18.037082,-0.36871910465600238;-0.92921841240765701;0.024481909734936587;46.777454376220703;0.92918951658885018;-0.36917595625711069;-0.017775139465752075;38.801651000976562;0.025555119312086309;0.016194300362829917;0.99954223548217502;1.8541619777679443;0;0;0;1,-0.37700543453309082;-0.92590245244696945;0.023907139718828092;46.833748767912745;0.92569719577031473;-0.37753041391492942;-0.023568812801414131;38.739250671702514;0.030848094446039837;0.013245202247209436;0.99943632088405188;1.8213269297205705;0;0;0;1,-0.36546636570676855;-0.93065254637050521;0.017893391829978574;46.684547424316406;0.93042310103742343;-0.36580575590011427;-0.022338352809694435;39.060043334960938;0.0273347506480471;0.0084845084972917564;0.99959032834585204;1.8650790452957153;0;0;0;1,-0.37379981645197724;-0.92734808694903248;0.017298072260365654;46.740825561986277;0.92693779751497796;-0.37415913862557049;-0.028129328920568533;38.997582806047497;0.032557911696087426;0.0055194995788203369;0.99945460993444135;1.8323307085742093;0;0;0;1
1359,4,1355,1,1660857530258831337,1660857530662271336,1660857530277654542,1660857530644234254,3306,3315,1,1,18.823205,-18.037082,-0.37105154314739802;-0.9285814332475969;0.0075679690653034475;46.918350219726562;0.92855315803698357;-0.37110755710653615;-0.0082591620618355389;38.551486968994141;0.010477835056886022;0.0039626867473651923;0.99993725407460587;1.8236769437789917;0;0;0;1,-0.37941906838454159;-0.92519839460627751;0.0070072558465463465;46.975324280965509;0.92509234798786821;-0.37948202740552495;-0.014054863889550998;38.488906205866556;0.01566266567223527;0.0011496759625618477;0.99987667186268536;1.792394289766418;0;0;0;1,-0.36546636570676855;-0.93065254637050521;0.017893391829978574;46.684547424316406;0.93042310103742343;-0.36580575590011427;-0.022338352809694435;39.060043334960938;0.0273347506480471;0.0084845084972917564;0.99959032834585204;1.8650790452957153;0;0;0;1,-0.37379981645197724;-0.92734808694903248;0.017298072260365654;46.740825561986277;0.92693779751497796;-0.37415913862557049;-0.028129328920568533;38.997582806047497;0.032557911696087426;0.0055194995788203369;0.99945460993444135;1.8323307085742093;0;0;0;1
1359,8,1351,1,1660857529855447367,1660857530662271336,1660857529870242510,1660857530644234254,3296,3315,1,1,14.795143,-18.037082,-0.36880717499494031;-0.92931040463359094;0.019064089592811063;47.202198028564453;0.92937004142768798;-0.36902638109416019;-0.0095318494136764475;37.963760375976562;0.015893198826820026;0.014202179279916788;0.99977282636344555;1.810696005821228;0;0;0;1,-0.3771222353819017;-0.9259789165707899;0.018489621390251221;47.258666507333849;0.92592151914195064;-0.37740488696342528;-0.015326197025690961;37.90109118207792;0.021169809301936952;0.011340089204669288;0.99971157908380148;1.7786822111176237;0;0;0;1,-0.36546636570676855;-0.93065254637050521;0.017893391829978574;46.684547424316406;0.93042310103742343;-0.36580575590011427;-0.022338352809694435;39.060043334960938;0.0273347506480471;0.0084845084972917564;0.99959032834585204;1.8650790452957153;0;0;0;1,-0.37379981645197724;-0.92734808694903248;0.017298072260365654;46.740825561986277;0.92693779751497796;-0.37415913862557049;-0.028129328920568533;38.997582806047497;0.032557911696087426;0.0055194995788203369;0.99945460993444135;1.8323307085742093;0;0;0;1
1497,1,1496,1,1660857544580155447,1660857544681020171,1660857544576461286,1660857544698669254,3649,3652,1,1,-3.694161,17.649083,-0.22825267362433316;0.973507325428276;-0.013572189242307828;47.822826385498047;-0.97322781596155794;-0.22775638145868654;0.030897393798535903;35.502086639404297;0.026987686489216334;0.020261244836647905;0.99943041115208708;1.8025598526000977;0;0;0;1,-0.21947575047842485;0.97556883012174145;-0.0097904466625158403;47.812386662862664;-0.97508256719324904;-0.21901185488043845;0.035324148134272731;35.585384864127263;0.032316914506435576;0.017299288349145441;0.9993279499150366;1.7694929815800065;0;0;0;1,-0.25257386051252484;0.967323652738729;0.022167449966167117;47.807651519775391;-0.96751952527104979;-0.25274345191122849;0.0051687266593702548;35.33062744140625;0.010602509376668602;-0.020141955421444604;0.99974091064971349;1.7814819812774658;0;0;0;1,-0.24366767833823047;0.96950866320560058;0.026057911080358289;47.798247445477074;-0.96973383664378354;-0.24397959732505425;0.0094996344997868454;35.414996567625188;0.015567577102593299;-0.022954483637263937;0.99961529699337426;1.7509137962249377;0;0;0;1
1497,2,1495,1,1660857544479300172,1660857544681020171,1660857544494988350,1660857544698669254,3647,3652,1,1,15.688178,17.649083,-0.20365419886100516;0.97686924810531117;-0.065203062753572599;47.826541900634766;-0.97888986576803849;-0.20199286716528214;0.031201158808298414;35.635036468505859;0.017308898951524928;0.07018086434714868;0.99738410268891564;1.8023966550827026;0;0;0;1,-0.19511399277407218;0.97884805422177368;-0.061538741645281912;47.81561058873362;-0.98050894553091339;-0.1931990157728033;0.035726025520193681;35.718008174840136;0.023081126772246923;0.067309934714926078;0.99746510422465362;1.7686742237074504;0;0;0;1,-0.25257386051252484;0.967323652738729;0.022167449966167117;47.807651519775391;-0.96751952527104979;-0.25274345191122849;0.0051687266593702548;35.33062744140625;0.010602509376668602;-0.020141955421444604;0.99974091064971349;1.7814819812774658;0;0;0;1,-0.24366767833823047;0.96950866320560058;0.026057911080358289;47.798247445477074;-0.96973383664378354;-0.24397959732505425;0.0094996344997868454;35.414996567625188;0.015567577102593299;-0.022954483637263937;0.99961529699337426;1.7509137962249377;0;0;0;1
1497,4,1493,1,1660857544277571916,1660857544681020171,1660857544291285094,1660857544698669254,3642,3652,1,1,13.713178,17.649083,-0.097871244039901106;0.99140192097377355;-0.086853040704362533;47.804515838623047;-0.99504496454798363;-0.095946868533694052;0.026071381748577128;35.942848205566406;0.0175139406697669;0.088974319374129418;0.99587992869327691;1.7992949485778809;0;0;0;1,-0.089316407537435805;0.9924804344481245;-0.083696874045797232;47.785390124848419;-0.99572723502013571;-0.086997439388625031;0.030963201189599814;36.024100414074596;0.023448958169241731;0.086104779415223404;0.99601009694465814;1.7650416904129602;0;0;0;1,-0.25257386051252484;0.967323652738729;0.022167449966167117;47.807651519775391;-0.96751952527104979;-0.25274345191122849;0.0051687266593702548;35.33062744140625;0.010602509376668602;-0.020141955421444604;0.99974091064971349;1.7814819812774658;0;0;0;1,-0.24366767833823047;0.96950866320560058;0.026057911080358289;47.798247445477074;-0.96973383664378354;-0.24397959732505425;0.0094996344997868454;35.414996567625188;0.015567577102593299;-0.022954483637263937;0.99961529699337426;1.7509137962249377;0;0;0;1
1497,8,1489,1,1660857543874195963,1660857544681020171,1660857543883918678,1660857544698669254,3633,3652,1,1,9.722715,17.649083,0.1271311315592572;0.99140144860962798;0.030997468980459117;47.933635711669922;-0.99188564697190473;0.12704587658627481;0.0047125973253963459;36.513614654541016;0.00073397519653350084;-0.031345062404735002;0.99950835331339505;1.7605912685394287;0;0;0;1,0.13628061754136891;0.99012091339927177;0.032987429358104267;47.893030132897287;-0.99065446594792983;0.13601475630303989;0.010184102785803964;36.588617060800487;0.0055967164861253325;-0.034067039464513983;0.99940387898158844;1.731149358995562;0;0;0;1,-0.25257386051252484;0.967323652738729;0.022167449966167117;47.807651519775391;-0.96751952527104979;-0.25274345191122849;0.0051687266593702548;35.33062744140625;0.010602509376668602;-0.020141955421444604;0.99974091064971349;1.7814819812774658;0;0;0;1,-0.24366767833823047;0.96950866320560058;0.026057911080358289;47.798247445477074;-0.96973383664378354;-0.24397959732505425;0.0094996344997868454;35.414996567625188;0.015567577102593299;-0.022954483637263937;0.99961529699337426;1.7509137962249377;0;0;0;1
1498,1,1497,1,1660857544681020171,1660857544781880051,1660857544698669254,1660857544780148030,3652,3654,1,1,17.649083,-1.732021,-0.25257381532432349;0.96732366454554386;0.022167449620892107;47.807651519775391;-0.96751953707238614;-0.25274340672245849;0.0051687272670952918;35.33062744140625;0.010602508936575833;-0.020141955429059853;0.99974091065422721;1.7814819812774658;0;0;0;1,-0.24366763304712255;0.96950867460338008;0.026057910532815441;47.798247441539679;-0.9697338480312685;-0.24397955203302737;0.0094996352892748326;35.414996567199033;0.015567576662478624;-0.022954483640903477;0.99961529700014462;1.7509137962600494;0;0;0;1,-0.24235244128609568;0.96944532147121787;0.037961334015507678;47.789302825927734;-0.97005711943394546;-0.24277747538716576;0.0069485595737888844;35.213050842285156;0.015952405404387561;-0.035140661948823614;0.99925504984443936;1.8054714202880859;0;0;0;1,-0.23334622703431715;0.97149469296926583;0.041804307226043516;47.778543048777593;-0.97217168763318118;-0.23399591154944935;0.011319188934617431;35.297270883062708;0.020778569458996345;-0.037999673305888375;0.99906169760824393;1.7749392743289896;0;0;0;1
1498,2,1496,1,1660857544580155447,1660857544781880051,1660857544576461286,1660857544780148030,3649,3654,1,1,-3.694161,-1.732021,-0.22825267362433316;0.973507325428276;-0.013572189242307828;47.822826385498047;-0.97322781596155794;-0.22775638145868654;0.030897393798535903;35.502086639404297;0.026987686489216334;0.020261244836647905;0.99943041115208708;1.8025598526000977;0;0;0;1,-0.21947575047842485;0.97556883012174145;-0.0097904466625158403;47.812386662862664;-0.97508256719324904;-0.21901185488043845;0.035324148134272731;35.585384864127263;0.032316914506435576;0.017299288349145441;0.9993279499150366;1.7694929815800065;0;0;0;1,-0.24235244128609568;0.96944532147121787;0.037961334015507678;47.789302825927734;-0.97005711943394546;-0.24277747538716576;0.0069485595737888844;35.213050842285156;0.015952405404387561;-0.035140661948823614;0.99925504984443936;1.8054714202880859;0;0;0;1,-0.23334622703431715;0.97149469296926583;0.041804307226043516;47.778543048777593;-0.97217168763318118;-0.23399591154944935;0.011319188934617431;35.297270883062708;0.020778569458996345;-0.037999673305888375;0.99906169760824393;1.7749392743289896;0;0;0;1
1498,4,1494,1,1660857544378430843,1660857544781880051,1660857544372768510,1660857544780148030,3644,3654,1,1,-5.662333,-1.732021,-0.13950065359625285;0.98750767654992311;-0.07326770367079051;47.828037261962891;-0.9901844325871707;-0.13846866216939113;0.01900576383736995;35.749404907226562;0.0086230567805800074;0.0751998560636358;0.99713119725528976;1.7667123079299927;0;0;0;1,-0.13090892915186658;0.9889266382205576;-0.069906771038629203;47.8119283069178;-0.99128923099314015;-0.12954216636458493;0.023758967093003052;35.831751999517799;0.014440001412778127;0.072408090791129379;0.99727055236494344;1.7335391566130793;0;0;0;1,-0.24235244128609568;0.96944532147121787;0.037961334015507678;47.789302825927734;-0.97005711943394546;-0.24277747538716576;0.0069485595737888844;35.213050842285156;0.015952405404387561;-0.035140661948823614;0.99925504984443936;1.8054714202880859;0;0;0;1,-0.23334622703431715;0.97149469296926583;0.041804307226043516;47.778543048777593;-0.97217168763318118;-0.23399591154944935;0.011319188934617431;35.297270883062708;0.020778569458996345;-0.037999673305888375;0.99906169760824393;1.7749392743289896;0;0;0;1
1498,8,1490,1,1660857543975056082,1660857544781880051,1660857543965393934,1660857544780148030,3635,3654,1,1,-9.662148,-1.732021,0.1025288926334274;0.99436027448144615;0.02711956320714214;47.897232055664062;-0.99460654782232405;0.1020484999720554;0.018545044686178166;36.371654510498047;0.015672944979232609;-0.028874698035416237;0.9994601595906869;1.7704309225082397;0;0;0;1,0.11168659836797219;0.99331306562918231;0.02924478998248271;47.858613705191907;-0.99353083122090813;0.1110055544945576;0.023963619702850093;36.447198907324292;0.020557042927992375;-0.03173201510101966;0.99928498785795361;1.7397280378761912;0;0;0;1,-0.24235244128609568;0.96944532147121787;0.037961334015507678;47.789302825927734;-0.97005711943394546;-0.24277747538716576;0.0069485595737888844;35.213050842285156;0.015952405404387561;-0.035140661948823614;0.99925504984443936;1.8054714202880859;0;0;0;1,-0.23334622703431715;0.97149469296926583;0.041804307226043516;47.778543048777593;-0.97217168763318118;-0.23399591154944935;0.011319188934617431;35.297270883062708;0.020778569458996345;-0.037999673305888375;0.99906169760824393;1.7749392743289896;0;0;0;1
1556,1,1555,1,1660857550530557469,1660857550631421000,1660857550524121222,1660857550646335030,3792,3795,1,1,-6.436247,14.91403,-0.7803174667133661;0.6246428142019339;0.030430343539353449;43.740409851074219;-0.62482616719553163;-0.7766444293160617;-0.080098009963234129;32.482784271240234;-0.026399089563396233;-0.081515551143430343;0.99632238908498216;1.983207106590271;0;0;0;1,-0.77444976627483908;0.63160252910729509;0.036135926299449297;43.782965281243108;-0.63225253770808787;-0.77073048150535295;-0.078938293874666596;32.558083807036773;-0.022006565701867077;-0.083980773778616249;0.99622434238443025;1.9575163440144674;0;0;0;1,-0.76220963225079252;0.64647039641003523;0.033354206174983192;43.754440307617188;-0.647089636942075;-0.7595094085503693;-0.066486540635240426;32.338428497314453;-0.01764874687576724;-0.072259842851474992;0.99722968108896293;1.9643663167953491;0;0;0;1,-0.75612977924986613;0.65325711417640908;0.0390243529055425;43.794815503058892;-0.65428920263697177;-0.75343149730391612;-0.06516608767020228;32.414576129577334;-0.013168033250445094;-0.074807231662110119;0.99711106736748012;1.9376758371525615;0;0;0;1
1556,2,1554,1,1660857550429701954,1660857550631421000,1660857550442643902,1660857550646335030,3790,3795,1,1,12.941948,14.91403,-0.81476065013474952;0.57979689904282283;0.00079928238265570412;43.805660247802734;-0.57450859269245735;-0.80714193796938227;-0.13587409206159334;32.555915832519531;-0.078134242906249318;-0.11116405818139598;0.99072579064749844;1.9967273473739624;0;0;0;1,-0.80945063569871778;0.58715124586106582;0.006563788437405212;43.853191998875538;-0.58250169499358606;-0.80153094486505283;-0.13505525012117423;32.629812023023739;-0.074036778374007212;-0.11314397539504199;0.9908163280168073;1.976206975089835;0;0;0;1,-0.76220963225079252;0.64647039641003523;0.033354206174983192;43.754440307617188;-0.647089636942075;-0.7595094085503693;-0.066486540635240426;32.338428497314453;-0.01764874687576724;-0.072259842851474992;0.99722968108896293;1.9643663167953491;0;0;0;1,-0.75612977924986613;0.65325711417640908;0.0390243529055425;43.794815503058892;-0.65428920263697177;-0.75343149730391612;-0.06516608767020228;32.414576129577334;-0.013168033250445094;-0.074807231662110119;0.99711106736748012;1.9376758371525615;0;0;0;1
1556,4,1552,1,1660857550227981955,1660857550631421000,1660857550238963486,1660857550646335030,3785,3795,1,1,10.981531,14.91403,-0.8726748194276881;0.4881359393135748;-0.012726519056912182;43.967578887939453;-0.48588928268966214;-0.87065582559977406;-0.076616175292827923;32.794197082519531;-0.048479526649685196;-0.060677327723209336;0.9969794367970648;2.0110666751861572;0;0;0;1,-0.86826311252536315;0.49605590580278036;-0.006906974214943332;44.022861524899653;-0.49415842120083903;-0.8660060279026579;-0.076426533814881001;32.861136727039224;-0.043893314291856042;-0.062945200095826506;0.99705129176230933;1.9864920123794154;0;0;0;1,-0.76220963225079252;0.64647039641003523;0.033354206174983192;43.754440307617188;-0.647089636942075;-0.7595094085503693;-0.066486540635240426;32.338428497314453;-0.01764874687576724;-0.072259842851474992;0.99722968108896293;1.9643663167953491;0;0;0;1,-0.75612977924986613;0.65325711417640908;0.0390243529055425;43.794815503058892;-0.65428920263697177;-0.75343149730391612;-0.06516608767020228;32.414576129577334;-0.013168033250445094;-0.074807231662110119;0.99711106736748012;1.9376758371525615;0;0;0;1
1556,8,1548,1,1660857549824597985,1660857550631421000,1660857549831594510,1660857550646335030,3775,3795,1,1,6.996525,14.91403,-0.90036107418562406;0.43382582971830091;0.033839112880468883;44.403251647949219;-0.43382114812460376;-0.90096469547517932;0.0078631385062288579;33.047679901123047;0.033899078618156525;-0.0076004589693845197;0.99939636055585823;1.948563814163208;0;0;0;1,-0.89620091190406681;0.44187252016167655;0.039656046179151395;44.460943736431481;-0.44193311973982208;-0.89701494591358055;0.0077009740710744234;33.108816954911596;0.038974915456073594;-0.010623699651477614;0.99918371322217159;1.9157783968199498;0;0;0;1,-0.76220963225079252;0.64647039641003523;0.033354206174983192;43.754440307617188;-0.647089636942075;-0.7595094085503693;-0.066486540635240426;32.338428497314453;-0.01764874687576724;-0.072259842851474992;0.99722968108896293;1.9643663167953491;0;0;0;1,-0.75612977924986613;0.65325711417640908;0.0390243529055425;43.794815503058892;-0.65428920263697177;-0.75343149730391612;-0.06516608767020228;32.414576129577334;-0.013168033250445094;-0.074807231662110119;0.99711106736748012;1.9376758371525615;0;0;0;1
1557,1,1556,1,1660857550631421000,1660857550732281119,1660857550646335030,1660857550727820254,3795,3797,1,1,14.91403,-4.460865,-0.76220965466394885;0.64647037002819741;0.033354205322112827;43.754440307617188;-0.64708961060653947;-0.75950943105915092;-0.066486539820344678;32.338428497314453;-0.017648744491924682;-0.072259842290242335;0.9972296811718192;1.9643663167953491;0;0;0;1,-0.75612980190560442;0.65325708800115312;0.039024352098184056;43.794815505654654;-0.65428917650293617;-0.75343152005252911;-0.065166087051712368;32.414576128127763;-0.013168030861212543;-0.074807231122727538;0.99711106743949973;1.9376758369436202;0;0;0;1,-0.75909357165891755;0.65087690804382026;0.011670477343445293;43.667381286621094;-0.65080417061997864;-0.75834634692137715;-0.0369425177085125;32.238178253173828;-0.015194767841240258;-0.035638023041667737;0.99924924335419552;1.9539902210235596;0;0;0;1,-0.75308556611938282;0.6576941321324653;0.017336639512015993;43.708034902893445;-0.65784083481508182;-0.75231513329713606;-0.035600239069046274;32.313690665996724;-0.010371451581400952;-0.038214775039181734;0.99921572429446381;1.925951693897374;0;0;0;1
1557,2,1555,1,1660857550530557469,1660857550732281119,1660857550524121222,1660857550727820254,3792,3797,1,1,-6.436247,-4.460865,-0.7803174667133661;0.6246428142019339;0.030430343539353449;43.740409851074219;-0.62482616719553163;-0.7766444293160617;-0.080098009963234129;32.482784271240234;-0.026399089563396233;-0.081515551143430343;0.99632238908498216;1.983207106590271;0;0;0;1,-0.77444976627483908;0.63160252910729509;0.036135926299449297;43.782965281243108;-0.63225253770808787;-0.77073048150535295;-0.078938293874666596;32.558083807036773;-0.022006565701867077;-0.083980773778616249;0.99622434238443025;1.9575163440144674;0;0;0;1,-0.75909357165891755;0.65087690804382026;0.011670477343445293;43.667381286621094;-0.65080417061997864;-0.75834634692137715;-0.0369425177085125;32.238178253173828;-0.015194767841240258;-0.035638023041667737;0.99924924335419552;1.9539902210235596;0;0;0;1,-0.75308556611938282;0.6576941321324653;0.017336639512015993;43.708034902893445;-0.65784083481508182;-0.75231513329713606;-0.035600239069046274;32.313690665996724;-0.010371451581400952;-0.038214775039181734;0.99921572429446381;1.925951693897374;0;0;0;1
1557,4,1553,1,1660857550328842073,1660857550732281119,1660857550320478542,1660857550727820254,3787,3797,1,1,-8.363531,-4.460865,-0.84336094805282058;0.53731751911088965;-0.0056740599191991634;43.864048004150391;-0.53181198511268879;-0.83613827952087494;-0.13434578523486618;32.635017395019531;-0.076930642724140241;-0.1102844557332997;0.99091826859416665;2.0074479579925537;0;0;0;1,-0.83846820506292363;0.54495050597407213;0.00012506618225327019;43.915318143896705;-0.54006267748576209;-0.83091701257646855;-0.13382534659630094;32.706333762980996;-0.072824270273925712;-0.11227584116923599;0.99100492467771484;1.9867997512680442;0;0;0;1,-0.75909357165891755;0.65087690804382026;0.011670477343445293;43.667381286621094;-0.65080417061997864;-0.75834634692137715;-0.0369425177085125;32.238178253173828;-0.015194767841240258;-0.035638023041667737;0.99924924335419552;1.9539902210235596;0;0;0;1,-0.75308556611938282;0.6576941321324653;0.017336639512015993;43.708034902893445;-0.65784083481508182;-0.75231513329713606;-0.035600239069046274;32.313690665996724;-0.010371451581400952;-0.038214775039181734;0.99921572429446381;1.925951693897374;0;0;0;1
1557,8,1549,1,1660857549925458103,1660857550732281119,1660857549913061382,1660857550727820254,3777,3797,1,1,-12.396721,-4.460865,-0.90286134801348272;0.42886057454974025;0.030331400563507097;44.268383026123047;-0.4289288673074092;-0.90332681680245719;0.0045484982052564644;33.024227142333984;0.029349839073837869;-0.0089033500665176533;0.99952954798941951;1.9674834012985229;0;0;0;1,-0.89876417224638394;0.43693967607693479;0.03614806677538699;44.326528467293265;-0.43707961065373652;-0.89941228059078437;0.0043547665031105059;33.085145824328322;0.03441478595766146;-0.011885674273157558;0.99933695670967704;1.9350947942745413;0;0;0;1,-0.75909357165891755;0.65087690804382026;0.011670477343445293;43.667381286621094;-0.65080417061997864;-0.75834634692137715;-0.0369425177085125;32.238178253173828;-0.015194767841240258;-0.035638023041667737;0.99924924335419552;1.9539902210235596;0;0;0;1,-0.75308556611938282;0.6576941321324653;0.017336639512015993;43.708034902893445;-0.65784083481508182;-0.75231513329713606;-0.035600239069046274;32.313690665996724;-0.010371451581400952;-0.038214775039181734;0.99921572429446381;1.925951693897374;0;0;0;1
1606,1,1605,1,1660857555573279053,1660857555674139172,1660857555575563838,1660857555657076742,3913,3915,1,1,2.284785,-17.06243,-0.51380784186632589;0.8566236982819373;0.046875805896487717;41.801532745361328;-0.85744967958565743;-0.51454833661012733;0.0044784227362568881;28.857112884521484;0.027956190998099241;-0.037892596025181621;0.99889068598688535;2.1872005462646484;0;0;0;1,-0.50576477741292936;0.8611135172101767;0.051821816594259995;41.81546698105744;-0.86204936660157117;-0.50676822285636791;0.0075404710332746773;28.940546898181445;0.032754851941977151;-0.040859258945520269;0.99862787883681692;2.155806240253606;0;0;0;1,-0.51700398196985475;0.85449373212363711;0.050471223372652571;41.735950469970703;-0.85485256928251119;-0.5184521824402909;0.020842728084126468;28.747720718383789;0.043976896416226513;-0.032369681560335276;0.99850800512428495;2.1803436279296875;0;0;0;1,-0.50896155701022028;0.85900283367234598;0.055428020890140831;41.75009347172832;-0.85940355202345009;-0.51073990541127912;0.023880632798912269;28.830568040818626;0.048822833906586899;-0.035480713409084708;0.99817706327383549;2.1475214300078092;0;0;0;1
1606,2,1604,1,1660857555472419172,1660857555674139172,1660857555453359766,1660857555657076742,3910,3915,1,1,-19.059406,-17.06243,-0.51969257497532217;0.85296493751146507;0.048687194328504747;41.859851837158203;-0.85336148714264815;-0.52099085647016297;0.018512151041252232;28.988615036010742;0.041155798828441455;-0.031927149114015452;0.99864250729289727;2.1715888977050781;0;0;0;1,-0.51167306450037109;0.85750331763717402;0.053653849604088366;41.874308470618629;-0.85794759095181827;-0.51328564172934565;0.021535598664542084;29.071490058937101;0.046006598442300983;-0.035013004675312299;0.99832734219867714;2.1389739266993177;0;0;0;1,-0.51700398196985475;0.85449373212363711;0.050471223372652571;41.735950469970703;-0.85485256928251119;-0.5184521824402909;0.020842728084126468;28.747720718383789;0.043976896416226513;-0.032369681560335276;0.99850800512428495;2.1803436279296875;0;0;0;1,-0.50896155701022028;0.85900283367234598;0.055428020890140831;41.75009347172832;-0.85940355202345009;-0.51073990541127912;0.023880632798912269;28.830568040818626;0.048822833906586899;-0.035480713409084708;0.99817706327383549;2.1475214300078092;0;0;0;1
1606,4,1602,1,1660857555270699173,1660857555674139172,1660857555290426766,1660857555657076742,3906,3915,1,1,19.727593,-17.06243,-0.51391880108138355;0.85671416287707736;0.043912515538306336;42.001323699951172;-0.85719449864423347;-0.51484319005419787;0.012412942796877928;29.262762069702148;0.033242403480114487;-0.031262322061002309;0.99895826230639873;2.1814136505126953;0;0;0;1,-0.50589016988347246;0.86121303756461387;0.04885939225553336;42.015353953684809;-0.86175601438777139;-0.50708694182024328;0.015472748584173458;29.345943889708433;0.038101293117628228;-0.03427736315389724;0.99868581326076922;2.149399016196925;0;0;0;1,-0.51700398196985475;0.85449373212363711;0.050471223372652571;41.735950469970703;-0.85485256928251119;-0.5184521824402909;0.020842728084126468;28.747720718383789;0.043976896416226513;-0.032369681560335276;0.99850800512428495;2.1803436279296875;0;0;0;1,-0.50896155701022028;0.85900283367234598;0.055428020890140831;41.75009347172832;-0.85940355202345009;-0.51073990541127912;0.023880632798912269;28.830568040818626;0.048822833906586899;-0.035480713409084708;0.99817706327383549;2.1475214300078092;0;0;0;1
1606,8,1598,1,1660857554867317274,1660857555674139172,1660857554883030382,1660857555657076742,3897,3915,1,1,15.713108,-17.06243,-0.51963505256423437;0.85240413306325702;0.058194553724922521;42.257236480712891;-0.85280076858030118;-0.52161525152102306;0.025463277273513996;29.752798080444336;0.052060169567658174;-0.036396748719321435;0.99798046845980393;2.139148473739624;0;0;0;1,-0.51157167376041357;0.8569161754523742;0.063159252125609647;42.27141686796184;-0.85735677252188924;-0.51393398307083493;0.028482037857287059;29.835436246619423;0.056866405480561731;-0.039579408202784938;0.9975969537639352;2.1058190555261418;0;0;0;1,-0.51700398196985475;0.85449373212363711;0.050471223372652571;41.735950469970703;-0.85485256928251119;-0.5184521824402909;0.020842728084126468;28.747720718383789;0.043976896416226513;-0.032369681560335276;0.99850800512428495;2.1803436279296875;0;0;0;1,-0.50896155701022028;0.85900283367234598;0.055428020890140831;41.75009347172832;-0.85940355202345009;-0.51073990541127912;0.023880632798912269;28.830568040818626;0.048822833906586899;-0.035480713409084708;0.99817706327383549;2.1475214300078092;0;0;0;1
1730,1,1729,1,1660857568079179361,1660857568180039481,1660857568081974414,1660857568163446774,4213,4215,1,1,2.795053,-16.592707,0.74948066683146219;0.66108693268803431;0.035253332821072417;40.911945343017578;-0.66046660369485399;0.75030719628749032;-0.028687568788418293;20.654682159423828;-0.045415806165381045;-0.0017828708119408416;0.99896657898150754;2.2952988147735596;0;0;0;1,0.75562065002420853;0.65417056467550383;0.033140706193119887;40.831530523454255;-0.65376949082380997;0.75633601842472764;-0.023265434079958763;20.685747937177815;-0.040285071433839657;-0.0040865396391655488;0.99917987016289789;2.2686647340329156;0;0;0;1,0.69662901527648757;0.71719524081816555;0.018411996705541632;40.943088531494141;-0.71657409205189515;0.69682160761514012;-0.031003512069666499;20.613077163696289;-0.035065448448773552;0.0084043862610684861;0.9993496788495313;2.2862136363983154;0;0;0;1,0.70319431874291494;0.71080102146907476;0.016723000232035459;40.86571806636514;-0.71037122281452381;0.7033675019988439;-0.02543390054381334;20.650272220979797;-0.029840856893642725;0.0060054367939400936;0.9995366215076964;2.2584406486375519;0;0;0;1
1730,2,1728,1,1660857567978380114,1660857568180039481,1660857567959754350,1660857568163446774,4210,4215,1,1,-18.625764,-16.592707,0.78824621329297839;0.61447923500332891;0.032911654151745372;40.882717132568359;-0.61480507736325685;0.78867904752162099;-0.00027721606801567496;20.740337371826172;-0.026127075566164445;-0.020015737561039242;0.99945822632676729;2.3122246265411377;0;0;0;1,0.79394907123801994;0.60722006665935468;0.030473985474453714;40.800677605371966;-0.60761592642599871;0.79421519714413402;0.0050106762231491115;20.765764084936379;-0.021160318741016468;-0.022494700090751194;0.9995230007867465;2.2845841083194482;0;0;0;1,0.69662901527648757;0.71719524081816555;0.018411996705541632;40.943088531494141;-0.71657409205189515;0.69682160761514012;-0.031003512069666499;20.613077163696289;-0.035065448448773552;0.0084043862610684861;0.9993496788495313;2.2862136363983154;0;0;0;1,0.70319431874291494;0.71080102146907476;0.016723000232035459;40.86571806636514;-0.71037122281452381;0.7033675019988439;-0.02543390054381334;20.650272220979797;-0.029840856893642725;0.0060054367939400936;0.9995366215076964;2.2584406486375519;0;0;0;1
1730,4,1726,1,1660857567776660114,1660857568180039481,1660857567796809350,1660857568163446774,4206,4215,0,1,20.149236,-16.592707,0.80340957831557824;0.59227938214940856;0.061140681640786218;40.794647216796875;-0.59411453104539946;0.80421505305209151;0.016311727226967453;20.871782302856445;-0.039509156805607945;-0.049429565293828415;0.9979958640211759;2.3538515567779541;0;0;0;1,0.80905552424135208;0.58480708510212143;0.058564774598866234;40.711206426151641;-0.5867000910528416;0.80951794278144928;0.021533781928371028;20.89459627634216;-0.034816127133833905;-0.051781983255862668;0.99805133293869142;2.32819698447492;0;0;0;1,0.69662901527648757;0.71719524081816555;0.018411996705541632;40.943088531494141;-0.71657409205189515;0.69682160761514012;-0.031003512069666499;20.613077163696289;-0.035065448448773552;0.0084043862610684861;0.9993496788495313;2.2862136363983154;0;0;0;1,0.70319431874291494;0.71080102146907476;0.016723000232035459;40.86571806636514;-0.71037122281452381;0.7033675019988439;-0.02543390054381334;20.650272220979797;-0.029840856893642725;0.0060054367939400936;0.9995366215076964;2.2584406486375519;0;0;0;1
1730,8,1722,1,1660857567373220116,1660857568180039481,1660857567389435870,1660857568163446774,4197,4215,1,1,16.215754,-16.592707,0.68370814119347889;0.72042590541323104;0.11631720627355366;40.531791687011719;-0.72857274536320304;0.68294459168451249;0.05261596148318512;21.010662078857422;-0.041532305253663991;-0.12071950753047714;0.99181745705644642;2.3473944664001465;0;0;0;1,0.69080765436918556;0.71388250344913506;0.11470203499388772;40.452383421012343;-0.72206453368403611;0.6893725423499667;0.058209169649320665;21.046689162734516;-0.037517925263269483;-0.12303361078908021;0.99169306516968792;2.3242130831790009;0;0;0;1,0.69662901527648757;0.71719524081816555;0.018411996705541632;40.943088531494141;-0.71657409205189515;0.69682160761514012;-0.031003512069666499;20.613077163696289;-0.035065448448773552;0.0084043862610684861;0.9993496788495313;2.2862136363983154;0;0;0;1,0.70319431874291494;0.71080102146907476;0.016723000232035459;40.86571806636514;-0.71037122281452381;0.7033675019988439;-0.02543390054381334;20.650272220979797;-0.029840856893642725;0.0060054367939400936;0.9995366215076964;2.2584406486375519;0;0;0;1
1854,1,1853,1,1660857580585157469,1660857580686017349,1660857580588366966,1660857580710579670,4514,4516,1,0,3.209497,24.562321,-0.92146468468353382;0.38484964783218645;0.052854360695384801;39.782733917236328;-0.38626468984084261;-0.92218313174397115;-0.019438644732574326;22.016572952270508;0.041260444292729202;-0.038327797879915672;0.99841301856818898;2.4002017974853516;0;0;0;1,-0.91764989896031623;0.39303806265109875;0.058649337927677431;39.842988325198441;-0.3947124012392928;-0.91858912889691868;-0.019903092729289529;22.07538612188954;0.046051971743823063;-0.041413691462254806;0.99808021813334591;2.3677762302542509;0;0;0;1,-0.88601689429790309;0.45619141979651007;0.082845950551267505;39.768123626708984;-0.46096810257495441;-0.88591139072062053;-0.051666393331667254;21.973966598510742;0.049824405938706927;-0.083966637990933984;0.99522215222399191;2.4532363414764404;0;0;0;1,-0.88140217583048608;0.4639739345717796;0.08864757757195478;39.822521129345681;-0.46924855355966444;-0.88155453379888249;-0.051646873519300418;22.038620970481261;0.054184871310252763;-0.087119413664676099;0.99472318119915082;2.4215863193319214;0;0;0;1
1854,2,1852,1,1660857580484297350,1660857580686017349,1660857580466152742,1660857580710579670,4511,4516,1,0,-18.144608,24.562321,-0.94494627272531206;0.32516491164051642;0.036664995572832135;39.817218780517578;-0.32576580944702227;-0.94537869473499769;-0.011651649517510351;22.06224250793457;0.030873598071280983;-0.022954384743828226;0.99925968454809877;2.3810710906982422;0;0;0;1,-0.9417552076068223;0.33361276503733167;0.042422312437722098;39.881611757566908;-0.3343872083102819;-0.94235299368381698;-0.012491224052823558;22.11669645813781;0.035809561842450703;-0.025949153357181506;0.99902167969356492;2.3489882008073972;0;0;0;1,-0.88601689429790309;0.45619141979651007;0.082845950551267505;39.768123626708984;-0.46096810257495441;-0.88591139072062053;-0.051666393331667254;21.973966598510742;0.049824405938706927;-0.083966637990933984;0.99522215222399191;2.4532363414764404;0;0;0;1,-0.88140217583048608;0.4639739345717796;0.08864757757195478;39.822521129345681;-0.46924855355966444;-0.88155453379888249;-0.051646873519300418;22.038620970481261;0.054184871310252763;-0.087119413664676099;0.99472318119915082;2.4215863193319214;0;0;0;1
1854,4,1850,1,1660857580282577351,1660857580686017349,1660857580262467838,1660857580710579670,4506,4516,0,0,-20.109513,24.562321,-0.98220477833760678;0.18318690072872082;0.041428647240510777;39.760429382324219;-0.18343710890649714;-0.98302878387845516;-0.0022884803848255797;22.071962356567383;0.040306333085494153;-0.0098473076448139969;0.99913884422804311;2.3906326293945312;0;0;0;1,-0.98027557636843521;0.19196575445201319;0.046999406551775667;39.831874439358032;-0.19235970493174939;-0.98131647355973317;-0.0039652236621017158;22.115928267405017;0.045360105264021136;-0.012927803317617215;0.99888704694462005;2.357412115861282;0;0;0;1,-0.88601689429790309;0.45619141979651007;0.082845950551267505;39.768123626708984;-0.46096810257495441;-0.88591139072062053;-0.051666393331667254;21.973966598510742;0.049824405938706927;-0.083966637990933984;0.99522215222399191;2.4532363414764404;0;0;0;1,-0.88140217583048608;0.4639739345717796;0.08864757757195478;39.822521129345681;-0.46924855355966444;-0.88155453379888249;-0.051646873519300418;22.038620970481261;0.054184871310252763;-0.087119413664676099;0.99472318119915082;2.4215863193319214;0;0;0;1
1854,8,1846,1,1660857579879183367,1660857580686017349,1660857579895839806,1660857580710579670,4497,4516,1,0,16.656439,24.562321,-0.99539732590463026;0.092373307644934705;0.025521277723608526;39.76800537109375;-0.092394310619507786;-0.99572243297485685;0.00035754129508363739;22.110403060913086;0.025445136019625027;-0.0020021252123750793;0.99967421520592248;2.3630807399749756;0;0;0;1,-0.99437344081018675;0.10131899838204632;0.03091798118538483;39.843689455969923;-0.10142342878745543;-0.99484167614321328;-0.0018242283472888689;22.147422070674654;0.030573667751297325;-0.0049497713159964395;0.99952026012433104;2.330792782119306;0;0;0;1,-0.88601689429790309;0.45619141979651007;0.082845950551267505;39.768123626708984;-0.46096810257495441;-0.88591139072062053;-0.051666393331667254;21.973966598510742;0.049824405938706927;-0.083966637990933984;0.99522215222399191;2.4532363414764404;0;0;0;1,-0.88140217583048608;0.4639739345717796;0.08864757757195478;39.822521129345681;-0.46924855355966444;-0.88155453379888249;-0.051646873519300418;22.038620970481261;0.054184871310252763;-0.087119413664676099;0.99472318119915082;2.4215863193319214;0;0;0;1
2102,1,2101,1,1660857605597009257,1660857605697869375,1660857605586441785,1660857605707587193,5113,5116,1,1,-10.567472,9.717818,-0.63908881845470467;0.76574931913527211;0.072065680944794305;32.067134857177734;-0.76749993224946633;-0.64102882419947982;0.0050892575585222768;5.9678988456726074;0.050093274231518825;-0.052057917642753616;0.99738690440945033;3.4448745250701904;0;0;0;1,-0.63173387963302308;0.77130989448648024;0.077416744427127218;32.092983078275452;-0.77324915625772295;-0.6340597367777947;0.0073480158189550386;6.0479260700652127;0.054754438413605042;-0.055220441189728596;0.99697174188363136;3.4121864105350954;0;0;0;1,-0.67631531044170834;0.7364845962778297;0.013712778989609519;31.972101211547852;-0.73593980118151148;-0.67637608026801077;0.030133155795549198;5.9712705612182617;0.031467600783235614;0.010287734773195984;0.99945182605975735;3.4083869457244873;0;0;0;1,-0.6695244204786619;0.74254239348016426;0.01917927547650046;32.003554057510925;-0.74188254261397124;-0.66975944528803411;0.032133769483360108;6.0490801754562318;0.03670618752747077;0.0072855742994935649;0.99929954268959809;3.3752601827869162;0;0;0;1
2102,2,2100,1,1660857605496149376,1660857605697869375,1660857605503945449,1660857605707587193,5111,5116,1,1,7.796073,9.717818,-0.63737197180981608;0.76835937210716876;0.058145032860467218;32.126678466796875;-0.76964577087515884;-0.63847099339656643;0.00042185919989328607;5.9839587211608887;0.037448056361446137;-0.044482197408393626;0.99830805725911631;3.4490816593170166;0;0;0;1,-0.63006512876637166;0.77394211173441962;0.063494421172468604;32.152734523222712;-0.77539570224643328;-0.63146989090780148;0.0026986322097912662;6.0642220452106361;0.042183400832998041;-0.047532986668381148;0.9979785446755971;3.4171460875234918;0;0;0;1,-0.67631531044170834;0.7364845962778297;0.013712778989609519;31.972101211547852;-0.73593980118151148;-0.67637608026801077;0.030133155795549198;5.9712705612182617;0.031467600783235614;0.010287734773195984;0.99945182605975735;3.4083869457244873;0;0;0;1,-0.6695244204786619;0.74254239348016426;0.01917927547650046;32.003554057510925;-0.74188254261397124;-0.66975944528803411;0.032133769483360108;6.0490801754562318;0.03670618752747077;0.0072855742994935649;0.99929954268959809;3.3752601827869162;0;0;0;1
2102,4,2098,1,1660857605294429377,1660857605697869375,1660857605300217809,1660857605707587193,5106,5116,1,1,5.788432,9.717818,-0.63138823092745344;0.77301328407876124;0.061638985099280952;32.219272613525391;-0.7742127424276789;-0.63289140633376118;0.0065648496926151018;6.1295680999755859;0.044085499984841514;-0.043576718860448248;0.99807692001390558;3.4425284862518311;0;0;0;1,-0.62402148724019912;0.77853210061841815;0.066969784903808269;32.244607808039561;-0.77988015656092768;-0.62586586969431579;0.0088800534787569028;6.2098422211172331;0.048827509873982176;-0.046687061581459306;0.99771548666381094;3.4100447456478604;0;0;0;1,-0.67631531044170834;0.7364845962778297;0.013712778989609519;31.972101211547852;-0.73593980118151148;-0.67637608026801077;0.030133155795549198;5.9712705612182617;0.031467600783235614;0.010287734773195984;0.99945182605975735;3.4083869457244873;0;0;0;1,-0.6695244204786619;0.74254239348016426;0.01917927547650046;32.003554057510925;-0.74188254261397124;-0.66975944528803411;0.032133769483360108;6.0490801754562318;0.03670618752747077;0.0072855742994935649;0.99929954268959809;3.3752601827869162;0;0;0;1
2102,8,2094,1,1660857604891046360,1660857605697869375,1660857604884512530,1660857605707587193,5096,5116,1,1,-6.53383,9.717818,-0.63674001646593226;0.76802849048423394;0.068515613078139942;32.023975372314453;-0.76968545074607386;-0.63841440114406156;0.0033703592809246896;6.3615708351135254;0.046329886043217063;-0.05058942791115964;0.99764435118074224;3.4256465435028076;0;0;0;1,-0.62938280447571493;0.77357733091884417;0.073860671832836733;32.04967643392088;-0.77541968231539027;-0.63142095586845803;0.0056474387852278492;6.4417461942553853;0.051005907144603707;-0.053718617250445223;0.99725257952046531;3.3932063334458884;0;0;0;1,-0.67631531044170834;0.7364845962778297;0.013712778989609519;31.972101211547852;-0.73593980118151148;-0.67637608026801077;0.030133155795549198;5.9712705612182617;0.031467600783235614;0.010287734773195984;0.99945182605975735;3.4083869457244873;0;0;0;1,-0.6695244204786619;0.74254239348016426;0.01917927547650046;32.003554057510925;-0.74188254261397124;-0.66975944528803411;0.032133769483360108;6.0490801754562318;0.03670618752747077;0.0072855742994935649;0.99929954268959809;3.3752601827869162;0;0;0;1
2226,1,2225,1,1660857618102912263,1660857618203772381,1660857618115858948,1660857618197324044,5414,5416,1,1,12.946685,-6.448337,-0.88587952496651035;-0.060175593583288695;0.45999604909391228;29.29350471496582;0.065669896014419776;-0.99783312524062939;-0.0040643486531053014;4.545875072479248;0.4592438698584505;0.026607369456929954;0.88791165995723764;3.6805992126464844;0;0;0;1,-0.88400851125368451;-0.053396337440393418;0.46441122227539283;29.351841552983625;0.056590247468858067;-0.99837245844672962;-0.0070695371072538558;4.5705127400899119;0.46403286174356084;0.020031615602462784;0.88559146226599195;3.6163279229865481;0;0;0;1,-0.85282727368647815;-0.042035158751936322;0.52049849825449823;29.249029159545898;0.045382317093776298;-0.99894972197553678;-0.006316506961709426;4.538933277130127;0.52021734549290866;0.018234538483243704;0.85383922084583019;3.7447288036346436;0;0;0;1,-0.85048186499057221;-0.035720646952482851;0.524790084510111;29.302359904971464;0.036282041963409901;-0.99929906004693092;-0.009219667988173634;4.5652869765540602;0.52475157132550232;0.011199296016976959;0.85118174598067542;3.6768884459646909;0;0;0;1
2226,2,2224,1,1660857618002052382,1660857618203772381,1660857617993637884,1660857618197324044,5411,5416,1,1,-8.414498,-6.448337,-0.90827453050965623;-0.062605371150508751;0.41366404814845903;29.324552536010742;0.069203026510168977;-0.99760212792994718;0.00096719774312072418;4.519679069519043;0.4126115829073348;0.029505285166364602;0.91042908554041435;3.6497855186462402;0;0;0;1,-0.90666294628722743;-0.055497154042905554;0.41818939249817966;29.386149307406018;0.060151193161130878;-0.99818716087518766;-0.0020557400824550566;4.5438760739340065;0.41754537076408499;0.023290728149417537;0.90835753186912571;3.5884557319127066;0;0;0;1,-0.85282727368647815;-0.042035158751936322;0.52049849825449823;29.249029159545898;0.045382317093776298;-0.99894972197553678;-0.006316506961709426;4.538933277130127;0.52021734549290866;0.018234538483243704;0.85383922084583019;3.7447288036346436;0;0;0;1,-0.85048186499057221;-0.035720646952482851;0.524790084510111;29.302359904971464;0.036282041963409901;-0.99929906004693092;-0.009219667988173634;4.5652869765540602;0.52475157132550232;0.011199296016976959;0.85118174598067542;3.6768884459646909;0;0;0;1
2226,4,2222,1,1660857617800388411,1660857618203772381,1660857617789953204,1660857618197324044,5406,5416,1,1,-10.435207,-6.448337,-0.96543790647359273;-0.01902713278592575;0.25993771746676764;29.366952896118164;0.027266389692796947;-0.99923239052861978;0.028127810287692172;4.4991827011108398;0.25920299523154999;0.034243217378140955;0.96521562840983188;3.5479106903076172;0;0;0;1,-0.96421940057653255;-0.010985075897178653;0.26487785143752862;29.436462679822178;0.018341915667251289;-0.99951119131154953;0.025317045608507671;4.5259416610372396;0.26447026777493965;0.029269554338255902;0.96394956859171232;3.4969857647520612;0;0;0;1,-0.85282727368647815;-0.042035158751936322;0.52049849825449823;29.249029159545898;0.045382317093776298;-0.99894972197553678;-0.006316506961709426;4.538933277130127;0.52021734549290866;0.018234538483243704;0.85383922084583019;3.7447288036346436;0;0;0;1,-0.85048186499057221;-0.035720646952482851;0.524790084510111;29.302359904971464;0.036282041963409901;-0.99929906004693092;-0.009219667988173634;4.5652869765540602;0.52475157132550232;0.011199296016976959;0.85118174598067542;3.6768884459646909;0;0;0;1
2226,8,2218,1,1660857617396948412,1660857618203772381,1660857617381334327,1660857618197324044,5396,5416,1,1,-15.614085,-6.448337,-0.99400451216896302;0.084449249658115053;0.069450370912782972;29.470630645751953;-0.080233205730591436;-0.99488264866014886;0.061409674263583916;4.4965920448303223;0.0742809698774482;0.055469267411317455;0.99569347586841062;3.5564258098602295;0;0;0;1,-0.99282638775278687;0.093263272663532154;0.074817955703952416;29.545107583193815;-0.088940960987269432;-0.99427806361368165;0.059166188837971978;4.5307663998889618;0.07990788506696031;0.05208737322398814;0.99544042281360245;3.5186594325469689;0;0;0;1,-0.85282727368647815;-0.042035158751936322;0.52049849825449823;29.249029159545898;0.045382317093776298;-0.99894972197553678;-0.006316506961709426;4.538933277130127;0.52021734549290866;0.018234538483243704;0.85383922084583019;3.7447288036346436;0;0;0;1,-0.85048186499057221;-0.035720646952482851;0.524790084510111;29.302359904971464;0.036282041963409901;-0.99929906004693092;-0.009219667988173634;4.5652869765540602;0.52475157132550232;0.011199296016976959;0.85118174598067542;3.6768884459646909;0;0;0;1
2350,1,2349,1,1660857630608870342,1660857630709730461,1660857630619491380,1660857630700999196,5714,5716,1,1,10.621038,-8.731265,0.83211650586980923;-0.11685218300446759;-0.54215098264792483;28.745418548583984;0.0212557082542758;0.98355288737444047;-0.17936530490596692;5.8371109962463379;0.55419339180978067;0.13772902767569289;0.82091436789099959;7.5991148948669434;0;0;0;1,0.82821884744213292;-0.12291307443207164;-0.54675946903299233;28.699128304018135;0.029256415076318768;0.98380380941733969;-0.17684492305361729;5.8115455202587381;0.55964060232792978;0.13047007691515536;0.81840085287197362;7.5260079888640101;0;0;0;1,0.84462246836737398;-0.096327021855985476;-0.52662509510026301;28.859268188476562;0.013825612560145265;0.98727623155744593;-0.15841242072219386;5.8207759857177734;0.53518383604733544;0.1265177752811244;0.83520746774174248;7.7570476531982422;0;0;0;1,0.84099034568003594;-0.10254434729064356;-0.5312437250757811;28.810900058645863;0.021968414884355431;0.9875373590203157;-0.15584400331228321;5.795055249214804;0.54060394752156893;0.11939272020762395;0.83276212147759343;7.6853540848661677;0;0;0;1
2350,2,2348,1,1660857630508010462,1660857630709730461,1660857630497279476,1660857630700999196,5711,5716,1,1,-10.730986,-8.731265,0.84693154362791456;-0.12102584544576761;-0.51774482628238361;28.67839241027832;0.008370449588417421;0.97666429290885914;-0.21460846798420266;5.8152995109558105;0.53163605594591323;0.17742492409742197;0.82818083793776487;7.6732020378112793;0;0;0;1,0.84312088946325303;-0.12728712518253177;-0.52244153132438709;28.630307311691286;0.016127851225450514;0.97712806840288147;-0.21203921892825917;5.7920337454419384;0.53748214763004365;0.17034883610603463;0.82588995377857499;7.6004866511404439;0;0;0;1,0.84462246836737398;-0.096327021855985476;-0.52662509510026301;28.859268188476562;0.013825612560145265;0.98727623155744593;-0.15841242072219386;5.8207759857177734;0.53518383604733544;0.1265177752811244;0.83520746774174248;7.7570476531982422;0;0;0;1,0.84099034568003594;-0.10254434729064356;-0.5312437250757811;28.810900058645863;0.021968414884355431;0.9875373590203157;-0.15584400331228321;5.795055249214804;0.54060394752156893;0.11939272020762395;0.83276212147759343;7.6853540848661677;0;0;0;1
2350,4,2346,1,1660857630306290463,1660857630709730461,1660857630293585708,1660857630700999196,5707,5716,1,1,-12.704755,-8.731265,0.85026298341981699;-0.1078179097260826;-0.51519720240732114;28.547519683837891;0.0036091430621142465;0.97996719600028448;-0.19912626358593935;5.7768020629882812;0.5263457353416946;0.16745027054513259;0.83361896198561403;7.7279543876647949;0;0;0;1,0.84658512703169886;-0.11411689088905383;-0.51987590638812753;28.49869854070278;0.011476506791076787;0.98043188376919577;-0.1965238181722056;5.7533471323608545;0.53212960201069204;0.16040778273905984;0.83132871393738927;7.655792332386385;0;0;0;1,0.84462246836737398;-0.096327021855985476;-0.52662509510026301;28.859268188476562;0.013825612560145265;0.98727623155744593;-0.15841242072219386;5.8207759857177734;0.53518383604733544;0.1265177752811244;0.83520746774174248;7.7570476531982422;0;0;0;1,0.84099034568003594;-0.10254434729064356;-0.5312437250757811;28.810900058645863;0.021968414884355431;0.9875373590203157;-0.15584400331228321;5.795055249214804;0.54060394752156893;0.11939272020762395;0.83276212147759343;7.6853540848661677;0;0;0;1
2350,8,2342,1,1660857629902907446,1660857630709730461,1660857629886224356,1660857630700999196,5697,5716,1,1,-16.68309,-8.731265,0.82878039109196322;-0.050277856748555047;-0.55731068575994858;28.319240570068359;0.00013073489052073742;0.99597265814520797;-0.089657387512446868;5.8183345794677734;0.55957398639486522;0.074233424735360543;0.82544918220458541;7.340980052947998;0;0;0;1,0.82540899456223527;-0.056270293769937446;-0.56172381629790002;28.271691403511646;0.0087072732804029697;0.99617060368257571;-0.08699604538910162;5.7913589314602198;0.56446804687532204;0.066916236134420465;0.82273813699076415;7.2691998942403515;0;0;0;1,0.84462246836737398;-0.096327021855985476;-0.52662509510026301;28.859268188476562;0.013825612560145265;0.98727623155744593;-0.15841242072219386;5.8207759857177734;0.53518383604733544;0.1265177752811244;0.83520746774174248;7.7570476531982422;0;0;0;1,0.84099034568003594;-0.10254434729064356;-0.5312437250757811;28.810900058645863;0.021968414884355431;0.9875373590203157;-0.15584400331228321;5.795055249214804;0.54060394752156893;0.11939272020762395;0.83276212147759343;7.6853540848661677;0;0;0;1
2598,1,2597,1,1660857655620109349,1660857655721591309,1660857655635035748,1660857655724853020,6314,6316,1,1,14.926399,3.261711,-0.99589584131001851;-0.082377858399053441;0.037488154222312747;13.648080825805664;0.082114029973191796;-0.99658646743225887;-0.0085263715877834413;1.8205858469009399;0.03806257141828652;-0.0054130745862868025;0.9992606963553361;7.5751519203186035;0;0;0;1,-0.99639613563374363;-0.073452358223924707;0.042420429013387606;13.728650022174456;0.073021821072238591;-0.99726272695040241;-0.01161323946218689;1.844013117480588;0.043157333060525695;-0.0084737693767915016;0.9990323516484173;7.5419741024362361;0;0;0;1,-0.99617393328710402;-0.075455080944377015;0.044091103399413537;13.509243965148926;0.074829369878379612;-0.99707313303402434;-0.015675866333935352;1.8216719627380371;0.045144878368480704;-0.01231657993893868;0.9989045208705899;7.558863639831543;0;0;0;1,-0.99657738597489287;-0.066545318012354249;0.049043197660368326;13.589428674319464;0.065696322929906834;-0.99766393242840901;-0.018726220725501976;1.8459102975658335;0.050174772270529092;-0.015440169778125869;0.9986210959063696;7.5253387900962752;0;0;0;1
2598,2,2596,1,1660857655519871310,1660857655721591309,1660857655512826972,1660857655724853020,6311,6316,1,1,-7.044338,3.261711,-0.99561656502423046;-0.084002154428316281;0.041125338913542718;13.794985771179199;0.083540958376852562;-0.99642199972131607;-0.012810415483142811;1.8073899745941162;0.042054294939154947;-0.0093186116334496357;0.99907186916377333;7.5359649658203125;0;0;0;1,-0.99611288408326937;-0.075088998174109148;0.046051768096583234;13.875470829810013;0.07442810249783692;-0.99709955153789276;-0.015904154600233866;1.8308287380268951;0.047112424872250834;-0.012414787022000355;0.99881244099694888;7.5025916274242617;0;0;0;1,-0.99617393328710402;-0.075455080944377015;0.044091103399413537;13.509243965148926;0.074829369878379612;-0.99707313303402434;-0.015675866333935352;1.8216719627380371;0.045144878368480704;-0.01231657993893868;0.9989045208705899;7.558863639831543;0;0;0;1,-0.99657738597489287;-0.066545318012354249;0.049043197660368326;13.589428674319464;0.065696322929906834;-0.99766393242840901;-0.018726220725501976;1.8459102975658335;0.050174772270529092;-0.015440169778125869;0.9986210959063696;7.5253387900962752;0;0;0;1
2598,4,2594,1,1660857655318151311,1660857655721591309,1660857655317468794,1660857655724853020,6307,6316,1,1,-0.682517,3.261711,-0.99547446942696438;-0.089102132021797523;0.033036204204990392;14.086837768554688;0.088694580264344666;-0.99596593423273672;-0.013606222092987518;1.8046194314956665;0.034115277381773994;-0.01061451445343339;0.99936153614799617;7.557793140411377;0;0;0;1,-0.99605873466539485;-0.080168048286487062;0.037948411953639467;14.167708888369617;0.079581484327388041;-0.99668803983754273;-0.016725395312502982;1.8276586277641393;0.039163571140574317;-0.01363948457207822;0.99913971943391899;7.5250814081897035;0;0;0;1,-0.99617393328710402;-0.075455080944377015;0.044091103399413537;13.509243965148926;0.074829369878379612;-0.99707313303402434;-0.015675866333935352;1.8216719627380371;0.045144878368480704;-0.01231657993893868;0.9989045208705899;7.558863639831543;0;0;0;1,-0.99657738597489287;-0.066545318012354249;0.049043197660368326;13.589428674319464;0.065696322929906834;-0.99766393242840901;-0.018726220725501976;1.8459102975658335;0.050174772270529092;-0.015440169778125869;0.9986210959063696;7.5253387900962752;0;0;0;1
2598,8,2590,1,1660857654914767340,1660857655721591309,1660857654910092082,1660857655724853020,6297,6316,1,1,-4.675258,3.261711,-0.99594372930645314;-0.083610072581436878;0.033248215261598477;14.602655410766602;0.083253838554386062;-0.99645659297657174;-0.011960630396577786;1.7717300653457642;0.034130432477701672;-0.0091440732964132073;0.99937555478530449;7.5024814605712891;0;0;0;1,-0.9964770378123593;-0.074672558931455663;0.038177518159352455;14.683393752455823;0.074145060570460899;-0.9971338514536735;-0.015052990713626145;1.7951669319136927;0.039192141574167436;-0.012169284631893606;0.99915758734366866;7.4697242708793707;0;0;0;1,-0.99617393328710402;-0.075455080944377015;0.044091103399413537;13.509243965148926;0.074829369878379612;-0.99707313303402434;-0.015675866333935352;1.8216719627380371;0.045144878368480704;-0.01231657993893868;0.9989045208705899;7.558863639831543;0;0;0;1,-0.99657738597489287;-0.066545318012354249;0.049043197660368326;13.589428674319464;0.065696322929906834;-0.99766393242840901;-0.018726220725501976;1.8459102975658335;0.050174772270529092;-0.015440169778125869;0.9986210959063696;7.5253387900962752;0;0;0;1
2722,1,2721,1,1660857668126632288,1660857668227492407,1660857668117357001,1660857668239612001,6614,6617,1,1,-9.275287,12.119594,-0.98343411846852602;-0.17797972020927372;0.034359188381881609;12.268603324890137;0.17796226070582355;-0.98403076337365514;-0.0035903340699578526;4.773465633392334;0.034449505025551108;0.0025837818193604027;0.99940309969251351;7.5862054824829102;0;0;0;1,-0.98481877307089738;-0.1691543520049458;0.038971659693729288;12.35112515315314;0.16900419411993148;-0.98558947209496761;-0.0071396838959415457;4.7887415830703715;0.039617766626419575;-0.00044492022819520813;0.99921480894912418;7.5530725195709403;0;0;0;1,-0.9837594137552913;-0.17726599423201933;0.028181255060392686;12.280145645141602;0.1772182116564337;-0.98416260369920339;-0.0042041571450181598;4.775111198425293;0.028480191451966709;0.00085835245571842973;0.99959398854030768;7.589015007019043;0;0;0;1,-0.98516938861944681;-0.16842091846908841;0.032797420801930412;12.362859480242703;0.16825582810524312;-0.98571289635840686;-0.0077499988859633237;4.7904689061378463;0.033634103098857268;-0.0021167039019926448;0.99943197190937472;7.5564027040270112;0;0;0;1
2722,2,2720,1,1660857668025772408,1660857668227492407,1660857668035894417,1660857668239612001,6612,6617,1,1,10.122009,12.119594,-0.9834487438576397;-0.17623118791406353;0.042084873900592026;12.277345657348633;0.17615560349606105;-0.98434681690332526;-0.0055269710719335671;4.7764673233032227;0.042400136341399108;0.0019779936019838368;0.99909875186567099;7.5795459747314453;0;0;0;1,-0.98477774461703171;-0.16742676434702405;0.046701960682424021;12.359582194263586;0.16718479391203031;-0.98588387764224317;-0.0090677843207672814;4.791955205771508;0.047560900401957748;-0.0011218939523901352;0.99886770992188079;7.5458076063262514;0;0;0;1,-0.9837594137552913;-0.17726599423201933;0.028181255060392686;12.280145645141602;0.1772182116564337;-0.98416260369920339;-0.0042041571450181598;4.775111198425293;0.028480191451966709;0.00085835245571842973;0.99959398854030768;7.589015007019043;0;0;0;1,-0.98516938861944681;-0.16842091846908841;0.032797420801930412;12.362859480242703;0.16825582810524312;-0.98571289635840686;-0.0077499988859633237;4.7904689061378463;0.033634103098857268;-0.0021167039019926448;0.99943197190937472;7.5564027040270112;0;0;0;1
2722,4,2718,1,1660857667824109390,1660857668227492407,1660857667832190937,1660857668239612001,6607,6617,1,1,8.081547,12.119594,-0.98288910356287229;-0.17980914596547926;0.039971003546804405;12.266963005065918;0.17976531930074541;-0.98369821359201748;-0.0047174731133352585;4.7751622200012207;0.040167649596095596;0.0025486472959144755;0.9991897038715355;7.5717291831970215;0;0;0;1,-0.98426148999937946;-0.17100388750866027;0.044575672833780194;12.349325766818605;0.17080436788712364;-0.98527021088338052;-0.0082752448868355141;4.7903189640324735;0.045334182140438717;-0.00053128467367359958;0.99897173607771916;7.5381487037989912;0;0;0;1,-0.9837594137552913;-0.17726599423201933;0.028181255060392686;12.280145645141602;0.1772182116564337;-0.98416260369920339;-0.0042041571450181598;4.775111198425293;0.028480191451966709;0.00085835245571842973;0.99959398854030768;7.589015007019043;0;0;0;1,-0.98516938861944681;-0.16842091846908841;0.032797420801930412;12.362859480242703;0.16825582810524312;-0.98571289635840686;-0.0077499988859633237;4.7904689061378463;0.033634103098857268;-0.0021167039019926448;0.99943197190937472;7.5564027040270112;0;0;0;1
2722,8,2714,1,1660857667420669392,1660857668227492407,1660857667424815777,1660857668239612001,6597,6617,1,1,4.146385,12.119594,-0.98358930149967339;-0.17739223077289112;0.032925407162282032;12.271395683288574;0.17703942107394166;-0.9841130603326359;-0.013361432128990155;4.7559270858764648;0.034772537456853596;-0.0073130666721544987;0.99936849544833095;7.5898189544677734;0;0;0;1,-0.98497599993515783;-0.16856158564700796;0.037540275065606352;12.353955841015182;0.16803033905156184;-0.98563684513296035;-0.01690606117437966;4.771575309096427;0.039850791277136033;-0.010344158794763402;0.99915209683622241;7.5569563088655638;0;0;0;1,-0.9837594137552913;-0.17726599423201933;0.028181255060392686;12.280145645141602;0.1772182116564337;-0.98416260369920339;-0.0042041571450181598;4.775111198425293;0.028480191451966709;0.00085835245571842973;0.99959398854030768;7.589015007019043;0;0;0;1,-0.98516938861944681;-0.16842091846908841;0.032797420801930412;12.362859480242703;0.16825582810524312;-0.98571289635840686;-0.0077499988859633237;4.7904689061378463;0.033634103098857268;-0.0021167039019926448;0.99943197190937472;7.5564027040270112;0;0;0;1
2846,1,2845,1,1660857680632589415,1660857680733449296,1660857680628774518,1660857680740961902,6914,6917,1,1,-3.814897,7.512606,0.85073850621430713;0.52502385361231885;0.024371031621981669;10.306073188781738;-0.52541320603608699;0.85073871238109788;0.013586985649218841;5.2649636268615723;-0.013599888496955556;-0.024363833734083913;0.99961064752164797;7.6300244331359863;0;0;0;1,0.85558218973173827;0.51722566567886352;0.021371201941408985;10.221985933240269;-0.51759434448388686;0.85542443083058939;0.018577888883989334;5.2810065292596766;-0.0086724868175056882;-0.026956523549571197;0.99959898636445532;7.6015120016733908;0;0;0;1,0.82467837408795353;0.5651587786562281;0.022386027326209517;10.297763824462891;-0.56548246002220182;0.82467164609788157;0.012093945983381666;5.2654604911804199;-0.011626122263594985;-0.022632521512431922;0.99967624871810423;7.6417064666748047;0;0;0;1,0.82987747064875184;0.5576003184358852;0.019628282278356491;10.214614369107998;-0.55790565961602967;0.82972565246669161;0.017222568983494967;5.2855142229586631;-0.0066827788750895489;-0.025243351195548932;0.99965899856954354;7.6129833762123962;0;0;0;1
2846,2,2844,1,1660857680531729296,1660857680733449296,1660857680547266870,1660857680740961902,6912,6917,1,1,15.537574,7.512606,0.88339828744087756;0.46802156923122723;0.023733446459888258;10.298258781433105;-0.46827672317776986;0.88355923738892528;0.0063233341356546905;5.2673764228820801;-0.018010449089767261;-0.016699843084305312;0.99969832397806124;7.6367206573486328;0;0;0;1,0.88771962489941902;0.45993173794046427;0.020412371671773562;10.213290819890725;-0.4602005381236427;0.88774552259731987;0.011106397058943661;5.2781146538648809;-0.013012806561428969;-0.019253150498952827;0.99972995493570938;7.6083281245899457;0;0;0;1,0.82467837408795353;0.5651587786562281;0.022386027326209517;10.297763824462891;-0.56548246002220182;0.82467164609788157;0.012093945983381666;5.2654604911804199;-0.011626122263594985;-0.022632521512431922;0.99967624871810423;7.6417064666748047;0;0;0;1,0.82987747064875184;0.5576003184358852;0.019628282278356491;10.214614369107998;-0.55790565961602967;0.82972565246669161;0.017222568983494967;5.2855142229586631;-0.0066827788750895489;-0.025243351195548932;0.99965899856954354;7.6129833762123962;0;0;0;1
2846,4,2842,1,1660857680330009297,1660857680733449296,1660857680343595870,1660857680740961902,6907,6917,1,1,13.586573,7.512606,0.95304570860797233;0.30200054984173968;0.022350507806650134;10.319507598876953;-0.30214844941986202;0.95325451373429193;0.0034851912963219356;5.2809710502624512;-0.020253192763149894;-0.010074717886163332;0.9997441213842736;7.6429042816162109;0;0;0;1,0.9558495241103685;0.2932908379388553;0.018225602145390839;10.233987434583534;-0.29346345248415445;0.95594012355742664;0.0075948956375149722;5.276498016008893;-0.015195070566580381;-0.012608124951631031;0.99980505337558001;7.6144913712838669;0;0;0;1,0.82467837408795353;0.5651587786562281;0.022386027326209517;10.297763824462891;-0.56548246002220182;0.82467164609788157;0.012093945983381666;5.2654604911804199;-0.011626122263594985;-0.022632521512431922;0.99967624871810423;7.6417064666748047;0;0;0;1,0.82987747064875184;0.5576003184358852;0.019628282278356491;10.214614369107998;-0.55790565961602967;0.82972565246669161;0.017222568983494967;5.2855142229586631;-0.0066827788750895489;-0.025243351195548932;0.99965899856954354;7.6129833762123962;0;0;0;1
2846,8,2838,1,1660857679926627472,1660857680733449296,1660857679936210934,1660857680740961902,6897,6917,1,1,9.583462,7.512606,0.99929549533745865;0.031135756638507796;0.020954179936491665;10.322857856750488;-0.031274964111817259;0.99949065525041669;0.0063487547517106649;5.3358898162841797;-0.020745833752052356;-0.0069996232498930914;0.9997602790950898;7.6547980308532715;0;0;0;1,0.99963155659944469;0.022022895274604239;0.015866443015225783;10.241772674969113;-0.0221703820118563;0.99971205619659653;0.0091803659583537048;5.3083963862366765;-0.015659695638176707;-0.0095287480582072273;0.99983197420144965;7.6263321809719704;0;0;0;1,0.82467837408795353;0.5651587786562281;0.022386027326209517;10.297763824462891;-0.56548246002220182;0.82467164609788157;0.012093945983381666;5.2654604911804199;-0.011626122263594985;-0.022632521512431922;0.99967624871810423;7.6417064666748047;0;0;0;1,0.82987747064875184;0.5576003184358852;0.019628282278356491;10.214614369107998;-0.55790565961602967;0.82972565246669161;0.017222568983494967;5.2855142229586631;-0.0066827788750895489;-0.025243351195548932;0.99965899856954354;7.6129833762123962;0;0;0;1
3094,1,3093,1,1660857705644448355,1660857705745308474,1660857705641530742,1660857705753744574,7514,7517,1,1,-2.917613,8.4361,-0.99374369294904441;0.10946807703877814;0.022140750516357905;10.001734733581543;-0.10923943193407945;-0.99395135920026689;0.011289023636327772;4.9264249801635742;0.023242616778562066;0.0087997530291522973;0.99969112485402756;4.4675860404968262;0;0;0;1,-0.99258217505293489;0.11840720797153789;0.027574619582147797;10.076880259967139;-0.11819526639976698;-0.99294776219316139;0.0091989596529770748;4.9644001177895678;0.028469380452230172;0.0058715344363842632;0.99957742034564567;4.435150892951623;0;0;0;1,-0.98716349848044072;0.15542234183955589;0.036771224142867973;10.001526832580566;-0.15520759670379336;-0.98784407826241938;0.0086416993296218637;4.9087333679199219;0.037667349167275391;0.002823596815974559;0.99928634440170927;4.4333271980285645;0;0;0;1,-0.98550996921909928;0.16426002751301952;0.042293553559332883;10.074335282713436;-0.16411913949072945;-0.98641704612555314;0.0068058427531268008;4.9502648181342277;0.042837010610605179;-0.0002339551672518876;0.99908204648086663;4.3999345604851401;0;0;0;1
3094,2,3092,1,1660857705543588474,1660857705745308474,1660857705560065774,1660857705753744574,7512,7517,1,1,16.4773,8.4361,-0.99781070845526953;0.053619562782253979;0.038713467669962601;9.983189582824707;-0.052294420705807948;-0.99803671279674411;0.034467571323107585;4.9074654579162598;0.040485598118803687;0.032367613395328787;0.99865572343428421;4.4536871910095215;0;0;0;1,-0.9970704380876988;0.062552997720138462;0.044018913593382676;10.059820613530038;-0.061171064852754746;-0.99761190667183763;0.032071556546006692;4.9403277417015836;0.045919964850220291;0.029284917678986964;0.99851577367382027;4.4192088579985986;0;0;0;1,-0.98716349848044072;0.15542234183955589;0.036771224142867973;10.001526832580566;-0.15520759670379336;-0.98784407826241938;0.0086416993296218637;4.9087333679199219;0.037667349167275391;0.002823596815974559;0.99928634440170927;4.4333271980285645;0;0;0;1,-0.98550996921909928;0.16426002751301952;0.042293553559332883;10.074335282713436;-0.16411913949072945;-0.98641704612555314;0.0068058427531268008;4.9502648181342277;0.042837010610605179;-0.0002339551672518876;0.99908204648086663;4.3999345604851401;0;0;0;1
3094,4,3090,1,1660857705341868475,1660857705745308474,1660857705346364382,1660857705753744574,7507,7517,1,1,4.495907,8.4361,-0.9995600116274419;0.016139672394469753;0.024885620955627179;9.9449043273925781;-0.01558107575254852;-0.99962588317960166;0.022479407371963259;4.9246501922607422;0.025239121096846936;0.022081771948838765;0.99943753287229409;4.4412622451782227;0;0;0;1,-0.99923097895233171;0.025128219607973037;0.030100234158216561;10.023211080315386;-0.024535876093388913;-0.99950107716388659;0.019889388628733854;4.9550019119271038;0.030585001908701077;0.019135558215623006;0.99934898203392808;4.408280044376256;0;0;0;1,-0.98716349848044072;0.15542234183955589;0.036771224142867973;10.001526832580566;-0.15520759670379336;-0.98784407826241938;0.0086416993296218637;4.9087333679199219;0.037667349167275391;0.002823596815974559;0.99928634440170927;4.4333271980285645;0;0;0;1,-0.98550996921909928;0.16426002751301952;0.042293553559332883;10.074335282713436;-0.16411913949072945;-0.98641704612555314;0.0068058427531268008;4.9502648181342277;0.042837010610605179;-0.0002339551672518876;0.99908204648086663;4.3999345604851401;0;0;0;1
3094,8,3086,1,1660857704938485459,1660857705745308474,1660857704969726870,1660857705753744574,7498,7517,0,1,31.241411,8.4361,-0.99927213977950669;0.02154983321754083;0.031476901829481041;9.7327404022216797;-0.020321103006348901;-0.99903849757961882;0.038847562683696324;4.9346604347229004;0.032283795208927504;0.038179641723758109;0.99874925357907229;4.4127259254455566;0;0;0;1,-0.99886008307121865;0.03051761444496278;0.036704365703498235;9.8106630670773676;-0.029186022773642281;-0.9989152586657537;0.036283361330540595;4.9648753582061822;0.037771833117758107;0.035170747418546748;0.99866726540801098;4.3787242091587579;0;0;0;1,-0.98716349848044072;0.15542234183955589;0.036771224142867973;10.001526832580566;-0.15520759670379336;-0.98784407826241938;0.0086416993296218637;4.9087333679199219;0.037667349167275391;0.002823596815974559;0.99928634440170927;4.4333271980285645;0;0;0;1,-0.98550996921909928;0.16426002751301952;0.042293553559332883;10.074335282713436;-0.16411913949072945;-0.98641704612555314;0.0068058427531268008;4.9502648181342277;0.042837010610605179;-0.0002339551672518876;0.99908204648086663;4.3999345604851401;0;0;0;1
3217,1,3216,1,1660857718049489335,1660857718150349453,1660857718046449606,1660857718168619094,7812,7815,1,1,-3.039729,18.269641,0.93602848273388095;-0.059213521730799683;-0.34690695921982467;8.8683900833129883;0.077419870292184029;0.99624148033762949;0.038846834345030029;5.9912319183349609;0.34330284472292155;-0.063219235197247661;0.93709470444892873;4.357701301574707;0;0;0;1,0.93365368791962922;-0.066749213917818517;-0.35190244935968995;8.8061905889638261;0.086656407143711228;0.99538982208145765;0.0411068065427522;5.954199896726819;0.3475362700359203;-0.068874122852181488;0.9351336248682115;4.3038417407885001;0;0;0;1,0.93824251085346089;-0.008469891535079363;-0.34587461856108681;8.8136701583862305;0.03866164054864419;0.99600569369654279;0.080485624021660027;5.9886374473571777;0.34381138488636576;-0.088887114147398097;0.9348223427802026;4.3408880233764648;0;0;0;1,0.93633340048473357;-0.016030721282244663;-0.35074603276927963;8.7497507582477159;0.048112577488951112;0.99539205335578618;0.082944803193362684;5.9534337275149429;0.34780014933798681;-0.094539284702087861;0.9327901049477737;4.2878219475373536;0;0;0;1
3217,2,3215,1,1660857717948685482,1660857718150349453,1660857717964975710,1660857718168619094,7810,7815,1,1,16.290228,18.269641,0.93534877072594502;-0.076811366299378486;-0.34528638998472899;8.9332637786865234;0.1014505371504961;0.99338289050680395;0.053835131282678028;5.9945549964904785;0.33886644214696066;-0.085384113601829181;0.93695201986606047;4.3021464347839355;0;0;0;1,0.93282266141499037;-0.084344517088350418;-0.35032539899304427;8.8715937187386782;0.11073701087406002;0.99227288159277416;0.055962873898091611;5.9552412358374207;0.34289823217507737;-0.090997423883125914;0.93495468945510063;4.2493048608188868;0;0;0;1,0.93824251085346089;-0.008469891535079363;-0.34587461856108681;8.8136701583862305;0.03866164054864419;0.99600569369654279;0.080485624021660027;5.9886374473571777;0.34381138488636576;-0.088887114147398097;0.9348223427802026;4.3408880233764648;0;0;0;1,0.93633340048473357;-0.016030721282244663;-0.35074603276927963;8.7497507582477159;0.048112577488951112;0.99539205335578618;0.082944803193362684;5.9534337275149429;0.34780014933798681;-0.094539284702087861;0.9327901049477737;4.2878219475373536;0;0;0;1
3217,4,3213,1,1660857717746965483,1660857718150349453,1660857717760291418,1660857718168619094,7806,7815,1,1,13.325935,18.269641,0.92697261502622819;-0.15809645093434743;-0.34018712967042058;9.0507345199584961;0.15995769586094866;0.98686143277956484;-0.022760668424293588;5.9829936027526855;0.33931593909849317;-0.033317033094617914;0.94008226702745523;4.3853969573974609;0;0;0;1,0.92373557520269589;-0.16556392928439304;-0.34540001855631208;8.9919990284482179;0.1687873533959228;0.98542978073454424;-0.020951775325676689;5.94154170409948;0.34383632340694487;-0.038945254165819197;0.93822164228963212;4.3308728146270248;0;0;0;1,0.93824251085346089;-0.008469891535079363;-0.34587461856108681;8.8136701583862305;0.03866164054864419;0.99600569369654279;0.080485624021660027;5.9886374473571777;0.34381138488636576;-0.088887114147398097;0.9348223427802026;4.3408880233764648;0;0;0;1,0.93633340048473357;-0.016030721282244663;-0.35074603276927963;8.7497507582477159;0.048112577488951112;0.99539205335578618;0.082944803193362684;5.9534337275149429;0.34780014933798681;-0.094539284702087861;0.9327901049477737;4.2878219475373536;0;0;0;1
3217,8,3209,1,1660857717343526438,1660857718150349453,1660857717351832844,1660857718168619094,7796,7815,1,1,8.306406,18.269641,0.87292409098013979;-0.36449649293323771;-0.32426198979508353;9.2909841537475586;0.35222615739784258;0.9307647364171171;-0.09804967866915637;6.0296311378479004;0.33755038946984922;-0.0286236280325326;0.94087216054414546;4.210568904876709;0;0;0;1,0.86789896352113738;-0.3715082934408474;-0.32974683835418012;9.2422183823262785;0.36014856108444304;0.92779811017012914;-0.097384192957021998;5.9768346335549216;0.34211752940064549;-0.034238208628168572;0.93903319500760174;4.1560214147246466;0;0;0;1,0.93824251085346089;-0.008469891535079363;-0.34587461856108681;8.8136701583862305;0.03866164054864419;0.99600569369654279;0.080485624021660027;5.9886374473571777;0.34381138488636576;-0.088887114147398097;0.9348223427802026;4.3408880233764648;0;0;0;1,0.93633340048473357;-0.016030721282244663;-0.35074603276927963;8.7497507582477159;0.048112577488951112;0.99539205335578618;0.082944803193362684;5.9534337275149429;0.34780014933798681;-0.094539284702087861;0.9327901049477737;4.2878219475373536;0;0;0;1
3341,1,3340,1,1660857730555446461,1660857730656306341,1660857730562902646,1660857730644315582,8112,8114,1,1,7.456185,-11.990759,-0.42419625618394169;-0.89875126782857795;0.11092202133053633;6.2314715385437012;0.79552336323173811;-0.42836391094319853;-0.42854047458077055;4.9517836570739746;0.43266628571220134;-0.0935442054751216;0.89668799859819504;2.429607629776001;0;0;0;1,-0.43175793644782368;-0.89516894824669846;0.11071422114303184;6.2886506463243901;0.78938585520733739;-0.43438809796685146;-0.43379367470849006;4.9142438537396806;0.43641156809640014;-0.09989762109430321;0.8941842141238292;2.3707662089163088;0;0;0;1,-0.43226372811110381;-0.89546004305040283;0.10629854495551791;6.2340331077575684;0.79751425684819333;-0.43464905679190113;-0.41839121352364039;4.945065975189209;0.42085517637705672;-0.09608074068241354;0.90202517247943537;2.3947980403900146;0;0;0;1,-0.43981891178441418;-0.89179220529147174;0.1061413575624339;6.2918963539269015;0.79137187025263744;-0.44071858822571647;-0.42367167624013158;4.9072472149147481;0.42460556833969687;-0.10234153034992452;0.89957563480528613;2.3368102302588283;0;0;0;1
3341,2,3339,1,1660857730454586342,1660857730656306341,1660857730440635478,1660857730644315582,8109,8114,1,1,-13.950864,-11.990759,-0.42303871318456598;-0.89931043447626113;0.1108106023323813;6.2349977493286133;0.79731986510477515;-0.42755306211931765;-0.42600400441979203;4.9481196403503418;0.43048725864588588;-0.09186469133738781;0.89790957152100603;2.4055330753326416;0;0;0;1,-0.43060610457279969;-0.89573827540816497;0.11059532099907109;6.2921047880513017;0.79120267980215164;-0.43360045763417154;-0.43126437702346598;4.9103357705482642;0.43425419172875451;-0.098201758481727366;0.89542152746755377;2.3467779451662847;0;0;0;1,-0.43226372811110381;-0.89546004305040283;0.10629854495551791;6.2340331077575684;0.79751425684819333;-0.43464905679190113;-0.41839121352364039;4.945065975189209;0.42085517637705672;-0.09608074068241354;0.90202517247943537;2.3947980403900146;0;0;0;1,-0.43981891178441418;-0.89179220529147174;0.1061413575624339;6.2918963539269015;0.79137187025263744;-0.44071858822571647;-0.42367167624013158;4.9072472149147481;0.42460556833969687;-0.10234153034992452;0.89957563480528613;2.3368102302588283;0;0;0;1
3341,4,3337,1,1660857730252866343,1660857730656306341,1660857730236942446,1660857730644315582,8105,8114,1,1,-15.923897,-11.990759,-0.39389795606084155;-0.90772464551692811;0.14450040876156361;6.2209992408752441;0.79475665244791882;-0.41532848215189011;-0.44256537969342513;4.9557256698608398;0.46174263784154684;-0.059482937339834202;0.88501724082898847;2.4996962547302246;0;0;0;1,-0.40136979659602823;-0.90450772244912936;0.1441112996652395;6.2750162095639936;0.78866525521957487;-0.42130818474517046;-0.44777955395117575;4.9182837734194189;0.46573533519088611;-0.0660696129644954;0.88245419379179946;2.4378798208771699;0;0;0;1,-0.43226372811110381;-0.89546004305040283;0.10629854495551791;6.2340331077575684;0.79751425684819333;-0.43464905679190113;-0.41839121352364039;4.945065975189209;0.42085517637705672;-0.09608074068241354;0.90202517247943537;2.3947980403900146;0;0;0;1,-0.43981891178441418;-0.89179220529147174;0.1061413575624339;6.2918963539269015;0.79137187025263744;-0.44071858822571647;-0.42367167624013158;4.9072472149147481;0.42460556833969687;-0.10234153034992452;0.89957563480528613;2.3368102302588283;0;0;0;1
3341,8,3333,1,1660857729849483327,1660857730656306341,1660857729829575806,1660857730644315582,8095,8114,1,1,-19.907521,-11.990759,-0.48806428085998682;-0.87280349978457106;-0.0027034260538315591;6.2410984039306641;0.82027794153481315;-0.45762970955373289;-0.34310224068807293;4.918541431427002;0.29822366837666336;-0.16967350912140289;0.9392941732611757;2.4584779739379883;0;0;0;1,-0.49597215752086699;-0.86833479824567905;-0.0025095208261449531;6.3060331713062423;0.81431349116082985;-0.46410911247749392;-0.34856315091382967;4.8773124109233974;0.30150482240425075;-0.17492115404275443;0.93728193831893469;2.4113118434633201;0;0;0;1,-0.43226372811110381;-0.89546004305040283;0.10629854495551791;6.2340331077575684;0.79751425684819333;-0.43464905679190113;-0.41839121352364039;4.945065975189209;0.42085517637705672;-0.09608074068241354;0.90202517247943537;2.3947980403900146;0;0;0;1,-0.43981891178441418;-0.89179220529147174;0.1061413575624339;6.2918963539269015;0.79137187025263744;-0.44071858822571647;-0.42367167624013158;4.9072472149147481;0.42460556833969687;-0.10234153034992452;0.89957563480528613;2.3368102302588283;0;0;0;1
3631,1,3630,1,1660857759803196267,1660857759904056385,1660857759812321478,1660857759893794934,8814,8816,1,1,9.125211,-10.261451,0.084114810931837813;0.98959776503421393;0.11670887721673126;11.06892204284668;-0.99640418822817256;0.082336349594078206;0.019985475147679656;2.6655342578887939;0.010168198624041482;-0.11797028852558858;0.99296506422025321;0.049703188240528107;0;0;0;1,0.093691664001396543;0.98847410775514588;0.11891514130352371;11.029193506362564;-0.99549983985628931;0.091306659181517286;0.025360670880186474;2.7417655318346275;0.014210622724319817;-0.1207560869995313;0.99258048807636901;0.022290850303277859;0;0;0;1,0.12971362148596838;0.98229568048283444;0.13516498254266873;11.099266052246094;-0.99155145398335764;0.12846142113405418;0.017982696786306013;2.5055301189422607;0.00030083963163009264;-0.13635563569205419;0.99065990638085855;0.011830772273242474;0;0;0;1,0.13931677185451874;0.98070901891426587;0.13711549068192613;11.055566684228761;-0.9902391074841006;0.1373911404257277;0.023456029364194896;2.5800612235877169;0.0041650863842397877;-0.13904493882696975;0.99027731301397248;-0.014178450801933758;0;0;0;1
3631,2,3629,1,1660857759702336386,1660857759904056385,1660857759690112510,1660857759893794934,8812,8816,1,1,-12.223876,-10.261451,0.02018052622292632;0.99539944806738567;0.093662613397820713;11.042073249816895;-0.99978365906476474;0.02056358557219129;-0.0031263421894091592;2.7901525497436523;-0.0050379984553288182;-0.093579259109906443;0.9955990863977352;0.037197962403297424;0;0;0;1,0.029694826039230585;0.99491747440341516;0.096215574680227373;11.007958589735651;-0.99955872304133975;0.02963009963416911;0.0021017205377986251;2.8691949230814346;-0.0007598380923931156;-0.096235526615998934;0.99535830017556359;0.010188830717285935;0;0;0;1,0.12971362148596838;0.98229568048283444;0.13516498254266873;11.099266052246094;-0.99155145398335764;0.12846142113405418;0.017982696786306013;2.5055301189422607;0.00030083963163009264;-0.13635563569205419;0.99065990638085855;0.011830772273242474;0;0;0;1,0.13931677185451874;0.98070901891426587;0.13711549068192613;11.055566684228761;-0.9902391074841006;0.1373911404257277;0.023456029364194896;2.5800612235877169;0.0041650863842397877;-0.13904493882696975;0.99027731301397248;-0.014178450801933758;0;0;0;1
3631,4,3627,1,1660857759500616387,1660857759904056385,1660857759517163222,1660857759893794934,8808,8816,1,1,16.546835,-10.261451,-0.054484860870529783;0.99100709744902149;0.1222142902511196;11.023210525512695;-0.99835582169776882;-0.056249234308394069;0.011030726263149562;3.0757014751434326;0.017805988264967848;-0.12141234058111751;0.99244243678740518;0.029430227354168892;0;0;0;1,-0.044859321834914978;0.99112425036155449;0.12514136790034475;10.994302426961992;-0.99875511937815287;-0.047230700602611829;0.016045974304967986;3.1564901957820117;0.021814069219296402;-0.12426576972961237;0.99200915546041613;0.0015285344749714561;0;0;0;1,0.12971362148596838;0.98229568048283444;0.13516498254266873;11.099266052246094;-0.99155145398335764;0.12846142113405418;0.017982696786306013;2.5055301189422607;0.00030083963163009264;-0.13635563569205419;0.99065990638085855;0.011830772273242474;0;0;0;1,0.13931677185451874;0.98070901891426587;0.13711549068192613;11.055566684228761;-0.9902391074841006;0.1373911404257277;0.023456029364194896;2.5800612235877169;0.0041650863842397877;-0.13904493882696975;0.99027731301397248;-0.014178450801933758;0;0;0;1
3631,8,3623,1,1660857759097177342,1660857759904056385,1660857759079056934,1660857759893794934,8797,8816,1,1,-18.120408,-10.261451,-0.31067953648041463;0.94338380382716169;0.11621197997156005;11.04169750213623;-0.95042113616853452;-0.31003398162418144;-0.02405398433459939;3.6166553497314453;0.013337523624239046;-0.11792340274454553;0.9929331203805829;0.035744622349739075;0;0;0;1,-0.301503133623373;0.94584075582364091;0.12033754745607587;11.034778244483533;-0.95330676889101029;-0.30134306108688785;-0.019964089208359549;3.7022577626904969;0.017380036171703941;-0.12073783341773164;0.99253227130556865;0.008079648485949921;0;0;0;1,0.12971362148596838;0.98229568048283444;0.13516498254266873;11.099266052246094;-0.99155145398335764;0.12846142113405418;0.017982696786306013;2.5055301189422607;0.00030083963163009264;-0.13635563569205419;0.99065990638085855;0.011830772273242474;0;0;0;1,0.13931677185451874;0.98070901891426587;0.13711549068192613;11.055566684228761;-0.9902391074841006;0.1373911404257277;0.023456029364194896;2.5800612235877169;0.0041650863842397877;-0.13904493882696975;0.99027731301397248;-0.014178450801933758;0;0;0;1
3796,1,3795,1,1660857776444129304,1660857776544989422,1660857776443196414,1660857776524675638,9213,9215,1,0,-0.93289,-20.313784,0.94922940013504753;0.31311229824242087;0.03040122709048388;-0.070767641067504883;-0.31388454822308437;0.94912776423994782;0.025159044808345552;0.57524198293685913;-0.020977042357016779;-0.03342418044212056;0.9992210905779183;0.44385221600532532;0;0;0;1,0.9521757196611621;0.30441478594271359;0.026325613603895667;-0.15655949584085341;-0.3051247466437641;0.95186098734146229;0.029318082984194159;0.57116845154593199;-0.016133466112016544;-0.035948562383609148;0.99922340437319779;0.41620869947221539;0;0;0;1,0.95609428454828826;0.29181083728867779;0.027021367378019762;-0.025433840230107307;-0.29268143582791689;0.9554744939341353;0.037497580762193186;0.58590644598007202;-0.014876026882406374;-0.043759875253353203;0.99893131752989162;0.4226953387260437;0;0;0;1,0.95882951824022833;0.28306126278778748;0.022853389252340345;-0.11103457998774162;-0.28380165259507051;0.95798177689118258;0.041563654378649985;0.57958219702647384;-0.010128069459651629;-0.046338287776475917;0.99887445908033223;0.39488316085592368;0;0;0;1
3796,2,3794,1,1660857776343269423,1660857776544989422,1660857776361732446,1660857776524675638,9211,9215,1,0,18.463023,-20.313784,0.9491707279062902;0.31327362445176687;0.030570664184743787;-0.043359529227018356;-0.31416501982765033;0.94887000058654525;0.030758125813867439;0.56868857145309448;-0.019371876587855212;-0.038798945987526284;0.99905924358254239;0.43059039115905762;0;0;0;1,0.95211938719156453;0.30457617601546128;0.026495782350933614;-0.12915666277731991;-0.30537870819267687;0.95159055787731406;0.034917831724512301;0.5644752069783312;-0.01457799615832301;-0.041337191767228408;0.99903889729775952;0.4029842424940403;0;0;0;1,0.95609428454828826;0.29181083728867779;0.027021367378019762;-0.025433840230107307;-0.29268143582791689;0.9554744939341353;0.037497580762193186;0.58590644598007202;-0.014876026882406374;-0.043759875253353203;0.99893131752989162;0.4226953387260437;0;0;0;1,0.95882951824022833;0.28306126278778748;0.022853389252340345;-0.11103457998774162;-0.28380165259507051;0.95798177689118258;0.041563654378649985;0.57958219702647384;-0.010128069459651629;-0.046338287776475917;0.99887445908033223;0.39488316085592368;0;0;0;1
3796,4,3792,1,1660857776141549423,1660857776544989422,1660857776158026222,1660857776524675638,9206,9215,1,0,16.476799,-20.313784,0.95034891800289478;0.3090649562546724;0.036273776561377154;-0.025773344561457634;-0.31038643334770483;0.94979660628666362;0.039327708807244351;0.57818812131881714;-0.022297893273089269;-0.048633933643435011;0.99856774655200431;0.40561488270759583;0;0;0;1,0.95328868997839711;0.30034151924256647;0.0321814594137124;-0.11171178760017519;-0.30154778731435555;0.9524595920471306;0.043470193472264995;0.57338651033043087;-0.017595635269814048;-0.05114389110285459;0.99853627661599775;0.37854961807268378;0;0;0;1,0.95609428454828826;0.29181083728867779;0.027021367378019762;-0.025433840230107307;-0.29268143582791689;0.9554744939341353;0.037497580762193186;0.58590644598007202;-0.014876026882406374;-0.043759875253353203;0.99893131752989162;0.4226953387260437;0;0;0;1,0.95882951824022833;0.28306126278778748;0.022853389252340345;-0.11103457998774162;-0.28380165259507051;0.95798177689118258;0.041563654378649985;0.57958219702647384;-0.010128069459651629;-0.046338287776475917;0.99887445908033223;0.39488316085592368;0;0;0;1
3796,8,3788,1,1660857775738166406,1660857776544989422,1660857775750653966,1660857776524675638,9197,9215,1,0,12.48756,-20.313784,0.94989600906775107;0.31109832763515627;0.030255619308948409;-0.0085969250649213791;-0.31234372991965215;0.94841345699630386;0.054344355440096227;0.56614929437637329;-0.01178839840853944;-0.061071639333892723;0.99806376977226885;0.41118741035461426;0;0;0;1,0.95282326606496892;0.30239526114675647;0.026171179291885713;-0.094377384302131398;-0.30344019697096536;0.95105342327944686;0.058493018203800123;0.56108917031283256;-0.0072021776545805986;-0.06367489587812461;0.99794470586527728;0.38367181537148798;0;0;0;1,0.95609428454828826;0.29181083728867779;0.027021367378019762;-0.025433840230107307;-0.29268143582791689;0.9554744939341353;0.037497580762193186;0.58590644598007202;-0.014876026882406374;-0.043759875253353203;0.99893131752989162;0.4226953387260437;0;0;0;1,0.95882951824022833;0.28306126278778748;0.022853389252340345;-0.11103457998774162;-0.28380165259507051;0.95798177689118258;0.041563654378649985;0.57958219702647384;-0.010128069459651629;-0.046338287776475917;0.99887445908033223;0.39488316085592368;0;0;0;1
3962,1,3961,1,1660857793185923412,1660857793286782339,1660857793186288414,1660857793267770222,9615,9617,1,1,0.365002,-19.012117,0.99860620014892842;0.051115179944521402;0.013148969669051751;-0.005903629120439291;-0.05138610700092297;0.99845455672506356;0.021165211131635806;-0.019554343074560165;-0.012046785106747018;-0.021811385425878415;0.99968952101859898;-0.00048174161929637194;0;0;0;1,0.99908341336164563;0.042028885311457119;0.0081183017948798456;-0.087292688917249603;-0.042213531255666986;0.99881795692369713;0.024097862497060127;-0.045865917199805831;-0.0070958988176766085;-0.024418476342878775;0.99967664070322915;-0.029196233121035635;0;0;0;1,0.99858691351881834;0.051454834785062548;0.013288194994127998;-0.0146010871976614;-0.051704198836068749;0.99847865639564914;0.019158511034516951;-0.019358580932021141;-0.012282181063651445;-0.019818493877723355;0.99972815071335186;-0.00055496656568720937;0;0;0;1,0.99906792706113556;0.042368321284852822;0.0082585318575724119;-0.096002958635540148;-0.042541721105866188;0.99885039205542892;0.022092906668696455;-0.045584691813220182;-0.007312997919934029;-0.022423646065692415;0.99972181125307991;-0.029311295333779804;0;0;0;1
3962,2,3960,1,1660857793085063294,1660857793286782339,1660857793104808414,1660857793267770222,9613,9617,1,1,19.74512,-19.012117,0.99861274550320722;0.050828108806250952;0.01375092265001057;-0.0032491032034158707;-0.051152501667385983;0.99839351455015979;0.02436825142163284;-0.018237804993987083;-0.012490239858174617;-0.025037840549051962;0.99960847357799321;0.0087643023580312729;0;0;0;1,0.99909045315987599;0.041740131563734816;0.0087194438625647699;-0.084648386587431207;-0.041963997684908903;0.99874609473316955;0.027299476702297688;-0.044663306227525221;-0.0075690262620259317;-0.027640548709177298;0.99958927047020729;-0.019816277742546729;0;0;0;1,0.99858691351881834;0.051454834785062548;0.013288194994127998;-0.0146010871976614;-0.051704198836068749;0.99847865639564914;0.019158511034516951;-0.019358580932021141;-0.012282181063651445;-0.019818493877723355;0.99972815071335186;-0.00055496656568720937;0;0;0;1,0.99906792706113556;0.042368321284852822;0.0082585318575724119;-0.096002958635540148;-0.042541721105866188;0.99885039205542892;0.022092906668696455;-0.045584691813220182;-0.007312997919934029;-0.022423646065692415;0.99972181125307991;-0.029311295333779804;0;0;0;1
3962,4,3958,1,1660857792883400277,1660857793286782339,1660857792901121190,1660857793267770222,9608,9617,1,1,17.720913,-19.012117,0.9985840033378679;0.051405983013151274;0.013689893650743235;-0.023340139538049698;-0.051678136608902456;0.99845685664995165;0.020329181127868811;-0.01994168758392334;-0.01262372664266272;-0.021007863269492322;0.99969961048632094;-0.0058158128522336483;0;0;0;1,0.99906664237127829;0.042318406224414386;0.0086601082659337036;-0.104752507956238;-0.042509829451816659;0.99882517518008107;0.02326336383038749;-0.046204732222911979;-0.0076654651795172307;-0.02360978995598819;0.99969186162375578;-0.034508647577861283;0;0;0;1,0.99858691351881834;0.051454834785062548;0.013288194994127998;-0.0146010871976614;-0.051704198836068749;0.99847865639564914;0.019158511034516951;-0.019358580932021141;-0.012282181063651445;-0.019818493877723355;0.99972815071335186;-0.00055496656568720937;0;0;0;1,0.99906792706113556;0.042368321284852822;0.0082585318575724119;-0.096002958635540148;-0.042541721105866188;0.99885039205542892;0.022092906668696455;-0.045584691813220182;-0.007312997919934029;-0.022423646065692415;0.99972181125307991;-0.029311295333779804;0;0;0;1
3962,8,3954,1,1660857792479960278,1660857793286782339,1660857792493762710,1660857793267770222,9599,9617,1,1,13.802432,-19.012117,0.99864412643637313;0.050285699593242271;0.01346317758003176;-0.019840255379676819;-0.050536685974924729;0.99854144514834597;0.019000676085985546;-0.022125393152236938;-0.012488078507325353;-0.019655297949176233;0.99972882181005662;-0.0036726542748510838;0;0;0;1,0.999115428306661;0.041198244391216318;0.008430092385734729;-0.10121714150312702;-0.041374514817626724;0.99890302829081412;0.021929201177707379;-0.048441495822591635;-0.0075173997275614322;-0.022258593647897333;0.99972398363084625;-0.032417482589782533;0;0;0;1,0.99858691351881834;0.051454834785062548;0.013288194994127998;-0.0146010871976614;-0.051704198836068749;0.99847865639564914;0.019158511034516951;-0.019358580932021141;-0.012282181063651445;-0.019818493877723355;0.99972815071335186;-0.00055496656568720937;0;0;0;1,0.99906792706113556;0.042368321284852822;0.0082585318575724119;-0.096002958635540148;-0.042541721105866188;0.99885039205542892;0.022092906668696455;-0.045584691813220182;-0.007312997919934029;-0.022423646065692415;0.99972181125307991;-0.029311295333779804;0;0;0;1
